xmlns:cpt=http://iri.columbia.edu/CPT/v10/
cpt:nfields=1
cpt:field=precip, cpt:T=2026-03/05, cpt:S=2026-01-01, cpt:nrow=181, cpt:ncol=360, cpt:row=Y, cpt:col=X, cpt:units=millimeters per day, cpt:missing=-999.00000000000000               
	0.00000000	1.00000000	2.00000000	3.00000000	4.00000000	5.00000000	6.00000000	7.00000000	8.00000000	9.00000000	10.0000000	11.0000000	12.0000000	13.0000000	14.0000000	15.0000000	16.0000000	17.0000000	18.0000000	19.0000000	20.0000000	21.0000000	22.0000000	23.0000000	24.0000000	25.0000000	26.0000000	27.0000000	28.0000000	29.0000000	30.0000000	31.0000000	32.0000000	33.0000000	34.0000000	35.0000000	36.0000000	37.0000000	38.0000000	39.0000000	40.0000000	41.0000000	42.0000000	43.0000000	44.0000000	45.0000000	46.0000000	47.0000000	48.0000000	49.0000000	50.0000000	51.0000000	52.0000000	53.0000000	54.0000000	55.0000000	56.0000000	57.0000000	58.0000000	59.0000000	60.0000000	61.0000000	62.0000000	63.0000000	64.0000000	65.0000000	66.0000000	67.0000000	68.0000000	69.0000000	70.0000000	71.0000000	72.0000000	73.0000000	74.0000000	75.0000000	76.0000000	77.0000000	78.0000000	79.0000000	80.0000000	81.0000000	82.0000000	83.0000000	84.0000000	85.0000000	86.0000000	87.0000000	88.0000000	89.0000000	90.0000000	91.0000000	92.0000000	93.0000000	94.0000000	95.0000000	96.0000000	97.0000000	98.0000000	99.0000000	100.000000	101.000000	102.000000	103.000000	104.000000	105.000000	106.000000	107.000000	108.000000	109.000000	110.000000	111.000000	112.000000	113.000000	114.000000	115.000000	116.000000	117.000000	118.000000	119.000000	120.000000	121.000000	122.000000	123.000000	124.000000	125.000000	126.000000	127.000000	128.000000	129.000000	130.000000	131.000000	132.000000	133.000000	134.000000	135.000000	136.000000	137.000000	138.000000	139.000000	140.000000	141.000000	142.000000	143.000000	144.000000	145.000000	146.000000	147.000000	148.000000	149.000000	150.000000	151.000000	152.000000	153.000000	154.000000	155.000000	156.000000	157.000000	158.000000	159.000000	160.000000	161.000000	162.000000	163.000000	164.000000	165.000000	166.000000	167.000000	168.000000	169.000000	170.000000	171.000000	172.000000	173.000000	174.000000	175.000000	176.000000	177.000000	178.000000	179.000000	180.000000	181.000000	182.000000	183.000000	184.000000	185.000000	186.000000	187.000000	188.000000	189.000000	190.000000	191.000000	192.000000	193.000000	194.000000	195.000000	196.000000	197.000000	198.000000	199.000000	200.000000	201.000000	202.000000	203.000000	204.000000	205.000000	206.000000	207.000000	208.000000	209.000000	210.000000	211.000000	212.000000	213.000000	214.000000	215.000000	216.000000	217.000000	218.000000	219.000000	220.000000	221.000000	222.000000	223.000000	224.000000	225.000000	226.000000	227.000000	228.000000	229.000000	230.000000	231.000000	232.000000	233.000000	234.000000	235.000000	236.000000	237.000000	238.000000	239.000000	240.000000	241.000000	242.000000	243.000000	244.000000	245.000000	246.000000	247.000000	248.000000	249.000000	250.000000	251.000000	252.000000	253.000000	254.000000	255.000000	256.000000	257.000000	258.000000	259.000000	260.000000	261.000000	262.000000	263.000000	264.000000	265.000000	266.000000	267.000000	268.000000	269.000000	270.000000	271.000000	272.000000	273.000000	274.000000	275.000000	276.000000	277.000000	278.000000	279.000000	280.000000	281.000000	282.000000	283.000000	284.000000	285.000000	286.000000	287.000000	288.000000	289.000000	290.000000	291.000000	292.000000	293.000000	294.000000	295.000000	296.000000	297.000000	298.000000	299.000000	300.000000	301.000000	302.000000	303.000000	304.000000	305.000000	306.000000	307.000000	308.000000	309.000000	310.000000	311.000000	312.000000	313.000000	314.000000	315.000000	316.000000	317.000000	318.000000	319.000000	320.000000	321.000000	322.000000	323.000000	324.000000	325.000000	326.000000	327.000000	328.000000	329.000000	330.000000	331.000000	332.000000	333.000000	334.000000	335.000000	336.000000	337.000000	338.000000	339.000000	340.000000	341.000000	342.000000	343.000000	344.000000	345.000000	346.000000	347.000000	348.000000	349.000000	350.000000	351.000000	352.000000	353.000000	354.000000	355.000000	356.000000	357.000000	358.000000	359.000000
90.0000000	0.919351399	0.919345438	0.919340014	0.919333756	0.919327438	0.919324279	0.919322729	0.919312000	0.919305027	0.919302523	0.919293404	0.919264793	0.919228733	0.919202149	0.919187129	0.919169843	0.919147849	0.919134021	0.919124126	0.919116437	0.919112444	0.919100761	0.919084907	0.919082224	0.919084907	0.919061303	0.919084311	0.919091702	0.919087052	0.919071913	0.919045866	0.919051647	0.919057906	0.919037282	0.919003069	0.919009686	0.919015825	0.919024467	0.919039905	0.919051528	0.919033766	0.919029891	0.919082046	0.919184864	0.919298708	0.919349432	0.919638276	0.919614255	0.919550300	0.919550657	0.919551134	0.919553757	0.919556201	0.919558823	0.919561386	0.919562936	0.919562936	0.919561923	0.919562101	0.919563890	0.919566214	0.919573545	0.919575691	0.919579506	0.919587314	0.919596612	0.919606805	0.919609606	0.919614077	0.919620514	0.919620216	0.919618964	0.919619262	0.919620275	0.919619203	0.919611216	0.919610322	0.919611394	0.919604957	0.919600725	0.919627070	0.919632792	0.919629514	0.919622242	0.919614553	0.919608593	0.919597089	0.919569790	0.919544995	0.919531345	0.919527352	0.919506192	0.919504642	0.919507742	0.919509053	0.919511318	0.919512570	0.919510067	0.919507980	0.919509768	0.919517934	0.919518769	0.919511378	0.919506729	0.919507086	0.919505835	0.919508457	0.919506967	0.919504821	0.919507563	0.919523716	0.919576108	0.919592083	0.919599235	0.919591188	0.919526160	0.919535756	0.919584274	0.919613600	0.919611633	0.919611931	0.919612110	0.919612348	0.919612527	0.919612706	0.919612944	0.919613123	0.919613063	0.919612944	0.919612765	0.919612586	0.919612348	0.919612169	0.919611990	0.919611692	0.919611454	0.919611216	0.919610977	0.919610798	0.919756293	0.920338869	0.920552850	0.920606136	0.920605898	0.920605600	0.920605361	0.920605063	0.920604765	0.920604467	0.920604229	0.920603871	0.920603633	0.920603275	0.920603037	0.920602679	0.920602381	0.920602083	0.920601726	0.920601368	0.920601010	0.920600712	0.920600295	0.920599520	0.920599222	0.920630395	0.920754611	0.920764565	0.920772433	0.920776427	0.920776188	0.920773506	0.920786321	0.920785427	0.920783341	0.920786738	0.920796692	0.920788467	0.920808852	0.920814633	0.920800090	0.920796514	0.920800984	0.920800924	0.920801342	0.920804322	0.920808554	0.920807421	0.920804679	0.920800328	0.920808792	0.920857430	0.920866907	0.920884550	0.920895278	0.920894206	0.920887768	0.920892119	0.920854270	0.920821965	0.920812309	0.920811534	0.920809925	0.920809388	0.920807600	0.920804977	0.920804501	0.920820534	0.920828462	0.920826435	0.920818865	0.920817077	0.920808554	0.920806229	0.920813739	0.920825541	0.920827448	0.920826256	0.920824945	0.920823753	0.920828462	0.920850873	0.920849919	0.920842290	0.920837045	0.920836270	0.920835435	0.920862556	0.920869768	0.920869648	0.920869112	0.920868516	0.920868039	0.920867562	0.920895338	0.921008110	0.921291411	0.921321929	0.921264410	0.921179295	0.921106458	0.921066046	0.921022356	0.920995951	0.920985639	0.920982897	0.920971930	0.920959830	0.920953751	0.920947611	0.920939326	0.920930564	0.920931339	0.920920789	0.920910537	0.920905888	0.920904756	0.920900464	0.920892239	0.920882165	0.920873940	0.920872867	0.920878172	0.920880675	0.920878589	0.920870185	0.920854270	0.920844078	0.920839548	0.920830429	0.920813382	0.920792162	0.920761824	0.920752645	0.920748413	0.920740724	0.920729280	0.920733392	0.920739651	0.920740485	0.920735896	0.920734048	0.920733273	0.920734763	0.920734406	0.920732081	0.920731246	0.920731843	0.920731783	0.920737147	0.920743465	0.920735300	0.920723736	0.920711637	0.920692921	0.920669734	0.920652270	0.920633554	0.920620143	0.920605242	0.920586348	0.920565605	0.920565546	0.920565426	0.920567393	0.920570195	0.920569956	0.920569658	0.920569420	0.920569181	0.920569062	0.920568883	0.920568764	0.920571387	0.920573235	0.920573115	0.920573056	0.920573056	0.920573056	0.920573056	0.920512080	0.920268536	0.920059860	0.920007706	0.920007706	0.920007765	0.920007765	0.920007765	0.920007825	0.920007825	0.920007885	0.920007944	0.920008004	0.920008183	0.920008242	0.920008361	0.920008481	0.920008600	0.920008779	0.920009017	0.920009196	0.920009494	0.919994593	0.919926822	0.919861615	0.919805527	0.919716656	0.919665456	0.919633210	0.919605315	0.919574142	0.919539094	0.919507861	0.919515371	0.919518530	0.919504344	0.919490457	0.919479907	0.919422746	0.919377565	0.919377565
89.0000000	0.919351399	0.919345438	0.919340014	0.919333756	0.919327438	0.919324279	0.919322729	0.919312000	0.919305027	0.919302523	0.919293404	0.919264793	0.919228733	0.919202149	0.919187129	0.919169843	0.919147849	0.919134021	0.919124126	0.919116437	0.919112444	0.919100761	0.919084907	0.919082224	0.919084907	0.919061303	0.919084311	0.919091702	0.919087052	0.919071913	0.919045866	0.919051647	0.919057906	0.919037282	0.919003069	0.919009686	0.919015825	0.919024467	0.919039905	0.919051528	0.919033766	0.919029891	0.919082046	0.919184864	0.919298708	0.919349432	0.919638276	0.919614255	0.919550300	0.919550657	0.919551134	0.919553757	0.919556201	0.919558823	0.919561386	0.919562936	0.919562936	0.919561923	0.919562101	0.919563890	0.919566214	0.919573545	0.919575691	0.919579506	0.919587314	0.919596612	0.919606805	0.919609606	0.919614077	0.919620514	0.919620216	0.919618964	0.919619262	0.919620275	0.919619203	0.919611216	0.919610322	0.919611394	0.919604957	0.919600725	0.919627070	0.919632792	0.919629514	0.919622242	0.919614553	0.919608593	0.919597089	0.919569790	0.919544995	0.919531345	0.919527352	0.919506192	0.919504642	0.919507742	0.919509053	0.919511318	0.919512570	0.919510067	0.919507980	0.919509768	0.919517934	0.919518769	0.919511378	0.919506729	0.919507086	0.919505835	0.919508457	0.919506967	0.919504821	0.919507563	0.919523716	0.919576108	0.919592083	0.919599235	0.919591188	0.919526160	0.919535756	0.919584274	0.919613600	0.919611633	0.919611931	0.919612110	0.919612348	0.919612527	0.919612706	0.919612944	0.919613123	0.919613063	0.919612944	0.919612765	0.919612586	0.919612348	0.919612169	0.919611990	0.919611692	0.919611454	0.919611216	0.919610977	0.919610798	0.919756293	0.920338869	0.920552850	0.920606136	0.920605898	0.920605600	0.920605361	0.920605063	0.920604765	0.920604467	0.920604229	0.920603871	0.920603633	0.920603275	0.920603037	0.920602679	0.920602381	0.920602083	0.920601726	0.920601368	0.920601010	0.920600712	0.920600295	0.920599520	0.920599222	0.920630395	0.920754611	0.920764565	0.920772433	0.920776427	0.920776188	0.920773506	0.920786321	0.920785427	0.920783341	0.920786738	0.920796692	0.920788467	0.920808852	0.920814633	0.920800090	0.920796514	0.920800984	0.920800924	0.920801342	0.920804322	0.920808554	0.920807421	0.920804679	0.920800328	0.920808792	0.920857430	0.920866907	0.920884550	0.920895278	0.920894206	0.920887768	0.920892119	0.920854270	0.920821965	0.920812309	0.920811534	0.920809925	0.920809388	0.920807600	0.920804977	0.920804501	0.920820534	0.920828462	0.920826435	0.920818865	0.920817077	0.920808554	0.920806229	0.920813739	0.920825541	0.920827448	0.920826256	0.920824945	0.920823753	0.920828462	0.920850873	0.920849919	0.920842290	0.920837045	0.920836270	0.920835435	0.920862556	0.920869768	0.920869648	0.920869112	0.920868516	0.920868039	0.920867562	0.920895338	0.921008110	0.921291411	0.921321929	0.921264410	0.921179295	0.921106458	0.921066046	0.921022356	0.920995951	0.920985639	0.920982897	0.920971930	0.920959830	0.920953751	0.920947611	0.920939326	0.920930564	0.920931339	0.920920789	0.920910537	0.920905888	0.920904756	0.920900464	0.920892239	0.920882165	0.920873940	0.920872867	0.920878172	0.920880675	0.920878589	0.920870185	0.920854270	0.920844078	0.920839548	0.920830429	0.920813382	0.920792162	0.920761824	0.920752645	0.920748413	0.920740724	0.920729280	0.920733392	0.920739651	0.920740485	0.920735896	0.920734048	0.920733273	0.920734763	0.920734406	0.920732081	0.920731246	0.920731843	0.920731783	0.920737147	0.920743465	0.920735300	0.920723736	0.920711637	0.920692921	0.920669734	0.920652270	0.920633554	0.920620143	0.920605242	0.920586348	0.920565605	0.920565546	0.920565426	0.920567393	0.920570195	0.920569956	0.920569658	0.920569420	0.920569181	0.920569062	0.920568883	0.920568764	0.920571387	0.920573235	0.920573115	0.920573056	0.920573056	0.920573056	0.920573056	0.920512080	0.920268536	0.920059860	0.920007706	0.920007706	0.920007765	0.920007765	0.920007765	0.920007825	0.920007825	0.920007885	0.920007944	0.920008004	0.920008183	0.920008242	0.920008361	0.920008481	0.920008600	0.920008779	0.920009017	0.920009196	0.920009494	0.919994593	0.919926822	0.919861615	0.919805527	0.919716656	0.919665456	0.919633210	0.919605315	0.919574142	0.919539094	0.919507861	0.919515371	0.919518530	0.919504344	0.919490457	0.919479907	0.919422746	0.919377565	0.919377565
88.0000000	0.970272362	0.972598076	0.971243322	0.969992816	0.970231593	0.970945120	0.975101054	0.976256013	0.979215920	0.984238863	0.987034380	0.986908555	0.990210176	0.989822447	0.986399531	0.988367081	0.991859913	0.992425144	0.993326485	0.996305525	1.00158215	1.00079894	1.00014031	1.00155532	1.00476122	1.00724375	1.00895166	1.00885749	1.01107299	1.01587105	1.01968598	1.02118957	1.02565944	1.02790678	1.02813518	1.03194118	1.03427112	1.03644454	1.03671300	1.03522563	1.03402817	1.03530753	1.03717506	1.04012609	1.04254341	1.04069841	1.04565334	1.04853046	1.04821134	1.04664743	1.04885983	1.04853237	1.04870141	1.05036354	1.05283701	1.05376196	1.05720723	1.05937791	1.06104636	1.06263292	1.06420445	1.06148291	1.05878234	1.05924165	1.06176591	1.06102514	1.06587660	1.06710923	1.06746292	1.06819546	1.06908178	1.07827282	1.08359575	1.08491588	1.08383048	1.08366847	1.08119977	1.08312404	1.08678544	1.08915675	1.08683968	1.08380425	1.08302665	1.08176458	1.07971585	1.07901812	1.08011913	1.08660424	1.08955789	1.08619654	1.07986867	1.07848322	1.07871222	1.07823026	1.07708466	1.07769597	1.07144058	1.06937981	1.06876338	1.06739330	1.06362307	1.06035507	1.05774617	1.05525744	1.05200827	1.04677606	1.04839480	1.04851174	1.04853952	1.04842162	1.04663301	1.04994214	1.04864430	1.04565585	1.04479015	1.05075729	1.04965091	1.04995370	1.04751146	1.04244745	1.03916299	1.03767896	1.04033697	1.04245186	1.04398620	1.04955101	1.05424321	1.05102015	1.04489565	1.04036283	1.04139495	1.04381824	1.04559302	1.04635608	1.04622722	1.04581070	1.04188097	1.04252625	1.04288340	1.04247379	1.04520369	1.04681170	1.04602325	1.04252183	1.03835499	1.03793371	1.03818464	1.03868783	1.03915215	1.04072130	1.04597366	1.04748189	1.04936266	1.05136800	1.05257642	1.05139339	1.05383742	1.05357909	1.05345178	1.05511868	1.05907357	1.06650984	1.06865811	1.06879616	1.06900477	1.07016802	1.06941211	1.06785941	1.06761813	1.06862664	1.06865370	1.06740403	1.06600320	1.06352782	1.06016266	1.05720007	1.05690300	1.05557287	1.05550516	1.05764961	1.06161034	1.06282544	1.06277215	1.05971241	1.05581510	1.05715585	1.04989624	1.04755402	1.04630756	1.04501271	1.04520237	1.04463792	1.04738617	1.05008709	1.05121827	1.05109513	1.05047536	1.04833901	1.04694355	1.04758239	1.05058563	1.05404460	1.05680788	1.05591214	1.05286026	1.05362308	1.04967344	1.04891026	1.05014420	1.05090380	1.04743433	1.04650187	1.04843068	1.05132663	1.05462086	1.05906963	1.06174004	1.06104875	1.06241775	1.06423819	1.05787063	1.05764127	1.05439663	1.05285656	1.05430698	1.05660009	1.05245101	1.05014789	1.04876006	1.04790604	1.04775488	1.05212331	1.05591154	1.05566227	1.05207253	1.04999483	1.04978991	1.04628682	1.04392219	1.04422450	1.04581487	1.04193163	1.04198754	1.04285073	1.04249406	1.03999341	1.03774905	1.03561628	1.03238964	1.02897274	1.02837896	1.02743578	1.02592480	1.02321613	1.01994789	1.01802588	1.01594019	1.01318634	1.00873768	1.00404716	1.00304759	0.997019947	0.993559837	0.990383327	0.986694694	0.983186722	0.988091886	0.985552013	0.979204655	0.971139729	0.961899221	0.959046662	0.962632418	0.966940165	0.968468010	0.965928376	0.960199177	0.951624036	0.943544686	0.937358022	0.932515144	0.928532362	0.929105163	0.930104852	0.929116786	0.925440013	0.925044179	0.926691353	0.928758383	0.927663982	0.917869031	0.912190378	0.906641483	0.902878702	0.902019203	0.904640913	0.906236589	0.904407203	0.902147532	0.901095629	0.901532412	0.902282119	0.902978957	0.904810965	0.906523883	0.904421628	0.902536035	0.899605989	0.898048937	0.897819042	0.896407664	0.899007797	0.900676906	0.901794791	0.902156115	0.900971889	0.902489185	0.903862596	0.903795183	0.903270960	0.905554175	0.905174375	0.908679426	0.910656810	0.908409238	0.901953459	0.899768114	0.899371505	0.899024785	0.899957836	0.906370163	0.914116979	0.917042017	0.916334510	0.914165020	0.913685441	0.917035520	0.920939505	0.924145341	0.926599503	0.929447532	0.935021996	0.937403500	0.939970553	0.943907797	0.948205829	0.948379636	0.944397688	0.941961110	0.943487346	0.948110163	0.952257156	0.950044990	0.948921025	0.951506197	0.955595315	0.961227000	0.962210834	0.961271226	0.960285962
87.0000000	0.922208011	0.922807634	0.926190615	0.928139031	0.928635657	0.931864083	0.934268892	0.938797772	0.941074491	0.941529810	0.945401728	0.949145615	0.951567948	0.954642713	0.958681047	0.962331533	0.969262600	0.972732484	0.977383375	0.983746350	0.988241196	0.992709219	0.996244490	0.999310255	1.00295520	1.00881386	1.00800622	1.01234508	1.01879060	1.02600217	1.03433800	1.04017901	1.04388666	1.04773843	1.05168319	1.05334103	1.05811477	1.06052601	1.06197500	1.06350410	1.06579745	1.06554925	1.06295991	1.06167746	1.06310916	1.06642139	1.06723380	1.06772780	1.06768143	1.06640077	1.06272066	1.06884980	1.07224202	1.07482874	1.07669449	1.07607675	1.07943177	1.07882476	1.07724857	1.07716978	1.08052909	1.08430219	1.08776546	1.08938622	1.08962512	1.09093559	1.09558141	1.10129166	1.10573566	1.10759580	1.10656822	1.10858023	1.11046171	1.11234665	1.11269677	1.10830140	1.11219800	1.11492300	1.11837220	1.12212145	1.12342608	1.12048376	1.12320578	1.12717485	1.12862432	1.12443781	1.12365437	1.12097752	1.12023008	1.12107635	1.11902285	1.11876237	1.12171626	1.12400210	1.12476528	1.12617993	1.12469554	1.12016630	1.11337090	1.10723662	1.10683966	1.10687530	1.10257208	1.09982276	1.09886682	1.09429121	1.09564221	1.09648609	1.10018146	1.10307372	1.09449577	1.09594738	1.09548473	1.09525108	1.09444880	1.08933878	1.08718026	1.08470738	1.08057582	1.07670951	1.07830083	1.07820296	1.08149087	1.08486533	1.08637846	1.08543456	1.08285451	1.08457589	1.08714664	1.08870602	1.08898425	1.09274018	1.09875441	1.10041976	1.09678566	1.09255826	1.08932674	1.09017408	1.09639513	1.10384023	1.10291469	1.10579240	1.10273266	1.09774113	1.09427762	1.09525621	1.09521484	1.09777284	1.10109830	1.10325730	1.10221469	1.10075629	1.10265851	1.10589194	1.10897040	1.11095142	1.10996532	1.10926974	1.10814035	1.10711157	1.10797620	1.10792577	1.10619915	1.10154545	1.09542680	1.09201705	1.09188306	1.09058642	1.09205830	1.09605992	1.09818220	1.10002780	1.09928274	1.09581947	1.09106183	1.08798492	1.08625805	1.08923674	1.09522462	1.10155928	1.10461164	1.10445249	1.10474670	1.10598004	1.10889912	1.11451149	1.11043155	1.10613811	1.10229945	1.09863913	1.09393716	1.09196854	1.09299242	1.09410727	1.09536827	1.09978878	1.10054386	1.09847200	1.09883606	1.10252297	1.10604393	1.10188115	1.10308957	1.10704827	1.11236060	1.11885357	1.12210095	1.12735474	1.13077009	1.13090765	1.12873435	1.12885404	1.12843609	1.12620747	1.12407148	1.12710738	1.12781835	1.12153566	1.11498940	1.11135173	1.11023533	1.10885823	1.10331500	1.10145319	1.10209918	1.09505916	1.09250557	1.08822107	1.08254564	1.07740247	1.07629871	1.07698667	1.07395077	1.07085407	1.06906915	1.06767774	1.06075096	1.05807567	1.05432975	1.04943454	1.04855466	1.04414248	1.04075491	1.03582132	1.02979755	1.02616549	1.02525830	1.02217650	1.02056277	1.02061546	1.01908803	1.01496243	1.01242673	1.01111758	1.00965559	1.00564551	1.00489330	1.00456131	1.00053370	0.993282199	0.987865806	0.990531027	0.986975491	0.983767271	0.982340813	0.978996456	0.974674642	0.970384300	0.967578888	0.965256393	0.959959328	0.954587996	0.955333173	0.956603587	0.955147088	0.950051010	0.945824683	0.941411853	0.937419832	0.935227215	0.936983645	0.935970128	0.939691365	0.939492404	0.933401287	0.926128328	0.921080291	0.921239138	0.921865046	0.920093119	0.914933503	0.910615027	0.911977053	0.910471201	0.906236768	0.908100843	0.912763000	0.913668096	0.909210861	0.902264357	0.900180399	0.900666952	0.902442098	0.903310001	0.901488364	0.895608008	0.895985961	0.897009969	0.899429739	0.901581585	0.899387896	0.897318661	0.896747053	0.895713568	0.892995417	0.888107240	0.888090849	0.889454782	0.889982045	0.888349831	0.884129226	0.885207474	0.886072636	0.882984638	0.878039956	0.879171908	0.877647996	0.876610339	0.878401637	0.883188784	0.888963044	0.884122789	0.884396136	0.884439170	0.883097649	0.883405805	0.886466324	0.888082981	0.890165329	0.892407894	0.892290592	0.891876340	0.889049232	0.888235092	0.891201854	0.897059500	0.893693984	0.893097103	0.893254399	0.893915594	0.896595180	0.898565650	0.901908636	0.903929174	0.904253006	0.904826105	0.907131493	0.910460114	0.914300799	0.917309463
86.0000000	0.963061869	0.965713799	0.967963398	0.968235016	0.968122959	0.972391963	0.974613249	0.980110765	0.982006848	0.980749369	0.984110296	0.986107826	0.985145748	0.986507535	0.990928292	0.994595647	0.994322538	1.00020826	1.00883782	1.01717210	1.02254844	1.03155565	1.03866899	1.04482603	1.05103815	1.05839145	1.06865859	1.07494760	1.08071971	1.08789229	1.09683931	1.10334182	1.10480952	1.10694420	1.10964274	1.10699773	1.11197436	1.11303306	1.11352122	1.11461067	1.11529624	1.10933828	1.10340798	1.10174465	1.10418630	1.10617042	1.09940040	1.09063578	1.08770239	1.08951390	1.08607125	1.08580303	1.08999002	1.09566748	1.09877360	1.09414887	1.09569776	1.09995949	1.10365522	1.10544908	1.10594690	1.11094820	1.12009656	1.12841880	1.13338864	1.13492739	1.14183748	1.14527857	1.14793873	1.15151322	1.15670359	1.15777564	1.15348613	1.15010428	1.14982235	1.15075421	1.15644467	1.16053545	1.16293764	1.16397130	1.16436625	1.16514552	1.16448176	1.16013706	1.15313983	1.14778495	1.14758527	1.14865291	1.14790559	1.14709103	1.15278637	1.14963305	1.15249586	1.15501618	1.15380406	1.14843726	1.14297438	1.14193296	1.14358532	1.14758551	1.15496802	1.15157127	1.15023589	1.15557456	1.16398156	1.16363347	1.15928614	1.15830147	1.16174686	1.16746354	1.17006660	1.16552794	1.16300905	1.16291738	1.16126192	1.14965236	1.14832568	1.15107429	1.14788210	1.13810730	1.13048196	1.12434506	1.12002051	1.11843598	1.12071276	1.12816572	1.12204456	1.12319267	1.12941694	1.13647473	1.13807356	1.13837099	1.14677072	1.15602815	1.15814388	1.14436483	1.14586771	1.15111387	1.15628064	1.16020501	1.16438413	1.16310728	1.16577876	1.16351640	1.15709841	1.15696442	1.15405381	1.15837741	1.16056359	1.15838981	1.15678334	1.15488207	1.15493393	1.15683699	1.15754378	1.15106022	1.15381491	1.15405166	1.15260494	1.14965022	1.14470398	1.14256275	1.13776660	1.13539720	1.13588393	1.13500273	1.13647866	1.13252378	1.12684357	1.12071681	1.11299586	1.11324286	1.11773002	1.12357926	1.12909532	1.13376570	1.13513172	1.13469672	1.13414812	1.13608170	1.14400148	1.14451063	1.14468050	1.14716530	1.15278578	1.16052961	1.16259325	1.16257095	1.16220391	1.16306496	1.16655779	1.16614556	1.16296148	1.16051435	1.16094434	1.16502297	1.16704643	1.16589582	1.16274571	1.15975273	1.16005599	1.16099310	1.16024876	1.15860450	1.15810657	1.16206658	1.16862214	1.17372286	1.17251718	1.16668808	1.16445351	1.16904414	1.16741920	1.16210711	1.15636408	1.15417302	1.15232790	1.15194046	1.15289176	1.15242112	1.14512694	1.13973784	1.13653839	1.13363659	1.12879062	1.11940789	1.11890948	1.11347139	1.10549974	1.09961116	1.10263181	1.10617292	1.10276616	1.09554827	1.08803403	1.08411562	1.07646644	1.07073915	1.06334686	1.05447471	1.04807961	1.04928160	1.04580367	1.03836095	1.02884614	1.02032959	1.02563286	1.02594459	1.02295756	1.01931131	1.01859331	1.01501250	1.01159644	1.01034749	1.00968444	1.00444257	1.00559068	1.00286317	0.998679638	0.994946897	0.993058801	0.996714532	1.00037396	0.997678578	0.990705848	0.989969730	0.991227090	0.992985189	0.993555427	0.991326571	0.984764993	0.976542354	0.970489621	0.969721973	0.972836018	0.973909199	0.967687488	0.964130819	0.962290645	0.960793436	0.957840383	0.959737420	0.960239589	0.957345724	0.950708210	0.941632390	0.942053676	0.937787890	0.932892501	0.930157661	0.931105733	0.933360338	0.933204234	0.930772007	0.927415371	0.925703108	0.926025510	0.923204124	0.919552684	0.917713940	0.920660615	0.921310484	0.921007514	0.918623865	0.914233088	0.909110427	0.910031319	0.914760232	0.917884350	0.917285562	0.914140999	0.914859772	0.916485488	0.914865553	0.911258161	0.912332296	0.919459105	0.918260574	0.916760445	0.916229248	0.911184788	0.918934524	0.925365448	0.927822173	0.926705182	0.925471663	0.926557541	0.923721135	0.922998250	0.925559998	0.927710712	0.934207797	0.939621747	0.936330736	0.926065743	0.919910729	0.922129989	0.929507732	0.933600605	0.931123018	0.923947453	0.926660359	0.929573536	0.933857024	0.938158035	0.938602090	0.933271587	0.933861852	0.934228659	0.933995664	0.938554645	0.941745400	0.942547143	0.941099703	0.939531207	0.941958725	0.946949363	0.948233247	0.950950921	0.954991400
85.0000000	1.02580297	1.03136337	1.03386652	1.03343976	1.03193963	1.03295052	1.03093255	1.03141809	1.03414774	1.03838587	1.04292071	1.03988028	1.03849387	1.03778756	1.03732133	1.03718984	1.04350865	1.04490924	1.04625881	1.05045140	1.05840898	1.06552136	1.07615387	1.08393610	1.08930910	1.09952557	1.10798383	1.12073886	1.12733066	1.12730455	1.13021064	1.14155674	1.14962339	1.15203607	1.14902592	1.14343023	1.14761138	1.14391732	1.13649642	1.12988639	1.12901342	1.12609434	1.11886382	1.11310267	1.11149347	1.11361945	1.10534203	1.10160744	1.10174441	1.10468066	1.10894322	1.10928345	1.11354446	1.12119937	1.12964940	1.13422406	1.13888955	1.14546371	1.15520775	1.16487014	1.16668522	1.17013156	1.18176138	1.19106328	1.19466674	1.19634223	1.20615554	1.21056271	1.21278799	1.21330917	1.20985699	1.21261108	1.21160448	1.20759022	1.20262122	1.20004904	1.20333517	1.20471263	1.20658624	1.20846128	1.20694315	1.20763612	1.20969021	1.21137714	1.21190166	1.21140099	1.21242845	1.20843506	1.20617723	1.20717597	1.20771635	1.20457470	1.20406687	1.20179701	1.19692898	1.19218791	1.19095981	1.19041467	1.19019973	1.19088793	1.19397855	1.19536567	1.19487047	1.19478381	1.19536424	1.19483697	1.19108140	1.18801999	1.18768501	1.19008100	1.19318402	1.18917274	1.18161249	1.17908585	1.18285406	1.18685770	1.18452096	1.18328285	1.18208158	1.18196142	1.18607259	1.18508589	1.17993248	1.17413449	1.17072368	1.17224133	1.17979980	1.18291545	1.18224871	1.18003285	1.18007421	1.17990339	1.17737138	1.17950201	1.18414354	1.17996812	1.18470216	1.18618107	1.18250883	1.17824244	1.18439198	1.18938804	1.19314229	1.19482529	1.19486201	1.19493282	1.18689120	1.18892992	1.19109702	1.18999374	1.18877590	1.19040966	1.19357526	1.19187152	1.18604660	1.18399763	1.18655932	1.18140018	1.17490780	1.16984951	1.16537309	1.16385031	1.15836203	1.15420341	1.15245569	1.14998603	1.14884245	1.14768100	1.14503419	1.14166880	1.14058447	1.13853693	1.14092982	1.14279044	1.14362264	1.14740729	1.15295887	1.15393543	1.15422690	1.15663600	1.16287875	1.16091931	1.16052389	1.16140807	1.16435611	1.17122090	1.16793251	1.16714120	1.16879010	1.17163944	1.17326653	1.17093086	1.16931331	1.16985393	1.17281568	1.17728353	1.17645538	1.16865683	1.16383755	1.16452003	1.16579986	1.16653061	1.17176270	1.17498231	1.17489064	1.17540407	1.18102598	1.18535388	1.18176579	1.17320454	1.17217815	1.17065012	1.17246771	1.16817558	1.15885317	1.15611517	1.15048051	1.14881563	1.14670575	1.14180040	1.13381386	1.13084280	1.12881505	1.12672567	1.12441349	1.12255883	1.12650919	1.12626994	1.12409294	1.12330437	1.12830472	1.13201118	1.12679577	1.11868620	1.11048079	1.10174882	1.09241378	1.08689857	1.08227491	1.07613540	1.06659281	1.05869007	1.05308115	1.04757357	1.04076374	1.03203666	1.03320575	1.03367209	1.03314066	1.03176403	1.03014266	1.02471352	1.02255273	1.01931131	1.01295507	1.00376630	0.999215603	1.00219810	1.00619376	1.00859320	1.01069760	1.01382256	1.01757240	1.01859283	1.01664460	1.01460302	1.02017283	1.02948630	1.03248882	1.02588677	1.01314616	1.01498032	1.01858914	1.02187347	1.02294528	1.02012646	1.00701237	1.00241518	0.998488009	0.992150843	0.985090554	0.982581079	0.984526396	0.982732594	0.975999296	0.970120609	0.973812819	0.967084348	0.959512651	0.954132617	0.947437167	0.946405888	0.944763839	0.942888319	0.940083146	0.934577644	0.929337382	0.927826762	0.926556051	0.923413992	0.917667747	0.915093780	0.911344528	0.908571899	0.908155739	0.910705090	0.910677791	0.911877334	0.912866592	0.913144052	0.913142979	0.919831395	0.923949599	0.924536645	0.923567832	0.925954342	0.936432600	0.943513334	0.950098157	0.956732035	0.961603820	0.974626899	0.984033704	0.989196420	0.991992712	0.996806681	1.00086093	1.00375342	1.00712967	1.01103008	1.01388979	1.01360142	1.01299942	1.01262903	1.01375842	1.01837754	1.02100062	1.02176964	1.02042055	1.01826990	1.01821411	1.01834631	1.01673567	1.01658118	1.01716292	1.01384282	1.01015019	1.00752771	1.00639141	1.00739777	1.01144397	1.01476192	1.01125014	1.00960922	1.01289058	1.01849687	1.01852107	1.01815283	1.01898277	1.02060223
84.0000000	1.10486829	1.11817312	1.12369561	1.12548292	1.12623453	1.12730110	1.11311376	1.10763407	1.10645497	1.10560668	1.10155654	1.09416175	1.08648217	1.08078647	1.07788122	1.07711101	1.07605457	1.07073820	1.06654358	1.06677496	1.07265925	1.07408547	1.07435882	1.07953143	1.09022760	1.10164404	1.11145079	1.12633264	1.13838816	1.14512002	1.14943635	1.16057527	1.16980863	1.17722011	1.18077779	1.17633545	1.16939878	1.17080092	1.17267346	1.17099667	1.16559887	1.17282248	1.17621815	1.17719269	1.17869282	1.18520463	1.18737614	1.19000387	1.19394648	1.20073414	1.21257019	1.22379804	1.23239458	1.24074292	1.24880707	1.25413132	1.26594853	1.27556086	1.28380537	1.29136348	1.29876280	1.29787266	1.30108786	1.30385363	1.30471611	1.30532253	1.30009305	1.30141521	1.30340099	1.30058193	1.28790879	1.29157507	1.29264832	1.29199648	1.28983045	1.28570473	1.28653610	1.28665686	1.28643644	1.28586280	1.28454196	1.28215611	1.28052926	1.27868831	1.27674997	1.27592087	1.27503991	1.26723540	1.26307762	1.26391101	1.26185393	1.26135659	1.26168811	1.25961828	1.25529289	1.25223386	1.25410342	1.25526130	1.25285816	1.24926531	1.25207472	1.24773836	1.24019122	1.23153639	1.22322249	1.21604276	1.20947433	1.20523846	1.20056462	1.19587815	1.19480014	1.19863272	1.19877863	1.19890702	1.20143425	1.20752382	1.21186173	1.21718740	1.21946836	1.22032857	1.22704971	1.23654890	1.23159957	1.22156346	1.21430910	1.21621132	1.21944666	1.21668339	1.20961308	1.20094490	1.19440389	1.19497073	1.19143426	1.18609977	1.18353033	1.19054627	1.19376338	1.19445419	1.19320571	1.19347858	1.20160735	1.20323694	1.20612729	1.20968854	1.21128333	1.20622659	1.20650160	1.20738769	1.20905507	1.20963669	1.20522821	1.20256197	1.20252740	1.20182490	1.19974864	1.19818676	1.20389581	1.20516682	1.20044076	1.19152164	1.18357539	1.18372810	1.17983282	1.17578435	1.17362201	1.17352974	1.17712331	1.17899036	1.17937553	1.17986655	1.18339360	1.18535388	1.19121349	1.19531775	1.19526613	1.19191432	1.19680643	1.20189238	1.20849442	1.21517932	1.21775687	1.22246778	1.22161651	1.21853399	1.21533024	1.21289361	1.20846391	1.20306599	1.19934070	1.19910777	1.20336628	1.19859612	1.19634199	1.19560921	1.19621122	1.19877112	1.20077503	1.19821537	1.19530618	1.19386280	1.19330180	1.18882012	1.19317436	1.20045602	1.20509374	1.20185232	1.20228767	1.20568168	1.20751309	1.20639110	1.20405674	1.19692647	1.19335377	1.18927968	1.18274367	1.17388475	1.17201042	1.16810286	1.16270018	1.15625858	1.14915204	1.14923787	1.15168166	1.15529084	1.15847445	1.15924382	1.16549087	1.16766155	1.16678798	1.16534758	1.16726160	1.16899002	1.16711128	1.15924478	1.14701390	1.13604677	1.12227690	1.11387408	1.10766470	1.10051703	1.08934236	1.07784235	1.07124543	1.06741917	1.06345892	1.05568695	1.05059564	1.05039525	1.05151713	1.05134392	1.04820967	1.04428017	1.04345965	1.04502881	1.04655266	1.04388022	1.04092622	1.04447377	1.04863310	1.05057061	1.05051029	1.05556166	1.06276953	1.06899559	1.07312810	1.07608187	1.08374667	1.09401536	1.09880364	1.09670913	1.09301162	1.09425914	1.10213447	1.10738528	1.10864747	1.11244619	1.11840713	1.11689222	1.10708046	1.08739126	1.05548418	1.00820708	0.971545994	0.942823112	0.924983382	0.926593959	0.940376759	0.962278903	0.991710305	1.02016258	1.03120875	1.03820276	1.01814997	0.984000444	0.947802782	0.920704186	0.905641079	0.901569128	0.902387023	0.906122148	0.914930701	0.929115713	0.940226436	0.946001709	0.947535396	0.949276805	0.947462440	0.942907453	0.942892015	0.947110832	0.947673976	0.949224591	0.957097352	0.970268905	0.982466221	0.982166708	1.00247478	1.01961076	1.03720140	1.05800736	1.08392382	1.10749400	1.12167549	1.13172507	1.14218104	1.15686190	1.15999782	1.15967774	1.15382683	1.14580309	1.14439869	1.13985097	1.13719845	1.14131045	1.15063071	1.15717661	1.14757264	1.14329350	1.14476383	1.14820158	1.14561629	1.13965213	1.13197136	1.11996043	1.10615265	1.09822679	1.09285831	1.08547938	1.08176136	1.08185518	1.08039153	1.08404064	1.08054483	1.07713175	1.07778215	1.08322930	1.08693218	1.08742535	1.08942378	1.09285378
83.0000000	1.19885755	1.20670485	1.21056128	1.21235430	1.21179473	1.20637774	1.19541597	1.18841696	1.18039966	1.17022431	1.16059208	1.14879036	1.13648570	1.12804782	1.12567091	1.12937403	1.12495470	1.12190104	1.11925340	1.11677146	1.11493337	1.11214030	1.11322451	1.12123179	1.13408637	1.14458978	1.16052639	1.18339777	1.20516133	1.22144306	1.23153734	1.24113977	1.24993551	1.26032209	1.27032185	1.27358162	1.27609622	1.28129125	1.28738403	1.29261136	1.29522955	1.30006981	1.30770469	1.31997550	1.33516169	1.34798217	1.35716069	1.36642087	1.37716937	1.38953912	1.40238810	1.41897774	1.43106520	1.44353735	1.45627046	1.46412969	1.47287714	1.47857416	1.48244238	1.48268735	1.47449863	1.47083688	1.46749234	1.46420586	1.45994985	1.45292830	1.44630253	1.43993378	1.43540168	1.43022919	1.41788268	1.41981602	1.41696024	1.41167200	1.40611172	1.40224373	1.40013015	1.39637935	1.39287376	1.38786304	1.37596202	1.36499453	1.35223114	1.34331250	1.33901966	1.33527243	1.32823527	1.32031965	1.31410825	1.31019211	1.30717099	1.30700743	1.30355334	1.29650152	1.28617179	1.27351022	1.27598798	1.27639902	1.27679586	1.27862918	1.28274703	1.26935661	1.25795901	1.24796426	1.23952401	1.23353076	1.22510982	1.22069323	1.21788812	1.21634650	1.21776354	1.21809208	1.22242928	1.22787583	1.23344553	1.24006486	1.24876046	1.25238931	1.25281274	1.25152028	1.24962997	1.25107789	1.24713731	1.23755312	1.22712564	1.22571182	1.22070575	1.21290314	1.20311415	1.19324577	1.18630099	1.18642354	1.18589997	1.18253970	1.17943633	1.18496907	1.18691099	1.19001067	1.19529784	1.20278108	1.21144712	1.21008217	1.20914900	1.20965850	1.21094549	1.21066928	1.21351874	1.21460354	1.21660495	1.22058213	1.22597229	1.22290206	1.22017467	1.21823919	1.21792531	1.22044277	1.22516000	1.22582233	1.22333884	1.21941781	1.21656573	1.22453964	1.22882926	1.22969019	1.22795749	1.22504544	1.22380757	1.22174251	1.22036159	1.21967483	1.21818995	1.21760511	1.22250473	1.22452068	1.22179341	1.21897280	1.22153580	1.22514117	1.22911429	1.23131669	1.22814536	1.23106349	1.22821510	1.22359669	1.21896720	1.21384716	1.20943987	1.20572650	1.20172179	1.19842470	1.19881868	1.19973540	1.20065498	1.20235443	1.20441449	1.20521927	1.20749021	1.20972526	1.21113455	1.21221864	1.21476901	1.21466219	1.21793377	1.22304058	1.22700369	1.22540927	1.23030722	1.22979367	1.22865748	1.22699916	1.22023046	1.21647203	1.21116984	1.20516562	1.19808352	1.18832970	1.18551981	1.18537080	1.18439412	1.18183565	1.17967522	1.18184304	1.18583608	1.19255507	1.19974792	1.20200956	1.20237863	1.19890022	1.19473600	1.19049811	1.18424892	1.18318295	1.18198037	1.17514098	1.16220558	1.14775622	1.13337302	1.12315989	1.11523032	1.10753953	1.09788513	1.08525932	1.08087575	1.07882607	1.07621467	1.07315707	1.06853712	1.06885707	1.06834602	1.06618071	1.06648540	1.06536007	1.06635690	1.06837475	1.07044435	1.07172847	1.07116807	1.07464528	1.08078229	1.08825719	1.09580457	1.10640001	1.12043262	1.12929022	1.13183987	1.13442814	1.14071262	1.14431393	1.14921987	1.16007066	1.18215883	1.21914709	1.27225220	1.32562697	1.36503863	1.37786961	1.42620957	1.45753133	1.46998549	1.45294714	1.38701630	1.29422688	1.21052718	1.12915444	1.05303586	0.994788408	0.959240794	0.950382590	0.966702938	0.997543335	1.02309680	1.03047609	1.00231266	0.954593241	0.903994441	0.867882192	0.845456421	0.834324300	0.838313639	0.861350536	0.907458782	0.958624899	0.994698286	1.01515114	1.02186978	1.01915503	1.00811625	1.00580823	1.00256383	0.999504805	1.00854194	1.04080594	1.06165886	1.08805370	1.11938870	1.13750732	1.18595469	1.24495113	1.31148338	1.38091958	1.44700885	1.47899485	1.48521674	1.46542466	1.42653680	1.38263929	1.33237481	1.28800154	1.25344920	1.23448634	1.23872089	1.24209464	1.25143707	1.25473952	1.24460852	1.21826506	1.18015051	1.16343725	1.16341817	1.17642689	1.19983757	1.21584272	1.23009849	1.23262799	1.22337425	1.21219909	1.19426441	1.17529356	1.15890348	1.14804959	1.14502597	1.14262331	1.13868999	1.13587832	1.13728929	1.14647365	1.15642071	1.16466212	1.17475307	1.18413460
82.0000000	1.31027102	1.30864656	1.30673242	1.30326486	1.29773939	1.29041171	1.28397048	1.27802837	1.26893163	1.25827289	1.25289178	1.24752092	1.23904729	1.23480284	1.23646832	1.24007297	1.24492633	1.24465740	1.24374568	1.24226570	1.23588598	1.23859811	1.24925089	1.26415825	1.28207660	1.30420518	1.32139146	1.33390319	1.34692204	1.36217272	1.37792420	1.39310384	1.40940022	1.42035592	1.42484415	1.42706895	1.43333256	1.43880665	1.44277835	1.44763625	1.45887053	1.46523499	1.47499275	1.49193645	1.51365399	1.53152847	1.54244483	1.54823947	1.55670714	1.56931973	1.58122671	1.59232795	1.59802377	1.60465753	1.61445796	1.62553990	1.63095188	1.63699377	1.64479744	1.64718151	1.62865102	1.61069310	1.59411693	1.57991731	1.56796277	1.55699480	1.55917823	1.54916418	1.53679478	1.52707100	1.52015281	1.52073395	1.51424587	1.50638616	1.49965787	1.49337077	1.48029172	1.46946526	1.46058774	1.45060706	1.43372393	1.42047656	1.40970945	1.40277243	1.39871681	1.39429629	1.38721776	1.37992013	1.36593390	1.34801507	1.33814502	1.33471656	1.33957636	1.34793186	1.35245275	1.34327209	1.32958865	1.31900704	1.30317426	1.28359711	1.27164221	1.26411021	1.26141357	1.26588476	1.27365184	1.27463841	1.26327121	1.25480676	1.24965954	1.24675548	1.24353170	1.24238610	1.24629855	1.24844110	1.24890935	1.25472391	1.25843966	1.25104892	1.24163640	1.23537374	1.23351955	1.23302436	1.22962785	1.22534120	1.22022581	1.21239436	1.20032883	1.18969071	1.17891979	1.16829753	1.15994787	1.15338004	1.14920628	1.14532685	1.14191759	1.14143097	1.14723265	1.15551627	1.16206312	1.16491222	1.16435981	1.16826689	1.17377889	1.17888927	1.18292117	1.18652594	1.19772863	1.20223880	1.20583344	1.21103942	1.21713209	1.21637917	1.21707177	1.21811962	1.21856582	1.21758783	1.22078824	1.22477198	1.22872949	1.23334682	1.24080467	1.24908173	1.25370741	1.25748456	1.26119280	1.26358843	1.25990975	1.25908554	1.25868213	1.25779676	1.25705600	1.25771785	1.25711811	1.25260818	1.24580216	1.24257553	1.24515772	1.24590337	1.24052310	1.23066545	1.22391617	1.22133195	1.21727097	1.21139610	1.20566130	1.20431101	1.20082152	1.20008969	1.20164669	1.20318604	1.20056450	1.20930243	1.21595693	1.22309887	1.22999132	1.23258948	1.23542178	1.24115956	1.24742627	1.25386906	1.26215971	1.26293647	1.26332963	1.26451874	1.26516831	1.26142859	1.25943232	1.25435877	1.24799228	1.24135566	1.23471129	1.23056316	1.21999824	1.20968938	1.20101154	1.19004023	1.18337750	1.17918825	1.17556846	1.17301428	1.17442286	1.17100787	1.17279088	1.17687428	1.17986262	1.17786145	1.17946756	1.17402756	1.16510117	1.15530825	1.14632869	1.13760698	1.13233018	1.12716842	1.11901736	1.10499907	1.09494519	1.08631396	1.08165503	1.07948625	1.07429373	1.06833887	1.06660974	1.06780338	1.07040739	1.07270026	1.07355237	1.07449186	1.07775187	1.08244038	1.08454013	1.08172178	1.08029926	1.07745421	1.07212651	1.06501424	1.06665003	1.07136190	1.07926881	1.09081554	1.10677218	1.12231565	1.14049041	1.15847075	1.17610455	1.19591379	1.20852590	1.19669688	1.17219615	1.14406514	1.11861789	1.16187930	1.24133801	1.32909727	1.40036201	1.43343902	1.49251115	1.52803421	1.55103147	1.56214142	1.55161810	1.55289793	1.55267894	1.52163625	1.45148015	1.35495627	1.18823707	0.998513281	0.847052991	0.758571625	0.721231461	0.730296016	0.757465601	0.808570385	0.878038168	0.948894441	0.994336784	1.01861966	1.03303170	1.05169976	1.09158909	1.13185108	1.15032911	1.14844429	1.12772751	1.08981967	1.04564846	1.02129531	1.01456022	1.02745736	1.06621373	1.14615965	1.21631527	1.28852391	1.36711991	1.44892752	1.59253287	1.77607894	1.95700061	2.08743358	2.11421585	2.03073645	1.88528574	1.68024218	1.44269550	1.22444785	1.09779286	1.02979529	1.01423597	1.03841269	1.08314061	1.14355862	1.18896115	1.20034003	1.17976189	1.15036929	1.13337183	1.14791536	1.19074643	1.25180447	1.31422138	1.33646584	1.34163940	1.32855320	1.30229282	1.27421749	1.25976276	1.26289642	1.26514065	1.26198936	1.26290858	1.25448680	1.24755371	1.24476898	1.24721253	1.25438488	1.26966476	1.28373516	1.29487526	1.30133498
81.0000000	1.40061390	1.40312779	1.40486073	1.40286219	1.39725924	1.39125586	1.38464797	1.38193512	1.38159418	1.38345206	1.38868535	1.38367856	1.38146317	1.37837398	1.37437880	1.37307799	1.38136935	1.38153827	1.38101554	1.38316512	1.38728392	1.41698956	1.45658207	1.48707938	1.50607920	1.52776039	1.52566266	1.51080418	1.49752176	1.49506330	1.50758851	1.52160072	1.53640878	1.54508078	1.54647970	1.54526281	1.54619193	1.55136323	1.55636573	1.55990076	1.56378233	1.57661057	1.58986628	1.60730469	1.62908626	1.65177560	1.67198980	1.68864465	1.70484996	1.71344018	1.69697428	1.68839264	1.69361424	1.70938218	1.72864974	1.74058020	1.72964740	1.71790123	1.71308613	1.71140826	1.69753492	1.67915285	1.66589189	1.64685738	1.62156141	1.59992146	1.59044182	1.57507026	1.56161594	1.55353093	1.54990923	1.54910290	1.54210484	1.53387845	1.52742982	1.52380788	1.51192856	1.49959564	1.49022114	1.48400998	1.47795856	1.46956658	1.46501839	1.46309543	1.46206391	1.45967603	1.45770669	1.45191777	1.43688571	1.41626358	1.40278101	1.41226363	1.43503797	1.47724795	1.52665281	1.55262756	1.50806725	1.44669497	1.37789512	1.31513858	1.27598345	1.25756609	1.25945640	1.27408326	1.29276073	1.30568826	1.30326045	1.29660022	1.28547943	1.27098954	1.25554061	1.24288893	1.23644161	1.23181295	1.22874522	1.23110819	1.23325944	1.22978544	1.22467268	1.22122073	1.22204208	1.22113979	1.21362031	1.20618594	1.19971001	1.18923748	1.16914356	1.15639269	1.14732695	1.13826191	1.12548780	1.11337698	1.10725439	1.10438931	1.10356152	1.10506165	1.11340559	1.11954641	1.12322438	1.12498081	1.12615776	1.13088942	1.13849425	1.14789712	1.15547788	1.15507281	1.16306996	1.16757047	1.16618240	1.16025293	1.15486860	1.15262926	1.15497386	1.15748298	1.15920925	1.16267908	1.17045689	1.17826068	1.18771470	1.19833875	1.20754766	1.21860754	1.23079443	1.24238288	1.25277257	1.26248765	1.27024806	1.27438438	1.27178538	1.26625359	1.26850581	1.27268636	1.27211845	1.26820827	1.26361632	1.26225770	1.26533389	1.26298976	1.25160193	1.23704779	1.23470426	1.23196161	1.22713423	1.22050571	1.21388233	1.21059263	1.20620143	1.20566177	1.20669210	1.20992160	1.21889055	1.23068082	1.24349248	1.25706804	1.26905119	1.27498615	1.28705478	1.30203104	1.31900108	1.33458734	1.34294844	1.34450376	1.33915973	1.33169878	1.32334471	1.31176198	1.30130482	1.29169941	1.28420699	1.27731788	1.26675165	1.25618029	1.23709774	1.21699321	1.20060837	1.18993795	1.17600608	1.16340625	1.15528953	1.15127754	1.14746141	1.13464701	1.13013458	1.12403643	1.11437821	1.10709822	1.10504830	1.09782004	1.08884299	1.07946873	1.06897008	1.06179619	1.05524445	1.04908550	1.04382396	1.04069924	1.04031277	1.03706419	1.03716075	1.04005420	1.03844047	1.04258418	1.04450476	1.04996979	1.06067479	1.07424390	1.08348835	1.09064734	1.09804726	1.10302877	1.09794867	1.08930469	1.08068585	1.07543349	1.07319212	1.06990874	1.07700574	1.09199226	1.10940576	1.12766063	1.14904869	1.17223406	1.20555460	1.24351668	1.29495311	1.38302326	1.43129253	1.39757156	1.31374323	1.20094943	1.06959212	1.02076674	1.04440463	1.12048876	1.22835445	1.34668934	1.41570020	1.43693256	1.43107510	1.41806519	1.41708827	1.43833268	1.48038721	1.52093422	1.54599130	1.54990995	1.39018309	1.18284357	0.990702450	0.853819966	0.789504528	0.773605227	0.804484010	0.883746326	0.995621502	1.10696280	1.17611361	1.20671272	1.22363567	1.24116015	1.26296532	1.33746064	1.36826611	1.35523021	1.29869318	1.19948781	1.08814108	0.995111406	0.950845778	0.956817091	0.985524774	1.03714287	1.10752797	1.18800271	1.28244185	1.40727329	1.62185156	1.83845067	2.00257921	2.06249762	1.96921837	1.80779183	1.55065393	1.21680534	0.886738002	0.702433586	0.654228687	0.664852500	0.720290065	0.807230055	0.913064837	1.01722097	1.08404446	1.11280453	1.11603928	1.11955643	1.15621305	1.21167982	1.28369927	1.35997641	1.41817880	1.41835284	1.38387179	1.34560108	1.32477033	1.33297265	1.37915468	1.42763364	1.45667243	1.46008205	1.44722104	1.41650271	1.38937140	1.36713970	1.35347426	1.35439491	1.35799789	1.36940050	1.38336790	1.39381707
80.0000000	1.52427006	1.52287841	1.51776624	1.51250350	1.50627029	1.49385631	1.49039507	1.49258399	1.49850130	1.50661039	1.51576006	1.53056610	1.54058993	1.56930220	1.61887014	1.67015755	1.69052017	1.69819224	1.70028794	1.68782473	1.63572395	1.62414849	1.63874614	1.65622377	1.66957152	1.68806434	1.70926595	1.70752978	1.68990815	1.67054319	1.67066360	1.67076218	1.67120278	1.66858685	1.66240251	1.65502524	1.65383399	1.66201699	1.66903746	1.67240274	1.67766535	1.68533099	1.69548094	1.70780289	1.72435951	1.74958861	1.77329671	1.79311955	1.80782700	1.81094790	1.79076946	1.76335049	1.75411916	1.75867820	1.76949704	1.77591157	1.77058554	1.76046264	1.74291945	1.72421908	1.71951270	1.70302355	1.69413090	1.67650759	1.64658332	1.61354470	1.60096180	1.58711565	1.57630277	1.56856942	1.55971098	1.56234682	1.55760896	1.54898381	1.53892148	1.52883518	1.52072489	1.51718462	1.51739776	1.51889431	1.51755047	1.51306581	1.51622295	1.52052045	1.52232361	1.52086449	1.52379501	1.53010726	1.53182173	1.52810717	1.52528107	1.53834403	1.54896116	1.56404126	1.58635199	1.61452007	1.57569921	1.50957370	1.43705106	1.37582684	1.34038413	1.32980967	1.32147479	1.32541037	1.33281958	1.31607890	1.31083226	1.30710983	1.29921436	1.28642929	1.27301836	1.25112760	1.23550558	1.22801876	1.22597873	1.22214150	1.22452974	1.22009385	1.21667504	1.21761370	1.22174907	1.21713209	1.21210480	1.20330501	1.18904114	1.16929317	1.15385830	1.14450872	1.13957930	1.13536263	1.12610948	1.11891675	1.11734974	1.11914694	1.12126851	1.11989617	1.12396562	1.12810206	1.13043654	1.13078403	1.13064361	1.13258743	1.13454938	1.13628232	1.13731480	1.13695097	1.13495195	1.13398814	1.12995219	1.12172818	1.11119175	1.10957944	1.10856676	1.11054552	1.11501837	1.11860037	1.13033736	1.14212775	1.15446961	1.16772699	1.18212986	1.19856787	1.21876466	1.23947084	1.25944698	1.27946305	1.29650366	1.30650115	1.30596375	1.29862404	1.29543972	1.29303539	1.28992438	1.28558159	1.28083754	1.27787840	1.27555883	1.26979101	1.26199305	1.25529099	1.25451803	1.25508142	1.25416148	1.25034344	1.24405253	1.23755467	1.23145473	1.22900951	1.22720885	1.22771180	1.23684537	1.24364710	1.25398397	1.26469791	1.27522326	1.28758597	1.29993439	1.31698525	1.34002554	1.36295295	1.37227559	1.37448514	1.37782228	1.37381625	1.36046290	1.34222460	1.32507491	1.31311941	1.30267751	1.28962374	1.26938808	1.25043523	1.22996104	1.20943999	1.19002759	1.17256010	1.15622962	1.14128566	1.13196409	1.12549675	1.11211085	1.10054648	1.09744096	1.09095025	1.07893693	1.06896996	1.05734527	1.04821634	1.04016995	1.03172719	1.02134359	1.01462209	1.00818944	1.00282097	0.999413550	0.998985171	1.00120342	1.00685811	1.00931597	1.00875437	1.01216185	1.01795638	1.03136861	1.04789257	1.06639957	1.08913887	1.09782660	1.10425079	1.10711253	1.10536051	1.09819233	1.08865118	1.08041573	1.07512772	1.07481301	1.08188248	1.08973324	1.10774660	1.12731898	1.14598167	1.16740012	1.19410467	1.22562277	1.26595247	1.32168376	1.40199816	1.48339105	1.45916700	1.36538744	1.23477328	1.09670627	1.02319384	1.02959812	1.09392834	1.19340837	1.30447710	1.38048923	1.41414642	1.41762578	1.40249026	1.37968838	1.37575567	1.39860106	1.47320068	1.59010625	1.70544493	1.73419142	1.68056226	1.57594121	1.43979669	1.27968180	1.20542932	1.16873336	1.16125369	1.17502558	1.20246077	1.23235738	1.27710593	1.33479738	1.39523566	1.43993711	1.48029554	1.50607383	1.47945654	1.38875365	1.24839962	1.10154140	0.992086649	0.926187456	0.895037830	0.874873519	0.862353325	0.852236331	0.864089668	0.909157872	0.990362465	1.10475242	1.19335508	1.22959697	1.20283890	1.11837626	1.03769481	0.896669149	0.718443871	0.563487113	0.529591203	0.578712761	0.652489841	0.742525339	0.845771134	0.964527547	1.05899084	1.13169169	1.17325521	1.18906999	1.19929075	1.21393454	1.21799326	1.21837437	1.21888316	1.22022295	1.22620034	1.24605465	1.29617214	1.37515342	1.46381247	1.54526043	1.58611262	1.59477973	1.58103156	1.55599821	1.52278721	1.49895167	1.48215103	1.47285736	1.47435546	1.47853351	1.48769617	1.50295055	1.51771367
79.0000000	1.59516048	1.59820950	1.59972858	1.60687482	1.61779308	1.62161577	1.63208258	1.64507437	1.65853524	1.66675568	1.66037285	1.64566112	1.66590059	1.73001480	1.83504200	1.96613455	2.06860662	2.12079477	2.11197472	2.03659463	1.89427722	1.82303917	1.81967378	1.84796202	1.87985265	1.89546108	1.90644097	1.89630532	1.86663902	1.82973242	1.80858147	1.79923368	1.79072750	1.78025985	1.76714814	1.75283182	1.74546754	1.74630582	1.75269270	1.76212525	1.77225220	1.78257906	1.78865504	1.79361451	1.80001247	1.80982339	1.82235730	1.83183408	1.83955002	1.84511471	1.84644926	1.82377696	1.81367254	1.80606973	1.79855788	1.79638135	1.79319215	1.78702307	1.77279782	1.75507462	1.74804747	1.73555946	1.72421229	1.70323515	1.67458904	1.65296578	1.64870882	1.63688517	1.62501729	1.61807406	1.61847091	1.61649430	1.61264527	1.60564721	1.59730363	1.59249818	1.58912182	1.58576000	1.57836175	1.56849885	1.56336427	1.56029081	1.56262338	1.56747353	1.57055402	1.56618011	1.56777167	1.57387257	1.58140719	1.58910346	1.59749198	1.60533762	1.60977030	1.61210072	1.61769092	1.63595486	1.65017223	1.62533367	1.59472084	1.56954920	1.53896892	1.50034845	1.48254359	1.46891809	1.44049895	1.37597716	1.35084641	1.33067966	1.32054377	1.31945074	1.32035697	1.31577802	1.30579042	1.29304564	1.27736580	1.25574481	1.23748374	1.22382414	1.21526480	1.21330178	1.22042632	1.22324395	1.22034395	1.21525896	1.20799625	1.19503736	1.19233537	1.19364035	1.19510806	1.19433773	1.19037247	1.17515481	1.16544807	1.15707111	1.14637756	1.13025594	1.12409425	1.12259138	1.12017989	1.11641026	1.11595058	1.11712289	1.11982119	1.12085998	1.11960125	1.11795485	1.11826158	1.11430871	1.10772622	1.09888589	1.08690166	1.08957946	1.09304619	1.09553432	1.09822714	1.10525858	1.11566198	1.12713051	1.13812459	1.15158284	1.17492282	1.19943583	1.22154152	1.24430060	1.26798463	1.29007638	1.30657971	1.31171799	1.31244707	1.31206834	1.31022906	1.30390501	1.30089903	1.29954934	1.29895782	1.29899025	1.29698229	1.29215729	1.28545427	1.27902055	1.27621329	1.28100121	1.28354454	1.28222072	1.27729654	1.27092826	1.25652409	1.25070333	1.24732411	1.24421716	1.24318647	1.24781001	1.25473034	1.26004994	1.26433754	1.27262962	1.27742946	1.28969383	1.30445862	1.31645083	1.32008851	1.33151150	1.34550703	1.35382581	1.35327137	1.34570062	1.33174622	1.31629324	1.29636562	1.27297497	1.25112164	1.23140609	1.21400201	1.19564688	1.17615068	1.15839672	1.14454865	1.13204086	1.12100935	1.10995436	1.09574020	1.09080315	1.08880448	1.08669937	1.08099878	1.06777012	1.06180274	1.05373394	1.04416132	1.03376853	1.02332485	1.01548791	1.00707877	0.998653531	0.991312385	0.986700535	0.985294044	0.991805851	1.00107324	1.01054001	1.02025652	1.03387272	1.05109239	1.06699324	1.08119988	1.09788227	1.10363841	1.10044825	1.08606339	1.06928277	1.06995177	1.08039141	1.07407629	1.06629980	1.06318259	1.06167161	1.06613147	1.07002354	1.07807779	1.09397125	1.12032747	1.13809609	1.15101635	1.16855264	1.19728148	1.24089134	1.33705246	1.39761853	1.39475727	1.33276081	1.24804711	1.16543543	1.11994052	1.11404181	1.13697231	1.16471851	1.20632458	1.29903996	1.42597902	1.56119037	1.66965687	1.67509711	1.66598868	1.68389988	1.71229589	1.67654002	1.64501309	1.63298416	1.62424028	1.58723783	1.47510290	1.41453981	1.36318552	1.33034635	1.32383001	1.34994662	1.39471650	1.45627534	1.51621723	1.56798708	1.61687946	1.64976549	1.64786351	1.59418905	1.49217153	1.36565340	1.23744333	1.14219368	1.08110416	1.04345393	1.00660145	0.982351303	0.970971227	0.965211213	0.961278617	0.958837748	0.945315063	0.922812402	0.879281759	0.817233622	0.753736377	0.701821268	0.648926437	0.605881155	0.584470212	0.597433984	0.648202360	0.716197014	0.791114926	0.866706431	0.940774620	0.997335970	1.03993666	1.08111262	1.13239598	1.20431626	1.22851992	1.21940649	1.19803989	1.18462956	1.19853151	1.24745142	1.34374917	1.45299697	1.55179954	1.62779391	1.65366721	1.67065430	1.67270756	1.66244495	1.65115011	1.63748705	1.62643445	1.61760366	1.60694897	1.58676720	1.57888961	1.57968330	1.58826351	1.59837091
78.0000000	1.63049221	1.64872217	1.66876686	1.68886125	1.70905209	1.73119819	1.75099921	1.76888061	1.78297997	1.78763151	1.77336717	1.76861489	1.81057358	1.90198767	2.02750826	2.15369296	2.27438211	2.35013032	2.34050083	2.23462486	2.05120230	1.98219681	1.96298766	1.97519946	1.99353600	1.98577905	1.94685674	1.92490363	1.91457176	1.91095948	1.90961146	1.90388262	1.88739920	1.86676300	1.85124838	1.85280478	1.85135150	1.85157740	1.85342252	1.85556722	1.85543334	1.85287642	1.85576975	1.86204946	1.87034893	1.87999642	1.88909626	1.89537442	1.89963031	1.90290570	1.90648639	1.89639401	1.89516628	1.89680994	1.90087092	1.91243398	1.92212296	1.91792572	1.90374351	1.88795710	1.88342834	1.89001930	1.88126123	1.85698330	1.82067478	1.77948463	1.77021468	1.76922393	1.75561678	1.72277677	1.67836475	1.66914976	1.67558837	1.68368280	1.68798542	1.69160020	1.68321860	1.67785394	1.67061579	1.65940940	1.64493644	1.63675535	1.63223326	1.63082850	1.62836123	1.61701369	1.61940312	1.62173629	1.63041854	1.64458215	1.65608549	1.67486858	1.70240951	1.73407233	1.76794076	1.80482018	1.80931473	1.79343569	1.77240157	1.75141490	1.72566175	1.67477477	1.62439716	1.58844995	1.56165731	1.51954722	1.51832724	1.46682870	1.42041099	1.40078652	1.39602196	1.39565551	1.38662004	1.37112546	1.35074234	1.32640207	1.30190146	1.28788543	1.28058684	1.27759993	1.27788031	1.28463066	1.28328383	1.27763367	1.27033985	1.26292896	1.25878632	1.25038135	1.23790026	1.22271538	1.20738566	1.18414748	1.16435313	1.14379537	1.12194705	1.10196221	1.08798051	1.07618535	1.07023454	1.06813562	1.06224775	1.06609523	1.06679821	1.07022011	1.07666409	1.08087289	1.07760680	1.07152390	1.06588173	1.05990136	1.04876792	1.04762006	1.04789126	1.04958224	1.05382085	1.06286120	1.06858349	1.07685089	1.09084499	1.11120319	1.13601923	1.16518521	1.19816852	1.22642422	1.24930596	1.27406609	1.29999447	1.30816817	1.31294572	1.31764901	1.31456339	1.31529260	1.30834067	1.30040288	1.29605961	1.29777563	1.29694867	1.29154098	1.28495371	1.28053617	1.28158522	1.28387201	1.28384733	1.28206897	1.27948976	1.27745712	1.26764226	1.26218188	1.25722504	1.25197089	1.24866939	1.24958825	1.25238359	1.25423241	1.25509489	1.25771487	1.26098108	1.26696146	1.27414811	1.28275216	1.29470313	1.31071484	1.32602096	1.33739936	1.34368372	1.34576321	1.34221315	1.33003724	1.30501950	1.27225280	1.24613822	1.22886360	1.21274829	1.19403303	1.17298412	1.15389264	1.14022911	1.12905908	1.11710644	1.10472012	1.09587336	1.09356058	1.09433150	1.09789968	1.10108578	1.09781885	1.08534765	1.07435262	1.06435716	1.05338633	1.03796577	1.02431846	1.01264095	1.00568295	1.00315928	1.00175071	0.999475658	1.00083423	1.01053369	1.02889955	1.05187571	1.06863642	1.07156837	1.07068586	1.07183552	1.07669699	1.06858647	1.05596066	1.03439510	1.01750660	1.03695345	1.04943061	1.04307640	1.03597760	1.03503811	1.03597796	1.05304348	1.06308508	1.06455946	1.06146908	1.06336308	1.07827914	1.06829274	1.06184673	1.07494295	1.11114395	1.17405784	1.24699247	1.31411302	1.35752857	1.35729229	1.27391362	1.19576848	1.13397491	1.09235835	1.06745052	1.07450652	1.18409991	1.41883647	1.71601784	1.92764282	1.90051913	1.80032790	1.64045990	1.47765768	1.41201591	1.39103532	1.35745704	1.29881549	1.22088242	1.14766836	1.13960242	1.13105667	1.13347661	1.15266180	1.18876457	1.28511608	1.39223444	1.49629319	1.59066379	1.67591488	1.78444779	1.85332239	1.83949649	1.75166845	1.65027881	1.54303384	1.43648398	1.34892035	1.28936458	1.25756931	1.24239540	1.22917581	1.20378721	1.15887117	1.09383464	1.01983583	0.947048068	0.869574964	0.789636910	0.717571914	0.670918226	0.635987401	0.615951002	0.612547398	0.626081705	0.657540560	0.692921460	0.724034965	0.752141237	0.787949324	0.863401055	0.951546967	1.03388143	1.09485281	1.12186372	1.16058290	1.17778754	1.20914185	1.26477981	1.32930493	1.47440875	1.59846330	1.68381405	1.72888243	1.74816442	1.72467554	1.71272528	1.69951189	1.68177235	1.66578245	1.64385140	1.62286580	1.60326457	1.58472073	1.56614006	1.56338060	1.56384838	1.57797837	1.59801590
77.0000000	1.70052016	1.71268952	1.73162985	1.75371647	1.77745378	1.80347478	1.82553697	1.85664916	1.89577198	1.93639684	1.96654654	1.98401845	2.01065111	2.07147312	2.15435719	2.21002221	2.18177557	2.14881325	2.11159348	2.06736279	2.01015687	2.01762819	2.04618239	2.07070112	2.07450795	2.04936957	2.03630877	2.03708506	2.04856396	2.06338954	2.06998515	2.08495879	2.07152510	2.04367876	2.01901674	2.01873970	2.01789522	2.01117778	2.00530910	1.99916589	1.98377943	1.97037888	1.96403313	1.96579194	1.97343862	1.98149097	1.98311865	1.97616637	1.96786726	1.96386993	1.96823812	1.97554159	1.98319089	1.99415147	2.00581360	2.00999308	1.98586535	1.96300936	1.97415853	2.02589846	2.09866619	2.09837866	2.07507491	2.03681040	1.99422979	1.96056986	1.94851685	1.93038082	1.90690434	1.86319947	1.76874650	1.72520161	1.72428524	1.73647392	1.74561810	1.74894297	1.74690092	1.74657595	1.74399781	1.73724890	1.72646308	1.71463597	1.70460403	1.69643080	1.69006181	1.68532491	1.68809891	1.69458330	1.69973063	1.70229959	1.70485508	1.72061467	1.74681437	1.78572679	1.82848668	1.85509062	1.86812210	1.86433423	1.85262501	1.83320510	1.79759705	1.73103440	1.72488666	1.74412942	1.75961876	1.74808991	1.74299955	1.72049820	1.68647051	1.64635634	1.60515034	1.54341757	1.48387969	1.43086159	1.39563763	1.39643121	1.40166771	1.40456021	1.40294969	1.39344931	1.37144601	1.34331989	1.32688034	1.31399953	1.29947269	1.28101861	1.26906550	1.25180006	1.23295844	1.21407115	1.19446445	1.17924416	1.16500044	1.14953971	1.13084078	1.10705519	1.08978510	1.07296014	1.05967367	1.04902363	1.03611267	1.02805305	1.02558935	1.02621102	1.02673221	1.02329063	1.01835179	1.01187313	1.00702155	1.00361776	0.998135805	0.999348819	1.00144064	1.00461125	1.00905788	1.01497447	1.02507567	1.03660262	1.05504465	1.08255470	1.11794972	1.15518510	1.18924439	1.22027695	1.24791372	1.27126694	1.29215097	1.29510200	1.29210985	1.28693593	1.27511358	1.28046346	1.28528988	1.28970981	1.29319596	1.29457760	1.29344392	1.28418446	1.27748299	1.27828074	1.28577483	1.28795099	1.29279661	1.29688680	1.29865313	1.29838252	1.29674876	1.29417086	1.28773379	1.28062713	1.28214550	1.27168345	1.27068543	1.27228463	1.27328300	1.27415121	1.27910173	1.28440893	1.29239595	1.30400777	1.31881082	1.33311474	1.35270727	1.36839700	1.37796867	1.38618457	1.38162148	1.36420751	1.33924162	1.30972648	1.27637064	1.24722099	1.22167635	1.20232940	1.18758547	1.17166197	1.15429866	1.13952446	1.12883508	1.12218904	1.11800730	1.10239553	1.09540856	1.09616148	1.10039210	1.10045910	1.09091783	1.08323729	1.07673335	1.06748700	1.04834497	1.03283811	1.01837015	1.01069117	1.00854611	1.00367475	1.00720000	1.00263047	0.996628046	0.998900950	1.02220464	1.05575895	1.08170521	1.10607183	1.13039112	1.15170050	1.12935734	1.09401369	1.06009758	1.03593016	1.02372622	1.04381418	1.06212926	1.06643403	1.05761576	1.04968786	1.03972101	1.04895020	1.05407488	1.05198359	1.05975318	1.04862332	1.03083587	1.02281809	1.02998960	1.04676116	1.05388367	1.05801392	1.06781280	1.08382761	1.09849119	1.11854064	1.14522123	1.16258001	1.16460717	1.15523624	1.14494252	1.18429744	1.26954854	1.37733841	1.46470416	1.45493388	1.37294888	1.27706110	1.21067357	1.20227981	1.19018054	1.15689683	1.12179899	1.09146202	1.05966568	1.07584834	1.12580037	1.21163297	1.33437657	1.49398220	1.72284424	1.97222912	2.23089504	2.49474072	2.76680398	2.96384859	2.96961856	2.85530138	2.67181730	2.44982123	2.19086766	1.98048306	1.81714523	1.69914174	1.62456906	1.57073653	1.49744272	1.39443398	1.26623344	1.13214135	1.02194357	0.924007237	0.839653611	0.769464374	0.713280976	0.676529169	0.651030719	0.639070213	0.640590370	0.653192103	0.673217058	0.691269338	0.701622009	0.707500577	0.721082509	0.772853315	0.853455544	0.954163015	1.06423903	1.17093587	1.25225592	1.24394524	1.26823497	1.35877824	1.46065104	1.60302901	1.70446444	1.75444937	1.76298428	1.76057744	1.72293019	1.69213843	1.66250420	1.63665926	1.62556398	1.60030293	1.57032096	1.54866087	1.53935111	1.53740597	1.56270754	1.58955598	1.62219465	1.65062928
76.0000000	1.72413170	1.72879529	1.74348855	1.76279759	1.78232741	1.79870379	1.83107400	1.88484931	1.95225561	2.02556801	2.09711051	2.15639997	2.21571898	2.27749181	2.33286881	2.36172581	2.35627604	2.32479978	2.29256845	2.27078319	2.25657487	2.28984642	2.32956290	2.34730530	2.34357905	2.34781408	2.35326028	2.36303282	2.37448931	2.38624263	2.39816356	2.36868167	2.32514024	2.27800632	2.23397493	2.19596910	2.18820858	2.17867637	2.16045833	2.13380909	2.10615063	2.08784986	2.07457232	2.06386447	2.05463433	2.04715228	2.03556132	2.03440571	2.04030013	2.04784179	2.04960799	2.06072688	2.06628990	2.05601692	2.03537726	2.02559090	2.08209538	2.15820312	2.18513036	2.15884590	2.14007211	2.09981394	2.04090643	1.99148262	1.96689045	1.96969128	1.97420430	1.96050394	1.93328571	1.89410889	1.84139574	1.82170451	1.82898951	1.83917820	1.83842468	1.82310915	1.80602491	1.79610550	1.78926289	1.78523016	1.78756297	1.77295160	1.76966310	1.76799428	1.76453245	1.76215518	1.75584114	1.76302505	1.78135061	1.80967796	1.84808362	1.86274576	1.86095953	1.82326031	1.77565432	1.78961766	1.79541492	1.81318152	1.81782377	1.81058407	1.81903970	1.83993614	1.86693120	1.87531126	1.86012590	1.83618867	1.82160974	1.79957712	1.76530302	1.72515988	1.69668007	1.63212204	1.55046690	1.48839438	1.46994388	1.50651491	1.50063586	1.48846817	1.46710575	1.43593144	1.39661753	1.36343527	1.34358597	1.32772756	1.31233895	1.29972005	1.28914833	1.26668894	1.24145317	1.21851313	1.19890213	1.18798411	1.18005288	1.17047668	1.15744221	1.14195418	1.12744224	1.09205127	1.05077314	1.01929975	1.01402354	1.01433039	1.00916231	1.00559545	1.00503063	1.00319409	0.991135120	0.983214319	0.981909096	0.988070786	1.00092363	1.00992048	1.01503730	1.02079594	1.03015316	1.04450119	1.05598664	1.06541216	1.07880354	1.09898067	1.12555647	1.16106379	1.18563044	1.20481384	1.22003222	1.22856474	1.24343109	1.25266874	1.25154126	1.24348652	1.24011743	1.24396455	1.25016224	1.26743817	1.29379046	1.31648850	1.31578529	1.31048357	1.30605376	1.30559170	1.30981922	1.31867671	1.33289933	1.34818065	1.36226273	1.37493634	1.37702441	1.37392271	1.36467278	1.35081935	1.33640921	1.33195186	1.32865453	1.33196592	1.33942676	1.34066999	1.32980788	1.33418632	1.34175718	1.34819078	1.35687661	1.37101173	1.38599420	1.40400767	1.41900921	1.41672778	1.40821207	1.38805401	1.36330712	1.33783376	1.31230521	1.29273391	1.26739705	1.24294639	1.22232723	1.20477867	1.18710363	1.17324626	1.16078496	1.14865839	1.13716555	1.12008488	1.10411453	1.09176278	1.08407044	1.08061123	1.07194722	1.05924463	1.04607153	1.03421438	1.02367830	1.01846313	1.01710546	1.01499295	1.00998104	1.00239265	0.998329878	0.985321999	0.990951061	1.02280200	1.06846225	1.11590230	1.15139616	1.16486239	1.15687358	1.13865638	1.12398708	1.09828675	1.06585515	1.03695023	1.02778780	1.02600121	1.03488803	1.03794587	1.02653050	0.999856055	0.999990225	1.00373554	1.01247048	1.02358556	1.03048313	1.01598930	1.00592554	1.00142062	1.00337112	1.01244044	1.03411019	1.04894924	1.06555116	1.09153593	1.13354945	1.17613196	1.19585955	1.20471370	1.20368636	1.18278110	1.20624661	1.23890567	1.26470470	1.27035069	1.24531257	1.16978908	1.10447526	1.07004392	1.06438458	1.06260395	1.04569697	1.03127873	1.03539455	1.06560183	1.12096953	1.20879948	1.37238729	1.58492708	1.83572495	2.13019753	2.41750884	2.66299558	2.83886909	2.92406154	2.90422630	2.97452378	3.15927505	3.33292556	3.37342072	3.16220760	2.88522005	2.55279636	2.25540495	2.03681970	1.89412057	1.83895707	1.77269363	1.66748738	1.51698220	1.33630753	1.15230393	0.997747302	0.871249974	0.775557339	0.717549086	0.691067636	0.681323290	0.684360385	0.695153654	0.707607746	0.723311126	0.736832380	0.752717257	0.769843698	0.781421959	0.779950738	0.803773403	0.895902336	1.07976496	1.35920358	1.62762809	1.72938442	1.74627304	1.73969519	1.75065315	1.83949745	1.88423908	1.89343083	1.87899101	1.85620236	1.79212523	1.73579383	1.68941057	1.65269351	1.62287772	1.59329760	1.58543658	1.58472681	1.58548331	1.59090316	1.61578619	1.64757347	1.68027282	1.70375562
75.0000000	1.82417059	1.82587957	1.82469857	1.82031810	1.81990898	1.83812296	1.87500679	1.90988612	1.96277177	2.03285074	2.09848356	2.15199471	2.21336508	2.28408980	2.35594559	2.41099238	2.43074608	2.43064308	2.41539097	2.39888668	2.40421605	2.41653609	2.43311000	2.44583416	2.45581865	2.47338891	2.48807073	2.49987006	2.51137280	2.51642513	2.50013280	2.46388769	2.41518807	2.36648846	2.32889295	2.31215525	2.30576897	2.29147220	2.26828074	2.23435807	2.18701625	2.15231872	2.14499283	2.14529204	2.13776278	2.11124539	2.06944180	2.03332806	2.02447987	2.04195571	2.06229591	2.07544279	2.05662227	2.01530075	1.99891746	2.09288239	2.38073730	2.55149579	2.53969455	2.38219523	2.21818233	2.16657519	2.15080190	2.14789534	2.13369989	2.08286953	1.99092972	1.91008580	1.86237621	1.85115063	1.86106896	1.86290312	1.86950314	1.88028753	1.88962972	1.88685870	1.87047958	1.84884965	1.83280885	1.82587826	1.82425725	1.82315063	1.81886089	1.81762731	1.82412708	1.84147489	1.83737469	1.87663651	1.95085204	2.04104257	2.11766148	2.17119813	2.17070580	2.12530136	2.05117083	1.97157085	1.90922105	1.84609830	1.79799533	1.78137159	1.81335151	1.85332203	1.86770356	1.85613263	1.82673013	1.79610193	1.78437090	1.76954627	1.75144351	1.73007536	1.70565259	1.64038908	1.56324351	1.52116740	1.52782357	1.56358731	1.56700540	1.55298495	1.52232492	1.48247874	1.44755507	1.42125547	1.40199351	1.38787746	1.37255132	1.34519482	1.32084167	1.28755784	1.24560869	1.20453680	1.18316245	1.17464745	1.16258311	1.15398586	1.15180719	1.15493369	1.15548074	1.13226652	1.10769773	1.09148812	1.08065999	1.05525637	1.04343474	1.03820813	1.03388333	1.02606070	1.01076317	0.993288279	0.987605572	1.00185251	1.03833377	1.05137992	1.05726993	1.06541741	1.08073461	1.10363185	1.11210573	1.11688662	1.12268925	1.13069820	1.13856661	1.15470099	1.17125273	1.18725014	1.20045424	1.20735979	1.21254706	1.21936607	1.22875369	1.23732698	1.23738503	1.24216735	1.24332929	1.25249696	1.27023363	1.28604090	1.28871930	1.29799020	1.30539572	1.31053746	1.32107604	1.32845366	1.34826767	1.37268186	1.39626479	1.41599178	1.41666114	1.41612184	1.41332901	1.41138279	1.41752839	1.42002201	1.42359555	1.42832637	1.43177307	1.42897499	1.42368662	1.41340363	1.40235770	1.39309418	1.38647282	1.39573872	1.39769638	1.39660907	1.39345956	1.38595104	1.36612546	1.33965921	1.31719780	1.30217457	1.29081023	1.28628552	1.27533853	1.25667739	1.23332560	1.21262050	1.20527840	1.19531262	1.18091178	1.16124094	1.13644207	1.11870027	1.10952961	1.10429752	1.09945202	1.09252191	1.08181763	1.06352782	1.04777133	1.03661752	1.02408659	1.01975656	1.01984584	1.01840425	1.01638496	1.02164435	1.03478599	1.06309175	1.07822406	1.08325970	1.11268985	1.16405952	1.20600200	1.21651113	1.19184816	1.14654088	1.09389722	1.07361722	1.07181537	1.07408237	1.06548512	1.04934001	1.05492532	1.05236340	1.03735983	1.03120458	1.03634524	1.03704882	1.03905976	1.04236710	1.04120338	1.04688525	1.04253566	1.04658616	1.06434429	1.08799314	1.11373770	1.13657582	1.13681436	1.12599862	1.14691246	1.15891242	1.17075658	1.16587949	1.14721406	1.13719368	1.18655252	1.21755815	1.21239579	1.16794324	1.09577119	1.02212155	0.984798849	0.977051497	0.983640909	0.980842650	0.941408336	0.913399875	0.907822251	0.926174819	0.960452199	0.994830906	1.02326214	1.05740321	1.10576034	1.17368925	1.25992167	1.34223092	1.41972983	1.49325144	1.56534815	1.71696115	2.07477427	2.46404672	2.76804638	2.92804861	2.72216249	2.44319987	2.14492178	1.89957321	1.79788017	1.78990996	1.78066278	1.74081576	1.65142488	1.50392509	1.30430532	1.11761653	0.955355108	0.826332986	0.736677945	0.689445257	0.669468701	0.670049369	0.685454786	0.710917473	0.730193019	0.750330865	0.777119517	0.810766220	0.845896244	0.872952640	0.912313521	0.988245010	1.12169135	1.33027470	1.58387423	1.87864983	2.04050255	2.05543113	2.06953120	2.09792733	2.12151217	2.11875272	2.08132124	2.01409483	1.92255592	1.84441066	1.77578962	1.72263920	1.70072377	1.69029486	1.69497967	1.70701230	1.72250354	1.74144137	1.77184737	1.79994822	1.81791127	1.82435596
74.0000000	1.97650898	1.95452154	1.93808198	1.93836975	1.96011162	2.00158262	2.04238749	2.08658338	2.11492491	2.12284946	2.12047553	2.17931747	2.25844026	2.33683443	2.40725780	2.47623634	2.47590470	2.47096634	2.46912122	2.46634817	2.44690561	2.45359945	2.44973016	2.44833136	2.46426725	2.51423192	2.55559921	2.58833098	2.60282254	2.60240602	2.60335374	2.59205937	2.57527876	2.55597186	2.53864336	2.52934361	2.49153805	2.42682409	2.35579681	2.29881310	2.27598977	2.26787806	2.23964858	2.20319772	2.16213965	2.11180663	2.05594397	2.01520395	1.99133813	1.98017776	1.97163522	1.96438026	2.01039004	2.11144686	2.22804618	2.27939701	2.29763246	2.34662247	2.39780235	2.40362883	2.29757977	2.21080112	2.15991068	2.13421917	2.11624861	2.08173084	2.01634908	1.96363950	1.93112087	1.91956747	1.92300868	1.92046297	1.90632081	1.88648760	1.87117386	1.87489653	1.88240588	1.88797891	1.88810992	1.88231552	1.87313426	1.87609470	1.87431848	1.85384595	1.82554996	1.82513726	1.86149502	1.92799282	1.99941075	2.06276441	2.11730528	2.15293002	2.13384700	2.06764579	1.97621894	1.89576042	1.83212113	1.76646674	1.70616484	1.66654277	1.67088735	1.69758570	1.70707536	1.70568419	1.69951570	1.69444954	1.71972167	1.73075163	1.71348000	1.66636848	1.60039926	1.54118991	1.48934615	1.46453893	1.46853387	1.48518980	1.49996424	1.50786495	1.52565777	1.53986299	1.50675476	1.48224676	1.45520413	1.42964625	1.40662861	1.38424480	1.35037780	1.31511569	1.27556968	1.23230064	1.18932033	1.16993904	1.14967906	1.12959325	1.11269391	1.10395229	1.11274922	1.12118042	1.12472868	1.12672675	1.13835704	1.12743795	1.10375857	1.08575857	1.07633162	1.06282520	1.06232011	1.05269361	1.04156041	1.03423941	1.03375316	1.04342759	1.05216360	1.05943191	1.06666267	1.07724535	1.08608651	1.09151113	1.09405160	1.09525251	1.09767032	1.10861063	1.12178409	1.13652313	1.15142059	1.16432917	1.18831062	1.20876002	1.22053981	1.22559488	1.23295259	1.23355460	1.23861361	1.24284375	1.24390185	1.24238801	1.24164581	1.24701440	1.25743473	1.27264857	1.29319811	1.32092559	1.33888328	1.35253716	1.36693776	1.38671994	1.40495181	1.42207432	1.43649030	1.44753063	1.45545447	1.46555638	1.47336233	1.47346818	1.46447480	1.44898665	1.43274415	1.41893470	1.40622365	1.39449894	1.38487113	1.38188231	1.37816215	1.36766887	1.35144496	1.33761680	1.32149649	1.29265106	1.26800478	1.25555170	1.25435448	1.24391294	1.23888934	1.23286867	1.22389853	1.21448863	1.20167065	1.19161534	1.17647099	1.15279651	1.12156212	1.10242510	1.09872007	1.10650134	1.11894953	1.12637055	1.11430991	1.09866548	1.08124530	1.06193805	1.03871191	1.03130376	1.02714109	1.03278625	1.05065036	1.07899380	1.13567793	1.16942036	1.16053760	1.12590241	1.11894476	1.18151546	1.22799993	1.24652517	1.23865366	1.21938229	1.18696141	1.16380084	1.13848805	1.10923672	1.08388698	1.08174419	1.08030319	1.06418073	1.03821433	1.02746344	1.03705680	1.03504372	1.04054213	1.05284297	1.05141103	1.02803409	1.00760496	1.00640917	1.02031791	1.02478802	1.03053796	1.04060924	1.05778849	1.08677483	1.13418019	1.21940327	1.23827124	1.20770395	1.16790426	1.18235707	1.28693056	1.30515754	1.24023497	1.11761475	0.985004425	1.05458403	1.09644675	1.08204591	1.02236605	0.967922628	0.968314886	0.952269375	0.925839007	0.899449229	0.887899101	0.902530015	0.910296917	0.920019925	0.937245607	0.964247048	1.00428402	1.04515231	1.09600592	1.16009355	1.23475838	1.35078514	1.48530185	1.66995847	1.90777040	2.17312002	2.27839613	2.13378382	1.86545777	1.59924614	1.46063042	1.48831606	1.50710201	1.50939667	1.48428881	1.41754806	1.29158938	1.17527521	1.07265747	0.982163966	0.896596849	0.834159195	0.802218139	0.780361593	0.755935609	0.724044561	0.741932869	0.795013785	0.851120412	0.898851931	0.947573543	1.04332411	1.16197431	1.26771867	1.33726931	1.35985506	1.43269920	1.51720607	1.63735676	1.78894615	1.93958402	2.02026582	2.08269620	2.10445404	2.08336973	2.03752708	2.00675964	1.97651649	1.95101595	1.93313205	1.92439377	1.94836259	1.96487200	1.97203195	1.96954954	1.95872855	1.99394715	2.01278400	2.01630068	2.01154304
73.0000000	2.12393117	2.14804792	2.16383362	2.17388058	2.17609096	2.16367674	2.19796515	2.21468449	2.21739435	2.21114731	2.20248842	2.23246670	2.28264260	2.34393072	2.39997554	2.42715287	2.45192075	2.45747900	2.45649433	2.45465827	2.45068836	2.44731402	2.46141100	2.48201156	2.50771928	2.54670978	2.57443285	2.60301018	2.62112284	2.62584782	2.62265778	2.62381148	2.62727141	2.61875486	2.59405136	2.55902004	2.47840810	2.41226530	2.36609054	2.33632994	2.31037545	2.27217865	2.22064638	2.15914106	2.09303474	2.02971125	2.00074005	1.97597039	1.95152164	1.93105781	1.92578697	1.97224987	2.08575487	2.25960827	2.40781951	2.36509752	2.17194533	1.97224474	1.87758267	1.90607178	1.98235142	2.01285887	2.02985215	2.03232741	2.01689434	1.97777569	1.96548283	1.95631468	1.94448781	1.93175519	1.92740571	1.93515027	1.95702994	1.95967484	1.93567908	1.90360177	1.89903831	1.88633394	1.86281276	1.84828520	1.88504755	1.98530281	2.04219794	2.01316977	1.91923177	1.84497416	1.85171556	1.88979053	1.93227792	1.96066403	1.96484578	1.93173158	1.89369869	1.86027145	1.82716596	1.77628946	1.73384488	1.68993962	1.64957619	1.61389709	1.58018613	1.56883442	1.55584264	1.53929842	1.52631354	1.53302348	1.56702399	1.58218157	1.57043290	1.53841889	1.50748503	1.51972520	1.53711033	1.54163897	1.53743291	1.55073965	1.53939795	1.53116071	1.51855087	1.50542629	1.50697768	1.50010657	1.45229757	1.40401924	1.37843156	1.38138664	1.35276604	1.31771696	1.28317833	1.25185156	1.22220087	1.19160986	1.15993822	1.13149369	1.11038005	1.10049701	1.10952413	1.11383879	1.11781240	1.12348557	1.13056850	1.10797131	1.07885516	1.07898033	1.09773219	1.07812083	1.07046008	1.05744433	1.04934859	1.05219495	1.06775260	1.06770885	1.05446219	1.03975451	1.03075564	1.03006434	1.03147769	1.03260469	1.03630257	1.04052687	1.03833222	1.05148327	1.06638980	1.08198655	1.09823382	1.11611843	1.12159681	1.12761152	1.14127016	1.16117322	1.17741370	1.19561625	1.20511436	1.20899403	1.21024084	1.21174073	1.20789337	1.20427620	1.20579064	1.21387744	1.22651780	1.25492895	1.27641320	1.29069614	1.30388892	1.32848763	1.35959625	1.38389790	1.40377867	1.41893816	1.42638826	1.44157994	1.44543850	1.44704473	1.44880080	1.44643056	1.43961561	1.42863619	1.41344643	1.39778042	1.38915420	1.37895441	1.36072612	1.34173715	1.32489061	1.30872464	1.28192711	1.25701094	1.23958731	1.23300779	1.23836422	1.22408128	1.22000110	1.22151124	1.22070003	1.20635641	1.19518948	1.17550576	1.15002167	1.12359738	1.10323858	1.08224308	1.07711351	1.07505476	1.06933677	1.05929458	1.05133164	1.04804075	1.04546475	1.03987193	1.02775490	1.01512444	1.00463176	1.01032567	1.03718293	1.08110988	1.20912206	1.24664748	1.20629907	1.13940036	1.13598382	1.16060805	1.14802980	1.12733233	1.11865270	1.13318372	1.19370055	1.23062670	1.22694886	1.17852902	1.09410393	1.07971179	1.05887842	1.04245794	1.03772199	1.04835999	1.04949844	1.03667164	1.03178406	1.03751886	1.03733766	1.01066160	0.978550375	0.974193096	0.994182587	0.998514295	0.990117729	1.01272237	1.05579853	1.09038889	1.06910789	1.08361375	1.13068283	1.14008749	1.10216618	1.06782293	1.18356860	1.24254632	1.20243335	1.08946383	0.998428404	1.15524709	1.31873357	1.39054167	1.31187654	1.06349266	0.982154727	0.981573224	0.996941924	0.995095253	0.974509120	0.938600183	0.908873856	0.894901335	0.898073673	0.911600709	0.928108335	0.957757235	1.00387096	1.07108343	1.16533840	1.27683687	1.38454378	1.48338437	1.60835159	1.83450520	2.22279429	2.35206270	2.23011112	1.95853794	1.73273957	1.63637292	1.56679642	1.50793564	1.44888258	1.38389671	1.29339755	1.22158396	1.16686606	1.11545634	1.04136980	0.960465074	0.899861038	0.852424145	0.810097992	0.763904035	0.780904770	0.841942966	0.947999656	1.10183978	1.30801165	1.49785125	1.61719894	1.70047712	1.77000558	1.83600426	1.85836542	1.82945645	1.83216965	1.90752280	2.05466008	2.11902380	2.13314104	2.10893726	2.06789041	2.04103065	2.02586555	2.04360795	2.08571267	2.13788629	2.18008780	2.20843172	2.21247363	2.20703220	2.19536233	2.16915441	2.15232253	2.15637350	2.15114617	2.13504553
72.0000000	2.16020918	2.19525290	2.23158693	2.25953984	2.27503490	2.27959156	2.28275847	2.28154707	2.27258778	2.25769281	2.24385524	2.23185372	2.23450255	2.25674343	2.29509258	2.33763981	2.37068367	2.39248252	2.41028404	2.42730427	2.44272923	2.47621226	2.49476004	2.52324653	2.56580138	2.60580945	2.66543174	2.69585538	2.68946409	2.65592241	2.62217426	2.62638354	2.62944555	2.60534549	2.54937983	2.47815585	2.45617294	2.42680812	2.39693618	2.36212850	2.30665445	2.23477674	2.16130471	2.09267569	2.02987146	1.96841848	1.95035589	1.93314445	1.92853630	1.93590701	1.94225633	1.91771698	1.96424031	2.09532642	2.24263859	2.25600290	2.06546450	1.87883854	1.82170427	1.89368105	1.96842790	1.98509145	1.98571980	1.97080386	1.94847298	1.93449569	1.91776252	1.91765022	1.91890872	1.91861522	1.92617464	1.92897081	1.92410076	1.93366742	1.94979858	1.93464661	1.88966501	1.85349560	1.83519351	1.84033704	1.87102747	1.94510341	1.96909273	1.95815575	1.93060327	1.90789652	1.91224456	1.93756032	1.98468435	2.04374480	2.09415603	2.09367323	2.05406809	2.01358962	1.97980213	1.92958748	1.86120868	1.78828752	1.72173119	1.67418528	1.66003382	1.66965234	1.71686316	1.77516270	1.83833015	1.92042613	1.99546909	2.00084233	1.97314322	1.92329574	1.83654904	1.65122998	1.57170868	1.58649671	1.63837242	1.62438142	1.57237482	1.53228259	1.50775492	1.49797380	1.49765158	1.56156504	1.59183204	1.57082820	1.51979756	1.49885213	1.44371748	1.35937977	1.29376495	1.26576793	1.26525283	1.26556313	1.22918844	1.18772757	1.15924609	1.14827669	1.16298437	1.16981757	1.17232108	1.16522372	1.13443744	1.12069678	1.11280704	1.10444689	1.09047413	1.06692493	1.05288863	1.04333234	1.03390312	1.03234553	1.05850089	1.07555366	1.06769943	1.05282354	1.04024160	1.03069913	1.02472961	1.01838064	1.01424706	1.01601756	1.02847445	1.04606295	1.05902958	1.07130051	1.08420610	1.09648144	1.10056579	1.10517097	1.11300039	1.12754142	1.15306520	1.17368078	1.18700361	1.19721067	1.20594919	1.21233547	1.20449436	1.19287026	1.17856073	1.16795051	1.17271197	1.21458066	1.25730860	1.29165375	1.31625807	1.33764744	1.36915195	1.38488400	1.39784586	1.41030896	1.41381586	1.42183745	1.43060565	1.44087958	1.45271575	1.46546865	1.48157763	1.48428571	1.47686672	1.46200979	1.44182014	1.41369581	1.38053238	1.34449553	1.30807471	1.27408266	1.24133205	1.21973419	1.20690858	1.20324051	1.21188176	1.21847284	1.22736609	1.23176599	1.23025584	1.22679710	1.21523905	1.19719470	1.17058313	1.13976848	1.11555934	1.08366215	1.05788434	1.03594923	1.01431930	0.988194764	0.977532566	0.966254354	0.960876048	0.962155521	0.965092301	0.961976588	0.953262568	0.957145512	0.980524898	1.01900399	1.11252010	1.13886750	1.10916197	1.05622911	1.03460479	1.03981948	1.06777799	1.10664952	1.14569175	1.17525017	1.19421184	1.22581315	1.24885869	1.25069523	1.22721183	1.17491210	1.11231542	1.07363880	1.06621981	1.07051492	1.05634749	1.03580356	1.02784717	1.03411198	1.03890157	1.01213920	0.990067840	0.997203171	1.03295660	1.07163525	1.05646038	1.04360843	1.03285778	1.01945126	0.994096935	1.04262495	1.08821893	1.07965457	1.02911186	1.01217461	1.10778403	1.20101917	1.22945535	1.19655573	1.17167175	1.24104452	1.26452458	1.26470137	1.27350760	1.33221829	1.36072767	1.31626356	1.23431170	1.14734972	1.08484745	1.05001915	1.01126659	0.968570828	0.930905759	0.916238785	0.931264162	0.957687140	0.993881941	1.04597604	1.12785017	1.24053001	1.34823310	1.44219661	1.56260121	1.79857039	2.41432118	3.06366444	3.45957088	3.51115537	3.32368112	2.91083860	2.49099255	2.15031743	1.90504456	1.70146108	1.54025221	1.42152143	1.33123791	1.25436008	1.17483556	1.07669091	0.986388862	0.915479839	0.868146181	0.841201603	0.898072600	1.02530420	1.20992184	1.45191216	1.76422250	1.97923803	2.01649070	2.06969213	2.25742245	2.62313223	2.82621813	2.84963155	2.79940248	2.71311760	2.55992055	2.43846846	2.32579827	2.22345829	2.13851404	2.08354878	2.07240105	2.10005093	2.14944887	2.20331407	2.24413180	2.24303460	2.22428513	2.20592880	2.19310689	2.17805767	2.18998551	2.20596886	2.20169592	2.18228459
71.0000000	2.26932526	2.29089117	2.30576038	2.32730865	2.35324454	2.36560988	2.34560275	2.32592511	2.31655526	2.30764747	2.26953197	2.24041200	2.22078943	2.21145487	2.22190499	2.27034283	2.33948851	2.39938331	2.44576764	2.49668002	2.59245753	2.60794854	2.63313937	2.67839885	2.70624161	2.63132668	2.67633843	2.65669966	2.62648177	2.59114170	2.50752187	2.45220232	2.46670985	2.47100830	2.44549227	2.43098807	2.41191483	2.38090682	2.33747721	2.28286290	2.22002387	2.16892385	2.13015938	2.09447026	2.04834604	1.97402799	1.93757081	1.90999174	1.89971983	1.90255606	1.90167081	1.90686738	1.92859685	1.93260968	1.91781831	1.91629624	1.89502788	1.86706638	1.87057531	1.90314472	1.92179179	1.95747542	1.96856654	1.97155011	1.97603798	1.98476791	1.99651909	1.98215759	1.99694657	2.03427410	2.02565217	1.99024642	1.95450926	1.94913566	1.96773803	1.96684694	1.93587029	1.91241562	1.89955556	1.89580023	1.89509749	1.87476325	1.86642206	1.89512694	1.96838737	2.07616901	2.11954880	2.16180038	2.21789885	2.30058408	2.42036152	2.43943882	2.29370713	2.08977151	1.91678178	1.84643400	1.88655102	1.91344833	1.92584515	1.93001711	1.93979561	2.00756502	2.12360573	2.20793533	2.24183917	2.26786971	2.30813336	2.26894498	2.16595459	2.03410673	1.92763877	1.71220565	1.56983030	1.52983916	1.56074965	1.57027030	1.52236021	1.49259281	1.47803688	1.47342134	1.47113574	1.53312862	1.58542323	1.58766484	1.54346609	1.50040531	1.54866540	1.59664750	1.60249126	1.55074847	1.45238328	1.32396472	1.27167773	1.28978205	1.33975673	1.35030150	1.30807388	1.27870405	1.27136314	1.28517854	1.30923486	1.27742147	1.21653485	1.15585673	1.11477423	1.10277975	1.08777690	1.07803857	1.06939828	1.05903006	1.04544914	1.03726256	1.02300215	1.01113439	1.00538492	1.00473797	0.997504830	0.997041821	0.996147394	0.994819403	1.00025523	1.01865280	1.03828025	1.05420518	1.06959069	1.09569502	1.10316348	1.10858524	1.12006080	1.13792086	1.15472734	1.16705143	1.18154144	1.19644094	1.21023536	1.22165239	1.22082269	1.21009755	1.20518744	1.21645033	1.24889445	1.26728892	1.30369723	1.33834803	1.36263573	1.37912011	1.41046202	1.41873074	1.42245805	1.42827821	1.43092799	1.44280457	1.47029030	1.50040817	1.52535653	1.54251027	1.54093993	1.51929986	1.48576951	1.44486070	1.39741790	1.36668909	1.33954585	1.33080804	1.33376122	1.32015753	1.30478871	1.29957867	1.29409993	1.28993666	1.30068660	1.32314634	1.34995008	1.34527600	1.30902517	1.27682149	1.28131211	1.28843868	1.28957355	1.27961552	1.25698960	1.20680201	1.14591491	1.08538353	1.03013992	0.978993297	0.954054832	0.940825224	0.937002778	0.939053774	0.942211926	0.961004019	0.980301440	1.00003386	1.02312565	1.05549586	1.11267781	1.14264476	1.11763847	1.05993295	1.04183340	1.08429337	1.12939489	1.19237840	1.25075042	1.24428415	1.18257797	1.17210436	1.18902302	1.20650506	1.19473410	1.13057601	1.07493734	1.04296613	1.03513432	1.03723848	1.02590227	1.01901209	1.02524567	1.03977799	1.04428089	1.01231349	0.994903088	1.01317930	1.06135643	1.10673320	1.06771743	1.03175092	1.01910317	1.02443528	1.01679921	1.02185893	1.03256702	1.03624725	1.03430367	1.04221928	1.10255849	1.16489506	1.21014738	1.23454332	1.24962091	1.28115213	1.33669055	1.38671911	1.40749013	1.38102603	1.38341844	1.41950464	1.43301880	1.39354479	1.29651570	1.20169091	1.13610125	1.08455563	1.03483605	0.977697432	0.950006664	0.956533611	0.985605478	1.02812624	1.07757640	1.15828407	1.23440361	1.33669913	1.49696708	1.74803674	2.13231754	2.55256701	3.06542230	3.57244515	3.82012224	3.61614037	3.16389513	2.62564087	2.13686705	1.80629766	1.60444474	1.46272147	1.36958015	1.30525756	1.24177575	1.17798471	1.09563911	1.02153122	0.973680794	0.961335123	1.08499110	1.36584866	1.68994141	1.98308158	2.21086001	2.40411186	2.47336245	2.51054144	2.62676525	2.95234060	3.18562984	3.15921688	3.03343129	2.89066100	2.73535371	2.59302688	2.44143128	2.30918622	2.21113634	2.14835167	2.14685440	2.17937398	2.21120191	2.22618866	2.22674394	2.20318151	2.17328763	2.14996266	2.13870573	2.13761330	2.14465117	2.15550256	2.17812157	2.20295835
70.0000000	2.41212273	2.43961835	2.43404222	2.42910266	2.43024302	2.41464376	2.40113497	2.40236115	2.40010452	2.38329196	2.34799647	2.28790045	2.24088025	2.22692657	2.25378156	2.31693792	2.39444685	2.58821082	2.90380716	3.28184271	3.59795213	3.35549498	3.04641032	2.76505566	2.55358601	2.40195298	2.31882215	2.22313881	2.14227962	2.08377790	2.03532290	2.12136126	2.25511479	2.32299232	2.30543852	2.27693510	2.24623537	2.19213820	2.14031029	2.10116243	2.06985378	2.05129218	2.04307914	2.02031183	1.97302067	1.90616858	1.85742915	1.82167900	1.79317284	1.77477849	1.77797651	1.79813421	1.82768476	1.85921097	1.88567770	1.90043259	1.93356907	1.95595634	1.95326769	1.92779696	1.89845979	2.02335906	2.07822013	2.07950830	2.04962945	2.01693296	2.03168702	2.01470327	2.01746273	2.03727889	2.01729655	1.96803617	1.91933513	1.89871204	1.91014636	1.93407857	1.93372428	1.94609296	1.96228087	1.97476912	1.97742140	1.98333788	1.99685919	2.01974201	2.06540442	2.15892816	2.25854778	2.39214373	2.55546474	2.78036833	3.13482022	3.67796016	3.64046931	3.17072558	2.57460809	2.31549430	2.30719352	2.29999542	2.29385018	2.26533031	2.16763115	1.95856380	1.88994992	1.91777265	1.98636639	2.02841568	2.01867247	1.92609632	1.81612504	1.72679412	1.66873813	1.56583571	1.49226129	1.45541775	1.45194161	1.46770334	1.45870435	1.43618977	1.44090438	1.47197556	1.48691297	1.42221284	1.40828323	1.44482708	1.51287925	1.57480609	1.94200420	2.18162608	2.17530704	1.97775912	1.81676710	1.56295955	1.34810507	1.31818032	1.43690383	1.48573601	1.49930036	1.50660241	1.49629354	1.47734857	1.47906637	1.45204926	1.33170986	1.23219466	1.19847465	1.20634544	1.18743539	1.14969397	1.11906731	1.10341763	1.09252238	1.06887960	1.02824128	1.00038624	0.992886722	0.991108596	0.976385295	0.969129801	0.958462298	0.949510217	0.963408411	1.03880250	1.11213458	1.16175354	1.18318760	1.18914366	1.16740096	1.14829242	1.15558612	1.18756437	1.21702361	1.22350430	1.25294137	1.29659474	1.33469117	1.33642399	1.31710160	1.33110261	1.36959326	1.41183090	1.42516339	1.42165625	1.42409551	1.44277954	1.47206438	1.49036515	1.48430002	1.47576427	1.47506845	1.48635137	1.50758004	1.54393268	1.58840287	1.63947904	1.69702733	1.76229179	1.81479347	1.81757998	1.80052924	1.76093686	1.66351461	1.58759141	1.54035425	1.49421751	1.44839489	1.42889941	1.43537593	1.44017255	1.46094060	1.51097310	1.59920180	1.80049264	2.08931637	2.26680541	2.23994040	2.02155137	1.81237507	1.66317534	1.52400327	1.38606048	1.28169894	1.27699745	1.23687768	1.16113436	1.07249689	1.01662993	0.995721161	0.996809185	0.998834074	1.00145328	1.02504039	1.08321619	1.09644532	1.11446416	1.14955497	1.17654514	1.36360002	1.47819281	1.45194328	1.31954753	1.21877921	1.16049516	1.11732578	1.09773445	1.09963143	1.11037290	1.07211339	1.05053902	1.04598904	1.05363429	1.06347764	1.05364275	1.04628634	1.04447877	1.04552031	1.04094076	1.00933802	1.00534797	1.01804674	1.03595495	1.04703677	1.00307584	0.982255459	0.996149063	1.03721893	1.07881689	1.07326615	1.05537307	1.05058956	1.06072855	1.06396449	1.07014227	1.05240190	1.06281829	1.10590458	1.13861251	1.16650200	1.19504607	1.20136857	1.18799281	1.18284178	1.20793724	1.30790448	1.43238986	1.52105761	1.50359023	1.44129562	1.39207208	1.39181960	1.45384264	1.56884968	1.51117694	1.34228778	1.22458291	1.18779933	1.12901294	1.04317784	0.999496341	0.991769016	1.01101291	1.04546213	1.10719967	1.17109871	1.25850034	1.38195467	1.54522097	1.63505864	1.78548765	2.04874873	2.41934609	2.83404827	3.06608200	2.97371173	2.64237380	2.23169994	1.97551799	1.77039599	1.60297096	1.48252094	1.39418447	1.29896080	1.23375309	1.19000268	1.19791138	1.26751792	1.38869810	1.68521023	2.07908154	2.43698311	2.66070104	2.68713784	2.83352494	3.09821701	3.32852316	3.47944593	3.61368227	3.57480073	3.49584627	3.33406830	3.10150480	2.86497998	2.64598989	2.47240520	2.33303404	2.22296500	2.14356470	2.15035653	2.15791011	2.14687896	2.12267423	2.11546254	2.12010145	2.13095307	2.14290023	2.15381193	2.16454315	2.17213893	2.20395398	2.26370478	2.32341385
69.0000000	2.45087862	2.46541286	2.45514345	2.42265534	2.38706589	2.38402510	2.39539123	2.39706898	2.39151287	2.36847568	2.30500960	2.24788404	2.24678421	2.29337382	2.39422178	2.57080340	2.92506242	3.19457340	3.49795938	3.71539497	3.48860574	3.15219212	2.95639253	2.78007340	2.56907463	2.33620811	2.23130941	2.17649817	2.15155125	2.13694715	2.11386561	2.09740138	2.11303759	2.16406560	2.20555973	2.14437556	2.13491488	2.09868884	2.04775310	2.00135016	1.98590887	1.94501591	1.92122245	1.89494944	1.86374485	1.84228373	1.79795790	1.76557624	1.72991598	1.70642793	1.74123609	1.74052680	1.77626455	1.82183027	1.86286199	1.89725554	1.93126166	1.97190201	1.98743439	1.97573388	1.96429300	2.13288283	2.24530482	2.25044489	2.16355872	2.06627131	2.02678823	1.98210716	1.94776487	1.92724490	1.91197705	1.86685431	1.84082270	1.84223568	1.86870372	1.90709424	1.94688153	1.98561645	2.02772784	2.06900787	2.09661078	2.11427665	2.12878633	2.13274884	2.13192177	2.14521384	2.25094652	2.47266746	2.70974851	2.97249055	3.38212752	4.30562735	4.68532419	4.39480352	3.62137413	2.86606789	2.50289178	2.24524808	2.03890109	1.87280488	1.77910268	1.65928745	1.69084001	1.79552042	1.88662052	1.86896384	1.83715844	1.78633320	1.72390985	1.66109896	1.61290145	1.55932260	1.52197742	1.48983383	1.46561575	1.46580350	1.48644984	1.47718847	1.47796786	1.49237764	1.48764932	1.38377774	1.36797380	1.45399654	1.59491205	1.68309331	2.37378740	2.63665462	2.44572186	2.00216341	1.73430109	1.47371554	1.30486941	1.31243408	1.43067050	1.44342721	1.54779267	1.67242503	1.69794607	1.63129413	1.60572445	1.55866277	1.39429915	1.29510176	1.31136191	1.36119461	1.34391499	1.29261100	1.23664892	1.19362187	1.16934931	1.12238848	1.06551158	1.03172112	1.02649331	1.02777755	1.01721609	1.01640308	1.02413309	1.03913271	1.06005979	1.14140904	1.28039777	1.40323532	1.46633029	1.45629132	1.40224469	1.33201814	1.25667763	1.20373750	1.21716118	1.32298446	1.45023704	1.56628489	1.64556515	1.66958642	1.68178475	1.71635699	1.73632765	1.69370401	1.52947843	1.52028561	1.57287312	1.62835884	1.65649199	1.65565407	1.61483443	1.58419371	1.57882977	1.59788907	1.62456620	1.66652894	1.71737123	1.78269291	1.86681473	1.97277808	2.13745379	2.26842761	2.37612629	2.41519928	2.28451729	2.10568810	2.01944160	1.99941361	1.99812293	1.94697046	1.83934522	1.81175971	1.88104069	2.02873206	2.20109630	2.27185917	2.47578216	2.78423953	3.00725222	2.79348874	2.30421114	1.88811731	1.57451570	1.37460268	1.28146243	1.28686488	1.23476434	1.13719368	1.04391491	1.04241920	1.06838441	1.08295572	1.08260369	1.08041608	1.10609794	1.19304836	1.23793161	1.24587572	1.25081062	1.31546867	1.56115973	1.65513325	1.58684909	1.42449701	1.31499481	1.15403342	1.04185593	1.01704144	1.05525374	1.06924152	1.06103361	1.06161356	1.05619192	1.04585207	1.04754901	1.04348052	1.02997267	1.02642918	1.03662014	1.04868245	1.03977311	1.03890491	1.04450393	1.04493189	1.01848733	0.981422424	0.975682616	0.984107077	0.996465921	1.00946105	1.05801201	1.07683289	1.07657254	1.07245648	1.08428621	1.09491813	1.10994232	1.16296947	1.24203730	1.28960979	1.28429329	1.26066911	1.22884953	1.21387219	1.25570023	1.26951694	1.26861846	1.26395941	1.28422046	1.37580836	1.48052311	1.54341245	1.61850119	1.70564091	1.75050974	1.71821547	1.53369272	1.38645732	1.32387996	1.25118613	1.17736316	1.14211106	1.12759423	1.12464178	1.13274622	1.16331124	1.20730567	1.27637041	1.38439178	1.54750001	1.58240378	1.52273357	1.53674269	1.72995031	2.14514017	2.74500561	2.86149359	2.66124368	2.34844351	2.16482639	1.98281348	1.81094408	1.68019915	1.57992363	1.45782697	1.37892306	1.42391837	1.69177830	2.24675417	3.11838388	3.45206165	3.51827216	3.53047419	3.57223511	3.59723282	3.74985838	4.12807083	4.42596245	4.49195242	4.32878542	4.01849174	3.76889038	3.50793147	3.21310782	2.91145587	2.67702770	2.48342562	2.32216454	2.19257021	2.10178304	2.07019877	2.05231285	2.03603435	2.01855063	2.00632477	2.03058743	2.07733297	2.13302708	2.17966890	2.19479322	2.22078276	2.28555799	2.35815096	2.40876222
68.0000000	2.42979908	2.44097924	2.41880083	2.38079262	2.34390545	2.32451248	2.30665588	2.27748752	2.24442291	2.21502757	2.19701743	2.19844341	2.29814577	2.51933050	2.89883709	3.48713970	4.31106186	4.13131094	3.53115249	2.95987225	2.73278022	2.73040390	2.70246649	2.64365506	2.56074977	2.47262144	2.38444567	2.34147358	2.34128714	2.36593270	2.38192296	2.24692369	2.13468027	2.08155680	2.07532954	2.05518866	2.05853128	2.06968474	2.07303810	2.05089998	1.98349893	1.85530043	1.81282997	1.82548130	1.85538888	1.85742843	1.82306886	1.79874861	1.81655276	1.87156653	1.92187595	1.87506962	1.87945151	1.91914725	1.97637141	2.03142858	2.04853106	2.04220486	2.01996326	2.00336671	2.02802205	2.10408878	2.22601795	2.35361528	2.42877340	2.37547135	2.19856739	1.99940407	1.85441387	1.79000401	1.78255737	1.78682268	1.79946840	1.82765424	1.86948276	1.91399980	1.93702745	1.95641387	1.98115885	2.01271892	2.04500699	2.05844903	2.06184220	2.05839658	2.05760527	2.07524371	2.14140725	2.30505419	2.53718400	2.82992554	3.19653559	3.74395275	3.99421287	3.86554408	3.41438723	2.83539510	2.43826151	2.19452620	2.03306007	1.90163064	1.76690435	1.69778240	1.74119377	1.82563531	1.88169324	1.84204447	1.77492607	1.73254657	1.69527817	1.65757811	1.62798786	1.59824896	1.57801104	1.57836211	1.59336030	1.60003459	1.58660328	1.54838336	1.50713456	1.47238171	1.44141483	1.38444722	1.40317738	1.51337242	1.67894077	1.81193388	2.69051576	2.79196048	2.38547683	1.85224092	1.68539631	1.46586013	1.37589538	1.39510584	1.44254172	1.37669933	1.39507496	1.57569671	1.71414721	1.75418782	1.78775942	1.63708997	1.41682827	1.36839056	1.50073683	1.59036994	1.54305351	1.43123674	1.34657121	1.31014085	1.27246177	1.19427216	1.14349282	1.12217426	1.12524915	1.14053214	1.15822983	1.17216122	1.19567013	1.22608149	1.24470139	1.28344214	1.34177077	1.40147531	1.46500921	1.55549181	1.70554256	1.75366056	1.70821893	1.63132215	1.63880765	1.69911897	1.75931287	1.80738699	1.83665252	1.84573472	1.99647570	2.12313843	2.18088913	2.15554833	2.06358886	2.06109476	2.05708098	2.00405335	1.91746986	1.87573862	1.80912328	1.74915099	1.71500528	1.71310294	1.73709178	1.77578676	1.81523395	1.84945428	1.87400079	1.88596106	2.03201604	2.19360948	2.35016060	2.46559215	2.48833251	2.36092854	2.32161760	2.47283101	2.68226504	2.58288169	2.23279428	2.06671596	2.12064242	2.30490184	2.40415359	2.22951365	2.07681727	1.99411869	1.98026502	1.98489583	1.89929652	1.76288116	1.64033222	1.55530107	1.49040866	1.46506464	1.42834055	1.34472644	1.23279548	1.16520298	1.17215967	1.15295780	1.12650931	1.11732697	1.15552342	1.19559705	1.23899841	1.27146018	1.30097151	1.35777950	1.46399927	1.45113015	1.37399602	1.28990829	1.25866473	1.23294413	1.20751143	1.21648586	1.25508368	1.27961767	1.30338955	1.31504810	1.30187094	1.26512921	1.22008801	1.15457368	1.12760758	1.13266504	1.15136683	1.15347898	1.13258338	1.11995018	1.11741304	1.11905909	1.11122751	1.10356164	1.11111403	1.12669122	1.14523339	1.16381490	1.24627399	1.26794004	1.25208962	1.23246169	1.25325787	1.22150147	1.20670474	1.24282300	1.31788719	1.37400293	1.38498545	1.37375557	1.36002922	1.35961521	1.38441586	1.36798108	1.36069691	1.34884441	1.34305656	1.37831879	1.41885650	1.50274944	1.62381613	1.73342848	1.74051332	1.68566608	1.67983162	1.70006442	1.71415472	1.68062818	1.65824878	1.53301811	1.41690242	1.35577142	1.32939804	1.33218527	1.36100817	1.40526903	1.47322583	1.59199345	1.71215713	1.72968292	1.70420766	1.76517963	2.11185884	2.87548542	3.13629127	2.93538952	2.51406598	2.31377959	2.19464207	2.10347319	2.09275270	2.14467525	2.17115259	2.13883543	2.30415988	2.93676138	4.32120228	6.75697470	6.51499987	5.45395994	4.50377369	3.99845886	3.67613173	3.65771461	3.86922169	3.98682642	3.89552927	3.68915486	3.67914748	3.58001065	3.37318373	3.10007739	2.86207557	2.68076777	2.51063514	2.36354971	2.24277973	2.14298892	2.10101628	2.06036472	2.02800679	2.00494814	1.98622870	1.98304152	2.05258107	2.12681437	2.16895151	2.17344594	2.22979069	2.30655336	2.36895514	2.39988112
67.0000000	2.33860755	2.36183643	2.35258460	2.32072330	2.28318095	2.26394391	2.20595145	2.16129947	2.12883234	2.11509967	2.13435745	2.20203471	2.42922640	2.99136162	3.82075810	4.60662031	4.56700325	4.14639950	3.66698098	3.24364448	2.78401375	2.53908062	2.46529174	2.47425413	2.49899840	2.49397635	2.49086833	2.49988961	2.50279474	2.48779702	2.44956875	2.29416728	2.14772749	2.07150555	2.06483889	2.06514812	2.09566021	2.12340522	2.12827754	2.10588622	2.06755280	1.89440775	1.80985844	1.83068073	1.92588174	2.01669860	2.02567649	2.03482962	2.10115147	2.20056534	2.22792387	2.11930895	2.06178331	2.07847786	2.14759326	2.20239878	2.17384481	2.14379954	2.16227388	2.21941948	2.24552751	2.18204808	2.18902087	2.28044939	2.38618517	2.35192823	2.15906978	1.93906534	1.78044927	1.71268368	1.70616090	1.70305896	1.72373939	1.77412319	1.83646142	1.86933577	1.83391571	1.82399201	1.83406162	1.85834968	1.89081144	1.91314530	1.93790257	1.96318614	1.99240100	2.03425121	2.05666661	2.14400506	2.38002825	2.71547174	2.96804500	2.87856269	2.89765477	3.02663422	3.14786029	3.02473855	2.71635628	2.48331904	2.32434607	2.18396854	1.95253050	1.85061562	1.84615529	1.89258420	1.93526340	1.91147876	1.84825838	1.78988183	1.75282311	1.73851049	1.73332798	1.72875202	1.71253860	1.69297504	1.66932559	1.63183308	1.59396851	1.53482473	1.49247158	1.46606994	1.41587293	1.34665787	1.36423934	1.46647966	1.62959790	1.80816877	2.67000389	2.71827841	2.30841351	1.84858394	1.79971516	1.67199814	1.56726301	1.53442991	1.54901505	1.51313138	1.52339339	1.63926971	1.79823148	1.93382883	1.97569060	1.73855960	1.54602039	1.56820548	1.76675463	1.89481378	1.90729249	1.77915418	1.60400987	1.45662999	1.39294577	1.33533895	1.27933538	1.24378026	1.24941289	1.31886685	1.32949078	1.35721731	1.41086829	1.47438419	1.50682366	1.50195551	1.48130870	1.50689495	1.60134864	1.74792719	1.90273249	2.01807356	2.12764549	2.24141836	2.34563541	2.22429514	2.20217013	2.24435282	2.30252099	2.31493759	2.53621197	2.77186728	2.91458082	2.92412090	2.82734823	2.71446919	2.59521294	2.43006015	2.23731065	2.09308219	2.00872278	1.97103655	1.95112991	1.93016410	1.89935422	1.90262604	1.89850545	1.87884426	1.85884190	1.87704599	1.92257500	2.05323696	2.22603655	2.39521098	2.51222801	2.47843146	2.53756142	2.83017588	3.18195295	3.10368919	2.66739082	2.46011949	2.49453187	2.65763426	2.71078420	2.42560959	2.12155056	1.83594596	1.62885940	1.58307803	1.62179029	1.65973079	1.76485693	1.91864526	2.01608968	1.92639005	1.83653331	1.73879719	1.60262382	1.37461948	1.36807811	1.36472142	1.36740518	1.37437797	1.37928021	1.35205936	1.33461559	1.32277536	1.31357527	1.30526221	1.29258549	1.26215684	1.22800457	1.20415032	1.20460880	1.23834825	1.27875090	1.33330858	1.39732945	1.45393753	1.49154353	1.50639677	1.49506903	1.45953667	1.40718055	1.32399523	1.31370580	1.35134447	1.39071584	1.36439681	1.29060328	1.23765171	1.22309256	1.24072385	1.26059163	1.26749110	1.27347457	1.28011489	1.29651451	1.33930600	1.38162208	1.39041293	1.38107848	1.37585926	1.40383625	1.36642945	1.31348908	1.32766473	1.40637708	1.46181798	1.49959803	1.50727761	1.48116183	1.44943810	1.47217441	1.45224905	1.42826045	1.40162134	1.38953841	1.42501330	1.44249082	1.46030092	1.49790871	1.56521404	1.66255176	1.81214976	1.91807806	2.01015139	2.10307717	2.19645452	2.24471140	1.96649647	1.70327055	1.58454180	1.52786493	1.51029801	1.53579211	1.58499634	1.64642990	1.71648145	1.87523067	2.11294484	2.17595196	2.12532401	2.33687949	2.91343284	3.14694428	3.00400138	2.64200521	2.40917182	2.47084403	2.83484507	3.47856617	4.18458319	4.54065609	4.42684174	4.30323267	4.57659864	5.67380381	8.04180622	7.92453003	6.64744091	5.30974960	4.38353014	3.71372390	3.28894854	3.14530373	3.16269374	3.22066712	3.19841886	3.13699698	3.05820680	2.95578647	2.83500528	2.71266651	2.69826984	2.69914913	2.69046187	2.65415788	2.57898092	2.42085481	2.28294134	2.17972612	2.11187863	2.06625581	2.07558465	2.11314797	2.14415860	2.15366840	2.14656854	2.17922425	2.21480155	2.25166702	2.27955151
66.0000000	2.30107427	2.33821559	2.35726833	2.34840822	2.31348801	2.26603770	2.19536352	2.13604546	2.10715127	2.12457061	2.20101547	2.37972307	2.81153846	3.59048200	4.38799763	4.45295095	3.82470560	3.45003319	3.24785662	3.09427142	2.82254887	2.38954663	2.23980546	2.24478126	2.28392649	2.24468946	2.30307937	2.39918470	2.42654443	2.36878943	2.29964232	2.19024754	2.03211737	1.91954958	1.88507807	1.89947069	1.94034660	1.95009232	1.92978334	1.91540682	1.97786188	1.96921420	1.95532417	1.98327708	2.05935335	2.14902687	2.22664666	2.32966852	2.43568063	2.49837995	2.44757104	2.29696107	2.19270158	2.16514564	2.19742179	2.22543597	2.19654727	2.18330717	2.32787657	2.56503224	2.62216640	2.31957817	2.13763785	2.03723693	1.98705971	1.96358240	1.89892328	1.79964006	1.73645282	1.72893620	1.74551761	1.70141184	1.68220425	1.70444489	1.75279045	1.78000426	1.73108065	1.72271228	1.73859477	1.76247764	1.77816415	1.79330826	1.82121909	1.86170566	1.91113949	1.96245587	1.97905219	2.03062248	2.28351688	2.66687799	2.87264228	2.54592061	2.43507028	2.54568768	2.77077985	2.89076734	2.78002524	2.58658695	2.37372589	2.18342710	2.03638935	2.00651383	1.99891293	2.00187445	2.00508785	1.99964559	1.96575868	1.93165028	1.91051626	1.90369296	1.90065825	1.87090778	1.81246436	1.73253965	1.63821280	1.53643060	1.52109540	1.50250912	1.47172248	1.42513299	1.36448383	1.29834962	1.30910695	1.37372863	1.47086978	1.58086801	2.30325127	2.63074589	2.45103550	2.01645637	1.94399965	1.94373465	1.84212661	1.80426335	1.85016167	1.85476911	1.84439158	1.85096025	1.96044505	2.10939026	2.08491683	1.84354556	1.71567690	1.75360394	1.89133334	1.94458604	2.03272724	2.16696191	2.06803203	1.75415969	1.54104817	1.53554177	1.47026980	1.41568351	1.41677153	1.49305975	1.48033798	1.50216115	1.56077921	1.63864672	1.69842327	1.81688941	1.92577398	2.03319740	2.13156104	2.19754791	2.32593989	2.51878500	2.65394092	2.65735412	2.50306344	2.32854056	2.28308558	2.30613661	2.35877943	2.42374730	2.56115556	2.72486997	2.85746360	2.92130923	2.89857864	2.81348014	2.67828560	2.54471207	2.43467236	2.34027410	2.26978421	2.25812435	2.22135520	2.14588976	2.08849502	2.10145688	2.05879474	2.03738952	2.07847309	2.18762946	2.16676259	2.19307280	2.29249454	2.43136811	2.51643729	2.40338063	2.38971400	2.52998519	2.73659396	2.77979374	2.63763690	2.50662947	2.43395114	2.40983319	2.36755705	2.15311456	1.98061955	1.89575791	1.88571632	1.87918007	1.84881139	1.91834474	2.18361044	2.53249216	2.64492702	2.40639520	2.19852757	2.02872562	1.88500118	1.73597610	1.89140570	1.97267866	1.95290220	1.83400583	1.64674234	1.48579359	1.38258910	1.31850898	1.26904762	1.20381474	1.12877929	1.09509861	1.08368385	1.08693719	1.10875273	1.12486875	1.14588690	1.22730613	1.36061525	1.47329235	1.49269497	1.48599660	1.47880590	1.48300827	1.49676692	1.47788739	1.46548045	1.48636818	1.52018619	1.49938333	1.40220296	1.33922994	1.32136416	1.33699489	1.35199928	1.36105812	1.37282002	1.38523924	1.40043330	1.42468226	1.45590162	1.45281148	1.42454982	1.39787149	1.41714692	1.39547956	1.34862566	1.35825372	1.43081558	1.49754632	1.55667782	1.57880771	1.54760242	1.49447703	1.49859643	1.51798820	1.49378395	1.45940459	1.43456757	1.42528701	1.44449210	1.52702928	1.62135077	1.71045089	1.81186521	1.97565770	2.07450795	2.11667085	2.12767529	2.15032482	2.19478917	2.10770297	1.96731639	1.82035470	1.68201709	1.66126573	1.69052696	1.74819171	1.81909657	1.89452147	2.11812592	2.54599214	2.78610563	2.81741405	2.98982811	3.24873877	3.18552566	2.98080587	2.74942541	2.54045868	3.01100969	4.54847813	6.52490282	7.97131777	7.57775068	6.54507256	5.55939484	4.90599346	4.80545521	5.41368151	5.23585844	4.78496933	4.38455677	4.14551783	3.96610117	3.77604747	3.60056543	3.38060141	3.10601449	2.81557989	2.66953731	2.67835832	2.73637009	2.78092504	2.79239964	3.14745307	3.45367193	3.66435218	3.72012877	3.54897904	2.96362638	2.56049132	2.32171845	2.20741367	2.15564251	2.16062641	2.16088271	2.16042566	2.15897369	2.15195012	2.16125703	2.19068766	2.22549987	2.25061440
65.0000000	2.34736991	2.36876202	2.39707637	2.40454698	2.37787557	2.31822968	2.27114463	2.23952174	2.23132062	2.27009130	2.39497495	2.85236859	3.52440095	4.04051256	4.17020369	3.82303214	3.40600467	2.98517871	2.70092964	2.57420802	2.50653744	2.17990255	2.01307535	1.94645965	1.93808484	1.96360719	2.05359483	2.15543652	2.20821595	2.19360256	2.13585401	2.05106211	1.95769799	1.88395214	1.83667016	1.80135214	1.81864369	1.85697901	1.89557850	1.94268155	2.03554487	2.10343146	2.14851403	2.18771338	2.23255205	2.28915548	2.36904287	2.46855378	2.54916525	2.57671237	2.52138734	2.39652491	2.28245664	2.22153330	2.21630454	2.22951746	2.19794965	2.17645979	2.30621958	2.51816177	2.53297925	2.19130039	1.97574949	1.84415221	1.77437806	1.76434243	1.77070916	1.75899243	1.75004113	1.74659097	1.73326468	1.67938924	1.64185774	1.64672375	1.69081581	1.74173832	1.73766446	1.73089612	1.73705816	1.75500548	1.76682329	1.76271152	1.76726031	1.77798402	1.79859769	1.83901691	1.87737620	1.94360030	2.21514416	2.61982942	2.83584404	2.47024632	2.31639290	2.34124923	2.45343566	2.50322771	2.53529692	2.45713115	2.31114864	2.15540147	2.06357241	2.05677652	2.04596734	2.03192782	2.01681304	2.00414920	1.97052968	1.94177473	1.92722642	1.91867328	1.89034760	1.80623853	1.69890642	1.59460652	1.50853074	1.44480884	1.43770278	1.42797995	1.40589547	1.37114573	1.33286881	1.29408693	1.28240085	1.29765224	1.34171844	1.41851199	1.79949164	2.28981900	2.51424170	2.42512250	2.30243731	2.13972998	2.00522995	1.94755936	1.96064603	1.98372400	1.95086706	1.93567538	2.08870316	2.31768417	2.28752971	1.96942794	1.77434731	1.77353704	1.89258683	1.91142392	1.94282484	2.19546819	2.32292724	2.18144131	1.82991469	1.76794207	1.68958509	1.62997413	1.60946178	1.63361990	1.75102568	1.83128405	1.88647330	1.92845356	1.96886575	2.15101790	2.36120915	2.53033686	2.69651294	3.00506186	3.32102609	3.18192911	2.94533300	2.77053046	2.61854649	2.40081573	2.25457668	2.20357776	2.24917102	2.37031436	2.45510316	2.53826237	2.59138131	2.61904550	2.65883899	2.64196372	2.57355642	2.53892446	2.56812811	2.63597894	2.57703304	2.55458951	2.48241162	2.35665154	2.25585032	2.28038263	2.26048970	2.29280353	2.41064978	2.58404922	2.52295732	2.44711614	2.45493221	2.52587271	2.52046561	2.30993247	2.21118188	2.20548916	2.26774883	2.36647463	2.40568328	2.37231779	2.30495858	2.22270751	2.12518573	1.98176050	1.98737276	2.19552565	2.46444869	2.45709753	2.17290854	2.12694168	2.34224510	2.65893364	2.73418808	2.39513779	2.16307664	2.02256656	1.97198105	2.02350640	2.30979729	2.45941687	2.42512035	2.23941231	2.01454425	1.91436911	1.76502192	1.55256641	1.32678211	1.20116520	1.12844133	1.08065867	1.05894101	1.06620812	1.10717678	1.11982274	1.13594580	1.19919229	1.30807650	1.41598034	1.41563129	1.40346217	1.40911639	1.44031334	1.48284936	1.48884296	1.45156825	1.44756460	1.48274791	1.49241102	1.43404245	1.40310621	1.41149592	1.44202209	1.44841254	1.42018521	1.42245257	1.44823778	1.48308003	1.50503504	1.53169274	1.51738155	1.47371721	1.42859399	1.42618489	1.40796936	1.38462186	1.38074994	1.40851378	1.46762538	1.53525937	1.56565499	1.55517280	1.52289593	1.51063037	1.55440128	1.54297328	1.51256788	1.48518336	1.46859455	1.53245354	1.64618778	1.74792230	1.82104146	1.89418709	2.00913525	2.08760238	2.13388562	2.16348886	2.20312166	2.25226498	2.24147296	2.12398767	1.93695903	1.80144560	1.79987383	1.86123836	1.95494080	2.07142949	2.22219968	2.50218391	3.03548241	3.47635913	3.67497826	3.67740297	3.74046230	3.44602656	3.02936745	2.71513724	2.71737123	3.93586016	6.87963152	9.30111217	9.81325436	7.88952780	6.37060690	5.27657509	4.53387356	4.09490919	3.93805385	3.76405859	3.64950991	3.58014536	3.53463984	3.48460603	3.42943692	3.30226564	3.10283089	2.86385536	2.65104699	2.61249352	2.73986292	2.92742610	3.09205556	3.17322588	3.66428494	4.08156681	4.36850786	4.42737484	4.11926317	3.30352974	2.77443719	2.48180771	2.35008240	2.27831769	2.24598908	2.21405625	2.19011950	2.17397547	2.15761924	2.17530036	2.23011804	2.28570151	2.31867886
64.0000000	2.43381429	2.46709347	2.48541522	2.46761870	2.41386056	2.34561419	2.32043767	2.38946724	2.47684050	2.62187886	2.97908878	3.76638293	4.00713205	3.82124949	3.41995502	3.10577822	3.00209594	2.81685328	2.56945801	2.30943918	2.11644840	1.94236982	1.82720077	1.79599190	1.86351240	2.03424883	2.06614923	2.09462786	2.13472223	2.16778541	2.14148569	2.10894418	2.10507989	2.09323168	2.05967736	2.01363564	2.03412676	2.06072545	2.07909417	2.08267522	2.07268739	2.11459517	2.15826321	2.21876574	2.30244136	2.40689254	2.46635246	2.51855278	2.55299950	2.55284166	2.49487042	2.41914892	2.34943342	2.29986858	2.27181983	2.25387692	2.24089980	2.24107933	2.26687407	2.28371978	2.21002960	1.95790434	1.76965547	1.70883238	1.74402547	1.74886668	1.74863160	1.76048136	1.74664283	1.70760798	1.68213344	1.67010844	1.66276312	1.67488492	1.71190608	1.76990497	1.77321064	1.75989580	1.75929809	1.78093302	1.81449318	1.81910694	1.80051291	1.77513504	1.76200604	1.78276515	1.83122671	1.87719297	2.06331420	2.40313387	2.78109121	2.52294374	2.33516574	2.25521874	2.25834775	2.25758123	2.28152728	2.25360751	2.19204473	2.11920714	2.06160903	1.99252152	1.93918419	1.90835857	1.89388001	1.87665844	1.81093514	1.75743651	1.71809065	1.68711984	1.65104282	1.61366546	1.57216036	1.52273750	1.46509337	1.40241408	1.34881270	1.33901823	1.35300589	1.36940658	1.36550653	1.32224286	1.27943432	1.24697959	1.24471009	1.30238938	1.44764948	1.64712369	1.81823850	1.92151034	1.96054494	1.93796504	1.92295635	1.89989877	1.89319289	1.96725965	2.04353762	2.04647255	2.22402167	2.49798036	2.46397996	2.13325214	1.91007197	1.91503274	2.07413268	2.11877513	2.10240412	2.23614264	2.42176294	2.53809500	2.44102383	2.17606330	2.01158786	1.92116630	1.85990024	1.76442468	2.03340721	2.25230145	2.40657306	2.53541708	2.73175645	2.99348378	3.16949391	3.28609943	3.39348197	3.56569195	3.35731268	2.97950864	2.71322560	2.63914943	2.63770676	2.56822157	2.55890727	2.62947392	2.74724197	2.82714152	2.84745002	2.87147570	2.86036682	2.81654191	2.78368902	2.66913509	2.56664824	2.51527333	2.52382898	2.57091308	2.53179669	2.51340938	2.47553301	2.41381073	2.35974574	2.35109758	2.35369039	2.37116241	2.40815187	2.47029591	2.46218371	2.44935822	2.50884223	2.59351301	2.53210521	2.36497760	2.27730536	2.24851227	2.28502560	2.42027807	2.40453434	2.46455336	2.64435554	2.93779063	3.28853822	3.24132109	3.03122663	2.95176148	3.00682378	2.91070509	2.44749141	2.18294144	2.18366694	2.35941935	2.46308947	2.33486581	2.25896025	2.20108986	2.17307258	2.23282552	2.39610958	2.54264903	2.71310043	2.81306934	2.61311126	2.37409949	2.23954368	2.03342962	1.69311976	1.26935363	1.23536885	1.19043422	1.15250993	1.13257468	1.13462448	1.12345040	1.11824596	1.13168430	1.16213584	1.19366813	1.24666262	1.29459679	1.31951261	1.33159637	1.36918020	1.40801013	1.40303183	1.38963616	1.38454664	1.38582122	1.39602029	1.42209268	1.46439624	1.50924706	1.52892005	1.49762237	1.49372649	1.51130617	1.53597522	1.54488719	1.53433728	1.51697111	1.48864853	1.46740913	1.49347341	1.51801479	1.52165914	1.51255405	1.51234818	1.55619001	1.57370532	1.57768703	1.54798698	1.50587308	1.51403046	1.60370445	1.66512346	1.68685532	1.67832041	1.66979110	1.70271623	1.77331817	1.86744356	1.97673023	2.09860682	2.16978931	2.26222658	2.38115478	2.49136639	2.51721168	2.37467360	2.21589184	2.07143497	1.96445870	1.91070676	1.95492399	2.09338045	2.29870486	2.55483079	2.85699892	3.06331086	3.40811372	3.89599848	4.40054035	4.66429424	4.34723854	3.73057127	3.09907174	2.74409366	2.96356869	4.96481991	8.38969612	10.1890812	9.38873577	7.08929491	5.69693327	4.73311090	4.13371038	3.81024718	3.64987326	3.49014521	3.39386821	3.36387300	3.38838792	3.44103622	3.41673541	3.31212306	3.17286205	3.02793193	2.88962793	2.82937050	2.88698578	3.07158542	3.35992527	3.69640684	4.00482607	4.29745436	4.50537062	4.46909380	3.93857765	3.37155104	3.02198911	2.79985833	2.64680958	2.53617859	2.45210099	2.37119555	2.28694987	2.20803809	2.15832090	2.17396092	2.21959710	2.28938699	2.35234523
63.0000000	2.64936519	2.64790130	2.61399674	2.56852436	2.55438995	2.63653350	3.02600694	3.55512500	3.84071231	3.80044532	3.65285277	3.78639030	3.64862680	3.39915609	3.12607384	2.84597874	2.69628143	2.54493999	2.25404668	1.89907682	1.76888585	1.79381692	1.85544705	1.94351470	2.04554963	2.14687276	2.13963699	2.14371037	2.16060972	2.17678833	2.16363597	2.21549058	2.26977444	2.26789236	2.20896602	2.14983416	2.21318316	2.21572733	2.17158294	2.11111856	2.08095837	2.07336926	2.08163047	2.12707996	2.21424866	2.33085966	2.40863609	2.47631741	2.49905372	2.47335339	2.42708254	2.38645387	2.34871435	2.30714440	2.26198554	2.22043991	2.23840094	2.28480649	2.27291250	2.19118500	2.10330200	1.90986848	1.73472142	1.66656411	1.68358338	1.65344954	1.65400970	1.67558956	1.67459571	1.64999664	1.64332271	1.66407192	1.67726159	1.69748354	1.72478735	1.74467945	1.72696745	1.72249997	1.72888207	1.75342143	1.81312847	1.83106160	1.83787465	1.84665108	1.86205924	1.88035464	1.89822471	1.90233195	1.97440779	2.15960121	2.46647930	2.42192197	2.33810091	2.25930142	2.20988035	2.19426703	2.18817854	2.14239645	2.06719661	1.98225844	1.91666293	1.85482073	1.80928683	1.78847635	1.77905560	1.74594069	1.64051211	1.58895707	1.55509055	1.52279150	1.49600458	1.50410187	1.52018523	1.50995934	1.45935106	1.37451029	1.28619778	1.28048253	1.31783819	1.36275244	1.38372886	1.38505459	1.35902381	1.31279027	1.26903152	1.26594925	1.36625385	1.43991101	1.45971191	1.44824386	1.47789061	1.56448042	1.63218403	1.65698588	1.67341053	1.77452397	2.03186846	2.23839402	2.43049932	2.54890704	2.43866086	2.21111798	2.08210945	2.09526062	2.20603657	2.28174353	2.40981436	2.52491140	2.63469172	2.74904323	2.88008165	2.65821576	2.50776076	2.41955781	2.34752369	2.20865154	2.47864819	2.88248396	3.32782936	3.74597049	4.09180880	3.88740325	3.60712361	3.42457390	3.36791492	3.31986666	3.01667213	2.71983194	2.51515818	2.44818330	2.52415824	2.65038395	2.89921427	3.18842626	3.39613008	3.36076951	3.29443479	3.24811530	3.15642834	2.99514246	2.78117704	2.64199233	2.55643225	2.50906754	2.48216081	2.45566964	2.44058871	2.44076943	2.44473267	2.44042373	2.41521335	2.38114023	2.37276626	2.37541318	2.36785293	2.32230759	2.33651185	2.37895226	2.47804976	2.59157467	2.60664701	2.51321936	2.43382573	2.39157891	2.43732548	2.64964652	2.88776398	2.88010550	2.93309546	3.22276783	3.79476810	4.12723589	3.89977527	3.44839668	3.06390214	2.99188733	3.06630850	2.93949270	2.66370487	2.35765696	2.20651031	2.27000189	2.38298726	2.45495272	2.46515608	2.46262479	2.52678800	2.71918273	2.95296860	3.06509376	2.81629705	2.41779566	2.18608165	2.01614547	1.80969894	1.47517455	1.30815065	1.18586075	1.12530220	1.11133540	1.09668279	1.06800652	1.06149328	1.05814433	1.05216646	1.05097091	1.10895801	1.19961238	1.25153303	1.26459575	1.30995321	1.34460974	1.36916268	1.37518191	1.36387396	1.34608221	1.38255680	1.43778038	1.50126934	1.56025088	1.59966242	1.57778299	1.55914748	1.56539989	1.59264457	1.61144626	1.59032571	1.57954895	1.57416546	1.58499825	1.63864505	1.64999437	1.64649415	1.63975883	1.63828814	1.64746666	1.59099519	1.56638634	1.55838692	1.55835009	1.56423593	1.65899897	1.77663982	1.85039389	1.87306142	1.89700520	1.93487155	2.00854015	2.10628796	2.20159483	2.25314331	2.29752803	2.37711263	2.49186206	2.56365514	2.43628550	2.25053740	2.14844847	2.09131455	2.05189848	2.01442838	2.10030961	2.32140136	2.66465092	3.06458688	3.40332031	3.56123424	3.78170323	4.21279097	4.85070658	5.53980780	6.01255083	5.39178085	4.48180389	3.93444395	4.24903774	7.37042952	9.92801571	10.3756418	8.71973324	6.51929998	5.17699242	4.27614212	3.76855421	3.55195522	3.46998954	3.38380408	3.33200860	3.32705140	3.36984658	3.44977140	3.43393016	3.35313129	3.24355006	3.13976622	3.07476473	3.02555847	3.03861833	3.17329049	3.44445133	3.82251000	3.96181750	4.09472132	4.17649698	4.10235119	3.70742416	3.46840167	3.28120565	3.11913300	2.96592712	2.81577802	2.67597222	2.55700040	2.44679499	2.34956312	2.28578901	2.27086902	2.31829405	2.42419457	2.53189063
62.0000000	2.82118249	2.69828725	2.60867286	2.62128735	2.84002519	3.40372801	5.99181080	6.40529728	5.52776289	4.33964586	3.91824770	3.68676281	3.48166561	3.32975054	3.20535469	3.03035736	2.68206573	2.24720025	1.88349390	1.67293406	1.62176073	1.79837239	2.00217676	2.12977099	2.16287494	2.16833019	2.16127086	2.15936041	2.14470911	2.11606145	2.08879876	2.13138795	2.21000242	2.24714661	2.21652031	2.14301944	2.21805525	2.31667542	2.32838559	2.25343800	2.20283365	2.13626599	2.09701681	2.10046482	2.14328027	2.20342612	2.29230714	2.35850906	2.36366725	2.31673265	2.27397108	2.26267433	2.23277545	2.18372655	2.12921619	2.09716964	2.14911127	2.21091294	2.19797707	2.11343098	2.04812860	1.87680197	1.71876621	1.64558816	1.64653099	1.62855434	1.59069109	1.56877303	1.56201398	1.56594419	1.57241070	1.61311901	1.64061773	1.65426588	1.65633595	1.65201449	1.64629900	1.65255916	1.66266942	1.67378438	1.68833876	1.70333183	1.73744810	1.79287672	1.86193871	1.92708898	1.94474995	1.95711064	1.98153007	2.03647041	2.14149737	2.28908110	2.35583615	2.35683465	2.29959440	2.18408132	2.08189988	1.99530542	1.89234567	1.78190958	1.71372676	1.71741450	1.70447409	1.68239558	1.65162623	1.60557103	1.48913956	1.43828201	1.42553937	1.43364179	1.45550942	1.47220087	1.49154174	1.48690259	1.44301224	1.35595775	1.29128814	1.31327534	1.36898637	1.42377996	1.46130753	1.50599611	1.51511443	1.50062001	1.48101592	1.48135090	1.52141905	1.50713265	1.45224822	1.38653183	1.35576081	1.40774357	1.44279635	1.45921910	1.48768890	1.59125948	1.92545903	2.38211274	2.62756896	2.59224105	2.47060347	2.39805174	2.42633629	2.49982572	2.59163237	2.70360899	2.96176887	3.05897164	3.02859759	2.95527649	2.97488666	2.93212867	2.81923532	2.74023652	2.82887983	3.24863029	3.84128642	3.75619197	3.45985508	3.23111272	3.16112971	2.96131754	2.83284736	2.80851984	2.86203885	2.90801096	2.82956934	2.66936421	2.74575090	3.09773159	3.48495626	3.76767230	4.02833605	4.10403442	3.92528009	3.51600862	3.33416533	3.23964071	3.11653256	2.93735719	2.76305175	2.64498377	2.57318330	2.52475691	2.48719120	2.45835447	2.44228983	2.43704462	2.44330049	2.45033932	2.43604088	2.41233134	2.40095854	2.39751196	2.37861705	2.30193305	2.33804011	2.38698554	2.46004438	2.54580998	2.61019683	2.59166956	2.67190886	2.91229153	3.25782824	3.53716326	4.01671219	4.03680706	3.83408117	3.55319262	3.24682403	4.33051634	4.87499046	4.74738550	4.22323418	3.98645973	4.78452015	4.89749956	4.34538126	3.55227089	3.34639335	3.11572337	2.75961351	2.58727407	2.64046144	2.69347930	2.82282352	2.95754337	2.93105054	2.75467396	2.61765981	2.62542987	2.48458314	2.23973536	1.97279036	1.80293977	1.43224823	1.19987941	1.08563685	1.04893088	1.02878034	1.00969732	1.01150060	1.01156664	1.00764740	1.01786971	1.06272006	1.13052487	1.20322347	1.27188039	1.33668470	1.38821447	1.40797031	1.41803992	1.42236543	1.40674448	1.43885624	1.49972081	1.57290363	1.64378822	1.69957459	1.70264828	1.68858480	1.68272042	1.68573546	1.67365372	1.65584266	1.66608775	1.67326844	1.67199028	1.68258393	1.66122985	1.65841031	1.66430545	1.67265856	1.68077719	1.64777231	1.62560582	1.62537539	1.64503384	1.66938782	1.71329379	1.82432091	2.01686549	2.20707464	2.21284795	2.18309832	2.23170519	2.22728014	2.14548850	2.06905127	2.10850978	2.13716245	2.18461251	2.23152971	2.20965075	2.18770480	2.19669747	2.19387007	2.17498684	2.17433190	2.27074742	2.48057222	2.81485271	3.22254109	3.59049273	3.86300564	4.13202524	4.46539450	4.87447071	5.31412792	5.93587923	6.35896015	6.43478346	6.40439939	6.89849567	10.0309954	11.0961466	10.0723743	7.72333193	5.59789896	4.49276543	3.91770101	3.63721657	3.49094582	3.39364672	3.29807949	3.26624656	3.28563094	3.34396648	3.42923713	3.46935463	3.43475389	3.35359120	3.26378369	3.21300578	3.23388457	3.27595949	3.34153485	3.42816043	3.52863288	3.57900190	3.62708616	3.66969609	3.68219447	3.61849380	3.51533437	3.39644766	3.28082180	3.18042922	3.10023093	2.98671770	2.86605787	2.76629233	2.69993877	2.66399050	2.65436935	2.67686701	2.74329209	2.81802678
61.0000000	2.80949569	2.65829706	2.57353258	2.64681149	2.96114206	3.59093237	6.53132582	6.70579529	5.55976200	4.39228582	4.35606623	4.22277117	3.90937853	3.55319238	3.23442745	2.97620773	2.56919479	2.20198417	1.86954188	1.61408234	1.52506971	1.73377240	1.95248902	2.09371281	2.14201498	2.15404463	2.11603928	2.06924868	2.03297210	2.02515769	2.06240201	2.00792885	2.04573941	2.13724899	2.22361565	2.22574091	2.29130650	2.36010432	2.35371542	2.27958822	2.23104072	2.16513801	2.16174054	2.15460110	2.13592410	2.15636539	2.20873952	2.22215700	2.20222688	2.16808963	2.15241742	2.13445115	2.09854293	2.06111717	2.03173232	2.01308084	2.11974883	2.17067695	2.11604357	1.99504745	1.93590879	1.77733672	1.64268231	1.58051217	1.57700920	1.55597234	1.51151812	1.48775160	1.49626684	1.53493607	1.58790970	1.64945590	1.66539252	1.65287030	1.62696457	1.60067439	1.58408821	1.57409132	1.57059693	1.57274377	1.57889605	1.59708977	1.63405800	1.69040453	1.75251806	1.79257143	1.82900238	1.85549247	1.88263786	1.91753745	1.96379375	2.18387437	2.35695291	2.36729860	2.22478294	2.06488276	1.98243272	1.90676594	1.78307247	1.63044548	1.54188037	1.56971705	1.56815004	1.56721818	1.56411767	1.52320278	1.42484558	1.38325870	1.39589989	1.43340266	1.43957710	1.47702932	1.50335777	1.51564550	1.51093519	1.48622942	1.44534492	1.41017354	1.40210879	1.41817784	1.43104148	1.53941905	1.63858569	1.70748663	1.75023842	1.79612756	1.80244422	1.71489000	1.56777143	1.43138957	1.41204059	1.48789787	1.52368629	1.56587434	1.63533115	1.72732615	1.99970853	2.44571042	2.80067205	2.95604181	2.95937729	3.15851068	3.48605084	3.81761265	4.12998009	4.50110722	4.18758488	3.76122475	3.51141596	3.48994017	3.51097345	3.35744691	3.15700173	3.18426132	3.60317564	4.46702194	4.06593323	3.34116602	2.79958677	2.55892348	2.34776664	2.38612151	2.53366852	2.71233678	2.84413457	2.85114980	2.89667034	3.07675624	3.56048489	4.22509718	4.65599966	4.95956182	5.11558914	4.72887897	3.87903357	3.12045908	2.99281049	2.92421341	2.84456301	2.74735999	2.68971133	2.62860656	2.55426121	2.48407626	2.42073250	2.35219002	2.31829929	2.32323480	2.34877133	2.37582088	2.38443279	2.36048484	2.31913567	2.29842663	2.29932332	2.28571677	2.34965181	2.40973377	2.47400475	2.54259396	2.60771656	2.66556263	2.85681343	3.18828130	3.67315865	4.33101749	5.13372135	5.51968288	5.27745438	4.42454624	3.20742369	4.56935549	6.41447067	7.43665791	7.43041229	7.29083872	8.21034718	9.01031971	8.66528034	7.28580856	6.11853743	4.91157103	3.69755435	2.97836518	2.83336878	2.91941977	3.24095726	3.37970924	3.20463777	2.86036038	2.76714993	2.89771008	2.83965921	2.60444283	2.26954412	1.97848284	1.52182496	1.21717548	1.05668592	1.00394583	0.993982315	0.994450510	1.01143694	1.03064609	1.04922497	1.07576215	1.11758471	1.14197135	1.18921578	1.26776481	1.35421836	1.43416107	1.45229733	1.45350289	1.46251714	1.48394310	1.55109620	1.63042903	1.69390476	1.73382151	1.76281202	1.76437914	1.76748502	1.75740325	1.72911930	1.68732953	1.69217420	1.66419685	1.63616264	1.62700891	1.64184380	1.66588211	1.69048643	1.70828998	1.71365595	1.70268011	1.69560373	1.67561984	1.65645373	1.65791273	1.70588684	1.75627232	1.82084179	1.97815120	2.15263653	2.11461282	2.03499556	2.06461883	2.07411718	2.01749349	1.93212068	2.05686688	2.11068392	2.16649771	2.25118518	2.34557509	2.37852764	2.38348746	2.37266827	2.36110353	2.36664605	2.44892168	2.59293246	2.86537075	3.26082706	3.70178986	4.01621485	4.27907372	4.53512239	4.80394936	5.07997465	5.44492054	6.00576782	6.70706511	7.41889763	7.93689013	9.41830349	9.12728310	7.72314072	5.95528698	4.66323137	4.12669230	3.79835367	3.58796978	3.44531608	3.36018944	3.26116228	3.24870420	3.29750371	3.38401365	3.48645020	3.51227975	3.52061915	3.50527954	3.47406650	3.44878006	3.47172546	3.49781466	3.51423430	3.51520538	3.50198627	3.49006701	3.49143100	3.49307156	3.48736739	3.47208500	3.41443849	3.34781790	3.28732729	3.24447703	3.22718382	3.19664717	3.14772511	3.09650731	3.05687594	3.04050589	3.00366950	2.95842743	2.92544532	2.91200495
60.0000000	2.65402484	2.52964878	2.49019575	2.57185364	2.83116913	3.34504867	5.91254663	6.49621725	5.64694023	4.21035385	3.32685089	3.16531730	3.01913261	2.85438681	2.67891693	2.54230261	2.27027869	2.02848196	1.75551772	1.49740779	1.40759134	1.53228438	1.58722460	1.61625659	1.65245914	1.71814597	1.89003980	1.90300465	1.93757463	2.03412580	2.09287715	2.07981992	2.09358239	2.19279242	2.34776425	2.44049788	2.40830398	2.32683492	2.24718356	2.19214058	2.15619421	2.13984132	2.14691687	2.13761973	2.11059427	2.10293221	2.09318924	2.07831335	2.06670713	2.05977488	2.05192399	2.04964399	2.03441834	2.00965619	1.97728395	1.93774474	2.03331327	2.07222581	2.01215243	1.89476657	1.84574378	1.69954634	1.58474660	1.54053509	1.53541541	1.46720421	1.40925074	1.39804661	1.43885016	1.52490199	1.63742709	1.67555630	1.64573276	1.58793736	1.53631496	1.51917505	1.49459982	1.48286223	1.46667850	1.45368409	1.47643316	1.50713181	1.55748606	1.60944414	1.65676785	1.70503056	1.71523798	1.72821474	1.76279390	1.81902909	1.87819338	2.12950134	2.29487824	2.23514533	2.00885129	1.87227058	1.84177852	1.75575578	1.63258624	1.52076077	1.49887717	1.50790584	1.51130140	1.55452943	1.61729002	1.61351788	1.51034093	1.47089922	1.45815444	1.45299125	1.45421600	1.46019757	1.51251197	1.73264563	2.03027511	2.10326862	1.73450279	1.46022546	1.36482501	1.42111492	1.49033141	1.63765788	1.84575307	2.00999451	2.10352850	2.17727137	2.18546939	2.07290316	1.91772449	1.79940152	1.79871702	1.87088585	1.90321279	1.92949688	1.98235238	2.09320903	2.47007060	2.67793059	2.72454119	2.80141973	3.28384805	3.93058848	3.79439354	3.54019237	3.48467660	3.59630179	3.39444447	3.20888615	3.08982444	3.01704836	2.89993954	2.98265123	3.21083927	3.46945167	3.53083062	3.05470848	2.62126732	2.32140565	2.16909504	2.13839555	2.16345620	2.40596914	2.73096275	3.07312655	3.27839851	3.10396743	3.00529623	3.00546408	3.05505157	3.10488629	3.10604429	3.09391236	3.04036212	2.93057108	2.79062438	2.68751502	2.71387577	2.70657039	2.67385197	2.62104440	2.55053949	2.48170638	2.42798328	2.36357188	2.28188729	2.19555736	2.16712952	2.17571926	2.20166063	2.22580242	2.22950673	2.19524598	2.16369867	2.14756966	2.16530490	2.24109244	2.35556865	2.43975449	2.67054296	3.02670360	3.28888273	2.94641399	2.77632308	2.89854312	3.27614498	3.71533704	3.66134048	3.56280112	3.53979301	3.59717059	3.62456918	3.59288955	3.49786925	3.50495481	3.63915229	3.78502202	4.26880693	5.14208555	6.11534786	6.96338224	7.52527714	7.08757114	5.84328604	4.62486029	3.84084725	3.47591496	3.47067142	3.47408509	3.39675665	3.25014305	3.14655900	2.87880826	2.43064070	2.10167313	1.98166752	1.95052898	1.57507515	1.29928577	1.16971266	1.15511787	1.14647460	1.15664148	1.18084371	1.21807551	1.26438189	1.31285751	1.21777272	1.14238226	1.16814375	1.27472401	1.33999908	1.44229198	1.48850560	1.50749886	1.52750063	1.57610941	1.66258454	1.76391280	1.85517716	1.90026534	1.85186875	1.81959093	1.80648303	1.77182639	1.70553160	1.62813866	1.61837614	1.57831526	1.56515896	1.59040487	1.61984587	1.66236258	1.71487856	1.76289523	1.79040170	1.77987528	1.73471487	1.71685171	1.69572484	1.67177141	1.67642701	1.70886505	1.73183012	1.79415715	1.88533258	1.93549359	1.94924951	1.98992491	2.01537156	1.99481308	1.90884233	2.02112913	2.10295534	2.25584579	2.47264957	2.63754082	2.66265202	2.63408518	2.60376096	2.59857845	2.62041593	2.62424302	2.69599557	2.92340732	3.29023075	3.67623663	3.93866825	4.19841099	4.42583847	4.65119600	4.96460581	5.25318718	5.41534758	5.61520195	5.87297106	6.06498098	6.24473286	5.97647047	5.35311699	4.61702585	4.15997744	4.04347610	3.92616534	3.79868555	3.66630268	3.54890609	3.47259569	3.46718168	3.50511765	3.56317830	3.62246227	3.62966681	3.62506413	3.62690663	3.63594055	3.63540530	3.58131814	3.55327964	3.56875968	3.60618210	3.60492539	3.59777665	3.58478618	3.55315971	3.50449467	3.45478368	3.39882565	3.32523513	3.28605771	3.28845549	3.29470539	3.28181791	3.27464581	3.25723290	3.21574545	3.13847232	3.02245164	2.93520546	2.85377288	2.78986597
59.0000000	2.46993375	2.41328120	2.40014029	2.42864466	2.54168153	2.82689261	4.36392260	5.16432428	4.71738768	3.35645700	2.25893331	2.40109849	2.58324218	2.64016724	2.54440165	2.40620017	2.14071417	1.82049537	1.54353285	1.37483013	1.34640539	1.39328396	1.43145943	1.53872943	1.73295081	1.97203994	2.01568365	2.02841187	2.09545517	2.19499636	2.19816947	2.18333125	2.19616342	2.27528334	2.38835382	2.43208337	2.30341554	2.20224237	2.14123774	2.11529398	2.10152125	2.12873578	2.09578443	2.04162598	2.00114608	2.00515389	1.97622859	1.95985925	1.95812702	1.96500361	1.96635187	1.96485806	1.93222058	1.89821184	1.87255120	1.84490561	1.94036758	1.98659897	1.95013797	1.86064541	1.81090689	1.66912901	1.54377794	1.48420680	1.47741508	1.44804811	1.41601825	1.41577291	1.44601500	1.49884868	1.55978048	1.52407980	1.48481345	1.45240343	1.43252623	1.42611349	1.44306445	1.46354723	1.46442628	1.44685924	1.43629742	1.45819640	1.50771463	1.55319583	1.59084392	1.64472258	1.64936447	1.67325902	1.70411468	1.73674178	1.77305055	1.91221690	2.03841138	2.01883960	1.86190951	1.71723151	1.61890864	1.52811277	1.47303855	1.45255458	1.43620384	1.41003430	1.43128228	1.52544677	1.63697994	1.62928820	1.50292397	1.45787120	1.47410858	1.53736567	1.63912249	1.68458951	1.76462162	2.03610682	2.35469198	2.27478218	2.10022926	2.12414718	2.09013176	1.97090971	1.96834207	2.27547407	2.54258394	2.70344114	2.75640321	2.76441574	2.80473804	2.78875136	2.73589087	2.62726116	2.40563464	2.41454268	2.45277166	2.50722384	2.52689552	2.42287517	2.53774953	2.72354722	2.87434125	3.11685586	3.81046772	3.66800046	3.18394923	2.80206704	2.64506006	2.51458931	2.42005730	2.37455797	2.36566782	2.36194277	2.31292057	2.49188280	2.72977877	2.84772229	2.74888372	2.41849065	2.28405976	2.16141367	2.07130909	2.07544160	2.27644515	2.49055386	2.88792229	3.27176428	3.35558295	2.76317239	2.69981170	2.68069053	2.67314124	2.65916824	2.63544559	2.59069538	2.56563854	2.56817222	2.59560609	2.63466287	2.64928913	2.63337111	2.57681799	2.48988652	2.40318251	2.37871695	2.33702946	2.27039409	2.19133615	2.13263583	2.11330938	2.12063169	2.12401247	2.10702181	2.06738877	2.04234743	2.03281474	2.03757191	2.06789398	2.14754915	2.26804233	2.38124728	2.65204358	3.08038425	3.50129485	3.06946015	2.74940395	2.67215109	2.82087159	3.03088188	2.69758892	2.45793605	2.40435743	2.49359226	2.54668355	2.30547619	2.10820389	2.04159474	2.10142589	2.19252348	2.34986424	2.58720613	2.95844483	3.47123003	4.08696604	5.28549385	6.34096479	6.88625145	6.87724352	6.59284353	5.39110613	4.24171114	3.61630416	3.46414828	3.21212506	2.79149938	2.47021198	2.31081557	2.29919195	2.34455156	2.02303982	1.70869660	1.50395262	1.40194440	1.28651428	1.20120585	1.18144441	1.19281924	1.21477437	1.24060893	1.18685710	1.17381656	1.22477901	1.30098796	1.30163682	1.38893044	1.48789287	1.54425514	1.56547916	1.62075746	1.70883322	1.78739691	1.84476840	1.87652242	1.88548756	1.89734709	1.87700689	1.80046713	1.68301046	1.57920206	1.53957987	1.54363859	1.54601836	1.53989339	1.55697215	1.62465918	1.69929147	1.76656640	1.81010222	1.81143713	1.78418100	1.74003935	1.68270350	1.62713826	1.59958231	1.61191976	1.67404747	1.78196931	1.90947151	2.00812268	2.03859091	2.05663061	2.05876899	2.03768826	1.98222458	1.98356795	2.06519365	2.37205958	2.80668759	3.02916121	2.83623815	2.76862383	2.74384284	2.72343278	2.71294308	2.71520758	2.77041459	2.94344139	3.23245001	3.56888509	3.79136372	4.01172209	4.19618225	4.34137630	4.47434187	4.64675236	4.88110209	5.11677122	5.29009151	5.33434486	5.23940039	4.88590765	4.47438145	4.16970253	4.10111618	4.11752081	4.09664774	4.01504135	3.89178395	3.78849697	3.75626779	3.71639419	3.69960332	3.71686888	3.75941038	3.80490804	3.76995826	3.71221018	3.65313840	3.57804728	3.53333521	3.53616333	3.58989286	3.66579413	3.70304990	3.73023272	3.74676728	3.72332573	3.65926600	3.58263421	3.51086068	3.43417239	3.38592005	3.37190032	3.37035346	3.35303378	3.35542083	3.37375355	3.37643313	3.30402303	2.95700264	2.70981693	2.57745647	2.53934669
58.0000000	2.25356150	2.23593831	2.21279740	2.19801259	2.20928097	2.26812577	2.54304528	2.67292452	2.54650903	2.22379613	1.93603480	2.00043702	2.37129307	2.58539867	2.50908637	2.33822370	1.99946010	1.55361855	1.29952371	1.28984571	1.33109999	1.39882267	1.46678305	1.58149445	1.78901970	2.13497114	2.17206764	2.15447855	2.14529443	2.16079354	2.17044258	2.19214869	2.31208134	2.40988278	2.42091393	2.33625293	2.19858336	2.11010003	2.05977678	2.04256201	2.05937934	2.08504772	2.03841209	1.99475849	1.97556484	1.94850111	1.89796484	1.85113811	1.81723487	1.78975904	1.74650443	1.78871119	1.80165350	1.80360651	1.80029273	1.78488171	1.88074040	1.97695196	2.00516701	1.95715129	1.88478696	1.71903479	1.54114270	1.42244136	1.37850189	1.36913621	1.33463752	1.37165666	1.43962145	1.49027741	1.46768701	1.41872048	1.38609684	1.39225340	1.43559337	1.49048495	1.49488521	1.50572574	1.51391459	1.52111638	1.53975308	1.54254901	1.53700578	1.52876437	1.52701628	1.54450357	1.57527912	1.61027312	1.62171185	1.61407804	1.62411058	1.63413453	1.60417557	1.57564843	1.56079412	1.54267907	1.48628175	1.45953250	1.44542575	1.43263257	1.41550148	1.37883401	1.39193559	1.47063220	1.55321109	1.50042140	1.40524483	1.40559876	1.49429035	1.67290246	1.95179379	2.19201565	2.35425878	2.45360494	2.49719477	2.48422718	2.64661503	2.76721358	2.84554935	2.86233950	2.77949190	2.82909584	2.77836919	2.72706890	2.72709107	2.78247404	2.90582466	2.98327804	3.01036596	2.97790623	2.87200427	2.99873257	3.05991244	2.95461893	2.73004532	2.58150268	2.68251991	2.83933496	3.01740980	3.25088644	3.64258838	3.24777818	2.74275899	2.35516739	2.14224529	1.99083841	1.94623256	1.98028600	2.06003428	2.13845086	2.15444636	2.18101025	2.22239733	2.23580599	2.21827579	2.20668793	2.16275406	2.02892852	2.09771323	2.42721820	2.84116220	3.03329253	3.17490888	3.06466389	2.74989557	2.52663279	2.58073449	2.59911776	2.56166887	2.49267435	2.46081877	2.48518372	2.53611279	2.58843327	2.62010026	2.61219501	2.56125236	2.51754308	2.46338320	2.40721464	2.38360596	2.36163187	2.30815673	2.23946309	2.17197084	2.12223554	2.11680984	2.12542677	2.11843324	2.08406878	2.02846766	1.99554396	1.96351337	1.95223451	1.97470570	2.03706455	2.12351871	2.17603588	2.21042585	2.23663330	2.25873590	2.25446105	2.34961891	2.61650658	2.92772150	2.95616078	2.64331126	2.27628088	1.98428440	1.82824707	1.80080736	1.79015291	1.78121269	1.79579151	1.83638370	1.88617420	1.93573689	2.00232053	2.10207653	2.22312832	2.32557130	2.50957036	2.86861801	3.22160625	3.59188223	4.20724487	5.76577663	5.96369600	5.21370220	4.16768122	3.71670389	4.09245729	3.92676711	3.57072902	3.26880813	3.15884042	2.71742845	2.08565474	1.68972266	1.58728635	1.46745110	1.33486068	1.26609766	1.25450110	1.28065562	1.31239033	1.33531916	1.37444651	1.41242790	1.43679893	1.43997633	1.50896358	1.59044826	1.61396170	1.58976758	1.60886145	1.60759234	1.61047935	1.63931274	1.68706572	1.71789312	1.76005423	1.78129911	1.76319468	1.71390176	1.66817617	1.62951970	1.61810732	1.60373569	1.58471227	1.58785605	1.65890872	1.70211279	1.73454022	1.76762569	1.80716646	1.76693356	1.71964455	1.66176867	1.60423899	1.57245064	1.62657678	1.71716321	1.88407815	2.08369350	2.18888712	2.12177324	2.13756227	2.15556645	2.13650227	2.08248901	2.07889462	2.15010142	2.48058677	2.95177460	3.14203787	2.87970448	2.86335182	2.87061310	2.82183027	2.78005695	2.78713155	2.81444955	2.90298295	3.09115076	3.41482162	3.64582491	3.81216669	3.98087382	4.12726736	4.13496399	4.21125793	4.32475567	4.42917252	4.48492289	4.45911598	4.46170235	4.38134813	4.27348757	4.17052412	4.08183956	4.09745884	4.09180260	4.04206753	3.96487474	3.91627693	3.86785769	3.80381227	3.76287556	3.76871872	3.82995319	3.87784863	3.86610413	3.78106713	3.64874673	3.53481269	3.56740165	3.60122085	3.63800907	3.67876887	3.72376823	3.77305651	3.79818916	3.76944804	3.70180273	3.65491462	3.58400583	3.52232766	3.49589992	3.49764109	3.48736978	3.48243737	3.47130489	3.63598394	3.88363314	3.84656048	3.25041342	2.71600819	2.37450624	2.24762082
57.0000000	2.05185914	2.08839130	2.08862758	2.07809138	2.07653809	2.09795547	2.17895746	2.22649789	2.27794981	2.32910562	2.33417869	2.38244963	2.42615104	2.44891405	2.41566372	2.27261710	1.97833622	1.53271961	1.28344810	1.29929459	1.37012410	1.60976648	1.95225620	2.17527032	2.22270012	2.20465279	2.23736691	2.19443560	2.13629055	2.12032032	2.20087028	2.36202836	2.48600292	2.52586651	2.47777820	2.38098216	2.27855253	2.18375349	2.13179326	2.12585497	2.13709736	2.16043305	2.12960386	2.08071160	2.03172565	1.98248303	1.92294085	1.82847297	1.74630594	1.70180404	1.69847000	1.77879643	1.77930927	1.76156139	1.76440978	1.80401587	1.90428531	2.01400971	2.06848264	2.03597379	1.91773045	1.73053205	1.52862811	1.41006434	1.38190842	1.36025047	1.31947434	1.34476256	1.37722754	1.37543130	1.31538475	1.29206860	1.30978239	1.31915307	1.31968153	1.35974395	1.35781610	1.37480497	1.41163349	1.45280385	1.46639800	1.45913124	1.43436444	1.40818548	1.40230608	1.44406056	1.47467577	1.52101910	1.52593768	1.49377000	1.49034607	1.55467522	1.59137082	1.58823550	1.54907179	1.49368382	1.46696317	1.46155083	1.46487248	1.46547461	1.45302427	1.41643786	1.41646695	1.48143840	1.57188702	1.58055472	1.54428959	1.57020414	1.81291819	2.32282948	3.04611468	3.02345490	2.84468794	2.66832519	2.57941842	2.58956218	2.72689009	2.80293703	2.81701922	2.77718425	2.70021296	2.50289679	2.39213419	2.37625837	2.44332862	2.56112957	2.64175844	2.76655054	2.90859175	3.03723693	3.11810899	3.10474038	3.19076324	3.28367257	3.25228715	2.92674899	2.90846658	3.09933829	3.35078549	3.38008094	2.77035213	2.46601176	2.28678346	2.14844489	2.02446103	1.94598532	1.96792734	2.01896811	2.10078263	2.19352746	2.25584221	2.31052184	2.31500578	2.31020188	2.32153106	2.35892582	2.26348615	2.24058437	2.46189833	2.89906311	3.32367206	3.81806540	3.61392593	3.14233112	2.72227859	2.56068850	2.53280330	2.55005240	2.55261564	2.52045202	2.47330117	2.48764586	2.52251530	2.55549574	2.57814240	2.59598017	2.55361295	2.51369977	2.47072053	2.42781162	2.39676404	2.38561773	2.33740926	2.25661421	2.17543221	2.15378523	2.14668798	2.14126444	2.11248326	2.06065893	2.01145077	1.97692525	1.96202219	1.96880221	1.99028504	2.01045179	2.03119802	2.03135276	2.02366781	2.02968001	2.07971334	2.09288692	2.14313602	2.24714136	2.35952592	2.37285495	2.25281405	2.04503417	1.87288713	1.78360701	1.74828875	1.75201583	1.76937616	1.80143774	1.84025002	1.86884403	1.92151010	1.95059240	1.96076560	1.96758175	1.99747050	2.02583051	2.13032770	2.30433154	2.52446675	2.75061584	3.81963444	6.00454855	6.97144604	6.26550531	5.31099749	4.88333225	4.50324631	4.11369944	3.70863676	3.33299088	2.88233924	2.25354433	1.82856381	1.67559958	1.54909945	1.41475761	1.33118355	1.33314729	1.39540911	1.43271852	1.48002219	1.51852179	1.51929569	1.49135494	1.48164403	1.48407245	1.47842991	1.47381675	1.47755611	1.49519289	1.49741042	1.49588358	1.53698015	1.60480428	1.62119615	1.62632263	1.65631461	1.67737889	1.68684304	1.71315503	1.71131063	1.69194603	1.67517185	1.67267859	1.68773544	1.69629478	1.73016798	1.74337351	1.73854661	1.76693785	1.77329457	1.76036191	1.73571706	1.71428728	1.71834993	1.75899196	1.84295845	1.99225318	2.18424153	2.35165095	2.33507657	2.33398151	2.34443879	2.35172796	2.33033657	2.27320790	2.29396296	2.47758198	2.75363636	2.89629030	2.80002952	2.87658405	2.88706374	2.80946088	2.83865285	2.88491440	2.90116310	2.95496297	3.09217787	3.33697009	3.51677155	3.64486718	3.76998138	3.89725351	3.98823500	4.02789211	4.06180286	4.10207176	4.12384129	4.06529284	4.10615063	4.11351967	4.09604216	4.07240057	4.07131386	4.05089188	3.99796462	3.93597984	3.88454866	3.85944819	3.84363747	3.80879998	3.79819417	3.82584071	3.87652016	3.92852926	3.91364717	3.84350014	3.74575067	3.66409373	3.65122461	3.66211724	3.67816377	3.69171906	3.70610285	3.72822738	3.74057221	3.73865414	3.71722198	3.67025566	3.57041788	3.52850580	3.53476691	3.56930304	3.60207057	3.57947087	3.51978278	3.64823556	3.89381766	3.88927817	3.34648323	2.84548044	2.37473249	2.03391457
56.0000000	1.91891623	2.01011157	2.06238985	2.07737517	2.06638169	2.05041289	2.07147098	2.14002681	2.31401300	2.52601123	2.58325076	2.50337052	2.38060498	2.25241137	2.12423801	1.96952271	1.65462661	1.49083090	1.41331482	1.39265513	1.43482649	1.73886466	2.12848568	2.29879546	2.23625302	2.21866965	2.26605248	2.26257968	2.27641225	2.33303976	2.41528130	2.53831577	2.64519191	2.66578341	2.59629321	2.49925327	2.40552449	2.29490614	2.21100140	2.17209196	2.17113709	2.21275878	2.15626097	2.07348132	2.00330567	1.95166790	1.83987188	1.75323534	1.70176673	1.67144585	1.62422466	1.62369394	1.60925245	1.60535955	1.62696970	1.67953265	1.79542160	1.96088123	2.02105308	1.97349215	1.96816540	1.77425182	1.55116212	1.41066110	1.36953509	1.34959066	1.35132372	1.34551561	1.32742524	1.28905308	1.21914291	1.19016850	1.18727922	1.18514585	1.17982841	1.18877661	1.18256950	1.18609297	1.19925201	1.21861124	1.23739457	1.24885678	1.25982773	1.25834763	1.27206457	1.36823380	1.49850345	1.57242906	1.55260551	1.47747779	1.46134031	1.67930639	1.70584631	1.60026324	1.46615517	1.45141411	1.56426597	1.62971675	1.64277148	1.61042678	1.55167174	1.48447680	1.47860622	1.53771687	1.63491118	1.71273613	1.66295993	1.70039630	1.98174012	2.46504402	2.90971684	2.67056656	2.54985023	2.44924736	2.37270403	2.42643189	2.74929786	2.82215285	2.74003887	2.60563111	2.52924037	2.38885450	2.32254910	2.33162308	2.40117812	2.50011945	2.63678908	2.72942233	2.76533222	2.80371308	2.97564197	3.08367896	3.12245083	3.27592587	3.46976542	3.37132478	3.27951145	3.25429487	3.03075433	2.62084746	2.31340933	2.22125888	2.09521866	1.99831057	1.95509911	1.95169151	2.00997806	2.08229852	2.16723776	2.26223445	2.36358190	2.41121626	2.43132234	2.49059033	2.57186437	2.57414174	2.76760817	3.21810770	3.45038795	3.48591638	3.84288216	4.51352739	4.02347851	3.28699112	2.79278708	2.60405254	2.56334853	2.56307507	2.55644727	2.52064586	2.45681787	2.45181704	2.48734045	2.52952719	2.55722165	2.56197381	2.52902389	2.49679494	2.46788597	2.44330215	2.42245555	2.40732265	2.38032985	2.34017920	2.29046154	2.23965883	2.22463846	2.18431258	2.12839127	2.06891060	2.02023315	1.99971485	1.97442412	1.95813048	1.95781517	1.97367203	2.00740147	2.03318810	2.11161351	2.22047281	2.25477529	2.21982312	2.12477922	2.05649137	2.03274012	2.00223589	1.97308457	1.91464329	1.85665751	1.81529653	1.79315495	1.79980183	1.80997527	1.82258546	1.83785021	1.85729516	1.86266923	1.87022197	1.88483274	1.90112603	1.90347207	1.89216113	1.90467036	1.96768069	2.10530138	2.33907080	2.69889355	3.34323168	4.56186104	5.93065929	6.31160545	4.99337101	4.26567078	3.97321010	3.84122443	3.47548270	3.02820349	2.58975220	2.20649505	1.88788044	1.60643828	1.47957790	1.43121445	1.47940862	1.58990896	1.67615247	1.66854274	1.62696326	1.59857905	1.59104002	1.57248104	1.48155320	1.43510604	1.41613030	1.41675234	1.43823349	1.44840276	1.45318770	1.46436405	1.47823477	1.47563100	1.51567793	1.56589198	1.61057377	1.64769256	1.68888581	1.73588014	1.76881707	1.78129411	1.78096640	1.78954899	1.78687251	1.78079939	1.80268991	1.84647131	1.86863697	1.85027981	1.80081487	1.76395655	1.75733650	1.77250373	1.80118442	1.89713168	2.05732489	2.26061440	2.46771884	2.49178815	2.50870156	2.52239013	2.51817322	2.46276212	2.43519783	2.47670865	2.60358405	2.77594614	2.89775133	2.89099717	2.96262097	3.00123811	3.02351999	3.17419600	3.22377539	3.20914292	3.18971157	3.20116305	3.25544596	3.33769274	3.39479494	3.47366238	3.59694791	3.76304960	3.82021761	3.87244749	3.91449308	3.94339967	3.95850825	3.91732049	3.91379857	3.95147943	4.00987864	4.04449272	4.00814009	3.91455388	3.84214449	3.81502008	3.80298233	3.85108376	3.87433791	3.88061571	3.89374995	3.95353651	4.00522614	4.00165844	3.95816636	3.89395928	3.83212662	3.81969643	3.79694223	3.76215982	3.72161174	3.68952465	3.64691567	3.63280702	3.65062499	3.67440748	3.64880490	3.58972120	3.58022428	3.60932779	3.64288759	3.62360334	3.56137729	3.47957730	3.55403256	3.72217751	3.68305302	3.29173565	2.85982919	2.38027811	1.99502909
55.0000000	1.85189855	1.94917047	2.03622508	2.07222915	2.05656028	2.02880573	2.05663824	2.08234930	2.16635084	2.29266620	2.36893415	2.09020424	1.91399848	1.82115805	1.76739252	1.68327868	1.71831727	1.73942685	1.72284639	1.69390512	1.72702289	2.13797069	2.35842824	2.40411806	2.35007215	2.33063293	2.34769130	2.34181476	2.35460901	2.38393211	2.38389587	2.45520878	2.55046606	2.59465814	2.55976796	2.46477175	2.43050671	2.38095975	2.30729175	2.24210691	2.25945473	2.22676301	2.18398619	2.12550640	2.04741335	1.94750762	1.85340142	1.77158809	1.69339108	1.61697006	1.54732108	1.54864323	1.55285025	1.56853318	1.59399092	1.61723018	1.90180516	2.07487035	2.02704477	1.84223175	1.79761970	1.67478168	1.50803757	1.38021290	1.31872487	1.29558277	1.33986485	1.32490039	1.28840840	1.24851894	1.20377326	1.16787231	1.14422774	1.12867856	1.11176968	1.07875073	1.06851959	1.04872119	1.04291701	1.06047106	1.09654844	1.08795536	1.10808301	1.14489555	1.20268440	1.30206871	1.49885786	1.67445672	1.74902546	1.69760990	1.55014253	1.51856232	1.56374085	1.78939688	2.16801548	2.54084730	2.40882063	2.36692977	2.24465942	1.99355578	1.68722618	1.56911242	1.45642209	1.46114135	1.57873714	1.68815756	1.54448044	1.50719309	1.63727319	1.94194579	2.37468362	2.27866054	2.21817398	2.17510414	2.16476440	2.23590183	2.48695898	2.56211019	2.49727583	2.34926081	2.19575453	2.04386067	2.02052927	2.07301283	2.14853954	2.19431138	2.28096414	2.31437039	2.40499139	2.60528874	2.90972376	2.84302068	2.88859820	3.03306913	3.26115394	3.55568123	3.65106392	3.32993555	2.92798233	2.60561490	2.34797001	2.20031810	2.13165140	2.09382486	2.05469322	1.99810898	2.03931856	2.11319804	2.21381307	2.32347631	2.41274881	2.47755432	2.54993486	2.68131089	2.82111001	2.81676531	3.34636569	3.69882131	3.75198269	3.82135367	4.66009045	4.99259949	4.13668966	3.24012733	2.79923892	2.65891242	2.64783192	2.65152597	2.61666036	2.53093982	2.42310953	2.43587613	2.47711062	2.51864982	2.54356074	2.54614139	2.51352167	2.48071694	2.45674634	2.44568801	2.44667959	2.44880319	2.43874884	2.41113138	2.37025928	2.33013415	2.30331349	2.25398946	2.18259239	2.10334396	2.04425526	2.02505350	1.99360764	1.96795487	1.95934558	1.97224438	2.00474429	2.09654331	2.17144680	2.19546247	2.17680264	2.10632443	2.01852989	1.98103321	2.00002766	2.02028346	1.99187422	1.94920826	1.90568948	1.87449694	1.86858487	1.86885810	1.84914470	1.84042084	1.85573602	1.89021158	1.89548469	1.90770948	1.91275811	1.90882909	1.90644646	1.89241803	1.88047981	1.89330173	1.94469547	2.03961349	2.22185802	2.55147552	3.18655753	4.19863033	5.57265568	5.60172558	4.77280188	3.91549349	3.40516973	3.16295719	2.83930302	2.61982369	2.50488973	2.46477509	2.43965912	2.18219376	1.90819252	1.76112700	1.73810303	1.68985987	1.59485579	1.52959526	1.49501228	1.48068523	1.46483707	1.41473269	1.40061057	1.41001761	1.42892826	1.44174242	1.46228242	1.45258963	1.45819974	1.48242319	1.48634529	1.52575707	1.57870603	1.64602971	1.70870483	1.72784615	1.75375915	1.78617728	1.81336379	1.82253635	1.79986775	1.77379715	1.77500606	1.82066822	1.88683796	1.90844941	1.90133965	1.85505998	1.82159424	1.81052423	1.78902924	1.81278479	1.90115654	2.05649018	2.25172734	2.43040466	2.46702051	2.56760454	2.70019650	2.80852938	2.81203103	2.81601858	2.85573745	2.89832664	2.92678928	2.93999434	3.02978802	3.15304089	3.27786875	3.39911032	3.53832769	3.63212252	3.60932326	3.50231814	3.38808107	3.38817048	3.40323448	3.38129616	3.36215138	3.37775755	3.45223451	3.60047340	3.71802974	3.80438614	3.86028051	3.88770604	3.87384343	3.85955429	3.87435508	3.92628717	4.00191832	3.99155235	3.92988801	3.87676835	3.86239338	3.88732147	3.91135883	3.93389177	3.95123029	3.97459650	4.03012609	4.08917141	4.08286047	4.04177189	3.99472928	3.96880054	3.89405727	3.81917763	3.75806642	3.70614481	3.64035249	3.57491493	3.54495621	3.55087543	3.57469606	3.58006334	3.55781722	3.53989291	3.57057953	3.62791800	3.62370539	3.55070615	3.43867683	3.33819771	3.27337456	3.24183822	3.15254259	2.91578054	2.51929283	2.13899994
54.0000000	1.87335896	1.86160839	1.91326880	1.95596385	1.96413851	1.95905817	2.02433157	2.09039593	2.15620041	2.25927019	2.47570705	2.26177955	2.06988335	1.92742717	1.85707521	1.87674904	2.11028504	2.33733988	2.40166450	2.33016372	2.33289671	2.37474918	2.42230392	2.45399356	2.45309114	2.40771151	2.40585256	2.39188027	2.37303686	2.34803414	2.30705428	2.36278367	2.43316889	2.46371865	2.44322395	2.40375900	2.39470172	2.35136819	2.27051735	2.18764043	2.17695737	2.16732502	2.15472960	2.12327480	2.07359481	2.02285600	1.94187403	1.85445917	1.74108577	1.62459528	1.57019341	1.56728470	1.61827147	1.65537298	1.67338800	1.72969329	2.13567781	2.29106140	2.15793705	1.86047828	1.68494081	1.52859795	1.43701124	1.38044918	1.35509205	1.38303173	1.38739598	1.34476233	1.29294646	1.24777162	1.20306885	1.12707973	1.09576249	1.08611274	1.07231522	1.02574515	0.961731374	0.930176377	0.923547447	0.942085385	0.993805408	1.03259397	1.08660007	1.14785564	1.23296916	1.38312554	1.64283276	1.90246773	2.07832527	2.08035612	1.81216395	1.55041134	1.54084456	2.05228114	3.12477541	4.56961870	3.93741369	3.42960286	2.86857939	2.23091316	1.64734983	1.50483644	1.38530159	1.40440702	1.51450884	1.50465858	1.38658559	1.38548207	1.50827491	1.74577296	2.07266665	2.12094331	2.12353563	2.03503251	1.87762964	1.74112773	1.86738706	1.91195667	1.89497006	1.83456683	1.74689507	1.75800562	1.76722825	1.77172959	1.78381538	1.83093119	1.81342840	1.80560207	1.83811510	1.93182397	2.09778070	2.20379448	2.30976534	2.45363951	2.71056581	3.19289589	3.52489519	3.06345439	2.63001418	2.49235153	2.36457944	2.28311729	2.24260402	2.18974972	2.11572289	2.05614924	2.10424232	2.18442607	2.27290702	2.35435462	2.42190289	2.48042226	2.57972288	2.73545218	2.88543320	2.88966465	3.59290481	4.18494463	4.45445824	4.46211100	4.54055500	3.81778789	3.25445247	2.91772795	2.77548027	2.69626260	2.72329855	2.71907330	2.66238642	2.56862688	2.48977375	2.52057505	2.56067467	2.58504057	2.58600187	2.57324600	2.54750776	2.52431917	2.51802588	2.52570868	2.52718306	2.51440358	2.48196578	2.42868900	2.36787653	2.32731414	2.31661010	2.27125812	2.19582772	2.11493397	2.07323670	2.09713531	2.06770515	2.03377962	2.01662064	2.00992012	2.03513980	2.05916286	2.04992485	2.01490927	2.00115037	1.99680054	2.00516653	2.02334714	2.05131841	2.09193277	2.07811213	2.02215624	1.96681440	1.93581295	1.93385410	1.90996265	1.86189687	1.83206308	1.83770597	1.87091076	1.90446663	1.93060529	1.94361317	1.94870865	1.96204293	1.92610216	1.88892806	1.87755525	1.90561938	1.97335756	2.04194498	2.19151902	2.48403573	2.98982310	3.78758168	5.92028236	5.81707001	4.56647396	3.22679949	2.82612371	2.70623231	2.61625266	3.02312160	3.74718857	3.96221399	2.98445559	2.42584491	2.17225552	2.03063226	1.72899187	1.57888150	1.46974623	1.38509023	1.32608449	1.31156623	1.34103751	1.37134194	1.40016043	1.44144499	1.52541995	1.54234862	1.51388228	1.49101365	1.49320376	1.50838232	1.50539482	1.55076742	1.61237681	1.67444551	1.73754263	1.79677105	1.86899197	1.91499674	1.92764354	1.93185806	1.92687249	1.95876837	2.02448440	2.09879470	2.13430834	2.10605836	2.03391910	1.95869982	1.90235186	1.86796796	1.86656141	2.02039123	2.16025782	2.25335336	2.40326023	2.54086351	2.69320250	2.86017799	3.00629425	3.06065774	3.03734899	3.03868270	3.05943131	3.06407738	2.98681474	3.14470410	3.31811404	3.51875615	3.71028495	3.80829883	3.87527490	3.85753393	3.73276401	3.57579637	3.55860853	3.52744842	3.46056652	3.39170790	3.35909915	3.40544677	3.51337218	3.62780333	3.71828079	3.78063107	3.83696389	3.87695813	3.87697124	3.89556408	3.94743037	4.00340080	4.02543545	4.02457809	4.03235769	4.05884838	4.09266710	4.09461403	4.10159540	4.10949278	4.12657642	4.17350674	4.16767883	4.09231615	4.00138950	3.92448974	3.86682558	3.78822827	3.77700019	3.77625275	3.74453926	3.65585828	3.59902906	3.56273508	3.54921722	3.54501319	3.52095890	3.47513843	3.46040344	3.50910854	3.60365820	3.67650914	3.72659516	3.53579354	3.22311425	2.92305040	2.78557825	2.93573022	2.92137647	2.73028326	2.49553537
53.0000000	1.95472562	1.81407678	1.77352262	1.80309975	1.88554251	2.01628304	2.19594884	2.39996266	2.56762552	2.64770508	2.59843636	2.39064837	2.24753833	2.17842960	2.16900468	2.18130684	2.28098440	2.31214476	2.30466866	2.28194427	2.26086783	2.35401225	2.40165567	2.41605163	2.39519000	2.32279825	2.35479689	2.35716224	2.33349204	2.29306293	2.25083065	2.27338362	2.28646064	2.30259085	2.32413697	2.34329319	2.32836437	2.30399442	2.24724960	2.16627431	2.10029364	2.06343699	2.00731492	1.94809282	1.88814759	1.81606662	1.77696681	1.70533049	1.60809100	1.52163815	1.51181710	1.49636531	1.55244565	1.59904420	1.62799466	1.70397842	2.04934239	2.15357828	2.02916908	1.79324818	1.66759932	1.53815377	1.45775557	1.42873847	1.44721186	1.50305903	1.49109793	1.48139739	1.44129157	1.37168896	1.30707037	1.22741306	1.13196123	1.06524384	1.02862906	0.980324686	0.928048551	0.876112342	0.851433694	0.869985521	0.936796546	0.994974971	1.09062111	1.20963955	1.35544038	1.54893887	1.93251920	2.30544686	2.62294483	2.72892046	2.35596776	2.00424123	1.96069264	2.21918249	2.71168470	3.30828452	3.14343977	2.99790335	2.93321800	2.99988890	3.23738742	2.54354239	1.90074408	1.59371555	1.55884969	1.38420892	1.31513071	1.37484622	1.53406084	1.76346791	2.03374839	1.91377902	1.84858978	1.76356816	1.62208021	1.42546952	1.48184299	1.57252669	1.65307117	1.71846616	1.80314052	1.96308827	2.08525562	2.11912775	2.07818675	2.03990960	1.85591197	1.74995863	1.73511016	1.78823364	1.85000277	2.17273283	2.48635864	2.69153738	2.84713888	3.17024565	3.17795587	2.71850300	2.37666845	2.32220221	2.30982423	2.32216263	2.33004856	2.30888891	2.26457381	2.23347306	2.21282625	2.22837329	2.26102281	2.30763412	2.38101435	2.47143674	2.60048342	2.74350214	2.85653925	2.87634063	3.80379033	4.53917742	4.75469923	4.36825037	3.54341674	3.15604424	2.96672297	2.86537409	2.79323697	2.74287057	2.77221346	2.77085447	2.73232341	2.67029190	2.61857367	2.65955734	2.69513750	2.69346523	2.65788722	2.62694788	2.60584211	2.60702968	2.62138939	2.63329339	2.62060928	2.58732724	2.52256823	2.44559979	2.37214756	2.31439495	2.30273652	2.25569081	2.20026302	2.15417671	2.12587237	2.14322782	2.12580466	2.09769559	2.07515192	2.06658411	2.05517507	2.05947924	2.06731081	2.07207203	2.07275343	2.09137082	2.09439731	2.10083723	2.12271595	2.16508102	2.15735531	2.10421157	2.04204488	1.99546647	1.97729993	1.95092559	1.91223419	1.88217998	1.86956894	1.87105834	1.90631306	1.94421959	1.97174883	1.98800504	2.00422597	1.98296893	1.94815075	1.92936301	1.93578625	1.95619106	1.98617911	2.06097102	2.20533037	2.47074986	2.93545151	4.27094316	5.73652601	5.72189999	4.29416227	3.19781184	2.77590775	2.63009286	2.96263289	3.63490963	4.16742229	3.64214921	3.39362335	3.18223166	2.79671764	2.05418015	1.85840046	1.68290174	1.53844690	1.43947554	1.40410376	1.38471329	1.36990023	1.39410245	1.46925247	1.58477795	1.63010144	1.63409150	1.61649644	1.57907009	1.50557077	1.47668636	1.49413300	1.57433808	1.70111191	1.82564795	1.89882910	1.99428654	2.09755301	2.17895150	2.19359326	2.19764614	2.23891592	2.29163170	2.32544971	2.30545354	2.21936178	2.13189507	2.04618740	1.97872663	1.95935249	1.93748796	2.12988853	2.31345320	2.43571663	2.61484694	2.82170415	2.94499445	3.03030181	3.09386945	3.12260151	3.13866377	3.16412854	3.21474338	3.27142286	3.28024960	3.39687324	3.54289317	3.70393634	3.83396006	3.85524988	3.85111356	3.82834983	3.74350810	3.64897394	3.69297075	3.63030195	3.53564668	3.48014665	3.48387432	3.51583576	3.56043220	3.62589145	3.69014287	3.76003575	3.87134361	3.92479205	3.94702840	3.96287847	3.98614168	4.01959276	4.08130884	4.13766861	4.20028400	4.27003384	4.33706284	4.31574869	4.30124664	4.30460548	4.31253052	4.28738356	4.22137451	4.12279367	3.99830937	3.87305021	3.79060674	3.75871992	3.77288055	3.79926515	3.80113721	3.73884940	3.67325330	3.63001466	3.57792044	3.49599385	3.37349272	3.32291150	3.32649183	3.40859199	3.55457306	3.71080351	3.65572405	3.37086725	2.99239492	2.67965388	2.61517668	2.92363691	2.92510152	2.72475553	2.49988794
52.0000000	2.18133926	1.97316110	1.82784772	1.83532274	2.02118278	2.34669805	2.51943398	2.67458892	2.75447559	2.73010874	2.60120559	2.37819338	2.24359727	2.19629359	2.20264387	2.19649720	2.17200804	2.16876364	2.21638227	2.28737140	2.29712796	2.35873175	2.36892009	2.34626484	2.30946326	2.27733612	2.32829475	2.31414175	2.26378751	2.21247554	2.20178556	2.19425941	2.19816351	2.21272492	2.22684312	2.21908998	2.22045302	2.21591449	2.17671824	2.11262703	2.07192349	1.97511041	1.85607898	1.77036595	1.72196841	1.66334295	1.61422718	1.51613557	1.43505275	1.38693607	1.33771455	1.32316148	1.38451517	1.46493793	1.54183269	1.62684345	1.86509967	1.90654492	1.80928850	1.65770102	1.56241560	1.51298642	1.46197212	1.45756721	1.49709654	1.52701354	1.53758240	1.56353891	1.53239882	1.45004249	1.40071619	1.34337449	1.25968039	1.16967964	1.08026493	0.985176325	0.931319416	0.890317261	0.872463942	0.884301364	0.928619385	1.02865469	1.21922338	1.46096539	1.72563219	1.99608815	2.41385341	2.76543450	3.00937700	3.07030272	2.83891416	2.41433835	2.15447974	2.04462600	2.01654220	1.94847095	2.27420020	2.98864698	3.43230605	3.38670754	3.07441974	2.57705259	2.05479360	1.68146610	1.47891462	1.31700456	1.32744408	1.37708020	1.53012621	1.75224864	1.91056776	1.76140738	1.68613458	1.57461834	1.40455842	1.24148464	1.27820337	1.37125504	1.47158456	1.57600248	1.72718620	1.98657572	2.19801331	2.30128312	2.25940609	2.05863976	1.83088350	1.72205043	1.72184086	1.78872383	1.84993708	2.19074082	2.61395884	2.82222056	2.83751512	3.00118804	2.96496344	2.58452821	2.31945467	2.29403353	2.29727387	2.31460953	2.35788798	2.38017225	2.37373257	2.37004733	2.27803755	2.23948359	2.23914361	2.27397513	2.35313392	2.50376511	2.64459062	2.75185657	2.82801247	2.90171289	3.41970778	3.86737895	3.93993473	3.60871458	3.12119174	3.07506204	2.99406695	2.91731405	2.86996627	2.86324143	2.86079979	2.86379766	2.84546304	2.80681682	2.77667308	2.77935815	2.77511811	2.75140905	2.71129560	2.67345023	2.67363095	2.69755220	2.73295760	2.75364757	2.71948004	2.65249729	2.57573557	2.48582673	2.39705181	2.34134269	2.33689785	2.32400036	2.29046011	2.24250627	2.20478988	2.19913268	2.18127322	2.16257119	2.14463973	2.11934400	2.12503910	2.15470362	2.18200159	2.18723631	2.15734959	2.16375494	2.15459871	2.15345955	2.17209029	2.21041918	2.22567058	2.20130658	2.15473294	2.10142732	2.05494094	2.03268504	2.00510263	1.98167491	1.96197033	1.93564403	1.95841074	1.99384081	2.02065682	2.03354788	2.04316974	2.03196120	2.01646733	1.99432361	1.96837175	1.94666028	1.97277510	2.02738929	2.10805011	2.26126814	2.58251882	3.26586366	4.67089987	5.92760992	6.22298384	4.80101395	3.43681479	2.95396185	3.03552175	3.47483063	4.17549372	4.82787418	4.33993769	3.55733633	2.92838001	2.50403690	2.11535811	1.80635345	1.62155890	1.55322063	1.54129267	1.46159947	1.43298030	1.44818103	1.49907446	1.57666028	1.64464784	1.69668496	1.70845115	1.65093565	1.49043608	1.48973811	1.51630557	1.59664202	1.72673094	1.87203538	1.97258186	2.08728981	2.20334935	2.30058670	2.35146213	2.37542486	2.42777896	2.47460127	2.48202848	2.41625595	2.30850148	2.23440337	2.18247509	2.13932300	2.08964300	2.10151649	2.32173491	2.53038692	2.66754270	2.83325195	3.02672791	3.16262507	3.22916770	3.24783015	3.27333999	3.36607385	3.46205330	3.55823660	3.64704108	3.71634126	3.76298976	3.80700755	3.85639381	3.91392088	3.97713828	3.96080518	3.94783163	3.88176990	3.78640866	3.76577473	3.69843507	3.64218307	3.63939071	3.68489766	3.72601056	3.76224756	3.81320596	3.85736966	3.89901900	3.96823215	3.96948385	3.96364665	3.96316624	3.98846459	4.06793880	4.15682364	4.22252035	4.28158808	4.33219481	4.35412073	4.33903599	4.37337780	4.41715479	4.42574549	4.34989595	4.23171949	4.11658001	3.98535037	3.85635972	3.78539348	3.77228642	3.74934435	3.74253798	3.74105787	3.69730902	3.64162755	3.59488511	3.52893734	3.43314242	3.31436062	3.25597572	3.22584343	3.26622057	3.36619735	3.46170139	3.27201080	2.98930120	2.66709828	2.41961002	2.42172360	2.78677773	2.80749369	2.63433075	2.44513464
51.0000000	2.04888105	2.00435877	2.06925893	2.22839093	2.44980645	2.68479943	2.76766062	2.81509638	2.79401565	2.71550560	2.63482761	2.63387585	2.59495854	2.52037263	2.43189144	2.37076592	2.33940268	2.34836197	2.40733933	2.48276258	2.49779391	2.45919299	2.39363074	2.31991076	2.26550674	2.26656079	2.27291512	2.27923107	2.26575422	2.23853254	2.22941518	2.24675250	2.20852113	2.16951513	2.15497994	2.16061115	2.11374521	2.10326815	2.06813669	2.00293255	1.95786262	1.82314038	1.72684419	1.65396535	1.59626019	1.55225015	1.49430203	1.39004946	1.31233907	1.27611327	1.23841131	1.22998261	1.27119267	1.34040534	1.42296219	1.51118255	1.68622065	1.70303833	1.64871001	1.57141495	1.48043728	1.42347932	1.39190233	1.39477277	1.41042984	1.38648653	1.45509565	1.50911009	1.49753475	1.43985891	1.42605650	1.41476715	1.39156914	1.34871471	1.27679408	1.16473460	1.06309867	0.976984560	0.927502930	0.918929875	0.938707054	1.10591841	1.48857212	1.99453807	2.53701448	3.03452802	3.50232887	3.51902151	3.28148413	2.95165253	2.65652061	1.91149688	1.43547213	1.34539938	1.54476166	1.72357190	2.52636504	3.03149939	2.90811753	2.33129382	1.98203182	1.77053058	1.58378482	1.48303401	1.44831109	1.37844384	1.36342895	1.38269913	1.55715322	1.86027169	2.11811686	1.92460346	1.78369355	1.56310821	1.28092289	1.10556591	1.16031218	1.26759076	1.38881016	1.51441109	1.66386628	1.89158511	2.04261875	2.12899041	2.11956739	1.94006169	1.76218188	1.67877936	1.70892358	1.81803894	1.91790295	2.25187993	2.64497662	2.78542757	2.72388101	2.87339425	2.68073058	2.34736180	2.21298838	2.30179214	2.32243323	2.36195040	2.36366200	2.36253071	2.36583018	2.35314584	2.28782439	2.28665686	2.31821203	2.37384796	2.46771502	2.63901663	2.77465963	2.86991715	2.94035864	3.02185082	3.25494456	3.42530942	3.44643259	3.32503200	3.16105723	3.15218949	3.14544034	3.13084030	3.10914302	3.09182692	3.01590848	2.96800494	2.94307065	2.93204451	2.92184567	2.91011047	2.87982726	2.82956457	2.77329564	2.74039841	2.75905657	2.78987265	2.82667851	2.84215212	2.78781748	2.72458148	2.64537144	2.55337238	2.46196723	2.39473844	2.40139031	2.40073538	2.37584639	2.33052707	2.28931022	2.28091431	2.25361419	2.24029303	2.24973202	2.26660728	2.27630782	2.28463960	2.28466010	2.26384211	2.20407367	2.19255161	2.18611288	2.20241022	2.24645972	2.31064057	2.35410452	2.34259272	2.28722692	2.20986676	2.14310932	2.10240579	2.09367394	2.09448004	2.08019900	2.02401543	2.01657033	2.04509234	2.06544352	2.05998802	2.03759265	2.05299664	2.05490065	2.03444362	1.99772894	1.96582520	1.97714722	2.03118753	2.09753942	2.19172168	2.37518024	2.83241320	3.64781880	5.04188681	6.27770090	5.66093779	4.32763433	3.57280564	3.27350855	3.30525184	3.54199910	4.50628614	4.47450495	3.89076281	3.21260786	2.91102934	2.28904986	1.81789052	1.60665309	1.59752595	1.56578374	1.53880918	1.54417324	1.55808711	1.57466149	1.60590458	1.64466286	1.67493653	1.67700279	1.64601314	1.59199309	1.55816567	1.54651666	1.60263956	1.72994244	1.88964939	2.03238034	2.18554306	2.31262875	2.40298772	2.47182894	2.50844169	2.51257896	2.51218438	2.50606060	2.46386909	2.42540812	2.41038108	2.41015506	2.40240908	2.35113788	2.37300229	2.51086640	2.67766380	2.83044147	2.97036052	3.04187894	3.17094922	3.32383966	3.44844627	3.47429204	3.52377462	3.56657577	3.61484075	3.66738105	3.70967436	3.81835985	3.90107942	3.93315625	3.92480707	3.92114282	3.95728755	4.01280832	3.98854613	3.87747860	3.76471925	3.68948150	3.69986916	3.78302360	3.89729476	3.97224116	3.98181272	3.96508360	3.94196939	3.92544556	3.92154717	3.90458512	3.90170264	3.92798352	4.00301695	4.15090179	4.30469656	4.42487478	4.46762753	4.43462133	4.37299967	4.32825661	4.35549974	4.39239025	4.38480234	4.28681993	4.14934349	4.05622578	3.96828341	3.87209034	3.77998185	3.73204374	3.66856861	3.62404203	3.59886122	3.55933785	3.53497243	3.51472688	3.46938944	3.39301729	3.30293655	3.20174003	3.09564257	3.02519822	2.99294758	2.96341491	2.74970889	2.54165435	2.38751554	2.32108498	2.36168265	2.51250172	2.46422172	2.33417678	2.22509384
50.0000000	1.94277072	2.07633829	2.32445741	2.57737184	2.76749039	2.86938834	2.83985305	2.83565903	2.81876779	2.79941797	2.83612704	3.11410570	3.12834001	2.97815537	2.76991820	2.61703563	2.52826810	2.47419667	2.46423769	2.47413301	2.44594860	2.41522455	2.37713814	2.34778595	2.33333063	2.32999897	2.31831431	2.30410266	2.28206396	2.25663209	2.24197507	2.26230907	2.21435213	2.13823438	2.07307243	2.05696917	2.01523876	1.97490406	1.92315459	1.86372638	1.81690204	1.72677994	1.65131903	1.56256175	1.47138548	1.42750180	1.36313415	1.25939631	1.18942308	1.16732287	1.14817858	1.12138236	1.14806986	1.20169163	1.27556658	1.38288295	1.53699780	1.56505942	1.52563167	1.46142340	1.39928758	1.31153417	1.27423573	1.26682734	1.26347733	1.23308671	1.35417295	1.42308998	1.40744936	1.34619570	1.34960783	1.39114022	1.47135282	1.50022626	1.45423317	1.37633944	1.26182795	1.13537586	1.02806175	0.969022095	0.985451281	1.12247324	1.48981380	2.02395034	2.66483736	3.35590768	3.89602709	3.71249843	3.20129251	2.68379235	2.40679073	1.65650284	1.21714854	1.17130530	1.38915026	1.52845979	2.48854089	2.73392272	2.42646790	1.90596604	1.69013321	1.50527537	1.40771425	1.35252893	1.31648338	1.29802716	1.39640570	1.59854519	1.85324311	2.08147597	2.17640066	1.90069187	1.66615772	1.41410398	1.16878700	1.03741181	1.05146110	1.13820267	1.24938297	1.38195217	1.57806337	1.75727606	1.89448786	1.96789086	1.93314707	1.72338891	1.70541227	1.69806886	1.75685024	1.87655544	1.99128985	2.22082448	2.48097563	2.58241296	2.56997633	2.72267628	2.56118035	2.38683438	2.34605479	2.42201114	2.43462777	2.41704202	2.36331797	2.32648230	2.31731439	2.30434632	2.29014373	2.34901619	2.42771626	2.51540565	2.64365625	2.80150557	2.92807078	3.03175783	3.11964297	3.19747448	3.23041725	3.22101164	3.18138909	3.14209461	3.15208244	3.21715522	3.25169659	3.28666496	3.31852484	3.30924797	3.22075653	3.12080216	3.06204915	3.05526757	3.06933427	3.06446862	3.00670195	2.92153335	2.84411860	2.81926990	2.82197046	2.83383775	2.85144854	2.86463761	2.85649705	2.82215929	2.74633884	2.66183162	2.58510590	2.51630235	2.47469878	2.44210315	2.40691757	2.37916923	2.39050770	2.39271593	2.35911846	2.34616613	2.36328793	2.37289214	2.34999108	2.33482790	2.31780696	2.29400349	2.26316333	2.25213695	2.25566387	2.29221153	2.36369920	2.45549703	2.49848437	2.46838140	2.38479614	2.27947855	2.19632196	2.15690374	2.15414643	2.15484643	2.13569331	2.08327055	2.03890347	2.03309059	2.03983045	2.04205179	2.03161478	2.05095267	2.06021833	2.04501367	2.01534915	2.00564432	2.02301288	2.05707097	2.08712983	2.11926174	2.18630004	2.46210194	2.95797992	3.59221935	4.24365616	4.75167370	5.07083845	4.85681581	4.19283915	3.39964485	3.03547025	3.32069850	3.74965978	3.92390656	3.73339176	3.35646582	2.68139148	2.03473616	1.70846403	1.68632483	1.64385402	1.65085387	1.66343510	1.65365028	1.63119304	1.64339745	1.68678463	1.71173060	1.71854293	1.71688724	1.72578824	1.58650494	1.51682854	1.55542958	1.69390297	1.87676835	2.06148648	2.21290040	2.32807803	2.41427064	2.48891258	2.48869681	2.52948713	2.58639288	2.62522411	2.60249329	2.62014699	2.66622186	2.72633648	2.78603482	2.83078551	2.78927517	2.80693793	2.91243172	3.06716824	3.16531253	3.11932659	3.14088964	3.25861192	3.43320155	3.55746436	3.56065178	3.42182994	3.28707004	3.22161317	3.20986843	3.32498455	3.47332335	3.58962417	3.64687753	3.65632486	3.78437734	3.96696353	4.02306604	3.90838432	3.71533608	3.63675761	3.68549323	3.81423235	3.95072508	3.99778509	3.97727251	3.94721460	3.91026974	3.86947083	3.82822609	3.80403280	3.83808088	3.93579030	4.09963894	4.32916212	4.52059317	4.65735245	4.70157814	4.64606047	4.51424122	4.43033171	4.39553881	4.36379051	4.29640007	4.16206551	4.03013039	3.95172334	3.88851523	3.82040906	3.74553704	3.66240120	3.58882880	3.52715373	3.48079777	3.45427203	3.44085050	3.39895296	3.33111691	3.24149799	3.13587070	2.99172640	2.84406018	2.71019769	2.60402393	2.53598189	2.42963791	2.32494855	2.26190591	2.24538445	2.24513698	2.15261674	2.05369616	1.99684286	1.98735368
49.0000000	2.17918015	2.22237945	2.31940770	2.45838571	2.62511659	2.80308700	2.79731536	2.85744381	2.94013119	3.01869822	3.08312535	3.27243972	3.28833461	3.19114828	3.02915168	2.83854580	2.48312736	2.30594826	2.27459216	2.32041335	2.33853865	2.33860946	2.37678909	2.50752544	2.68193269	2.74778962	2.50613594	2.28660655	2.18654418	2.19878554	2.21166372	2.21108174	2.13060045	2.03820682	1.97019398	1.93116355	1.94746828	1.93028724	1.86615574	1.77209973	1.69563484	1.64345896	1.54750121	1.43186438	1.33545220	1.31196833	1.26746809	1.15871060	1.04069209	0.950674832	0.908187151	0.886359632	0.937100232	1.02057099	1.12318158	1.25758934	1.38848615	1.45873368	1.45908380	1.39855814	1.30444670	1.18738484	1.12869298	1.12214899	1.14312160	1.14857101	1.31694257	1.35796106	1.30064774	1.21450818	1.20953286	1.29603791	1.45059478	1.49379981	1.40506065	1.32259524	1.21691477	1.12261796	1.04446340	0.997174084	1.00543785	1.04608822	1.15009630	1.33554316	1.61261642	1.98361087	2.63661695	2.99697590	2.97747946	2.62011790	2.09607983	1.52308583	1.07403421	0.996485233	1.20792603	1.29577029	2.11705589	2.51449919	2.33713651	1.83790457	1.67363822	1.44431269	1.27245164	1.11950397	1.00027561	0.982930958	1.37886047	1.84684145	2.02961779	1.88599610	1.69084549	1.51056206	1.34273863	1.21325922	1.11000252	0.982841909	0.952893794	1.00593328	1.13941360	1.34747863	1.62096405	1.72722530	1.77735388	1.73455548	1.62111461	1.51839447	1.65603626	1.81171632	1.94205451	2.03440642	2.10686111	2.10857987	2.14426398	2.17911053	2.20305538	2.23077130	2.47094584	2.79927826	2.97840905	2.92743635	2.72191691	2.51481318	2.39396667	2.28781486	2.20289707	2.22385263	2.31509852	2.43553853	2.55341983	2.66336894	2.78638935	2.91951704	3.04530740	3.15822124	3.24494171	3.28437376	3.27357483	3.23339701	3.20429850	3.20885944	3.25178313	3.28437090	3.29521275	3.31665182	3.34624696	3.34677410	3.31169701	3.24780178	3.19685650	3.18255973	3.21053791	3.18363476	3.11463809	3.02229762	2.93086243	2.87007999	2.85362172	2.84630680	2.84618449	2.86443615	2.92537665	2.93816829	2.88250756	2.80643535	2.72975636	2.64403963	2.57306910	2.52082753	2.49122953	2.49329734	2.54116011	2.51424909	2.46628666	2.44527817	2.45009947	2.43049693	2.38553023	2.36156607	2.35428643	2.36320567	2.39166999	2.39340091	2.39807534	2.44215083	2.52374387	2.60262966	2.63205075	2.56919885	2.45911551	2.34314179	2.25891924	2.22413182	2.21209812	2.19799113	2.16171122	2.08788061	2.03777552	2.04030252	2.06965041	2.09387898	2.07491803	2.09456372	2.09371591	2.07512021	2.05957055	2.08590961	2.11022711	2.10932803	2.08811641	2.06157565	2.05476713	2.13615537	2.29872227	2.56647229	2.93509412	3.37196064	3.99962854	4.25009203	4.21241236	3.89123368	3.20678592	2.89061403	2.88196492	3.24924850	3.73140216	3.73789430	2.95032358	2.48666525	2.20878482	2.00892115	1.80968320	1.76836348	1.72363102	1.66274881	1.61016774	1.62752604	1.68875217	1.70875955	1.70384383	1.68184268	1.64213622	1.49198270	1.46220326	1.56051064	1.75750935	1.98669636	2.11295485	2.20264554	2.27861047	2.36027956	2.46367311	2.42241263	2.48637104	2.60388350	2.73850322	2.86900187	2.89690614	2.96722317	3.03515720	3.07848811	3.09756923	3.08735132	3.11653757	3.21881747	3.34866190	3.38132429	3.27993965	3.20857215	3.22977901	3.34310842	3.48510146	3.50688124	3.42856765	3.32165003	3.25372577	3.28850079	3.14214802	3.20947409	3.38148212	3.53649282	3.54014349	3.79484200	4.09096336	4.19230223	4.06790400	3.89206457	3.66426134	3.62567353	3.69415283	3.78857493	3.82883978	3.86180615	3.88359785	3.90678334	3.92413831	3.90864539	3.88767409	3.94022703	4.07165909	4.26709175	4.49142027	4.68810415	4.80763054	4.85116100	4.80790997	4.65514660	4.54274511	4.44106865	4.32329130	4.18526125	4.04549885	3.92393970	3.86327314	3.81992292	3.76483107	3.68345785	3.58975172	3.51036930	3.44301963	3.38608336	3.33861327	3.27290845	3.17134595	3.06036925	2.94745088	2.82108998	2.68004632	2.56143522	2.46903801	2.39921355	2.34089851	2.25414872	2.19017649	2.15424681	2.14933848	2.17613935	2.15717649	2.13757253	2.16939449	2.23199034
48.0000000	2.25537038	2.25220895	2.32281518	2.40769243	2.51942754	2.74269009	3.12560821	3.37351179	3.63257527	3.88763595	3.96219063	3.76185751	3.57578778	3.33014011	3.03832150	2.80099010	2.33401799	2.13694358	2.11736965	2.19080639	2.28067064	2.31379151	2.36577296	2.66333127	3.07819653	3.12711382	2.59403920	2.15699029	2.01567292	2.11928725	2.16652918	2.07796907	1.97382748	1.90422189	1.87826943	1.86408556	1.92641222	1.92754948	1.84933567	1.72150874	1.62170565	1.58478045	1.48779726	1.37360668	1.28296280	1.25452363	1.17027152	0.997665286	0.840460479	0.744026899	0.695348442	0.691109002	0.741138339	0.811615586	0.904946566	1.05976439	1.19071722	1.30401862	1.34630263	1.30361843	1.20143020	1.07328546	0.985628486	0.971047461	1.02367604	1.09919322	1.23384345	1.24794185	1.18681550	1.11125875	1.09753346	1.20493960	1.29736054	1.27386892	1.15822589	1.09888196	0.996553183	0.904808581	0.846643806	0.828519821	0.840362012	0.876084268	0.893284380	0.918411076	0.969325244	1.05530012	1.38004303	1.65528297	2.11376143	2.51996255	2.17011285	1.53423965	1.13097727	1.02775371	1.12010384	1.13166809	1.75469029	2.20710778	2.11591125	1.65659940	1.55317903	1.35661209	1.18374360	1.05308843	0.974355161	0.948446572	1.20575249	1.51466203	1.58469009	1.42297089	1.33425844	1.26735938	1.20877683	1.15986776	1.11362684	1.05468595	1.00956523	1.03630435	1.17896700	1.41890705	1.67476833	1.65841675	1.56443143	1.44258916	1.35071659	1.35469055	1.55324900	1.81617928	1.99116540	2.05542827	2.11572742	2.03361011	1.93840396	1.94441450	2.02077031	1.99142420	2.67220831	3.21704268	3.42148471	3.21595979	2.66575980	2.50246549	2.38028383	2.25450873	2.16337967	2.22808194	2.41384530	2.58634758	2.72074676	2.81761169	2.90292192	3.03340125	3.18532848	3.32377386	3.40977716	3.40034962	3.39129806	3.38301182	3.37187219	3.35983348	3.35442448	3.33561754	3.33417296	3.33685279	3.34280086	3.36354303	3.36615682	3.33784533	3.32231307	3.33246017	3.35038209	3.32163501	3.24745989	3.13583755	3.01282406	2.92255306	2.91168833	2.88538957	2.87208533	2.89827681	2.98853612	3.03831768	2.99673009	2.90709758	2.80747223	2.73063397	2.68595386	2.63284969	2.60820198	2.62289953	2.66184020	2.61400533	2.56811619	2.53980589	2.52390409	2.49443913	2.46528745	2.47924852	2.50061631	2.52486253	2.57863426	2.58518958	2.56948996	2.58071637	2.62642002	2.67252159	2.71710944	2.67048597	2.58687520	2.49253964	2.38577843	2.33970857	2.31567359	2.28253865	2.22332239	2.13519502	2.13135767	2.17034674	2.20948362	2.21989989	2.18653679	2.18542027	2.16312051	2.13784027	2.12883568	2.15641618	2.14218497	2.11899209	2.08568740	2.04526401	2.00485921	1.96168220	1.94743514	2.02851725	2.24640179	2.61763716	2.85413766	2.96506596	3.38163471	3.78975034	3.13001323	2.55417562	2.36090422	2.65220165	3.33986902	4.14550781	3.35499740	3.00232840	2.76185155	2.47993326	2.17495632	2.04274440	1.87451363	1.74081552	1.68376219	1.71702516	1.75910044	1.75560689	1.71655202	1.65673256	1.59573388	1.52707481	1.58719563	1.72274292	1.89791906	2.09448385	2.14600611	2.20621943	2.26142859	2.31071019	2.36591101	2.38090420	2.48973155	2.64975929	2.84658194	3.09402061	3.10778642	3.13254404	3.16178727	3.17957664	3.16054201	3.20789385	3.21124864	3.27237487	3.36988378	3.35922790	3.25727487	3.22045112	3.28701520	3.41108418	3.46263385	3.41944146	3.40831423	3.40955925	3.41425824	3.42426801	3.22321486	3.19806981	3.27363276	3.36294365	3.36728334	3.85071683	4.25006819	4.34465075	4.17619991	4.04887962	3.84190798	3.68384886	3.62591124	3.66737676	3.75560045	3.89582968	3.97878981	4.02899265	4.05334616	4.04115200	4.07107878	4.16019821	4.29482126	4.46760416	4.67754316	4.82016277	4.87289715	4.84682369	4.76063633	4.64064312	4.52571249	4.38485718	4.22364902	4.06306744	3.93949986	3.86191869	3.81719017	3.76824951	3.69355226	3.58707380	3.48419642	3.39571571	3.30917621	3.21582818	3.11063051	2.98931599	2.86470556	2.74464321	2.62676907	2.49851894	2.38201189	2.28515816	2.22142839	2.18613744	2.15644550	2.09638000	2.05059862	2.02620173	2.03607368	2.09888601	2.16155100	2.21209502	2.27993035	2.34680581
47.0000000	2.33890843	2.51233006	2.56675982	2.54018402	2.52412915	2.66366243	3.74024868	4.99955606	5.19118547	4.45724058	4.33232927	3.99817491	3.66017389	3.29342604	2.93545723	2.68621802	2.31757784	2.05988455	1.94922006	1.95809090	1.99543059	2.22285628	2.48385334	2.81996608	3.08547544	2.94739938	2.55477834	2.10359907	1.89856982	1.93323934	1.88999736	1.71498418	1.68523657	1.71636260	1.75041115	1.75587285	1.79259121	1.76623666	1.70593810	1.63830483	1.58742774	1.59380758	1.56178021	1.47646689	1.35005105	1.22178018	0.986189604	0.800563037	0.704566836	0.679625332	0.648920000	0.627505124	0.642443419	0.671285152	0.725110114	0.848527133	1.00378454	1.12588739	1.18338251	1.16697073	1.08950627	0.968794644	0.882492542	0.850154042	0.872588754	0.931861460	0.983667672	0.998577476	0.984490097	0.965008676	0.979440868	1.06918979	1.04044271	0.934998810	0.806794524	0.721903443	0.680310190	0.631130517	0.617254913	0.648741364	0.702815235	0.831310213	0.869844019	0.863324285	0.842180789	0.822364986	0.722331107	0.650396347	0.868954360	1.33607411	1.70550013	1.46157479	1.29904699	1.15716720	1.02385938	0.935720444	1.29991353	1.69582438	1.70147860	1.38018441	1.28053272	1.19891083	1.15872872	1.10241425	1.01870203	0.942633569	0.960456431	0.995404959	0.988348722	0.950147510	0.961651921	1.00764203	1.03622460	1.08450890	1.16152871	1.24824238	1.24108100	1.28079081	1.35663664	1.46104085	1.58958316	1.50337803	1.32353604	1.22742236	1.24639273	1.26579356	1.39731562	1.58146894	1.74085653	1.85485971	1.95964050	1.92665040	1.91561210	2.00689220	2.17742729	2.30072641	2.82564139	3.23473525	3.40121150	3.18920803	2.45379686	2.46974063	2.40065718	2.31640482	2.28589034	2.37706852	2.58268738	2.72493553	2.82390022	2.90897512	3.01885962	3.15867925	3.32565451	3.49217725	3.60784626	3.59946728	3.54907632	3.50688672	3.47157407	3.44635415	3.43898225	3.41461849	3.41420579	3.41810703	3.42537093	3.45373249	3.45764327	3.45631146	3.47320747	3.50048304	3.49897218	3.43578410	3.34276009	3.23290515	3.13127446	3.07497311	3.05996943	3.03047991	3.02710128	3.06247711	3.12129736	3.13271308	3.06350732	2.96251369	2.87097168	2.82252717	2.77791619	2.70998144	2.67501879	2.68535781	2.70936131	2.70815277	2.68963909	2.67913938	2.67258835	2.63653708	2.61479783	2.65120649	2.67849731	2.68613505	2.72031331	2.69409657	2.65182185	2.63651109	2.65949798	2.70042944	2.75569725	2.78837562	2.78217697	2.72442746	2.60606432	2.54023266	2.50662422	2.47361326	2.41584349	2.31423140	2.30988574	2.33349800	2.33285928	2.29637337	2.25305772	2.24250364	2.22574687	2.20935345	2.19026518	2.15580082	2.09976864	2.06998992	2.04082799	2.00126123	1.95488060	1.87797332	1.82977605	1.86054540	2.01317716	2.32320762	2.83638549	3.04709911	2.95619965	2.65317321	2.31613731	2.17309141	2.28249979	2.81562471	3.62405396	4.23969841	3.64600825	3.29974365	3.04436231	2.82741356	2.70053387	2.40875721	2.07459211	1.88350642	1.86176193	1.87641501	1.87140715	1.86843491	1.82803297	1.76528943	1.74984717	1.71842992	1.78989971	1.88792467	1.97611380	2.05801702	2.12765980	2.18171096	2.26441550	2.37613916	2.47336745	2.57258439	2.65107536	2.73911762	2.83621573	2.91110253	3.05424142	3.12748623	3.15316081	3.14080811	3.08719277	3.06923699	3.04804325	3.02788806	3.01007295	2.99292612	2.94780755	3.01311755	3.20094728	3.43025565	3.52687287	3.41490078	3.41559601	3.44536066	3.45471048	3.42827320	3.36710167	3.33247948	3.32882333	3.34125066	3.33558226	3.56084800	3.77215886	3.87265253	3.85618281	3.80732036	3.77164483	3.68162203	3.63253689	3.68221593	3.85102320	4.06429243	4.17851305	4.19881630	4.16262102	4.13963318	4.24303675	4.39969730	4.59098196	4.79524088	4.98780298	4.99877167	4.91316175	4.78764963	4.67521858	4.62516022	4.52580309	4.33397436	4.13666916	3.98452187	3.89180827	3.82301593	3.73765850	3.64399219	3.54038167	3.41530275	3.30657482	3.20816994	3.09408641	2.95705104	2.80851793	2.66916895	2.54103279	2.41667223	2.29977036	2.20513368	2.12034583	2.05157018	2.00209713	1.96614981	1.92888343	1.89181995	1.86955869	1.85699415	1.85867572	1.88880754	1.89762962	1.92528677	2.04157758	2.19056296
46.0000000	2.30454969	2.74626422	2.86216974	2.75711894	2.61350560	2.69126248	3.64209318	4.39996338	4.18070221	3.40587687	3.70279050	3.70961785	3.44187450	3.11851573	2.84670568	2.62181592	2.29331851	2.04493523	1.89907420	1.85871017	1.90738475	2.19755173	2.54176259	2.76439190	2.79437494	2.66520596	2.46380711	2.05219817	1.78360534	1.68449914	1.45459509	1.15414858	1.12148190	1.27664781	1.50229299	1.64365923	1.64908028	1.62451148	1.58672261	1.55903542	1.57132590	1.53405869	1.55310774	1.50939405	1.36239028	1.15012169	0.811186373	0.674631715	0.636515915	0.620884418	0.579769731	0.579599440	0.579103291	0.592959762	0.638254941	0.734482706	0.903385401	1.00759983	1.05994558	1.05566108	0.972403526	0.867682934	0.791199446	0.746720493	0.736419261	0.760874331	0.795398474	0.815305471	0.814308286	0.800768197	0.797694981	0.832139969	0.775000215	0.703465998	0.644352496	0.574099243	0.534421086	0.533579171	0.588282108	0.696441829	0.837173462	0.966795027	0.941724777	0.871024251	0.802530825	0.722858787	0.552655220	0.442639947	0.417094886	0.533646882	0.883267939	1.11806595	1.08753860	0.928402841	0.755520821	0.661900759	0.880733669	1.22073305	1.29974341	1.11720300	1.05414319	0.971232712	0.906331360	0.841802835	0.775016844	0.718349457	0.704703391	0.695650697	0.679645896	0.673172593	0.720743299	0.793153286	0.874222457	0.985839725	1.12850022	1.28130507	1.38059413	1.43882537	1.46678591	1.48141694	1.50581264	1.41350698	1.18953466	1.10498953	1.19404995	1.25397992	1.35359049	1.49762821	1.66241932	1.81260180	1.90112507	1.90147209	1.92788267	2.05322528	2.31062150	2.69344735	2.82627106	3.15375638	3.21014142	2.88735390	2.43501282	2.46884894	2.42818284	2.37197161	2.36861277	2.49594474	2.70100379	2.82042599	2.91379309	3.01752758	3.14489532	3.28107119	3.42845583	3.58341765	3.70226169	3.70123029	3.60974789	3.52590823	3.47805500	3.47471189	3.50457907	3.52582908	3.55484772	3.57180595	3.57873774	3.59954286	3.59473372	3.59446287	3.59289694	3.57533407	3.51820588	3.43688488	3.36127329	3.31054831	3.28108835	3.24647141	3.23880029	3.23089147	3.24024987	3.26281261	3.27294683	3.21875906	3.11196041	3.02490520	2.98056841	2.95254374	2.89868450	2.82840991	2.80394244	2.82695746	2.83858228	2.84813309	2.84014463	2.83373189	2.82125139	2.76830220	2.74960828	2.77344012	2.77293515	2.74632263	2.75692248	2.72504210	2.68392110	2.68176985	2.73240995	2.81527376	2.90347123	2.96948218	2.97124982	2.90480733	2.80427790	2.73969364	2.70015764	2.67872691	2.64026022	2.52141523	2.45033550	2.40743208	2.35429144	2.28897595	2.24602175	2.23988366	2.24114490	2.22962737	2.19360542	2.12980509	2.06210279	2.01387858	1.96661043	1.92082071	1.89607775	1.82733774	1.77294946	1.79412651	1.93309569	2.21309757	2.78986692	3.12104702	2.81943059	2.12481308	1.90399361	1.96385550	2.22970963	3.21590686	4.45864582	4.51597166	3.61918688	3.22364855	3.11347675	3.16546774	3.34909606	2.97072530	2.46718121	2.19432712	2.18663096	2.15716553	2.07098150	1.98405766	1.90442455	1.84153438	1.80625808	1.81317306	1.84872866	1.88672209	1.92915738	2.00624418	2.09117222	2.19936371	2.34300733	2.50766516	2.65227437	2.75219369	2.76986480	2.77941394	2.80128717	2.80225086	2.83390307	2.90778685	2.96698833	2.98248529	2.95314431	2.91715956	2.90264416	2.84630060	2.76110673	2.73631763	2.76859045	2.88880086	3.12421298	3.40211225	3.54980397	3.62949944	3.58669734	3.53558064	3.51273942	3.47717118	3.54622006	3.60613418	3.62082124	3.55030441	3.35072064	3.34966016	3.42580128	3.54756856	3.66624856	3.71598649	3.71250772	3.69849610	3.72840047	3.82701278	3.98946929	4.18561745	4.31201839	4.36916733	4.38971329	4.43845892	4.55724287	4.75371122	5.00767279	5.24246550	5.32495642	5.21690416	5.01420736	4.82243490	4.69356012	4.62596178	4.46868944	4.26903296	4.08333635	3.94207835	3.84987092	3.71749496	3.58894634	3.46285701	3.33007693	3.17367387	3.05042791	2.92226219	2.77743721	2.62436795	2.49162364	2.36463261	2.24495912	2.13064981	2.02928829	1.95799685	1.91621947	1.86603868	1.81445539	1.76953268	1.74039423	1.72249639	1.70118427	1.68210196	1.67042458	1.67085946	1.62461960	1.61578906	1.71555555	1.86247599
45.0000000	2.23451114	2.69208336	2.91512513	2.84739590	2.62927198	2.59774613	2.92813516	2.88330960	2.67409706	2.42233419	2.16086817	2.11965513	1.95156825	1.80474961	1.80570948	2.05932546	2.32044339	2.32552218	2.19097161	2.02356815	1.92045403	2.17862868	2.37597680	2.39396214	2.25134897	2.10420275	1.97014201	1.77061808	1.60002995	1.40215409	0.970144868	0.864028037	0.854908288	0.985807478	1.19850767	1.33355117	1.26667202	1.22420263	1.37056339	1.73146474	2.19390655	2.01061273	2.00778699	1.85627210	1.50482762	1.18012941	0.828593075	0.670883775	0.616299868	0.597738922	0.571697414	0.587373912	0.599012971	0.622602940	0.668328345	0.740569711	0.820789456	0.887237072	0.911077440	0.888734043	0.841888428	0.752332568	0.687738180	0.650534630	0.641119242	0.657857060	0.680334926	0.693092346	0.678204060	0.647384465	0.641987026	0.672440410	0.671031475	0.662160277	0.653056443	0.633779585	0.622372746	0.664174736	1.01982844	1.57069063	1.81883287	1.38455057	1.06200743	0.903223395	0.847079635	0.719318211	0.576598287	0.440802276	0.383434564	0.425594002	0.537973523	0.620982468	0.591313541	0.517002225	0.452184677	0.437097549	0.569102526	0.739335120	0.807970047	0.773847044	0.774471283	0.704601049	0.620784342	0.557353795	0.526189387	0.516718090	0.509672463	0.511225998	0.532672226	0.573048115	0.619134128	0.691726506	0.808138609	0.929322183	1.04768133	1.18707240	1.33588362	1.44819140	1.46549153	1.38598788	1.26459217	1.17003655	1.05335784	1.05403221	1.17011702	1.25825036	1.36127412	1.56076312	1.80802989	2.01267552	2.04258895	2.05317926	2.04756951	2.20417190	2.51953006	2.80831957	2.67766571	2.56329203	2.48008513	2.42454076	2.37476492	2.65820456	2.83048177	2.80622387	2.66480875	2.65036297	2.82969069	2.96214819	3.06990743	3.16114593	3.23004842	3.33388519	3.47160983	3.57663870	3.61659527	3.59331036	3.58995128	3.58850121	3.57345009	3.55081463	3.54813600	3.59284520	3.64148855	3.67411780	3.68928599	3.70404553	3.65879774	3.60057139	3.55285478	3.51689553	3.47169852	3.40468144	3.36736584	3.36365223	3.37350154	3.35293794	3.37662339	3.42350578	3.43958044	3.41258144	3.37197995	3.27311516	3.15641856	3.09651470	3.09752345	3.09305882	3.07904983	3.05828953	3.06684041	3.09625959	3.09360242	3.05750656	2.99117184	2.93069887	2.88804698	2.85103536	2.86240530	2.90239549	2.88565159	2.82844067	2.84865332	2.82289720	2.79421949	2.80949473	2.88065505	2.98469090	3.08070612	3.13602448	3.13822603	3.09014630	3.00987411	2.91796660	2.85163713	2.80361819	2.73774934	2.58897948	2.45282578	2.38185263	2.34075689	2.31038451	2.28772759	2.25595021	2.23413181	2.21237040	2.17952275	2.12320733	2.03070211	1.94824016	1.89471912	1.86985159	1.85416675	1.77620637	1.72607744	1.74867308	1.88825476	2.18845201	2.62722039	3.03550529	3.03456426	2.71805191	2.65201902	2.43058348	2.47850490	3.42107821	4.65410757	4.34390545	3.11123633	2.82020545	3.04918456	3.40647817	3.53032446	3.20386410	2.77228022	2.51489091	2.46128869	2.39134073	2.25090933	2.06721616	1.92121255	1.84218979	1.80777895	1.83760846	1.87483656	1.89144671	1.90457571	1.97651494	2.12305927	2.24579191	2.38235950	2.51722717	2.58167768	2.56430697	2.54879236	2.61049747	2.73005176	2.79334927	2.67109227	2.62460041	2.67582226	2.77513838	2.80136061	2.73084450	2.70297408	2.72429442	2.80329490	2.95041013	3.12929416	3.26081777	3.36503029	3.45979404	3.56078815	3.50925875	3.43045735	3.45339632	3.59037232	3.73696566	3.71635890	3.66251755	3.54420209	3.39555359	3.31609535	3.40789390	3.52306914	3.66952848	3.83386850	3.98137236	3.99285531	3.97417760	3.99710059	4.08950424	4.23539352	4.42057085	4.58334398	4.71858263	4.83351707	4.94773817	5.02306271	5.19001389	5.38145638	5.51139069	5.47495079	5.29791403	5.07937431	4.89232826	4.73830318	4.54735708	4.29120302	4.09409618	3.93094444	3.78047800	3.62524891	3.45954394	3.33102250	3.19877052	3.03769207	2.83850765	2.71749997	2.56325197	2.42646646	2.31747580	2.20624065	2.06069469	1.94294727	1.85432506	1.79338825	1.75593150	1.73795247	1.69673169	1.65698695	1.63285482	1.62789071	1.64448011	1.63904583	1.62079430	1.59945142	1.58526278	1.53347516	1.54527211	1.65218079	1.78779995
44.0000000	2.46342301	2.57970738	2.48402715	2.30789304	2.16133046	2.13287926	2.06801248	1.93775427	1.71628320	1.48172116	1.41613400	1.58529449	1.53349590	1.39377618	1.31355250	1.45462215	1.98367929	2.47756481	2.59487700	2.39578676	2.34203577	2.33466411	2.25081944	2.15362477	2.07218599	2.00159335	1.87964964	1.73220015	1.42012966	1.02216041	0.834853530	0.833577275	0.858367622	0.918190181	0.987165391	1.00456858	0.962044418	0.931109905	1.02036250	1.38996291	2.25163627	2.73951292	2.65247345	2.39361286	2.10988951	1.69212413	1.30241501	0.974325538	0.766433060	0.674028456	0.629115522	0.624661863	0.671910286	0.708235204	0.715907097	0.722091496	0.716081142	0.737089097	0.751100779	0.738400042	0.693569124	0.619555593	0.573265374	0.547501564	0.540103137	0.553944945	0.583551526	0.603582442	0.616021991	0.624665737	0.635120690	0.691204965	0.791262329	0.876314938	0.938868284	1.02291083	1.22346294	1.54665482	2.44136310	3.35783482	2.74768662	1.97214174	1.54595184	1.42577612	1.43555951	1.26653254	1.03975463	0.793436229	0.598902225	0.474899888	0.387598366	0.339228660	0.308471024	0.306970209	0.337041408	0.391670585	0.485422313	0.559383512	0.576693118	0.544911265	0.516019046	0.512311637	0.495839447	0.476206303	0.456156343	0.431574315	0.433091670	0.465727687	0.508586168	0.548976958	0.582415938	0.679113686	0.782353163	0.898488462	1.03114069	1.18119907	1.32183015	1.43628442	1.42378747	1.28384602	1.11624813	1.05688608	1.04572117	1.12017393	1.25753176	1.37495029	1.58375442	1.81040037	1.93920898	1.97514677	2.04382682	1.99760008	2.06232285	2.27186155	2.57195330	2.82020450	2.55417562	2.28149891	2.21215272	2.31575704	2.32157207	2.73796916	3.08169556	3.14017129	2.96871138	2.89052439	2.92463231	3.01573014	3.12529945	3.21526504	3.24799442	3.39362597	3.48895907	3.52009463	3.50714111	3.50421524	3.58399868	3.65775108	3.66418457	3.61577749	3.59877276	3.63720250	3.70847344	3.76232600	3.77301335	3.73930335	3.63225317	3.53011703	3.47232199	3.46134996	3.46273828	3.45872736	3.47097993	3.50373125	3.52587438	3.47096133	3.48729038	3.56614089	3.58586144	3.51911449	3.43287444	3.32540703	3.24256587	3.22582173	3.26146102	3.28058434	3.31031275	3.32531667	3.32633972	3.31017995	3.26969051	3.22047806	3.13792849	3.04715753	2.98678970	3.00895691	3.06083226	3.12901640	3.11899543	3.05115104	3.06075954	2.98718166	2.93490171	2.95199895	3.03001428	3.10395002	3.16240096	3.22557855	3.25507689	3.23528481	3.17338419	3.04905391	2.94849944	2.84382057	2.71149921	2.53240418	2.45196056	2.39437270	2.36910629	2.36260629	2.33829832	2.28180671	2.25882101	2.23450923	2.18338823	2.08932400	1.96550190	1.88470638	1.83962822	1.80868280	1.75601041	1.68627405	1.67342889	1.75126576	1.93864107	2.23947597	2.72299433	3.39282608	3.58652544	3.19140387	2.64453149	2.33235550	2.27668762	2.72005534	3.45129514	3.80555511	2.85787535	2.63421488	2.91779089	3.28472829	3.10406256	2.69803691	2.46217251	2.37162304	2.36220932	2.33042049	2.31092215	2.17978287	2.03577447	1.92096734	1.82072937	1.85670614	1.85816658	1.85479343	1.88177240	1.97979116	2.10640717	2.20815825	2.30468416	2.38564086	2.41070294	2.33093834	2.29929972	2.37690091	2.51639390	2.56196570	2.43474579	2.40121865	2.51572752	2.69929242	2.73960781	2.66976643	2.70364261	2.83114266	3.03348255	3.28318787	3.37244892	3.39058900	3.41139460	3.37227368	3.07425499	2.95240855	2.98006272	3.18795252	3.49844408	3.72553492	3.61337805	3.46729541	3.38782167	3.41299582	3.51836419	3.67680764	3.86789274	4.05290604	4.22636175	4.41600370	4.56717110	4.67166471	4.73865795	4.78082705	4.81435299	4.94682074	5.07563972	5.18443966	5.27643633	5.37443733	5.38989830	5.42137718	5.45451069	5.43767309	5.28197098	5.16378641	5.01035929	4.80362558	4.54875517	4.27415276	4.04151011	3.86073804	3.67285919	3.46409583	3.26586914	3.17981505	3.05500960	2.87896252	2.67533779	2.50395322	2.36173534	2.21770740	2.11275959	2.03616738	1.92559087	1.80555153	1.70964646	1.64244115	1.59936357	1.56670427	1.55516350	1.53163517	1.51707685	1.53057957	1.58936894	1.73840058	1.79416180	1.73412263	1.63520396	1.67377698	1.60432386	1.58706796	1.76053882	2.02063727
43.0000000	2.65936422	2.16416526	1.77362812	1.35773182	0.982743502	0.911218405	0.981581748	1.01000392	1.01710689	1.02862155	1.07538807	1.31147313	1.56556952	1.57069254	1.34155703	1.17457759	1.45850503	1.83416772	2.39854860	2.96383691	3.05742645	2.67977214	2.54424071	2.45711637	2.32190609	2.13933730	1.96765077	1.76899135	1.37860155	0.926934898	0.839657068	0.909717977	0.996983469	1.04633474	1.04486406	1.02187490	0.964728475	0.918459475	0.928752601	1.04617321	1.32616639	2.49017739	3.59847856	3.78465962	3.27163172	3.37162852	2.68987179	1.84927821	1.18248892	0.812045932	0.650393069	0.566499889	0.542368412	0.580539465	0.642597377	0.649169445	0.627111316	0.623278916	0.635781407	0.640783250	0.592503667	0.517663896	0.506342232	0.519582152	0.533656061	0.540065289	0.522337019	0.536924124	0.642450571	0.877113700	1.25868499	1.39771307	1.68748307	1.90502858	2.02714920	2.23040915	2.86636448	3.23320484	3.28202200	3.00771332	2.44897890	2.11384010	1.98412549	1.97315228	1.98757827	1.92740381	1.67239594	1.21296227	0.773891032	0.466149181	0.286882162	0.263254791	0.228158221	0.237703636	0.306027591	0.405292422	0.402485788	0.445268005	0.447543144	0.392125130	0.330737174	0.344245106	0.375920147	0.390157640	0.390916437	0.421719015	0.420392334	0.439723879	0.495926648	0.582095981	0.668209374	0.756931543	0.816971362	0.888984859	1.00544488	1.19064128	1.25417948	1.33204806	1.30775726	1.17994475	1.06237602	1.09476495	1.14611471	1.26992106	1.45012069	1.60109043	1.96759546	2.24489689	2.29588366	2.17125630	2.10952640	2.00541806	1.94352376	1.97170234	2.05209827	2.06114006	2.04706931	2.07531238	2.17212892	2.33144951	2.51487541	3.03135991	3.22106695	3.16406608	2.95729041	2.71453714	2.83926177	2.98634577	3.13595533	3.28549027	3.44958282	3.63540530	3.68846464	3.67100739	3.62953043	3.59477949	3.65506291	3.71522927	3.73860478	3.73064470	3.73893213	3.82942128	3.90531802	3.91795301	3.85163546	3.72365022	3.56655097	3.45373607	3.40569878	3.42441797	3.49335480	3.58346343	3.63569736	3.66367197	3.66824698	3.63752699	3.64879131	3.63022566	3.58410907	3.52080488	3.45876026	3.37675095	3.35623240	3.37184024	3.39227700	3.38031268	3.38074970	3.41678572	3.43189120	3.40979433	3.37448144	3.36664295	3.33503175	3.31405711	3.33276963	3.41485906	3.40374064	3.41386628	3.38866353	3.32720327	3.28419948	3.16878915	3.10205960	3.10000038	3.14755487	3.19862247	3.22068644	3.24854541	3.26388097	3.24747896	3.17922783	3.04086065	2.93346596	2.81969905	2.67958283	2.51051259	2.50628400	2.47537661	2.44155526	2.40443206	2.33946514	2.30560732	2.29945922	2.26948166	2.19119596	2.06718278	1.95187104	1.86918545	1.80949748	1.75312984	1.67035592	1.64016485	1.65704417	1.75976753	1.97887385	2.33666563	3.07353950	4.02109385	4.02161026	3.09109259	2.41926408	2.08181858	1.96885300	2.02456355	2.16037631	2.25494790	1.99704516	2.07262087	2.74655938	3.49630761	3.01187325	2.39698172	2.14321756	2.11562490	2.20856643	2.34572458	2.35668492	2.25792837	2.14196563	2.04628825	1.95336866	1.91503131	1.87185740	1.86712372	1.91939509	2.02252483	2.10018373	2.16779518	2.22493124	2.26614928	2.28099203	2.21418786	2.19516397	2.25702691	2.36506081	2.41672826	2.30894732	2.31214809	2.43703198	2.64742255	2.86026525	2.89886880	2.97876525	3.08661366	3.19922733	3.28357387	3.34829879	3.36705375	3.25160456	2.96146870	2.50391841	2.66169190	2.80184698	2.97909546	3.19042563	3.37510204	3.40536690	3.45605993	3.54907417	3.68273973	3.83182096	3.99348664	4.18761396	4.36513519	4.53734493	4.77589464	5.10112476	5.34352255	5.44749308	5.44108391	5.43598413	5.48640823	5.47677422	5.47377634	5.48691797	5.46850872	5.39033031	5.31836605	5.24682856	5.15222740	4.99337244	4.86761093	4.66219807	4.40713501	4.14577532	3.93482184	3.75539064	3.54759884	3.33319712	3.13969064	3.00034237	2.88166642	2.68859768	2.48503208	2.32003665	2.22784829	2.09738159	1.97955203	1.88093472	1.79293454	1.69178605	1.60284913	1.53073919	1.47084761	1.41950023	1.37395704	1.33954823	1.33836019	1.36029446	1.42892599	1.60150290	2.21333265	2.59352207	2.52829981	2.17989683	2.08654594	1.92244387	2.13331985	2.46777272	2.71755123
42.0000000	1.53811026	1.34878254	1.18554997	0.968279004	0.762178600	0.777799964	0.782449126	0.840929806	0.920312226	0.970660746	0.925033927	1.21957469	1.50865650	1.64179254	1.57229376	1.35727048	1.36869860	1.52404046	2.04813504	2.81304097	3.33803844	2.66225100	2.42672515	2.34365225	2.24984074	2.10671639	1.94441807	1.75395906	1.42271936	1.04988170	0.946430862	1.10230958	1.44419646	1.62060928	1.56159019	1.47870743	1.18753803	1.04962873	1.05580330	1.22447062	1.60162640	3.91635442	5.02817726	4.48144960	3.06284118	2.80133724	2.28977728	1.86344421	1.35433424	0.839527011	0.641187191	0.525302052	0.435642958	0.414579362	0.464481145	0.547718763	0.542541683	0.533320844	0.528737664	0.530740201	0.534542918	0.492360801	0.470256448	0.486657888	0.517786384	0.497656316	0.490238696	0.516402245	0.639906168	0.934932947	1.48608899	1.43516266	1.64283359	2.09290910	2.63925529	3.00579882	2.88061738	2.73208737	2.46324730	2.14323211	2.00727129	1.49850821	1.16952527	1.04796267	1.07132196	1.08696592	1.02967393	0.853881359	0.646138310	0.456970423	0.300878912	0.275399715	0.231219709	0.241519973	0.320567816	0.423716933	0.372590870	0.378326446	0.369870782	0.326941907	0.280028254	0.292482942	0.318035424	0.344749600	0.370838135	0.404662609	0.416551322	0.441863388	0.507308781	0.621941149	0.777157366	0.873190105	0.957746744	1.02408218	1.07292032	1.11245382	1.19955540	1.30978215	1.35758066	1.30840743	1.17872810	1.25968158	1.29186189	1.39391398	1.60728300	1.89621413	2.54164910	2.72134852	2.61522102	2.36297488	2.06411815	1.96689594	1.87602699	1.85518038	1.89917445	1.93397784	1.99981260	2.10778666	2.25558662	2.44950533	2.70444250	3.05216217	3.15648675	3.06485009	2.86851406	2.70256543	2.88001299	3.04479122	3.22313190	3.44485950	3.74339294	3.95239878	4.00063562	3.96809936	3.91936946	3.90360761	3.89818621	3.93590975	3.96244931	3.97058821	4.00021839	4.11634731	4.11172104	4.01672029	3.85257244	3.63135004	3.45971036	3.40417981	3.43389130	3.51983213	3.63484144	3.75977588	3.83405757	3.83801031	3.78942800	3.74357438	3.71793413	3.62491012	3.56059027	3.54536629	3.52393484	3.46388054	3.42587233	3.40183139	3.37774253	3.33365440	3.35752535	3.44360638	3.50255895	3.51135302	3.51326871	3.50560331	3.54396868	3.63212371	3.73409462	3.77417302	3.62900782	3.55777287	3.51340485	3.46073914	3.37650752	3.30213952	3.29119325	3.30663824	3.32088661	3.31579256	3.30829668	3.30712724	3.31420398	3.30144930	3.21078634	3.06370378	2.95668817	2.83320618	2.68083453	2.53126287	2.52706265	2.52146149	2.48853970	2.42821288	2.36623144	2.35651278	2.34723353	2.30485415	2.21071935	2.06105757	1.93560016	1.86363339	1.79767644	1.71845078	1.63488197	1.63227403	1.63573623	1.70147979	1.87833154	2.20773315	2.81332850	3.59604549	3.56957436	2.75973058	2.20446038	1.92285311	1.86141539	1.87719870	1.88476133	1.85616744	1.79299283	1.88189554	2.45155287	3.22070980	3.29817867	2.39811707	2.13432097	2.17709637	2.31195259	2.43960357	2.46867800	2.35881424	2.21925330	2.10241103	2.00387621	1.95319760	1.96343279	2.00003695	2.05397630	2.14172912	2.17634511	2.20737410	2.20512867	2.17829657	2.17394161	2.16418123	2.19083619	2.28536963	2.40423918	2.42889380	2.39796162	2.45515680	2.61026192	2.84944010	3.13523340	3.11209846	3.06499815	3.07915807	3.18227482	3.34451652	3.35094118	3.29933262	3.13438773	2.85681176	2.52331758	2.65878916	2.82566333	3.04276943	3.28379846	3.47730398	3.59718466	3.70507860	3.81367373	3.92198801	4.01537085	4.16406584	4.34032154	4.52210331	4.72623396	5.00838995	5.35387897	5.62527609	5.78515291	5.82631540	5.77180147	5.65671158	5.59345150	5.53274918	5.44222641	5.30639553	5.15075779	5.03259087	4.90650940	4.76266527	4.62674713	4.41113567	4.20794964	4.00669765	3.80614829	3.61433387	3.41314435	3.22451186	3.04352784	2.86611891	2.68904734	2.48170733	2.26997066	2.12288284	2.05309486	2.01686287	1.89312279	1.81308317	1.72422695	1.61116898	1.49565673	1.40316951	1.32662177	1.25898027	1.19598591	1.13615322	1.10668707	1.11557543	1.14595199	1.22883284	1.44311523	1.98553991	2.22910595	2.02367210	1.59140122	1.52675819	1.65498662	1.80425227	1.83397019	1.76133859
41.0000000	0.982863486	0.757746637	0.585951924	0.555060089	0.639324546	0.699671626	0.662437558	0.743114352	0.865876496	0.963127911	0.975502431	0.977826178	1.02372718	1.17596197	1.40226746	1.57536113	1.47938728	1.45077205	1.71919286	2.27930593	2.89074516	2.33611012	2.09891105	1.94340324	1.75923228	1.56143153	1.63911092	1.69467616	1.66683054	1.59831464	1.63590527	2.70956802	2.94163847	2.79475951	2.60691571	2.59143281	2.50176907	2.38740492	2.44128156	2.84620309	3.77483630	4.77774191	4.43014193	3.59377503	2.83501959	2.42489886	2.09904909	1.85067284	1.50282419	1.05536926	0.684986770	0.518177927	0.387653649	0.316446513	0.335817486	0.485255718	0.499446094	0.487750679	0.476414382	0.478279829	0.492787421	0.498248547	0.457260996	0.449822634	0.488665223	0.519254327	0.529259086	0.560189068	0.693140268	1.02958632	1.69137931	1.82316864	2.19026494	3.11517215	4.14441919	4.04855919	2.93918896	2.48141289	1.97967529	1.27465796	0.743279457	0.496701509	0.341428161	0.265575290	0.249038041	0.263490856	0.297538161	0.320692092	0.325128555	0.309661150	0.279741079	0.262832493	0.249479473	0.278165102	0.351060808	0.434026301	0.420942277	0.446694613	0.441429287	0.386119097	0.312563658	0.319162369	0.348679811	0.365828574	0.365981400	0.375171453	0.429415613	0.505429924	0.594270885	0.710698485	0.893176854	1.05305791	1.16383541	1.22499251	1.23390472	1.18584013	1.24728024	1.31688130	1.39103580	1.44494331	1.43261111	1.44629526	1.50186157	1.66330862	1.92717421	2.22253537	2.88747668	2.93750882	2.74715328	2.45917606	1.98458815	1.98276246	2.00028634	2.02121258	2.05608869	2.14195895	2.22811937	2.32428622	2.50906038	2.80041409	3.15569067	3.00283599	3.00492144	3.00866485	2.98028970	3.00552559	3.15133357	3.34192061	3.58415103	3.85179901	4.08554459	4.12383842	4.14015770	4.15652418	4.17103434	4.15785408	4.23430729	4.30480576	4.35452223	4.37406683	4.35948753	4.29120016	4.10657883	3.91632056	3.77050066	3.65857935	3.58187008	3.58108616	3.62680578	3.68770528	3.73055768	3.83146715	3.88352823	3.85234594	3.77447557	3.75742698	3.76773214	3.75282621	3.72846651	3.69856834	3.65520191	3.55473971	3.43856025	3.37140036	3.35924244	3.34931469	3.42241812	3.51242900	3.56550097	3.57833529	3.59818172	3.59196830	3.69893146	3.81319165	3.87107348	3.85110736	3.74156165	3.63394952	3.52053118	3.42406797	3.39781880	3.39498973	3.40336633	3.39527106	3.37550902	3.38136744	3.40482640	3.42631793	3.43497610	3.40028477	3.27207994	3.12915635	3.01147485	2.87044716	2.70540380	2.56359053	2.55580044	2.55897617	2.53301263	2.48480296	2.46823978	2.44312811	2.39830399	2.32115698	2.20393348	2.04373693	1.91313410	1.82414591	1.77429783	1.74489725	1.70103478	1.64278412	1.58145595	1.57519162	1.68093574	1.95443785	2.48901272	3.11283469	3.24252081	2.77352023	2.08011961	1.80708039	1.69768798	1.76043439	1.90128970	1.92370224	1.62085831	1.61566019	1.96794212	2.64887118	3.54094672	2.48229456	2.22492838	2.28143287	2.38896084	2.50923085	2.64392614	2.45058894	2.23745990	2.13965154	2.11914921	2.15347648	2.13690519	2.17544031	2.26751280	2.30398202	2.31705427	2.31369352	2.27095890	2.20414352	2.16677642	2.24759698	2.32021809	2.41951966	2.53670001	2.61927485	2.71140766	2.81202984	2.93701172	3.05791998	3.10201311	2.99843335	2.98249197	2.99234056	3.02609873	3.14185357	3.07804942	2.76399040	2.57063603	2.58410454	2.60567117	2.70819044	2.92268252	3.19613910	3.48418069	3.75105619	3.90702534	4.00336027	4.06791735	4.12281895	4.18445444	4.33096552	4.53511477	4.71871233	4.87098646	5.04857969	5.32913303	5.55769444	5.66063976	5.62155294	5.48122454	5.44800138	5.39732361	5.30352783	5.15279007	4.94312668	4.76044989	4.60878658	4.49158859	4.39964676	4.31108618	4.08900738	3.88363624	3.70478821	3.53145313	3.31178927	3.08344412	2.84857345	2.60010958	2.36721945	2.21530128	2.09408665	1.97549260	1.88621533	1.82864392	1.78085828	1.69728220	1.62902677	1.53801656	1.41917622	1.30043221	1.21177983	1.13420177	1.06654954	1.00577009	0.946905851	0.914858699	0.917518556	0.935794353	0.993639410	1.15805089	1.50284576	1.69593704	1.59194326	1.32964587	1.33198953	1.45883203	1.46425271	1.36277699	1.23685324
40.0000000	0.602868199	0.510888696	0.512482405	0.566424131	0.625507474	0.636545062	0.655484557	0.754510939	0.891465604	0.980335712	0.891253650	0.924422920	0.976331651	1.09866571	1.27934301	1.44251239	1.41995800	1.40616369	1.51640105	1.79146671	2.19768357	2.06866121	1.86196959	1.53482354	1.18133342	1.03250432	1.41148925	1.68119550	1.85286140	2.00063467	2.26157165	2.25763178	2.32929230	2.43239665	2.52254009	2.55506873	2.56513906	2.60673022	2.64623070	2.69266319	2.79768372	3.39160633	3.60117388	3.22446227	2.56529331	2.43323398	2.20629311	1.96418834	1.55086160	1.01200843	0.595078349	0.447995961	0.332538933	0.314031780	0.383514136	0.457740843	0.448991686	0.443766654	0.445624918	0.455083221	0.469615996	0.446971327	0.428345174	0.416787088	0.426164359	0.481161773	0.643781960	0.755329728	0.950880170	1.33914566	2.00247574	2.70483494	3.29112720	4.02399635	4.73354053	4.81730890	4.13093805	2.93944311	1.76515424	0.919589937	0.503459275	0.357480556	0.271364778	0.232500300	0.224992752	0.229664624	0.247290969	0.266147643	0.293565333	0.332828671	0.383176208	0.409370452	0.433882952	0.505743563	0.656172991	0.898583174	1.13835335	1.28135014	1.14839888	0.793569028	0.504172862	0.442634404	0.423105299	0.413771033	0.411549538	0.442091256	0.526190579	0.622595549	0.743714333	0.906145692	1.13067937	1.34114754	1.46426558	1.52927554	1.55608523	1.55527079	1.56697798	1.55721891	1.56610835	1.54704344	1.36670339	1.42078805	1.60510910	1.82931972	2.08058548	2.42358398	2.99314928	3.08820891	2.82563257	2.38545227	2.01086593	2.14856458	2.18238521	2.22153139	2.30556202	2.40439343	2.51757288	2.66774368	2.96124935	3.37171721	3.74005675	3.61515021	3.46658254	3.37848926	3.38771343	3.48380470	3.64487696	3.87575674	4.12134457	4.28813314	4.24420452	4.14246130	4.17951345	4.23660612	4.28029966	4.36247063	4.52824545	4.63178015	4.67281103	4.63891840	4.50552273	4.25147963	4.03258419	3.88435745	3.81414723	3.80113125	3.80706167	3.82391834	3.80114222	3.73990870	3.69312716	3.73746181	3.72007227	3.68041468	3.66295099	3.71714783	3.79721880	3.81862211	3.78830838	3.73375177	3.70294929	3.61096907	3.45751452	3.35570908	3.34613109	3.39681792	3.48192859	3.57908773	3.64060950	3.64766693	3.61028504	3.60690117	3.69562364	3.82035017	3.91982889	3.92766166	3.85106349	3.76154375	3.65580750	3.55721092	3.51575851	3.45181370	3.39393473	3.36648917	3.38711333	3.46670938	3.50894117	3.53979778	3.50836277	3.40456414	3.25917268	3.12985921	3.01397085	2.89621544	2.76852202	2.63003850	2.60018253	2.59983420	2.59023881	2.56005597	2.52535963	2.52140760	2.48525715	2.40150690	2.25977015	2.05467582	1.91957784	1.83556867	1.80206943	1.78860080	1.73478436	1.61763740	1.49724567	1.43506444	1.49353158	1.73606896	2.20189142	2.70280957	3.07693124	3.10111046	2.49094486	1.83536875	1.60499573	1.69351554	1.86177146	1.73775959	1.49532580	1.41157854	1.56647134	2.06034899	3.01394701	3.32776093	3.10156441	2.63814926	2.28579640	2.43827724	2.61556673	2.40332723	2.18062210	2.10591364	2.11706185	2.11105537	2.16106009	2.23408937	2.28557301	2.25935817	2.35259008	2.37091231	2.35661387	2.35433984	2.41108918	2.49451613	2.62909460	2.78453231	2.92249584	2.99660993	3.02243447	3.10389423	3.25563574	3.41151786	3.42461061	3.02938938	2.95952773	3.00931144	3.05740333	3.06683922	2.70542192	2.59559441	2.64647388	2.76843667	2.87311888	3.08014059	3.31447411	3.57875276	3.85236573	4.09145927	4.22352028	4.30569649	4.36057091	4.39226913	4.38645649	4.41763401	4.51609850	4.65648222	4.81218576	4.95536947	5.14920998	5.25518465	5.22875118	5.11310148	5.03915787	5.06269836	5.02566814	4.88855124	4.66647625	4.42921400	4.27876377	4.17710447	4.12530756	4.09437895	4.02526283	3.75741649	3.56002474	3.40866613	3.23794007	2.94146633	2.63897347	2.35323668	2.12382936	1.97131479	1.89724410	1.82697177	1.71974230	1.61753547	1.54223132	1.49561059	1.45911527	1.39111483	1.31669366	1.24366140	1.16255343	1.06308627	0.982989490	0.913213789	0.853150785	0.810633481	0.769572556	0.753071606	0.750709891	0.783455610	0.903666735	1.11448181	1.24260712	1.23390365	1.15892971	1.21294153	1.22337878	1.18051255	1.08554971	0.988580644
39.0000000	0.503923178	0.474433303	0.496363521	0.547090948	0.593826056	0.593613207	0.637293458	0.745458543	0.827961087	0.838000417	0.772122562	0.783888459	0.826555192	0.924227893	1.06237268	1.18781769	1.21544445	1.23388135	1.22794008	1.23964560	1.36823642	1.68561649	1.63678491	1.35256207	1.03075540	0.936161160	1.29404354	1.71947563	2.21597648	2.53744698	2.18817115	1.97012937	1.90563047	1.91794789	1.99502063	2.18945312	2.34542990	2.39479876	2.35485554	2.29102802	2.31687689	2.59202576	3.03676820	2.95893049	2.47436047	2.50692701	2.31912303	2.13966632	1.66560853	0.973556340	0.519673228	0.416341573	0.336146533	0.311836272	0.360919744	0.485666901	0.557745755	0.573009133	0.545731723	0.503375888	0.486592144	0.462748915	0.430733711	0.409097522	0.414431542	0.461367220	0.778227389	1.27208042	1.66497636	2.05957198	2.93913007	7.12049866	7.24631500	5.48402548	3.76389933	3.77903223	2.62711596	1.62436843	0.984400809	0.688659966	0.486427426	0.389668405	0.327850252	0.292779207	0.283022285	0.303907424	0.369762421	0.501324773	0.765794516	1.10748029	1.34779990	1.18414605	1.05998588	1.14841568	1.50766623	2.08110356	2.40994596	2.70413756	2.64900756	2.23811102	1.77322781	1.29635358	0.894836247	0.652389824	0.590907693	0.670462549	0.806960106	0.950142682	1.12880826	1.34358013	1.56690633	1.76138437	1.90364254	1.93731153	1.85457051	1.69614601	1.70624399	1.74140894	1.68162239	1.54364216	1.48100328	1.49235833	1.54082179	1.65547395	1.81245363	1.93495882	2.40601611	2.56220245	2.43106794	2.17738366	2.10314035	2.28626895	2.36102772	2.44414544	2.56646729	2.67295384	2.83903217	3.02065825	3.32003832	3.67842674	3.87612581	3.75102806	3.72154260	3.85559416	4.08093691	4.18515491	4.26171732	4.43011475	4.54958153	4.54543304	4.40906143	4.33725119	4.36863995	4.43089151	4.50733900	4.63698196	4.69786596	4.68954086	4.64957666	4.56510830	4.37283278	4.16925573	4.03150654	3.94919920	3.90477490	3.87350273	3.85115123	3.78386974	3.68553209	3.59163260	3.55928683	3.58963442	3.57220674	3.55618978	3.57533646	3.64796638	3.71039271	3.70930314	3.67974472	3.64138412	3.59850621	3.61083364	3.51733804	3.43087459	3.40803933	3.44917011	3.50328064	3.54868746	3.56943870	3.57162666	3.58338642	3.61305761	3.65787864	3.74735093	3.84340715	3.84041262	3.76419950	3.76366925	3.74562407	3.65617371	3.48073435	3.39610267	3.36919498	3.42641401	3.52148151	3.53543878	3.57922292	3.62488031	3.60286403	3.49175930	3.31828618	3.13758969	2.99597430	2.85377383	2.71093345	2.60700774	2.55177069	2.55608153	2.59211135	2.62982774	2.63699770	2.57468247	2.51742959	2.40554547	2.23391104	2.05198407	1.94271147	1.85388100	1.79113460	1.74158132	1.67379689	1.52646053	1.40171611	1.31971252	1.30576158	1.39033699	1.49246824	1.72359538	2.20686865	2.75386024	2.86456466	2.18323064	1.78351569	1.62431943	1.61721599	1.62645173	1.59037399	1.60455620	1.65719903	1.77230406	2.00967216	2.97917056	3.82641077	3.38591361	2.12603760	2.14897871	2.29237151	2.18386316	2.06194830	2.03580618	2.08530092	2.14157176	2.22547889	2.27965832	2.30515480	2.36142325	2.47037220	2.53961849	2.56584167	2.57502508	2.62245464	2.70261192	2.83058333	3.01351857	3.19861197	3.27310038	3.25110817	3.33045363	3.55482745	3.75672626	3.55744767	3.07831240	2.79623556	2.78226686	2.91062880	2.85871458	2.81239939	2.96462846	3.20721340	3.44003439	3.57104039	3.69317651	3.83896446	4.03598022	4.27096653	4.48983431	4.61123133	4.68927670	4.72959900	4.69980431	4.52947235	4.34884453	4.30081654	4.38090849	4.54050303	4.68684626	4.82720470	4.88330030	4.82753801	4.71534348	4.68516350	4.63296843	4.46447229	4.22777843	3.98718786	3.82319975	3.83831763	3.84527040	3.81594253	3.71666813	3.50823021	3.24078727	3.11094832	2.99920917	2.80673933	2.45538616	2.16547918	1.97715867	1.85976434	1.77644074	1.68413544	1.59120572	1.51189041	1.43675864	1.35768509	1.26785016	1.19338512	1.13065600	1.07950997	1.03017235	0.963245332	0.880697072	0.809858620	0.750815451	0.702556968	0.662975907	0.616924107	0.593544602	0.584132612	0.604019880	0.692574859	0.821473718	0.893211663	0.889619410	0.855393052	0.898093760	0.947962344	0.909511983	0.854389131	0.822622478
38.0000000	0.419277012	0.475551844	0.541694939	0.616202593	0.678213418	0.687508881	0.757241011	0.839343071	0.873096168	0.837066829	0.749106884	0.703486681	0.708086431	0.774015486	0.883621931	0.990492463	1.02888489	0.955307364	0.891411185	0.896672904	0.968394578	1.28974628	1.39291775	1.27926934	1.05599570	0.936126232	1.18826199	1.56351388	2.01119184	2.27387023	1.88738871	1.67074060	1.57936156	1.54456913	1.59742033	1.86871254	2.06788659	2.15278149	2.13377213	2.07427526	2.09074783	2.29782009	2.91993833	2.95901847	2.40777540	2.24972606	2.14113808	2.03125930	1.70535076	1.15901911	0.598216772	0.471716285	0.404641181	0.396115929	0.463996142	0.644868374	0.891886413	0.945679665	0.872805774	0.730387390	0.566111982	0.511884391	0.432995260	0.387592942	0.392284632	0.422136068	0.597959161	0.868964314	1.21552849	1.73718095	2.65260363	6.38278532	6.72178650	5.29220915	3.73829055	3.72590113	3.57405210	2.80059075	1.93902779	1.24827480	0.712645710	0.593027115	0.507670403	0.516276896	0.660169303	0.962291002	1.47858810	2.07598019	2.62026978	2.93346143	2.79376173	2.31525159	1.75548494	1.34293509	1.14710629	1.07853270	1.33021247	1.80631518	2.18039227	2.36185074	2.49595523	2.25908184	1.86310303	1.47256541	1.21844709	1.19815779	1.38577592	1.59028924	1.83572125	2.08647728	2.24734330	2.39269257	2.43572664	2.41561389	2.30328584	2.00143385	2.02965689	2.03649139	1.97427189	1.86179090	1.78430009	1.72870469	1.69665885	1.77061725	1.98120975	2.30723977	2.82308674	3.08020020	2.92750192	2.51553845	2.29647899	2.42574835	2.57172012	2.72808528	2.88682914	3.03823137	3.25139666	3.41936827	3.66967654	3.91510201	3.85367775	3.86334562	4.00651026	4.34302139	4.70867252	4.71520519	4.68981647	4.74904251	4.78505802	4.73813581	4.59664726	4.54127264	4.55180740	4.59521580	4.64005613	4.65648460	4.56195974	4.47068787	4.37366104	4.25715780	4.10274315	3.98470283	3.89372039	3.82175589	3.76603627	3.72905660	3.67256927	3.56612468	3.47478151	3.44314623	3.49537230	3.54270029	3.54687405	3.52727509	3.51182914	3.53700376	3.58258271	3.61143947	3.63359237	3.64128923	3.60900426	3.58800578	3.56987095	3.54083705	3.51742983	3.54646206	3.61945057	3.59296846	3.53767347	3.51192307	3.56177568	3.55821204	3.55747509	3.64571786	3.78638506	3.82021260	3.68664622	3.65663218	3.60795283	3.49008417	3.32419658	3.28740978	3.33888483	3.45878863	3.58419490	3.60908604	3.76663470	3.83015299	3.79804778	3.66487360	3.42133188	3.18880486	3.01348233	2.85423517	2.71556592	2.64761019	2.57660937	2.58511591	2.64976001	2.70633411	2.64979672	2.55167127	2.46491623	2.33638167	2.17005682	2.02707219	1.91800296	1.85033476	1.78985238	1.70772505	1.58050692	1.41886258	1.30466437	1.22642088	1.19060159	1.22163641	1.25435817	1.38888717	1.67032301	2.08547854	2.56288171	2.18060184	1.77568400	1.54328382	1.56768870	1.82231963	1.84529150	1.75927174	1.63190341	1.56671333	1.70311356	2.62980843	3.63773775	3.39980364	2.22541118	2.06046772	2.09362435	2.07439566	2.04415464	2.03649139	2.07721162	2.18983603	2.30702424	2.38606501	2.43402648	2.50775743	2.64431691	2.75633597	2.82356787	2.85797048	2.90370440	3.04527855	3.14843965	3.31377077	3.51444864	3.59624481	3.48398161	3.42874932	3.53717351	3.67732954	3.47874260	3.23984838	3.05649543	2.91551185	2.80682397	2.72345853	2.99087119	3.43075013	3.85314655	4.12262297	4.15825224	4.20080853	4.31855917	4.45993853	4.59412527	4.71103621	4.76358128	4.76768589	4.68453407	4.49791241	4.21420813	4.04310322	4.05662394	4.19439507	4.36777306	4.45985270	4.47829914	4.44620371	4.38210821	4.30226755	4.22064734	4.02515316	3.78501725	3.58853030	3.48598146	3.48965597	3.53233743	3.49040866	3.35178733	3.13067126	2.86754155	2.75186086	2.68599987	2.54542875	2.30425239	2.03521037	1.89132273	1.79452610	1.71592677	1.63441193	1.53665090	1.39905727	1.34926653	1.28508162	1.17009783	1.03370130	0.948059976	0.892751038	0.852272034	0.811611891	0.756251574	0.677146077	0.618803203	0.579851270	0.552246213	0.521271288	0.498972028	0.484140784	0.475616634	0.486946315	0.546384096	0.617508471	0.651193023	0.660557210	0.661287129	0.671635926	0.712192297	0.681267858	0.629228652	0.592233181
37.0000000	0.442528635	0.561560750	0.685678482	0.800376356	0.882511377	0.900303185	0.931539893	0.934493542	0.885301292	0.782026231	0.644658267	0.565734208	0.547250390	0.605740905	0.711701691	0.789590538	0.699471295	0.668941617	0.679808557	0.717073083	0.768930197	0.935259163	1.04430878	1.00800049	0.877294183	0.842186868	0.969060242	1.17149210	1.53378904	1.89244151	1.83612525	1.62863934	1.47528350	1.34822583	1.28118300	1.36941957	1.41676235	1.29731119	1.16035104	1.08574045	1.08391225	1.19794786	1.41050529	1.72946811	2.07410049	2.27504706	2.01047587	1.90938652	1.80342114	1.56017685	1.08320546	0.830066562	0.678866684	0.656869829	0.754633665	0.926008463	1.17384267	1.21248972	1.10054266	0.904460788	0.698569953	0.575816035	0.484242320	0.467454016	0.513830245	0.556523979	0.592633367	0.645202219	0.919878900	1.56063461	2.64976382	6.31954956	8.04048538	7.56953955	5.89986706	5.26080561	3.80190825	3.26523805	2.96093631	2.49071741	1.74786985	1.63105989	1.40556276	1.55964875	2.28370070	3.47021341	4.29273844	4.69323158	4.50977373	4.05542135	4.11820602	3.74027061	3.06250954	2.29808950	1.64264965	1.27430189	1.32171035	1.62333786	1.84915090	2.03247428	2.56998920	2.85469270	2.87172151	2.66633391	2.30922747	1.89653718	2.05958176	2.30733585	2.50248861	2.62904835	2.79234481	2.84894967	2.77098823	2.68476224	2.53806186	2.10016537	2.10340858	2.09018183	2.08261180	2.08633924	2.09052038	2.01255083	1.89072096	1.94853151	2.21156716	2.50749683	2.94181347	3.20825100	3.16617465	2.89628625	2.70062280	2.73825908	2.90008640	3.12396193	3.35642433	3.55269313	4.13287830	4.84383297	4.87723303	4.39774275	4.54301691	4.18716955	4.23760366	4.52514648	4.80698252	4.76665831	4.75183249	4.76517868	4.72302532	4.61795235	4.51879120	4.47869349	4.43573999	4.38776970	4.33236122	4.26683617	4.14041567	4.05287266	3.99372172	3.93514538	3.83199668	3.71063876	3.60459185	3.54011393	3.51976156	3.52239132	3.43337536	3.36708474	3.35736442	3.40446448	3.47503734	3.43831658	3.41982484	3.39920902	3.38555288	3.41737938	3.48079371	3.48979902	3.50968695	3.54494023	3.53923559	3.50496840	3.52064180	3.51610255	3.49486566	3.53411412	3.57653809	3.45781493	3.33154869	3.30697727	3.44897532	3.37032247	3.37304616	3.53263736	3.74743199	3.73860836	3.50764108	3.40094781	3.35819387	3.33827400	3.31931400	3.35749173	3.44374466	3.55578566	3.66682553	3.74557328	3.94677472	3.97101760	3.90849042	3.77180839	3.49601245	3.22298408	3.04374790	2.91396332	2.80682898	2.71308255	2.68636680	2.70835972	2.74435449	2.74579263	2.65026188	2.50849795	2.39477229	2.23676157	2.04606295	1.91819501	1.88817465	1.85880351	1.78710568	1.66027308	1.49566638	1.32230854	1.20295048	1.12935996	1.10069704	1.12351334	1.12370193	1.20797074	1.38499570	1.61854076	1.82745957	1.86992693	1.60439801	1.31749117	1.20089328	1.35135961	1.60078359	1.63771057	1.50456583	1.35591459	1.45846069	1.94569540	2.71280503	2.80480695	2.29967666	2.30834866	2.20760918	2.09457493	2.03285027	2.04433274	2.10921383	2.18007398	2.32633996	2.45415306	2.54485869	2.65500641	2.88784766	3.03763962	3.11731887	3.12271881	3.03256941	3.35077047	3.46623158	3.55434608	3.67555881	3.77536488	3.88411546	3.79889059	3.56152034	3.33496904	3.40333676	3.20577979	3.18503284	3.11623073	2.96647525	2.89483666	3.34739518	3.85339379	4.22991562	4.40719891	4.42863798	4.45494413	4.49530792	4.53747654	4.55684757	4.51647043	4.47695351	4.37564707	4.21128607	4.01410055	3.84581232	3.83128071	3.95434904	4.07795429	4.12901068	4.09840727	4.11076880	4.08685303	3.99888206	3.83238792	3.58621669	3.36254597	3.22822142	3.19192958	3.22120547	3.24243140	3.15909910	3.00931144	2.81861782	2.61725450	2.44014335	2.37449384	2.30409837	2.17180109	1.98417199	1.81150556	1.75043750	1.67295790	1.57958961	1.46826518	1.33432782	1.22870266	1.17341304	1.10211921	0.994381607	0.875662863	0.785115004	0.719106436	0.662231505	0.608537436	0.561524093	0.525668204	0.492248803	0.462748557	0.438886344	0.422616959	0.406213343	0.397081077	0.391868412	0.402633578	0.456844985	0.441497803	0.442674667	0.478170574	0.530930102	0.549047530	0.533750117	0.518072009	0.501699388	0.488994062
36.0000000	0.613913000	0.777173519	0.902311325	0.918354273	0.840692937	0.771080196	0.792372346	0.816988885	0.784512281	0.688323736	0.575602710	0.444533110	0.409258008	0.435773969	0.482246757	0.499011457	0.497848004	0.512812853	0.542336881	0.581785977	0.623460710	0.686073244	0.730369925	0.753040135	0.755657315	0.744679332	0.755313933	0.824160755	0.969932079	1.14558136	1.23830283	1.32554352	1.27468288	1.13446081	0.986673534	0.946173429	1.14370048	1.09009016	0.899732053	0.701377928	0.638143480	0.681098282	0.705564857	0.852255702	1.17396188	1.63555312	1.77381384	1.68143225	1.49189448	1.31759763	1.24985051	1.11657262	0.921859682	0.790291607	0.742926002	0.697298586	0.812016249	0.875004530	0.869020402	0.803064704	0.712381780	0.613794208	0.592914283	0.664309084	0.855290473	1.20591497	1.34161997	1.56736386	1.91891849	2.39840102	2.97427416	5.36337900	8.02553463	9.49015331	9.29805565	8.00146675	5.92594957	4.60183001	3.82898021	3.49588513	3.57964325	3.72064257	3.66121149	3.90468407	4.45075703	4.79549074	4.44070625	4.26694155	4.22479677	4.27914190	4.40911245	4.54428768	4.41832352	3.94430780	3.26369643	2.74631667	2.54860044	2.58262634	2.58607864	2.57339358	2.83575845	3.10358310	3.31352234	3.41964817	3.30167937	2.76498222	2.72896886	2.86997628	2.99612737	3.02181840	2.96771598	2.93577027	2.90245128	2.82975864	2.67538762	2.39273119	2.45072079	2.47297716	2.44662738	2.37999892	2.30262089	2.14070797	2.18244696	2.34031653	2.52421570	2.64146519	2.95623541	3.29288864	3.41160846	3.32664299	3.30630183	3.45398521	3.63559318	3.78860259	3.92603064	4.13643456	4.65155792	5.18868208	5.26348829	5.01210451	5.19110775	4.71418858	4.54445267	4.59660769	4.72084093	4.70282078	4.60627079	4.48275709	4.37188196	4.29132462	4.23683929	4.11714172	4.03946114	3.98158693	3.91731858	3.81646585	3.67054963	3.58094025	3.51767063	3.46295643	3.41119313	3.31722379	3.25230980	3.23492050	3.24148631	3.20639372	3.13610506	3.11712885	3.17733264	3.27123451	3.28000450	3.19823813	3.17174315	3.15596890	3.14942622	3.19368601	3.23357058	3.19115281	3.18596482	3.23513579	3.25339007	3.20933151	3.25388074	3.26139593	3.21735454	3.21835065	3.27049446	3.14492226	3.03387141	3.06278086	3.29028773	3.28095841	3.30219674	3.42640972	3.56617308	3.47423291	3.26125050	3.23992610	3.28818870	3.35808969	3.47580194	3.58908439	3.73098755	3.82483196	3.86350751	3.90947318	3.92964196	3.89763737	3.82288909	3.69910359	3.50426388	3.28168607	3.09887695	2.95163512	2.84508538	2.79367852	2.85745144	2.82960463	2.78787518	2.73673773	2.60740829	2.42968607	2.29119229	2.13125062	1.96875083	1.90214992	1.85684884	1.76586509	1.64804125	1.52365303	1.41440928	1.27234936	1.15006757	1.07807124	1.05634713	1.05436230	1.03903568	1.08378458	1.16871595	1.26549983	1.33736920	1.43405783	1.29921806	1.11169648	1.00152946	1.04994345	1.31006432	1.49034417	1.41428292	1.19929218	1.25669360	1.63791060	2.10791945	2.36530375	2.42789388	2.63276839	2.47925949	2.25399852	2.10434103	2.08460665	2.15607786	2.26288033	2.40426660	2.53877807	2.65988398	2.79598188	3.03618073	3.14213800	3.18433022	3.21594858	3.27289844	3.62035990	3.74952149	3.75038195	3.69687414	3.64686751	3.60385799	3.48059225	3.33146191	3.21784735	3.20811677	3.22633243	3.28049660	3.35541248	3.39071465	3.28086805	3.78989482	4.19849348	4.41198206	4.44038200	4.39842033	4.33576155	4.25990629	4.19906044	4.15158129	4.08597612	4.02359343	3.92045546	3.80318880	3.69519734	3.61665988	3.62917900	3.66085887	3.67959094	3.67958069	3.68134713	3.74071980	3.70552683	3.54305792	3.28857422	3.04530883	2.94060683	2.94050550	2.98081326	2.98692012	2.87379599	2.73058820	2.59658051	2.44552541	2.28099418	2.13637900	2.06366658	2.00079441	1.90211678	1.77358186	1.67273080	1.60110199	1.49120688	1.36805332	1.25256217	1.16156745	1.09059155	1.01742530	0.926906586	0.820171297	0.714654148	0.639580369	0.568326235	0.504332960	0.455241919	0.432893902	0.429089278	0.420344681	0.400461614	0.372791350	0.350235224	0.335864156	0.328070700	0.327168196	0.337819874	0.369038701	0.350200593	0.354151964	0.395514250	0.465936124	0.534093559	0.460112721	0.471440226	0.527620554	0.582068384
35.0000000	0.800954700	0.854966581	0.809519053	0.713954449	0.598135352	0.472445369	0.494512498	0.506142795	0.497578204	0.456519037	0.368123949	0.294004440	0.287151068	0.315692008	0.350053400	0.362959832	0.367429107	0.376902282	0.393334478	0.424214035	0.482562542	0.508376181	0.528728902	0.569653928	0.621464074	0.638752460	0.570803046	0.564669609	0.591257334	0.617536783	0.606543720	0.603830278	0.624127448	0.612038791	0.589438856	0.655473471	0.889216661	0.842477918	0.655906677	0.469572604	0.422966570	0.415058196	0.415547878	0.457579225	0.567453742	0.764630854	1.30018914	1.45548809	1.32084918	1.11638403	1.19199502	1.16920817	1.05033088	0.883540094	0.724953830	0.638631403	0.619464040	0.650783718	0.686948717	0.704320729	0.701265156	0.669981122	0.691820800	0.812193871	1.16963100	1.99578273	2.25958562	2.50505352	2.60666752	2.56628561	2.51314235	2.59856486	3.16981101	4.76882744	7.15922642	9.32628727	8.40512943	6.80085993	5.56513691	5.07742310	5.04498148	4.85605240	4.82899141	4.76109791	4.51381016	4.01270390	3.83930922	3.80128217	3.85461926	3.95475221	4.05655146	4.26709938	4.42100811	4.58522415	4.68815422	4.51966190	4.18975401	3.87060165	3.60465646	3.42212057	3.34094810	3.49362087	3.90154481	4.28267908	4.36797285	3.90136814	3.66714597	3.50227118	3.34717107	3.19022274	3.06775331	3.01848578	3.06047153	3.02251554	2.92094421	2.95960641	3.14354277	3.22929311	3.22938180	3.11935139	2.83776164	2.78584242	2.79781055	2.84386325	2.89695406	2.93279266	3.20376062	3.59016109	3.70487666	3.56526780	3.59317350	4.07446575	4.52230883	4.75313663	4.83368778	5.08099890	5.66062641	5.76949215	5.48017406	4.95380878	4.44009066	4.51014853	4.49850559	4.46424580	4.40965748	4.28023577	4.07080889	3.90090036	3.79238153	3.71999693	3.61136365	3.55263209	3.54294801	3.52285314	3.44533420	3.27582693	3.16403294	3.11568189	3.07859588	3.03154111	2.98422766	2.94317293	2.94710159	2.94810557	2.92014194	2.85903311	2.87283349	2.88454103	2.93006730	2.97561240	2.91766715	2.85272598	2.81586337	2.82189488	2.86531043	2.92027307	2.89018154	2.84736419	2.84556627	2.87819886	2.87833595	2.89124537	2.96139097	2.94090009	2.84626245	2.85832930	2.97871232	2.98014021	2.95400190	2.99541068	3.20320582	3.25837803	3.30398726	3.37891197	3.43204331	3.32228541	3.22276139	3.29016566	3.39126348	3.48876309	3.64131689	3.79557061	3.93858242	3.97561669	3.90587759	3.82251167	3.75210857	3.70277524	3.63180017	3.52946401	3.41903949	3.23931623	3.12648630	3.03449392	2.96305037	2.95763731	2.98587179	2.89425159	2.77684450	2.67436028	2.57415199	2.42579651	2.26596546	2.10884190	1.96819103	1.85736001	1.73679149	1.58578885	1.44811046	1.35080040	1.30418813	1.24003196	1.14574409	1.06723821	1.02646959	1.02143466	0.978864491	0.971983075	0.978979826	1.00359452	1.07511866	1.09820712	1.01284337	0.933759272	0.921603262	0.982939720	1.14701748	1.54656959	1.71322727	1.58892035	1.52587676	1.65105033	1.83649254	2.01316237	2.13164067	2.16213131	2.16773319	2.18645263	2.20954299	2.24552679	2.32019424	2.42282867	2.53461552	2.65409946	2.77574968	2.88995838	3.04621887	3.12203836	3.17110038	3.25521922	3.44434071	3.59440947	3.65924907	3.58446956	3.42906380	3.36541104	3.33857608	3.27736259	3.16335297	3.01850367	2.90514660	3.09755969	3.13899517	3.18275762	3.31441951	3.55182004	4.01149702	4.20851040	4.22182894	4.13434315	4.03285980	3.92290115	3.84572124	3.79362464	3.75524998	3.71556878	3.64960146	3.56735539	3.47670317	3.38797402	3.31395197	3.21752524	3.16660476	3.17670798	3.24556780	3.35312891	3.49287105	3.43341446	3.22183895	2.95736384	2.79135036	2.75493860	2.77376175	2.76922059	2.69811368	2.55263805	2.45478272	2.32144189	2.16892481	2.01907086	1.89924884	1.82257950	1.74793220	1.65018892	1.53514636	1.43951476	1.32176149	1.19875491	1.09581816	1.02629542	0.991551936	0.930760264	0.841834784	0.733687937	0.625817239	0.548304379	0.504019439	0.461512595	0.418729216	0.380843788	0.360259831	0.360319346	0.356092483	0.339756608	0.317042679	0.307235509	0.297918171	0.292153776	0.292799056	0.298668414	0.304533780	0.291598082	0.325978875	0.403568506	0.508350492	0.612399697	0.509005845	0.524902821	0.617323458	0.714208841
34.0000000	0.654124200	0.568669021	0.503209710	0.421355039	0.325163603	0.255143464	0.248025760	0.247721151	0.255068004	0.260360479	0.243348420	0.216325328	0.223834917	0.250871867	0.276678860	0.274746597	0.268751293	0.268386930	0.281404078	0.312578291	0.363710195	0.399657100	0.423548669	0.444284588	0.458076775	0.448449761	0.446930230	0.457884789	0.472535938	0.478905857	0.461816043	0.433865249	0.406136990	0.413893640	0.477569789	0.602772534	0.778275430	0.684438884	0.505795836	0.359516680	0.295408726	0.283978969	0.294434577	0.329816252	0.380412877	0.423761487	0.745730996	1.20472395	1.27153206	1.00184917	1.03627276	1.06352782	0.987563431	0.851560831	0.709176064	0.624540448	0.598759592	0.595573306	0.608853698	0.629812956	0.647003889	0.628736258	0.642663777	0.711422205	0.905186296	1.34166992	1.45701385	1.55559182	1.58499265	1.61003566	1.81277144	1.54659390	1.46844065	1.66932511	2.60273767	5.08464479	7.54888582	7.27893257	5.92820168	4.70877743	4.39141273	4.13838053	4.01812601	3.96613050	3.88377070	3.63831663	3.58886409	3.53929520	3.50775385	3.52043700	3.61159086	3.69424105	3.83422565	3.95176888	3.99992704	3.96458769	3.77872491	3.67679572	3.68996477	3.78539228	3.86623549	4.12186527	4.80068636	5.51720953	5.73275948	4.75547743	4.31870556	4.06779814	3.86047649	3.67591214	3.61472416	3.55560327	3.56913257	3.53677154	3.49718094	3.64622283	3.91462493	4.07074976	4.13681316	4.09335375	3.87922692	3.60256290	3.41136408	3.31099749	3.28466487	3.29340196	3.44294214	3.63540435	3.76737642	3.85450053	4.03146839	4.59756947	4.94202137	5.09579468	5.16119337	5.31185818	5.50690937	5.47133732	5.07701826	4.44277191	3.93436360	3.99474239	3.89723349	3.75183845	3.59188843	3.37404752	3.20119977	3.13922954	3.11671734	3.09360528	3.06119776	3.10266328	3.15403223	3.12354183	3.00096083	2.85759211	2.81542778	2.78165507	2.72939444	2.67201853	2.66315174	2.68218184	2.69272447	2.67721701	2.63959289	2.60528111	2.62057090	2.64996386	2.69270730	2.71595502	2.65476823	2.58967257	2.55552411	2.55065751	2.56763673	2.59325337	2.59198022	2.61657143	2.63343525	2.62901759	2.60980320	2.71745920	2.78095794	2.71456265	2.60277319	2.70032644	2.81708646	2.83846116	2.84965897	2.91379023	3.07186627	3.18804598	3.30483818	3.39362216	3.41362667	3.31193113	3.33011937	3.43352032	3.51573777	3.56741714	3.67624211	3.77212453	3.87380648	3.89334130	3.82032490	3.72189641	3.55001640	3.45065689	3.40418983	3.38368988	3.35493469	3.23672748	3.19574261	3.14778543	3.07650208	3.03337693	3.09939837	3.00772905	2.84175587	2.67908025	2.59151459	2.43868828	2.24437213	2.03831291	1.84379864	1.67765903	1.54356885	1.40295863	1.30849075	1.26972270	1.25310719	1.22556973	1.14321256	1.05665648	0.998204529	0.981841266	0.913529575	0.853437185	0.808624685	0.785698295	0.790809035	0.864673674	0.853812814	0.816917300	0.791189492	0.792342842	0.896127939	1.26235020	1.59310913	1.74538827	1.73105621	1.70637000	1.77479780	1.85381866	1.90595388	1.93876767	2.02589202	2.14997792	2.28300548	2.39835548	2.47080564	2.54746413	2.61183095	2.69101906	2.78936815	2.88844442	3.04527116	3.20239902	3.26953411	3.24020362	3.19175625	3.11897731	3.13306570	3.16621184	3.15854430	3.05813146	2.93389583	2.92375946	2.89231896	2.82380438	2.82207680	2.84893990	2.77927876	2.87942600	3.21689224	3.66036558	3.84649563	3.83185887	3.72657013	3.60619688	3.51175642	3.44481659	3.39267683	3.35588789	3.32576275	3.28437567	3.21712327	3.15891290	3.06908321	2.94906521	2.84238148	2.76337171	2.78905225	2.88550949	3.02815294	3.20171666	3.31354666	3.18844199	2.95065999	2.72073889	2.61549902	2.61494660	2.59490538	2.53438854	2.44051790	2.34852219	2.22148132	2.04583740	1.87696099	1.74101079	1.63493562	1.56738687	1.50118780	1.41881061	1.31558394	1.19969332	1.05745339	0.941446841	0.870400906	0.834733546	0.796553791	0.758976877	0.670324326	0.570940852	0.488740355	0.439205021	0.419587463	0.400249273	0.376210421	0.349487513	0.329093546	0.327778935	0.319132268	0.305585325	0.291475624	0.283046454	0.272455394	0.268372774	0.267144233	0.267596364	0.271036983	0.283871651	0.359276205	0.500222087	0.663185239	0.758146405	0.678953290	0.685944557	0.695071638	0.681972742
33.0000000	0.427909255	0.382584721	0.325107396	0.255636513	0.187095568	0.145172521	0.127104297	0.132553801	0.159299821	0.198215127	0.233266518	0.232549474	0.246704310	0.256835550	0.250672251	0.222568005	0.210764423	0.212984726	0.229874656	0.258914948	0.294421226	0.344214201	0.350852817	0.339623898	0.331362039	0.342449307	0.366727918	0.374988109	0.369535893	0.352077305	0.323717952	0.297638208	0.289252400	0.323723406	0.409340501	0.537519574	0.595874608	0.532252431	0.410831779	0.292276174	0.233734667	0.213947430	0.214734316	0.236945972	0.273507565	0.309418708	0.414732069	0.618684411	0.861487448	1.04753947	1.04542518	0.871071398	0.801172554	0.772291183	0.739223719	0.675000250	0.599460959	0.566575348	0.569107711	0.590729773	0.606020629	0.583580613	0.591000021	0.659529209	0.827370882	1.13968027	1.17129600	1.11269391	1.01416552	0.939688087	0.966923833	0.819903255	0.675028205	0.708012640	1.02163970	1.64576125	4.88033056	7.18995380	7.04443216	5.04814482	3.94005442	3.48497534	3.33842611	3.33833981	3.36117148	3.32189703	3.29074597	3.24956656	3.18022132	3.11746097	3.14892697	3.15362144	3.15987754	3.21107292	3.33864212	3.56207895	3.65433359	3.76141596	3.92203665	4.08210230	4.09471607	4.41706705	5.38708496	6.62936831	7.19510555	5.56207848	4.70589542	4.44077492	4.27778339	4.07497835	4.03740597	4.06092405	4.03930712	4.01288652	4.03820229	4.18800545	4.44128084	4.57052517	4.61550903	4.60081959	4.53586245	4.08672190	3.76338053	3.57450819	3.50288749	3.50541401	3.59280586	3.70767164	3.89473033	4.23022413	4.82192183	5.15295887	5.25675631	5.21259928	5.06547165	4.82604980	4.58564043	4.22110796	3.87136936	3.59981108	3.39428854	3.27104950	3.12038589	2.94350600	2.74689865	2.54233217	2.53517413	2.61262727	2.68512726	2.71761584	2.72954130	2.77391005	2.75737929	2.69818711	2.61835599	2.54369068	2.50975776	2.45364070	2.39610004	2.36812282	2.41092062	2.41207218	2.37861061	2.33630514	2.30281734	2.28770280	2.31332874	2.39300442	2.46820450	2.49625278	2.45032334	2.37233734	2.30719662	2.26592064	2.27326608	2.36773109	2.48276091	2.53767037	2.53435922	2.49963641	2.48521852	2.62322330	2.70573020	2.65180087	2.53460598	2.58142614	2.60327840	2.60489893	2.64112973	2.73905683	2.89801216	3.10581374	3.25628400	3.34562087	3.37466407	3.34889674	3.48157144	3.60442519	3.64097071	3.60913420	3.62125254	3.66363645	3.79900408	3.84426475	3.74850273	3.59297371	3.34562016	3.21449280	3.19686913	3.26631927	3.37270522	3.39602828	3.38237333	3.29431915	3.16104031	3.07830834	3.17082024	3.14440536	2.99964023	2.79014492	2.62257838	2.37669063	2.13843846	1.89677799	1.67218924	1.51667762	1.38770652	1.29302299	1.25383902	1.25231326	1.23154950	1.18780077	1.09162652	0.995460570	0.926275432	0.885583401	0.816091716	0.733003676	0.666624486	0.624118686	0.589510560	0.667053819	0.703765869	0.691898763	0.645165384	0.598739266	0.640314817	0.775254369	0.998311818	1.26846027	1.50889111	1.56110811	1.66974092	1.77458155	1.85260129	1.91795206	2.06717014	2.26795197	2.43273711	2.51899362	2.52921700	2.59332585	2.66309762	2.72502184	2.78435898	2.86514473	3.03560185	3.17268896	3.12256742	2.91203952	2.74854851	2.71077394	2.71756434	2.75916195	2.79322553	2.74482918	2.67277217	2.65687728	2.69006062	2.71946788	2.64647388	2.48938656	2.66427970	3.02677131	3.37636352	3.45644236	3.37420344	3.27037001	3.17518520	3.11586237	3.11658359	3.09020233	3.03791428	2.98688579	2.93761969	2.86395884	2.79525638	2.73663807	2.67332959	2.60589123	2.55021739	2.55414248	2.64804864	2.79455280	2.95567846	3.09285831	3.08910751	2.94113135	2.71947789	2.51419449	2.43482614	2.40799117	2.34584141	2.27001452	2.18845940	2.09543443	1.91914403	1.73603702	1.58861864	1.49281526	1.43797374	1.38366413	1.31464076	1.21904099	1.10403192	0.995811284	0.870762527	0.780139089	0.721540630	0.684065282	0.648309648	0.627297044	0.568956673	0.496081293	0.428916603	0.385160863	0.370452374	0.359550357	0.341782242	0.319436669	0.307763815	0.298153937	0.288065642	0.277345449	0.266202211	0.255207151	0.241696537	0.233893886	0.225401089	0.222559318	0.244448945	0.313512474	0.431942612	0.584095776	0.719534457	0.753026843	0.679998040	0.623794973	0.562506735	0.508520186
32.0000000	0.251981407	0.221151575	0.183696419	0.147999361	0.122012354	0.113256149	0.114395656	0.137644857	0.172411859	0.207083434	0.229025036	0.266006708	0.290436685	0.288445115	0.255549788	0.196656123	0.173138767	0.180106536	0.196256593	0.210604891	0.222486153	0.263291150	0.262359887	0.248713121	0.244888186	0.266938835	0.265773088	0.263392389	0.253910750	0.236950755	0.217643246	0.221823364	0.219004735	0.244722769	0.310219407	0.402442902	0.402099818	0.360968262	0.293890595	0.224748105	0.186460659	0.182594240	0.183398232	0.193036914	0.216036186	0.257283658	0.278383523	0.308902740	0.462156445	0.738822997	1.02694416	0.866797209	0.765910029	0.718265355	0.705195904	0.695384383	0.609080017	0.571174324	0.559068799	0.547146797	0.506773651	0.478501260	0.451881319	0.475630075	0.570391238	0.728736222	0.854633629	0.819844306	0.743541360	0.678950250	0.613349378	0.533871353	0.451208234	0.443548024	0.525511920	0.648154378	1.77286816	4.38175344	5.92331600	5.60190058	4.37769175	3.43917632	3.08195019	2.97032499	2.90064526	2.80128646	2.82004070	2.83047557	2.78531718	2.70406079	2.67297006	2.76551843	2.84453607	2.98250246	3.26471066	3.78926420	4.19825935	4.46271896	4.64429998	4.67994261	4.38187218	4.82442856	6.14798927	7.83267021	8.30455112	4.93567514	4.20200729	3.94138765	3.92271185	4.00291729	4.12698412	4.37110281	4.25019264	4.28331327	4.54016209	4.64107895	4.80132484	4.87773132	4.87255287	4.81499100	4.76118946	4.52301311	4.09380054	3.76428461	3.64209747	3.65177035	3.73231339	3.83781338	4.06280375	4.45157146	4.99815989	5.11721992	5.05065441	4.87882805	4.63039303	4.28228617	3.96460032	3.57497668	3.21303749	2.93376184	2.74748516	2.59724116	2.43236279	2.27178693	2.14691496	2.10161376	2.21888018	2.32385588	2.38023233	2.38521123	2.36950517	2.33617449	2.30289674	2.28285074	2.26145124	2.19635201	2.17530870	2.16254187	2.14894986	2.13513756	2.13141894	2.11045599	2.05437183	1.99118304	1.94945979	1.95832562	2.03426480	2.14060950	2.21497798	2.21676111	2.12712431	2.04263973	1.99399221	1.99903798	2.07354665	2.23120213	2.44605756	2.49114704	2.46680665	2.43108392	2.39973783	2.51941299	2.60402131	2.57247901	2.46125388	2.42436719	2.39755273	2.40782499	2.49516153	2.66586566	2.89256430	3.12042332	3.26390338	3.34834933	3.39579487	3.42496443	3.52600646	3.62362814	3.61888838	3.52418852	3.46327662	3.59107733	3.75225496	3.77689934	3.63745093	3.44869971	3.17816281	3.06116056	3.09403110	3.25879169	3.52313447	3.64437914	3.59730983	3.41624403	3.19661331	3.09496760	3.19038486	3.21286941	3.10758781	2.87506652	2.57119060	2.29676294	2.05881357	1.82865334	1.60881758	1.43306434	1.29361272	1.23333466	1.21038139	1.18852890	1.13717711	1.06876934	0.972885787	0.884380519	0.818058074	0.768673360	0.690774381	0.609212399	0.563649058	0.560869873	0.574784815	0.608449697	0.619135141	0.610217214	0.586910844	0.556269348	0.613149762	0.711013854	0.914512455	1.16828275	1.29694796	1.24902713	1.32794702	1.48961520	1.69243586	1.89730966	2.13360429	2.32259750	2.45283937	2.51760578	2.51489592	2.58748674	2.69203782	2.77242017	2.83373642	2.94231820	2.99150348	2.95411062	2.79546142	2.57547975	2.44869137	2.48924828	2.53611231	2.56491780	2.57465816	2.58768559	2.54380655	2.57077312	2.56915689	2.46937656	2.23169780	2.39793181	2.76368332	3.06068254	3.13557291	2.94990897	2.82354140	2.76029038	2.74757123	2.76853538	2.80207014	2.79889178	2.76487303	2.70372152	2.62264538	2.53235221	2.48919249	2.46391702	2.44867802	2.43906784	2.43412137	2.52230048	2.66494226	2.81555915	2.92794943	2.95619869	2.88609481	2.69542956	2.46138287	2.26529622	2.19267225	2.15153933	2.08128834	1.99961472	1.90283096	1.76586711	1.61478353	1.47480392	1.38294113	1.33864152	1.30378675	1.25571907	1.16575909	1.05584228	0.944233239	0.845524549	0.726055443	0.645050347	0.588930547	0.550941467	0.531153262	0.514522851	0.480537504	0.434143573	0.385593832	0.350446910	0.334703088	0.321121603	0.302189350	0.280840844	0.270458758	0.251308858	0.238341808	0.229327410	0.221532702	0.211722061	0.208403140	0.199138612	0.184726581	0.179822654	0.212939903	0.343176365	0.522565186	0.581933737	0.515073538	0.478740484	0.415156186	0.344625682	0.296171039	0.278123409
31.0000000	0.131363139	0.123889782	0.111537121	0.102892905	0.100311078	9.99117121E-02	0.119472370	0.150022581	0.178875118	0.199968934	0.213869214	0.255320519	0.272549599	0.268299758	0.243623093	0.197880507	0.179241031	0.171698958	0.167310670	0.163112417	0.161120415	0.179025009	0.180258706	0.173030645	0.166860476	0.172578201	0.151719093	0.146725655	0.144168422	0.140414849	0.141629189	0.162583500	0.158038229	0.167257249	0.201799780	0.245520443	0.250159174	0.244837940	0.233649760	0.219665945	0.204936415	0.213332936	0.196918666	0.181693003	0.180942342	0.195240155	0.204211816	0.229112938	0.264372349	0.360207260	0.622623384	0.812481642	0.868058085	0.788044095	0.658638060	0.653544664	0.593994677	0.530536175	0.499285072	0.492870688	0.460435927	0.402930796	0.357202113	0.354838431	0.402995139	0.484394372	0.636372447	0.629831195	0.567500830	0.497297615	0.412323594	0.397252142	0.356998175	0.342203081	0.367156237	0.409795135	0.597822070	1.32866466	2.73203659	4.72501040	7.01201630	5.23787737	3.73870158	2.81004238	2.45741129	2.39627552	2.44767761	2.50594211	2.48712325	2.40328455	2.36249900	2.48353481	2.68350601	3.18054175	4.11793327	5.56413317	6.12339592	5.98346996	5.67068529	5.31254864	4.63774252	4.91565847	6.93510437	8.20095062	7.16562605	3.22911477	3.13767767	3.04684043	3.31514978	3.87027645	4.20901585	4.60955667	4.43336153	4.53812695	4.98398066	5.03347445	5.16887903	5.19816780	5.14322329	5.00985670	4.78780222	4.61518002	4.05018568	3.63497972	3.55662775	3.64709973	3.69735265	3.85836315	4.06437206	4.25381327	4.36931753	4.28166771	4.16857767	4.01504183	3.79120612	3.45236492	3.06982303	2.71020699	2.41610980	2.20103288	2.04938722	1.95687771	1.86378598	1.80305755	1.80204248	1.88249576	2.00307322	2.06943965	2.08317924	2.06153584	2.03741312	2.01746321	2.01207161	1.99960196	1.97260404	1.93781340	1.93359613	1.95382071	1.95632291	1.92929995	1.89130867	1.88419497	1.85531509	1.81098485	1.77949238	1.81109786	1.89169276	1.95253170	1.94987690	1.88194895	1.78892529	1.73145294	1.75908267	1.86098242	2.01251245	2.17522645	2.36638379	2.39200330	2.33072853	2.25698924	2.24100184	2.34388781	2.37517357	2.37053776	2.34972572	2.31654549	2.24346924	2.27612686	2.43754506	2.70067334	2.98838186	3.22053242	3.39338350	3.48985457	3.50197530	3.43088579	3.43265152	3.47734118	3.47159123	3.41772509	3.41375589	3.61820745	3.69569659	3.66581345	3.54641151	3.35360813	3.14727497	3.11375690	3.22053671	3.43552709	3.72707009	3.80506921	3.66964579	3.44713712	3.24530315	3.15332985	3.24366784	3.25527668	3.11367440	2.82329655	2.46749711	2.25682116	2.03841782	1.80163193	1.55552757	1.32888877	1.22043836	1.16908872	1.12809920	1.07043636	0.988772690	0.924715638	0.846103489	0.771210968	0.704912543	0.638682544	0.549313664	0.499661326	0.501027465	0.542783797	0.592371762	0.583160818	0.564878523	0.553021431	0.559979260	0.595035374	0.636293292	0.678924203	0.872761428	1.17943978	1.37239516	1.11987865	1.14381444	1.35005164	1.66552293	2.03824520	2.26583600	2.33638120	2.39141011	2.48681140	2.59283400	2.71416569	2.82192707	2.85077739	2.82283306	2.84767056	2.81967115	2.68173122	2.52944684	2.42457557	2.39503407	2.25873375	2.27265263	2.32373405	2.36643147	2.42270923	2.43328357	2.55101776	2.54591227	2.36887527	2.15172291	2.52654433	2.82115674	2.89322519	2.74275303	2.51208329	2.41653633	2.40761876	2.45128965	2.50838065	2.53459764	2.52271962	2.50807261	2.47855449	2.43356180	2.38399243	2.33902287	2.31158710	2.30611181	2.32708025	2.37903237	2.53761649	2.71118689	2.83659244	2.88006353	2.83721399	2.71498609	2.46320915	2.22405696	2.06438112	1.97570777	1.91080952	1.83563507	1.74942446	1.64703858	1.51895893	1.41426206	1.32337737	1.26726735	1.23941875	1.20584309	1.14914656	1.04748642	0.934749663	0.827172279	0.723340571	0.609257638	0.536653280	0.486432076	0.453289390	0.445711076	0.433147073	0.405855775	0.364897966	0.321367890	0.296392977	0.292801827	0.283096522	0.264753491	0.242619976	0.228914306	0.214561075	0.200099558	0.190993369	0.186969548	0.182018548	0.179588616	0.161506072	0.139376909	0.132527620	0.168005168	0.291727245	0.430027783	0.445653558	0.357208639	0.339154154	0.264906943	0.207305744	0.167971432	0.148009360
30.0000000	8.96303430E-02	9.50550810E-02	0.111644097	0.122386545	0.125237092	0.133115932	0.149875879	0.166646019	0.182296515	0.198726550	0.220864087	0.238198400	0.244653895	0.236512318	0.216122344	0.191899613	0.191689387	0.177289680	0.160036862	0.145423979	0.133100584	0.124505535	0.114771023	0.104748912	9.81146172E-02	0.101367138	9.23857987E-02	8.91102627E-02	8.89869854E-02	9.02702734E-02	9.20224264E-02	0.107329585	0.114939973	0.128991857	0.153984815	0.184779838	0.196593016	0.218148649	0.240956947	0.258166581	0.264564663	0.233240619	0.197974503	0.175586864	0.169510841	0.169792265	0.183931231	0.210293740	0.236648604	0.259349555	0.283335328	0.525190353	0.783865392	0.802685142	0.622783601	0.583104312	0.569249988	0.523804784	0.478577346	0.448586941	0.432063997	0.408340216	0.374626726	0.368814230	0.395767063	0.427323252	0.431824476	0.424939543	0.394066781	0.339463502	0.274245501	0.275668085	0.259982079	0.256625324	0.277213037	0.315537900	0.432239830	0.652513742	1.11649656	2.04642677	3.74664402	3.87775564	4.19915724	3.91440272	3.10796618	2.74523950	2.56383920	2.48748255	2.39395547	2.27190447	2.22083497	2.42360377	2.65182352	3.74501204	6.76750517	13.0084562	12.4407721	9.80869675	7.24997997	5.66734028	4.72846889	4.46824837	6.87012720	7.62154102	5.58227730	2.78447723	2.78774953	2.97697830	3.32857609	3.84985232	4.57901192	4.76179504	4.64450169	4.82593250	5.27854681	5.34845781	5.42306757	5.46935844	5.41486025	5.22093010	4.88276386	4.54985523	3.79892111	3.35501099	3.38788152	3.51199436	3.60860443	3.74441719	3.79198050	3.71659279	3.57630301	3.38720393	3.21912003	3.02102923	2.77268934	2.48463964	2.17511177	1.94627070	1.78469813	1.67527330	1.60117304	1.55270827	1.51632476	1.52292871	1.59243107	1.73374820	1.82518685	1.85745096	1.86661339	1.87724626	1.90242219	1.90690923	1.86254275	1.81507921	1.79246056	1.80481374	1.82016361	1.83093405	1.81857765	1.78006315	1.72787511	1.72683215	1.72976613	1.74343407	1.77046931	1.80938148	1.83961141	1.81704688	1.75135565	1.67281520	1.63231373	1.63969028	1.71157217	1.84654224	2.01275206	2.14792109	2.21463871	2.19987106	2.13873243	2.07977176	2.08497119	2.15415859	2.18741155	2.21231627	2.24411607	2.28571272	2.26661301	2.31268883	2.46661758	2.72192311	3.02297497	3.38366008	3.59720659	3.65126801	3.55671215	3.34762430	3.35698342	3.37553430	3.39224434	3.43063068	3.54875946	3.68059039	3.64571118	3.56782484	3.47542024	3.30177498	3.17310143	3.27142882	3.47897983	3.70138836	3.86770248	3.78836203	3.63206625	3.44922304	3.29296875	3.21916986	3.26946926	3.17506051	2.93921518	2.62999821	2.38026476	2.17064142	1.91882658	1.65606058	1.40991890	1.20431268	1.12143278	1.06506717	1.00048208	0.922470927	0.855356038	0.799991727	0.737993896	0.670534134	0.599497914	0.527484179	0.468985170	0.460573912	0.497541785	0.559712350	0.611441433	0.571546257	0.553998351	0.552013397	0.564404488	0.595582783	0.571199179	0.563496113	0.661567628	0.914493740	1.33133936	1.34366763	1.41080570	1.61584961	1.91013944	2.11325884	2.23871875	2.31056261	2.38092589	2.48784709	2.65526843	2.85063577	2.88368821	2.78409410	2.62236810	2.50987434	2.35674667	2.21402907	2.10575199	2.04617548	2.03979111	1.74996734	1.64779139	1.66550696	1.75976562	1.91162825	2.08662033	2.37466240	2.50730777	2.42450666	2.27460814	2.54318523	2.68346572	2.61742282	2.40525842	2.24540210	2.22787309	2.27225351	2.34275126	2.39834499	2.39278436	2.38366270	2.39391661	2.40650773	2.40113258	2.35422254	2.29912806	2.28281617	2.30204010	2.36539435	2.49331403	2.66230607	2.78535700	2.85184622	2.85726166	2.80319786	2.59882188	2.31965446	2.08078241	1.92052686	1.80044448	1.73807347	1.66546190	1.59230530	1.52284884	1.45588899	1.35068250	1.27136505	1.22703493	1.20528328	1.17219520	1.08900034	0.970458865	0.841610491	0.718954027	0.610447884	0.526946902	0.470428884	0.421414882	0.383763164	0.384668946	0.380919158	0.358965844	0.321819246	0.283640057	0.269739389	0.256668031	0.245005667	0.229542136	0.212494031	0.203504786	0.194941059	0.183637083	0.174507365	0.169313252	0.166663080	0.147760928	0.120417334	0.101558737	0.106446341	0.148676127	0.216572091	0.256026983	0.252051562	0.217922315	0.195181578	0.163836300	0.139809474	0.118793771	0.103460774
29.0000000	9.06375498E-02	0.112505399	0.139109164	0.156016007	0.162654743	0.172315776	0.183985516	0.195539027	0.207175687	0.220192418	0.236983865	0.240708455	0.230665058	0.204473346	0.173937842	0.165047854	0.165484756	0.158500016	0.146479115	0.129801273	0.106839530	9.09692571E-02	7.90417492E-02	7.37763047E-02	7.38876238E-02	7.40859136E-02	6.24812208E-02	5.96195795E-02	6.09592162E-02	6.31980374E-02	6.42736033E-02	7.06467405E-02	7.98884779E-02	0.101191863	0.136101291	0.178512573	0.219502553	0.233154804	0.248079196	0.263574213	0.249626756	0.205996975	0.188650906	0.190213487	0.198385745	0.195944667	0.225202441	0.228483915	0.219640657	0.205521122	0.185970366	0.271037102	0.525385797	0.671656966	0.663194954	0.684048116	0.648352921	0.610630035	0.541456580	0.446233809	0.365186781	0.359823942	0.344746560	0.339329392	0.342416704	0.332322448	0.284672916	0.270597786	0.254720598	0.225359276	0.194526121	0.191227317	0.180630758	0.186075717	0.211588517	0.241882607	0.324242949	0.446480304	0.582628906	0.737997055	0.949167132	1.56463599	2.50741386	3.80727983	5.09343576	5.59450865	4.23282576	3.30880117	2.78946352	2.59825540	2.61502838	3.03361750	3.37086654	6.55116177	13.3064775	22.1763802	19.8834991	16.6386757	11.6046886	6.37589169	4.97821379	4.18209171	5.95219326	6.42028761	4.67780209	2.77582002	2.85032725	3.34443855	3.86109424	4.32858086	5.00052786	5.03155136	5.05379105	5.20370293	5.44267082	5.55699730	5.44289112	5.32145452	5.15536594	4.90919542	4.54940319	4.28456926	3.48144913	3.03146434	3.09514976	3.10215592	3.14918566	3.20027280	3.17152619	3.03322649	2.80982685	2.62068009	2.45030403	2.28066921	2.08935285	1.84953988	1.61562061	1.49125171	1.42681134	1.38718224	1.35175133	1.34989393	1.37107456	1.44298244	1.55877292	1.67706919	1.71256673	1.74690592	1.80564117	1.87281787	1.89097285	1.83619320	1.77215362	1.72130322	1.70511162	1.74407148	1.76088250	1.76303864	1.73865235	1.69241226	1.64558411	1.64158618	1.66234863	1.70060337	1.73715341	1.74087310	1.71453631	1.69847655	1.71686339	1.75503755	1.75950968	1.75660384	1.81289113	1.91801798	2.04281807	2.13931179	2.10755062	2.04892063	2.00463438	1.99756896	2.03226519	2.05860448	2.09081507	2.12607217	2.19806671	2.37700438	2.47448277	2.50581264	2.61946821	2.87515283	3.24379992	3.61278462	3.73509073	3.67939758	3.53332925	3.40345359	3.41572022	3.38876367	3.37785983	3.42265964	3.54718900	3.60075831	3.55952811	3.52511907	3.49286962	3.35183597	3.29179454	3.42248273	3.62531829	3.80302739	3.87964129	3.77338505	3.61630321	3.43382859	3.26708484	3.17288899	3.10368943	2.93576360	2.70341516	2.45851135	2.27048373	1.97816479	1.69238341	1.44319546	1.25012362	1.12215686	1.04865146	0.975446820	0.891828120	0.810660183	0.768388033	0.726910710	0.674775064	0.612465978	0.551375329	0.513801455	0.496520698	0.529481769	0.589516938	0.643298149	0.647337794	0.589478791	0.584517598	0.578894377	0.544932902	0.480840921	0.439730108	0.429567337	0.482263148	0.653350294	1.02198386	1.56471586	1.67261946	1.78487062	1.99796546	2.06571984	2.11372423	2.21396017	2.38955760	2.57010794	2.59166193	2.73947477	2.67915320	2.45453954	2.17809558	2.03089762	1.75760484	1.60659575	1.52151060	1.47531950	1.47032130	1.37965691	1.33012199	1.32487810	1.37182760	1.48361349	1.63995898	1.97353649	2.31878591	2.52403355	2.45149088	2.48435330	2.49106169	2.40328240	2.26028514	2.20894599	2.28005624	2.37563801	2.43477011	2.43719268	2.40330505	2.41720152	2.45496464	2.49319077	2.50458312	2.45795059	2.45807767	2.47927618	2.51892352	2.58724856	2.70733356	2.79266119	2.83538127	2.84001899	2.80594444	2.72737598	2.45438695	2.18331337	1.96550703	1.82475436	1.75727904	1.69576085	1.63214779	1.57800651	1.51797104	1.40974224	1.29085398	1.22899079	1.23387909	1.25108135	1.16199672	1.01487577	0.874216080	0.735475004	0.604371548	0.496886492	0.434604257	0.392174870	0.358641505	0.332698673	0.322691828	0.325739592	0.315314889	0.290979922	0.261387348	0.244280413	0.224876419	0.211786792	0.201574609	0.193169504	0.187867746	0.179991603	0.166603401	0.154424831	0.146280378	0.141097203	0.117759973	9.45654660E-02	9.44415107E-02	0.125051990	0.178796813	0.184636936	0.178901792	0.164622441	0.147371605	0.135263845	0.111148231	0.102521978	9.22663882E-02	7.94803277E-02
28.0000000	9.59405676E-02	0.124340877	0.149263233	0.172164246	0.190998808	0.200220138	0.215960279	0.232431754	0.253424466	0.273958385	0.280283540	0.271072894	0.242993429	0.200771719	0.161303297	0.153652743	0.145263538	0.147030398	0.135906190	0.106830485	7.27296174E-02	7.19594955E-02	6.96443692E-02	6.92792460E-02	6.82623833E-02	5.78953400E-02	4.93385680E-02	5.14400713E-02	5.35401776E-02	5.22422977E-02	5.14129624E-02	5.55328280E-02	6.50225952E-02	8.58509839E-02	0.118010819	0.155519143	0.188461035	0.224430323	0.227047652	0.201180205	0.192941681	0.190208942	0.208823800	0.225738436	0.231925339	0.232377306	0.255226374	0.240250841	0.214432746	0.200175643	0.215304732	0.233660921	0.332942277	0.418260902	0.451313466	0.450381309	0.431405544	0.423454195	0.408262700	0.374681145	0.318674177	0.281117916	0.266468048	0.260012269	0.252738178	0.241333380	0.223773971	0.202142805	0.178290635	0.158587381	0.153922349	0.152405381	0.153354660	0.161902666	0.178599969	0.199415386	0.256386936	0.336494416	0.426495016	0.507979572	0.557372928	0.718182445	0.992698252	1.60965121	2.51300597	3.36196256	3.70766854	3.56748819	3.28842378	3.26097012	3.91911149	4.88828421	5.51591778	7.33611202	10.1716166	12.1338263	11.8170300	12.2049379	10.1960278	6.23266268	4.30109406	3.44462872	3.93369007	4.47172594	4.38614368	3.62830806	3.48371673	3.83590341	4.26938009	4.64265442	5.08823299	5.16175461	5.20226717	5.32860041	5.44950390	5.26364136	5.22883987	5.05870485	4.76082230	4.43072319	4.25188494	3.56560302	3.05239439	2.85669374	2.89939928	2.87787127	2.89930463	2.87769985	2.73081470	2.48830152	2.29170752	2.18837738	2.04865026	1.87651479	1.67734623	1.45790863	1.37107658	1.31495273	1.28400767	1.28106987	1.31732666	1.38660145	1.47856545	1.57270861	1.64922202	1.68899679	1.76668084	1.88715732	1.97663295	1.99284887	1.92507982	1.85000408	1.77607059	1.74331462	1.76452625	1.82525039	1.82187378	1.79041719	1.73429096	1.66797352	1.61701345	1.60653269	1.61759877	1.64521444	1.67367721	1.67657959	1.67788458	1.76266074	1.88842309	1.99165606	1.98781371	1.94823682	1.97374022	2.03693867	2.10268235	2.12805653	2.07752299	2.02901697	1.99652839	1.98667860	1.99872136	2.01265073	2.03653288	2.10975838	2.24214435	2.41393566	2.51450729	2.56393671	2.72052455	3.04462123	3.49862957	3.74700451	3.72111702	3.60629320	3.51384711	3.48108172	3.44153190	3.42739701	3.38382125	3.34105206	3.41444039	3.45835948	3.48563075	3.53787351	3.57940221	3.49722457	3.47291803	3.54594374	3.68363261	3.82346511	3.87307429	3.81659627	3.69965076	3.49795103	3.24684668	3.04132318	2.95206547	2.78907299	2.59531927	2.38136578	2.12536240	1.78328800	1.49382687	1.29164374	1.17485750	1.10504210	1.02224457	0.908781111	0.806641519	0.743847191	0.734450042	0.698008239	0.637146771	0.582675993	0.559752464	0.587879300	0.639224470	0.698960543	0.733552635	0.725714207	0.674406946	0.647216797	0.615372598	0.555489838	0.466704845	0.370674521	0.341570437	0.311952382	0.328190416	0.422698289	0.613933504	1.35864174	1.71697211	1.86651766	1.93087828	1.97965896	2.01898980	2.20706081	2.53661156	2.80858707	2.63213730	2.61946869	2.46870685	2.08733392	1.65157104	1.60637605	1.48804069	1.38697290	1.33573556	1.32258356	1.29146481	1.28742373	1.28423643	1.30100477	1.35342407	1.45378232	1.53413165	1.82181585	2.25201654	2.60735869	2.51791167	2.38904810	2.35840869	2.33616233	2.30445313	2.31739926	2.38185167	2.44011736	2.44783401	2.41666675	2.41430974	2.50979519	2.61670899	2.72355270	2.79920292	2.79290771	2.77487326	2.76284671	2.74337268	2.72687364	2.74764776	2.80288911	2.82854891	2.80271101	2.70824385	2.53280044	2.23634577	2.00403452	1.84463274	1.75777638	1.73396945	1.64782751	1.58435941	1.52202630	1.43674469	1.30188704	1.21578419	1.20690799	1.22484076	1.20337546	1.06051672	0.913266838	0.764551878	0.620656133	0.496515185	0.415715426	0.374863952	0.334631324	0.309507281	0.298556626	0.285419047	0.289253891	0.278964072	0.260999054	0.242411703	0.230858132	0.212758332	0.199270681	0.191365480	0.186592430	0.179080829	0.162418887	0.144204423	0.128672913	0.118254639	0.113574550	9.77376848E-02	0.127431497	0.174661368	0.212596089	0.215567723	0.189622164	0.166990846	0.146945849	0.129748479	0.116649136	0.102435336	8.90903249E-02	8.04375857E-02	7.72500485E-02
27.0000000	0.115874104	0.153562218	0.194021374	0.226931632	0.250775307	0.272836864	0.285847187	0.317994237	0.346064299	0.361260504	0.369202286	0.339987546	0.289661050	0.235412925	0.189593554	0.159713700	0.132485434	0.121658459	0.112808369	9.59990397E-02	6.57824278E-02	6.61861897E-02	6.64226040E-02	6.40037879E-02	5.93478046E-02	5.57787046E-02	5.62641285E-02	6.71378598E-02	7.11852610E-02	6.30490705E-02	4.92295250E-02	6.25635684E-02	7.73361176E-02	9.71534252E-02	0.112960443	0.103040762	0.147404224	0.213038951	0.208201602	0.150824189	0.168513879	0.199869230	0.233809471	0.249562830	0.247995242	0.251610309	0.244727001	0.233159915	0.228081509	0.231642470	0.236971885	0.227819547	0.230557680	0.247908249	0.265804946	0.253393322	0.244659945	0.243630484	0.262197226	0.307371676	0.381284565	0.335834563	0.297960192	0.267641336	0.244124711	0.225924373	0.194669127	0.158754990	0.131573036	0.120923504	0.129015595	0.140983135	0.143900245	0.148057878	0.157764256	0.171344981	0.212605700	0.272742957	0.344208688	0.412690818	0.457113266	0.515739202	0.598745048	0.741237521	1.03390586	1.62302160	2.31190062	3.26847959	4.42737865	5.96820641	8.31556320	9.95406437	10.2760534	9.39088726	7.59304285	5.36211014	5.36713505	6.32641888	6.62646341	5.56949663	3.37347412	2.70833325	2.75060058	2.98344779	3.13008547	3.15376329	3.55750275	4.19120646	4.69159603	4.93928003	5.05875301	4.94005346	4.81201315	4.67644835	4.50725889	4.25042915	4.33406973	4.42846394	4.37557316	4.16652870	3.94163156	3.02892613	2.62807107	2.57141566	2.68711042	2.79910684	2.87502193	2.75396109	2.47983336	2.16653895	1.99797034	1.85642397	1.70973158	1.57265115	1.45871174	1.38021314	1.37406063	1.33920944	1.32078516	1.35122478	1.45027673	1.58644581	1.71606648	1.76969695	1.77184737	1.84097981	2.03855419	2.19257998	2.21173286	2.09005237	1.90693855	1.78067112	1.74712384	1.77687955	1.83364439	1.87424588	1.90120375	1.88444531	1.85124707	1.80770278	1.73872471	1.69260740	1.68419349	1.70379925	1.73820090	1.77063465	1.83723211	1.93638885	2.02656078	2.08244061	2.09495926	2.06395793	2.08335590	2.11108375	2.12267685	2.11127567	2.04929781	2.00192881	1.98863590	1.98045313	1.89998412	1.91138411	1.97734523	2.11630917	2.27835059	2.34517622	2.45994639	2.58960700	2.77268410	3.07275128	3.57843232	3.74080253	3.62887979	3.50571942	3.46432662	3.42765903	3.42443037	3.36542535	3.25468802	3.14139843	3.11987281	3.23832989	3.39125228	3.54340196	3.64716744	3.64256763	3.66161633	3.72058630	3.83947706	3.95871639	3.93915915	3.89872408	3.78721642	3.54067516	3.23029947	3.06245089	2.97120476	2.81667352	2.59926748	2.31510401	1.95600820	1.62175202	1.37934148	1.24326599	1.18765831	1.14629543	1.00771487	0.849218428	0.743299246	0.711317480	0.723499656	0.661703587	0.600872099	0.586712897	0.628750622	0.700326681	0.782018304	0.804465294	0.791887105	0.759674847	0.714391768	0.678185940	0.601902306	0.505709231	0.410413355	0.337459594	0.302881092	0.311966300	0.300185651	0.293371797	0.407719702	1.11442614	1.79832077	1.95690191	1.72953033	1.89743078	2.10068822	2.35901308	2.64937472	2.83677840	2.67426395	2.46654558	2.27177000	1.89639497	1.46458757	1.41822040	1.41787410	1.39388251	1.36688650	1.33586144	1.27811599	1.29006636	1.33129632	1.40127301	1.48908389	1.57343626	1.58957481	1.82308710	2.20111108	2.50787044	2.38467503	2.21350145	2.17399549	2.20109105	2.25860047	2.33921528	2.37004638	2.35878420	2.33636212	2.35713005	2.49885106	2.63628912	2.80897951	2.94362092	2.99061799	2.92407966	2.85899591	2.80393672	2.72718406	2.65057492	2.64950180	2.74566007	2.78066826	2.71314883	2.54345202	2.31365848	2.05704618	1.89106727	1.79087734	1.72633505	1.66200328	1.59538949	1.53222060	1.46178877	1.37466419	1.26269615	1.21073377	1.18386900	1.13621283	1.05795348	0.975356936	0.855266809	0.705460250	0.561643660	0.450779945	0.391088724	0.354493678	0.314030945	0.290295452	0.284684420	0.279397875	0.278107405	0.266065836	0.247355580	0.229216725	0.222046867	0.216294765	0.212342367	0.204330266	0.186573237	0.153560176	0.126149461	0.110338546	0.102453448	9.75711122E-02	8.95192176E-02	8.59784260E-02	0.152798206	0.208467424	0.219560772	0.200738773	0.171718374	0.152452856	0.137835056	0.129723459	0.136941954	0.119725972	0.100952342	9.08585265E-02	9.01874155E-02
26.0000000	0.153905496	0.203254864	0.237814024	0.261167526	0.288484126	0.346516490	0.405057669	0.439531237	0.453475893	0.454357862	0.453570515	0.414367646	0.331343800	0.239308789	0.167407095	0.139117599	0.103932709	8.88183266E-02	8.07350203E-02	7.38200173E-02	6.93871677E-02	8.02951530E-02	8.21346864E-02	8.68567675E-02	9.43008289E-02	9.21948031E-02	9.90223140E-02	0.105145507	0.111110054	0.112127416	9.80747640E-02	9.08148214E-02	8.88620764E-02	9.52156410E-02	9.78910476E-02	6.99203312E-02	9.99387279E-02	0.146633521	0.162035808	0.152374774	0.178077608	0.209278315	0.242303818	0.269327521	0.286196291	0.292430311	0.269092739	0.240312681	0.231299803	0.233497366	0.204582468	0.203885302	0.193190306	0.174399689	0.154472575	0.145424902	0.151149914	0.158995345	0.183822185	0.226877213	0.275793135	0.274090946	0.266958296	0.250772685	0.225664735	0.195518270	0.168876797	0.144170314	0.135290980	0.142207295	0.150964051	0.145870462	0.135057613	0.129236847	0.133971095	0.149674878	0.180718750	0.248994246	0.317649186	0.372592241	0.422493041	0.492062032	0.570051670	0.663074434	0.881128848	1.43759906	1.63638163	1.75278831	2.11318588	2.81796408	3.74153662	4.24299097	4.13941383	3.73979568	3.26345062	2.84001923	2.97553349	3.41679430	4.12677670	4.45678616	3.14646387	2.30555511	2.31559038	2.61323977	2.91282845	3.20633340	3.96063590	4.64624596	4.85535765	4.62591505	4.44160986	4.38807297	4.20817900	3.97800946	3.74715233	3.53870010	3.53206325	3.56880569	3.61298752	3.44253731	2.64925051	2.29069233	2.09270144	2.09522033	2.25107384	2.42596841	2.51691246	2.35710883	2.08360243	1.81674349	1.66018832	1.60719252	1.57751727	1.55800033	1.54300845	1.53443956	1.50313520	1.47741592	1.50375664	1.60291767	1.76994455	1.88058281	1.88790846	1.86133099	1.89330029	2.09930921	2.42051768	2.49628997	2.37175393	2.13485837	1.91637361	1.84771192	1.85294831	1.88429546	1.91777086	1.95319724	1.95115376	1.95125437	1.94500160	1.91356587	1.82778525	1.80119944	1.81196058	1.83768570	1.86818755	1.90547621	1.97173345	2.04144621	2.11745739	2.18175268	2.19546127	2.19910836	2.21204352	2.21460843	2.20054626	2.17700481	2.07603884	1.99930298	1.93308246	1.88688755	1.89345241	1.95306420	2.07805800	2.22215748	2.33839130	2.37909460	2.54427528	2.75692677	2.94631243	3.16821933	3.60495901	3.67142367	3.56073880	3.44727802	3.39784336	3.37166810	3.24036813	3.11565232	3.02948046	2.99875307	3.02531219	3.22557926	3.39566588	3.58093500	3.76304507	3.85994935	3.86225939	3.91379094	3.97744441	4.00321817	3.92820787	3.82541656	3.73596787	3.56387925	3.30556130	3.04982114	2.88669896	2.77323651	2.54134512	2.17052889	1.78788471	1.51789069	1.33186448	1.23631215	1.20799816	1.19394553	1.01443982	0.849674821	0.747746170	0.711772323	0.699894667	0.665294111	0.658768415	0.693336129	0.766979992	0.862647533	0.863133490	0.815221548	0.770100117	0.753082752	0.763607502	0.668170989	0.555880368	0.455362976	0.381571561	0.335784107	0.308110774	0.307288736	0.289197356	0.274060220	0.346445560	0.649470150	1.42139578	1.88408613	1.89008284	1.92260611	2.25045466	2.39371896	2.46602297	2.60137987	2.95419216	2.76343465	2.34462881	1.83520234	1.42448127	1.35369027	1.36008000	1.31873667	1.27797663	1.24566686	1.18922532	1.22825623	1.32926953	1.45866573	1.57957649	1.65186572	1.61277151	1.59377289	1.81886828	2.13558602	2.01498294	1.89906657	1.89785063	1.96763456	2.07661605	2.20489216	2.28665733	2.33296537	2.39293003	2.50696898	2.70680428	2.84921098	2.93781304	2.95124292	2.88860416	2.76947141	2.69114685	2.63083172	2.55795121	2.49685287	2.52680516	2.63158917	2.64720821	2.58618045	2.44494414	2.20385647	1.93224847	1.78902864	1.71900845	1.67810261	1.63332999	1.63020587	1.56452417	1.45628464	1.33409715	1.23518074	1.18898976	1.15744793	1.10934734	1.03979933	0.970235229	0.832212448	0.683038235	0.554355681	0.455672979	0.374363869	0.328913957	0.298799872	0.282028854	0.273887843	0.266943425	0.259199828	0.246098965	0.230973125	0.220348999	0.223947853	0.217481583	0.208576113	0.189661264	0.159659192	0.123984396	0.102770433	9.14366841E-02	8.48387927E-02	8.08115155E-02	8.01687688E-02	0.124435030	0.155647770	0.170221493	0.166221321	0.143363014	0.138761953	0.138580233	0.140257522	0.146142408	0.163492277	0.151406467	0.126390278	0.112674266	0.114094973
25.0000000	0.194117591	0.218463197	0.238299340	0.258625060	0.290381461	0.350451887	0.420016944	0.419432491	0.407749027	0.402801603	0.381209046	0.310307413	0.245661259	0.185566887	0.135922372	0.110227607	9.64295715E-02	9.57001820E-02	0.102353364	0.111663558	0.119865701	0.137276754	0.143251330	0.154616892	0.168601081	0.162831694	0.149528250	0.138186634	0.126616880	0.114298590	0.102380976	9.08436850E-02	8.28071684E-02	8.97826403E-02	9.94148329E-02	7.54820630E-02	6.35662451E-02	8.61493573E-02	0.129119992	0.177351251	0.214700833	0.234019637	0.267995298	0.290483892	0.295298815	0.296210825	0.269319713	0.236701623	0.213415295	0.202981055	0.197381109	0.212688312	0.178579777	0.139760584	0.120554835	0.124905609	0.126910180	0.112016819	0.106590115	0.117608145	0.132662669	0.139263496	0.152095675	0.158549771	0.154325902	0.143433526	0.132248715	0.185455233	0.224673957	0.218864143	0.184323296	0.154568940	0.134468630	0.133588642	0.146483228	0.152694613	0.195033699	0.273681968	0.347166687	0.404195905	0.463658035	0.544064462	0.592389524	0.684143126	0.903730154	1.34444952	1.39963138	1.55236793	1.82409883	2.14376664	2.34781599	2.39366913	2.39522767	2.33783770	2.28242588	2.36549759	2.47692084	2.59605360	3.00859046	3.42742252	2.99263763	2.49151373	2.68684554	3.03775644	3.37711406	3.91152954	4.61052227	4.87126493	4.83210945	4.61609602	4.33095217	4.08761930	3.86512780	3.60451746	3.35576940	3.27780342	3.36338711	3.45787144	3.29317594	2.75240445	1.86984897	2.02662230	1.91632581	1.81358564	1.84339142	1.98109734	1.99562824	1.88264608	1.74853826	1.66220284	1.65505004	1.74662876	1.76952529	1.76740253	1.75376546	1.71196175	1.69842052	1.74283910	1.84335268	1.96352422	2.03234363	1.96018517	1.81873977	1.75629199	1.87071133	2.20945311	2.49374151	2.56778240	2.44262028	2.21107626	2.04774714	2.01065016	2.07474136	2.15662432	2.20123482	2.18183994	2.09092712	2.04747224	2.00298238	1.94266021	1.88540208	1.88651228	1.91836822	1.95677400	2.00400734	2.08881974	2.16141772	2.27801156	2.37634397	2.42551303	2.42597055	2.39107108	2.33029127	2.28779364	2.27124667	2.25182366	2.17631960	2.06580758	1.99734712	2.01125312	2.11109614	2.21022511	2.32160759	2.40966463	2.45902538	2.47452712	2.58403707	2.84747958	3.10493946	3.30713606	3.51542258	3.55263066	3.49568415	3.41306257	3.32802892	3.21863031	3.08872056	3.05040097	3.06425834	3.10884356	3.18067312	3.34025455	3.47232413	3.69127154	3.96981001	4.13897705	4.07963896	4.06255341	4.02253485	3.90877414	3.68483829	3.62253976	3.63461852	3.55946398	3.33429027	2.99513817	2.77350378	2.61083794	2.33995605	1.95852602	1.62906706	1.45853364	1.33380413	1.25768661	1.21728098	1.18397820	1.03139985	0.881264746	0.787966669	0.758383751	0.751878202	0.780577481	0.839061022	0.901449502	0.936683834	0.908525586	0.823732674	0.754619360	0.746211708	0.772988796	0.738882780	0.618976057	0.514064074	0.437648267	0.386751592	0.341918141	0.288585365	0.251264304	0.275439888	0.320068449	0.257577837	0.391438663	0.920596242	1.72287214	2.37803459	2.16779757	2.13023233	2.43965387	2.66586208	2.80278897	3.26850033	3.16689754	2.51205325	1.82625020	1.39199603	1.25202358	1.21958554	1.13602281	1.07391202	1.05393076	1.04485798	1.12196839	1.20408332	1.31876004	1.45333028	1.55490148	1.55216074	1.51551843	1.51474440	1.54614186	1.53254759	1.58385050	1.65780377	1.75860620	1.89157760	2.06315780	2.21242642	2.36924624	2.55381060	2.74911857	2.90097404	2.92976904	2.91181421	2.82520747	2.69249678	2.58067966	2.53183484	2.48677850	2.46052408	2.45897532	2.47892594	2.50686741	2.50229979	2.43079925	2.28114486	2.06532001	1.85589433	1.70929897	1.62387729	1.59388232	1.60947764	1.64795303	1.56714463	1.41218257	1.25487733	1.19371891	1.16658437	1.13944662	1.09509885	1.02482367	0.928393424	0.787187278	0.638938248	0.506531000	0.404313326	0.338096172	0.317799896	0.298315287	0.282308310	0.269741476	0.257873625	0.245336249	0.237536967	0.233843341	0.231542826	0.225842670	0.206810549	0.189377815	0.165992796	0.136759058	0.109435439	0.102173723	9.63156000E-02	9.36586559E-02	9.89099666E-02	0.119686142	0.127644688	0.122616827	0.121612735	0.124963164	0.116319589	0.134702906	0.169520944	0.188067228	0.189330444	0.203994364	0.170088783	0.148962647	0.150723368	0.166014194
24.0000000	0.192308247	0.206181556	0.240239784	0.272797197	0.301246911	0.342060953	0.377728671	0.389637977	0.375565797	0.338752121	0.287900090	0.281282753	0.242652699	0.191830739	0.146372139	0.121566780	0.129906923	0.142609268	0.155488208	0.165834174	0.172413617	0.184737489	0.188968822	0.195684224	0.201397091	0.188557670	0.130344599	0.106553219	9.34806466E-02	8.11820701E-02	7.34706894E-02	6.71794936E-02	7.75473565E-02	0.102865174	0.125816360	0.113476843	7.34514520E-02	5.83002158E-02	7.65818879E-02	0.136630282	0.246554404	0.240854338	0.268950105	0.295076072	0.310870796	0.335376948	0.312221915	0.272204429	0.234208703	0.212501615	0.216732830	0.219600677	0.171500579	0.133322030	0.125585258	0.128441423	0.147659063	0.139259994	0.119172089	9.65694785E-02	7.38725737E-02	8.54593515E-02	9.30796787E-02	0.104499005	0.117846355	0.121614218	0.120882623	0.119341068	0.151607037	0.197657958	0.182831109	0.138460174	0.143062189	0.157126650	0.162493229	0.162351817	0.224535361	0.319969028	0.397964954	0.461553901	0.567485690	0.655223548	0.715684354	0.812064171	0.998903871	1.32208920	1.38278174	1.54010582	1.78264546	2.01804519	2.07300901	2.02986002	1.95837963	1.81590664	1.66737449	1.68531251	1.88092148	2.24323726	2.62749386	2.85863280	2.73130155	2.92664361	3.46842527	3.99755621	4.41035080	4.85852909	4.84722996	4.47232246	4.09651232	3.84859133	3.62342811	3.45756245	3.31336570	3.12509251	2.89133525	2.67502069	2.64421868	2.48303223	2.11384606	1.64400196	1.36579955	1.84352958	2.18002319	2.16750312	1.88071251	1.67691255	1.52188885	1.54344404	1.63816810	1.75430059	1.89173067	1.96487546	1.96991348	1.94192386	1.90147638	1.85463119	1.85018718	1.95191514	2.01381373	1.96198440	1.79462957	1.64368606	1.58629990	1.65205479	1.83743834	2.10584021	2.38428259	2.52570462	2.43262911	2.17758441	2.00310588	2.05547237	2.21162271	2.37886596	2.47976446	2.45213056	2.34248471	2.24278235	2.15691304	2.08225799	2.00969052	1.99239111	2.02870107	2.11434364	2.23600459	2.37133217	2.52955508	2.58225465	2.56865454	2.53779912	2.54855323	2.50793934	2.41071224	2.31639600	2.26457024	2.27486897	2.27784610	2.26847196	2.26249743	2.27783418	2.33455586	2.41389465	2.50550032	2.54310560	2.52436948	2.51087880	2.58808804	2.79150009	3.00934601	3.18041992	3.29407978	3.50848889	3.55000091	3.47026563	3.35448527	3.32141304	3.29964185	3.29841113	3.31157684	3.36266613	3.50488162	3.60150862	3.77303386	4.01318598	4.25253487	4.35849285	4.28237343	4.19301701	4.05424500	3.85579681	3.61333346	3.55373597	3.52353978	3.43579388	3.24244404	2.93433475	2.63000393	2.37552238	2.11085033	1.83693326	1.61570299	1.46883452	1.35505641	1.27813911	1.21998537	1.14063036	1.03121996	0.930615783	0.873791099	0.865631163	0.880934715	0.923990011	0.967908680	0.967686951	0.913497746	0.830691457	0.751158595	0.738427997	0.763218760	0.780129373	0.727638662	0.617790341	0.528595805	0.439941078	0.354532748	0.297897726	0.251108289	0.221709713	0.211134195	0.224453002	0.270376414	0.308255166	0.488879919	1.13863099	2.13006330	2.88190484	2.48387814	2.68366313	3.04693484	3.47669673	4.21327925	3.73105168	2.77083230	1.87675440	1.33516657	1.17463219	1.10695457	0.996016085	0.941012800	0.969695985	1.03837287	1.08485627	1.12026358	1.20228124	1.34043598	1.49609447	1.59163129	1.62731373	1.61160898	1.56298900	1.50993156	1.54679000	1.59142184	1.68139160	1.81753051	1.96393681	2.13629103	2.33984137	2.56570530	2.76471925	2.84744096	2.78761649	2.71408892	2.64029360	2.57406211	2.51762414	2.45870113	2.40168500	2.37183118	2.36904550	2.36788416	2.39069963	2.35206819	2.24240685	2.08966088	1.95930421	1.79907310	1.67553198	1.61261725	1.60589314	1.62255394	1.59556115	1.50146544	1.35833538	1.21046436	1.12837136	1.08927798	1.04947710	0.989310801	0.907744646	0.822367370	0.681103766	0.538199484	0.427312821	0.358729511	0.319362015	0.308184057	0.298162639	0.281540006	0.260771722	0.248526618	0.245560989	0.234925821	0.223858133	0.214440778	0.203602374	0.194979891	0.180600107	0.155635253	0.124013439	9.84186158E-02	0.103554763	0.102810346	0.107664078	0.118941486	0.126814902	0.107636385	0.110971615	0.119840026	0.124833733	0.124117523	0.150540709	0.193080217	0.216714278	0.209692433	0.183535844	0.165795401	0.164444238	0.177470669	0.193926319
23.0000000	0.199441940	0.207192883	0.240174875	0.269385636	0.294569075	0.344215691	0.409498453	0.421696454	0.391255677	0.334786892	0.275065482	0.248993665	0.212131694	0.178294227	0.156141758	0.149180457	0.158021316	0.175194651	0.188271701	0.195654020	0.206573501	0.180620804	0.169220924	0.167965904	0.166002676	0.146033123	0.106088467	8.12636018E-02	6.75855726E-02	6.21809624E-02	6.32759333E-02	7.05593228E-02	8.64376426E-02	0.108534679	0.126566455	0.122341074	9.27231014E-02	6.72337711E-02	8.07539225E-02	0.141667649	0.231862426	0.238960028	0.260407776	0.281923383	0.301733464	0.330573916	0.312941730	0.278867424	0.258687854	0.253213704	0.233729422	0.182995170	0.156662986	0.139001146	0.124327309	0.117008522	0.121777631	0.154903650	0.172199935	0.147937760	7.48461932E-02	6.73330873E-02	7.49663264E-02	8.73503014E-02	9.74178389E-02	0.101430163	0.103968859	0.116294198	0.124642476	0.139137447	0.193790212	0.184687108	0.219205767	0.243581355	0.234876305	0.200980291	0.264319956	0.375117302	0.484214425	0.580680668	0.691812754	0.798148930	0.863958597	0.965808630	1.16236615	1.49439764	1.62442470	1.73238802	1.87398076	2.01017976	2.00724649	1.88004839	1.81534159	1.67155957	1.48497951	1.46972275	1.72372878	2.06552601	2.37508821	2.62727761	2.89184451	3.23860908	3.91323638	4.60999680	5.08891964	5.17579508	4.59455395	4.03517866	3.56552744	3.21719384	2.98550391	2.85727787	2.61723113	2.34987974	2.14303517	2.08780503	1.87878788	1.65079749	1.42748260	1.37383735	1.79620242	2.00043368	2.16778016	2.02426839	1.62479556	1.35313010	1.39464545	1.59088469	1.77334917	1.88947976	2.00265551	2.10752511	2.15305686	2.11377001	1.99687254	1.84226334	1.88237703	1.89691877	1.85613072	1.76884115	1.68246365	1.66642058	1.72399068	1.84894478	2.04821539	2.34189773	2.61164451	2.65258884	2.47691798	2.22816777	2.18121958	2.33084702	2.53898168	2.71513081	2.78773642	2.70417476	2.52135181	2.39414024	2.29519081	2.20194101	2.09661698	2.02765203	2.04078603	2.15023041	2.34721494	2.59998918	2.68684602	2.61801744	2.52158952	2.46732855	2.46668196	2.39584780	2.33271623	2.27978969	2.24265504	2.22998476	2.27040267	2.26145792	2.24920201	2.24966812	2.24887228	2.38243055	2.53396201	2.62672758	2.64538217	2.63597298	2.64058042	2.72279167	2.89948606	3.13844419	3.35834789	3.63555050	3.66466713	3.56269598	3.47509909	3.57580209	3.70130348	3.67723846	3.63700271	3.68194962	3.88139105	3.98387051	4.13596010	4.32039452	4.46917057	4.46354532	4.28982306	4.18260765	4.06741571	3.92351747	3.78394127	3.57853413	3.37820721	3.23398972	3.10512662	2.85908413	2.57761812	2.35388041	2.09417152	1.80256736	1.58091986	1.47019768	1.39589500	1.33390093	1.27850890	1.24241698	1.17081165	1.05589724	0.968837500	0.944040120	0.979155660	1.01423275	0.996888340	0.921356440	0.818542480	0.756023824	0.714349031	0.746111631	0.793678880	0.810673594	0.761975229	0.638092458	0.502022982	0.388502657	0.315805495	0.285743386	0.235120326	0.205699340	0.195809826	0.207410067	0.246087193	0.231439844	0.302510232	0.745417714	1.67685676	3.04409647	3.26814508	3.16329932	3.18336344	3.58119559	4.40870953	3.74931073	2.76016879	1.90368319	1.39111495	1.18258667	1.04571831	0.944813371	0.918450475	0.965043008	1.04283845	1.03313398	1.03945494	1.08569813	1.16541052	1.24178994	1.49198580	1.77646947	1.95517707	1.96684051	1.82898736	1.75177526	1.69597375	1.69219291	1.74318385	1.82383907	2.00266099	2.19683337	2.39600444	2.55407715	2.58921027	2.56315780	2.55399942	2.55726671	2.55319047	2.50669909	2.41485429	2.34879160	2.30331540	2.27401209	2.25725245	2.24642324	2.17871189	2.09847593	2.03599834	2.00748539	1.90308177	1.82990003	1.77383351	1.72090042	1.65724421	1.55006969	1.43628442	1.29709804	1.14453411	1.02142942	0.981881380	0.942837596	0.881013513	0.794048488	0.700505793	0.578368068	0.464711934	0.384459198	0.343089789	0.326641619	0.312102139	0.297179371	0.277579635	0.255898505	0.241620794	0.237619832	0.217272565	0.196484327	0.184552342	0.184165508	0.176572546	0.160431728	0.139049739	0.117792018	0.104082651	0.105539672	0.103708155	0.117690839	0.136162549	0.117370225	0.122663870	0.138853833	0.146705434	0.146456376	0.157816589	0.201159477	0.238144413	0.243344128	0.222555354	0.212799072	0.210472941	0.213604182	0.214591473	0.212359607
22.0000000	0.233933389	0.244084984	0.255381376	0.267072499	0.281242162	0.302807927	0.359127462	0.344504684	0.292766720	0.233185336	0.190477595	0.187436998	0.178583235	0.171777993	0.172876701	0.185728565	0.185410500	0.238054112	0.272114813	0.253399134	0.185064703	0.158696353	0.130729303	0.119939432	0.124457151	0.121767558	0.108930759	8.99376497E-02	7.63756186E-02	7.36429468E-02	8.09487700E-02	9.10683051E-02	0.116208427	0.147121593	0.171487123	0.173911378	0.138285011	8.64511430E-02	9.00920480E-02	0.160175040	0.246952355	0.236286089	0.270252138	0.299247533	0.312188029	0.336507946	0.277089566	0.276570886	0.286602497	0.271111757	0.206302613	0.177564740	0.155484930	0.141296163	0.131399155	0.117362514	0.119652212	0.131795838	0.136576653	0.122354351	8.30650032E-02	7.81402811E-02	8.49392563E-02	9.33292583E-02	9.95070785E-02	0.105999105	0.104417153	0.105867088	0.111121424	0.140623808	0.234489128	0.285290420	0.336040646	0.328117371	0.272756338	0.251050949	0.352050632	0.490762740	0.640000403	0.771594405	0.856393278	0.993381917	1.06133544	1.13982713	1.30811000	1.64511633	1.80933785	1.76165247	1.62852848	1.50574827	1.45840943	1.57540905	1.68135881	1.62487459	1.45627987	1.42760682	1.67894661	1.97673750	2.25675583	2.60224771	3.24392986	3.73826694	3.87943673	3.86145663	3.77972913	3.63104248	3.74291611	3.47984314	3.03656936	2.63195348	2.50896788	2.19089866	1.74395871	1.31876636	1.08162856	1.21454346	1.42445743	1.41831934	1.29277527	1.18232620	1.25932729	1.42514563	1.42435145	1.29129660	1.13212442	1.12476933	1.30134380	1.58518112	1.80652797	1.93270659	2.06811500	2.28682947	2.37777853	2.28127265	2.08467627	2.02240825	1.95926952	1.92316878	1.96952891	2.07915401	2.15822887	2.23887444	2.26258278	2.35379672	2.54300690	2.76675296	2.97007227	2.92366195	2.72336531	2.52766442	2.55768061	2.76643634	2.98655319	3.11291552	3.09782982	2.95102429	2.71141458	2.52024913	2.34796071	2.19564295	2.09505272	1.98394644	1.96690321	2.06169176	2.25130534	2.48396301	2.49003553	2.41251373	2.34145808	2.31137371	2.30121303	2.23395681	2.16195416	2.10043454	2.07177973	2.10552382	2.16298652	2.19973969	2.22925711	2.26401114	2.31546903	2.49450231	2.66544199	2.75921488	2.76006031	2.70552659	2.69542432	2.78071499	2.98209882	3.25913167	3.51022768	3.62318277	3.63130593	3.60153699	3.62334323	3.80872035	3.97342849	4.02348948	4.04619026	4.09060001	4.16756725	4.20862675	4.29003572	4.40531492	4.49008322	4.42205763	4.26242208	4.12803555	4.01611233	3.90097713	3.73406672	3.39311838	3.18158746	3.09214330	3.03661489	2.84599066	2.58017182	2.31154227	2.00955725	1.71291983	1.52958345	1.47632170	1.44218135	1.40154970	1.35301828	1.31938136	1.19892561	1.03872454	0.943618476	0.947696924	1.01429832	1.00990725	0.948672712	0.873857796	0.808802545	0.756923795	0.762771666	0.815808892	0.872061789	0.885984480	0.810458839	0.638932407	0.487001836	0.382771909	0.325504690	0.285619408	0.226789400	0.202442855	0.203640833	0.215742901	0.218407214	0.201059669	0.251965791	0.461145073	1.09158945	2.57926345	3.52327371	3.74449301	3.88481927	4.38802719	5.49977064	4.54141808	3.25376844	2.22639871	1.63432443	1.23800170	1.03707206	0.958273470	0.942769468	0.965111077	1.03323722	1.11658168	1.12223506	1.10881758	1.12406766	1.20484161	1.45927691	1.68606389	1.79438257	1.87165928	2.18356657	2.34628677	2.21541190	2.06945825	2.00506520	1.93699443	2.00418186	2.13678050	2.28114629	2.38549161	2.39988542	2.40364861	2.40308595	2.40255952	2.39640665	2.36894178	2.34378672	2.30839896	2.25969076	2.20545363	2.16436005	2.08329797	2.02534246	1.99363506	1.97826993	1.95629358	1.90892518	1.84613609	1.77976930	1.70579731	1.60432327	1.44045484	1.31312978	1.18006766	1.04478872	0.956614077	0.893265843	0.825356841	0.758440137	0.686171949	0.590311587	0.483170807	0.396921635	0.343802720	0.323327333	0.322283715	0.301983654	0.273137182	0.243521795	0.221069053	0.213864565	0.209784463	0.198300540	0.184467971	0.172968537	0.168110654	0.160471946	0.145694688	0.131705031	0.121895574	0.115125112	0.111438572	0.117111541	0.128957301	0.141549259	0.147220999	0.155222178	0.157670528	0.165055141	0.180890888	0.201718450	0.219149157	0.223783776	0.224921018	0.225988030	0.224540308	0.221371889	0.227414116	0.236206964	0.242561847
21.0000000	0.261370569	0.273700118	0.276091069	0.274861336	0.277363896	0.291986972	0.317414016	0.293430001	0.255810767	0.222121894	0.191718534	0.183902130	0.182811096	0.183496892	0.184941322	0.190056756	0.219300702	0.264698744	0.275581539	0.238615155	0.177801043	0.136557147	0.109665833	0.106630601	0.117156200	0.111148678	0.107100949	0.102526277	0.101182401	0.102624916	0.102207378	0.108543746	0.130673140	0.166176468	0.195714414	0.183027431	0.153000847	0.107552372	8.70472640E-02	0.114716880	0.196658865	0.247323975	0.327709436	0.358774632	0.325031489	0.274543971	0.242418543	0.266418904	0.278527439	0.252927065	0.206000954	0.180456623	0.153416350	0.134973183	0.123018719	0.103242941	8.94256458E-02	9.55040604E-02	9.74192247E-02	8.68564397E-02	7.12454319E-02	7.94653073E-02	8.54475349E-02	9.16348547E-02	9.74183977E-02	9.91376266E-02	9.92431864E-02	0.103193969	0.116013058	0.159955695	0.274509430	0.366062671	0.418171912	0.405062795	0.350944102	0.330007106	0.421775937	0.600394130	0.793698370	0.971192300	1.14404643	1.25949633	1.30013931	1.34656179	1.48253131	1.79499686	1.94253457	1.39136934	0.899234295	0.741188467	0.709616065	0.999488115	1.43939650	1.74903905	1.81861281	1.70881462	1.84152365	2.03611422	2.39518738	2.96155667	3.71825051	4.12758160	4.12496948	3.89512253	3.58934879	3.32555532	3.11962199	2.48690057	1.86946452	1.61333287	1.96846735	1.32197559	0.975090265	0.829262018	0.848021686	1.05698013	1.30578327	1.37726772	1.33985043	1.29004276	1.35245049	1.44304514	1.34427261	1.18474841	1.07263827	1.09566033	1.26214945	1.59713173	1.97523487	2.29413176	2.47453952	2.67996883	2.75650549	2.68927312	2.54187322	2.45638394	2.31710052	2.31977916	2.46222162	2.69598842	2.92639947	2.92219782	2.86712337	2.92727137	3.11809039	3.30438304	3.59415150	3.52796507	3.28413010	3.05073023	3.02562666	3.16900373	3.24083424	3.22562671	3.13654327	3.01539969	2.85927629	2.64975858	2.45121598	2.29334044	2.17114305	2.04176855	1.99685490	2.07127285	2.21986628	2.31745338	2.26370811	2.23253727	2.22412109	2.21389079	2.15252805	2.08065438	2.01599407	1.97964895	1.99027824	2.06409740	2.13461661	2.22612309	2.34213305	2.47258568	2.59384370	2.79471922	2.90746093	2.92599463	2.87453604	2.80759001	2.88896060	3.04663491	3.26485801	3.49257565	3.64343739	3.65702176	3.73073983	3.80244613	3.85914826	3.93700433	4.04137468	4.15960979	4.28010273	4.36712313	4.36081743	4.30822992	4.22038221	4.12698793	4.08813858	4.19430399	4.20529032	4.09448051	3.91513896	3.69348693	3.42870307	3.20878744	3.06571960	3.00104833	2.96230531	2.84300518	2.55289173	2.21328688	1.89677048	1.65420282	1.51472330	1.49829030	1.45044756	1.38172019	1.30295527	1.22532177	1.08326948	0.966726899	0.930871010	0.967989743	1.00748289	1.01017869	0.962369144	0.904609799	0.864927769	0.858820856	0.888557196	0.966670454	1.00254071	0.947429359	0.794479370	0.646640360	0.529942751	0.431017399	0.348431826	0.292689800	0.258800656	0.243220165	0.239204898	0.235608831	0.216883302	0.200891361	0.253084421	0.418656588	0.987936854	2.49638963	3.91264009	4.72688007	5.21437597	5.76357269	6.87608957	5.99992037	4.31952477	2.87582326	2.02592444	1.44312429	1.18967640	1.04554379	0.938806176	0.927086532	1.19755113	1.71161747	1.82566965	1.59710884	1.27294958	1.28981829	1.41008341	1.46881342	1.50860929	1.56528223	1.66785383	1.98228419	2.35580873	2.70412922	2.87210035	2.63373041	2.34699345	2.30896211	2.33701158	2.33868504	2.31169605	2.30687833	2.26336265	2.23848557	2.22932172	2.17268229	2.15792441	2.14030457	2.09781408	2.02772403	1.94658434	1.90129161	1.87184441	1.83739233	1.78428352	1.70606315	1.69740164	1.67863786	1.66120207	1.61995816	1.49320245	1.33293724	1.18381476	1.04637587	0.928827405	0.847042680	0.783885539	0.714153111	0.640148342	0.565861404	0.496969253	0.409565449	0.344946563	0.303889275	0.282701164	0.273220628	0.250131994	0.221777260	0.197172359	0.183233038	0.184775233	0.192266420	0.195943907	0.190469876	0.177217677	0.164271787	0.155367881	0.144301534	0.136396766	0.134536818	0.139164224	0.146216780	0.138591200	0.130295485	0.130959824	0.145836696	0.157892793	0.178856641	0.204040810	0.222740382	0.218233332	0.213085473	0.206395790	0.201969758	0.201012805	0.202130213	0.194413126	0.222147390	0.246844664	0.254227012
20.0000000	0.340255648	0.383881718	0.383557320	0.364759266	0.342417419	0.320914924	0.321383506	0.312414497	0.286441714	0.241808206	0.182766482	0.172563732	0.163388833	0.163334116	0.169874310	0.169866413	0.175808668	0.213375881	0.241523892	0.234430537	0.181495890	0.144818991	0.133489460	0.131605595	0.126172289	0.107101336	0.106613457	0.109556466	0.113173828	0.119340450	0.134562686	0.131062850	0.161588416	0.212090597	0.249428675	0.221369907	0.242852762	0.203681648	0.155543700	0.128521577	0.131093308	0.240228534	0.359312743	0.401982814	0.350742847	0.256963819	0.240362853	0.237664267	0.218566686	0.184132800	0.166789144	0.147337079	0.129079416	0.105144791	7.71672949E-02	5.52865341E-02	6.52155429E-02	7.48888031E-02	7.11559057E-02	6.03717193E-02	6.83963597E-02	7.81377703E-02	8.31184760E-02	8.67304280E-02	9.33080018E-02	0.108127974	0.128725618	0.142503023	0.171657100	0.233351439	0.339716434	0.343271911	0.420975506	0.498929858	0.514937401	0.418500155	0.523865759	0.712766230	0.919526100	1.12195647	1.34135520	1.51476026	1.57795823	1.60530031	1.65211928	1.75473034	1.64074171	1.14701641	0.756857693	0.640339613	0.654307723	0.963142931	1.36930430	1.78333950	2.05707717	1.98362696	2.18024993	2.35319257	2.71264672	3.24731040	3.72438765	4.09214067	4.18020964	4.04267597	3.70756960	3.17687297	2.40087247	1.64492524	1.28144836	1.40766871	1.84562135	1.13441145	0.841263592	0.779002309	0.833264351	0.962498963	1.24505091	1.39813292	1.42420435	1.42146909	1.58387709	1.66382599	1.60693789	1.48406148	1.36452973	1.31615949	1.45138371	1.85284650	2.37492990	2.85068369	3.09182572	3.30558944	3.38626695	3.32301998	3.18681693	3.13043523	3.18447685	3.23554540	3.33516479	3.46388602	3.53128600	3.58229804	3.54230142	3.59053159	3.79710817	4.12303305	4.33033037	4.15035248	3.86714625	3.63134408	3.46015978	3.35924315	3.27441835	3.18974590	3.11611915	3.09126759	2.98362494	2.84376597	2.71559572	2.60818291	2.49575734	2.28224993	2.21404266	2.23667479	2.28073645	2.26186728	2.24618268	2.24895430	2.23599100	2.18127656	2.06696892	2.02820826	2.03381205	2.07973623	2.14440131	2.18869424	2.23442936	2.33589983	2.45787621	2.60087109	2.80113769	3.00512028	3.08051419	3.07935190	3.04591155	3.01671839	3.13799191	3.33590484	3.55151224	3.71655726	3.75347352	3.74858141	3.87664318	3.98844457	4.02163982	4.00074863	4.05848932	4.18724489	4.33306932	4.42938852	4.39700079	4.26293468	3.93287849	3.70787716	3.79005766	4.28262568	4.48108292	4.10140562	3.67424083	3.39933872	3.14555454	3.09802294	3.09998941	3.11136222	3.06226492	2.85303473	2.51323819	2.21021676	1.95844793	1.76657248	1.63739264	1.53664303	1.41159666	1.28276467	1.16467714	1.06588161	0.979768991	0.956546545	0.987348914	1.05038583	1.11094224	1.11867011	1.07135224	1.01808441	0.986494303	0.982741177	1.03518963	1.08602679	1.06655729	0.955071509	0.776847363	0.697685361	0.606025338	0.501962066	0.408103168	0.369568735	0.321897030	0.284888595	0.259895355	0.242359713	0.221814573	0.226015404	0.279425710	0.403424084	0.833060026	2.01705456	3.82741809	5.63136864	6.67826080	6.84571886	6.63963175	6.36086702	5.68337154	4.50625801	3.02460146	1.72944033	1.41879463	1.18199885	0.987934828	1.03159940	1.73410487	2.09167504	2.02829218	1.70640945	1.37144208	1.35176647	1.44924510	1.49255300	1.53855169	1.61805642	1.73583722	1.89605772	2.18177629	2.63342309	3.09502101	3.21418619	2.74998283	2.65339994	2.66606998	2.68846440	2.77989507	2.59393907	2.30847549	2.12557364	2.07454777	2.01195669	1.97404110	1.94423139	1.88954163	1.81492066	1.76325130	1.70247853	1.63650286	1.57070589	1.50606036	1.43912804	1.41892791	1.39481103	1.36216640	1.30693913	1.20563030	1.08400548	0.980689764	0.887221754	0.801379085	0.727179229	0.652301311	0.579173267	0.508842170	0.444125384	0.389610261	0.342398733	0.303091437	0.269330055	0.242241561	0.226438284	0.211585134	0.194260448	0.180076420	0.173481107	0.177758515	0.193874270	0.210945293	0.208763361	0.187575117	0.168082193	0.157697007	0.151140183	0.154694796	0.169230655	0.190204471	0.190870970	0.150805414	0.110600851	0.100710116	0.141445875	0.186828002	0.206239775	0.207390070	0.200816825	0.199887052	0.214125097	0.211577907	0.203752309	0.197453856	0.194786936	0.222581193	0.256661862	0.283599705	0.296874404
19.0000000	0.436282277	0.485920161	0.475575179	0.443839580	0.415990382	0.403989524	0.402445465	0.395210445	0.360705525	0.296582520	0.219724387	0.180426896	0.160740435	0.148086458	0.137650773	0.132383421	0.161686361	0.196816772	0.228135556	0.241973773	0.220632553	0.217153937	0.209882692	0.187121585	0.152952269	0.127235085	0.126421481	0.125388741	0.130983368	0.149454415	0.186453506	0.205445960	0.258368969	0.313377500	0.344117463	0.329725802	0.372721612	0.325220942	0.240433350	0.163377658	0.130881861	0.201353326	0.350478351	0.424980700	0.383529395	0.296738565	0.262197971	0.222362548	0.189791605	0.165589705	0.139406845	0.118987285	9.34152678E-02	7.04852417E-02	5.68929277E-02	5.82353212E-02	7.10493848E-02	7.68918619E-02	8.25334936E-02	8.86149406E-02	8.96468982E-02	9.02605355E-02	8.94205943E-02	9.74332765E-02	0.121350482	0.164969862	0.178104788	0.197537661	0.245670110	0.308124632	0.333744496	0.394179016	0.474407434	0.563403785	0.627266407	0.609218776	0.698117793	0.830086052	1.01757586	1.25454390	1.51645100	1.64759552	1.64280999	1.57735038	1.45425057	1.20432115	0.983364701	0.844004989	0.731491864	0.652060449	0.672930241	0.861226380	1.07876730	1.30385590	1.57018316	1.96682608	2.45822358	2.76977539	3.07391596	3.36014032	3.43500495	3.74990487	4.04830170	4.01634693	3.63612914	3.18567467	2.23173380	1.47917056	1.32935035	1.63397455	1.69507849	1.07556510	0.826612830	0.784548342	0.830113709	0.888466835	1.13947427	1.41822159	1.55145788	1.54830289	1.60024762	1.93532729	2.20850682	2.25058103	2.05885935	1.79716480	1.94785786	2.37768912	2.95728207	3.52256107	3.87475419	4.10402727	4.18865967	4.12304497	4.02938318	4.15768147	4.27267790	4.36266947	4.41171503	4.40546274	4.33114719	4.29961157	4.29356432	4.44014311	4.75853109	5.15995836	5.01045084	4.66602087	4.30785561	4.01131296	3.74592280	3.54281068	3.40073204	3.28917384	3.21139979	3.20445037	3.10947204	3.02038169	2.94422340	2.86143231	2.72583127	2.64600062	2.59969449	2.52144456	2.42729354	2.41479707	2.42999816	2.41457939	2.37760115	2.32155561	2.24236631	2.21214986	2.24229407	2.32602882	2.42462826	2.46740985	2.49552679	2.53957105	2.61630464	2.75449491	2.99491334	3.16516948	3.25924206	3.29963112	3.30849385	3.30764532	3.36060643	3.43455791	3.51103783	3.57739353	3.62678242	3.71214318	3.84299994	3.96639395	4.05943489	4.12930346	4.26327324	4.34237814	4.38803816	4.39183092	4.31549072	4.09814167	3.77571583	3.55296230	3.56417871	3.87320971	4.06863499	3.74234533	3.36839795	3.15553093	3.04716444	3.12862515	3.26160121	3.31899333	3.21895123	2.92487192	2.64010191	2.38281155	2.13626790	1.89951193	1.68735969	1.50785100	1.35055721	1.21595514	1.10457563	1.01700294	0.985626936	1.01528251	1.09768319	1.20688117	1.29926717	1.27643466	1.21158469	1.16254818	1.14801812	1.14754999	1.20053935	1.20893908	1.12808061	0.980791092	0.857391596	0.782573104	0.668226659	0.562721431	0.484379977	0.421477765	0.343231648	0.305265456	0.289770693	0.282728881	0.273911506	0.291952372	0.329408318	0.418885708	0.671767831	1.27821445	2.70177650	4.64583206	6.35059166	7.24866486	6.96505594	5.69270468	4.97009611	4.34386301	3.46921444	2.10993648	1.94834185	1.60532653	1.35314393	1.39429235	1.86151326	2.09536433	1.85608721	1.52742553	1.33854532	1.36403584	1.49676824	1.59311795	1.69714332	1.81790197	1.92945075	2.08575916	2.45064259	2.73456812	2.79246736	2.62373829	2.42465496	2.42006254	2.42904782	2.43862271	2.60372472	2.54461241	2.24690604	2.02708817	1.95756435	1.86666346	1.78043711	1.73074687	1.67735016	1.60921681	1.54452932	1.44371116	1.34888864	1.27388573	1.22182035	1.18510461	1.16038072	1.10783541	1.03926063	0.962785065	0.882874131	0.810049295	0.756052315	0.706456363	0.651689649	0.587035120	0.510130882	0.448448509	0.400751084	0.362812221	0.327416211	0.283534765	0.246905938	0.223112181	0.211038679	0.202873617	0.204351887	0.200601101	0.197414011	0.198680043	0.206385225	0.218787268	0.232855558	0.228104547	0.204114035	0.180529267	0.169131339	0.176099882	0.194128200	0.213004991	0.219614729	0.179093376	0.133618772	0.106515400	0.112038665	0.155374855	0.179057240	0.200867623	0.215333015	0.221612841	0.223498866	0.259119719	0.245143205	0.235756740	0.252861053	0.286069810	0.299944878	0.319819272	0.342947364	0.361233860
18.0000000	0.551042080	0.586878419	0.568938196	0.532205284	0.505486667	0.511412382	0.524327099	0.526145935	0.488469213	0.407486379	0.303976744	0.243603125	0.202158898	0.175164029	0.165583417	0.183826849	0.214836165	0.237136275	0.252630353	0.260583162	0.257620960	0.307000756	0.301307172	0.256301492	0.198152736	0.163437948	0.155348405	0.147029787	0.153251350	0.179509848	0.222029507	0.292945802	0.378416896	0.445789754	0.483437598	0.500760019	0.560569346	0.496992856	0.356533498	0.213144243	0.168227881	0.161250338	0.316584378	0.416258991	0.394220591	0.336333036	0.313923329	0.265293777	0.214437574	0.169961229	0.125084624	0.106793277	9.62601081E-02	9.60272476E-02	0.102448456	0.105689086	8.69385302E-02	7.69438744E-02	9.06956047E-02	0.114977159	0.108364873	9.74953175E-02	9.26624462E-02	0.122685254	0.181654736	0.228933856	0.232842416	0.251879126	0.288545460	0.330260664	0.349362046	0.413027585	0.459238380	0.591348946	0.791382194	0.920030296	0.961308658	0.999842525	1.10193682	1.28499377	1.51751161	1.58008027	1.53997517	1.33169830	1.04866374	0.943197489	1.05820179	1.00187135	0.876974165	0.773249924	0.767408967	0.907535613	0.981992543	1.08978736	1.33042264	1.80389571	2.50640702	2.91904783	3.14427781	3.24198437	3.22947907	3.28096056	3.38606477	3.38820267	3.27595568	3.18307424	2.30177832	1.47493804	1.12255967	1.19092798	1.15260577	0.929737151	0.827179790	0.843682110	0.956814885	1.12297082	1.33871627	1.55064571	1.67946565	1.72793019	1.78084171	2.30487227	3.03844786	3.31027913	2.98381734	2.45725012	2.72166348	3.11374402	3.67828465	4.31796741	4.79335976	5.13319874	5.27036572	5.21316290	5.10338926	5.21633577	5.24379110	5.28803396	5.32569408	5.33488798	5.29521608	5.10331392	5.12837362	5.34253454	5.66268682	5.95046949	5.46517229	4.97675371	4.56143665	4.22977018	3.92662954	3.70322871	3.53965092	3.42729568	3.36083269	3.33820200	3.23997378	3.11960602	3.01235271	2.92736697	2.84770226	3.02532673	2.99223137	2.85403013	2.73153663	2.76076555	2.75497150	2.74529672	2.72664785	2.69578767	2.65133595	2.59040642	2.57278657	2.59393907	2.64091468	2.69235301	2.74805689	2.79503751	2.89511347	3.05367899	3.21970487	3.30166149	3.39718056	3.47277141	3.50590658	3.48502326	3.37845707	3.33156896	3.34286284	3.40528297	3.50621128	3.58385944	3.67857552	3.79739308	3.94834614	4.14046669	4.31640863	4.41427994	4.42388964	4.35594940	4.24207449	4.02330303	3.78034329	3.57847404	3.47208619	3.50468087	3.52422285	3.39875889	3.23033738	3.10336781	3.08462524	3.20278740	3.28701377	3.27647591	3.15970707	2.97460127	2.74729943	2.47820330	2.19529629	1.92287099	1.68153191	1.50502503	1.37350643	1.26522541	1.17278492	1.10314012	1.09376967	1.15059805	1.25282717	1.36540389	1.43901992	1.41732776	1.38174796	1.38874233	1.42778850	1.42137730	1.36444068	1.28504872	1.17677081	1.05690646	0.966484964	0.858037233	0.733723760	0.632299006	0.554295182	0.462022424	0.395462990	0.375288993	0.378741533	0.384205639	0.371210366	0.387638956	0.421572655	0.496868610	0.617135823	0.765734553	1.31865919	2.24695134	3.38028264	4.53603697	5.51931381	4.81543303	3.94337845	3.78454089	3.92845583	2.67280078	2.85819221	2.41738653	2.04249883	1.97193027	1.99036956	2.03065586	1.61497200	1.29174399	1.26651216	1.40193200	1.52966499	1.61708117	1.67907119	1.70886755	1.67804527	1.75723898	2.15233135	2.39136577	2.29507446	1.97687745	1.82102144	1.87145996	1.88077188	1.81331038	1.84520268	1.93770719	1.83751178	1.73567533	1.68728852	1.61147356	1.49938905	1.44937730	1.40680110	1.35848570	1.33271980	1.26187742	1.19375372	1.12839139	1.06572688	1.00558829	0.957900941	0.897219241	0.824354947	0.748492360	0.687188387	0.649102211	0.616333544	0.575830519	0.526811540	0.480765194	0.427580893	0.378990114	0.339652210	0.307383925	0.273159444	0.243757993	0.220625937	0.207513779	0.205366105	0.212321788	0.221993878	0.226171643	0.230392203	0.237008676	0.245190158	0.254438877	0.258531213	0.248665169	0.224184960	0.192581117	0.199476168	0.215487272	0.223721266	0.216098055	0.193350464	0.160291895	0.143916383	0.138469264	0.143389046	0.163307533	0.183873579	0.229271978	0.259766132	0.274917662	0.313586116	0.345364988	0.338627368	0.331802696	0.349219590	0.401105851	0.428884655	0.431004465	0.437177867	0.451262683
17.0000000	0.722382009	0.766178966	0.744341075	0.691479146	0.640575171	0.622982323	0.648195028	0.642571688	0.582393169	0.479385197	0.380717814	0.323893994	0.278123170	0.253794283	0.252798289	0.268528253	0.279445708	0.294654787	0.308084667	0.323917836	0.356590420	0.453518301	0.455624014	0.387596309	0.290531009	0.221930683	0.185256794	0.175576001	0.190866724	0.231659085	0.301034808	0.403383344	0.507909179	0.613689065	0.716555119	0.809095383	0.854015470	0.756575763	0.556203306	0.337079912	0.228142023	0.196841508	0.262430161	0.395159304	0.494638473	0.389835477	0.326547116	0.269277751	0.217625499	0.168977022	0.118507445	0.110762298	0.115069441	0.116311274	0.113976352	0.122159362	9.76446420E-02	9.55089256E-02	0.115750484	0.137834027	0.120690800	0.105454043	0.101989157	0.144969657	0.225593925	0.291585207	0.318122864	0.330924004	0.341563195	0.362808585	0.408622116	0.426475108	0.487556398	0.756344318	1.16117227	1.39422846	1.30252230	1.14081216	1.07496238	1.15708005	1.32551301	1.32404482	1.23373795	1.12645996	1.09611511	1.25864339	1.26809537	1.15992773	1.05924082	1.03631365	1.10660481	1.18668759	1.19055247	1.27230918	1.55154562	2.11332965	2.70082164	3.08181977	3.25651693	3.27796435	3.25207186	3.25908661	3.27334547	3.29227614	3.28141046	3.17438745	2.61934948	1.82846677	1.26161468	1.03186715	0.905498683	0.870667219	0.886483252	0.980419934	1.16496158	1.43760431	1.70734155	1.88555515	1.99535418	2.12215042	2.41365838	2.92179775	3.76246810	4.11500502	3.81903052	3.37445474	3.67465019	4.04113436	4.55801535	5.16649246	5.66485500	6.10122156	6.30632973	6.30189276	6.17260027	6.06612062	6.03580523	5.99233055	5.90833235	5.82042599	5.82920647	5.68684053	5.67787695	5.77530718	5.91863441	6.01387310	5.54682732	5.09873867	4.74163628	4.44500017	4.07575893	3.74143839	3.53428578	3.40384293	3.32841516	3.31507277	3.23517632	3.10908961	3.00162649	2.95489836	2.98831344	3.22458005	3.21847796	3.11167479	3.01929331	3.02991247	2.98521996	3.01798630	3.08602357	3.13428283	3.09485626	2.98786879	2.87469053	2.80483103	2.79938269	2.85101867	2.94585133	3.03822708	3.15139222	3.25779796	3.27909923	3.30284381	3.38442588	3.47468686	3.51955962	3.46006751	3.34619117	3.30656099	3.34308958	3.42889428	3.50829577	3.54705191	3.61153579	3.71232820	3.85768223	4.05352306	4.30315351	4.46122217	4.46198750	4.34336233	4.24691343	4.07305908	3.84196091	3.62651420	3.48792577	3.47571588	3.46018004	3.36344457	3.25185990	3.17663956	3.17385936	3.19037819	3.16968226	3.10220361	2.99581099	2.87581086	2.64576530	2.37646413	2.11362195	1.88533640	1.70209026	1.57318664	1.46998405	1.37949264	1.30117488	1.24694610	1.26665831	1.35262108	1.45498013	1.53589547	1.56954181	1.55701685	1.55475914	1.56813955	1.56518912	1.47659779	1.35648251	1.26660669	1.19752944	1.13362169	1.05306780	0.940129519	0.838457286	0.750741482	0.667494893	0.567052126	0.519630849	0.502905726	0.504409671	0.510057807	0.504148006	0.521004617	0.571509898	0.655562460	0.750958622	0.813391745	0.949033976	1.24238980	1.81501484	2.64583731	3.57115769	3.41150832	2.84762001	2.80894613	3.19344306	2.86756921	3.19547391	2.87203145	2.47553682	2.28848267	2.29755902	2.20106697	1.76778698	1.41159439	1.34545743	1.58143723	1.57870114	1.48382592	1.36646056	1.26477361	1.18545544	1.18573642	1.32036602	1.44301331	1.44440544	1.25232887	1.12678778	1.16430092	1.21230161	1.22984660	1.28761601	1.28283310	1.22747600	1.18439341	1.17576253	1.18308997	1.14893985	1.14994085	1.15282333	1.14609647	1.14004719	1.10539746	1.06204426	1.01042509	0.952497065	0.891737163	0.843821764	0.764059424	0.680597782	0.614325464	0.578872323	0.548231661	0.518111110	0.481050760	0.440768033	0.412157416	0.370818138	0.335014582	0.303811014	0.275627583	0.248240232	0.230007261	0.216692090	0.215440810	0.226447180	0.242952555	0.252762496	0.253080100	0.253478914	0.260273397	0.276519150	0.283413351	0.274437994	0.253428698	0.228348613	0.211287975	0.227569833	0.229563713	0.218624413	0.202033952	0.193001390	0.169848219	0.156105757	0.145525262	0.154450595	0.221818298	0.250674188	0.305555820	0.361864865	0.415013433	0.480424494	0.512587965	0.530970037	0.531870961	0.532650411	0.571726739	0.641351521	0.643375278	0.635446548	0.638936043
16.0000000	0.925132215	0.949071825	0.916746259	0.884929359	0.876304507	0.879464626	0.853932738	0.800983012	0.712695599	0.609494269	0.540146291	0.479422510	0.412372857	0.375320911	0.367410719	0.350606889	0.335558325	0.359651476	0.416112691	0.497451663	0.595461726	0.702807784	0.689334393	0.589692175	0.457950920	0.367599279	0.292177767	0.280810893	0.312451512	0.375418991	0.467399448	0.566881180	0.726505578	0.919720709	1.11718166	1.28675115	1.36790061	1.17758512	0.893142521	0.608949602	0.336421192	0.243156537	0.197035939	0.370269239	0.621730089	0.496955901	0.353881747	0.283095837	0.234650627	0.195841938	0.191208929	0.174229294	0.130630583	9.64138210E-02	8.61900672E-02	9.31804255E-02	9.98115316E-02	0.114156425	0.135940805	0.151158229	0.132069975	0.124322549	0.140414953	0.186066002	0.265249908	0.380196303	0.408461809	0.399118751	0.386393815	0.392680377	0.428538173	0.478651375	0.600003839	1.01403701	1.64736819	2.13179088	1.75090468	1.38705564	1.15542364	1.07036602	1.04541719	0.915221274	0.909805119	1.01812220	1.18580222	1.31515098	1.24472892	1.18948400	1.23323214	1.37253296	1.51669109	1.48809171	1.47595942	1.57388103	1.84249103	2.30946970	2.71037889	3.12864852	3.46610928	3.65599775	3.66295695	3.65132737	3.56495619	3.48751378	3.41533947	3.25744176	2.96670699	2.47421670	1.90204489	1.35609710	0.926110864	0.914341927	0.996283889	1.15875113	1.37469828	1.60322142	1.87232435	2.08539128	2.28220797	2.61563087	3.35158920	3.77966595	4.48149586	4.85426140	4.77496004	4.60040474	4.96587896	5.28211737	5.68333101	6.19488716	6.73331213	7.12403250	7.30850840	7.25464916	7.02688837	6.78617954	6.65792036	6.55061245	6.38906765	6.20931482	6.15860367	5.89448786	5.67061472	5.57592726	5.62418652	5.75397110	5.42401934	5.06982946	4.82422733	4.63330507	4.25641870	3.85101032	3.56033659	3.37988043	3.29607034	3.28627825	3.21513796	3.12393570	3.04343629	3.02461076	3.13863587	3.38119912	3.42368317	3.36391854	3.27463722	3.20347309	3.14574122	3.16039872	3.24510288	3.34529757	3.35421133	3.26366520	3.10558891	2.99241185	2.98167801	3.07604504	3.21321011	3.31840682	3.38393569	3.40403700	3.37488699	3.39235020	3.45463657	3.53464031	3.59345984	3.58039618	3.57142997	3.59827256	3.63509130	3.67476273	3.72887540	3.78662133	3.85258961	3.94260025	4.08036852	4.29750443	4.52386808	4.61774015	4.58745718	4.49002266	4.43110466	4.27501869	4.00381041	3.74007010	3.55831003	3.48496222	3.43214083	3.32687426	3.22311473	3.15226269	3.12316155	3.09516120	3.03373027	2.94977450	2.83993673	2.68659806	2.41852927	2.15188003	1.93341386	1.78365183	1.69687295	1.62849712	1.54939878	1.47776949	1.43046618	1.42301261	1.48659766	1.59123254	1.67878139	1.72082245	1.71864784	1.68569696	1.65144145	1.59545410	1.50960648	1.39806879	1.32494771	1.27300167	1.22973371	1.17426145	1.07731700	0.986462533	0.925658882	0.882417977	0.832492590	0.739877284	0.695838988	0.672198474	0.668791473	0.685813665	0.723820686	0.765850961	0.851533949	0.945639670	1.01839244	1.04547024	1.07670391	1.20599699	1.43981087	1.79879487	2.31778669	2.26414657	2.01639032	1.94871473	2.22730350	2.81032658	2.93971038	2.83287430	2.63683271	2.47492814	2.44682860	2.29410625	1.95180082	1.64602661	1.57164919	1.89228582	1.72498405	1.40900719	1.10285711	0.892710745	0.792420864	0.743451893	0.719041526	0.708522975	0.701909304	0.689893544	0.698165953	0.708256602	0.725604415	0.753589272	0.793532014	0.828818798	0.842996418	0.844184339	0.839936316	0.837239027	0.864517629	0.904633164	0.946091413	0.973032773	0.965232909	0.936056852	0.903624654	0.865312696	0.827011824	0.803126752	0.767368674	0.699430287	0.626361907	0.567490458	0.534418881	0.489762813	0.446319371	0.408101231	0.376889914	0.352235764	0.324971408	0.302174628	0.282229930	0.264309913	0.248375520	0.228152901	0.223399311	0.237414673	0.259587914	0.265397012	0.265679091	0.263732076	0.264438808	0.273189723	0.295882344	0.280786127	0.261308640	0.241924778	0.228500620	0.228293166	0.232520536	0.221550629	0.209659368	0.204986706	0.209536716	0.178902075	0.154256567	0.160184756	0.212984905	0.320668846	0.378068209	0.461437166	0.559052825	0.653484225	0.721592486	0.774183631	0.790536940	0.807983041	0.845946431	0.905945122	0.955954611	0.943761289	0.907444835	0.877665758
15.0000000	1.13123870	1.14788067	1.15529001	1.16113019	1.17848408	1.22585344	1.18466318	1.11572969	1.01169479	0.898245513	0.834113657	0.720131755	0.624166608	0.594127238	0.606503427	0.566365838	0.544270098	0.576258242	0.658398032	0.782554328	0.936389089	1.08841693	1.06583154	0.931403577	0.760986865	0.643517852	0.532696843	0.514199913	0.560720205	0.645436406	0.742012739	0.851378262	1.11835957	1.43111813	1.72883749	2.00172329	2.22840571	1.85458970	1.36265314	0.967033386	0.614227533	0.376541674	0.254526436	0.426680148	0.709471881	0.557341278	0.362040788	0.284475088	0.245599225	0.205945894	0.165625334	0.174519375	0.142787561	0.107637912	9.02705938E-02	9.58780423E-02	0.113029256	0.140143424	0.167635471	0.184087455	0.176248327	0.185139194	0.257688552	0.365605265	0.473448426	0.538627744	0.479370505	0.448574185	0.435947537	0.442401022	0.480046690	0.566930950	0.726647317	1.11918867	1.77010357	2.57049680	2.21203184	1.78649449	1.38132274	1.07198441	0.921979189	0.742219687	0.804999292	0.971761465	1.13848281	1.23567426	1.19780505	1.22078037	1.34056664	1.53020382	1.69980490	1.71234083	1.78275764	1.88472486	2.01993513	2.21810412	2.47424793	2.90126944	3.43979216	3.89993739	3.96132088	3.93501878	3.87035084	3.76105332	3.59544921	3.35645175	3.18781471	2.94462299	2.52062178	1.90866780	1.20073009	1.13396204	1.19834125	1.34519958	1.52971721	1.71092236	1.95490372	2.18468213	2.40660596	2.75486851	3.49151278	4.15173960	4.88465166	5.44153738	5.79966688	6.16229486	6.61914206	6.85354900	7.14333725	7.53810692	7.85923004	8.00075912	8.04853630	7.96049595	7.73849964	7.42832994	7.06802082	6.81045008	6.58721209	6.38297224	6.23546505	5.80587339	5.41357660	5.25320625	5.33616352	5.49062252	5.26576567	4.93322754	4.72973442	4.66210318	4.50724459	4.11868906	3.77958870	3.54358792	3.42299581	3.38878727	3.33822751	3.29273558	3.26535678	3.30069685	3.47492528	3.60705352	3.65403461	3.62984824	3.54499912	3.40651608	3.41414142	3.48071551	3.55149651	3.59937787	3.62488961	3.55215597	3.46586990	3.44120049	3.49682283	3.59492016	3.72834945	3.83367276	3.85300589	3.79387212	3.72920012	3.73184657	3.77743459	3.85179234	3.93829608	4.01787376	4.10155344	4.13250351	4.15137672	4.18011379	4.22194576	4.23418283	4.28906012	4.36901522	4.48183537	4.66065407	4.82438850	4.83347178	4.74335098	4.60919428	4.48589611	4.27997255	4.01568079	3.77024269	3.58414602	3.46114707	3.37174082	3.23065925	3.08622622	2.97291636	2.91135788	2.86380243	2.78357387	2.69259715	2.58338213	2.41902161	2.15509534	1.91556382	1.74854767	1.66490793	1.63824713	1.59835386	1.54248536	1.50418425	1.50005114	1.52974439	1.59495783	1.68437433	1.74642134	1.76145661	1.74176991	1.67249107	1.60935271	1.54314256	1.47941184	1.43847561	1.41640759	1.37613213	1.30519593	1.20705438	1.10107338	1.03020811	1.01493764	1.02485538	1.02209806	0.961346388	0.922878921	0.927019954	0.946545720	0.980010688	1.05174816	1.14030445	1.22525895	1.29372883	1.33108544	1.32095563	1.27541029	1.30991709	1.39732981	1.53589749	1.74926341	1.71679461	1.69082272	1.76086223	2.02248979	2.57734585	2.88181162	3.02552390	2.95172000	2.69601822	2.38641787	2.02687836	1.74600959	1.58607531	1.61132145	1.90797818	1.65082729	1.24873185	0.873565972	0.614537477	0.478188306	0.417244971	0.380307049	0.357326090	0.342094779	0.332246542	0.349811018	0.372318178	0.398259819	0.427530110	0.461425662	0.500483274	0.525819361	0.542041004	0.556335807	0.578471899	0.616616309	0.660082996	0.700897038	0.736844242	0.771470964	0.783861458	0.773484528	0.756114066	0.740385354	0.727794886	0.700036705	0.664472103	0.621193349	0.574019969	0.530498683	0.488348007	0.441959441	0.401007533	0.367679954	0.336677492	0.309534967	0.291244984	0.278510958	0.266799331	0.250339627	0.235145882	0.241456285	0.257607788	0.272785842	0.277024209	0.276883572	0.274999529	0.280081213	0.291820467	0.300892115	0.280508667	0.266267419	0.254174978	0.244417503	0.241360426	0.229468688	0.217995524	0.213023782	0.211724803	0.202358499	0.189982623	0.168824732	0.218156353	0.342770100	0.472979546	0.580505490	0.705761909	0.851095319	0.995802462	1.09613073	1.15352607	1.17912352	1.19405019	1.22318470	1.29515541	1.32246339	1.32176280	1.25498462	1.16234493
14.0000000	1.47289467	1.55128074	1.62551224	1.66764891	1.69006729	1.74546242	1.71265030	1.62947869	1.49927902	1.34678793	1.21814775	1.04270470	0.950847328	0.938974142	0.966687858	0.956795275	0.935240090	0.956307411	1.01773417	1.13406730	1.33666515	1.63007760	1.67098236	1.50983894	1.24344599	1.01494050	0.886114061	0.875173450	0.935286164	1.03770757	1.17178023	1.26552773	1.59481585	1.98770225	2.40770197	2.95378709	3.39190936	2.70677853	1.86417317	1.32324874	1.03653562	0.717287004	0.535580635	0.563759327	0.677005887	0.553342879	0.389408618	0.239055425	0.199159890	0.224532351	0.127917022	0.126296908	0.119674116	0.102186017	8.77586678E-02	0.110106789	0.152715534	0.187596381	0.218071431	0.245202243	0.267789662	0.295930058	0.421940774	0.577401340	0.677712083	0.622094095	0.531274021	0.518593848	0.529696405	0.549502909	0.602213323	0.702541292	0.863933265	1.18138635	1.75147808	2.67236710	2.56632161	2.08965325	1.54964173	1.14508843	0.966316044	0.794682562	0.840379596	1.01211560	1.20904601	1.32077312	1.28852165	1.32453680	1.43833113	1.61612809	1.82086158	1.94481814	2.08693910	2.20627117	2.30502439	2.42857456	2.51321244	2.77775192	3.32851720	3.94895577	4.09964180	4.11837006	4.17908859	4.11666155	3.89136958	3.58890915	3.47826600	3.27032614	3.05493903	2.69327354	1.81781590	1.61797917	1.57258773	1.62817895	1.75363469	1.94018149	2.18454695	2.36939311	2.55454588	2.81844306	3.25813460	4.16946411	4.98692942	5.77374506	6.65933847	7.83934832	8.33889961	8.40777111	8.50913525	8.72752380	8.76883030	8.52176189	8.33577633	8.24779606	8.13298607	7.70476437	7.32088470	6.99907207	6.68034983	6.37547827	6.16495800	5.71737242	5.35740757	5.23658991	5.30694008	5.32097912	5.17385817	4.86954641	4.65505838	4.60328579	4.61299658	4.41679287	4.17194271	3.96769190	3.83475852	3.74533510	3.68221164	3.62491560	3.59075785	3.63089585	3.83033514	3.91551280	3.94899535	3.94734621	3.89318180	3.73517299	3.85273623	4.01638412	4.12130785	4.14202118	4.13236094	3.96916318	3.95120025	4.07582188	4.25912333	4.33594275	4.39852333	4.44182587	4.42279100	4.36188936	4.34312201	4.29126358	4.31279373	4.38280773	4.49974108	4.68536615	4.86117697	4.91284132	4.92449093	4.94242954	4.97513390	4.96528149	4.98984289	5.02245235	5.04772806	5.06126833	5.08263350	4.98183966	4.77294350	4.51233196	4.29872465	4.13008738	3.91639781	3.69958210	3.51118541	3.37237048	3.25550938	3.11337399	2.98635602	2.89409447	2.83547592	2.73629594	2.63364625	2.52565908	2.39026213	2.18518162	1.93699300	1.74408364	1.63304877	1.59241021	1.57261848	1.51684284	1.48711228	1.48675954	1.50838935	1.53387868	1.59554160	1.66580498	1.71298039	1.71460819	1.65745783	1.59215069	1.57349265	1.57156754	1.57140410	1.57297504	1.55363858	1.46433508	1.35812330	1.26399899	1.18689573	1.16921401	1.20210886	1.23355591	1.23696232	1.21116579	1.20052946	1.23631847	1.28727269	1.34513688	1.42466092	1.50417638	1.56607211	1.57355797	1.51512158	1.40452766	1.32585275	1.31099737	1.33971798	1.39675009	1.47180903	1.53845692	1.67377663	1.85047293	2.08818173	2.45347047	2.87790704	3.35543966	3.43066287	3.05035162	2.56346798	1.69287181	1.27919328	1.20828223	1.36108899	1.61366582	1.32182717	0.966878116	0.638744652	0.398032933	0.276029795	0.231871679	0.199634522	0.175407052	0.157832190	0.148107097	0.153597966	0.160921812	0.170650065	0.186145261	0.213560939	0.248120964	0.282057732	0.309236795	0.332715958	0.364745617	0.415939480	0.473132193	0.531051695	0.594077349	0.676239908	0.732727051	0.751685739	0.748668849	0.732506752	0.705307186	0.677078843	0.659581840	0.633648694	0.594693244	0.552710414	0.519150317	0.483198673	0.444868803	0.402107537	0.350795537	0.319575846	0.298839986	0.282085359	0.264983147	0.245378226	0.242267638	0.248342976	0.259822994	0.272880256	0.283641070	0.287741750	0.292326748	0.302220196	0.312368900	0.307841718	0.306257486	0.308321238	0.301487476	0.284219235	0.265987933	0.242928013	0.231881157	0.223663971	0.212473273	0.195886016	0.196865261	0.186891258	0.282018363	0.503234863	0.776462793	0.926941514	1.12828553	1.34672844	1.54773664	1.69600677	1.72748315	1.68988621	1.65884817	1.67236519	1.73079574	1.79829705	1.84037316	1.75279009	1.59621453
13.0000000	1.98562622	2.09024930	2.18836045	2.24936152	2.28924489	2.37059450	2.43413687	2.30957747	2.09408617	1.86297846	1.66971827	1.52822852	1.42959785	1.38984060	1.39560282	1.40416360	1.36811793	1.38585305	1.44365382	1.55684161	1.76977444	2.13068795	2.27529001	2.16675830	1.88917804	1.64754152	1.37129223	1.34606123	1.47217059	1.66666985	1.86333895	1.96158886	2.30982280	2.72284913	3.27264857	4.28837395	4.55491495	3.43204618	2.29585099	1.71756268	1.46356714	1.06703961	0.767600417	0.542705417	0.371551543	0.235076383	0.175901040	0.143037379	0.162219405	0.188771158	0.107606642	0.108664989	0.107036471	0.107071266	0.120200336	0.164935589	0.212883770	0.252566278	0.290260226	0.336311072	0.405133069	0.490275681	0.575094163	0.643086791	0.672067225	0.634164214	0.619610608	0.617707789	0.634526253	0.684217572	0.789014161	0.923575819	1.08755708	1.38236547	1.91483021	2.79720235	2.85495162	2.33867812	1.72294605	1.29040670	1.13179934	0.989575982	1.04323280	1.19817221	1.39680576	1.61855423	1.52900398	1.54434526	1.66725373	1.86721766	2.08053684	2.19674468	2.34555078	2.48358822	2.59834051	2.70814204	2.66624331	2.79935479	3.25964308	3.80215406	3.78481317	4.02123690	4.39576674	4.57111931	4.42786932	4.06444740	3.84734869	3.60366321	3.43858194	3.17809939	2.36901045	2.16498590	2.08061361	2.07990789	2.16463184	2.37429833	2.51690459	2.64311767	2.81884289	3.06489682	3.35700989	4.18116283	4.70008183	5.34229088	6.56488657	8.85353947	9.43722343	9.25766659	9.04352474	9.07360172	9.17684078	8.95299244	8.67041969	8.35764408	7.99581766	7.51871634	7.28850269	7.06540060	6.82571745	6.57646608	6.35536480	5.99740076	5.74382830	5.63742399	5.61606550	5.51273108	5.38205957	5.17786312	5.02604723	4.95669317	4.90405464	4.73084784	4.62775040	4.54342842	4.44991732	4.34261894	4.30539322	4.27185917	4.20760059	4.15396786	4.22807407	4.48682404	4.58141279	4.55305195	4.46412849	4.39821053	4.54128933	4.70829582	4.80043316	4.78151035	4.67794275	4.56306505	4.66040182	4.84746504	5.01607990	5.07238579	5.01828098	4.91856575	4.86937857	4.89578485	4.95177698	4.90406847	4.96302700	5.01300049	5.06799269	5.27167416	5.58232832	5.75152016	5.82187223	5.83708429	5.84193420	5.72708464	5.63591051	5.55931330	5.46200228	5.28249216	5.09401464	4.88505983	4.64467239	4.40838194	4.25820208	4.09077549	3.86171603	3.63316631	3.43162537	3.24794817	3.11535192	3.02931380	2.98825312	2.97162700	2.93993187	2.78830504	2.67073584	2.53759170	2.35486531	2.10417318	1.88935947	1.75303304	1.67280483	1.62248337	1.57207346	1.51867807	1.50910437	1.52816892	1.55937862	1.58493030	1.63132882	1.67527020	1.70809448	1.71917164	1.69590235	1.69145918	1.72188425	1.74429607	1.73625767	1.69577718	1.60686958	1.49780226	1.40971303	1.35822821	1.33346319	1.37665069	1.41650867	1.44542980	1.46324623	1.47723007	1.49083173	1.52557576	1.57127142	1.61878765	1.66005456	1.64837098	1.64487112	1.58746314	1.46646762	1.32461715	1.26429963	1.25762522	1.27616572	1.30425978	1.33901262	1.40190732	1.51999164	1.64333880	1.76590991	1.92555451	2.15995979	2.42849636	2.41493917	2.04878020	1.50523090	0.899804175	0.572600543	0.591427863	0.867348075	1.15467668	1.02654910	0.756416559	0.473415583	0.267177850	0.187830344	0.159380034	0.141323954	0.129221916	0.120362453	0.113762945	0.125364378	0.137943342	0.146916315	0.149867013	0.146546364	0.147132903	0.165056005	0.188227147	0.215925440	0.258797824	0.343646824	0.455598563	0.570164680	0.672730386	0.758554041	0.844737053	0.834640741	0.796046972	0.765980184	0.750707507	0.720662296	0.707886457	0.686376035	0.646006584	0.592533350	0.557991743	0.523034990	0.479882210	0.427241445	0.370310217	0.337276965	0.314817399	0.288032800	0.257479131	0.239166677	0.241147161	0.251002908	0.264799863	0.278297096	0.286946267	0.289189368	0.295511484	0.307183474	0.317142606	0.309992552	0.320687234	0.338182718	0.343836635	0.331894696	0.309490293	0.276478678	0.248072103	0.222887024	0.206609026	0.211992815	0.209736034	0.222377032	0.387657046	0.754155934	1.28129208	1.53159630	1.84558117	2.15410399	2.39889002	2.53253102	2.46769571	2.39915419	2.36499023	2.37516689	2.41152883	2.41241407	2.39399958	2.28518987	2.14061165
12.0000000	2.74336100	2.76948786	2.81922293	2.86234593	2.90875196	3.00845051	3.22226644	3.04822016	2.67740369	2.28294349	2.02000237	1.95979679	1.88365293	1.83406401	1.82612205	1.84751761	1.79865420	1.83411717	1.93153059	2.08192730	2.28974938	2.60928297	2.75304675	2.69281840	2.49508214	2.32102990	2.01756358	2.05258870	2.30940104	2.66291595	2.97967124	3.06606388	3.32783079	3.70710611	4.35700989	5.64165115	5.27021360	3.88466311	2.68942928	2.10492778	1.76756048	1.29545665	0.936254680	0.595076621	0.303613245	0.220123708	0.170373708	0.129898712	0.100682512	8.39304402E-02	8.00692290E-02	0.123181850	0.140455395	0.160868436	0.199998751	0.260023326	0.289320111	0.332357764	0.389591843	0.465285480	0.567509592	0.719238043	0.782327712	0.780459344	0.749637008	0.738187313	0.739946246	0.731520176	0.744370461	0.800890684	0.914406240	1.10227668	1.30684280	1.57661569	2.01957726	2.80318141	3.25329709	2.78122234	2.05753493	1.49164808	1.23180985	1.27535701	1.34459007	1.45627666	1.65055084	1.99091351	1.96711314	1.92420995	1.97841692	2.14649487	2.34575033	2.45032787	2.52685332	2.57741046	2.63259697	2.75152087	2.66698885	2.83774233	3.20759130	3.44016623	2.91891575	3.15320230	3.69417238	4.34370518	4.74083614	4.36175489	4.12859392	3.90998626	3.68525743	3.33239746	2.62806106	2.51763439	2.49224257	2.54024959	2.65147042	2.81717110	2.80338645	2.90710068	3.10703278	3.36984181	3.65012503	4.18864250	4.73848915	5.48116207	6.74822903	9.02133179	9.43023205	9.25671768	9.07926846	9.10737801	9.18155861	9.06007004	8.79471397	8.39420128	7.93273497	7.55001497	7.32696962	7.14057684	7.06936836	7.04071236	6.83081961	6.52574205	6.33592653	6.26026249	6.24332094	6.17535162	6.14496136	6.09870195	6.02157927	5.88206482	5.63209200	5.25682545	5.08308601	5.09466553	5.19259119	5.19513035	5.10241652	5.03902912	4.93452835	4.82611847	4.85864544	5.17333508	5.33703613	5.33969355	5.24965429	5.21367073	5.33524132	5.38960218	5.36127567	5.27855158	5.21348143	5.26749897	5.42733812	5.59034967	5.69149923	5.70336342	5.54441357	5.41241503	5.36474609	5.38373852	5.37668037	5.40200043	5.49675131	5.53251553	5.53985977	5.70833063	5.98654270	6.17571449	6.28691578	6.30342865	6.18075371	5.96362543	5.81060457	5.67247915	5.49165440	5.20215893	5.01953554	4.81916714	4.60931587	4.41427469	4.27437115	4.07641935	3.84516740	3.61961675	3.42651772	3.28036880	3.17192507	3.11826372	3.11303115	3.11341095	3.04012299	2.88961101	2.81233621	2.69396996	2.49579883	2.25472760	2.09034753	1.97127044	1.87879515	1.80698311	1.76265883	1.73384595	1.71112394	1.71357620	1.73250282	1.73142087	1.73721385	1.74354076	1.76560724	1.79663479	1.80786073	1.84495270	1.89881146	1.91855025	1.87663233	1.76887119	1.68734634	1.60999382	1.55865252	1.54649830	1.57804477	1.61958849	1.63086009	1.62554324	1.62280703	1.64730632	1.64734077	1.63751256	1.62194097	1.59905875	1.56161165	1.48686647	1.40776634	1.30098987	1.17085588	1.04932356	1.00643861	1.01962066	1.04941046	1.07183599	1.07841372	1.10353410	1.15941870	1.21185970	1.24222720	1.24746954	1.26628315	1.23023319	1.13291848	0.967098653	0.724693596	0.498728991	0.324183881	0.299456269	0.500743628	0.982042432	0.921968222	0.692544520	0.453467816	0.291049659	0.218216792	0.189269558	0.177423209	0.173781693	0.168833792	0.152453020	0.197930411	0.386289358	0.484811187	0.459287584	0.474020362	0.440648317	0.406054229	0.372140557	0.349895239	0.359391659	0.366353869	0.462858111	0.622594893	0.790817440	0.884341717	1.01894403	0.997203231	0.943568468	0.911944866	0.885695398	0.828233838	0.780093908	0.736990809	0.691074967	0.630932808	0.583045542	0.546039224	0.505506337	0.457418978	0.408128589	0.375260085	0.346983284	0.314701676	0.283176601	0.270527333	0.281221807	0.301903605	0.324854642	0.340231806	0.336066693	0.320445836	0.317164928	0.328940421	0.348267049	0.357418120	0.373322070	0.393623561	0.403848886	0.398555964	0.381333977	0.344625086	0.316123754	0.296265215	0.287344575	0.293516845	0.309116304	0.349796981	0.501287758	0.886037409	1.66321468	2.23387218	2.71329832	3.08288884	3.33530664	3.47448206	3.39933825	3.38259172	3.39687276	3.37794590	3.22470593	3.05737448	2.96466351	2.88545394	2.81751800
11.0000000	3.44848728	3.51810026	3.56945562	3.58783078	3.60421443	3.69530749	3.97214890	3.85033941	3.49616480	3.09322071	2.84241343	2.66197991	2.58169365	2.49573016	2.39781308	2.38121915	2.39232445	2.41963005	2.50280762	2.65039682	2.83980513	3.06490254	3.12563801	3.11505866	3.07489705	2.99556971	2.84751749	2.96219635	3.21245217	3.48628592	3.68685293	3.87337232	4.08730984	4.51818609	5.52750349	7.64875031	5.85135984	4.14134645	2.99605632	2.39105225	1.80011308	1.38420618	1.10163105	0.789432406	0.435008436	0.176109493	0.178562313	0.249727845	0.299976885	0.310186028	0.331737339	0.216765806	0.183568999	0.203726768	0.258093745	0.336799264	0.362729281	0.402300745	0.465927094	0.558639646	0.680087268	0.834446609	0.954321623	1.00242984	0.982168972	0.937618077	0.917582810	0.883786857	0.869240284	0.897993326	0.985136688	1.16015184	1.41948783	1.72446346	2.11894679	2.72935319	3.41277933	3.10472846	2.37246466	1.71769500	1.57657278	1.49234378	1.50883758	1.60498321	1.79543710	2.13058090	2.43324566	2.46176219	2.44063282	2.47547078	2.55300164	2.64967847	2.70615005	2.70733714	2.69222140	2.75384569	2.65415716	2.85134029	3.14943576	3.17464995	2.37535572	2.46044970	2.85956597	3.49417734	4.07190466	4.08651543	3.72868395	3.37078953	3.00357294	2.66098356	2.42018175	2.56738567	2.72865033	2.95432591	3.20237708	3.33838391	3.24357891	3.30805278	3.51057220	3.81028223	4.14670706	4.68860626	5.46062374	6.32749701	7.33215380	8.69571590	9.07897282	8.98305988	8.93116665	9.04944038	9.06699467	8.89893627	8.63578510	8.26811981	7.84931517	7.49554110	7.27186394	7.06729507	6.95825529	6.91826725	6.81795835	6.70267773	6.84817934	7.03346777	7.16636372	7.28350449	7.39532995	7.39356947	7.27668238	7.05115032	6.73146725	6.29859686	6.00840139	5.91013718	5.96344757	6.03835917	5.84951067	5.72161055	5.69276524	5.74649239	5.81172180	6.07509184	6.23857594	6.20795965	6.03095913	5.89722157	6.04549122	6.12866879	6.07164717	5.93531132	5.91654253	6.06087542	6.25489140	6.43626881	6.50481033	6.32243729	6.11510706	5.97592115	5.88192797	5.83237457	5.84870768	5.86825657	5.94798040	6.02523994	6.07909346	6.13029385	6.28257227	6.46919203	6.48763657	6.27055168	5.88574314	5.65057755	5.53799105	5.43074751	5.29755259	5.19305944	5.07379007	4.88677454	4.70726013	4.56228113	4.43065548	4.22912645	4.03805685	3.85366654	3.69984722	3.62816405	3.59900498	3.51408815	3.41761208	3.31102085	3.15300441	3.06096172	2.96688151	2.83316898	2.67603469	2.56549859	2.45467353	2.32520366	2.22523856	2.17043018	2.14393306	2.11207390	2.06083798	2.02413988	2.00829816	1.99203730	1.95627511	1.93468428	1.94487584	1.97828710	2.00018215	2.03716636	2.04686832	2.00871134	1.93515050	1.87167442	1.78683972	1.73123026	1.71996737	1.75254250	1.81282055	1.82161653	1.77467060	1.70935500	1.66502666	1.68302679	1.65098119	1.58693480	1.48747504	1.36528146	1.24912751	1.16191828	1.09507537	1.01828945	0.934603989	0.880415320	0.851299286	0.855980098	0.855705202	0.837409198	0.813712597	0.812021017	0.843185067	0.896357000	0.958464265	1.01420915	0.922707200	0.809133112	0.704105020	0.613210142	0.517003953	0.502911210	0.463867694	0.417883545	0.523768485	1.08113194	1.05434430	0.924867451	0.697814107	0.458234519	0.371117204	0.362700313	0.379452407	0.393423975	0.449484706	0.665324032	1.03589153	1.17392457	1.15560651	1.12119508	1.27502310	1.36949718	1.02432013	0.737976015	0.647610247	0.529029846	0.576090693	0.783211648	0.894436955	0.896042228	1.01653421	1.24266326	1.25787294	1.20603848	1.14658892	1.05450761	0.937858820	0.859139085	0.800764918	0.745421588	0.676064014	0.610793412	0.569270611	0.536966562	0.506022930	0.475253195	0.436352968	0.413940132	0.393486112	0.376864910	0.382352531	0.397076160	0.431280255	0.466130644	0.485832632	0.477631241	0.452870667	0.439827532	0.440435737	0.449469537	0.454543352	0.472515941	0.493820965	0.512515724	0.529368401	0.551858306	0.555026829	0.583699882	0.636068821	0.689185858	0.698965311	0.673535168	0.716795623	0.861432493	1.19157457	1.84279442	2.88028955	3.54277086	3.91803718	4.12755919	4.32648087	4.28820133	4.40881443	4.45252562	4.31720495	4.03439140	3.84580493	3.68817472	3.55609250	3.46845341
10.0000000	4.15070486	4.27626848	4.25703335	4.21490479	4.21889448	4.28512478	4.60729742	4.49679041	4.22576952	3.96026874	3.76018739	3.42152047	3.21489406	3.11939049	3.07970262	3.00613284	2.96328855	3.02454925	3.16041636	3.36581326	3.66008091	4.10456371	4.17123938	4.14472914	4.13638687	4.08429956	3.79759765	3.74528551	3.84655643	3.99788189	4.07301188	4.35393190	4.59830761	5.32045031	6.73086786	8.73626709	6.23687315	4.46950817	3.30226421	2.49397922	1.69423962	1.30849874	1.11172700	0.922573209	0.696921468	0.527890384	0.480583996	0.465950131	0.484168619	0.515671968	0.521145165	0.317621112	0.259324163	0.283040702	0.345518202	0.423465073	0.469457448	0.517709553	0.581751883	0.673845947	0.804983318	0.942228019	1.10356843	1.20289314	1.20489383	1.12506485	1.08044100	1.05842495	1.05481768	1.07405794	1.12922251	1.24329364	1.48515809	1.77357662	2.12700391	2.66358948	3.48442936	3.21765757	2.52632880	1.86238992	1.46667933	1.47715580	1.57477105	1.74470019	1.96342599	2.19873905	2.56765175	2.74872351	2.80413890	2.79208016	2.76672339	2.75075412	2.76489997	2.80562186	2.84673262	2.83939672	2.69725537	2.85540056	3.09004402	3.05785298	2.29595160	2.26321197	2.43874502	2.67353058	2.89976192	3.13084793	3.00953889	2.73495340	2.49655008	2.38357973	2.38508439	2.50972772	2.76561022	3.18614173	3.64472508	3.85475683	3.72675729	3.74748802	3.89144945	4.12699127	4.41630888	4.65841246	5.32977200	6.03714895	6.78094435	7.95520878	8.91678905	8.88776398	8.69273186	8.65612698	8.60222340	8.36066818	8.10950756	7.83471537	7.56658602	7.37972927	7.12258577	6.92213297	6.78105402	6.68455887	6.60038328	6.59729862	6.95549917	7.48455334	8.00824165	8.36455059	8.50835609	8.51310062	8.34254742	8.01143169	7.58545971	7.28292131	7.08596516	6.93683720	6.86891794	7.00672293	6.80474758	6.59383917	6.53449821	6.63990879	6.77593613	7.06233835	7.26745081	7.26095438	7.07898474	6.92413139	7.00214624	6.97805977	6.87516403	6.76102686	6.74749136	6.95618010	7.22342920	7.31047297	7.15351534	6.86373997	6.74670362	6.64344358	6.52879429	6.43317032	6.44256115	6.42464876	6.37731314	6.39059210	6.47265196	6.54978800	6.62206030	6.64522314	6.47646904	6.11907005	5.72237349	5.44626093	5.29437494	5.19860315	5.16347837	5.26617336	5.22498465	5.03569984	4.89699507	4.84912205	4.77390766	4.59521580	4.41470480	4.25975561	4.15760899	4.13536930	4.05073690	3.92695451	3.76115417	3.58196640	3.44951963	3.36687803	3.25649691	3.13608932	3.03300810	2.98424649	2.86389589	2.76159191	2.68500876	2.64339614	2.64758039	2.60890269	2.56794858	2.53542376	2.50399399	2.44828534	2.34988260	2.27549338	2.24678731	2.25563121	2.26408601	2.22877765	2.17187309	2.09415245	2.00742650	1.93454027	1.85016131	1.80499589	1.80596960	1.84200943	1.88404441	1.85402155	1.74526072	1.64116216	1.58512592	1.58055425	1.53900373	1.43454564	1.30163848	1.15912843	1.01024985	0.914235890	0.885584652	0.878040612	0.870634854	0.867686272	0.871439755	0.868846178	0.860418737	0.843375623	0.811639905	0.836634338	0.876848161	0.955111384	1.04569292	1.07430112	1.02676082	0.941174269	0.856600940	0.789839625	0.735428631	0.792891800	0.813054502	0.688284636	0.630845666	1.17289770	1.32100379	1.35548007	1.18647397	0.905368626	0.784782767	0.901346326	1.01432192	1.22179532	1.58986390	2.15263796	2.09216118	2.08453345	1.97188997	1.76146460	1.62559092	1.55700338	1.39294696	1.29362679	1.28456783	1.25661600	1.45038545	1.66523135	1.60905266	1.31873441	1.16014695	1.53313303	1.65942037	1.65708244	1.56689405	1.35232997	1.16720414	1.05459440	0.966219723	0.880977571	0.804944038	0.729167521	0.689054966	0.655281126	0.616531730	0.579503000	0.575668514	0.585384130	0.595339179	0.602014720	0.611683428	0.626899540	0.653288424	0.669490397	0.673239410	0.681363404	0.666044176	0.645105004	0.625144839	0.614561319	0.623550296	0.655275941	0.678451598	0.709685922	0.770867288	0.889164448	1.01741374	1.14872360	1.28019547	1.39930809	1.48391855	1.55765033	1.69731367	1.87312090	2.13017893	2.58848953	3.69495749	4.51177168	4.90729904	4.97289658	5.02290773	5.03996181	5.15595865	5.09140491	4.87224483	4.82985735	4.62267017	4.33415699	4.12338114	4.04393435
9.00000000	4.59112167	4.74637890	4.71616077	4.62743568	4.56455374	4.56924725	4.66003656	4.59299946	4.44349909	4.27936172	4.16087484	4.12677574	4.02288342	3.94780374	3.91777420	3.86666512	3.69274855	3.67645836	3.83431149	4.18073654	4.72807312	5.69072056	6.22547483	6.33965206	6.13656664	5.81552839	4.96100712	4.44805145	4.30385923	4.45270061	4.71591902	5.05901289	5.68839836	6.92901850	8.47968006	9.41305637	6.82426214	5.03020287	3.66068220	2.56533456	1.81362081	1.59475076	1.46782577	1.28923726	1.03085744	0.780038714	0.678338885	0.578575373	0.528404891	0.531983376	0.549965680	0.384307623	0.340459138	0.370892972	0.441243857	0.530308425	0.665940166	0.763719082	0.854949832	0.961206555	1.09433234	1.18509936	1.31332850	1.39344800	1.38406193	1.28794956	1.25963223	1.25819564	1.28293705	1.32596850	1.37221789	1.44526350	1.65925825	1.92381954	2.17423034	2.37143826	3.06356168	3.05085707	2.64447355	2.17901254	2.01252961	2.04298067	1.96608651	2.01955914	2.25022650	2.51403308	2.68428779	2.82658410	3.01203823	3.17308021	3.10345221	2.92472625	2.84181619	2.82360983	2.82865500	2.80515718	2.66393113	2.79620075	3.01230359	3.01564741	2.40270758	2.20121789	2.13222289	2.09559703	2.07122755	2.11901569	2.17541599	2.20122075	2.22601891	2.26735425	2.33072543	2.45274973	2.77508354	3.29481554	3.86263704	4.18284130	3.98958445	3.99744320	4.15070677	4.36597443	4.53215408	4.79592466	5.25300598	6.08512735	7.14821529	7.97239065	8.76587582	8.41096783	8.06847000	8.12281227	8.18205070	7.92811728	7.71815825	7.54805517	7.40099859	7.24748611	7.03576803	6.84135771	6.74933863	6.74871111	6.73238611	6.76224852	6.94072056	7.40327168	8.14131832	9.00222778	9.36089516	9.41347313	9.34084511	9.16998100	8.77393723	8.27852058	8.02889156	7.83093071	7.67441750	7.73302126	7.70080280	7.48337317	7.34025192	7.35753489	7.44789124	7.72783995	7.97736979	8.06506062	8.02475166	8.05554485	8.14108086	8.04758930	7.92259312	7.84193850	7.80980635	7.93057489	8.04836559	7.96887350	7.68912172	7.39746046	7.31413603	7.25579071	7.20377731	7.16271830	7.16050291	7.05099535	6.93753338	6.89233589	6.92697287	6.99236393	6.96426392	6.86491251	6.67469215	6.42891026	6.21780586	5.84308529	5.50796127	5.31745005	5.29986715	5.40682268	5.47195721	5.46977854	5.48664522	5.52914000	5.52407169	5.43037081	5.25142574	5.09011173	4.98942280	4.93246841	4.69339991	4.52522039	4.34680557	4.16129494	4.05608988	3.99421263	3.88973379	3.81962347	3.77992153	3.68573499	3.54926348	3.44844079	3.34731627	3.25550032	3.22816181	3.20526481	3.14750910	3.07470727	2.99353170	2.89751458	2.79788494	2.67575908	2.58171916	2.52999306	2.49845243	2.39164972	2.31432414	2.21803117	2.10493827	2.02782440	1.95855832	1.91067874	1.88789248	1.87894309	1.85761213	1.79286575	1.67650068	1.57726479	1.51723492	1.47181666	1.43307185	1.34445369	1.23360252	1.11696112	0.999774456	0.938077569	0.912649512	0.909354508	0.926393270	0.974303484	1.00922787	1.02400458	1.02991068	1.04008925	1.06954861	1.12769330	1.16906214	1.23711443	1.33205783	1.41084778	1.40505719	1.34656847	1.26829684	1.18442869	1.09042037	1.01151896	0.928056419	0.834545016	0.737396359	0.654920101	1.23637247	1.47156096	1.71892321	2.12704825	2.63467741	3.49700594	3.51968455	3.37746334	3.42733788	3.70854473	3.32518697	3.12917495	2.84748554	2.52466440	2.52282572	1.99348259	1.59301579	1.37482464	1.35880661	1.53135550	1.73472607	2.06829906	2.25876689	2.17953181	1.85070622	1.87149084	1.93053925	2.00341129	1.99767184	1.75289118	1.54436445	1.41886079	1.32018566	1.23083568	1.17199862	1.12085545	1.06911743	1.02113056	0.974097967	0.918079317	0.928093731	0.948009551	0.984748363	1.03265369	1.07349062	1.05934048	1.07741845	1.11167669	1.13510895	1.10975075	1.07203484	1.00993073	0.969173253	0.976351559	1.03891087	1.05256808	1.06496239	1.11076355	1.21549463	1.39553428	1.66185415	1.91417849	2.16628146	2.44293714	2.77992129	3.15665889	3.52097249	3.77577591	3.93435168	4.12034750	4.67454576	5.21414328	5.65606928	5.85686207	5.61267090	5.42206097	5.47493267	5.36219215	5.11097145	5.18462420	4.88683462	4.55780745	4.39871550	4.41465759
8.00000000	4.33504009	4.52302408	4.60367060	4.49687243	4.26961279	4.13597488	4.32377291	4.57765484	4.72035265	4.67544985	4.46737909	4.40245438	4.59300184	4.86552143	5.02638197	4.86182022	4.30939960	4.25915670	4.57990599	5.12052870	5.70997047	6.82910538	7.40188313	7.53601980	7.36717892	7.05897045	6.30115891	5.66769695	5.34434462	5.31470776	5.36024475	5.90255499	6.73325109	8.04464531	9.37891579	9.62811089	7.27030516	5.36731291	3.72457767	2.37554002	1.58163786	1.55592489	1.57090580	1.42917192	1.12906516	0.864677906	0.802734733	0.760065734	0.726569831	0.677978456	0.575854778	0.468273103	0.456086099	0.518099010	0.627052784	0.749624312	0.928462446	1.07151437	1.19702709	1.31103957	1.40738189	1.47810435	1.57322001	1.65315950	1.68813717	1.65815067	1.63099718	1.64427292	1.65880346	1.66139114	1.66481447	1.79366708	2.01079059	2.29672003	2.55540180	2.61419344	2.83691502	2.90841675	2.82162786	2.71564388	2.87572789	2.88734508	2.49788547	2.30300903	2.47129989	2.74426937	2.79087543	2.83153677	2.95368886	3.13721919	3.25446343	3.12715077	2.93320894	2.74833345	2.61362123	2.53556705	2.40420961	2.51648259	2.75064516	2.93148875	2.83033967	2.34715629	2.12101102	1.99670279	1.89976799	1.83648145	1.94295704	2.05633879	2.17922425	2.29084063	2.34704351	2.44729805	2.75590086	3.30535960	3.91245437	4.17823887	4.06288481	4.02888298	4.15867662	4.44404316	4.78608847	5.33950043	6.08764696	6.89136744	7.54665089	7.78464222	8.01961708	7.60599852	7.31737423	7.40947771	7.62018299	7.26801968	7.10047007	7.06458712	7.10586405	7.16823101	7.07380104	6.96757126	6.89229345	6.88600731	6.98204136	6.92622042	6.99988556	7.31180096	7.90241480	8.74385643	9.53261280	9.85635471	9.92404079	9.85444641	9.67617130	9.29996395	8.95058441	8.70712376	8.59319305	8.57693768	8.49277210	8.37614441	8.37412453	8.49134731	8.59002018	8.51707649	8.63766479	8.77314281	8.87571812	9.02843475	9.24743366	9.35011673	9.33959198	9.24681473	9.13058472	9.06368256	8.97603989	8.80390072	8.55752945	8.32121849	8.36091232	8.39053249	8.36494446	8.25984859	8.07177258	7.92221260	7.91407919	7.96400881	7.98614216	7.89212465	7.68757105	7.52423811	7.40066099	7.27635956	7.07184792	6.67647696	6.31299973	6.05385637	5.95990229	6.08040667	6.34536552	6.39680910	6.38759613	6.44366646	6.66404915	6.75839853	6.64425373	6.48741722	6.34041166	6.14247751	5.83187485	5.56772518	5.34308100	5.18955135	5.17730045	5.15379000	5.09279823	5.03781271	4.97552061	4.83580399	4.59771013	4.52625990	4.48779345	4.40636015	4.26371622	4.08921719	3.91605020	3.75312877	3.59666681	3.43018031	3.30098581	3.15717721	3.01998162	2.89585519	2.77648520	2.64687681	2.58405137	2.51478505	2.42064285	2.33798027	2.27450442	2.23999763	2.18235993	2.09450436	2.01435637	2.02378488	1.96453834	1.85705614	1.73656154	1.65306318	1.57630074	1.48247933	1.39698768	1.33081067	1.28052855	1.23444128	1.19100022	1.16863441	1.18017220	1.23283970	1.31262565	1.36002493	1.38443422	1.41072094	1.47922194	1.55630231	1.63043845	1.74456084	1.89400506	2.02651191	2.07198977	2.03827786	1.94395173	1.81207621	1.67020631	1.48736060	1.36077690	1.33359694	1.36052430	1.30782509	1.17733610	1.53018188	2.30219293	3.15870857	3.49457598	4.35994005	5.74977016	6.77142668	7.04837561	6.72019148	4.97490931	4.14192533	3.82089186	3.75182009	3.81507874	3.01284742	2.45801902	2.08017945	1.85405147	1.79949474	1.82733715	2.07899594	2.55143094	3.06952500	3.28608274	2.84540272	2.44693160	2.28811932	2.31614113	2.22790003	2.15022206	2.07599163	1.99187779	1.90413773	1.83861375	1.78977847	1.69031608	1.60389471	1.56250513	1.56646156	1.59624314	1.68620777	1.81712592	1.95409358	2.04653120	2.02793646	2.07253981	2.15582228	2.22175646	2.18280745	1.97824156	1.81378484	1.76835525	1.84033728	1.94758201	2.08548069	2.19689965	2.27838993	2.36785078	2.54453015	2.95794415	3.41202831	3.87060308	4.34479427	4.89303493	5.37062025	5.77463913	6.10565138	6.33652496	6.41244364	6.26680803	6.25689125	6.28894186	6.22217703	5.86878538	5.40090847	5.43312693	5.30157757	4.95035601	4.93151617	4.46870327	4.18138313	4.07801867	4.09458923
7.00000000	3.48791933	3.55290842	3.55475187	3.44371915	3.30445051	3.35596251	3.68190837	4.21169853	4.80376482	5.46861076	6.36881685	6.55394459	6.87772512	6.90519094	6.48515844	5.75022793	5.10245895	4.88712502	5.19081831	5.82807779	6.34139442	7.30115175	7.79385376	8.05425453	8.16648769	8.06407261	7.52667570	7.00354338	6.65358782	6.44132471	6.13687992	6.13423014	6.25758696	6.67762470	7.29809761	7.75584316	6.13069487	4.49637461	2.95925879	1.79981744	1.47261417	1.46821737	1.31864202	1.20402861	1.13398206	0.947571218	0.864487052	0.839505851	0.819163680	0.757717967	0.617148399	0.602347672	0.657562494	0.781921923	0.948987365	1.10675287	1.23983467	1.36067533	1.48101890	1.60405374	1.72441173	1.84151697	1.93595421	2.02170420	2.08827758	2.10071325	2.16435027	2.25747132	2.30856061	2.31432128	2.33967495	2.49485707	2.68336225	2.87309813	3.03625464	3.14930296	3.21452093	3.25172281	3.36919332	3.53786182	3.59130645	3.34944177	2.84682131	2.54851317	2.56902719	2.67231536	2.68358874	2.72981954	2.78035164	2.87852073	3.14165497	3.15679502	2.92708683	2.64232063	2.41172266	2.26395082	2.18698096	2.28565526	2.44052076	2.64495111	3.00514555	2.76080704	2.39386463	2.11410713	1.97354650	1.86641407	1.90278339	1.94296825	1.99706471	2.08125782	2.21782041	2.24407768	2.43082571	2.74318957	3.12712908	3.50943899	3.60057902	3.70462513	3.91034007	4.21557522	4.52726889	4.91499615	5.36575842	6.35338259	7.53059912	7.72903919	7.71386194	7.21336985	6.88447905	6.91341972	7.01573277	6.81037807	6.63079357	6.50613832	6.49443293	6.68255758	6.80762339	6.84461689	6.80596638	6.77305174	6.89620876	6.80187321	6.83970833	7.01923609	7.35972309	7.89017820	8.70012665	9.29452133	9.69143772	9.89195061	9.88013458	9.74770069	9.71292686	9.66245079	9.60375786	9.66518307	9.63264465	9.52672958	9.55651474	9.71948528	9.80152988	9.77855873	9.84709740	9.90409470	9.95688629	10.1231756	10.3221598	10.4043732	10.3546877	10.2230310	10.1243925	9.98549461	9.82622528	9.73071861	9.69106865	9.60733986	9.69928455	9.81255722	9.83314514	9.68068409	9.30846119	9.07624722	9.05903721	9.15950966	9.23143005	9.07965660	8.83491707	8.75751019	8.69204140	8.57774639	8.44848537	8.21984196	8.00821304	7.80257034	7.70088482	7.91013288	8.32239151	8.34675407	8.29408646	8.32703304	8.46001053	8.49644947	8.45761585	8.38977432	8.27478600	8.03010273	7.76175737	7.45178747	7.20338202	7.08692312	7.13998699	7.09738398	6.97297764	6.81665039	6.65428543	6.48777056	6.41250229	6.41939116	6.35394287	6.14986849	5.82908392	5.45245790	5.13293791	4.87228918	4.66579342	4.50223780	4.35460758	4.16708946	3.94620872	3.71469283	3.51147604	3.37756968	3.28214550	3.19153285	3.08699560	2.96473169	2.87076831	2.78180146	2.70713615	2.64569378	2.58600855	2.61695147	2.58794069	2.47880626	2.31950808	2.19013619	2.13171577	2.04940224	1.97789049	1.92674041	1.88037741	1.84026706	1.82795703	1.82575679	1.83329070	1.86750007	1.90361941	1.95137107	2.02614093	2.12736487	2.23852944	2.29389572	2.36710405	2.48711562	2.65166545	2.82726049	2.89118361	2.85867167	2.78957272	2.70781660	2.60141706	2.51587582	2.57650161	2.67103243	2.72890401	2.72124910	2.68748903	2.81236315	3.40325713	4.56003141	6.17502356	7.76047707	10.2562637	12.9772062	14.2473955	11.4001923	7.65459585	5.98796749	7.22887802	8.80840302	4.76012373	5.33398962	4.53315973	3.51359701	2.89607215	2.76616597	2.70654464	2.84154892	3.09588194	3.38928294	3.63652682	3.63067698	3.23807549	2.83679199	2.66469741	2.81946468	2.94048285	3.01569104	3.02531743	2.95214677	2.78151894	2.68118262	2.54568434	2.45666575	2.46316409	2.58161044	2.74715710	2.92580700	3.11907697	3.30496478	3.43795013	3.44966388	3.51410556	3.57343674	3.58924103	3.54252172	3.46382165	3.47600889	3.57901764	3.76623774	4.02451515	4.47261333	4.95402241	5.29188156	5.42951965	5.43046141	5.87152290	6.36826468	6.88602734	7.42788124	8.03462029	8.11995220	8.40439987	8.58382130	8.44730377	7.87716866	6.85762072	6.18253326	5.87161160	5.78030157	5.59978962	5.16590929	4.99305058	4.76009607	4.45694637	4.38451195	3.86731100	3.56086063	3.43967676	3.43505049
6.00000000	2.64457726	2.30839753	2.14918375	2.10466981	2.18523288	2.47389364	3.09376407	3.77350760	4.49073124	5.22625589	5.96411419	6.68197155	7.28399134	7.52810526	7.27224064	6.47432089	5.88538456	5.62553692	5.73768711	6.13819551	6.61687326	7.38022566	8.04899120	8.56031322	8.85137653	8.85941029	8.57567120	8.25514221	7.94265127	7.56131077	6.91251945	6.15394211	5.36843681	4.78178072	4.60441113	5.03142738	4.23258924	3.11227179	2.22161317	1.80601680	1.80514729	1.50882769	1.26576543	1.11699247	1.03503597	0.923918426	0.890265465	0.906043828	0.915897846	0.882332742	0.785713732	0.914416671	1.05297196	1.21650314	1.39177597	1.53719795	1.65312672	1.74310279	1.82856882	1.91230357	1.97841907	2.08365011	2.23464346	2.35257459	2.41879225	2.47482085	2.60340524	2.75759745	2.86911917	2.93962431	3.04069757	3.19807172	3.33481622	3.47114420	3.58307958	3.60246134	3.69673181	3.74933529	3.90025830	4.06957436	3.95744109	3.47704101	2.97605538	2.67977452	2.60753632	2.57272696	2.46411204	2.48229384	2.58570004	2.78847909	3.16050005	3.15535498	2.88286424	2.60889101	2.44645381	2.35572433	2.33890748	2.45795608	2.60546398	2.78929830	3.13259768	3.42875838	3.26658821	2.87595940	2.46925759	2.24137878	2.18018556	2.05232406	1.94941163	1.92695487	2.00435090	2.04247236	2.14969850	2.38883829	2.74887204	3.14495325	3.57338405	4.05476713	4.30098963	4.28469372	4.23927641	4.50196505	4.86402607	5.55224657	6.39927292	6.84361267	6.60753870	6.36890936	6.25020123	6.24436474	6.21482801	6.05210447	5.93513393	5.90970707	5.97817850	6.09946394	6.25001240	6.41392612	6.46224308	6.37575102	6.24498606	6.05531454	6.08802938	6.24959898	6.50681639	6.88680553	7.57336473	8.08368874	8.54459858	8.98499107	9.33583641	9.54676533	9.73250103	9.87467670	9.98964214	10.1284571	10.3079290	10.4369383	10.5920935	10.7069874	10.5721941	10.6329384	10.7871771	10.7775774	10.6143990	10.5754967	10.9330959	11.2440271	11.2566109	10.9950066	10.7592173	10.7814684	10.8495264	10.9982529	11.1792641	11.2609215	11.3164082	11.4457741	11.5408134	11.4974947	11.2159786	10.9502850	10.8177109	10.7797861	10.8017588	10.8526030	10.5951300	10.4208822	10.3525534	10.3812332	10.4664068	10.5364513	10.5583897	10.5031357	10.4684172	10.6787701	10.8661442	10.7889795	10.6934185	10.6976566	10.7919273	10.9191551	10.9529390	10.9006596	10.7579641	10.5087681	10.3028231	10.0769997	9.89069653	9.76814556	9.69841099	9.56836510	9.36032200	9.12867069	8.91180992	8.73214912	8.65448570	8.61882210	8.51320744	8.24487209	7.74022770	7.23675728	6.87720108	6.58436489	6.31436920	6.05665064	5.83726215	5.55031967	5.25138044	4.98585272	4.78899956	4.70642757	4.63277912	4.50326395	4.30285740	4.06630659	3.91678429	3.84586668	3.80270195	3.75423169	3.68519640	3.66509414	3.63645244	3.56835175	3.44975495	3.28950834	3.21659136	3.12701440	3.03502083	2.94924617	2.87271667	2.86375546	2.93348098	3.02050424	3.05967712	2.98209405	2.90589333	2.92018747	2.99425626	3.09738040	3.19884181	3.27247071	3.33776832	3.44151711	3.58422399	3.72012568	3.75164461	3.75452209	3.77558827	3.82889175	3.89570069	3.99826455	4.15692329	4.26369286	4.28803444	4.27684927	4.60354757	5.22472477	6.11166239	7.35767269	9.17810059	11.6944780	16.0037060	18.4438000	16.9118309	10.8639154	7.39691401	7.75550127	9.38389206	10.4233675	9.71227551	11.2711983	9.87323284	7.42369175	5.14235115	3.56345367	3.26492906	3.28321695	3.43972707	3.73411083	4.34425879	4.17221642	3.78957105	3.42117476	3.29758263	3.65505409	3.94181657	4.11079025	4.08263493	3.88593459	3.65719104	3.51248884	3.48628950	3.53916335	3.65602779	3.84614897	4.13164997	4.46624422	4.82213926	5.15155792	5.38674021	5.42383480	5.38772631	5.30853510	5.26249266	5.37194347	5.74111795	6.06141901	6.35229635	6.68391705	7.17716360	7.63737059	8.12286377	8.62398815	9.05985165	9.27832031	9.45388794	9.61338520	9.90737724	10.2789860	10.4638901	10.1311512	9.75663567	9.18988895	8.38866901	7.41894197	6.54099035	5.85661745	5.53527260	5.49379063	5.39639187	5.20232391	4.87951040	4.46519709	4.01905394	3.62317872	3.25297403	3.02800655	2.88840485	2.81141877
5.00000000	1.69243622	1.64202201	1.65321207	1.72140753	1.86468899	2.12381577	2.66975641	3.05893707	3.55166364	4.23103285	5.00293112	5.66757727	6.20555544	6.59729815	6.78238869	6.65955639	6.34351587	6.13932610	6.11352682	6.34457970	6.92286062	7.61771774	8.28321838	8.89247799	9.39087486	9.69605255	9.65935993	9.45269108	9.10033989	8.55773926	7.71147585	6.43605089	5.18335629	4.14498043	3.42596436	3.04480195	2.37765956	2.02026892	1.76889205	1.61029589	1.72175109	1.42520893	1.21317387	1.07626152	1.00934851	1.01157153	1.07134533	1.12162817	1.10912788	1.06923747	1.12603581	1.35122788	1.55927491	1.73956060	1.87993991	1.96673846	2.01695871	2.07811594	2.15153480	2.21544290	2.22496986	2.28796268	2.39827609	2.53048253	2.66567302	2.79145765	2.93014002	3.03795028	3.10240459	3.14492083	3.22081852	3.39395285	3.53209519	3.61794138	3.64332271	3.60920787	3.58881903	3.52520108	3.38708091	3.18466115	2.96962070	2.74007130	2.54430842	2.43200231	2.40277314	2.40619016	2.39156580	2.48695421	2.67915392	3.00580835	3.55540848	3.46957922	3.13815665	2.89355731	2.89607692	3.13388777	3.64194369	3.86113405	3.77366996	3.59246683	3.76114178	4.66400814	4.68709373	4.07964993	3.21726918	2.60188890	2.43608165	2.17957759	1.97882223	1.90565491	1.95730925	2.12427855	2.37333322	2.73787689	3.27644801	4.07272053	4.82473469	5.34530449	5.38177252	4.99694490	4.56909275	4.53838825	4.60836077	4.77693796	5.00926018	5.23767853	5.22801828	5.27315998	5.34855652	5.40877914	5.38752174	5.32844877	5.30257177	5.33507490	5.42057800	5.52313566	5.61898470	5.66754913	5.63177776	5.50002193	5.28603697	5.11152649	5.18516111	5.34864521	5.53855371	5.78632927	6.30845451	6.80046940	7.29575539	7.79188538	8.25062275	8.46282482	8.72469616	8.98387814	9.19243431	9.30684948	9.66937065	10.1796703	10.6254988	10.8250618	10.6270275	10.5634966	10.6516953	10.6253738	10.4538212	10.3418531	10.5863142	10.9727669	11.1173029	10.9313097	10.6214895	10.5450392	10.7479925	11.1478844	11.6238327	12.0165396	11.9858408	12.0208025	12.1155453	12.1936455	12.1081266	11.8686152	11.7723074	11.7570305	11.7943306	11.8894711	11.8999033	11.7599869	11.6658592	11.7408180	12.0353212	12.3362646	12.5839243	12.6903944	12.6495333	12.5369692	12.4515667	12.3902779	12.4308434	12.5632153	12.6895647	12.8108435	12.9147997	12.9446659	12.8747826	12.7105951	12.6199265	12.4881382	12.2118416	11.8234472	11.4911423	11.2427797	10.9988346	10.7534618	10.5439844	10.4509039	10.3335323	10.1404676	9.91413689	9.62538624	9.17348099	8.81012440	8.51789570	8.22981548	7.92592430	7.63328600	7.28416204	6.96688795	6.73784113	6.58420372	6.42396498	6.32361603	6.22315264	6.09138775	5.91249275	5.68600082	5.52764893	5.40700865	5.29750395	5.18022776	5.04394531	5.01644039	5.04906607	5.05500460	4.98172092	4.81096411	4.65893745	4.52068615	4.39209223	4.27893591	4.19689751	4.22229815	4.30099535	4.35713530	4.35340166	4.29101753	4.24014616	4.24034023	4.27627516	4.33105183	4.38619518	4.47358418	4.56164742	4.64118528	4.71154690	4.78063202	4.86540413	4.94735813	5.05349445	5.17512083	5.26785469	5.34718561	5.45449924	5.54852247	5.62696218	5.72650385	6.10182667	6.63807774	7.43904209	8.54164791	9.91596889	12.3495417	17.9538460	19.4045296	15.0878201	9.10052681	7.57507133	9.77769566	11.3610115	11.6477880	13.6309481	16.2282600	15.8528547	12.8894520	8.67750168	5.51118374	4.42329025	3.66878390	3.13674641	3.09393883	4.18480158	4.42171478	3.93102241	3.58861041	3.71216083	4.06115103	4.60043240	5.00380373	4.99783659	4.59933805	4.11535931	3.99112415	4.12530041	4.37710714	4.65375948	4.91046906	5.26643991	5.67284584	6.07516718	6.39301777	6.52014685	6.60975122	6.58560801	6.52233601	6.49445915	6.57641220	6.94388390	7.45144224	7.91412401	8.27810192	8.62068558	8.83684444	9.23289013	9.65430355	9.90999222	9.77228355	9.63405704	9.62812042	9.62183666	9.45855331	8.95760155	8.22750378	7.50268555	6.87637043	6.36628199	5.91463900	5.43505383	4.93925571	4.56944847	4.36631966	4.26904011	4.19315243	3.90189695	3.41875362	2.86907029	2.48006296	2.28806067	2.18371916	2.12047672	2.08195496
4.00000000	1.61808801	1.62358916	1.64020276	1.70801175	1.82940924	1.96909881	2.21126413	2.41705585	2.78692913	3.37645292	4.09630728	4.61117506	4.81115675	4.97932959	5.28377628	5.77757883	6.02998638	6.30000687	6.52362537	6.73920965	7.08750772	7.61236954	8.16194344	8.76524353	9.37994480	9.89238358	10.1853971	10.2294331	9.87474251	9.06539154	7.83925247	6.30097914	4.87733698	3.61561680	2.60128665	1.95799291	1.58048260	1.42697835	1.41421258	1.46209812	1.49372840	1.35940671	1.17114079	1.08262658	1.12206507	1.19216287	1.28495777	1.29010952	1.25117922	1.26312590	1.47230589	1.77582097	2.02509212	2.19104719	2.27060509	2.28667426	2.28684711	2.33499885	2.41203523	2.48644280	2.51428890	2.48456550	2.48806429	2.52597523	2.59382176	2.68146110	2.73161340	2.76379704	2.80838490	2.89105225	3.03277850	3.12388539	3.10478687	3.06865263	3.05281019	3.03874183	2.99451470	2.91306686	2.78669548	2.63814926	2.52062941	2.42280102	2.39122844	2.39065623	2.41664004	2.49554420	2.59805369	2.79265189	3.05881929	3.41157269	3.90146613	3.91012692	3.54020047	3.24913883	3.27624607	3.64267421	4.79089212	5.25293350	5.25422716	5.10473585	5.19895697	5.83633852	5.65587664	4.83098078	3.74663281	2.99938774	2.63991928	2.37421298	2.23235893	2.22232962	2.32998109	2.73198032	3.17539120	3.93604493	4.95879269	5.85750628	6.53715897	6.94083977	6.68353939	5.91796303	5.33452368	5.03633165	4.86353493	4.81265640	4.83997583	4.86153030	4.77329540	4.72337866	4.72043276	4.74164343	4.73273468	4.81684446	4.85298586	4.85745001	4.84966755	4.85220623	4.78310823	4.73065948	4.67421627	4.62291718	4.61568165	4.47531319	4.45046711	4.53103971	4.68200207	4.84340000	5.33595800	5.86742210	6.38460970	6.83743668	7.17891836	7.26741791	7.37148714	7.57369280	7.86360550	8.13780308	8.49593830	9.02078152	9.57163334	9.92063141	9.75275421	9.73568726	9.92643166	9.96220207	9.78394508	9.63633919	9.66483402	9.81968307	9.91683292	9.84314823	9.55641365	9.38968754	9.55350494	9.85614395	10.1247892	10.2055359	10.0470963	10.1255436	10.2961683	10.4327374	10.4274912	10.3460073	10.3504992	10.3374290	10.2811623	10.2339611	10.3825865	10.4384012	10.4934940	10.6181030	10.8606243	11.1139154	11.4071798	11.5608397	11.5295095	11.4019890	11.4425964	11.5112476	11.6126089	11.7356358	11.8535709	12.0178242	12.1681814	12.2945070	12.3601017	12.3016996	12.3676624	12.4733543	12.3487053	11.9628563	11.5241632	11.2411079	11.0596333	10.8845243	10.7167444	10.6534386	10.4645090	10.2535133	10.0538597	9.82932758	9.47407436	9.27270603	9.12131882	8.90396118	8.59290409	8.24863720	7.95026064	7.70425940	7.54300928	7.44757700	7.34772253	7.23225546	7.13516283	7.02819824	6.89291716	6.72067595	6.54328108	6.39176273	6.24205732	6.09851933	5.99391890	5.98439980	6.01042080	6.01423931	5.95883703	5.82792234	5.64266109	5.50852251	5.39384699	5.30012131	5.26197577	5.24987936	5.24279547	5.21504450	5.16961145	5.13814735	5.18425512	5.22333574	5.28924608	5.37659693	5.44075441	5.44301176	5.45369005	5.46466780	5.48513365	5.54158688	5.68043947	5.80919838	5.98179674	6.19111347	6.36898136	6.47566414	6.59744835	6.65350723	6.66551304	6.75764036	7.02941704	7.44639063	8.06939411	8.79166031	9.33881664	12.5545330	16.8338566	16.9170113	12.4722567	8.09589291	8.77890968	10.5153418	11.8153105	12.5576410	13.9898653	17.1784153	18.1545258	16.0968056	11.8731136	8.04056454	5.79155588	4.39378405	3.43803215	2.99856210	3.63311481	4.03611279	3.86069226	3.69017506	3.77617836	4.03861475	4.38519049	4.83885098	5.16737127	5.10327339	4.34382200	4.07215548	4.19057035	4.52045679	4.93100691	5.33921480	5.75201321	6.09536982	6.36567450	6.57015848	6.72689152	6.90353966	6.96502256	6.92372751	6.81459522	6.69512606	6.74231672	6.89659452	7.08751011	7.24300385	7.28941011	7.38087749	7.58264017	7.72140455	7.68063545	7.40055132	7.11529827	6.93083239	6.62592506	6.16154432	5.68085670	5.32399511	5.04966307	4.79729223	4.54294157	4.29929447	4.12083006	3.88145399	3.64366841	3.43726420	3.25932002	3.04184341	2.70414448	2.30301857	1.92782414	1.70048094	1.62551796	1.58199203	1.58029783	1.60254180
3.00000000	1.68669760	1.72574532	1.75157928	1.82659233	1.95391309	2.07740641	2.17845154	2.17376924	2.28105783	2.62706661	3.24759459	3.73232722	3.96840215	4.35030699	4.96067810	5.57030058	5.96762705	6.35208035	6.69643545	6.98759651	7.22659588	7.54529333	7.98465109	8.52560043	9.11048126	9.64304924	10.0975142	10.3227530	9.99058914	9.02339745	7.59411764	6.19041729	4.94277334	3.69540596	2.48863769	1.55889523	1.15911210	1.04317570	1.13317859	1.29375207	1.33206630	1.35273695	1.24639821	1.20505548	1.28292906	1.39645374	1.36561894	1.23743832	1.22645223	1.38862383	1.62133849	1.88943839	2.09435797	2.19661617	2.20759034	2.18951678	2.21539521	2.26379299	2.30436349	2.33176661	2.36566663	2.40051818	2.40958071	2.40699339	2.40337729	2.40583515	2.37277246	2.38818216	2.44636798	2.52123904	2.56630778	2.55369401	2.52894068	2.55510092	2.62472391	2.65985227	2.61886930	2.56066298	2.49914432	2.45643759	2.46288109	2.47686028	2.51980114	2.56214952	2.61877084	2.74895287	2.93552971	3.17082357	3.40735149	3.62893581	3.85070705	3.78146267	3.47002959	3.25397682	3.28822684	3.54505396	5.16826630	6.61331844	7.39692593	7.53995752	7.56743717	7.86760378	7.29032612	6.02728510	4.50229359	3.37130046	2.84894323	2.55947590	2.52380633	2.70553231	3.01093698	3.72589540	4.42382860	5.60838318	7.08347273	7.95327377	8.72702885	9.04977036	8.58831310	7.49843693	6.42489052	6.06171179	5.73607922	5.48252678	5.29806566	5.14218712	4.98081446	4.93932199	4.84860134	4.69258451	4.60824156	4.67313147	4.71445656	4.69476175	4.61725950	4.52583265	4.48045063	4.38141823	4.28365946	4.22676373	4.23498344	4.07321358	3.93675828	3.88510895	3.94053292	4.08807039	4.51264334	4.92518997	5.34534597	5.72546482	5.95061064	5.93539858	6.00251532	6.15088654	6.39419031	6.76085472	7.11162376	7.47287846	7.85755968	8.17005157	8.20618153	8.35816002	8.67892075	8.84617233	8.79967117	8.74122429	8.67246246	8.69229698	8.75611210	8.75063229	8.49392223	8.32079220	8.27515697	8.27374458	8.24622250	8.13519478	7.94152975	7.94083261	8.02838707	8.06944656	7.89923429	7.85084820	7.87967062	7.88619995	7.80626202	7.61101151	7.41967726	7.44856882	7.59683180	7.78831720	7.97158813	8.13451958	8.27754211	8.33989620	8.31086636	8.22976589	8.24600983	8.34973145	8.53009129	8.76451206	9.01867390	9.21246243	9.29769611	9.34848881	9.37959862	9.34642792	9.41968822	9.57187462	9.60355186	9.43860054	9.12421227	8.91148376	8.78135967	8.69472027	8.63568211	8.61159515	8.49661827	8.41990566	8.33382607	8.21064568	8.04252338	8.03053284	8.01571751	7.87653923	7.58600187	7.21164846	6.95557213	6.74015760	6.58470583	6.49250889	6.45085049	6.34228563	6.24550819	6.14842367	6.04799366	5.95023346	5.85344696	5.75280333	5.65569544	5.58003235	5.55424452	5.55529690	5.52046394	5.46337748	5.39988661	5.34806013	5.26352072	5.22906160	5.20471382	5.16402864	5.09408426	4.99909830	4.96489811	4.96538782	4.97873211	4.98735332	5.03822088	5.08774710	5.16010761	5.23395300	5.24241161	5.21046019	5.17617464	5.15328407	5.17228508	5.28044176	5.39022779	5.50987101	5.67242813	5.88858318	6.14665318	6.38387012	6.68388844	6.89726496	7.00850821	7.13607883	7.13003969	7.35501003	7.48154974	7.70545816	8.74777031	12.8979969	14.0713234	12.7489586	10.3448210	9.20554733	10.8779411	10.6418686	11.1237984	12.6987009	13.4900408	15.5680380	16.2932167	14.6393843	11.3001852	8.68911171	6.47547770	5.25852203	4.41658497	3.76693225	3.56575251	3.76017642	3.83293247	3.75955510	3.64355564	3.71642208	3.85712934	4.36445761	4.92628574	5.07225275	4.17375898	3.69460917	3.64516354	3.86351490	4.22254896	4.62994528	4.98023844	5.24627352	5.48306179	5.73549175	6.03832579	6.32706308	6.48690605	6.55211163	6.54357100	6.46881104	6.37314606	6.25530148	6.15449142	6.09496641	6.08600473	6.09325361	6.09843588	6.09395361	6.01547194	5.74191713	5.36883545	5.03734684	4.71487570	4.40585661	4.15173197	3.90310001	3.73738408	3.58181596	3.40298223	3.20682573	3.08378506	2.92326927	2.75313687	2.58102274	2.39433932	2.18492770	2.01024818	1.84375632	1.68945754	1.58190930	1.54771817	1.53543460	1.55378914	1.58505666
2.00000000	1.87614334	1.88226461	1.89574790	1.93252766	1.99376321	2.06583977	2.18850732	2.23560333	2.36152458	2.67310429	3.22961259	3.68262339	4.17158413	4.80656719	5.50249863	5.97915983	6.40565205	6.79601288	7.09736252	7.30646515	7.46972895	7.64515543	7.98500013	8.41824150	8.87165928	9.26983166	9.72107124	9.98023033	9.68065357	8.73765659	7.34853363	6.41863823	5.48597479	4.26200342	2.81862831	1.58820176	1.10183311	0.904318333	0.959264398	1.14944601	1.27680504	1.26778066	1.30994260	1.36178458	1.36921477	1.26555765	1.18837619	1.16111124	1.21000695	1.33451211	1.50728142	1.65744793	1.75836492	1.78227079	1.75192297	1.74059665	1.77974391	1.81081200	1.82474267	1.84199226	1.91253257	2.01305413	2.08921361	2.16125369	2.22456551	2.24969244	2.22741532	2.26168871	2.29372048	2.29118204	2.24820948	2.28769636	2.39748836	2.56564927	2.74290991	2.84266829	2.77832389	2.65567493	2.58884358	2.61485624	2.69364738	2.71789384	2.75105453	2.78150463	2.82741928	2.93677545	3.13676643	3.33164716	3.46581721	3.50857806	3.45413423	3.36080289	3.18292189	3.05767632	3.06932664	3.24920869	4.43116236	6.03469419	7.61908007	8.83549023	9.42699623	9.54079342	8.62122917	6.93540049	4.98595953	3.51112580	2.98781371	2.78454900	2.94244552	3.40986800	4.04243279	4.96795750	5.95068216	7.14938927	8.43132305	9.37218857	10.6594620	11.2383299	10.6091356	9.06702518	7.70195007	7.40881586	6.99277782	6.54051828	6.09695387	5.66523695	5.52615404	5.37940788	5.23500299	5.09824467	4.96973753	4.96277475	4.97374105	4.92518616	4.78009796	4.54190350	4.51210928	4.44703531	4.33113575	4.19165134	4.09860992	3.94219351	3.77786565	3.69093990	3.68948603	3.70433092	3.81038904	3.95662951	4.14122105	4.32139540	4.41344881	4.53556252	4.72246313	4.95298195	5.22223997	5.54165411	5.89639521	6.10286093	6.27453136	6.47098494	6.69789791	6.94638252	7.19561243	7.42723560	7.60219860	7.66074467	7.63953352	7.64767313	7.70616293	7.74633503	7.60985899	7.45791960	7.29978323	7.12232590	6.93734884	6.78158140	6.62808943	6.50776052	6.41937447	6.31427908	6.09638643	6.06992960	6.08177757	6.02843952	5.88263845	5.69330502	5.51079607	5.57288790	5.71786165	5.84291410	5.90416622	5.99613523	6.04417038	6.03674889	5.96085835	5.80199528	5.74558926	5.82369661	6.01712561	6.27547979	6.51716042	6.56216383	6.54501343	6.49033737	6.39650059	6.23560286	6.14407587	6.14383030	6.15677738	6.11261177	5.94881678	5.76888561	5.66919327	5.63558674	5.64263916	5.65365505	5.67365265	5.68754005	5.68785667	5.67149305	5.63968849	5.62966394	5.62382126	5.58013153	5.47032213	5.27986813	5.07864189	4.89414692	4.79836655	4.78074646	4.74819183	4.56511736	4.41783667	4.31672478	4.26878738	4.27766275	4.30524683	4.31897306	4.28483152	4.22581005	4.22189379	4.25343180	4.21773148	4.15820026	4.11199570	4.11002064	4.12139845	4.10745716	4.07713795	4.03468704	3.97965217	3.91993117	3.87732124	3.87289190	3.89597702	3.90417433	3.91930032	3.93541169	3.97516060	4.01033878	3.96187496	3.86344075	3.85143399	3.91206789	4.04015017	4.23907948	4.41647625	4.51877642	4.61227989	4.76000547	5.02168655	5.32527781	5.73239851	6.03291655	6.20507765	6.41550589	6.29339314	6.50148106	6.33060694	6.56617975	9.48818493	11.9516420	10.4496927	9.18114376	9.74335289	11.1322384	11.2031384	11.2246151	11.7833385	12.7373447	13.2160425	14.1528158	13.8691740	12.4387169	10.4058352	8.78570938	7.90557003	7.06669521	6.57462502	6.37501764	6.05364323	5.36718369	4.70822954	4.04124832	3.45574880	3.16628504	3.24325633	3.67439055	4.25744438	4.56775284	3.95822740	3.40219331	3.13768220	3.11395693	3.25747681	3.47189927	3.69594550	3.96125817	4.26152182	4.55843353	4.78170681	4.94730377	5.06037617	5.14661551	5.21978712	5.28172064	5.34037495	5.32683992	5.27789068	5.23261499	5.23240900	5.21046114	5.15057898	5.08273554	4.99431801	4.83012629	4.55381536	4.20233154	3.79045415	3.38083482	3.08399987	2.88707805	2.73240972	2.61088490	2.50845146	2.40611601	2.33014750	2.24438286	2.16633272	2.09194136	1.99558365	1.90543568	1.85216546	1.81918848	1.79779232	1.78713572	1.79088664	1.80371249	1.82214832	1.83791447
1.00000000	2.07595801	2.08199549	2.09865808	2.09644365	2.08429122	2.10958004	2.19985628	2.30464125	2.54917026	3.00962281	3.71312833	4.17383432	4.92185402	5.69555330	6.34380531	6.82599592	7.21537018	7.56471682	7.80460644	7.90866566	7.89357662	7.91946459	8.08361244	8.34233379	8.62777424	8.84792137	9.27721977	9.66536236	9.48030949	8.56567192	7.14070749	6.45434093	6.02202606	4.96290445	3.24773002	1.69886899	1.05529046	0.843539476	0.897401154	1.04726660	1.12013304	1.17128432	1.33332002	1.34179974	1.14281392	0.892984629	0.995928168	1.06569695	1.11401308	1.16244817	1.24242377	1.31379223	1.36044037	1.37923419	1.38229346	1.39699376	1.43134034	1.49045634	1.54953218	1.60925853	1.69582772	1.82733607	1.96452165	2.07475328	2.14223480	2.16800380	2.17112613	2.18304777	2.18023157	2.15643954	2.12273550	2.20042253	2.32910919	2.51791048	2.74406338	2.95292616	2.95916057	2.87428617	2.81718206	2.83175898	2.88695741	2.97481775	3.00995922	3.03372788	3.04658341	3.00809979	3.06085658	3.11155200	3.12791467	3.10371876	3.05878520	2.99863553	2.91359949	2.83171320	2.80505729	2.90975451	3.27008176	4.20890284	5.80838966	7.62778902	8.70341587	8.74989033	7.92882013	6.39649296	4.60251331	3.28980565	2.93092322	2.94337344	3.38396454	4.20955229	5.27703953	6.36702490	7.45424843	8.51765060	9.50876999	10.3517351	11.4592695	11.6210365	10.8031893	9.40464878	8.25710106	8.22252178	7.95220995	7.47814226	6.85811949	6.17576122	6.11768723	5.96471071	5.81806183	5.70273924	5.56750822	5.37183857	5.28348255	5.32181072	5.38514280	5.25074387	5.18063736	5.06152439	4.88471127	4.65946865	4.41304016	4.11040401	3.89693475	3.79077888	3.75365424	3.69085550	3.62821627	3.60627103	3.61486506	3.63009524	3.61430955	3.77255726	4.01358128	4.28638411	4.55018950	4.77443838	5.00802612	5.09477711	5.19950771	5.40998077	5.73690939	6.00764704	6.15672159	6.32535887	6.53021049	6.66335106	6.77236843	6.88129950	6.92892313	6.88965797	6.77356005	6.78612566	6.70524883	6.49693584	6.20260429	5.93908787	5.84340382	5.75460863	5.61945057	5.42998505	5.22357845	5.22044945	5.25544310	5.19576454	5.02887630	4.86250067	4.72243118	4.72207499	4.73732853	4.70354033	4.61550951	4.63828516	4.64445353	4.63521004	4.59605408	4.49679089	4.41583824	4.38681126	4.45096874	4.58963776	4.72421789	4.65484715	4.52331448	4.36331177	4.19704676	4.03524113	3.95658875	3.93680167	3.93811917	3.92560601	3.86715198	3.76348114	3.71095586	3.72459626	3.77635574	3.79512095	3.82281423	3.82121992	3.83205152	3.87241220	3.93479538	3.97006583	3.97875309	3.98713279	3.99761605	3.98874712	3.91382408	3.82156324	3.84191322	3.97207832	4.07651615	3.87392473	3.67713618	3.53973699	3.48006058	3.48118854	3.51330709	3.54878330	3.56549716	3.57119250	3.60347986	3.58667469	3.53584409	3.49200892	3.45136857	3.36530328	3.36374426	3.33194232	3.30344915	3.29457283	3.30437779	3.24916220	3.16550517	3.08652139	3.02939487	2.99537849	2.95906663	2.97005534	3.00795555	3.02918220	2.96695209	2.89665413	2.90816998	2.98854637	3.11700344	3.26494074	3.43385863	3.52448702	3.63436842	3.85245705	4.25911474	4.41561794	4.64807510	4.86324978	5.03889275	5.22374773	5.22932196	5.48739195	5.81938982	7.13708448	11.4425831	10.9185209	8.26683617	8.33229446	10.7845192	10.1179905	11.1185818	11.4485092	12.0720692	13.0085163	13.3320646	13.8940887	13.1316986	11.6738453	10.2196264	9.53827477	9.77086639	9.55625629	9.27250290	9.00597095	8.55132866	7.53002977	6.26079893	4.93334579	3.77800655	3.06573701	3.05569839	3.35025501	3.75965738	4.11859894	4.28621387	3.41959929	2.91409564	2.67901158	2.63299727	2.70404768	2.91820884	3.16498303	3.39855361	3.57962346	3.67541766	3.71316481	3.73366976	3.80401969	3.93227720	4.06748199	4.21177626	4.30920935	4.34983063	4.34729862	4.33887815	4.25491810	4.14880276	4.08037329	4.03270912	3.91212440	3.67349434	3.31393218	2.89500809	2.50111032	2.23944378	2.08315325	1.95228195	1.85314584	1.77770340	1.70355439	1.69895816	1.71615291	1.74777639	1.78161728	1.80061591	1.82852316	1.85679865	1.90007412	1.95498025	2.00014687	2.05118322	2.07928967	2.09490299	2.10297585
0.00000000	2.31905198	2.34379601	2.34548569	2.31508160	2.27137160	2.26097012	2.31959176	2.46751571	2.80137229	3.38579011	4.25339556	4.86640787	5.74377728	6.52273369	7.10021687	7.63287258	7.88858938	8.31425762	8.63179588	8.70937061	8.56139183	8.34768867	8.31923580	8.46407318	8.69693661	8.85925579	9.60568142	10.0241766	9.41771889	7.93827486	6.58680344	5.97659492	5.91936207	5.14044142	3.44961834	1.74112165	1.08205628	0.962129295	1.04185224	1.13710439	1.21913373	1.34440303	1.36864817	1.21753669	0.997124374	0.993856430	1.06848919	1.09381473	1.08072436	1.06022942	1.08346236	1.17023218	1.21640050	1.25110686	1.28726697	1.32157326	1.39856803	1.47687721	1.55244493	1.64505315	1.79832113	2.02734590	2.20444751	2.30094409	2.33845258	2.38888788	2.39963746	2.35095978	2.27558923	2.21760464	2.23243070	2.31510878	2.41122985	2.50989223	2.62364554	2.78849363	2.92060876	2.98710275	3.02103138	3.05663109	3.12931705	3.23024845	3.24374175	3.22797704	3.19352078	3.10332012	2.92806959	2.85861492	2.83219385	2.81637454	2.80905628	2.73141551	2.64961433	2.56530166	2.50158262	2.50301743	2.67285085	3.13201427	4.12589407	5.54518366	6.92588377	7.47368193	7.13996410	6.12637281	4.77821445	3.58445883	3.18493772	3.26897860	3.71039224	4.50932455	5.79225397	7.12690067	8.21184444	8.97758579	9.53161335	10.1583986	10.6939240	10.4523039	9.50205803	8.33435917	7.86305571	7.94032049	7.98324156	7.81102133	7.39173126	6.84231186	6.60134602	6.32097387	6.17136908	6.11259985	5.89462519	5.90605879	5.69747639	5.72480059	6.01438189	6.16299963	6.50430155	6.41946125	6.09855747	5.66681910	5.18462753	4.75830126	4.46273804	4.30010271	4.23648024	4.20187473	4.09649801	3.97150087	3.87934446	3.82475710	3.76473641	3.84591079	4.00430822	4.18199730	4.34862328	4.50140524	4.65455770	4.75872469	4.87962866	5.08215094	5.43033266	5.65110302	5.75328732	5.87002754	6.01928854	6.10386419	6.20336819	6.28001451	6.26361322	6.18033981	6.15273428	6.25048304	6.18072939	5.97432137	5.69820929	5.45545626	5.40678263	5.39104891	5.31055069	5.14671278	4.96009016	4.95397902	5.00954056	4.94999075	4.76456070	4.60849333	4.49214458	4.41928673	4.35198116	4.25222301	4.08193684	3.97119641	3.92104149	3.91560984	3.92257094	3.89312315	3.81209183	3.78271961	3.80323887	3.85003161	3.87762547	3.68754482	3.50556064	3.36395049	3.26977897	3.20489740	3.16989279	3.15717721	3.15745592	3.17090797	3.20718789	3.17731237	3.16390634	3.18604755	3.23306203	3.26452303	3.23982406	3.24258447	3.27639008	3.35168099	3.48575449	3.66552424	3.75655842	3.80891037	3.86370206	3.95312428	3.99106526	3.93988252	3.93989110	4.05166483	4.25603437	4.26649284	4.22502756	4.13979006	4.03498650	3.95087743	3.96259665	3.96306038	3.98777962	4.04992628	4.14033413	4.09580040	4.05358553	4.02606106	3.97581863	3.81566596	3.75887036	3.71668696	3.67789912	3.63100529	3.56421280	3.47838545	3.38025784	3.26887465	3.15931153	3.08267450	2.99441218	2.97873497	2.99102950	2.99484539	2.96189642	2.98861933	3.05599785	3.13084912	3.20500922	3.29533172	3.43956566	3.58121896	3.89774752	4.59961700	5.93030024	5.02110052	4.55309534	4.41642380	4.45967913	4.48990536	4.75587654	5.18223858	6.61766386	9.31385612	12.9255476	9.48325729	6.76227999	7.75036621	10.7226181	9.24148655	11.7207460	11.8227787	12.0441484	12.8408642	12.6283751	12.8375940	12.3533659	11.7330933	11.2247934	10.7671051	11.1945477	11.4844084	11.5717821	11.4065418	10.9533348	9.74993896	7.84613037	5.83155489	4.16895056	3.19415474	3.13434148	3.38233662	3.74730182	4.09788513	4.36221933	3.81846333	3.20373178	2.73248506	2.48471951	2.40596199	2.54960966	2.68880105	2.81510210	2.93570924	3.07344675	3.16401553	3.22248173	3.30514979	3.41303325	3.49185967	3.57452941	3.64224863	3.67443299	3.66536665	3.62420130	3.51130962	3.39980602	3.30864859	3.21407700	3.04961348	2.78739905	2.47616696	2.16679859	1.90218043	1.71720564	1.57510734	1.47611427	1.40387523	1.34860122	1.30706561	1.31572008	1.37055826	1.44697869	1.52844834	1.60650384	1.71441674	1.82076275	1.92884874	2.03665161	2.13681626	2.21777153	2.28094363	2.31773186	2.32998061
-1.00000000	2.44519877	2.50671983	2.55556059	2.56181622	2.53740311	2.53605843	2.57819033	2.72282863	3.07644629	3.72052479	4.71155453	5.43227386	6.30865145	7.00966549	7.48583031	7.96919870	8.19668484	8.74563026	9.16593742	9.26785469	9.12197685	8.82623291	8.75412178	8.90127850	9.17043591	9.37142563	10.4021177	10.4635239	9.21945000	7.24857140	6.04443169	5.52887535	5.30895948	4.59210110	3.26055932	1.87143826	1.26824057	1.22979701	1.32048106	1.38235104	1.53515160	1.64313853	1.41683900	1.18751097	1.10761333	1.15080619	1.18958104	1.19594276	1.17341709	1.14228582	1.13958919	1.24614596	1.31753242	1.38214147	1.45922399	1.55888844	1.69733369	1.78643274	1.85882747	1.95047247	2.10063386	2.30761552	2.47396111	2.60360622	2.70695734	2.80088949	2.80243969	2.77739453	2.72016406	2.68587828	2.79038596	2.93187642	2.98803043	2.96125054	2.90678263	2.93271947	3.06435752	3.15179586	3.20073152	3.22327304	3.23794127	3.22783303	3.17038321	3.13546157	3.12135577	3.05477142	2.83693409	2.73061538	2.70326352	2.70154023	2.65132117	2.57641673	2.48351574	2.39694142	2.33656645	2.31781268	2.47390294	2.84085250	3.53862405	4.60063457	5.97375679	6.82762241	7.06074810	6.61019516	5.66689539	4.67564011	4.10207272	3.97690368	4.11757994	4.60717869	5.79441166	6.95349836	7.77163601	8.31265450	8.64586830	8.84607410	9.06233311	8.42706013	7.68218231	7.30811930	7.52377796	8.14890671	8.50179672	8.35661030	7.74608994	6.96156549	6.65847492	6.36188173	6.27835083	6.30258751	6.01743603	6.48998356	6.11581993	5.94032335	6.33566809	7.00082588	7.22779274	7.26558638	7.35428953	7.47250414	7.33735323	6.58779812	5.97877359	5.61212683	5.46008635	5.36526871	5.17579412	4.96108913	4.80285931	4.72481394	4.69266605	4.64681721	4.59839916	4.58234215	4.61550426	4.69667721	4.82056046	4.97035074	5.11562300	5.27527428	5.51752234	5.65836716	5.74474907	5.83562994	5.94891357	6.06144667	6.09519911	6.06335402	5.99052095	5.91918755	5.90972185	6.00881290	5.99100590	5.83340931	5.59963179	5.43978357	5.36340666	5.28046417	5.18404913	5.08912611	5.03252935	4.94994593	4.92340136	4.81841421	4.63471460	4.50624323	4.45427227	4.36651707	4.28508997	4.19914961	4.04489613	3.87576675	3.80817318	3.79389215	3.78751421	3.74644566	3.73182607	3.71735358	3.69638276	3.67605829	3.67731237	3.50054288	3.36059093	3.26296425	3.20109177	3.15632176	3.10700130	3.09062552	3.11984563	3.18916559	3.27493978	3.31926632	3.35953856	3.41932631	3.50154376	3.58845043	3.67868280	3.79486799	3.91610694	4.06184435	4.29186916	4.56500244	4.64082670	4.63824177	4.63918924	4.68865108	4.67607355	4.59257269	4.53351927	4.58647823	4.83121586	5.11720705	5.29200935	5.32769632	5.25635099	5.17006922	5.14429426	5.09999752	5.05338383	5.02432251	5.03634834	5.03962326	5.08604860	5.16018867	5.19986773	5.09616470	5.02565432	4.99354982	4.97366333	4.93674994	4.85050631	4.75660992	4.65287876	4.55063772	4.45658970	4.37281561	4.30581713	4.27373409	4.24898672	4.22938728	4.23814344	4.33772516	4.46129417	4.53873634	4.54949903	4.52259350	4.51761007	4.56593513	4.88019896	5.71533728	7.36859179	6.02708435	5.28411102	5.00439978	5.00798559	5.07021904	5.45974112	6.26423359	8.52772427	11.4283342	12.2782803	8.33076286	6.28075695	7.64398098	10.3770018	8.87723827	10.9720297	11.2967100	11.5956221	12.1299858	11.6779051	11.6371927	11.3883543	11.3270741	11.4375544	11.2925186	11.7052689	12.2082405	12.5402498	12.5141068	12.0166044	10.7323360	8.51153660	6.26772213	4.56851578	3.63564873	3.63183713	4.02554941	4.46159410	4.75027609	4.86739016	4.59587908	3.98582792	3.41359138	3.01797724	2.70024705	2.42155361	2.28469610	2.27016020	2.36156893	2.54568219	2.69409943	2.81803513	2.91847110	2.99276710	3.03465915	3.04407001	3.05025887	3.03050303	2.97231746	2.87345529	2.75318956	2.65911341	2.57507801	2.47254610	2.31059027	2.11024356	1.88606799	1.67297459	1.49700785	1.37534618	1.29260540	1.23205674	1.19069493	1.16414869	1.14667892	1.14986837	1.18478429	1.24336326	1.31765711	1.39983308	1.52211559	1.64602399	1.77765334	1.91956437	2.07078123	2.18085122	2.27782059	2.34437108	2.37474489
-2.00000000	2.21262908	2.32428360	2.44328833	2.54421067	2.62596512	2.71181345	2.80303931	2.95709467	3.24882102	3.79777098	4.76821184	5.49083138	6.27765560	6.88105822	7.28322124	7.69612741	7.82293320	8.40806484	8.99402142	9.30868626	9.26532745	9.10937023	9.04947948	9.11837387	9.27245140	9.39178944	10.3228741	9.91966534	8.57872295	6.90617514	5.71772099	5.14807749	4.68499804	3.93659139	2.91411352	2.03197145	1.48979163	1.48052251	1.59281480	1.69147897	1.91748393	1.76450896	1.51847136	1.33485603	1.27940118	1.32810020	1.37210286	1.38709903	1.40743768	1.44337070	1.48105037	1.62834418	1.71729612	1.80233455	1.93277121	2.15279961	2.26689100	2.38328671	2.48817730	2.59452629	2.74206805	2.81766629	2.91652155	3.06138730	3.23047686	3.35746598	3.32351136	3.35350347	3.43262959	3.56841302	3.79071093	3.88501525	3.91183209	3.82432079	3.67429972	3.61224532	3.59287381	3.54802370	3.52167749	3.51411629	3.48192072	3.38513374	3.25597143	3.20219350	3.21095634	3.14881420	3.03452468	2.94354916	2.90510726	2.90584421	2.88983250	2.89754510	2.80275822	2.70099998	2.64360762	2.63772726	2.76828289	3.07645011	3.52559209	4.19028854	5.25633383	6.24402189	6.74950695	6.89479065	6.70679712	6.11737108	5.62541771	5.13885975	4.80300140	4.78971243	5.29743004	5.81486940	6.34993362	6.82467604	7.09950495	6.97318935	7.16134071	6.55930758	6.39216661	6.82685852	6.97218180	7.96314144	8.48690701	8.35108471	7.64099598	6.71967077	6.48225546	6.26333141	6.26629019	6.42814398	6.41951799	6.47610807	6.13936186	6.08293295	6.57750988	7.49081373	8.27523518	8.42543316	8.68485165	9.27798557	9.91037464	10.1107769	9.60908318	8.83502102	8.07574081	7.47580099	7.08924437	6.67495537	6.36087036	6.17729950	6.05692625	5.90668726	5.69179630	5.50071478	5.40240908	5.44634724	5.44563818	5.48119783	5.53485060	5.59535646	5.65841293	5.72344589	5.84118652	6.00391722	6.17564154	6.29208136	6.22762394	6.20526123	6.15712261	6.07609415	6.01582479	6.12616825	6.15420389	6.08624458	5.96094656	5.86930466	5.77580070	5.61721087	5.45884609	5.32012844	5.17459393	4.96158218	4.86226702	4.76612854	4.64144182	4.53527546	4.47718382	4.38124514	4.29718637	4.24736357	4.22675800	4.15113783	4.08156252	4.03254652	3.99837756	3.95311713	3.95761657	3.96727324	3.97162724	3.97860813	4.01453781	4.01406574	4.03256559	4.03011751	3.98166251	3.87700105	3.77880812	3.71362448	3.71270680	3.79042864	3.94428325	4.11601400	4.27543116	4.43325996	4.60737801	4.82281494	5.11930418	5.43047523	5.70437479	5.93567896	6.16569805	6.34244728	6.35361004	6.30626345	6.24962568	6.17505884	5.99018383	5.81166077	5.71705198	5.75767183	5.95857430	6.25757837	6.52305508	6.70292091	6.77340364	6.73904228	6.69003391	6.62607718	6.51424074	6.38585997	6.33654118	6.39035988	6.48850060	6.57329655	6.60439253	6.55874491	6.49284983	6.49546385	6.52610493	6.53119659	6.44406939	6.33563709	6.26023102	6.21535063	6.18750238	6.15220070	6.07237625	5.99448872	5.90279102	5.79934835	5.70404100	5.68178511	5.64921856	5.57417870	5.44009399	5.24598646	5.05552006	4.92259407	4.96571064	5.29617453	6.01809597	5.69810915	5.53468609	5.47260427	5.54172087	5.85697460	6.12583256	7.47878742	9.70492363	11.4981775	10.4573307	7.21634007	6.29102325	7.57966137	9.39758110	8.47715092	9.90676212	10.2854776	10.6017170	10.9777260	10.6695833	10.6147346	10.4780855	10.4954748	10.7055359	10.9497032	11.3148031	11.6249008	11.7617340	11.5752983	10.8838463	9.77635098	8.23683262	6.66130877	5.38496399	4.68215036	4.82232571	5.51368046	6.26393509	6.73337984	6.73487568	6.10513449	5.32320786	4.67439795	4.22350693	3.81483555	3.27564812	2.63292170	2.17490411	2.01310992	2.08231831	2.18031406	2.26173973	2.32900119	2.38518524	2.43405986	2.44630575	2.41003084	2.33830309	2.23780394	2.10882640	2.00428605	1.89614463	1.78927839	1.68433845	1.57775056	1.47201753	1.34500062	1.22120690	1.11954057	1.05330300	1.00384116	0.965857744	0.939314008	0.921845198	0.908761561	0.914547980	0.943098009	0.990704894	1.05330968	1.12650156	1.21998703	1.31794524	1.42933381	1.55809152	1.70313942	1.80795085	1.90357637	1.99734616	2.06857824
-3.00000000	1.63899004	1.74608636	1.87260532	2.01122642	2.15997219	2.32221079	2.53548121	2.76160550	3.01352191	3.40164280	4.13385487	5.07623482	5.91848516	6.34112024	6.46652842	6.85896444	6.96944427	7.35706663	8.00143051	8.67128086	8.92451000	8.87649250	8.87193012	8.90224361	8.90866089	8.78222084	9.36784744	8.85283470	7.83828592	6.76419830	5.90945196	4.92720127	4.18486118	3.45824432	2.72838259	2.18152618	1.69315004	1.70473170	1.89283180	2.07974553	2.23350358	1.93474770	1.71326613	1.56959116	1.50567126	1.52487433	1.57423556	1.64969933	1.76012564	1.90019214	2.05039454	2.24463606	2.36613488	2.50544333	2.69520998	2.91018248	2.99735379	3.09523439	3.23377323	3.41793942	3.62772298	3.74994612	3.83682799	3.91335583	4.00779057	4.15167141	4.19622898	4.28083849	4.44347191	4.66280508	4.85821676	4.83953047	4.84746122	4.82403040	4.74205923	4.60517311	4.40199900	4.26797342	4.21626806	4.21511745	4.18782043	4.11607170	3.95073104	3.79252577	3.69937372	3.68638301	3.61672354	3.60467243	3.61888504	3.64110899	3.66618490	3.74157000	3.70904922	3.60580111	3.49120498	3.44683695	3.54373646	3.63408613	3.78289127	4.11218643	4.80103493	5.86747169	6.29632378	6.67863607	7.07446814	7.01289320	6.77493525	5.99077272	5.17939663	4.65179491	4.51094437	4.56359434	4.79836273	5.06168842	5.20796108	5.09952974	5.36611843	5.12443113	5.48246956	6.31167889	6.24694347	6.54855251	6.68707561	6.73204947	6.66058826	6.35738802	6.29532909	6.25006294	6.29293776	6.41104984	6.50723839	6.49367237	6.41877508	6.50517130	6.86451530	7.49748802	8.33602715	8.42507935	8.86909771	10.0697536	11.7259293	12.7786560	12.6667538	12.2697887	11.8495569	11.0500879	9.88661480	9.02520561	8.42846107	8.03711987	7.77005577	7.56630087	7.27574062	6.98099613	6.77342749	6.75313187	6.56415701	6.40458298	6.29974651	6.27723455	6.36689472	6.46660519	6.50367737	6.59766436	6.74764681	6.83222914	6.80532455	6.80268097	6.72943592	6.58329201	6.45452404	6.45087719	6.50190353	6.55029154	6.55346537	6.48359299	6.39506483	6.21824121	6.01197195	5.78673744	5.50465107	5.25724173	5.05926943	4.94765663	4.91372013	4.90317822	4.78870487	4.69915962	4.66635227	4.69101191	4.74278736	4.73530245	4.66943789	4.62354231	4.62279701	4.63921261	4.60027218	4.60272503	4.68632269	4.82805395	4.94214535	5.17911386	5.47408390	5.70258427	5.78443241	5.68373823	5.56831217	5.54094648	5.56933975	5.63381243	5.72731733	5.92246532	6.22193289	6.51535940	6.74051428	6.88329363	7.09510422	7.40066814	7.69368029	7.92662096	8.11076355	8.16468334	8.14909172	8.02011490	7.80043840	7.57929897	7.40823269	7.38370848	7.44146061	7.54310179	7.67612171	7.89338017	8.12448215	8.30379963	8.38374710	8.33477879	8.28409958	8.17887497	7.99094439	7.78582716	7.72272587	7.77931643	7.79773998	7.72783899	7.57477474	7.39902401	7.28426790	7.20730352	7.11124706	6.97188807	6.79768562	6.64688683	6.57034159	6.52333593	6.47472668	6.40693665	6.30327702	6.14461803	5.93829441	5.70367002	5.47213840	5.24910402	5.03029871	4.81652689	4.61404657	4.43456841	4.26218748	4.15536594	4.12351036	4.20970774	4.49072933	4.64683151	4.78137112	4.80399036	4.85972691	5.32900810	5.33872080	7.25193596	9.02268505	9.61144447	8.98514080	6.23612690	6.09195185	7.23332977	8.31726742	7.97706318	8.66838741	9.00445843	9.26338005	9.46952629	9.39354324	9.45002270	9.56415653	9.74781513	9.97271729	10.1704321	10.3054695	10.3315458	10.2162380	9.89319706	9.26214504	8.47502232	7.72219992	7.05774212	6.58321428	6.44768190	6.98408270	7.79118156	8.62647724	9.16362572	8.99244213	8.11080170	7.16808939	6.45749140	5.95936584	5.34124327	4.65813875	3.68650818	2.82259512	2.28190136	2.09918356	2.05253911	1.92508781	1.84985256	1.85263598	1.85201764	1.82180822	1.73197567	1.62356234	1.51476574	1.40093744	1.30426455	1.19962370	1.09619963	1.00593472	0.943528414	0.890591562	0.836794138	0.780487299	0.724438548	0.675831854	0.639463782	0.611650586	0.589817464	0.573459744	0.564143181	0.567089617	0.592604876	0.630200624	0.675376236	0.729618847	0.795390248	0.867811978	0.948192716	1.03425288	1.12012482	1.19559526	1.26728511	1.36062133	1.44780314
-4.00000000	0.995559871	1.09196389	1.19564974	1.31176829	1.44744956	1.61180174	1.86342037	2.12497044	2.40344119	2.77006721	3.36032939	4.23202085	5.10059261	5.64916182	5.89650822	6.19707870	6.33377886	6.54538918	6.96821547	7.53117180	7.95577478	7.95745325	8.06888103	8.12172318	8.04964352	7.88829756	8.01024246	7.58876848	6.94640827	6.23089266	5.41515779	4.58590269	3.92897725	3.26210880	2.61602569	2.23445702	1.88519180	2.08962822	2.49115276	2.79028225	2.74466205	2.35171151	2.06171107	1.86040711	1.74960661	1.74717748	1.81799769	1.95452249	2.15113878	2.40027189	2.69238496	2.96743536	3.22039247	3.48482895	3.74130630	3.91737580	4.04252911	4.20204115	4.31359720	4.39941931	4.58626032	4.88019133	5.05476570	5.11806917	5.11416245	5.12307739	5.20394182	5.30948925	5.36982679	5.38189507	5.40947056	5.40243626	5.40506983	5.49286461	5.61227942	5.58074141	5.33165979	5.18704128	5.12643480	5.10982370	5.07763195	5.10783815	4.92661047	4.69677687	4.51935816	4.43356276	4.40401554	4.43521881	4.48128319	4.52018404	4.55376482	4.61568117	4.64418745	4.61043882	4.50988197	4.36225891	4.31568480	4.26072979	4.18675280	4.20143318	4.53076792	5.19190121	5.81986141	6.28098583	6.65883589	7.25419378	7.12779045	6.51016665	5.69433546	4.91335440	4.34033203	4.03236246	3.89304233	3.87791061	3.89430976	3.80138540	3.99138403	4.07816362	4.38551807	4.83916378	4.96674204	5.09133625	5.06854296	5.06042719	5.15940189	5.38823557	5.62144518	5.77211952	5.89677000	6.04292250	6.24911690	6.32628393	6.37352324	6.59584284	6.95879412	7.18846893	7.73523617	7.98605967	8.55010033	9.78141212	11.7789335	13.1718836	13.8558302	13.8187275	13.4095268	13.3381681	13.2528172	12.1342916	10.8797455	10.0185480	9.71228218	9.29977036	8.81719780	8.39103603	8.13647366	8.15741634	8.02884197	7.73616743	7.50683212	7.43618822	7.48749495	7.55978537	7.46951485	7.42827272	7.48572016	7.52958822	7.48124981	7.45281124	7.39807749	7.31040859	7.22272205	7.03401709	7.00799656	7.07729197	7.14754725	7.09741068	7.17951536	7.03064585	6.78744078	6.52209044	6.24233484	6.03880024	5.80094528	5.58641720	5.44948626	5.44104624	5.50134230	5.55957127	5.62200689	5.68847036	5.75233221	5.70750332	5.65847158	5.66116238	5.72948742	5.83534956	5.90812635	6.03596783	6.20293999	6.37608290	6.50540876	6.80810928	7.19605684	7.48586845	7.59283686	7.53093100	7.44290018	7.48749876	7.55479574	7.60228252	7.65487146	7.86411667	8.14168644	8.36079788	8.46177197	8.45204258	8.45433331	8.57157040	8.71866417	8.87010860	9.05997181	9.22817707	9.30036831	9.19506264	8.96173096	8.78079319	8.79186630	8.91652679	9.02087784	9.06999207	9.12790966	9.18742371	9.15592384	9.01696968	8.78787518	8.51970959	8.37521839	8.18709183	7.95087481	7.69365883	7.47407818	7.36400461	7.20511007	6.99537182	6.75516891	6.52728176	6.35915899	6.20245218	6.00300694	5.76065731	5.52922535	5.33309984	5.20312929	5.07542324	4.92555761	4.76857281	4.64932823	4.46983671	4.24420738	4.00386715	3.79755783	3.60663414	3.41627288	3.25203776	3.12715030	3.04249096	2.95750475	2.92797470	2.92190123	2.95681286	3.09976816	3.21715903	3.40038991	3.48803210	3.59227252	4.09891558	4.04918861	6.19560194	7.79934692	7.81068325	6.86893988	4.90596914	5.57770109	6.53243780	6.89019299	7.24268770	7.29776239	7.71624327	8.14511204	8.39986134	8.46449661	8.59559441	8.75218010	8.89540100	9.02061844	9.15740108	9.21322536	9.14371490	8.92216015	8.57605648	8.18709660	7.70336485	7.30136871	7.14438915	7.28070831	7.64360476	8.35668945	9.19225979	9.95952225	10.4061842	10.2184477	9.34598351	8.59868145	8.24476147	8.04843903	7.26992702	6.15641499	4.77271175	3.52159500	2.65762281	2.28713703	2.35126519	2.09774661	1.82035625	1.63998711	1.50465214	1.37768471	1.23969638	1.11463428	1.00909591	0.912328422	0.848645508	0.780852437	0.712255239	0.647414505	0.592145085	0.544320285	0.507383645	0.477006555	0.448444128	0.416536033	0.388124049	0.367186636	0.350472420	0.338779807	0.336957037	0.335046053	0.340616941	0.350387216	0.363555163	0.381800175	0.421169549	0.468207538	0.519673049	0.574151874	0.632056177	0.686611176	0.727688074	0.781747282	0.835398018
-5.00000000	0.537590384	0.601203263	0.662630737	0.751416445	0.878008842	1.03376222	1.22076595	1.46136522	1.76372957	2.15581799	2.68537879	3.43275928	4.41805840	5.14318609	5.49649096	5.75276327	5.84100246	5.94088221	6.13108444	6.42646694	6.77805805	6.86501455	6.89667082	6.89870930	6.88567305	6.86097050	6.76698065	6.44720459	6.02947378	5.56550407	5.03090048	4.38225698	3.81335211	3.21516275	2.65448713	2.37394762	2.29306746	2.71680140	3.23166442	3.47825360	3.15124798	2.78163266	2.47274780	2.23978329	2.10218692	2.08366394	2.20557189	2.41083241	2.69968438	3.04629469	3.39875507	3.73778820	4.15887880	4.58854198	4.98684168	5.34739208	5.60172558	5.75591612	5.81150389	5.82439470	5.90486336	6.01970863	6.07735157	6.02022457	5.90886974	5.92193604	5.87898588	5.81677628	5.73973083	5.65384388	5.56667662	5.53922272	5.49053335	5.51623774	5.60484743	5.63775682	5.59009266	5.62314558	5.67007446	5.68160725	5.62604237	5.75305939	5.74935722	5.66683531	5.54441929	5.40806198	5.34007883	5.33331347	5.35151291	5.37236214	5.38748598	5.45805597	5.48934603	5.41921473	5.23356295	4.96633530	4.78489971	4.66795111	4.49744797	4.34333754	4.46355057	4.80894232	5.23197174	5.64784765	6.02198935	6.37002945	6.55541325	6.28615618	5.82744694	5.30656338	4.71287537	4.21238565	3.79220438	3.55595326	3.51202798	3.57360268	3.63954639	3.76761913	4.00831556	4.30020523	4.46993017	4.42420053	4.34007311	4.26834106	4.31901932	4.66134548	5.06883764	5.38828087	5.66989374	5.95483637	6.27521276	6.42050219	6.39642620	6.43823147	6.61746550	6.84197140	8.14564896	9.13250732	9.92201138	10.8717470	12.5774269	12.5431919	11.9895496	11.9038982	12.6939468	14.1877222	15.0504608	14.4920902	13.1093588	11.6024122	10.7747955	9.90241432	9.07017899	8.48608685	8.34150505	8.81117535	9.17193508	9.05589199	8.83931255	8.71658039	8.70019817	8.77516747	8.70972538	8.62657928	8.57853889	8.54850769	8.42240238	8.16514683	8.01550579	8.03569984	8.11139584	7.92025566	7.79245996	7.76613426	7.80598927	7.80332470	7.92533207	7.82497644	7.62554121	7.42542458	7.29813528	7.16892862	6.88621950	6.52536678	6.21882010	6.15612078	6.33180094	6.47452784	6.59740543	6.69857645	6.76122236	6.77157593	6.80209303	6.86037397	6.96036482	7.12235355	7.26163340	7.46225357	7.67106533	7.85180712	7.98510122	8.16097260	8.33579826	8.43828297	8.41475964	8.22919369	8.16736794	8.21321392	8.28144264	8.33940506	8.40710068	8.46115685	8.52145100	8.59490204	8.65407944	8.63721085	8.57376289	8.59333611	8.62895679	8.66372871	8.73083591	8.88476562	8.99735737	9.02504730	8.97207069	8.89046383	8.82752228	8.73217297	8.63622284	8.55103588	8.46754169	8.28677559	8.01765156	7.69573545	7.36102390	7.05793619	6.88665390	6.68206263	6.42459297	6.12593126	5.82901907	5.55889463	5.24960756	4.93098068	4.63139868	4.37781096	4.15165854	3.95602608	3.74942470	3.52852392	3.32814980	3.19345760	3.07880664	2.96414685	2.83893251	2.70212150	2.62010956	2.51378036	2.40069318	2.29571700	2.21103239	2.11345124	2.00925446	1.93530071	1.89465845	1.85660493	1.81655574	1.78438461	1.74487197	1.71736264	1.75576556	1.83556330	1.99699295	2.12931442	2.27992487	2.65436053	2.74546647	4.27069092	6.05463028	6.89148426	5.54505348	3.85882020	4.13304043	4.77264977	5.25366116	6.12316513	6.21466541	6.47354126	6.83903694	7.16938829	7.24182224	7.55720472	7.79095650	7.97862673	8.12850666	8.22163105	8.35769176	8.36147499	8.18371964	7.86781740	7.54980326	7.35635328	7.22466516	7.25699425	7.49054670	7.89749098	8.47935486	9.10956097	9.69027519	10.0969343	10.1782494	9.58239079	9.07565498	8.94121456	8.99290276	8.57521820	7.25280571	5.44317055	3.91167903	2.96859050	2.46906233	2.51967001	2.21280503	1.92652142	1.73287582	1.39792895	1.23503709	1.11409640	0.989578903	0.852976978	0.732803464	0.666530013	0.618589938	0.577293754	0.536194742	0.494089484	0.453940541	0.416367024	0.381774485	0.350059748	0.320610672	0.295614421	0.276584655	0.261960298	0.251425713	0.245910645	0.246226862	0.249265805	0.249684930	0.246736616	0.244268477	0.258475840	0.280693442	0.303279430	0.326648653	0.359272569	0.378587782	0.397985131	0.425879657	0.453152865
-6.00000000	0.281326115	0.311695755	0.344458193	0.393453240	0.472807407	0.596933961	0.748528719	0.965587974	1.23725653	1.57649386	2.02007413	2.58094764	3.53898859	4.55259848	5.29187012	5.43858862	5.24273491	5.30834818	5.48371077	5.71556187	6.04909468	6.26958561	6.25044632	6.14368963	6.07270575	6.13225508	6.04131508	5.87314701	5.56591797	5.13752604	4.68560743	4.18016291	3.79707456	3.29863954	2.74785376	2.50841236	2.54991293	3.18328094	3.68174887	3.69852209	3.26677656	2.95420337	2.79326105	2.68068600	2.58898854	2.56644845	2.74053788	3.00547481	3.31497860	3.65067363	4.02208567	4.42526579	4.79137421	5.18943548	5.63132906	6.07179022	6.36029768	6.63171768	6.77152920	6.77876520	6.76601553	6.84439898	6.92920351	6.93575907	6.85160255	6.73648643	6.55598593	6.31808090	6.08067465	5.87301874	5.69571447	5.74482012	5.70773458	5.61880207	5.53745413	5.54820824	5.63879967	5.78590870	5.93119717	6.03105736	6.05661297	6.29084110	6.39066458	6.39803410	6.35074663	6.28244781	6.29374075	6.27444983	6.21240520	6.13176632	6.09302282	6.13082743	6.08801126	5.94309807	5.69686937	5.37236977	5.10329580	4.87967110	4.69075871	4.56556845	4.57286119	4.56065893	4.59344387	4.78446817	5.09938145	5.35623074	6.05121183	6.03982973	5.79507828	5.52103472	5.15285778	4.87101030	4.45372009	4.12394047	3.97750616	3.98313355	3.98763323	4.03441238	4.15471363	4.32883167	4.48611164	4.47923422	4.39870548	4.35882854	4.43123770	4.64490271	4.96223307	5.21165752	5.50520849	5.86381817	6.21731806	6.52411795	6.63504171	6.57958364	6.46453381	6.47397804	6.78539753	7.14417982	7.72027254	8.62892151	9.93067837	10.8530760	11.5886374	11.7706060	11.7630930	12.6610756	15.1185398	15.3360891	14.2060747	12.4567518	10.6522779	9.56278992	8.77240658	8.46379662	8.64756393	9.16226101	9.56951427	9.70830631	9.80930138	9.93320465	9.97077274	10.0673437	10.0797424	10.0899553	10.1025963	10.0449123	9.88345528	9.46437836	9.12359810	9.00640488	9.06745052	8.87441063	8.69137764	8.65532112	8.74664116	8.78916073	8.75613022	8.58567333	8.42811871	8.37936020	8.48085022	8.39052963	8.04656124	7.56529522	7.12243462	6.95305109	6.98119259	6.99761724	6.99886274	6.97961378	6.93270302	7.03838968	7.19337034	7.29600239	7.34354639	7.43216324	7.53221560	7.60112238	7.74886370	7.93920612	7.98970175	7.98510742	7.94644165	7.85835886	7.73163128	7.60315275	7.62232780	7.70082808	7.79119015	7.86740112	7.92490149	7.80827475	7.68681288	7.58468628	7.50371599	7.42336798	7.28480434	7.24268246	7.25398016	7.26034021	7.18806314	7.13983345	7.17365742	7.17823458	7.11155891	7.00091839	6.88096333	6.75220156	6.66701794	6.59515762	6.42372608	6.11147690	5.78167915	5.49144697	5.26135349	5.07542992	4.90708399	4.67851353	4.40910339	4.13386822	3.90344977	3.63437295	3.33824706	3.03674507	2.75444412	2.51882458	2.31190324	2.13473225	1.97654808	1.83875906	1.73494673	1.66144502	1.59667301	1.54961944	1.51254356	1.46097612	1.40843236	1.35472715	1.30787277	1.27072060	1.24096191	1.18813550	1.14251733	1.11340535	1.09736061	1.07820702	1.03682888	0.997962415	0.950141907	0.903797269	0.891254544	0.904183865	0.962297499	1.04685485	1.16811514	1.36533797	1.54834569	2.29259324	4.16651583	6.28554344	6.31210136	4.11802816	3.48732543	4.13341141	5.07810163	4.65161133	5.53105116	5.59736919	5.75917864	6.13801098	6.06831217	6.49591589	6.76669884	7.02992773	7.27900124	7.35144615	7.54211426	7.66255903	7.65342140	7.49451590	7.20483828	7.08431530	7.08203030	7.19015789	7.36506557	7.52731562	7.90387058	8.39971352	8.83246231	9.15669346	9.46394920	9.19927597	8.80669403	8.46501064	8.18032742	7.78603125	6.80425596	5.35150051	3.92918181	2.92542624	2.61506605	2.46307683	2.15847158	1.93394005	1.88061249	1.94805861	1.54526079	1.28993940	1.10054314	0.934093773	0.786185145	0.687105417	0.614695430	0.566176772	0.533062398	0.501156569	0.463790745	0.423673153	0.387355179	0.356621981	0.328492582	0.300980538	0.271955848	0.245687947	0.226742908	0.219983384	0.216922954	0.215643600	0.214081183	0.211452648	0.208256200	0.213398665	0.217599854	0.223262325	0.230581269	0.237544760	0.234919146	0.241271511	0.251804829	0.260596067
-7.00000000	0.175811008	0.187124684	0.207838789	0.238464803	0.287427187	0.371063352	0.485508323	0.641939580	0.842891812	1.10733819	1.47069037	1.87373507	2.73551297	3.80825758	4.66331816	4.69115686	4.63553190	4.79758024	5.05062389	5.34215879	5.69385481	5.83281040	5.85125351	5.76601171	5.65280485	5.64624453	5.63092852	5.60708141	5.47025013	5.15223932	4.62110519	4.16219473	3.87340736	3.46255970	2.96106887	2.72396064	2.92601871	3.68117929	4.03868866	3.85451341	3.79134440	3.16645432	2.86851025	2.77427197	2.81395864	2.97124720	3.27056360	3.48766375	3.66208267	3.84314966	4.08998537	4.46375847	4.80475760	5.11169815	5.38896561	5.64661694	5.96323729	6.23205805	6.46388721	6.65876436	6.80595398	7.08968306	7.30898571	7.37870693	7.26843834	7.00251389	6.73216009	6.52667713	6.31485653	6.08319807	5.87590837	5.78440714	5.68111515	5.61427832	5.61723852	5.70843124	5.87478876	5.98331928	6.02556753	6.06282043	6.22610950	6.49444580	6.64492989	6.71773529	6.78010082	6.92633200	6.90834665	6.81194878	6.63849592	6.47256470	6.48195553	6.39589119	6.35182953	6.27544069	6.09889507	5.76086855	5.53558588	5.35622740	5.22758722	5.12414455	4.99005699	4.86072206	4.76466036	4.82087374	4.99052668	5.07695436	5.56053972	5.28588820	4.96211243	4.84052563	4.71463966	4.89528990	4.76043320	4.48765421	4.25406027	4.23628759	4.34738636	4.40357828	4.49466562	4.63289213	4.75294352	4.80274105	4.78941059	4.74371719	4.70004511	4.69639587	5.04677010	5.37513018	5.65896463	5.93589354	6.30366993	6.78979301	7.07771301	7.13329029	7.08836174	7.24073601	7.50051785	7.65934849	7.91505766	8.40339851	9.19804955	9.89453316	10.7554302	12.2646780	13.8019648	13.6427145	13.2017584	13.1781845	12.7638779	11.7380180	10.4670897	9.96590328	9.55930233	9.39278889	9.44584084	9.53191757	9.70990372	9.88949394	10.1492825	10.4686975	10.7279949	10.8178854	10.8661928	10.9986124	11.1711950	11.1703396	10.8696299	10.5423927	10.2158813	9.94062805	9.79044533	9.68902779	9.60597420	9.56312466	9.53914356	9.46952343	9.39666653	9.27902889	9.22137070	9.24770546	9.30129242	9.15848064	8.80212975	8.23872566	7.64609718	7.37341070	7.29268217	7.22648335	7.13539696	7.01783419	6.91004276	6.93576813	6.99943733	6.99653721	6.93260860	6.92324924	6.97178936	6.95678759	6.98176050	6.99543047	6.79172468	6.53615856	6.42637873	6.37839270	6.33259726	6.25378323	6.19543648	6.26140070	6.36094236	6.43713808	6.46687698	6.35969448	6.26583576	6.16565752	6.03925657	5.86646986	5.71442127	5.63888502	5.61200190	5.57973957	5.46189308	5.28394842	5.20593357	5.13849449	5.03938723	4.91347885	4.79098034	4.71250391	4.69097424	4.67646790	4.55621052	4.27012110	4.01786757	3.82366300	3.68519855	3.57364249	3.39309716	3.15986919	2.91785240	2.69896650	2.52315855	2.33779001	2.12802529	1.90772152	1.70102656	1.54237866	1.38538706	1.26049805	1.16337860	1.09538531	1.06356502	1.01162434	0.963239133	0.923906982	0.899617851	0.896855175	0.857232571	0.818839371	0.791235447	0.777617216	0.774817824	0.757619381	0.729615390	0.694721758	0.659333348	0.632324398	0.599755406	0.560595632	0.522994697	0.493009925	0.474607199	0.460233152	0.465928525	0.490001321	0.536431849	0.614872813	0.763043344	1.12950587	2.43229413	5.15885448	9.56604671	5.76924133	3.92376900	3.84281182	4.42329216	3.64587283	4.95091963	4.89273500	4.95644569	5.40129137	5.26063013	5.62274981	5.79323912	6.01365280	6.30600739	6.47278023	6.63881636	6.78499460	6.93035984	6.97993422	6.72472286	6.61918068	6.58207464	6.65849876	6.82251453	6.97715759	7.37323618	7.69645929	7.90865135	7.99355984	7.95685101	7.86168051	7.53887129	7.06745434	6.57403994	6.23282003	5.55568409	4.59402084	3.51171899	2.64414191	2.49812531	2.25607729	2.16142392	2.23528433	2.42250371	2.59165597	1.98139942	1.57420623	1.29813325	1.09543812	0.922578573	0.819944322	0.728947878	0.653704226	0.598672032	0.568654418	0.531124175	0.485883802	0.444869816	0.410376996	0.375058293	0.333635151	0.290336579	0.252333909	0.223226145	0.203040421	0.193310797	0.186323807	0.183724180	0.183773890	0.181352019	0.182057515	0.181473494	0.181015119	0.180836529	0.179830849	0.178912267	0.177433982	0.175260291	0.173248366
-8.00000000	0.148465395	0.150441989	0.155158594	0.169589281	0.196644142	0.235169262	0.308599293	0.415289640	0.551381588	0.732007980	0.991293311	1.21607280	1.80284405	2.78626156	3.81969619	4.17523623	4.25115681	4.52668571	4.84370565	5.13233757	5.41094398	5.50169706	5.58939648	5.61927748	5.60938168	5.65055895	5.62343121	5.51927328	5.41956091	5.25782681	4.81965828	4.52922106	4.12793255	3.62011909	3.14245582	2.96396518	3.75677586	3.89389324	3.84912682	3.89879251	4.12170887	3.48223329	3.03592706	2.81389475	2.78680205	2.86487699	3.08531165	3.36110926	3.58669567	3.72522068	3.80855703	4.00555515	4.29418707	4.61582375	4.90851545	5.10698366	5.42069864	5.72624731	5.93609524	6.04394293	6.12471628	6.30047846	6.48635006	6.58266258	6.56876945	6.50304747	6.33926630	6.16966629	6.10045052	6.12183619	6.10805941	6.02854776	5.99378777	5.98817492	5.96579838	5.85044289	5.91546869	5.99345160	6.11738396	6.31440449	6.60579777	6.83157635	6.94772243	6.93111563	6.84360361	6.83200264	6.65013123	6.60467529	6.63813162	6.70250511	6.75931835	6.65181637	6.57144737	6.46103907	6.28621006	6.03537798	5.90857410	5.70170689	5.52149343	5.41543150	5.37179947	5.39809418	5.27339315	5.10577583	4.98983812	5.00669146	4.72589970	4.34122372	4.22209549	4.39067268	4.52184296	4.52086782	4.48389006	4.35717869	4.19547510	4.16198826	4.56003094	4.78159332	4.91395712	4.99059582	4.99117231	5.09323597	5.19021368	5.38486195	5.65687561	5.86288929	6.07166910	6.18302917	6.32077789	6.55051756	6.87964582	7.17026711	7.37084198	7.52560568	7.67345905	7.84796572	7.67827368	7.38740063	7.19677687	7.18533897	7.28952789	7.71476841	8.41436481	9.14626980	9.54823685	9.13782310	8.82710552	9.38657665	10.0595284	10.2665825	9.60569572	9.83646011	9.90320778	9.93068695	9.93978977	9.84754086	10.0040350	10.3296604	10.7058010	11.0309458	11.2206936	11.1484795	11.0455656	11.1497774	11.4755507	11.8139305	11.9511919	11.8356314	11.4831963	10.9782085	10.4733562	10.1740446	9.93659687	9.81504536	9.77043438	9.67081738	9.58848953	9.52150822	9.37231064	9.21059513	9.27332783	9.16369820	8.88857269	8.40617085	7.83941889	7.47594166	7.40097141	7.28798437	7.21348572	7.17353153	7.08372593	6.91215086	6.64699936	6.38240385	6.21536875	6.24576426	6.36616230	6.38296270	6.21581888	5.93017626	5.73726654	5.55173588	5.43414211	5.35549021	5.27758360	5.15302706	5.14855957	5.14703131	5.11010075	5.04374170	4.99823856	4.98218107	4.95098877	4.93505859	4.90775251	4.78540039	4.61773396	4.53853226	4.48510361	4.39297390	4.19588518	4.02438498	3.87733889	3.75579882	3.66863346	3.63252234	3.53485584	3.44879985	3.39138436	3.36438799	3.35433745	3.19587421	3.01027727	2.86563659	2.76471853	2.64496660	2.48848510	2.30105591	2.11780310	1.95921552	1.83114803	1.65492034	1.49298143	1.33198106	1.18078935	1.07049692	0.988425851	0.912367582	0.848372936	0.791138530	0.724006593	0.655732751	0.613682687	0.583538473	0.564298928	0.568279564	0.570208132	0.540575206	0.511723816	0.504439831	0.527951717	0.529939413	0.509625494	0.475906283	0.440835208	0.419623077	0.398330331	0.367754042	0.342284650	0.326061994	0.312975556	0.286775351	0.292537570	0.301410168	0.310933679	0.345041364	0.395437419	0.571656048	0.981817544	2.43274450	6.42996216	6.50811386	4.99375296	4.25979805	4.41930246	3.32545114	4.46475363	4.35979557	4.40479183	4.84485292	4.77598095	5.14071941	5.32745695	5.45784235	5.58899021	5.71347904	5.90024185	6.06754971	6.26481438	6.43327284	6.40598059	6.34394407	6.19354868	6.21693659	6.47150517	6.80990124	6.91871071	6.94973755	6.88230228	6.71883965	6.48489809	6.27885771	5.86200619	5.40469599	5.00335455	4.68048096	4.15655327	3.56052423	2.95661163	2.44489360	2.16130924	2.07244086	2.16768861	2.54466629	3.00412703	3.04996276	2.43430543	1.95871449	1.60142958	1.33897984	1.14618397	1.01914454	0.895807564	0.788389325	0.699894667	0.624116659	0.573548377	0.532276988	0.498701304	0.466503084	0.424646795	0.370639235	0.324091524	0.282006383	0.243746951	0.211036637	0.191636458	0.180144355	0.172514066	0.167340189	0.165858239	0.164506435	0.161699206	0.159020394	0.157070056	0.155464321	0.156859070	0.156142429	0.154575691	0.153290898
-9.00000000	0.166474655	0.167498365	0.166834176	0.168018252	0.175724715	0.195765808	0.234514654	0.307189614	0.398412138	0.521688998	0.719411790	0.850470841	1.22628319	2.08991742	3.19598818	3.81065726	4.01370239	4.42145395	4.80965376	5.06352329	5.17777205	5.35592556	5.49491453	5.62568140	5.74218225	5.80138779	5.78310728	5.75490570	5.63665390	5.42684937	5.20262241	4.92985916	4.42929316	3.87290168	3.48594928	3.54699564	4.44365311	4.13305998	3.75926995	3.85046935	4.31897259	3.81910539	3.31019306	2.97650647	2.82644892	2.69255877	2.76917887	3.04527283	3.38170075	3.66283035	3.79653621	3.87042761	4.04267836	4.36105299	4.76787138	5.10000610	5.20998955	5.36579561	5.49098539	5.56183195	5.60732746	5.64178181	5.65467882	5.61121559	5.54093790	5.53773880	5.63551617	5.61685848	5.67819643	5.87925005	6.14302635	6.32590151	6.43752384	6.44943476	6.35104704	6.14964676	6.13463259	6.26995945	6.49375725	6.73284101	6.90271044	6.83576822	6.80001068	6.75259495	6.68424559	6.61925507	6.63437176	6.76702738	6.98030424	7.21669102	7.39808702	7.27451181	7.07216358	6.85742188	6.65696621	6.45777464	6.15138531	5.81997633	5.52880335	5.30528498	5.13900471	5.10850573	4.98508215	4.84215307	4.72734261	4.66247511	4.50876570	4.32547522	4.15778065	4.01088190	3.85000253	4.12013245	4.24175882	4.21798468	4.12302780	4.10221815	4.51736832	4.74675989	4.92097902	5.08021402	5.17425585	5.14894247	5.19106007	5.27768755	5.35929108	5.35971642	5.60847521	5.83049059	6.09687710	6.40963984	6.70167542	6.95868063	7.31001282	7.66014957	7.89472294	7.88050985	7.88308334	7.95864105	8.05619049	8.03653049	7.67225981	7.44393492	7.43048143	7.85152006	8.37355232	8.10996246	8.24623775	8.10794258	8.20678520	8.56274605	8.70408058	9.39644814	9.80594063	10.0213642	10.1290245	10.2127304	10.3287859	10.5702715	10.8925495	11.1869068	11.2805471	11.1573076	11.0831337	11.1025667	11.2138968	11.3691587	11.5193396	11.7332134	11.8290119	11.7144861	11.3869200	10.7940044	10.3827600	10.1395664	9.99716759	9.83468342	9.70160866	9.38407516	9.05986881	8.88200760	8.97873878	8.97642040	8.73839855	8.36239910	7.97549820	7.73412704	7.61694622	7.40464115	7.20929098	7.04669046	6.83634615	6.51802731	6.20464087	5.96431637	5.80721283	5.68551397	5.80586481	5.84292316	5.68543291	5.40859461	5.27406836	5.23219156	5.12514353	4.91976404	4.66759491	4.50488424	4.39243650	4.35015583	4.33795500	4.31613827	4.24539900	4.14455318	4.09114981	4.09098291	4.10929632	4.07078648	3.97950649	3.90399456	3.80426264	3.67070508	3.52409887	3.42578244	3.29013824	3.15780735	3.07737422	3.10536599	3.07677722	2.95864820	2.82812953	2.73623848	2.70785975	2.61814475	2.51271677	2.41292357	2.31249547	2.17754698	2.00650692	1.84086275	1.68368113	1.53847408	1.40919971	1.29519641	1.14710319	1.00218344	0.879033864	0.777584314	0.735117018	0.689377725	0.634265840	0.568198919	0.494112492	0.460331053	0.437374502	0.422698468	0.410984486	0.394139946	0.391627192	0.370815039	0.351117462	0.346937209	0.367665976	0.366711825	0.345282823	0.321101218	0.304900557	0.300425559	0.281864792	0.268570513	0.256771028	0.243413523	0.226164162	0.207825616	0.203676298	0.203673542	0.210611120	0.240119144	0.240624651	0.290035933	0.345449209	0.745647490	2.21110082	5.91076517	5.17721939	4.14099455	4.08021593	3.42060161	3.86926079	3.96643424	4.05597639	4.22641850	4.31096792	4.45344687	4.65229702	4.83129168	4.96874857	5.09752703	5.25267744	5.40081215	5.65751171	5.97623968	6.14835405	6.23043156	6.09511662	5.88349533	5.71560431	5.69043303	5.79315472	5.88055658	5.88982916	5.79768896	5.62038136	5.40360355	5.08930254	4.69793797	4.24087572	3.72038865	3.04274249	2.46504068	2.04804754	1.81442881	1.74875331	1.96617067	2.46472907	3.27494693	3.98221636	3.72680402	2.79759789	2.23783803	1.89193547	1.64287233	1.41220105	1.21415269	1.04006183	0.898206115	0.784648418	0.683236659	0.618115187	0.562638581	0.521367550	0.492475390	0.467748672	0.433555394	0.386081845	0.329772323	0.273609877	0.231116861	0.213083625	0.197607622	0.185145602	0.176439613	0.172516838	0.168669745	0.164536729	0.161872074	0.162022591	0.165927753	0.170458600	0.171397507	0.170737982	0.169942573
-10.0000000	0.196158722	0.196662441	0.193741828	0.191969872	0.194569290	0.203412533	0.217051715	0.254631698	0.316770524	0.414111227	0.567321599	0.702690959	0.990603805	1.83426750	3.09961486	4.11530399	4.38077164	4.87772608	5.21293974	5.27013826	5.20999908	5.26173115	5.44841337	5.61849833	5.69962692	5.69862509	5.65045214	5.59638977	5.52775764	5.42668581	5.26611567	4.80772209	4.29745913	3.95911121	3.86110330	3.91650033	3.90487909	4.04171610	4.10429668	4.15668249	4.54971123	4.42225885	4.01830673	3.63008142	3.34919691	3.06664968	2.98903179	3.14534783	3.40722823	3.70960975	4.05073738	4.28195381	4.38929892	4.53766251	4.77467155	5.03068638	5.03391743	5.04379749	5.11369562	5.22291183	5.27667332	5.31506681	5.29532814	5.22864246	5.15963793	5.16638756	5.31919193	5.50337076	5.73534346	6.00335693	6.26748228	6.44021225	6.53069448	6.59689474	6.63887548	6.59880114	6.71508884	6.80970049	6.92030668	7.03488874	7.09173155	7.07622290	7.07099104	6.99437094	6.88174391	6.88553286	7.07338238	7.15299273	7.21784496	7.29211044	7.33065605	7.14453936	6.88589191	6.69001913	6.56777477	6.40555716	6.06282711	5.65996885	5.26014042	4.94968510	4.83813381	4.80616903	4.67538404	4.48508310	4.27473545	4.08398008	3.86864281	3.81426477	3.81295419	3.78433871	3.67556453	3.56354213	3.54366255	3.60825348	3.71011448	3.76251411	3.95876670	4.16024303	4.41828251	4.69023705	4.83946943	4.87666416	4.96412373	5.02786303	5.10655022	5.35151243	5.47306871	5.63941383	5.84903049	6.08160019	6.29800320	6.72409296	7.08334970	7.36166811	7.52798128	7.53426456	7.44528151	7.52498007	7.67675924	7.72310925	7.40560722	7.26363277	7.13138294	7.09422827	7.14452457	7.18161106	7.36668587	7.69985962	7.79959393	7.83162737	8.50897789	9.02344513	9.45769882	9.79789257	10.0825539	10.4025793	10.5770140	10.6437483	10.8383436	11.1374769	11.2589417	10.9520006	10.8174095	10.7669792	10.6744490	10.3754826	10.4433136	10.6291008	10.9769115	11.3621168	11.4913998	10.9714794	10.6467094	10.4040747	10.1655245	9.88797760	9.68765926	9.45809650	9.19526958	8.97904396	8.97318172	8.95438290	8.77849007	8.43138695	8.03228951	7.83374119	7.86404037	7.62314939	7.28973341	6.96008730	6.64813280	6.27693987	6.00959635	5.84619617	5.73204184	5.55765057	5.57049131	5.53782225	5.37694073	5.12756777	4.95184708	4.91579533	4.86948919	4.71811771	4.46448994	4.20903015	4.08548546	3.99287343	3.97265601	3.99058080	3.93667722	3.81217360	3.74736357	3.74092460	3.77446532	3.81252670	3.71590185	3.63794780	3.52789307	3.38982463	3.28269243	3.17771745	3.08346105	2.99402952	2.92622590	2.91954803	2.89705348	2.80598521	2.67104053	2.52554393	2.41144586	2.29161620	2.20161867	2.11271214	2.00577569	1.87130570	1.70382583	1.55008149	1.38212550	1.20760655	1.06976938	0.975218832	0.866259992	0.764529884	0.680615067	0.614051759	0.560642779	0.515599549	0.472443491	0.429282099	0.388809413	0.364570439	0.345568419	0.327009946	0.307623208	0.289658070	0.280093580	0.269437999	0.260226071	0.255056649	0.256592453	0.257818431	0.241532162	0.225618079	0.217536718	0.214324594	0.212285608	0.214165092	0.206712469	0.190650672	0.180676028	0.163490996	0.156823620	0.159179524	0.166879013	0.174056977	0.158301666	0.161555246	0.167289808	0.244288445	0.546645463	3.75162315	4.01204252	3.64626026	3.84797573	4.68622923	3.63818741	3.64832997	3.81626129	3.81832433	3.90760207	4.03173494	4.17277002	4.36976242	4.56846094	4.62130833	4.86060238	5.03645706	5.24950695	5.50398493	5.70772028	5.66025162	5.42911291	5.14040613	4.89543915	4.77072763	4.75770473	4.92228174	5.05238676	5.05684900	4.96539402	4.66932583	4.47731209	4.23987961	3.81578279	3.07200599	2.32360506	1.81892145	1.52382421	1.43195629	1.56473482	2.31918693	3.19908237	3.65986466	3.49596810	2.84081769	2.54866290	2.26340961	2.00044823	1.75394785	1.49685585	1.31032538	1.13605499	0.971616805	0.825590730	0.717565477	0.626994550	0.561461151	0.518781424	0.490938932	0.464085251	0.443354040	0.409499198	0.363148421	0.312685043	0.274247229	0.254122466	0.235455394	0.219128028	0.207179263	0.202804714	0.195749670	0.192033425	0.190443680	0.190202147	0.190964460	0.190966174	0.193020701	0.195131958	0.196244717
-11.0000000	0.216632336	0.222686499	0.220658764	0.214701727	0.210014671	0.212843448	0.217773855	0.242440313	0.292740077	0.382721305	0.534583330	0.699711621	0.999712825	2.01531029	3.60668421	4.91347265	5.12616777	5.39850330	5.53506947	5.50010204	5.41748571	5.36975050	5.39946508	5.43654108	5.42114449	5.30369043	5.16454077	5.06683302	4.94370556	4.77436495	4.58408308	4.12679434	3.82574844	3.76461220	3.85591483	3.84104586	3.80931640	3.84428596	3.87367010	3.99855733	4.49341440	5.04845381	5.03970146	4.72992611	4.30830717	3.89043975	3.50146532	3.37372017	3.51264596	3.85966921	4.29219913	4.62251806	4.76368856	4.79652214	4.79713774	4.83695984	4.82702351	4.81394148	4.86696529	4.97611427	5.05217552	5.12074375	5.15680695	5.15743780	5.16993427	5.29182339	5.40530586	5.62946749	5.94542170	6.30896997	6.65060806	6.75689173	6.74656725	6.72385883	6.74816322	6.83404541	7.09609032	7.30238342	7.41157436	7.42212391	7.37231159	7.34786987	7.23673153	7.06933022	6.90770912	6.84551334	6.87326527	6.91811275	6.94173574	6.88440514	6.66498327	6.25909853	5.95813084	5.73897266	5.58401108	5.48112869	5.44854069	5.37263489	5.22015572	5.00239944	4.77520990	4.69145155	4.55463171	4.37026453	4.17007875	4.01201630	3.87266231	3.83836436	3.86312509	3.87568426	3.77951503	3.72786212	3.68775749	3.64534688	3.59911537	3.55988765	3.66673994	3.87912607	4.13876247	4.39495277	4.60459137	4.65940905	4.71473265	4.84434986	5.03641939	5.19347954	5.41525888	5.70682192	5.87982845	5.92061043	5.99016333	6.22727537	6.46360731	6.61994028	6.71054792	6.84320259	6.88802528	7.03820801	7.19458771	7.24895430	7.08404779	7.21961641	7.24492168	7.34605122	7.46986055	7.32398129	7.31532049	7.49310112	7.88582754	8.40045071	8.82236958	9.11949348	9.27854156	9.47349930	9.75682640	10.0594597	10.2733326	10.4005384	10.6405239	10.9461432	11.0236540	10.5635843	10.1991987	10.1007090	10.1806955	10.0941114	10.1339426	10.1530504	10.3037138	10.5549202	10.6923628	10.4922943	10.2929602	10.0914288	9.91168785	9.80464649	9.74614906	9.64184952	9.44546604	9.23499393	9.21271133	9.11647987	8.97776985	8.65566158	8.20534992	7.87815142	7.86390257	7.65100574	7.33573008	6.98940372	6.65840721	6.33887196	6.10615492	5.94554472	5.83541346	5.74722099	5.72442627	5.54423714	5.30760336	5.08430576	4.91295624	4.74743080	4.64103222	4.56029844	4.45381165	4.25219488	4.03621769	3.87556815	3.81852412	3.84093308	3.84621263	3.76821256	3.70452404	3.68058133	3.67569757	3.62306380	3.56420755	3.50324917	3.39058352	3.23983669	3.12786508	3.03437781	2.98716831	2.93630862	2.87571931	2.84317064	2.78640652	2.71160030	2.59222651	2.43154454	2.26259947	2.09208584	1.96937883	1.86312723	1.75350296	1.63220227	1.49386895	1.33470416	1.15931523	0.982559621	0.829546094	0.742445767	0.661299407	0.597991467	0.552690685	0.513850629	0.481816739	0.439281285	0.390253693	0.342549026	0.307787865	0.292849004	0.280884892	0.268608391	0.255056351	0.241589308	0.228149891	0.217232317	0.207639575	0.200393677	0.198735550	0.197487742	0.189925566	0.181863189	0.177693367	0.180387512	0.183613792	0.182316929	0.175296620	0.165386960	0.159456208	0.149372473	0.143724024	0.145637602	0.151508242	0.150999144	0.135839403	0.126526162	0.129084051	0.160437003	0.248408288	1.64476895	3.17609382	3.85748053	4.08067369	5.61406708	4.35839081	3.57050633	3.41660213	3.62486672	3.48548722	3.76094246	3.92192578	4.12060976	4.37268686	4.55736828	4.73267889	4.78102922	4.84199476	4.99050045	5.23682117	5.19296026	4.91821098	4.60637569	4.36617184	4.22123432	4.26030397	4.28321362	4.30943632	4.33942890	4.35463428	4.10926533	3.93056512	3.66720462	3.24504495	2.66713357	2.03127337	1.58136690	1.37225890	1.47008097	1.95225263	2.80899310	3.01032782	2.98376417	2.91101718	2.72801042	2.46301293	2.24148488	2.01844859	1.77902138	1.53841591	1.36226249	1.18757510	1.02893281	0.889929652	0.763175786	0.654666007	0.578727782	0.529453635	0.495236665	0.458769947	0.426776290	0.398714364	0.371922493	0.343392283	0.309768587	0.282676071	0.260624111	0.241791502	0.227624103	0.222834840	0.213613093	0.206915364	0.202505618	0.200804055	0.202887103	0.200436413	0.201440215	0.204576835	0.207665324
-12.0000000	0.219950214	0.228932172	0.232565686	0.230009720	0.224577025	0.223734245	0.227754846	0.268877178	0.334215194	0.439535230	0.629255712	0.846523404	1.35202527	2.90160108	5.05567503	6.17925310	5.98863363	5.82859039	5.69246769	5.59461641	5.57039261	5.47093821	5.35355234	5.23570204	5.12754726	5.03193760	4.77947569	4.54865265	4.33545256	4.12193918	3.87626004	3.61232758	3.37516975	3.31329584	3.46672344	3.76697826	3.76768184	3.63481593	3.52467608	3.68011022	4.43052244	5.41774654	5.86410046	5.82242298	5.42742252	4.89566755	4.41236305	4.05743361	3.94888592	4.08628654	4.35075855	4.73417425	4.94025850	5.03866148	5.06558275	5.02377272	4.95511866	4.82899618	4.76309967	4.79784107	4.89634418	5.05767536	5.15334129	5.19173241	5.24067736	5.42744207	5.56753731	5.73083925	6.01978731	6.43605566	6.88055801	7.06572866	7.00160503	6.87973881	6.83629513	6.95205164	7.10713339	7.26389313	7.37910080	7.41071749	7.31790066	7.08708096	6.81054068	6.53667164	6.32555676	6.24897242	6.29070044	6.42443180	6.46252584	6.32942867	6.06167221	5.80388689	5.49828386	5.22219563	5.03751898	4.99072409	5.05178499	5.06513500	5.02536201	4.89884758	4.62376308	4.45022154	4.33950090	4.25971508	4.18908024	4.11591434	3.96570373	3.84207797	3.79707646	3.81608391	3.81783605	3.79094601	3.69577742	3.59197068	3.50842667	3.44330263	3.48620343	3.61683106	3.73070502	3.82110143	3.97905731	4.12966251	4.20455408	4.33181000	4.54768085	4.79659128	5.09902668	5.37519789	5.54425716	5.60800838	5.65090656	5.68254423	5.71911383	5.68881607	5.63763666	5.72934484	5.78111792	5.81684399	5.93822956	6.13486719	6.28424120	6.68519258	7.06867409	7.33535671	7.42323732	7.30764103	7.28763103	7.45509434	7.72662830	8.01449108	8.22659588	8.45597553	8.69878483	8.87966156	9.01018238	9.18887138	9.45079136	9.58398724	9.78837967	10.0348806	10.0654039	9.84661102	9.63141632	9.48481464	9.41252136	9.36097813	9.36726856	9.40454197	9.49249935	9.56215096	9.45581150	9.57794189	9.67645168	9.67482185	9.59221268	9.54346561	9.53990650	9.57451248	9.51584053	9.42518425	9.55657482	9.40853119	9.27043056	9.01400471	8.58890820	8.02271748	7.96057653	7.84242773	7.62208652	7.31783152	7.01240301	6.68790388	6.46684170	6.33566570	6.24925470	6.13091564	6.06651115	5.92489672	5.68225193	5.39800692	5.21483660	5.02963972	4.81576920	4.67018652	4.58290243	4.43697643	4.21322441	4.05672646	3.97746301	3.95128226	3.91989994	3.86135912	3.75783706	3.65361738	3.57348776	3.52273846	3.51924586	3.49763799	3.39675307	3.22114921	3.04110527	2.95515609	2.89831352	2.83118248	2.75030851	2.68817520	2.64254546	2.56115580	2.43936992	2.29561639	2.17138577	1.97430325	1.82730138	1.72715056	1.63915980	1.49717736	1.36571646	1.21245480	1.04977715	0.893157184	0.761157870	0.687152863	0.609573305	0.538773239	0.482173651	0.444262296	0.429736406	0.406903148	0.372463495	0.328469157	0.282322764	0.253156930	0.233094618	0.222413644	0.216985703	0.208276346	0.202936128	0.199239090	0.190671518	0.178811461	0.173328817	0.170254573	0.164888695	0.160900459	0.159389079	0.158883736	0.161559209	0.161148250	0.157748654	0.151816502	0.144166172	0.138531819	0.134833246	0.135062128	0.138665587	0.142545894	0.136013299	0.125600621	0.119255766	0.127831087	0.165083319	0.492109239	2.62399101	4.94900084	6.18982506	5.40356207	6.26486826	6.10564184	5.38681602	4.41451025	3.34002805	3.53344893	3.73225665	3.89891839	4.03613567	4.18684483	4.49678850	4.61995745	4.70294857	4.81641722	4.95507050	4.75573730	4.46774197	4.17954683	3.94241333	3.77040505	3.82773852	3.79764986	3.77519751	3.80052352	3.85885382	3.79403758	3.67734456	3.43357468	3.03080964	2.48041391	1.97697389	1.63559294	1.50584579	1.66663396	2.22618675	2.74602461	2.82366967	2.64886999	2.40383434	2.26323009	2.19285274	2.06107593	1.90510511	1.73838091	1.55057919	1.36490488	1.19803953	1.04738724	0.909819186	0.781674147	0.681779325	0.601254821	0.541994393	0.499581277	0.463287532	0.414280146	0.376142472	0.344131559	0.313208640	0.278039336	0.245539755	0.225652754	0.214395180	0.208509192	0.205462545	0.203407943	0.200133100	0.198383376	0.199040681	0.201123506	0.200691491	0.204686359	0.208722383	0.210673571
-13.0000000	0.217316091	0.228817523	0.234859973	0.238312900	0.240581468	0.241606578	0.242789179	0.297763705	0.409499824	0.593530476	0.877951384	1.19185853	2.03342700	3.92735243	6.08486462	6.40372801	5.87402725	5.55259895	5.37246323	5.30107117	5.34031057	5.27366781	5.06143093	4.84732199	4.69358206	4.58096457	4.25235796	4.00400496	3.83240438	3.67409301	3.40564418	3.23617220	3.20494461	3.29001260	3.47696352	3.75891471	3.72116613	3.57471514	3.44129109	3.52614307	4.11804247	5.38001108	6.12203407	6.28964472	5.99985075	5.54113150	5.17038584	4.71160746	4.31504297	4.13608980	4.33529568	5.05375814	5.13318396	5.16969728	5.27778530	5.09029627	5.01524258	4.91793823	4.83763790	4.80749464	4.85455942	4.99311209	5.11446142	5.22304964	5.36274433	5.61683893	5.74384308	5.84308720	5.98397636	6.19023895	6.43992758	6.63810205	6.74924564	6.76934433	6.73401594	6.71851730	6.75844383	6.82334614	6.89118242	6.90736055	6.78473616	6.43177795	6.15273905	5.93464708	5.78968287	5.75518322	5.88393593	6.07480526	6.08854675	5.88856936	5.64094162	5.47089100	5.29036093	5.12563705	4.98490524	4.85825443	4.86228514	4.80164909	4.72113562	4.62183428	4.46113300	4.25260210	4.17262268	4.11503601	4.02439594	3.89597058	3.76936722	3.63750672	3.60192275	3.67095017	3.75972676	3.76869202	3.63324142	3.52944493	3.49189949	3.41372967	3.24472451	3.20981145	3.23288083	3.28014731	3.36015058	3.55053234	3.79319739	4.12762928	4.49482346	4.73729134	4.87544823	5.12062168	5.36856651	5.53822136	5.57171440	5.55738974	5.27328110	4.99967384	4.84485483	4.74512148	4.60315514	4.56315899	4.70068312	5.01781988	5.44320774	6.09447145	6.69712400	7.15075731	7.42437458	7.55639029	7.44383192	7.38042736	7.44165611	7.60804510	7.76516628	8.02311802	8.19875717	8.25213242	8.23220158	8.27684784	8.43882942	8.48549843	8.59895706	8.82397079	9.06796741	9.08895588	9.10352039	9.10501099	9.03352070	8.77587318	8.53092480	8.44551754	8.53038788	8.68803120	8.71270084	8.90742683	9.01639271	9.02667332	9.00347710	9.09014320	9.02472401	9.06598663	9.21011353	9.44206524	9.73557281	9.74244976	9.44506550	9.07709217	8.69055653	8.15583897	8.10700893	8.08594799	7.94803762	7.67221451	7.36097097	7.10461140	6.90896225	6.75460625	6.59159613	6.33946943	6.24327230	6.18893385	6.04805613	5.84084415	5.73611307	5.61563158	5.37406158	5.13027000	4.93571854	4.77446604	4.58312702	4.40751696	4.29005146	4.22762251	4.17159939	3.98662090	3.79225516	3.63483930	3.53248739	3.47509098	3.43819785	3.42771387	3.35295177	3.20941567	3.07880139	2.98274422	2.86259222	2.73215652	2.61772251	2.55804634	2.54026747	2.50132585	2.42172098	2.30239892	2.16475010	1.97508967	1.81509089	1.67883050	1.55632412	1.43352914	1.33552706	1.20487988	1.06682992	0.937778771	0.825285912	0.731205285	0.637677789	0.551082492	0.478616089	0.428293198	0.406766683	0.394959003	0.373274773	0.336407483	0.293339342	0.251657397	0.225358665	0.210985139	0.202237427	0.189974859	0.187406898	0.190137774	0.185202435	0.171940356	0.161995322	0.157893091	0.156023026	0.154004887	0.151264474	0.149033695	0.151978105	0.150465116	0.145633131	0.139667630	0.135801196	0.133184046	0.130023956	0.128446937	0.129912496	0.135213777	0.134446308	0.130299285	0.129616693	0.134290695	0.141261786	0.186569214	0.541141748	3.39482522	7.19300270	6.63659573	6.47772026	9.88145256	11.8014383	10.5761547	7.92891455	4.78185272	3.59982777	3.44212341	3.60007310	3.59706259	3.92567825	4.23709345	4.46817160	4.58637619	4.58977032	4.34759331	4.09368658	3.83101153	3.59863758	3.47174311	3.40346479	3.35081744	3.33691478	3.36282492	3.40756774	3.45471692	3.40414929	3.22535181	2.88919616	2.36793804	1.88881838	1.59742737	1.51062155	1.72073221	2.39556527	2.78340197	2.51617384	2.18408155	2.03770614	1.98800755	1.93520284	1.85774040	1.75853443	1.64119864	1.51004839	1.37415326	1.23823714	1.10197151	0.963456571	0.819220543	0.705387056	0.614932120	0.549723089	0.503256381	0.460656613	0.408594757	0.367770612	0.330237478	0.293529987	0.260663956	0.236682057	0.221225783	0.212964550	0.209040523	0.205068782	0.199910119	0.197933838	0.198729724	0.201838404	0.206751302	0.206754714	0.209048301	0.211236730	0.212226689
-14.0000000	0.209182367	0.220661715	0.227606773	0.234267369	0.240318224	0.240858749	0.250467032	0.318933249	0.465620458	0.716181576	1.10255957	1.56212997	2.85112309	4.70323944	6.24541664	5.99783707	5.49746513	5.15376759	4.94173241	4.83710861	4.81640577	4.65527534	4.40528107	4.20602751	4.07997131	3.93241501	3.62263346	3.44694853	3.34299183	3.21119332	2.91478014	2.87539506	3.03522348	3.26636767	3.49094224	3.68107176	3.73736835	3.70540214	3.63464689	3.68522096	4.12788105	4.84392452	5.42515373	5.73567963	5.71695042	5.38775396	4.84485960	4.38146591	4.07101107	4.22597122	5.39786243	6.40469313	5.70622301	5.15319538	5.20121098	4.91073084	4.88679886	4.85996532	4.83789539	4.82516575	4.82326412	4.82183743	4.91802979	5.17170286	5.49152994	5.63499355	5.47753382	5.46647787	5.50099468	5.55112219	5.65777588	5.97009945	6.23566198	6.35078526	6.29659224	6.13900518	6.15322208	6.18114853	6.20510340	6.14865160	5.87660217	5.59536076	5.40517902	5.26004601	5.19221687	5.31221151	5.44831753	5.56243658	5.56664753	5.45108175	5.28392601	5.07268858	4.94197798	4.89910889	4.87581539	4.72825336	4.64829922	4.53630257	4.40341091	4.28585672	4.24496126	4.03678131	3.87107515	3.72935796	3.60881352	3.52229714	3.40820575	3.33481669	3.36952996	3.51418710	3.70507360	3.65287304	3.52330685	3.41672492	3.31003213	3.05668736	2.74308562	2.62662315	2.62764168	2.71942306	2.92818999	3.22451758	3.67435408	4.17857790	4.56522179	4.58947420	4.56318474	4.64545012	4.86080647	5.10647917	5.15237951	5.16225767	4.85155535	4.51278591	4.28482723	4.15291977	3.80447412	3.77944112	3.94928861	4.25998831	4.73201561	5.47549677	5.99853182	6.38126516	6.71626234	7.10851240	7.15020800	6.86164761	6.72685099	6.82985306	6.85471058	7.10248137	7.18945456	7.17604256	7.16634130	7.30813026	7.40543270	7.53641987	7.73231030	7.95216179	8.08287048	8.05587101	8.26892185	8.55912495	8.73814392	8.59219837	8.19761848	8.00595188	8.03853226	8.26818180	8.61921501	8.74666023	8.59696960	8.38394356	8.32094097	8.62087631	8.68824959	8.80019379	9.06530762	9.45844650	9.82072353	9.96645355	9.70958328	9.38533497	9.10208416	8.74135780	8.53108692	8.41481495	8.17568111	7.75935888	7.27405071	6.96092415	6.88768768	6.91846704	6.89338398	6.62855387	6.44880342	6.37639999	6.31782675	6.24856377	6.21308804	6.11833668	5.87093830	5.56389666	5.27522707	5.06796026	4.95953321	4.82728672	4.68588924	4.55328321	4.45068502	4.20412493	3.95541787	3.77849030	3.69065571	3.65261459	3.54808784	3.52328825	3.48384690	3.38903213	3.25174904	3.11385560	2.97158289	2.81885624	2.67729378	2.59620667	2.56677604	2.53835320	2.47875619	2.37483096	2.23245049	2.04694223	1.89720118	1.76262307	1.63097835	1.49841249	1.41789806	1.32230437	1.20613909	1.07195807	0.930363953	0.814269304	0.707368255	0.604363263	0.511856019	0.448348165	0.419144303	0.404038608	0.389459878	0.366711289	0.331970394	0.288648307	0.256537676	0.237632453	0.227299586	0.214278921	0.194442123	0.187247083	0.184007242	0.178242818	0.165680885	0.157814607	0.154763520	0.151037484	0.146509036	0.146413356	0.145164505	0.141113058	0.136777133	0.133937448	0.133637339	0.135441318	0.133719027	0.131532058	0.130979478	0.133197874	0.134744689	0.135756865	0.139344931	0.143149242	0.139340118	0.138407066	0.139447674	0.857065082	2.94548655	6.99856281	7.78621769	8.70225525	10.6321850	13.2344522	14.9404411	8.88969707	4.88125229	3.29262257	3.38397026	3.29810262	3.56129098	3.81401825	4.03550959	4.18935728	4.22352219	4.05771351	3.86188793	3.60369372	3.31279016	3.08084941	3.03528547	3.03414893	3.10957813	3.19298553	3.11506152	3.03449750	2.98057723	2.86599255	2.62595081	2.21817827	1.83755064	1.60504246	1.54333401	1.76340830	2.46455240	2.81787968	2.40368915	1.95131302	1.76498210	1.72382677	1.69239736	1.64965665	1.59661579	1.53146565	1.44957745	1.35153592	1.22963369	1.09518743	0.961175144	0.842236638	0.720575809	0.616499722	0.538966894	0.486429632	0.446833611	0.410250127	0.377290249	0.345313847	0.312272400	0.276708841	0.250014216	0.232751176	0.222752884	0.217002183	0.211631790	0.206579626	0.203901917	0.202900916	0.203968987	0.208588392	0.209327683	0.209793329	0.208847240	0.207147330
-15.0000000	0.204162762	0.207056046	0.212389052	0.217770934	0.221349731	0.221812382	0.240002543	0.296903580	0.428134769	0.675517082	1.08707285	1.70773995	3.13081765	4.65093708	5.66044426	5.64939547	5.05009604	4.62441063	4.41366482	4.34190702	4.21590662	3.95182657	3.69728541	3.51336455	3.38281965	3.21008086	2.93851733	2.81348753	2.70563984	2.56547761	2.42335892	2.45760894	2.61997628	2.90571404	3.26976442	3.62676144	3.79101491	3.77294302	3.75745845	3.85603571	4.10671139	4.32385111	4.66553640	4.96852541	5.07460117	4.83057308	4.05216408	3.75865483	3.71498322	4.15532637	5.78309917	6.09931755	5.34645748	4.83451319	4.84740353	4.64297056	4.65783882	4.66860437	4.71854687	4.78324461	4.77057171	4.66304541	4.64751148	4.83690929	5.14291143	5.27591658	5.05114031	4.98631477	5.00469780	5.06576538	5.16521645	5.46849155	5.70632601	5.78267145	5.70403624	5.57947731	5.46635199	5.39721298	5.35888433	5.27850246	5.02350855	4.86363411	4.75164366	4.71628904	4.77037001	4.91073704	4.85796070	4.80923748	4.77042389	4.70617437	4.53994560	4.36324072	4.30582047	4.32998943	4.36045074	4.28430891	4.13964844	4.03131342	3.93808866	3.85638714	3.80025339	3.62442398	3.42016387	3.23971534	3.11456823	3.05545974	3.05047965	3.08283377	3.16826963	3.30700755	3.48374271	3.41215825	3.33239698	3.23894000	3.05405235	2.62778187	2.32886958	2.26587749	2.32918239	2.49064374	2.80360460	3.22255397	3.67087984	4.05166531	4.24855757	4.12576294	4.00475073	4.01165390	4.10141468	4.23505735	4.37968445	4.34130096	4.13682890	3.92951560	3.84380436	3.96533632	3.72265315	3.59640288	3.61251521	3.79267597	4.15433025	4.57410097	4.97544575	5.28106117	5.57121658	6.08375788	6.59562016	6.22005796	5.92611361	5.97587061	5.92444944	6.19409037	6.35625315	6.38778305	6.37623739	6.51988983	6.55223751	6.73905087	7.10877705	7.50340939	7.57847929	7.47635078	7.64427662	7.92189169	8.09644604	7.90280247	7.62307644	7.52161694	7.63774014	7.97375917	8.49497986	8.65676785	8.37223244	8.07952499	8.04062939	8.34136105	8.47009945	8.63376141	8.94947815	9.41157436	9.89157486	9.97010708	9.82126331	9.64190578	9.47564602	9.21283913	8.95839024	8.63910007	8.23421764	7.73146868	7.12705374	6.81079769	6.74408484	6.83816385	6.93855143	6.82503510	6.71978235	6.66906118	6.65360928	6.65093517	6.63531876	6.49927759	6.25092554	5.92718792	5.60576487	5.40513420	5.27578449	5.13983393	4.96671534	4.79179716	4.71637821	4.55794621	4.30627251	4.10990906	4.03032732	4.04191542	4.00819540	3.96554375	3.86718583	3.71576643	3.56335402	3.37597036	3.23497105	3.08825326	2.92925882	2.79697371	2.71997619	2.64001799	2.55145860	2.44109321	2.28815126	2.14550042	2.02724004	1.92160344	1.82590580	1.74654472	1.65246570	1.53808951	1.40754163	1.25996614	1.08952606	0.953580737	0.835309029	0.721543014	0.611928821	0.518926740	0.465401113	0.429747641	0.405708671	0.387417376	0.369398087	0.333772570	0.300995260	0.275914520	0.258474708	0.243716165	0.221898496	0.201512665	0.193724662	0.193426430	0.179235816	0.165018871	0.156480908	0.150866926	0.147279337	0.146678090	0.142985985	0.138984561	0.137262851	0.137572527	0.136827916	0.138520077	0.137759164	0.136278570	0.136022955	0.139148057	0.140062973	0.143970847	0.148771659	0.149973616	0.140693232	0.135353819	0.134186327	0.280029416	1.13320327	3.67150998	6.77826643	8.00545025	7.48371029	6.43015766	7.14835548	8.83633900	6.75980139	4.40181303	3.32033873	3.14824009	3.39756608	3.50991154	3.58156133	3.65288734	3.70835280	3.61709285	3.51528978	3.36988878	3.19285321	3.04116249	2.93654585	2.93623614	3.01054263	3.09432244	3.08698940	2.95729351	2.80792594	2.65367866	2.45389891	2.11248636	1.88508224	1.72213840	1.73230612	2.00675058	2.61915064	2.88052797	2.40413022	1.88203025	1.61821723	1.52859449	1.46715808	1.43847859	1.41323936	1.37625206	1.32645655	1.26127672	1.16794181	1.05441725	0.933439374	0.822515845	0.714727342	0.612076640	0.531073689	0.475013405	0.433975369	0.403215975	0.377344549	0.352888674	0.325664997	0.290779352	0.262987584	0.245234787	0.232295394	0.222126648	0.215868577	0.209087148	0.207205802	0.206639662	0.206656352	0.209376037	0.208946422	0.209087580	0.206820652	0.203171641
-16.0000000	0.198935717	0.197615802	0.199936077	0.204156920	0.208904982	0.213173166	0.234376654	0.269313872	0.347330451	0.505160034	0.786924183	1.41581941	2.67551351	3.97419882	4.83973742	4.91965866	4.34984875	3.97294426	3.84413576	3.86758971	3.79644752	3.47231841	3.22700405	3.01434779	2.80719900	2.59741521	2.38878727	2.17555070	2.01300001	1.92940307	1.92600083	1.91046357	1.92502964	2.12734318	2.59081292	3.30461121	3.80839133	4.08337212	4.15292740	4.04416847	3.78794670	3.74229693	3.97906089	4.28579187	4.39913082	4.00480652	3.29358768	3.10498023	3.30545354	4.08097601	5.93701267	5.81765223	4.99982166	4.45805883	4.40256453	4.27920675	4.28377533	4.32826424	4.39286518	4.44773865	4.45300961	4.38673830	4.34381485	4.39620018	4.53338528	4.66239405	4.54974604	4.49594784	4.52976656	4.64245224	4.78774309	5.04903984	5.17748260	5.19761705	5.14980364	5.09021759	4.97798109	4.91298294	4.80671406	4.62292290	4.37761831	4.24328136	4.15083075	4.14364195	4.17148066	4.09050322	3.87583399	3.75491261	3.72463965	3.70859551	3.55703378	3.42593932	3.43742299	3.52452731	3.60233498	3.56796932	3.43507671	3.36769462	3.33555388	3.29605293	3.19425440	3.08760166	2.98287582	2.85886359	2.72401285	2.61643386	2.60976768	2.72874284	2.89005756	3.02734232	3.09115934	3.00690603	2.91840172	2.84162164	2.70153594	2.33210731	2.09359694	2.07168889	2.16271162	2.31683278	2.53805661	2.98003960	3.35131812	3.57338452	3.63117886	3.57309270	3.40398717	3.41154552	3.41579771	3.41465831	3.58393121	3.58198690	3.45692873	3.40426469	3.50028086	3.70204473	3.60842276	3.41866636	3.31857777	3.40041137	3.66287184	3.78589320	4.04013491	4.33768368	4.69432211	5.22953081	6.46017408	6.10699081	5.65264273	5.60548496	5.49956656	5.68598461	5.84696484	5.91671896	5.93050241	6.02461767	5.99479818	6.03735542	6.35079670	6.79784632	6.90544653	6.93790531	7.14467192	7.33257437	7.34161520	7.04497957	6.82365894	6.87116957	7.09224367	7.46140099	8.02294636	8.39975739	8.22694778	8.03976154	8.07382488	8.26514721	8.46850777	8.68097782	8.96220398	9.33061981	9.76344204	9.73602009	9.68262196	9.71471405	9.75164127	9.52062416	9.20707226	8.79882717	8.32682323	7.81214380	7.26602030	7.02649593	6.95029688	6.96085072	6.99188900	6.98744202	6.99903870	7.00641394	7.03393888	7.06759548	7.05498075	6.86154032	6.58942986	6.32197571	6.07587099	5.80117512	5.59711599	5.40343904	5.22000122	5.08359337	5.06794310	4.97277498	4.77204275	4.59673071	4.51499367	4.53214788	4.50029039	4.43995428	4.31713057	4.15179443	4.01790237	3.81289577	3.63808513	3.48807144	3.35098171	3.20847440	3.03362346	2.85469246	2.69631863	2.55159092	2.38205314	2.24532723	2.17559075	2.11880445	2.05828023	2.01468229	1.95819116	1.82740080	1.65957618	1.47513282	1.27763629	1.11033523	0.977343500	0.861699879	0.753217697	0.648485839	0.558415890	0.494955599	0.451801568	0.422293395	0.399413854	0.373338342	0.339922041	0.310403824	0.286467344	0.260240972	0.235830560	0.211605176	0.201169863	0.200318083	0.187031791	0.167835742	0.160261691	0.155978322	0.151357040	0.147471890	0.144476458	0.142745301	0.142308474	0.142845839	0.143686861	0.144600809	0.143408790	0.142176181	0.142297521	0.144496426	0.145820454	0.149964735	0.154233724	0.155554056	0.150474682	0.144025400	0.149651244	0.176150739	0.260261983	0.466662467	2.23180389	5.45841074	7.28987026	6.79993868	4.99273396	6.61442089	7.86884832	7.06450176	4.61260128	3.02709770	3.11383152	3.14849973	3.14901185	3.16805148	3.29307222	3.25684953	3.26382828	3.21735001	3.15318274	3.23952413	3.19558644	3.15942740	3.16296363	3.17090130	3.08073115	2.97935247	2.76698899	2.58343911	2.41020179	2.07047439	1.94437170	1.87578845	2.00776601	2.34681129	2.76289630	2.91288328	2.43277454	1.90789437	1.60298193	1.46219122	1.35395467	1.30948675	1.27295268	1.22402430	1.17788184	1.13765669	1.08600175	1.00706327	0.906488836	0.811428666	0.715985119	0.619451761	0.541047812	0.486531377	0.448199928	0.418937266	0.396153092	0.371936947	0.342552006	0.308435202	0.279548943	0.260444701	0.244026050	0.228774592	0.218750209	0.210029379	0.207416415	0.207106799	0.206701636	0.205207318	0.205573261	0.203905642	0.200785115	0.197863370
-17.0000000	0.187970847	0.188565522	0.191271767	0.196365803	0.202797994	0.208192855	0.225335285	0.242282644	0.273182064	0.350783855	0.526441455	1.03026056	2.09782600	3.14243531	3.80663562	3.96222520	3.67863941	3.51428986	3.49406242	3.55458450	3.54422832	3.25956750	3.00628757	2.73728585	2.46388388	2.25582671	2.06910515	1.79175150	1.56367266	1.47840571	1.58311951	1.64780045	1.82243204	2.26328444	2.86432767	3.25723147	3.93599868	4.24612141	4.18358326	3.85054874	3.45536375	3.49826837	3.57442856	3.82048273	4.02522182	3.62958789	3.23944879	3.00096560	3.59855413	4.82567978	5.58485460	5.05409384	4.49527407	4.17309284	4.10405064	4.05645037	4.04800940	4.02346373	4.01486921	4.05295658	4.16713285	4.22076845	4.22095299	4.16502333	4.08019590	4.02356911	3.92008090	3.90048623	3.96240234	4.08809853	4.24449539	4.41888428	4.47776270	4.47688484	4.46499109	4.48380709	4.51862955	4.52709103	4.41585732	4.18860006	3.94599652	3.71010375	3.47291732	3.32208753	3.23637390	3.08565092	2.89326978	2.77568746	2.76256967	2.79843783	2.74266911	2.62417245	2.62449813	2.71204162	2.81004953	2.79661775	2.63843441	2.59315276	2.60017633	2.59960532	2.53223181	2.52894425	2.56104374	2.54444313	2.44786954	2.29286289	2.23942232	2.40779829	2.61287379	2.71500301	2.62001014	2.43411589	2.34463406	2.32332993	2.28745627	2.09975481	1.95867741	1.93782878	1.94782627	1.97534466	2.08311605	2.52122235	2.83449459	2.96667790	2.93276191	2.81898212	2.87937212	2.89143682	2.87542677	2.85634828	2.86396527	2.87259912	2.86806464	2.92448664	3.04484677	3.16098332	3.17659211	3.13392758	3.03835082	2.98722386	3.16991186	3.32913136	3.45630908	3.65058684	4.04803991	4.82167768	6.76497316	6.27940798	5.56937885	5.44282627	5.31123638	5.35214853	5.41654587	5.45622587	5.49327850	5.62008476	5.65408850	5.58234835	5.74581623	6.09992027	6.21456146	6.30965090	6.65631533	6.87097740	6.78881264	6.46374798	6.33380032	6.35630846	6.53707933	6.87504148	7.36224651	7.91638374	8.05841064	8.02648640	7.98646736	8.03190994	8.26126766	8.47665215	8.78718376	9.14010334	9.32077122	9.31533146	9.37258244	9.60415840	9.86727905	9.76474857	9.41548729	8.93286991	8.34656906	7.75946188	7.34764433	7.20604897	7.10078669	7.00930595	6.92241430	6.84427214	6.98762131	7.12512493	7.24075174	7.32862854	7.39304066	7.19702530	6.88932467	6.65553999	6.53742743	6.43289566	6.15773201	5.89706278	5.69507599	5.60311460	5.67967033	5.55725765	5.34986496	5.18635225	5.10341501	5.04558134	4.97458267	4.87034655	4.75384617	4.64225817	4.54896212	4.38725424	4.14773417	3.95722890	3.84585166	3.74700379	3.48327065	3.17227602	2.92000413	2.74672389	2.58698821	2.41048360	2.33302641	2.30177736	2.28304553	2.26228976	2.21006274	2.08314371	1.91486073	1.72200060	1.50480878	1.32547665	1.18735182	1.06397390	0.946417928	0.843293726	0.740962863	0.651752532	0.579788804	0.522640884	0.471320271	0.431375116	0.382234424	0.343213320	0.315275997	0.281035483	0.250206739	0.228242412	0.217542678	0.212767333	0.200835779	0.176755995	0.169204891	0.164339885	0.156740904	0.149410486	0.144849420	0.143770233	0.143996298	0.144630224	0.146053687	0.146776333	0.147808030	0.148180723	0.147970587	0.148297995	0.150809154	0.153864712	0.156699374	0.157384321	0.152827129	0.149553895	0.145001695	0.148696095	0.173087910	0.233553201	0.494480848	1.69837224	3.78905725	5.76938677	5.70123196	4.42122507	5.85200453	7.40789986	7.39957476	5.03402662	3.40915751	2.85386586	2.80901527	2.92560792	3.06478524	3.14683080	3.25344276	3.28686762	3.25295258	3.26114535	3.57642174	3.62106371	3.52799535	3.35851336	3.10228395	2.90656662	2.68830776	2.52095175	2.38683200	2.17717242	2.08186078	2.06767988	2.30106688	2.65085411	2.68826890	2.81755018	2.42089319	1.97984743	1.70365179	1.52923131	1.37254417	1.27748871	1.21351004	1.16000617	1.10632718	1.06244087	1.02085936	0.955642700	0.868304312	0.787810802	0.706804633	0.625828505	0.551117003	0.491110981	0.456458002	0.435724348	0.421135932	0.400810927	0.371636093	0.339266866	0.307145804	0.282361776	0.261948675	0.243662879	0.225983322	0.216400594	0.210485637	0.206633598	0.204230160	0.203651741	0.201865599	0.196461380	0.190424263	0.186326280
-18.0000000	0.171882600	0.173767224	0.177973941	0.185037985	0.193231285	0.198562697	0.208070517	0.216889352	0.228186220	0.262105346	0.355767906	0.650856435	1.52334607	2.34562969	2.85416842	3.14949059	3.11561012	3.11734200	3.19810009	3.31343412	3.33103037	3.13257480	2.86691928	2.59385324	2.35164475	2.15704298	1.96773255	1.67877948	1.41981459	1.31822920	1.49917448	1.64255869	2.24560857	3.08864784	3.72435331	3.47775269	4.15441751	4.12652254	3.85990977	3.59681320	3.35585546	3.37007523	3.29197812	3.54742360	3.93301702	3.61610341	3.29725051	3.04684520	4.15493917	5.68037367	4.45077562	4.26780748	3.97231388	3.83719420	3.89160705	3.92096996	4.00747395	4.01408577	3.97433186	3.97342753	4.14828014	4.34458351	4.32872725	4.17506409	3.94275141	3.67575288	3.50147319	3.43149710	3.45027781	3.50924349	3.52679610	3.56889081	3.59603882	3.60952663	3.64999652	3.79744983	4.01491928	4.13982534	4.09076405	3.88778806	3.65240765	3.27488041	2.90989709	2.64186525	2.48021531	2.35940385	2.20291829	2.09262562	2.07451701	2.11681700	2.10998416	2.02703571	2.03610086	2.10904217	2.17948890	2.14283848	2.00358176	1.94484162	1.93320620	1.94118130	1.94719100	1.97932792	2.06232548	2.16302276	2.23668885	2.22702312	2.17872262	2.29456878	2.37773681	2.31265593	2.06500769	1.87966692	1.83713496	1.87514579	1.97604251	2.16677737	2.20960736	1.97729707	1.74716687	1.67970240	1.81855631	2.14410734	2.37025332	2.44216371	2.37653613	2.26159573	2.45755792	2.54104686	2.50675726	2.40493584	2.34137869	2.30886126	2.34481931	2.44491434	2.57433534	2.66779995	2.81029892	2.88541961	2.87031388	2.81700945	2.85241294	3.05619597	3.10655880	3.14414549	3.37133360	4.05223083	5.89297295	5.62276220	5.17511272	5.21771097	5.15241623	5.03013659	4.95772314	4.94507885	4.98168421	5.03659964	5.19918680	5.38410854	5.62376022	5.87163401	6.00232267	5.99401093	6.19319868	6.31659031	6.26876116	6.14215755	6.15441942	6.11281967	6.17292833	6.40621138	6.80003309	7.44510221	7.88317919	7.99429893	7.86209440	7.77379608	7.82477808	7.95903969	8.27538967	8.67512798	8.86204720	8.89245987	8.97924328	9.28501701	9.66632175	9.67361927	9.21921253	8.68776131	8.12651348	7.63023472	7.34121609	7.20673180	7.03421926	6.85608006	6.68044949	6.49119854	6.58526421	6.74169874	6.92006922	7.12526274	7.40749645	7.35110521	7.13891840	6.91041327	6.78236675	6.84886169	6.73064137	6.49477482	6.28672695	6.18640709	6.20816422	6.14900017	5.96924305	5.79459000	5.66664314	5.54290295	5.40790415	5.29307508	5.23601198	5.20208311	5.08442450	4.92591906	4.65772867	4.43982363	4.32497549	4.25875759	3.98078680	3.60671115	3.28426147	3.06236935	2.89116979	2.72052693	2.58429480	2.51261139	2.49055171	2.45812821	2.40342045	2.27358699	2.11587310	1.94807827	1.75855756	1.59221733	1.45690525	1.33948517	1.22206318	1.08198678	0.966469288	0.869111478	0.773829937	0.674986184	0.577386439	0.497158229	0.424771130	0.372269601	0.336962938	0.301424921	0.277569622	0.259510517	0.245806202	0.234702572	0.224132776	0.203044519	0.189480841	0.178640187	0.167600334	0.155318424	0.147855937	0.145798683	0.145382807	0.145069033	0.145542696	0.146232292	0.146613255	0.147134155	0.147671968	0.147532091	0.150901973	0.153473064	0.156308025	0.157570019	0.152522609	0.151748762	0.150055438	0.147425085	0.145094082	0.145552769	0.170526236	0.210430667	0.699027717	1.93571043	4.08550358	3.44139361	3.47821259	4.67988300	6.51788092	7.45123339	4.34649706	2.96894431	2.66377211	2.81006408	2.82078886	2.95615482	3.06751132	3.15861845	3.23537397	3.30581594	3.73449898	3.83381200	3.72249961	3.49215817	3.20723367	2.93708944	2.76029968	2.61637306	2.48920870	2.40709686	2.33577824	2.34976029	2.62874508	2.97682905	2.82250476	2.65698481	2.40229511	2.15903783	1.95402396	1.74027431	1.53987610	1.38577020	1.27225077	1.18542171	1.10319543	1.05731440	1.00232303	0.932223797	0.854325473	0.789243460	0.712475359	0.653373361	0.588338315	0.519465208	0.474542707	0.455499917	0.443369597	0.425472468	0.399759233	0.374810904	0.346344024	0.319075733	0.293619782	0.269681573	0.246057808	0.229926005	0.217039481	0.207271367	0.201806366	0.203140661	0.200182527	0.192929476	0.183373809	0.175553828
-19.0000000	0.163275242	0.163141787	0.166883320	0.174604222	0.183327258	0.186993659	0.193588972	0.197850332	0.200492665	0.210418373	0.244717404	0.358376235	0.790108085	1.45730877	2.19970798	2.77936888	2.86089897	2.94991660	3.09676337	3.23717332	3.19227290	2.99971700	2.73668575	2.48060107	2.26836920	2.09638190	1.97487235	1.80794227	1.61675608	1.48755717	1.57167065	1.77289224	2.71104980	3.53587699	3.84734631	3.69566941	4.10635662	3.85497808	3.55649185	3.40043235	3.15091228	3.11557508	3.02425218	3.27732515	3.66222215	3.35341883	3.14822555	3.10264277	4.53386068	6.03813601	3.49078822	3.69053364	3.47279692	3.41441011	3.59755945	3.60978580	3.73024654	3.81732774	3.86032271	3.90119171	4.03456116	4.28780794	4.22887707	4.02313375	3.76176047	3.46175408	3.26975226	3.17220783	3.14380360	3.12766719	3.03536844	2.90458035	2.85673976	2.86831927	2.93815160	3.08743119	3.40191412	3.60068011	3.55827689	3.31954455	3.09961534	2.75697351	2.42900443	2.17685032	2.02027822	1.93768203	1.88364315	1.82484066	1.79841030	1.77527428	1.66013944	1.57058012	1.58340943	1.64871907	1.70054913	1.65688825	1.53991747	1.46588159	1.43705618	1.44911087	1.49110854	1.51124740	1.58327937	1.72124004	1.90175653	2.06404781	2.08877373	2.19216132	2.18051934	1.98450279	1.65911150	1.55932069	1.54959965	1.62497354	1.85765815	2.39706039	2.59130454	2.14976239	1.70909536	1.57484031	1.72140920	1.90172327	1.99974740	1.98508799	1.91149843	1.91688073	2.07084441	2.13834858	2.13622761	2.09408903	2.05431294	1.96035087	1.94366992	2.02774549	2.19198585	2.37173462	2.51121640	2.59064579	2.64338708	2.69625807	2.76953316	2.90047860	2.82447338	2.74290872	2.81198645	3.14271545	4.33918238	4.46236038	4.54187155	4.89993334	5.15135670	5.07279301	4.82172251	4.58311462	4.46537304	4.50033474	4.76101255	5.13398361	5.41776276	5.60738230	5.89438963	5.83021688	5.75113249	5.69882727	5.71926832	5.86269617	6.01930666	6.03276062	6.12014341	6.37854052	6.78503513	7.29238319	7.73679209	7.92933321	7.87829494	7.78918457	7.67166710	7.61177015	7.78090620	8.14116573	8.44532013	8.46355629	8.51656437	8.68719196	8.90717983	8.95714855	8.51494217	8.00911140	7.56546307	7.25215578	7.07970095	6.94813347	6.80892277	6.66605902	6.51648045	6.35007763	6.32894611	6.40368652	6.51847124	6.66263247	6.87066364	7.06458187	7.11315680	7.01318407	6.84777069	6.78632355	6.86228228	6.79267168	6.68981504	6.61510992	6.57902765	6.49721956	6.41265154	6.29956007	6.16565514	6.05211926	5.83998299	5.68119335	5.60525751	5.56949520	5.45904303	5.25955343	5.03214312	4.86102390	4.75838661	4.66440248	4.41847801	4.06639957	3.74352789	3.50715137	3.33648753	3.16886210	2.97447634	2.80038095	2.66883087	2.57728767	2.54765463	2.47293186	2.34725738	2.17645574	1.97804070	1.83132732	1.71262050	1.62237048	1.54375315	1.44266880	1.30577111	1.17246473	1.03540683	0.889419973	0.731492221	0.610671639	0.515389085	0.448707521	0.401855469	0.354227245	0.327692300	0.298064560	0.271853030	0.252450228	0.240132421	0.226249486	0.213566184	0.201649070	0.189657778	0.176345050	0.160652801	0.154373899	0.151214644	0.147641405	0.142880514	0.144244507	0.144266009	0.143772379	0.143084824	0.142018408	0.147672936	0.149704009	0.151978686	0.154277161	0.152292624	0.151792377	0.151923105	0.147955716	0.139587924	0.130944088	0.125693321	0.121156551	0.236541823	0.616442144	1.43083525	2.62209678	2.84645557	3.21159959	4.56326342	7.48522854	5.32178497	3.49634624	2.66868401	2.70910525	2.69845104	2.75477242	2.81967354	2.91970086	3.07274246	3.28802562	3.50315285	3.61210918	3.58383656	3.43958116	3.25288749	2.97691298	2.87392831	2.78058791	2.66357589	2.61960816	2.58163238	2.69693995	2.95625567	3.20476580	3.14211297	2.66599894	2.49224329	2.41443896	2.30035663	2.09194779	1.86156857	1.64023244	1.47010660	1.35127997	1.24176311	1.16125381	1.08791292	1.01116276	0.935710669	0.881547809	0.807807148	0.754153252	0.692995071	0.620124221	0.554714680	0.514069915	0.481232524	0.455457062	0.433877945	0.411509305	0.382755727	0.357588381	0.331363618	0.303204477	0.276001155	0.255026162	0.233950302	0.215834662	0.203520402	0.199628726	0.195280522	0.188637227	0.180160716	0.173002154
-20.0000000	0.160736457	0.160905614	0.160812795	0.165547401	0.173470035	0.176212475	0.182916388	0.185587451	0.186349466	0.187090278	0.189461738	0.209638000	0.347803414	0.818697214	1.62622178	2.56344199	2.89192557	3.05188656	3.16513515	3.23206735	3.13166332	2.80786633	2.49988699	2.26642895	2.10703945	1.96210837	1.87636304	1.83581257	1.78199279	1.79813647	2.10917115	2.50392461	3.01002645	3.30298281	3.36154461	3.46770668	3.61854529	3.37465477	3.13997722	3.03851843	2.91435075	2.89885211	2.81479883	2.93821096	3.15477872	2.95986128	2.95967746	3.22421861	5.03003502	6.62821150	3.24436998	3.37302470	3.14890361	3.10328197	3.30270171	3.34897017	3.46091580	3.54283667	3.61979508	3.68812776	3.71544600	3.78045034	3.73619080	3.61250019	3.42985582	3.19938374	2.98322511	2.91540694	2.89714336	2.84779906	2.70488763	2.56542134	2.47950292	2.45994806	2.48817039	2.51418138	2.85417700	3.11657572	3.06126332	2.74337935	2.51331878	2.30542803	2.05665183	1.85047424	1.71737862	1.63484859	1.72703111	1.77504683	1.73989189	1.60214126	1.36194909	1.23270559	1.20215523	1.22859561	1.26898623	1.27894902	1.18201435	1.10605013	1.04938328	1.02455902	1.05834055	1.09864616	1.16828477	1.29805565	1.48069894	1.67089570	1.75375414	1.90071702	1.90912414	1.72375333	1.43682051	1.38146055	1.43245935	1.57463670	1.81167555	2.16612387	2.27811599	1.92799938	1.61429060	1.53995407	1.61240160	1.72222245	1.70493329	1.61431277	1.54009891	1.60799134	1.67381692	1.70842659	1.79941750	1.93255472	1.99177217	1.93227732	1.87199497	1.88954318	2.01376891	2.22374725	2.31021523	2.35306382	2.39942622	2.45749307	2.49651527	2.61113524	2.50360894	2.40633535	2.46375084	2.73232841	3.52785254	3.85279608	4.05644703	4.29308414	4.52197361	4.69850922	4.59566212	4.32463312	4.07918167	4.13562870	4.39458942	4.66511822	4.85836220	5.06595898	5.56003380	5.67347193	5.44306612	5.20244455	5.18181705	5.50797081	5.80851173	5.91996622	6.12562752	6.51908207	7.00419950	7.26487923	7.38640165	7.44164181	7.47635984	7.50920486	7.57615948	7.58933973	7.63464499	7.73519802	7.85134268	7.85487461	7.86115980	7.89749527	7.96248293	8.02602768	7.89741182	7.50607920	7.09274006	6.80289602	6.68683910	6.50922251	6.33336496	6.19016647	6.09335613	6.03949022	6.06153202	6.15487337	6.26650667	6.35327339	6.38186836	6.61340523	6.84446526	6.95252323	6.90715647	6.77004194	6.81752920	6.83469677	6.81448126	6.76834631	6.72628307	6.64626646	6.56922722	6.48141670	6.39846754	6.36538458	6.22005177	5.99298000	5.81311846	5.72399759	5.68372393	5.54413223	5.35070229	5.16524363	5.00481749	4.84174490	4.62906313	4.38030100	4.17305374	4.00782204	3.80800939	3.60064530	3.36496639	3.14122701	2.95135188	2.79893637	2.70792580	2.64980292	2.58515692	2.46889424	2.25024223	2.04507160	1.91717982	1.83508527	1.78752065	1.78343070	1.72816348	1.61300254	1.43632245	1.22397625	1.02929616	0.833019435	0.691548228	0.591835320	0.517250419	0.447579861	0.401762992	0.366700530	0.332171708	0.297912687	0.273616433	0.257156491	0.241453037	0.229701146	0.221110031	0.210903034	0.190351173	0.174484029	0.163489982	0.156029269	0.149233833	0.144866437	0.143947586	0.146168917	0.149199918	0.148688123	0.149271205	0.151277140	0.152808174	0.154037565	0.157209501	0.154043481	0.151065171	0.147683382	0.142959848	0.135609195	0.129802078	0.125962049	0.231419876	0.419088393	0.527462482	1.94404602	2.49795151	3.06545162	4.48000813	7.53226805	6.22160387	4.10117340	2.83137441	2.71511459	2.69781327	2.76500463	2.76293135	2.81154394	2.95945024	3.18391728	3.24821949	3.33920074	3.37356424	3.31170082	3.15768957	3.07209015	3.00030708	2.95058227	2.93824267	2.98569870	3.02639151	3.20555782	3.42306447	3.55057621	3.43155408	2.78778028	2.64881635	2.65491581	2.60330367	2.44817472	2.24716306	1.97142375	1.72677469	1.56136322	1.46566653	1.38961124	1.29331362	1.19771445	1.12164640	1.08183444	1.01622069	0.946827948	0.882707536	0.815261543	0.718243003	0.644742787	0.580068231	0.531453192	0.496165693	0.461508155	0.429756820	0.399308622	0.373722136	0.350447357	0.320825160	0.292406112	0.265828669	0.239134237	0.214840844	0.199943036	0.192366496	0.181910694	0.173385397	0.169159144
-21.0000000	0.157701448	0.155448601	0.152868658	0.153897494	0.159670070	0.168520331	0.168262526	0.173878714	0.178310171	0.179906905	0.182427898	0.181809962	0.214124665	0.408584028	0.951098740	2.08427811	2.68073344	3.02557373	3.18721509	3.22205782	3.17448664	2.78081083	2.40682840	2.14004636	1.98892045	1.88285828	1.86458814	1.89925230	1.98957157	2.13751173	2.34428406	2.43656325	2.52706790	2.60315561	2.69181585	2.85967112	2.96604562	2.78586507	2.61443996	2.58100486	2.64871621	2.70543742	2.62495923	2.59262133	2.72903728	3.09009337	2.91626453	3.46351480	4.85858870	5.78342676	3.47516084	3.52588010	3.26533365	3.15835786	3.29870415	3.40903687	3.55458021	3.56689429	3.54376411	3.51362300	3.43555427	3.36708593	3.31519318	3.26452756	3.17838073	2.99868631	2.81804180	2.71670651	2.64377761	2.55196166	2.39757657	2.29914808	2.31185293	2.36189771	2.38598943	2.33133721	2.55151820	2.70968819	2.65095043	2.40838027	2.20302463	2.03428268	1.84931016	1.67920208	1.54800415	1.47271419	1.52962887	1.58509743	1.55691910	1.41759229	1.19431460	1.04203367	0.952183783	0.920432687	0.932193995	0.962627828	0.925444722	0.863669336	0.786387801	0.721950889	0.717974305	0.768059731	0.855352163	0.999231577	1.17822993	1.33003139	1.49559665	1.61741686	1.60102880	1.45024121	1.26713324	1.29076803	1.44819748	1.61496186	1.71149683	1.70313382	1.73171198	1.69342434	1.62004936	1.55388248	1.54773736	1.58956039	1.51331151	1.36864483	1.23614061	1.22730541	1.33973217	1.46998870	1.65436876	1.85116625	1.94067419	1.86093962	1.83447635	1.88741004	2.01493382	2.18130732	2.15248227	2.17800975	2.21709394	2.24600577	2.25808144	2.33919263	2.34225702	2.23935270	2.11147642	2.14854312	2.60208273	3.05101538	3.34730816	3.44868731	3.41863847	3.83154416	4.05111217	3.94726872	3.69205523	3.75963044	3.80184579	3.96742344	4.17064667	4.44619226	4.94913054	5.22962761	5.04644442	4.79414368	4.74843311	5.06616497	5.62969494	5.93074179	6.16179228	6.40514994	6.63293314	6.79290581	6.78315306	6.70658445	6.65236473	6.69591951	6.98268127	7.24637794	7.39279604	7.42781973	7.45742702	7.47752094	7.38481474	7.28807688	7.26785946	7.37649870	7.56288576	7.38905573	7.02664232	6.63331461	6.35277081	6.05806923	5.77153683	5.56193686	5.46194029	5.46813202	5.55216026	5.68896341	5.87865973	6.06052160	6.11297417	6.24170113	6.49204636	6.72564077	6.85757494	6.85640287	6.87079287	6.88708353	6.86985350	6.82970953	6.82329273	6.84108543	6.74246311	6.61450768	6.51209688	6.45790386	6.38042307	6.28660011	6.12079334	5.92331409	5.83042955	5.87245464	5.72501230	5.49207497	5.24802256	5.03763819	4.87765360	4.68325567	4.53068161	4.41061878	4.22820520	3.97158694	3.72466564	3.53379703	3.38769054	3.21740603	3.00440550	2.87260103	2.81728792	2.76734829	2.58525181	2.35024858	2.17755485	2.05940676	1.98728096	1.95189714	1.93554568	1.91675007	1.83846378	1.68801677	1.49711585	1.26495337	1.02669036	0.827040017	0.681918561	0.578445613	0.506797791	0.458266556	0.413265884	0.367098957	0.329958051	0.307113767	0.292402178	0.279402256	0.266601890	0.257397830	0.237240002	0.214994684	0.194979623	0.178550079	0.164098814	0.157123238	0.152745232	0.152244061	0.156216294	0.164575934	0.156534165	0.156463742	0.157588407	0.158921078	0.165263727	0.161106914	0.155615687	0.152703926	0.151368216	0.145687968	0.147041038	0.143035889	0.226413384	0.351203740	0.332726449	2.20961475	2.79246545	3.54720187	5.38605595	8.66756821	6.74124908	4.29722452	2.89163923	2.72469616	2.64065576	2.73542666	2.75373769	2.76736021	2.83319879	2.99328852	3.11258459	3.16030145	3.16934252	3.14955330	3.08772206	3.03629947	3.03273940	3.15665483	3.36569238	3.49553204	3.62161660	3.86406541	3.91525245	3.65379024	3.14453244	2.82675767	2.74945354	2.79415393	2.83006859	2.71408081	2.55635667	2.30118608	2.04156971	1.83011436	1.67903399	1.60704446	1.53526878	1.45589852	1.37639177	1.31947410	1.27477062	1.21429992	1.13904262	1.04986012	0.947495580	0.842982233	0.745269120	0.667089760	0.605432868	0.541542470	0.490058035	0.449485421	0.423112839	0.404028535	0.375120699	0.334300846	0.301930577	0.269737482	0.238261938	0.216857567	0.200769693	0.185441360	0.173741236	0.167497382
-22.0000000	0.166022211	0.159579813	0.151185244	0.146304160	0.148016438	0.157016307	0.159435898	0.162025034	0.168310836	0.177421048	0.184084058	0.189755321	0.191826031	0.268331796	0.581115782	1.37582850	2.30629539	2.86265993	3.10666466	3.14075661	3.10808897	2.81927371	2.45937705	2.17550540	2.02068782	1.95387614	1.96569479	1.98640251	2.05045080	2.20396447	2.50474191	2.56283760	2.37520361	2.21229172	2.23449254	2.49213552	2.57478499	2.45402312	2.34869361	2.39488578	2.64593601	2.75402164	2.68406487	2.53480625	2.56186891	3.17776084	3.05306864	4.02090788	5.10692120	5.38071346	3.95585418	3.77576804	3.54498053	3.48286676	3.60590625	3.72768307	3.71514320	3.63284683	3.53333712	3.42589355	3.27653003	3.14117289	3.14616632	3.19969583	3.20513368	3.06104136	2.87834167	2.71365213	2.57001352	2.42576051	2.23452210	2.10166883	2.11507463	2.15288758	2.16155171	2.15580487	2.20842409	2.20866275	2.13541603	2.01549292	1.92361534	1.84552777	1.70986390	1.57038271	1.46111083	1.39634216	1.34044337	1.36614323	1.38456964	1.33477306	1.18372583	1.03687179	0.918199420	0.835294664	0.790742457	0.782127202	0.768056631	0.717737436	0.649649024	0.590861022	0.577033460	0.618784428	0.733433068	0.913592637	1.09819186	1.17247403	1.27407026	1.37238657	1.35637069	1.23581696	1.14136672	1.21295464	1.38089430	1.46930575	1.45637321	1.47434580	1.46326160	1.49133348	1.46754634	1.39900887	1.39095318	1.43423474	1.39215624	1.26838672	1.11915815	1.05326569	1.15858185	1.33733571	1.53287232	1.69440806	1.77703011	1.69413269	1.67711425	1.79105258	1.99043083	2.11913729	2.00857210	1.92618072	1.87077010	1.85143495	1.88755524	2.02933526	2.11449647	2.08829880	1.98057723	1.90574205	2.09613991	2.37700176	2.62925911	2.80156350	2.91028452	3.34358096	3.71536827	3.69171262	3.35321355	3.19500113	3.22444344	3.37494087	3.59641552	3.84572697	4.08667231	4.46621704	4.56184006	4.55481243	4.64231777	5.03745365	5.42707491	5.68706322	5.80119705	5.83726454	5.94706631	5.91732359	6.00483084	6.03864431	6.00265932	6.03561115	6.18413544	6.45565605	6.68820620	6.85216665	7.05026531	7.24918127	7.16709328	7.00590038	6.95102882	7.17143679	7.29153204	7.17243719	6.97851753	6.72882318	6.29708529	5.76570702	5.41996861	5.18555260	5.04756451	5.05052567	5.13671875	5.24434614	5.42667341	5.67245388	5.90592623	5.91723919	6.02960443	6.23959970	6.46651840	6.55236673	6.67574120	6.79647350	6.87052011	6.89690161	6.91769600	7.02073336	7.01598358	6.93799496	6.81123352	6.65008497	6.56153202	6.43369532	6.26831913	6.09104490	5.95141315	6.01033020	6.01778841	5.92620087	5.72189140	5.42510700	5.23586750	5.08031750	4.92582989	4.74626446	4.52196598	4.26665640	4.08467436	3.97391009	3.89303517	3.76150012	3.50328183	3.29469085	3.17103267	3.09413934	2.95236993	2.73809171	2.55725265	2.39851952	2.26226664	2.16057658	2.10117483	2.05376935	2.03037906	2.00964284	1.93681967	1.76525855	1.49248421	1.20098877	0.949767113	0.774315596	0.661284566	0.588214576	0.528066576	0.467205077	0.405399114	0.381431639	0.361748755	0.347704381	0.339063436	0.334001690	0.313738555	0.287286013	0.257308245	0.227758214	0.203877583	0.184751227	0.173895225	0.165304095	0.160965547	0.170860469	0.168321699	0.166510478	0.165953159	0.167737156	0.173510775	0.172556475	0.171892554	0.170710519	0.169001177	0.167554408	0.169188276	0.166041061	0.232956186	0.341926336	0.362093389	2.62798619	3.10488534	3.90625358	6.10312557	9.72410965	6.94067526	4.19237661	2.78951764	2.70147729	2.55670691	2.66538596	2.69803691	2.70837188	2.74959874	2.87442327	2.95359445	2.96316075	2.95911574	2.96780396	2.98592162	3.10832405	3.19288397	3.37264395	3.64479494	3.87067580	4.20184517	4.17269278	3.95063615	3.67438936	3.45395970	3.35079360	3.14498806	3.02409816	3.02117729	3.01477742	2.85349798	2.69259501	2.48710489	2.24782944	2.04133749	1.91983926	1.81580710	1.73514581	1.67632484	1.63037860	1.55950296	1.47424531	1.38055408	1.27773774	1.15846527	1.03548038	0.917186201	0.812217355	0.723142743	0.646465957	0.567598999	0.503368974	0.460816592	0.435188651	0.409938455	0.365891576	0.328862906	0.293218970	0.260145962	0.237649456	0.219473779	0.199751675	0.183562666	0.174457327
-23.0000000	0.180060968	0.167284802	0.154848769	0.146511346	0.144078046	0.147401348	0.145248815	0.151885897	0.162199557	0.174362481	0.189833060	0.191547394	0.188956171	0.234630913	0.442405671	0.987377107	1.93713689	2.57515979	2.89033413	2.97535729	3.02673626	2.81101394	2.49259615	2.22175884	2.07997847	2.07993007	2.03233790	1.98903382	1.95116675	1.99548399	2.27433109	2.42297602	2.28172398	2.15359712	2.20254803	2.45346022	2.51291490	2.34083772	2.21259713	2.28111124	2.57684660	2.71891046	2.69527364	2.56879830	2.59271359	3.21061325	3.36762214	4.49817896	5.33286476	5.21438313	4.09756088	3.80908632	3.63708234	3.61497569	3.69583154	3.75235128	3.73205900	3.69130540	3.65541553	3.59900999	3.44600010	3.22671795	3.19327545	3.25340295	3.29805112	3.20138931	2.97902799	2.79046178	2.59927726	2.39600945	2.19814062	2.05985045	1.96470356	1.93700671	1.96796751	2.01569343	2.00469685	1.92479861	1.81204295	1.70193660	1.62944877	1.57267702	1.50870657	1.43706036	1.36247766	1.29491270	1.22155333	1.24612272	1.31051564	1.33557069	1.22106898	1.08228648	0.975753367	0.872365832	0.773559868	0.711310804	0.700284779	0.672105849	0.619980693	0.564094484	0.551611066	0.571226597	0.666630030	0.844394743	1.04367900	1.13622510	1.10788155	1.15116537	1.17970026	1.15343511	1.07864428	1.14431095	1.25745857	1.28375769	1.25762022	1.38219810	1.35197043	1.32984412	1.34382784	1.36957586	1.33038890	1.35406697	1.38784122	1.37170517	1.27109218	1.07687652	1.04950583	1.14233494	1.24765408	1.30003560	1.27633476	1.29991603	1.35896862	1.49223435	1.68735456	1.88086843	1.89786959	1.74567544	1.61813748	1.58217955	1.57779872	1.73429179	1.82614708	1.83430862	1.76244795	1.63696218	1.74051857	1.93715644	2.10814977	2.23661542	2.40751338	2.87743402	3.29375124	3.40320492	3.20342326	2.94291759	2.89398551	2.99426508	3.13030338	3.23818636	3.30353808	3.56979752	3.79855347	3.93725514	4.04741526	4.30460930	4.53172731	4.78262758	4.96056414	5.06730223	5.20311594	5.17396688	5.29564476	5.48315668	5.65395451	5.72793436	5.75849342	5.90108871	6.05351210	6.22512388	6.53685665	6.74168825	6.74318504	6.71429825	6.75500965	6.89233398	6.83682919	6.68632078	6.56155014	6.43859625	6.14887476	5.73187304	5.43426085	5.19774199	4.99539518	4.83167934	4.81046486	4.83068562	4.90569162	5.08586407	5.45861340	5.73491621	5.84066248	5.92584944	6.02785397	6.07142925	6.19736481	6.35947657	6.50812435	6.62553501	6.72579622	6.83147669	6.97496510	7.05936575	7.04291487	6.93898010	6.81404209	6.69649220	6.55306578	6.40358305	6.32094860	6.30450630	6.33036137	6.33937216	6.26330328	6.02481985	5.80329370	5.62212610	5.44042635	5.22942924	4.97249889	4.65612221	4.46118069	4.36925316	4.32378578	4.23009157	4.05858374	3.86018181	3.67852426	3.52851081	3.39630055	3.17807579	2.97885847	2.80323410	2.64684534	2.49639392	2.40323973	2.30784583	2.23269701	2.17649651	2.11416435	2.07899809	1.92512739	1.67466676	1.37475872	1.09757423	0.931403875	0.818303108	0.734355748	0.658771992	0.573888123	0.526416659	0.496544033	0.471418649	0.444537520	0.415746570	0.396696240	0.374695033	0.350664288	0.323379457	0.289469719	0.256326318	0.228334308	0.209048644	0.197629824	0.188844085	0.192496836	0.187381253	0.182218835	0.181180641	0.183887377	0.188947096	0.189528942	0.188955262	0.189089030	0.190333948	0.195681989	0.200839549	0.257683277	0.346403748	0.375505507	2.33871627	3.00415587	4.08291721	6.32429457	9.51578522	6.32093906	3.76219511	2.62179756	2.64231110	2.52662230	2.68275881	2.69714546	2.64811778	2.60949206	2.65056825	2.63246536	2.62491751	2.64419937	2.73167133	2.95378065	3.14117122	3.36719489	3.54797697	3.69503045	3.91525388	3.61455393	3.28885198	3.19412494	3.37956023	3.68755531	3.80424356	3.68871045	3.53920460	3.45216918	3.42224503	3.25159478	3.13364148	2.99227047	2.79046345	2.53029561	2.32194376	2.14199066	2.01183152	1.93510890	1.89771402	1.81197584	1.69421649	1.57455945	1.46388829	1.35384750	1.23442805	1.09960246	0.967779040	0.848806679	0.743975461	0.657249928	0.580255747	0.517097592	0.470808953	0.443352073	0.404096276	0.360271990	0.314333647	0.272606105	0.245284438	0.235667437	0.222222790	0.207893163	0.197439119
-24.0000000	0.200409308	0.183601543	0.170525432	0.162333488	0.157307729	0.150859728	0.146899581	0.148192093	0.154813036	0.166244760	0.181376278	0.188211828	0.186766088	0.208556265	0.360016167	0.822496057	1.58605039	2.15290999	2.48666787	2.63270640	2.71819711	2.63457251	2.50163984	2.36483073	2.27397346	2.28328967	2.25412703	2.18973231	2.09489608	2.02409601	2.08150005	2.55069470	2.27158523	2.11097932	2.33389425	2.60355783	2.73652482	2.51690125	2.32450151	2.34071088	2.54848242	2.66541910	2.53359389	2.47577286	2.70301580	3.31467485	3.68928742	4.55365896	5.01255131	4.72699404	3.91428185	3.66858339	3.59400320	3.58061767	3.59391928	3.67481399	3.72992682	3.74767208	3.75430179	3.73135924	3.61567783	3.42408013	3.33567619	3.36072230	3.41313529	3.31049013	3.04235601	2.78449225	2.53327990	2.30144930	2.11807966	1.97518647	1.89073968	1.87306440	1.89602280	1.89901388	1.85609353	1.73659074	1.58602643	1.45585883	1.40348327	1.34705055	1.28591979	1.24309599	1.20855272	1.13923156	1.07050872	1.08514285	1.16819692	1.26095736	1.26093328	1.13050783	1.03456903	0.926283479	0.802549481	0.703997135	0.671186209	0.621242762	0.577169657	0.555239677	0.564995944	0.583371043	0.605235279	0.705908239	0.881267190	1.04774678	1.03701961	1.04567134	1.06933665	1.08671689	1.05958068	1.02235615	1.06712258	1.09045601	1.09109759	1.16995323	1.16339993	1.20725048	1.28769207	1.35798538	1.33846521	1.33330119	1.34377837	1.39552331	1.41384435	1.22373152	1.01165283	0.950091839	0.973132193	1.01218712	0.996000409	0.958296418	1.07478011	1.24091983	1.39370489	1.51164472	1.62015676	1.48856008	1.33886170	1.28266978	1.32119107	1.55395699	1.72556317	1.74842954	1.64187157	1.53209949	1.61432910	1.76214993	1.90787041	2.04831600	2.24482870	2.53869653	2.85689831	3.03700542	3.00933933	2.79697275	2.73379183	2.76997924	2.78963089	2.79118013	2.88739967	2.95049310	3.11484122	3.27666163	3.45993090	3.81638646	3.99079156	4.05664110	4.11984730	4.25666237	4.51367760	4.66833544	4.76830053	4.91227627	5.11923456	5.32841682	5.40506220	5.45282078	5.45306969	5.47072887	5.65425920	5.84098339	5.94704199	6.00485659	6.02836704	6.01303148	5.98914766	5.87974834	5.75606632	5.63696241	5.48891735	5.30984831	5.17421055	5.07325315	4.97440195	4.82125998	4.75315952	4.69478893	4.68483973	4.76547956	4.98235655	5.38880730	5.68219852	5.85967445	5.92641401	5.89562893	5.91200829	6.01542521	6.18501377	6.37019396	6.49066877	6.50299692	6.61420250	6.82499266	7.04641628	7.09986496	6.96457815	6.82346439	6.71076632	6.63846779	6.59628868	6.62849808	6.70364475	6.82309771	6.91078520	6.81319904	6.47198200	6.21853352	6.00485229	5.80573559	5.61878061	5.33737087	5.02855921	4.80635500	4.70162201	4.66207838	4.54543352	4.45242500	4.33239937	4.16719675	3.97114849	3.68863893	3.43210411	3.19926190	2.99515128	2.83213234	2.72090745	2.57058430	2.41953063	2.30315828	2.25392318	2.23381472	2.20351696	2.12684965	1.96437776	1.67341149	1.40394258	1.20652831	1.06504369	0.963375866	0.885424852	0.795401573	0.726762474	0.667616308	0.608936429	0.544561207	0.483320773	0.447608441	0.427150369	0.411337554	0.389226109	0.353802115	0.320501924	0.290128887	0.264109373	0.244492888	0.231397942	0.223505408	0.216855094	0.208500147	0.196506858	0.203575194	0.205928177	0.207506672	0.209781259	0.211752027	0.219675332	0.244014367	0.281723440	0.329225719	0.382413208	1.78687656	2.64074826	4.18365860	6.54777765	8.75781631	5.69883347	3.57988000	2.69724631	2.70279384	2.60395503	2.62371898	2.57997441	2.50431967	2.44369340	2.46037436	2.45895934	2.50439191	2.56385279	2.65663147	2.85412669	3.35516024	3.75181103	3.91910887	3.79451013	3.37790012	3.01448107	2.92220140	3.09166527	3.49814510	4.10158110	4.39604378	4.37381554	4.26505184	4.16543245	4.03616142	3.84461617	3.67985177	3.55391860	3.42461014	3.19546509	2.83343840	2.54619408	2.35570526	2.25461078	2.20621586	2.09984612	1.96843779	1.84149408	1.72314644	1.59215295	1.44527340	1.31308150	1.18479300	1.05450010	0.921170950	0.800881326	0.701315761	0.622390449	0.556745470	0.489743680	0.456110626	0.417809129	0.365660399	0.306115955	0.261257768	0.253231525	0.249360099	0.237736866	0.222166866
-25.0000000	0.228887171	0.212064981	0.195136368	0.179175600	0.168136254	0.168851137	0.162923515	0.157185182	0.154771030	0.157711551	0.166932732	0.178996637	0.185414433	0.188769847	0.238348201	0.430136114	1.17198277	1.76808155	2.12061357	2.25297999	2.30980182	2.31518793	2.30530262	2.33700442	2.44312859	2.63248444	2.63424397	2.56892061	2.46573806	2.36580157	2.32209802	3.33177996	2.83711910	2.43832612	2.59547806	2.62851763	2.87180710	2.76999760	2.58114481	2.50882840	2.70215034	2.90168095	2.89872575	2.80582047	2.74055433	2.82556939	3.31379795	3.79481602	4.10360956	4.12979174	3.81760478	3.68535399	3.64679384	3.62106299	3.59023714	3.59932899	3.55948448	3.50816870	3.47324967	3.43806696	3.34143639	3.26850367	3.28629971	3.31077814	3.27114868	3.10987687	2.88305402	2.65744472	2.49397492	2.37040973	2.18134975	1.96884716	1.83086181	1.78052700	1.80191696	1.85004616	1.79323673	1.69330490	1.56690896	1.44145083	1.35507679	1.23783398	1.14562905	1.08118308	1.03161728	0.968452871	0.910753429	0.911987126	0.987419367	1.11094213	1.21507370	1.14603913	1.06684852	0.963634670	0.842331231	0.728672862	0.656048000	0.572628081	0.517454743	0.506730258	0.533818126	0.569559991	0.594888985	0.651778102	0.762011111	0.927182794	1.01375246	1.06183851	1.08042729	1.07867849	1.06592560	0.991597891	0.943331420	0.899563849	0.899108768	1.04115617	1.06562388	1.13122594	1.20879507	1.27014482	1.28806782	1.30100572	1.30146301	1.36114180	1.43522727	1.36238968	1.11412251	0.924756289	0.832892358	0.835538328	0.888108075	0.931099415	1.03216469	1.11896110	1.15590906	1.14419198	1.17109454	1.11162782	1.04575813	1.02830827	1.08895814	1.35992980	1.58583951	1.65494609	1.57628334	1.47965908	1.53076482	1.76046813	1.98073077	2.11862922	2.21635532	2.39574695	2.61366606	2.85789013	2.97663260	2.67854261	2.41384220	2.40169120	2.44448543	2.46546149	2.50869751	2.58030176	2.81673741	3.04093075	3.21131182	3.42181826	3.50542569	3.56111479	3.60702109	3.69898033	3.93052888	4.23011827	4.40848160	4.56144667	4.72644091	4.88249207	5.09889078	5.20777273	5.17714453	5.07764292	5.08253765	5.12021828	5.16553783	5.18988657	5.17844868	5.13019609	5.09793901	5.07328176	5.10483503	5.15267467	5.08834267	4.91972685	4.86440659	4.82990646	4.78079224	4.73866796	4.69756460	4.62946892	4.59934187	4.65821838	4.84320641	5.16379833	5.48324823	5.70280027	5.80456066	5.85149336	5.85033178	5.91659403	6.01878500	6.15227127	6.33928347	6.43428755	6.51688862	6.62846756	6.76429558	6.87353992	6.85360289	6.82325554	6.74143124	6.62204218	6.53397989	6.68533659	6.85408688	7.01302481	7.11926985	7.11426449	6.92008448	6.64257479	6.38311768	6.17141962	5.96551180	5.82848930	5.65512419	5.44512844	5.26356888	5.24087048	5.17552042	5.06912279	4.93551970	4.75952387	4.49691486	4.25417471	3.96742749	3.67782140	3.41868496	3.21552873	3.05573368	2.89471698	2.72393012	2.56640697	2.47676468	2.40728641	2.39701581	2.41827941	2.41164637	2.28592849	1.96536648	1.68617392	1.45390463	1.27414525	1.15251815	1.06369603	0.985887289	0.918937266	0.857904196	0.793059468	0.727496326	0.658256590	0.590201497	0.527182102	0.472038954	0.429687768	0.391812563	0.356772065	0.322622657	0.287118733	0.273403764	0.253024012	0.231520519	0.215611532	0.213192776	0.223491132	0.231105641	0.237383962	0.240752280	0.236715496	0.244989514	0.293516785	0.317974985	0.364648134	0.590426564	1.52512097	2.20289612	4.40489101	7.57117844	8.80076790	5.17579508	3.38017178	2.77489924	2.72879267	2.61848092	2.53493595	2.51793885	2.47741723	2.41220760	2.41005421	2.57584667	2.72179174	2.79427433	2.90002513	3.30612111	4.22988987	3.69017506	2.96267080	2.61791325	2.52127862	2.57989335	2.73289371	3.08894396	3.65763354	4.34947443	4.76663399	4.91908121	4.91668558	4.84739447	4.77723217	4.50633955	4.31155682	4.21345091	4.16371202	4.04514980	3.67428446	3.31410098	3.01798129	2.80691099	2.66947865	2.54979229	2.40907025	2.25641346	2.10620070	1.97808504	1.83855426	1.71908379	1.59230638	1.44408834	1.27352965	1.10614669	0.957170248	0.823177278	0.704414904	0.604799807	0.548138618	0.507935166	0.462639719	0.402507007	0.329596370	0.301213831	0.288009018	0.273764431	0.258506656
-26.0000000	0.288547248	0.257083744	0.230732411	0.207511321	0.189067364	0.180676341	0.176525995	0.172378540	0.166989937	0.161232516	0.158094972	0.173156053	0.188183218	0.206365690	0.242356136	0.322270721	0.947648644	1.47766006	1.78902555	1.90678692	2.00430608	2.03196716	2.14124012	2.32583785	2.55394077	2.76819849	2.78377318	2.67174077	2.57386422	2.57086420	2.68241644	3.92370152	3.39315367	2.89810276	2.92978954	2.66336393	2.92771387	2.88306570	2.65830588	2.44725728	2.50868082	2.78950739	3.03492880	3.22953629	3.33931828	3.31166244	3.68515229	4.09270477	4.28566408	4.18091202	3.86087012	3.79755807	3.77381635	3.74631524	3.70346951	3.66543627	3.61241579	3.50606704	3.42418027	3.37522340	3.29834461	3.21782136	3.18255782	3.16562700	3.11907840	2.97394013	2.71894789	2.53160238	2.42614555	2.35748434	2.22118735	2.03905892	1.91547024	1.87622595	1.92250645	2.03086877	1.93255794	1.73396719	1.57401109	1.49155855	1.42543173	1.30952692	1.18432248	1.06041491	0.954106271	0.887404978	0.831894875	0.799507856	0.842064857	0.947998405	1.04235137	0.993323088	0.918779016	0.843531132	0.766368032	0.660054982	0.608738720	0.557411730	0.525763392	0.521315157	0.539421558	0.573956370	0.597842216	0.652672946	0.734937906	0.796022117	0.915878892	1.03181028	1.10884333	1.12594664	1.07603002	1.02445030	0.930372000	0.857926190	0.871490538	1.03568888	1.07395601	1.12185335	1.16425133	1.18956184	1.18973804	1.23909831	1.27528882	1.36377668	1.46796310	1.44918239	1.21772730	1.02313173	0.884643435	0.816318631	0.827022552	0.897650003	0.988007009	1.03911328	1.04199040	1.03766155	1.03316009	0.969728827	0.932241857	0.947665989	0.985060453	1.15851450	1.31099319	1.40425837	1.42256844	1.37267947	1.50370669	1.71860111	1.93637133	2.07977605	2.07532239	2.15877414	2.47024226	2.87358236	3.10379291	2.76701593	2.30597591	2.21153116	2.24493718	2.24928665	2.14950681	2.20490026	2.45872068	2.73247528	2.92551327	3.01502371	3.10734940	3.24017835	3.32267880	3.35598326	3.43318844	3.68750453	3.91757226	4.12291813	4.29846478	4.43453121	4.67136908	4.90717506	4.96868706	4.86748075	4.79997253	4.65042973	4.63442755	4.68353271	4.74679518	4.79074717	4.74673510	4.60567904	4.54395103	4.59277964	4.63824701	4.60973120	4.61702299	4.60483027	4.55434322	4.48323774	4.50189638	4.51892424	4.54778433	4.61928034	4.78154755	4.99077940	5.16223764	5.35805893	5.56598854	5.69938803	5.60420561	5.57285070	5.61066341	5.75630903	6.08177757	6.29449701	6.37846565	6.35972071	6.33959627	6.49472523	6.61441374	6.66665363	6.67300749	6.62108660	6.46455288	6.48090744	6.60535192	6.78167629	6.94473743	7.02045441	6.97450256	6.81133699	6.59584236	6.38427162	6.22424603	6.05022860	5.93064356	5.78196859	5.61423492	5.53102303	5.57651234	5.56601667	5.49295759	5.34856939	5.12189436	4.93885803	4.65527058	4.35029507	4.07151890	3.83494973	3.57864809	3.34739590	3.15185523	2.98082924	2.80126190	2.65522408	2.59988332	2.60492325	2.63169289	2.63320231	2.41576672	2.10761094	1.82460141	1.61507094	1.45981789	1.32752669	1.22173166	1.15435410	1.10537612	1.02284098	0.955851495	0.897325873	0.832018673	0.754879892	0.671055615	0.588457465	0.510284722	0.447751552	0.398913711	0.348668814	0.303858787	0.279536515	0.255935103	0.233614892	0.233463809	0.243119031	0.260465741	0.276649714	0.283630073	0.274179131	0.280736983	0.329340279	0.346459985	0.396337777	0.680985570	1.19534755	1.81805933	4.72754049	8.67125797	8.96572590	4.86498213	3.16513729	2.66764474	2.59094477	2.57046413	2.62571239	2.67495632	2.67086434	2.61535573	2.55960226	2.68845439	2.75733972	2.85424161	3.11939025	3.74526405	4.59386444	3.63937831	2.77408147	2.64401340	2.64897943	2.77066851	2.94635630	3.27169585	3.76699162	4.37719917	4.96679592	5.30208206	5.42240286	5.41064501	5.39323139	5.10724783	4.80951834	4.63359976	4.57689190	4.50063896	4.28656816	3.96035838	3.62997365	3.34409976	3.09214258	2.97381687	2.85619044	2.69857073	2.50371313	2.31782174	2.18828678	2.07343006	1.95566654	1.83745492	1.74129927	1.53866518	1.30376041	1.10001874	0.944739580	0.809087038	0.722826540	0.656401813	0.604701698	0.550483108	0.464371592	0.411010385	0.371883035	0.344886661	0.330179125
-27.0000000	0.391669929	0.348491013	0.301814735	0.263409793	0.235918134	0.212854758	0.204560190	0.197238609	0.185661584	0.170618355	0.158915818	0.168757230	0.193193778	0.235233307	0.275318116	0.271324962	0.691184044	1.13228285	1.49895537	1.74695337	1.88344777	1.96999180	2.14929199	2.36689687	2.59264612	2.82067108	2.93536973	2.91687632	2.87060332	2.89421082	3.07760811	4.56624413	3.90776777	3.18353081	3.05253386	2.75142455	2.86307907	2.85719037	2.70407057	2.50615478	2.49799943	2.68535376	2.88800716	3.12644482	3.36103988	3.49205327	3.76247239	4.06997681	4.22630739	4.14220810	3.82742977	3.81272554	3.80949044	3.78455234	3.76513362	3.83885550	3.85224485	3.73019028	3.60058498	3.50896931	3.41852736	3.26503253	3.16389179	3.10253263	3.05169892	2.96544957	2.76455617	2.56588197	2.42666888	2.34555554	2.26257825	2.14151168	2.01498890	1.94754815	1.98578966	2.15837526	2.07959342	1.85855556	1.66507018	1.56199932	1.50525725	1.44352925	1.33536220	1.20027184	1.05824590	0.929745138	0.853887022	0.810567319	0.803113759	0.823899209	0.854341090	0.798862755	0.726492822	0.675832927	0.659423769	0.663744509	0.643229961	0.620459855	0.602618515	0.598080993	0.616413355	0.639656365	0.652025342	0.700289011	0.772553444	0.798261881	0.836125016	0.907664716	0.980374277	1.02308774	1.00598061	0.983221352	0.900646269	0.816299021	0.812305450	0.994874656	1.03373051	1.07231867	1.12896168	1.18558848	1.18773532	1.18176210	1.20654154	1.30350256	1.42305326	1.42458236	1.29921031	1.13521922	0.996228933	0.902947843	0.833172083	0.842056990	0.930034757	0.979763448	0.957068443	0.910942018	0.881281972	0.843605936	0.859094560	0.927619278	0.987741888	1.13788700	1.21731913	1.26321447	1.29782176	1.32846284	1.42516303	1.63070536	1.86181355	2.03528285	2.06797934	2.07476735	2.42657375	3.01197124	3.44169950	3.04866910	2.52545428	2.30702114	2.25015831	2.20979595	2.03900266	2.03880858	2.21540570	2.46573877	2.68931460	2.78820539	2.86401820	2.99274921	3.12085247	3.22025919	3.28837633	3.33997750	3.48315716	3.66213107	3.83329082	3.96520114	4.21041489	4.40209150	4.48544407	4.46974039	4.42830467	4.32968235	4.22464371	4.20769787	4.30875683	4.49313974	4.56178904	4.44206619	4.29019165	4.20044994	4.20519304	4.25427628	4.32961559	4.38579321	4.41024113	4.42324400	4.40971422	4.38872480	4.39605570	4.46516705	4.62719917	4.80799389	4.95533848	5.09029055	5.19207144	5.19806337	5.09457302	5.09815359	5.18973446	5.38931036	5.75593662	6.02134180	6.11263800	6.11365461	6.11633730	6.22075081	6.40428019	6.51464987	6.56120968	6.52551270	6.36131620	6.20867109	6.17992544	6.31648111	6.55591345	6.73197269	6.81128311	6.76226854	6.61860752	6.46299791	6.42716265	6.32264519	6.17241049	6.01680374	5.87176085	5.72881031	5.67572784	5.67045450	5.68881941	5.68211746	5.57710743	5.38229179	5.13089228	4.87685680	4.64456081	4.42881012	4.18041515	3.94016075	3.70288062	3.47069073	3.25299168	3.00579453	2.84673738	2.77701426	2.78214955	2.83199668	2.78286552	2.55210829	2.25377035	1.97539449	1.77802098	1.60927975	1.45721626	1.35122788	1.28532839	1.21814895	1.10497856	0.983929396	0.891874731	0.837200463	0.799805045	0.741704702	0.664853871	0.582395732	0.507385314	0.452789932	0.397102237	0.354653507	0.321303725	0.293338805	0.267470241	0.265619785	0.276695162	0.298895240	0.320481598	0.319778651	0.314238250	0.363244712	0.378007323	0.429562390	0.748773098	0.996718287	1.80268240	4.81328964	8.31956577	7.25693274	4.01735067	2.92564487	2.63595343	2.48879313	2.51106048	2.63620067	2.76492786	2.79898095	2.76007366	2.78989196	2.89704633	2.94072843	3.02385139	3.25022960	3.72458100	4.46988440	3.54886723	2.79450202	2.77620697	2.79984379	3.01504135	3.28115463	3.61247659	4.01028919	4.46286392	4.91179037	5.29933357	5.55401850	5.66863346	5.70022440	5.56663179	5.27503586	4.96793270	4.72872114	4.58170223	4.43702507	4.24129105	3.98912382	3.70576859	3.44709277	3.30995607	3.22185087	3.11794400	2.95934272	2.73309612	2.57969570	2.49371767	2.42970824	2.34619689	2.20569181	1.97501016	1.73380315	1.48261034	1.24629140	1.07402515	0.953298092	0.876047909	0.824209988	0.765618742	0.654007912	0.558136940	0.499361336	0.459984720	0.435727596
-28.0000000	0.533525527	0.498198420	0.441030145	0.379282862	0.321858525	0.269298792	0.246440351	0.231019840	0.209761053	0.183578685	0.167578235	0.162382960	0.183398083	0.229595259	0.281194776	0.299665421	0.493833631	0.882781267	1.26208973	1.55312991	1.80306125	1.94250059	2.10554242	2.32773280	2.58522272	2.79476714	3.14050531	3.35430717	3.40035748	3.42910981	3.77728415	5.06306696	4.40827847	3.59873891	3.29404759	3.02758431	3.02380967	2.92905378	2.74268460	2.56380296	2.59124470	2.68568277	2.83710361	3.05867672	3.32905269	3.59236169	3.82949591	4.04084921	4.15120506	4.09111691	3.79690719	3.70301628	3.74455881	3.79898643	3.83130193	3.89406061	3.94403934	3.88174295	3.75897217	3.62662411	3.53469133	3.45165968	3.34372568	3.19498420	3.03476143	2.93761754	2.79271770	2.61812520	2.46151972	2.34132528	2.24671078	2.13819385	2.04662800	1.99666190	2.02642035	2.18750381	2.15830755	2.00882792	1.83073914	1.67453730	1.54953909	1.51727343	1.46818674	1.38767600	1.26211321	1.07884526	0.948597133	0.877420425	0.836509943	0.804678679	0.768358350	0.697112381	0.639202714	0.601249099	0.597103179	0.647848368	0.691607594	0.720774233	0.736677587	0.738490164	0.723227501	0.717537940	0.705346525	0.727143407	0.774899423	0.792065501	0.769308448	0.786305785	0.820395827	0.854932010	0.879283190	0.920817971	0.887662649	0.795822859	0.736369729	0.875440300	0.974130094	0.991429508	1.03453994	1.12117434	1.17955828	1.11617231	1.08508146	1.10105264	1.15294170	1.20369327	1.14424229	1.07444119	1.01242995	0.955297649	0.879082322	0.848930061	0.921378076	0.972123861	0.937737882	0.815663517	0.759762108	0.734204113	0.761093259	0.831915498	0.907538950	1.05583119	1.16584539	1.22593248	1.24345410	1.24478173	1.28259444	1.41658688	1.67265010	1.95917153	2.06703329	2.05065322	2.43052602	3.24402475	3.95278406	3.44269943	2.94272566	2.57323742	2.36000943	2.26541591	2.18842745	2.19334316	2.30159974	2.51537538	2.74614859	2.81470060	2.82492924	2.93335986	3.08008647	3.20802546	3.26291275	3.24511409	3.30639625	3.43405890	3.60387993	3.78011656	3.92393017	4.01447248	4.08692884	4.15150690	4.19343901	4.12754536	4.01877117	3.97155404	4.02893066	4.17253351	4.30004358	4.35608101	4.33419037	4.25564051	4.16942835	4.17019224	4.21521521	4.28300571	4.34939814	4.38754988	4.36866379	4.40935755	4.47747183	4.55382919	4.63223791	4.69570541	4.78110456	4.86409807	4.90732622	4.86040354	4.76368904	4.80508661	4.94092798	5.14053488	5.38622189	5.63743496	5.81763315	5.98925591	6.16084766	6.28705692	6.46570110	6.54186249	6.53275824	6.44857883	6.29248238	6.15735340	6.04337025	6.03441429	6.14800215	6.33528328	6.39774561	6.41030884	6.38547373	6.34680367	6.32893133	6.36267757	6.28596115	6.13005447	5.96922827	5.92074680	5.80175734	5.68873978	5.65476465	5.70609426	5.78217602	5.72501087	5.49893713	5.25855970	5.07018328	4.91181183	4.70339727	4.48042154	4.22766399	3.94626284	3.65371609	3.41877842	3.23001099	3.10104656	3.02391362	2.96903729	2.98441696	2.92928195	2.74151659	2.45039177	2.17656660	1.94351912	1.74862444	1.59141600	1.47344661	1.39828730	1.35178292	1.25233746	1.11525500	0.971679211	0.868592620	0.831711054	0.777622402	0.713185728	0.644934714	0.579077244	0.523207009	0.466358960	0.416842282	0.377283514	0.344627112	0.327831089	0.322898895	0.336149275	0.358599752	0.365966111	0.375292689	0.419200420	0.379693389	0.411684364	0.942995250	1.01344645	2.32933974	4.79204988	6.67263889	4.61185503	3.11250067	2.70234942	2.62296200	2.54155421	2.55099487	2.63999319	2.84107614	2.98333645	3.00356889	2.94627023	2.96128726	3.01238632	3.12991476	3.32041597	3.56663013	4.19987774	3.46391797	2.86609554	2.85536242	2.82227492	3.12313509	3.49263072	3.87041569	4.22930670	4.57528114	4.86766768	5.11866140	5.33034611	5.51599932	5.70009279	5.74676323	5.57528067	5.26756859	4.92838097	4.68530083	4.47589874	4.36245728	4.25045013	4.07477522	3.79974985	3.60171795	3.50963879	3.45549750	3.37446809	3.20491457	3.04327941	2.95248437	2.87121987	2.76310754	2.61669803	2.38943267	2.13329458	1.86127830	1.59815872	1.38049126	1.22444808	1.12740040	1.04772890	0.961744249	0.863687575	0.767845392	0.695079744	0.632596850	0.587677598
-29.0000000	0.678176582	0.642555952	0.600692391	0.536822855	0.452892125	0.368552595	0.315017104	0.282058537	0.248974457	0.212992340	0.189269692	0.171935439	0.176506564	0.210737213	0.260545671	0.290014297	0.353192806	0.627211511	0.947931468	1.27964437	1.71507239	1.88155794	2.04957175	2.28841043	2.59015608	2.86967540	3.25768447	3.48873425	3.54565024	3.71900272	4.60711002	5.24279451	4.60815811	3.94566417	3.64889741	3.26256204	3.22308254	3.03102183	2.77323008	2.56807518	2.56544542	2.62510395	2.78754163	3.04983377	3.35178852	3.57594848	3.71511984	3.90674806	4.02005768	3.96332026	3.68385601	3.56091881	3.54526043	3.58584499	3.64140582	3.68044496	3.69766974	3.75150299	3.79127908	3.78856087	3.73714018	3.65681624	3.58264065	3.44159889	3.23942876	3.06062436	2.93841219	2.77877975	2.61834168	2.46608758	2.30338144	2.17039180	2.08752871	2.05894494	2.08784389	2.17647815	2.17394900	2.07936692	1.93991637	1.79066336	1.65455472	1.56979346	1.51509154	1.45733213	1.36969554	1.23165905	1.11041844	1.03439283	0.984943509	0.937806308	0.863090336	0.768121958	0.687376261	0.630921304	0.607758045	0.625821233	0.668094754	0.725545883	0.790000498	0.838048518	0.831042707	0.804502845	0.767963946	0.742501199	0.743317246	0.779740751	0.745183170	0.707789481	0.694136202	0.707279384	0.726755142	0.806649923	0.854833245	0.824423850	0.751600742	0.755603790	0.918871760	0.996108234	1.04287410	1.09270990	1.15713596	1.07947099	1.01519918	0.967816591	0.946979463	0.968505204	0.930896342	0.917949915	0.924386322	0.934403539	0.921676815	0.907354832	0.929813147	0.966242194	0.973809242	0.889659107	0.742563009	0.683484554	0.695878029	0.751471698	0.810268581	0.941784859	1.09237039	1.20446587	1.24093270	1.18505192	1.18484473	1.28073704	1.47965777	1.73203385	1.93179178	2.10133934	2.52808118	3.53254366	4.47351122	3.74802661	3.29212546	2.88768077	2.59878850	2.44835353	2.41808939	2.51547217	2.58656955	2.75315642	2.97521400	3.05093193	3.00734234	3.02527452	3.09538364	3.18207192	3.22348928	3.22786570	3.24991775	3.33704805	3.49257994	3.67575884	3.74512815	3.79867101	3.88653922	4.01557398	4.14930582	4.12816525	4.00543690	3.88507128	3.82997155	3.86199641	3.92736053	4.13520670	4.35821581	4.47467470	4.36847544	4.25694370	4.20126152	4.23913288	4.33015728	4.35582256	4.29370451	4.33468103	4.42353773	4.50819445	4.53970861	4.56807852	4.65346766	4.73160076	4.74046707	4.62031841	4.57405519	4.62422848	4.73009968	4.85798931	4.98127222	5.15496635	5.37472010	5.60907745	5.84219980	6.07386875	6.23262835	6.32586145	6.34211731	6.28142643	6.15529919	6.00619745	5.85171366	5.76050901	5.77224207	5.89757204	5.94349909	5.96586180	5.99346066	6.02412033	6.02468586	6.07003784	6.07494116	6.03099823	5.96847343	5.95629406	5.92519093	5.86389780	5.81409836	5.80479908	5.85232496	5.93803692	5.87272882	5.67639685	5.41810656	5.21599054	5.06092119	4.85259533	4.61383152	4.36079836	4.10301924	3.82582474	3.58680892	3.42885542	3.34549332	3.28089428	3.21171331	3.21754313	3.14161396	2.93772817	2.67026091	2.41785693	2.18307900	1.99093688	1.84092140	1.70700097	1.62841630	1.56950712	1.46627247	1.30548835	1.12470698	1.01735938	0.925011277	0.840529859	0.761788547	0.691667497	0.642769873	0.591717720	0.533701360	0.473356843	0.424766630	0.398845822	0.389953673	0.398895055	0.414158940	0.411918342	0.459942997	0.474231720	0.483981252	0.621473908	1.12207782	1.67831540	2.86556578	3.88497186	4.07133961	2.89313674	2.50113249	2.37330937	2.42638969	2.56506991	2.68202233	2.75123167	2.90768218	3.06167197	3.13925791	3.08225465	3.04601359	3.06149602	3.11500525	3.19120979	3.27314377	3.43006134	3.14610434	2.92736936	2.91123247	2.86635017	3.14275193	3.50491858	3.85340023	4.13642073	4.34987259	4.60414886	4.76681757	4.91839647	5.10746956	5.35068512	5.47868776	5.46610212	5.33297491	5.12236595	4.90034819	4.67269182	4.49910879	4.39763927	4.32338095	4.16848373	3.96751022	3.82777119	3.74269676	3.68612361	3.61229587	3.48916292	3.40360546	3.28190231	3.10912490	2.92913771	2.77559495	2.58262587	2.34554982	2.07485342	1.79618871	1.58179462	1.43542874	1.31956053	1.21133494	1.10257196	1.01401079	0.914904833	0.822050691	0.759735227
-30.0000000	0.821572602	0.770869493	0.715305269	0.648056567	0.572100461	0.500214338	0.429391831	0.375118494	0.322449565	0.272314996	0.241519853	0.207429096	0.193038493	0.204769120	0.233465180	0.254393816	0.316687405	0.468043178	0.696354151	1.02801597	1.52792704	1.83210778	2.09785247	2.39290142	2.71921158	3.01295543	3.26587296	3.21733952	3.34726048	3.96670794	5.21791935	5.14247179	4.56351709	4.11674643	3.89030790	3.42480016	3.33853364	3.11942720	2.85747647	2.64325094	2.56789517	2.58470941	2.69394016	2.92236900	3.21059322	3.41302443	3.49423242	3.64341807	3.78166342	3.80451822	3.58200359	3.40850401	3.31301689	3.28848577	3.31630754	3.36633062	3.39146328	3.45596910	3.57139421	3.68794179	3.69447088	3.67420650	3.66035676	3.58589554	3.43200755	3.22808981	3.07285047	2.89051819	2.72528100	2.58400559	2.43623805	2.30482864	2.21408081	2.15920115	2.14085007	2.16514230	2.14872885	2.05912638	1.94203997	1.82047296	1.69472873	1.58389723	1.50941420	1.45051420	1.38932645	1.31087649	1.24937248	1.23133814	1.21522033	1.16549516	1.05266845	0.937431455	0.834689736	0.753314555	0.701927662	0.688901186	0.677730441	0.680024922	0.716085672	0.777206182	0.825672984	0.836272299	0.811201930	0.772777498	0.746317744	0.760145426	0.749432385	0.690257370	0.634061098	0.606943488	0.609663486	0.667578280	0.750114083	0.801741302	0.797621310	0.743606150	0.885324240	0.994160354	1.06443977	1.11820292	1.20520556	1.10905838	1.00720215	0.925478756	0.877486587	0.864581645	0.872481346	0.867632747	0.880498528	0.917156577	0.959299088	0.923006535	0.927222848	0.975229263	1.03329182	1.03066146	0.915448487	0.792699993	0.745960414	0.773885489	0.790242016	0.894433439	1.02136648	1.15477622	1.24687731	1.21836436	1.20645678	1.25867093	1.41048813	1.65076876	1.92175269	2.08267283	2.62469411	3.67176747	4.60699606	4.07263327	3.59356761	3.17700171	2.86192727	2.66506886	2.58088398	2.70749426	2.76336384	2.84058905	2.98109221	3.17662263	3.23099041	3.17581844	3.10601044	3.08237267	3.13161182	3.22982454	3.26603746	3.30730033	3.41157746	3.62775087	3.73594165	3.80998564	3.90507722	4.02605009	4.12737846	4.06821537	3.92572784	3.78985405	3.71433043	3.71669245	3.77176023	3.91445327	4.10113668	4.27070904	4.34460402	4.22968292	4.12245178	4.10136271	4.16164160	4.21528625	4.18171453	4.21613455	4.31258917	4.42845678	4.48445654	4.52732182	4.61586905	4.64417028	4.58968973	4.51328135	4.58277702	4.67596817	4.75198984	4.79676914	4.82302713	4.90695143	5.06672764	5.24524832	5.42515850	5.62885427	5.83227921	6.00467396	6.09502745	6.08782291	6.00303745	5.81654072	5.60450220	5.43812609	5.38083076	5.48824549	5.57494307	5.63305759	5.69650126	5.78172970	5.88774776	5.94599104	5.95150518	5.93816805	5.92537069	5.91801453	5.92546320	5.93846893	5.95620632	5.97464657	5.98655653	6.06155252	6.05772877	5.92956448	5.70516682	5.48627472	5.36489058	5.19281340	4.97022343	4.72637177	4.51958799	4.25472450	3.97916389	3.73884320	3.56520891	3.47521520	3.41896915	3.35766959	3.29842067	3.21854115	3.06556511	2.87291813	2.66769981	2.47915578	2.31048989	2.13886094	1.99230194	1.89174700	1.79387963	1.66651928	1.48861945	1.32063699	1.19199395	1.08181643	0.976708293	0.870749414	0.791679859	0.724644899	0.667506695	0.610641837	0.536942601	0.493039310	0.461252481	0.459477812	0.473046154	0.454723448	0.530886054	0.526181996	0.614402413	0.819375753	1.01496804	2.15138364	2.53391457	2.54214072	2.42831254	2.31735134	2.21707439	2.16207862	2.23228073	2.42551899	2.65755582	2.86144519	3.01955485	3.13322091	3.19231129	3.17522168	3.08490562	3.04820871	3.04402375	3.00277543	2.80642223	2.84864950	2.89877129	2.92606950	2.93921709	2.98627758	3.26223373	3.57987452	3.85814047	4.06130362	4.19896793	4.33396959	4.45019341	4.55188417	4.67149496	4.86969042	4.97532272	4.97791386	4.95556879	4.93043327	4.86868572	4.76457596	4.57553005	4.42502880	4.37120104	4.40682077	4.32265615	4.21003675	4.09019136	3.97410703	3.86252809	3.78021359	3.69682050	3.60430622	3.48339200	3.30356026	3.09705520	2.94045353	2.77250934	2.56337428	2.31460047	2.05635238	1.82327986	1.63324702	1.48804975	1.37341535	1.24612713	1.13111115	1.02529788	0.949771881
-31.0000000	1.03206670	0.931732178	0.840733767	0.762612760	0.700516939	0.657200277	0.591063440	0.522891223	0.450962245	0.382637113	0.334358841	0.294795752	0.255299240	0.239892676	0.244344682	0.236169219	0.269505620	0.357521653	0.534359932	0.826090574	1.25071120	1.65602624	2.04535961	2.43419838	2.79890180	3.07669878	3.20115876	3.24909019	3.71709871	4.41939116	4.48777056	4.06614399	4.06389809	4.03521585	3.80385303	3.46313763	3.37542772	3.20205569	2.99593234	2.80193090	2.65688586	2.59512711	2.62251639	2.77272344	3.00495386	3.20394874	3.29914999	3.42934060	3.56588411	3.64161253	3.55082965	3.39675474	3.23009396	3.12173510	3.10198998	3.16059422	3.14789057	3.18783784	3.28788018	3.40494633	3.44544816	3.44911671	3.46748447	3.46305418	3.40476990	3.26801634	3.11785245	2.94188643	2.77079368	2.62510777	2.51522326	2.44364119	2.39588499	2.34243751	2.29632807	2.31313372	2.34006786	2.23098898	2.07887983	1.93398094	1.80378890	1.63188350	1.52446270	1.45792639	1.40638697	1.34166873	1.31758666	1.34548759	1.35598528	1.30676234	1.18257046	1.08079779	0.988072157	0.911022246	0.858018279	0.839171886	0.793390036	0.734561205	0.702298880	0.711682618	0.753258109	0.800769746	0.810935378	0.787783980	0.750645816	0.734153211	0.755341947	0.725873172	0.666935623	0.613164544	0.612642467	0.632077336	0.677235007	0.729952216	0.773399591	0.792080164	0.883325338	0.948135257	1.02178824	1.12067783	1.24231303	1.23184943	1.10131526	0.958755434	0.858103454	0.799180150	0.843343198	0.885588646	0.901698887	0.894319415	0.892958224	0.894974053	0.914295673	0.956717432	1.02668369	1.12728786	1.10695028	1.00751221	0.929354489	0.901577353	0.882000685	0.930599093	1.01277149	1.13670933	1.25792968	1.27927506	1.27236307	1.31172383	1.44301677	1.68734443	2.04125237	2.23872948	3.05182624	4.01983833	4.63119030	4.32343626	3.72810388	3.31730938	3.06350660	2.91622472	2.80207253	2.81120515	2.79508924	2.79486370	2.85984278	3.04751492	3.18416429	3.17100978	3.10170865	3.04215741	3.03049493	3.11997342	3.18411803	3.26381564	3.39119720	3.58963823	3.70139456	3.79053211	3.92087126	4.06774044	4.11797619	3.98525000	3.84084415	3.77465105	3.80557466	3.88153076	3.87436724	3.85617137	3.84798932	3.88192296	4.00112820	4.05166006	3.97490811	3.92289257	3.94627166	3.99434233	3.97463942	4.00532389	4.11095428	4.26318264	4.38075495	4.47424221	4.52580261	4.48204708	4.40050364	4.44961882	4.64908266	4.78517342	4.86092234	4.88600731	4.87675047	4.90429688	4.95519352	5.04341793	5.17998981	5.37297440	5.60467196	5.81965017	5.96167374	5.99643517	5.91155386	5.72849083	5.56295490	5.39467287	5.25172853	5.21056652	5.29614687	5.38839102	5.46677685	5.55515432	5.72174931	5.86699915	5.94339466	5.94901180	5.89777803	5.81946945	5.80760050	5.78105021	5.78232050	5.82668638	5.90219212	6.00126123	6.00979614	5.92031050	5.75440025	5.56273890	5.52444601	5.44754124	5.26083708	4.98285770	4.72183847	4.50533676	4.26215649	4.02316236	3.81280136	3.64910436	3.57736897	3.48659301	3.42834401	3.39674711	3.32848525	3.15348363	2.96568084	2.78374553	2.61133766	2.43710661	2.31088066	2.21437526	2.12683392	2.02307606	1.87350130	1.68449867	1.50369251	1.35020101	1.22738314	1.12283731	1.02687359	0.924067438	0.828510940	0.742024839	0.654159009	0.606936336	0.551172256	0.536746383	0.549013376	0.508802831	0.615113080	0.631206214	0.753352940	0.995015144	1.18684506	2.33139634	2.17703867	1.89857411	1.98730659	2.25104213	2.31804824	2.23449993	2.25458527	2.43791986	2.64954591	2.98920894	3.26008105	3.43801713	3.48669481	3.35761261	3.21716952	3.14959764	3.02063584	2.78446078	2.48368168	2.58865738	2.75977635	2.86397719	2.89638901	2.98033047	3.30874634	3.60412741	3.84177494	4.02466059	4.18342161	4.25715685	4.31265020	4.36693954	4.43006802	4.50508404	4.54854250	4.54322433	4.51031256	4.48048162	4.49389791	4.53623724	4.47699213	4.40465212	4.37890959	4.43065786	4.48516893	4.46623230	4.36745787	4.20707035	4.02790260	3.95366955	3.87160206	3.76950645	3.64561701	3.50859499	3.33762097	3.17340803	3.03724575	2.91726160	2.76841927	2.52104759	2.26005769	2.02281809	1.82338905	1.65252364	1.48530567	1.34816611	1.24057853	1.17453241
-32.0000000	1.25373065	1.12005377	1.00673330	0.929705560	0.888945818	0.868469000	0.803437710	0.716395915	0.620749354	0.532845616	0.471973628	0.433055788	0.377685308	0.343079239	0.326276392	0.284137219	0.294240683	0.331590742	0.458158195	0.711992860	1.10722411	1.36581695	1.73533285	2.10775685	2.44415927	2.77469349	2.96011543	3.37449169	3.86240458	4.07799816	3.48498058	3.72490859	3.92854595	3.85579801	3.56707191	3.42327571	3.37866569	3.29361343	3.16183376	2.98326993	2.76408958	2.62379050	2.58269978	2.65263486	2.79705167	2.93104315	3.02867889	3.16740155	3.30245042	3.38905144	3.38241792	3.33818483	3.23604250	3.10997581	3.01069665	3.00564504	2.98827410	3.02823615	3.11133409	3.20247626	3.24567413	3.22245288	3.21693444	3.20846963	3.18691659	3.15264010	3.09897256	2.99563551	2.86492538	2.73230910	2.62642074	2.58452630	2.58806682	2.57482147	2.53686595	2.52056909	2.59826660	2.51991343	2.36665893	2.19630766	2.04332042	1.84335518	1.68068469	1.55713975	1.46710730	1.39752996	1.37860250	1.37834382	1.37455404	1.33893335	1.23708117	1.15203512	1.07561374	1.02458000	1.00226271	0.998556674	0.943938613	0.864646852	0.788314641	0.741014481	0.747258306	0.801253259	0.823008299	0.806794286	0.768349946	0.744881034	0.775157034	0.784518123	0.747528076	0.684679151	0.662391663	0.697462976	0.729277015	0.751769185	0.767496347	0.787635863	0.876916945	0.945958376	1.01333475	1.09532523	1.20591378	1.29179275	1.24464488	1.10518837	0.936039388	0.821711659	0.780876696	0.787066936	0.808825970	0.818241954	0.790947199	0.839936435	0.898783207	0.937587559	0.984397769	1.12521112	1.19968736	1.18670416	1.11926031	1.04026902	1.00255823	0.996627688	1.00212491	1.08049715	1.22049546	1.33817577	1.37478602	1.45879889	1.62120581	1.83788693	2.02961063	2.47095656	3.21872520	3.93555140	4.34356737	4.22440243	3.74120688	3.37686849	3.17376876	3.09015512	3.00013876	2.95816660	2.88583517	2.83844733	2.85622001	2.96428132	3.06816220	3.08300591	3.06643963	3.05089164	3.04359102	3.07441139	3.15559888	3.27189589	3.42419958	3.62956572	3.70851636	3.74250937	3.85589933	4.02054644	4.05581999	3.95973825	3.90060902	3.87232423	3.87747598	3.92735887	3.87557912	3.79153919	3.70708489	3.64911485	3.63958502	3.73608732	3.78069448	3.79242349	3.80022216	3.84296870	3.83326912	3.87103391	3.95286083	4.04654455	4.09107685	4.17434788	4.22977352	4.24689388	4.26582384	4.37725258	4.58618116	4.71726274	4.78134298	4.81284332	4.86976337	4.88229704	4.82648945	4.79914856	4.86615610	5.06247139	5.33904457	5.64982653	5.85527849	5.90022421	5.81385374	5.69515085	5.61315918	5.50543737	5.36263227	5.22847986	5.18024158	5.16757393	5.17483854	5.21484566	5.32885504	5.47021341	5.60521173	5.71500397	5.76182604	5.68899727	5.58243179	5.51462126	5.48073053	5.48680019	5.54974651	5.65853024	5.67342806	5.61552000	5.51295948	5.40097761	5.43864298	5.48471308	5.42648363	5.21630239	4.87156439	4.61027145	4.36732912	4.13308525	3.90925241	3.70890832	3.59645414	3.52091646	3.48057961	3.47027302	3.48136997	3.33850527	3.14690733	2.95488095	2.78736758	2.64594865	2.50970244	2.42017746	2.34954715	2.27813625	2.19442081	2.02424407	1.82572436	1.63580942	1.47647500	1.35472536	1.26952708	1.15595245	1.03215301	0.908596575	0.788066983	0.720904768	0.647450387	0.621265352	0.627088487	0.580836713	0.723238111	0.765325606	0.977338433	1.29203856	1.30471063	2.17918134	2.02791905	1.83402252	1.92642760	1.97990763	2.34009147	2.36923003	2.41626263	2.56755805	2.64691496	3.01078510	3.30556798	3.56699347	3.75922728	3.77487350	3.62235355	3.36027408	3.08108282	2.83442640	2.62714982	2.70018768	2.79556394	2.84789991	2.86649776	2.93534136	3.16768432	3.41272473	3.63148260	3.82244062	4.02154016	4.14351320	4.20905733	4.25890303	4.28779840	4.24451542	4.20744991	4.19942999	4.17823553	4.13667727	4.10259438	4.15732288	4.21620083	4.25638008	4.28793573	4.35387039	4.42959833	4.45555067	4.40752363	4.28648043	4.11855030	4.03487825	3.98099160	3.90535736	3.78470349	3.62401724	3.50707221	3.35022974	3.20904231	3.09884071	2.99473739	2.77292490	2.54106593	2.33926892	2.16433477	1.96975768	1.77493453	1.61547935	1.48640299	1.40353811
-33.0000000	1.49380803	1.36776853	1.22664082	1.13513398	1.10214531	1.08075988	1.01950169	0.935553789	0.833103299	0.726353645	0.639524400	0.581405044	0.521418214	0.483662903	0.460164934	0.410877258	0.405490518	0.440382540	0.570849538	0.841482699	1.28616798	1.41923559	1.72615850	2.01689649	2.24257183	2.49546814	2.71340322	3.05772495	3.29397678	3.38167214	3.47429514	3.76590848	3.88780308	3.81088495	3.60704565	3.44916415	3.41112804	3.36215830	3.28540587	3.14415669	2.88183022	2.66637373	2.54323292	2.53400135	2.61025286	2.69354081	2.78200054	2.91122174	3.03293991	3.11465216	3.13961816	3.13566685	3.09152746	3.01753139	2.93627477	2.88261843	2.87178779	2.90310884	2.95764565	3.02694726	3.11304736	3.12913084	3.08137131	3.01734233	2.96449018	2.93013597	2.96915889	2.94676089	2.87043786	2.76481795	2.67166138	2.61718869	2.60586143	2.59884572	2.58860946	2.59892440	2.70347571	2.67643642	2.55618501	2.39983582	2.28323936	2.12527227	1.94867063	1.77392375	1.62236130	1.51615381	1.49455941	1.45796454	1.42168391	1.37693965	1.29086053	1.21560204	1.13845253	1.08420718	1.06301379	1.07037306	1.05721259	1.01252735	0.945345640	0.876839638	0.840324640	0.883076072	0.897593915	0.876595199	0.837491453	0.822389603	0.838096261	0.866800249	0.861447692	0.817070782	0.770788670	0.800259531	0.839708865	0.865472317	0.863922238	0.831467450	0.927084684	0.956670582	0.981334567	1.04160035	1.15740609	1.25595415	1.32814062	1.29742658	1.15761578	0.972854137	0.863236248	0.790883899	0.767535031	0.782988012	0.805102229	0.838916123	0.903831780	0.957963824	1.00254023	1.08190298	1.20703983	1.29230320	1.31001914	1.25776410	1.15836489	1.06741011	1.01093876	1.03792775	1.15084493	1.30564928	1.45626938	1.60838735	1.77225721	1.94715226	2.12136436	2.82937908	3.21132374	3.58932424	3.93843889	3.88665867	3.70426989	3.50229692	3.32829952	3.19867539	3.09865975	3.03725314	2.99525380	2.99064970	3.01884627	3.05266953	3.11056757	3.08758402	3.06490684	3.09276009	3.19040370	3.26809335	3.31463361	3.35121155	3.43575692	3.66294193	3.74849439	3.71363473	3.73178220	3.81779003	3.82793999	3.79580784	3.86824083	3.91692924	3.89287305	3.82638288	3.72850132	3.63555694	3.55333185	3.49247169	3.46848774	3.58220196	3.70185494	3.75332570	3.73370600	3.71129942	3.69654441	3.76321244	3.86276007	3.93162465	3.89122295	3.86228347	3.90523911	3.98726273	4.09689522	4.24404478	4.42497349	4.57416439	4.66454363	4.71420193	4.78639841	4.77438688	4.65900373	4.58192635	4.61296034	4.75003529	4.96186972	5.23892689	5.48027420	5.60971594	5.57579327	5.50742865	5.46883726	5.42254448	5.34993458	5.25124884	5.15372467	5.01143837	4.89355659	4.83906078	4.85675144	4.93318129	5.09081459	5.28423262	5.45326567	5.52299547	5.45187759	5.31772804	5.18131638	5.09290648	5.09225607	5.17559910	5.21473980	5.22349977	5.22423744	5.24785185	5.30954361	5.36475658	5.37479353	5.30195093	5.10951424	4.84220123	4.57792807	4.31580114	4.06456709	3.84261298	3.70406747	3.60888982	3.53813076	3.50278711	3.54380751	3.53645706	3.41283679	3.23542500	3.05515623	2.91142273	2.76694536	2.64402533	2.52738571	2.42208433	2.35351443	2.27433324	2.10531783	1.90290701	1.71162200	1.56406546	1.46863031	1.35624993	1.24052787	1.12182522	0.987259924	0.885056317	0.779191315	0.729846001	0.722069144	0.665777028	0.849408805	0.951060414	1.30095208	1.71013105	1.47047162	2.08069897	1.97975445	1.92007279	2.08433938	2.08548927	2.39244604	2.44922972	2.54084301	2.70797873	2.74701929	2.97723365	3.18262172	3.38307667	3.58180356	3.76532149	3.74483109	3.45254898	3.16764593	2.99985647	2.88947868	2.93224406	2.92776370	2.91864157	2.93029165	2.97093439	3.06514525	3.20870233	3.36406255	3.51773167	3.68026543	3.87489057	4.01974392	4.08799982	4.06509161	3.94871283	3.86709189	3.85762167	3.87705159	3.88761520	3.85703301	3.86554527	3.92804670	3.98488927	4.03238583	4.12281275	4.22615337	4.29464531	4.33097267	4.31156349	4.18658829	4.08600760	4.05041361	4.02088690	3.95477009	3.82567120	3.69443846	3.50204802	3.30884314	3.15360975	3.05357599	2.88921332	2.69465637	2.53284168	2.41464424	2.29887772	2.11541557	1.91614246	1.74338126	1.63764715
-34.0000000	1.77939045	1.66641045	1.51493657	1.39562511	1.32417071	1.26130605	1.17569232	1.11184776	1.04069555	0.946343243	0.826083779	0.730679035	0.671549916	0.645547450	0.635133266	0.608380079	0.578675389	0.607188940	0.713216543	0.924365819	1.27655590	1.36773634	1.42213690	1.49644637	1.61315405	1.76054978	2.06946588	2.49447632	2.91273046	3.26645613	3.56295705	3.67135692	3.73852921	3.79067779	3.81041336	3.73675323	3.63975739	3.51010561	3.39904666	3.29354286	3.11626577	2.85906267	2.69106269	2.60639286	2.60204768	2.67788720	2.71367121	2.76470637	2.82989550	2.89757657	2.94552684	2.97751665	2.93593049	2.86396313	2.80197906	2.78751302	2.76983047	2.77388692	2.81099224	2.88674068	3.00101328	3.06677246	3.03134346	2.95276618	2.87441444	2.82499719	2.84100437	2.82948303	2.78300738	2.71047258	2.63709378	2.56751657	2.52509022	2.51634431	2.54167271	2.59533191	2.71237469	2.72845030	2.65112686	2.52594495	2.43641663	2.31626081	2.17132115	2.01277232	1.85454082	1.71330547	1.65208316	1.58612502	1.51935899	1.44608808	1.35098886	1.26679981	1.19576228	1.13649857	1.09645200	1.09188592	1.09506083	1.08025122	1.05619884	1.02746916	0.994452477	0.988266647	1.00951314	1.00603187	0.971885443	0.947360098	0.932453752	0.946987450	0.953283608	0.933972359	0.891990840	0.913236141	0.953951716	1.00258696	1.02291167	0.954016507	0.999274552	0.980990946	0.942236066	0.920002639	0.945204675	1.04814243	1.14763045	1.21872616	1.23315036	1.15928793	1.08492351	1.01377535	0.947179139	0.898863852	0.894951522	0.915435433	0.946268380	0.986230969	1.02394366	1.03786623	1.09829366	1.20794356	1.31610012	1.37552178	1.34244096	1.23004603	1.14132857	1.10564125	1.12351358	1.16665149	1.36094213	1.57093215	1.75292933	1.94680691	2.27600574	3.09475803	3.50468326	3.75596285	3.87462687	3.66255569	3.59443092	3.49989939	3.38778663	3.26609254	3.14198875	3.07184219	3.06785226	3.09780908	3.11851954	3.07580566	3.09483838	3.07720780	3.09096861	3.18551397	3.39157534	3.46791816	3.41864920	3.34805965	3.36739731	3.59486771	3.73236823	3.70221686	3.65204597	3.62473202	3.55839753	3.57180786	3.66785264	3.76370430	3.80630183	3.77234936	3.63806748	3.48604774	3.36716938	3.31247258	3.33315468	3.49666786	3.57658768	3.59641528	3.58131814	3.55813122	3.48776674	3.55698991	3.68640137	3.79129767	3.78166962	3.73366213	3.71865439	3.73544312	3.80371809	3.96406269	4.16895390	4.33037901	4.46630049	4.59127712	4.71646547	4.63715363	4.48015356	4.38693762	4.40157270	4.47071791	4.57023335	4.70194530	4.90275383	5.14298391	5.32638597	5.28114748	5.23555994	5.18679953	5.13218927	5.06919575	4.97287655	4.80814695	4.65144730	4.54434156	4.49351788	4.50899696	4.63046694	4.79839706	4.96793795	5.10892105	5.18161011	5.12942648	5.00447321	4.86509418	4.77587461	4.79915905	4.85798740	4.92934227	5.01041794	5.11862040	5.17767859	5.17910767	5.16471148	5.14790916	5.11373520	4.90421104	4.66872406	4.41986513	4.18221188	3.99232459	3.87804151	3.76568985	3.65478587	3.56810999	3.55170822	3.61920547	3.59607720	3.47521496	3.29266095	3.12761045	3.01904869	2.90800881	2.77589965	2.63443518	2.52563453	2.48179269	2.37169051	2.20384383	2.00100183	1.80014503	1.65303278	1.51289916	1.39722395	1.29865062	1.18498778	1.06605852	0.932358265	0.854609013	0.826738477	0.765880406	0.981357396	1.14378440	1.64650142	2.16744995	1.66917372	1.97908151	1.85715353	1.89303350	2.15453196	2.18762732	2.32482767	2.44717622	2.55748153	2.64629841	2.69192863	2.85598588	3.00397205	3.11426520	3.19743872	3.29626322	3.33841729	3.18407059	3.10265708	3.16909575	3.26379061	3.28478622	3.19927382	3.14722848	3.17040920	3.21235847	3.20758772	3.23703504	3.30598712	3.40863514	3.52807832	3.71431422	3.84019995	3.85199642	3.76746368	3.67586136	3.59245825	3.58648992	3.62336493	3.66413927	3.66551828	3.66844344	3.70587516	3.75394011	3.80069160	3.84611559	3.93718386	4.03751850	4.12841177	4.16491032	4.07580948	3.97557807	3.92868686	3.91143703	3.90016890	3.87126040	3.76717567	3.57001424	3.34303641	3.14941001	3.05220962	2.98482299	2.86557078	2.74771976	2.65854502	2.59933257	2.45103359	2.24288154	2.04471374	1.91854012
-35.0000000	2.03799415	1.90190053	1.76215029	1.63754761	1.53209651	1.43499970	1.33380115	1.25172937	1.18680215	1.12235475	1.02703977	0.907372773	0.843368292	0.816823184	0.810398757	0.807621419	0.783383608	0.801269829	0.848692894	0.929634333	1.06464469	1.13186467	1.14665937	1.23955297	1.45940924	1.77343154	2.20900035	2.60271311	2.94848967	3.22384548	3.38989234	3.44681215	3.53884244	3.68756127	3.85868382	3.96206212	3.86024165	3.68857503	3.54535437	3.47262192	3.45617151	3.21945858	2.98392677	2.77903485	2.65170407	2.66631818	2.72368956	2.72594452	2.74687934	2.79863119	2.83167887	2.91445065	2.94693613	2.91769338	2.84994984	2.80160069	2.77391124	2.74533534	2.77524018	2.86467004	2.95634604	2.92792201	2.89128280	2.84593892	2.79962969	2.76832342	2.77656460	2.78644705	2.75914764	2.69743919	2.64568639	2.61019206	2.56873918	2.56556749	2.59613204	2.60710311	2.67601871	2.73329735	2.71295881	2.62176204	2.53920531	2.42518592	2.28462958	2.14945173	2.02897453	1.90992653	1.85015988	1.76014304	1.66228569	1.56285226	1.45196152	1.35212672	1.27705610	1.20876861	1.14696252	1.10901463	1.11416841	1.10446918	1.09476435	1.08921707	1.08130550	1.06618857	1.10253012	1.13213718	1.12612212	1.08490169	1.03410685	1.01882994	1.02724421	1.03809059	1.02067780	1.02535880	1.06829929	1.13432813	1.18109000	1.13904619	1.07861483	1.01372623	0.948413551	0.893735051	0.867773235	0.914914966	0.961353779	1.04053843	1.14261460	1.21442497	1.19300044	1.17525887	1.13627374	1.07030392	0.990794361	0.962604284	0.954894185	0.960572541	0.979897559	1.02047670	1.04700470	1.10693097	1.21117210	1.33596516	1.42286754	1.41221368	1.35785639	1.28016806	1.20919538	1.18465769	1.31211805	1.53717577	1.72025669	1.94821084	2.53431106	3.34141231	3.73858237	3.89658689	3.88220429	3.65822625	3.57269454	3.48981214	3.40156031	3.28396702	3.09710598	3.00731039	3.02129722	3.07459474	3.09646440	3.00989890	2.99391556	3.02030039	3.10066652	3.24901175	3.48171997	3.50811911	3.37358928	3.24773598	3.27272034	3.56326032	3.81161904	3.82071781	3.74702954	3.65635610	3.52382302	3.50412679	3.53051686	3.58773947	3.64834595	3.67269158	3.57775021	3.41738009	3.27482152	3.20040417	3.21154833	3.32778645	3.41317296	3.46103263	3.46419573	3.41499686	3.32777643	3.39280844	3.53941631	3.67402554	3.68016553	3.65212321	3.65192318	3.64143634	3.62904358	3.66963959	3.83937645	4.01221132	4.16001415	4.28572130	4.42333937	4.32564020	4.23362160	4.18495321	4.19734669	4.26855230	4.30793667	4.36560297	4.48495531	4.68812895	4.97598743	5.00405264	4.96505356	4.90618706	4.84025097	4.74563885	4.66634130	4.57530451	4.48416233	4.39761782	4.31344414	4.25233412	4.28278255	4.37255144	4.49560213	4.63209915	4.76861858	4.84169960	4.83521605	4.75476933	4.62769127	4.54146719	4.54029417	4.58489943	4.64989042	4.72375584	4.77987957	4.78225946	4.78526974	4.82036161	4.89606285	4.80348969	4.61327505	4.39583826	4.19031858	4.00457191	3.88935232	3.76057124	3.63615751	3.53485179	3.47620821	3.51867151	3.56385040	3.53311777	3.41537690	3.26705790	3.17054081	3.08170271	2.97398663	2.84736395	2.72833681	2.66855407	2.61948061	2.53353333	2.38247490	2.15741205	1.94332218	1.76172149	1.60102808	1.45528948	1.32418203	1.19661069	1.05271494	0.960837483	0.921717465	0.868490040	1.13097382	1.34267855	1.91609573	2.44997430	1.72932231	1.74245000	1.64874709	1.77330434	2.09196663	2.23133373	2.29853845	2.40712571	2.47769117	2.49385643	2.50226784	2.60463858	2.75082159	2.70817828	2.51760173	2.49351454	2.59141278	2.71640778	2.89483047	3.13230467	3.41374993	3.58843017	3.58992720	3.56174684	3.57673883	3.63709784	3.63510633	3.60166144	3.58514881	3.61348367	3.69410515	3.77038789	3.78689122	3.73227644	3.64267015	3.60166264	3.57089877	3.55458832	3.57042646	3.60508704	3.61422300	3.58172989	3.58036065	3.60433865	3.63757777	3.65368080	3.69606924	3.77042842	3.83963156	3.86894131	3.82601237	3.73395848	3.67852926	3.65190864	3.64318895	3.63836861	3.59752011	3.49010372	3.35006428	3.22400904	3.17121029	3.16537356	3.13201118	3.05930591	2.95889759	2.86588383	2.76872039	2.62812448	2.44336152	2.28252172
-36.0000000	2.29545259	2.12732697	2.02553296	1.93821907	1.83426714	1.70329177	1.55502605	1.42936325	1.35049498	1.31331742	1.28343248	1.17921937	1.10114217	1.04769802	1.01354730	0.989514649	0.996252179	1.04194498	1.09332800	1.14407873	1.21481657	1.29296339	1.47067428	1.77561426	2.17227054	2.56195283	2.83891344	2.95303893	2.97696257	2.97736478	3.01497197	3.09896445	3.26414537	3.48018122	3.71447897	3.93218994	3.93303394	3.84043670	3.75407243	3.72084761	3.73490071	3.61706972	3.37586141	3.09508967	2.85506105	2.73257494	2.79232764	2.80856323	2.81475520	2.82139373	2.81598711	2.87596822	2.94136429	2.95711112	2.91746092	2.86598372	2.82645464	2.82085276	2.83808947	2.87434649	2.93307686	2.87890553	2.84232187	2.81137562	2.78428864	2.76945543	2.79360342	2.82452035	2.81268311	2.75220370	2.68083119	2.69222856	2.70360851	2.73880172	2.77691531	2.75233316	2.74942732	2.75789571	2.74839091	2.70736241	2.63705850	2.53186798	2.38302922	2.23149300	2.11020279	2.04409313	2.01058841	1.92111051	1.81145775	1.70448971	1.61012542	1.51134324	1.41715324	1.31910753	1.22254252	1.14657736	1.14197516	1.15028143	1.14851129	1.13598895	1.13434744	1.16020322	1.19400358	1.22570217	1.23530412	1.19286573	1.12762034	1.09160149	1.10516882	1.15171206	1.17765117	1.15158367	1.17095244	1.21401060	1.24815464	1.22992432	1.18791783	1.15625155	1.10500813	1.03591371	0.982336998	0.981731892	0.980128229	1.01212490	1.08347619	1.17109215	1.21130502	1.24519515	1.25725996	1.23151588	1.15149713	1.05742741	0.990309536	0.954169631	0.953876972	0.995144665	1.02214897	1.05663264	1.14638770	1.27526391	1.36316824	1.49673033	1.59236515	1.60899305	1.56751847	1.55083025	1.83368957	1.96490765	2.01733875	2.17759633	2.74604988	3.49457788	3.91962671	4.09590530	4.08675814	3.94416857	3.80301666	3.66309595	3.50198984	3.31285429	3.10441995	3.03263712	3.02746177	3.06052947	3.06453633	2.93323731	2.86937475	2.97837687	3.15289783	3.33072948	3.49480057	3.49175382	3.33239579	3.17358875	3.19209123	3.58455849	4.01337957	4.13081360	4.07084846	3.93102956	3.77245808	3.71084642	3.66551280	3.64575076	3.64028311	3.61726093	3.56806231	3.45251298	3.30386734	3.16760182	3.10141253	3.13951468	3.28361320	3.41660476	3.45581079	3.35297871	3.30791950	3.37129235	3.51485085	3.66511178	3.70335317	3.59962583	3.55655718	3.54090738	3.52796841	3.50156379	3.58684516	3.77466941	3.96267653	4.08319855	4.10325718	4.00034332	3.99745417	4.04477930	4.11715269	4.21405220	4.21760225	4.19668722	4.20684147	4.30220222	4.53551054	4.65449810	4.68834019	4.67810726	4.62673092	4.49900293	4.43466759	4.38900661	4.32338285	4.22995329	4.13166904	4.05277872	4.01380014	4.01880264	4.07704353	4.20296574	4.35305357	4.45755005	4.55601263	4.62482500	4.57719994	4.39142752	4.24898529	4.18149614	4.18447161	4.21731520	4.26556110	4.30978489	4.34343386	4.38409853	4.47350693	4.52349424	4.43219233	4.26774549	4.08303976	3.91570020	3.81560707	3.70055461	3.58097148	3.47995567	3.43327475	3.46167445	3.52106714	3.55452013	3.52969551	3.43885279	3.33827329	3.22520733	3.10926747	2.99867439	2.90025544	2.83413839	2.78128552	2.71783590	2.61842895	2.45620203	2.23119521	2.04235077	1.85491872	1.65763056	1.46269727	1.29535854	1.14880717	1.06072485	1.02853179	1.00938570	1.30639458	1.65088713	2.23075223	2.58306479	1.59408736	1.55512345	1.48034549	1.58360457	1.86880982	2.12992787	2.26219583	2.37621951	2.49394679	2.60591578	2.67125297	2.70817447	2.74418926	2.57150292	2.25294781	2.12198424	2.18760681	2.41722631	2.68625402	2.94571853	3.22226572	3.49293685	3.66955686	3.74985981	3.76783395	3.79372072	3.84771729	3.84645176	3.82550550	3.82464671	3.88782859	3.92476726	3.91733074	3.84854150	3.73818207	3.64279461	3.66683817	3.68863773	3.69321656	3.67471671	3.63639402	3.55856681	3.50386691	3.46446419	3.43244028	3.39978719	3.40094447	3.44971991	3.51955032	3.58477759	3.62064910	3.58914995	3.52134109	3.44300079	3.37828779	3.34974527	3.32704520	3.30047202	3.27746701	3.26504374	3.26978827	3.33569264	3.37059331	3.35948896	3.29834557	3.19409752	3.07180643	2.93896246	2.77099371	2.62131214
-37.0000000	2.61705017	2.43618703	2.33155179	2.25230622	2.15979099	2.02752519	1.87878847	1.74978209	1.65632546	1.60618842	1.59909034	1.57275975	1.50899887	1.42992103	1.35748565	1.31349826	1.34153843	1.42378771	1.52325833	1.63269699	1.77458394	1.94254279	2.20630193	2.53421783	2.84252667	2.99534154	3.08716464	3.05415177	2.92882586	2.79828978	2.80422759	2.88787699	3.07513833	3.29807854	3.52872205	3.77904963	3.93160510	3.95800185	3.95069027	3.95573354	3.97280836	3.92993903	3.79407477	3.56711984	3.28572035	3.02126455	2.92221665	2.92499018	2.95020556	2.95305705	2.92331386	2.92068291	2.94322586	2.92720103	2.86368227	2.79855824	2.78867269	2.81015992	2.84193802	2.87236381	2.89923215	2.90459776	2.89105582	2.87329936	2.84806585	2.79413700	2.80638671	2.84695387	2.86824965	2.84314418	2.76496363	2.73894382	2.74803519	2.77769256	2.81003022	2.82382536	2.80726266	2.75875282	2.72387266	2.71504807	2.71155596	2.61557937	2.49335694	2.35638857	2.23683190	2.18750405	2.16285300	2.07282948	1.94487762	1.81064332	1.70597434	1.63237202	1.55799973	1.46291721	1.35483193	1.26909816	1.24188137	1.23990428	1.22921610	1.20799780	1.20656168	1.25403297	1.28237438	1.30274594	1.30847716	1.27506852	1.20665598	1.15925968	1.16006589	1.20359612	1.25170708	1.22267747	1.21708858	1.23801565	1.26731169	1.26560581	1.24358737	1.23364651	1.22054505	1.19065535	1.13195920	1.11846888	1.11502576	1.13315642	1.17171526	1.21688437	1.27552915	1.34447241	1.40533817	1.43792975	1.42022812	1.31506944	1.20460784	1.10971701	1.05014324	1.04450393	1.05339932	1.09738243	1.19748855	1.31750369	1.36396563	1.54087913	1.70459902	1.78013539	1.78360999	1.82225525	2.22730899	2.38460708	2.43548346	2.51191902	2.73654103	3.50632596	4.01245213	4.23327780	4.24115229	4.20241165	4.06234646	3.84610224	3.57843447	3.30574942	3.09610152	3.03692818	3.05056834	3.08363581	3.06652999	2.91343427	2.78223324	2.91598630	3.16607308	3.39422226	3.47251201	3.48811412	3.42166138	3.31623983	3.28848743	3.52859044	4.03103924	4.39031839	4.43757677	4.22554016	4.02851009	3.98017454	3.91765833	3.83894634	3.75061822	3.66784978	3.61842775	3.49148059	3.33220315	3.18007040	3.06883335	3.04933906	3.11950159	3.27723432	3.43581986	3.42390800	3.38100910	3.44907951	3.54187226	3.61818266	3.68184662	3.66476250	3.58344150	3.48368263	3.40683460	3.38979864	3.43090725	3.58334494	3.77542353	3.93225169	3.97573829	3.86056280	3.81778479	3.86338210	3.96793294	4.05661821	4.08900070	4.02030659	3.94571543	3.95336986	4.12437010	4.30090332	4.42158699	4.46772099	4.42458105	4.28141403	4.19758654	4.14428616	4.08887863	4.01576710	3.92639399	3.83971715	3.80669284	3.78340387	3.77421308	3.83176088	3.95996141	4.07343292	4.22278500	4.37877083	4.43228674	4.27170706	4.09412289	3.96192408	3.89888096	3.89014626	3.87573838	3.88284206	3.91177297	3.95962858	4.02028894	4.11800480	4.13766861	4.05277634	3.90099239	3.78415179	3.71634340	3.64851785	3.57151246	3.50113487	3.47816110	3.51543641	3.55757070	3.60035491	3.62666583	3.60646653	3.50492334	3.37267113	3.23595428	3.11856627	3.04184890	2.94744158	2.85400987	2.76784635	2.67798376	2.55619574	2.38363934	2.21695566	2.05088186	1.87037134	1.65059304	1.44600379	1.28223944	1.17821574	1.15916884	1.25665343	1.52453125	1.95438075	2.31874490	2.28825474	1.43163240	1.52614474	1.47016001	1.48233020	1.65529180	1.95566654	2.18201900	2.34686184	2.51741409	2.70038652	2.84198189	2.88335586	2.88835740	2.69230914	2.36238647	2.19762206	2.18149757	2.27451301	2.45497799	2.69970894	2.98402834	3.27082205	3.49297595	3.64765930	3.72714543	3.71881199	3.77074170	3.77085352	3.75463319	3.76203632	3.83748627	3.92382789	3.99651313	4.03058290	4.00497103	3.90250683	3.85427761	3.84695983	3.83967590	3.80811119	3.74451613	3.69002318	3.61207771	3.53687167	3.46023655	3.34764266	3.28246832	3.27277374	3.30286026	3.36097074	3.43929100	3.51433206	3.54403710	3.50684881	3.41554618	3.31724596	3.26629162	3.21162724	3.17279005	3.14494181	3.09886956	3.15083146	3.23195624	3.31655288	3.38148260	3.40615797	3.32653880	3.18185091	3.01025796	2.87765145
-38.0000000	2.93444610	2.76946211	2.60636711	2.47260880	2.36770010	2.26322150	2.15209007	2.04531407	1.96113217	1.90485990	1.86888766	1.88021398	1.85167432	1.79634774	1.74402583	1.74121499	1.78826201	1.86486137	1.96049249	2.06803107	2.18374801	2.37340546	2.54974842	2.73225355	2.90086341	2.99598503	3.02793598	2.92051387	2.75516963	2.61022568	2.56087661	2.71462870	2.94645262	3.17604876	3.36762047	3.52987194	3.76808476	3.90281963	3.97244954	4.00753880	4.03084183	3.99407935	3.95843744	3.88024306	3.72159219	3.45035005	3.20341706	3.05349469	3.00199819	3.01185536	3.00750732	2.98914719	2.96118498	2.89590573	2.80503178	2.73972178	2.75985050	2.74044681	2.74141216	2.78013206	2.83147407	2.85654068	2.86634874	2.86335397	2.83771133	2.76727557	2.73823142	2.75753880	2.79796362	2.82619190	2.80282831	2.72471786	2.67555618	2.65984607	2.67318225	2.70225477	2.73638844	2.72559476	2.68850708	2.65488434	2.66560960	2.66621685	2.59674287	2.49882722	2.40678573	2.34760904	2.29882741	2.19644356	2.08668900	1.98080194	1.85502529	1.74718964	1.68697178	1.63220477	1.56450951	1.48929477	1.44029093	1.38888597	1.33465469	1.29005599	1.28043175	1.29961562	1.31222785	1.33319855	1.35494053	1.34735012	1.27927220	1.23314750	1.21692216	1.23359740	1.28122962	1.27422643	1.23407614	1.21799338	1.23859394	1.26389563	1.25235903	1.22730958	1.22033799	1.23697662	1.25669861	1.26854098	1.27637029	1.29728067	1.33348417	1.37231040	1.43072891	1.47790027	1.52383602	1.56718683	1.59524167	1.56274736	1.48641133	1.39075518	1.29532588	1.21469545	1.17983437	1.20065284	1.28531051	1.39479041	1.44289804	1.51847923	1.60531199	1.66372967	1.69803536	1.75650036	1.85742116	1.97532213	2.13238788	2.38200212	2.80874872	3.58127046	4.04707766	4.24717426	4.27566004	4.27972937	4.20256281	3.91589856	3.57726932	3.27008533	3.00363374	2.90636754	2.91858006	2.99741554	3.06121683	2.98952460	2.88511014	2.93047476	3.10898924	3.32024407	3.38004804	3.45743752	3.57593107	3.65538883	3.77111435	4.15385771	4.28688240	4.62758923	4.68403149	4.37043858	4.00721169	3.97882700	4.00334215	3.98891139	3.88587642	3.68676877	3.59006858	3.50539279	3.41637015	3.30651879	3.15924549	3.06085014	3.01939535	3.12638330	3.35102129	3.54022121	3.52432251	3.53718638	3.53687453	3.53592157	3.60133767	3.65413475	3.62503481	3.54054332	3.44488716	3.40001798	3.40754867	3.45649099	3.55289412	3.67874479	3.79196930	3.76725769	3.67198658	3.64562559	3.72111702	3.82487750	3.92365646	3.88945293	3.76564622	3.65762830	3.73280740	3.88969183	4.00251532	4.09669781	4.14732885	4.07916594	4.01820707	3.98720932	3.96749854	3.94213653	3.89592075	3.81832957	3.74355602	3.66748571	3.61054611	3.61770678	3.73529959	3.84859538	3.95381308	4.05632782	4.17066717	4.12878418	4.04654455	3.93432426	3.81233954	3.71064973	3.66265225	3.65388560	3.66423011	3.67612290	3.67456245	3.73334169	3.81942010	3.83975172	3.77462840	3.67767930	3.64281440	3.56504416	3.51393962	3.50981808	3.52374125	3.55461144	3.61876178	3.67729545	3.70413709	3.68603587	3.61190152	3.48311424	3.34792233	3.23219562	3.13942409	3.03520989	2.93069863	2.84206581	2.75178909	2.60864544	2.45719647	2.31803060	2.19445181	2.06482577	1.88258064	1.65671980	1.49475312	1.38815427	1.37683702	1.54915416	1.82781661	2.20089746	2.18883967	1.72834551	1.17237580	1.34000099	1.37075806	1.39217627	1.48213899	1.66888523	1.98073363	2.17825866	2.36092329	2.55458403	2.71149206	2.71728182	2.64822936	2.56969857	2.51003408	2.46055937	2.47978425	2.45828938	2.52251196	2.72729182	3.05586767	3.31926513	3.54606962	3.72216034	3.84142303	3.90575099	3.95362711	3.93056345	3.86993623	3.80982924	3.79303241	3.83696151	3.95131445	4.07542944	4.16775131	4.20583248	4.16885185	4.10559654	4.04154825	3.98454285	3.92477131	3.90417385	3.82004285	3.72776198	3.64940667	3.57374358	3.45723557	3.37531710	3.33454323	3.33384418	3.36452532	3.42870665	3.52043414	3.58146524	3.57628655	3.49211669	3.37084842	3.23672414	3.10781384	2.99551845	2.90456843	2.88477373	2.92236209	3.01598430	3.15204406	3.30469513	3.39324522	3.37182164	3.25972176	3.13513327
-39.0000000	3.02396679	2.87719870	2.74058366	2.62819910	2.53893995	2.45651746	2.39457417	2.31510496	2.21721363	2.12192369	2.07218027	2.06037211	2.04030061	2.00320411	1.96386766	1.96062398	1.96488082	1.96793592	1.97770154	2.00303340	2.05373120	2.22668028	2.34900045	2.41381264	2.44240499	2.48423314	2.52680826	2.51272583	2.45525241	2.38084030	2.32912993	2.45999146	2.67211270	2.89042687	3.07796526	3.23585510	3.49839664	3.72735190	3.89397502	3.98849320	4.02010441	4.03633499	4.00743294	3.97631788	3.93227339	3.81095052	3.58780289	3.35541511	3.16827798	3.06134319	3.05002117	3.03706670	3.01627994	2.95029116	2.85254526	2.78730130	2.81786180	2.75928044	2.70657253	2.70787120	2.76442528	2.82374525	2.83941913	2.82744241	2.79966021	2.76376605	2.72213149	2.74167967	2.77467489	2.79798317	2.81306911	2.78973651	2.73161411	2.66968751	2.62482882	2.60779929	2.66507626	2.68240309	2.64511871	2.58862710	2.59839845	2.66335177	2.66352224	2.62277865	2.56926632	2.53540850	2.45333552	2.36129856	2.28626633	2.21619129	2.10001040	1.99732780	1.92978108	1.88160694	1.82962561	1.74324191	1.64526224	1.55652905	1.47770250	1.41327357	1.37156367	1.36706924	1.34489024	1.33692825	1.35320222	1.38184786	1.35586560	1.32006645	1.29478681	1.29352200	1.32292640	1.33897364	1.30085921	1.25897360	1.24365008	1.26516545	1.26467574	1.25000036	1.24026799	1.24889576	1.28358877	1.33661509	1.38173997	1.42164958	1.46110880	1.50696135	1.55377865	1.60740471	1.64757574	1.65906584	1.63168871	1.63251007	1.62739110	1.59558284	1.52801144	1.42727900	1.34897268	1.33391130	1.37508464	1.44864094	1.51388860	1.52208471	1.56042469	1.62866032	1.71734309	1.80782187	1.79936719	1.88053346	2.09438348	2.47865009	3.06573772	3.66398191	3.95046568	4.04607439	4.06895685	4.13452291	4.19167995	3.99514079	3.68140006	3.35447788	3.08592105	2.92726827	2.88496137	2.91002893	2.94497657	2.92378712	2.88203287	2.85132790	2.89619160	3.02175021	3.17373729	3.36945820	3.61592436	3.72228360	3.71104908	3.81810188	3.56127739	3.83730149	4.13230228	4.19437790	4.03359461	3.97096467	3.95040393	3.93745136	3.89717627	3.79417706	3.66160870	3.52671528	3.43675733	3.38425374	3.30697989	3.23138475	3.13996935	3.17430735	3.36105323	3.61194348	3.67606115	3.65336299	3.60290718	3.60117364	3.74206233	3.78192902	3.70399404	3.58653879	3.48218656	3.41790462	3.41062379	3.40580988	3.41576886	3.43926287	3.46151280	3.56616855	3.61248469	3.63911200	3.67240024	3.72639894	3.76210523	3.75821590	3.68606973	3.57427120	3.50869179	3.53978801	3.58272862	3.66922045	3.78019142	3.84579277	3.80334783	3.82998085	3.89674616	3.95984197	3.96061158	3.95127368	3.85252690	3.69744158	3.54910707	3.50063562	3.57657361	3.66286373	3.73868179	3.81885481	3.95385671	3.98887014	3.97467375	3.93198419	3.86578488	3.76532340	3.69447088	3.66077614	3.63646674	3.60037518	3.53793573	3.54908419	3.59523511	3.65568805	3.69063449	3.64115834	3.59967494	3.53616333	3.47943974	3.45084596	3.46424699	3.50789428	3.56564116	3.61553383	3.64561868	3.65394402	3.66098785	3.59713650	3.48421907	3.35286880	3.24252176	3.12581444	3.03008842	2.95002270	2.85245681	2.67638946	2.47080302	2.32678246	2.20811558	2.09583950	1.98824167	1.85023952	1.74669909	1.68309033	1.71368062	1.94153547	2.23218131	2.58791089	2.48820853	1.91377270	1.34651756	1.42018890	1.35612309	1.33096576	1.39543259	1.47430980	1.72848940	1.96795130	2.11117744	2.17052960	2.25224948	2.27846813	2.32237935	2.36861086	2.42222261	2.50870919	2.58475399	2.63940024	2.74052620	2.93347454	3.24105167	3.47032070	3.63567019	3.77748775	3.89960575	3.96929979	4.03901815	4.10472345	4.09232998	4.00390530	3.91767359	3.96394920	4.06603050	4.17272329	4.24746275	4.26831484	4.33986521	4.36986017	4.36011887	4.32261992	4.27949810	4.27694035	4.17343855	4.04935074	3.94278526	3.84959960	3.72196555	3.61758518	3.53037071	3.45121956	3.36801767	3.35596442	3.39848161	3.45720196	3.50702405	3.53610969	3.45157671	3.32786417	3.20049405	3.07779908	2.94092441	2.80596209	2.76276159	2.80056667	2.90062356	3.03617978	3.16374993	3.26277852	3.27480030	3.22569704
-40.0000000	2.93214655	2.83067775	2.75941563	2.69686079	2.62803483	2.54447699	2.46726131	2.44916916	2.42020988	2.35104513	2.25299287	2.15698099	2.11359119	2.11082196	2.12957978	2.14368033	2.13724947	2.07296252	1.97218382	1.86275995	1.77901804	1.77777982	1.82740319	1.86354780	1.88304162	1.94388461	2.05071521	2.13574505	2.20454884	2.25332427	2.26889300	2.35990047	2.49419832	2.67569423	2.89683318	3.13859630	3.37061167	3.59231377	3.80809927	4.00176382	4.13649893	4.23221111	4.25847483	4.23646498	4.18375206	4.11430359	3.97674870	3.79941058	3.59498811	3.39529014	3.25123525	3.21958876	3.18185592	3.09507728	2.96462822	2.84421682	2.89225149	2.91929054	2.88256240	2.79758859	2.73818350	2.75783396	2.75949454	2.75027657	2.73914504	2.73691869	2.71741056	2.74821448	2.80094695	2.84688044	2.85694337	2.87738895	2.86640310	2.82961750	2.77571917	2.71644998	2.69168139	2.68547130	2.65210772	2.59290123	2.55618429	2.63375664	2.70212483	2.71512580	2.68361163	2.67544985	2.63702321	2.56431174	2.50598240	2.46447754	2.39601564	2.31959391	2.26108956	2.21714735	2.15784359	2.02668428	1.91000926	1.81771660	1.72545886	1.62813652	1.53989553	1.50604820	1.47111273	1.44301057	1.42402899	1.41082239	1.39169502	1.37598145	1.36843097	1.36685145	1.36211061	1.38821232	1.38002610	1.35486865	1.33643985	1.35482287	1.34151697	1.32935202	1.32524538	1.32891023	1.33285570	1.37155616	1.42266178	1.48248065	1.54867840	1.62027729	1.69722795	1.76541555	1.79209650	1.76919127	1.71328568	1.67702508	1.66962016	1.67383158	1.66733992	1.62274504	1.54859114	1.50832593	1.50103831	1.51998115	1.55257034	1.59175205	1.63206017	1.70284832	1.80342674	1.90306401	1.85755348	1.91865587	2.09757447	2.42929578	2.97258878	3.44373012	3.62312198	3.66131353	3.69228983	3.83347178	3.96374154	3.93840361	3.76083112	3.48819065	3.23144174	3.03786540	2.94212675	2.92403221	2.92826962	2.86440659	2.80532360	2.77188492	2.79048467	2.88026142	3.05309725	3.28340459	3.63423061	3.96085858	4.00344419	3.38701487	3.15114307	3.29396224	3.61089230	3.92769098	4.10045290	3.96469474	3.86410522	3.78176451	3.72308159	3.71579361	3.75523281	3.64765048	3.50037265	3.37987304	3.31177187	3.30233550	3.31152391	3.38824987	3.51438975	3.60478473	3.68761206	3.71435452	3.70541430	3.70764422	3.79434824	3.87378526	3.75888133	3.58079004	3.43378305	3.37525105	3.35182238	3.33671379	3.28970909	3.22401762	3.20627260	3.28446746	3.44255924	3.60228014	3.69413829	3.65741920	3.58171511	3.52270651	3.50062871	3.50342774	3.48676205	3.51180935	3.54805779	3.57505393	3.58428836	3.57919216	3.59154058	3.55836320	3.57463193	3.66269279	3.77226686	3.82071495	3.77625799	3.63818026	3.45665503	3.33274293	3.32483721	3.38697863	3.47741008	3.58981729	3.75332475	3.85381651	3.89067769	3.89121604	3.87931848	3.87545276	3.85430264	3.81740355	3.78009915	3.73330259	3.64349771	3.58819008	3.55584264	3.57110000	3.62942863	3.69711447	3.65422249	3.60144138	3.54179430	3.47600460	3.40249324	3.37680244	3.42079043	3.45864272	3.46916580	3.48578763	3.48488712	3.44440985	3.37736249	3.29503679	3.20700932	3.15415812	3.13113689	3.07286692	2.94666815	2.75225806	2.51309466	2.35377812	2.23162580	2.12729859	2.04480076	1.97772145	1.91217279	1.90552604	2.03317261	2.38852382	2.83025861	3.22090530	2.99537802	2.21609354	1.57297444	1.52572930	1.60323846	1.67783427	1.67898762	1.59330606	1.62657070	1.71239924	1.78105974	1.82008529	1.87427449	1.97069669	2.12529755	2.25261784	2.32878661	2.39152122	2.51368475	2.64190531	2.80148387	3.00027537	3.22868967	3.36336350	3.47391224	3.56525421	3.65939379	3.79542089	3.83847523	3.93564796	3.99483585	3.98931599	3.95774603	3.99348521	4.06898022	4.13301516	4.16742516	4.18709707	4.31437063	4.42614317	4.49943399	4.53223228	4.54349518	4.55196619	4.51005363	4.40168142	4.23947859	4.06478167	3.90725303	3.79560065	3.70809746	3.62091851	3.50813651	3.40348697	3.37624478	3.37417579	3.38221908	3.42249012	3.47459078	3.46337986	3.40810084	3.32928872	3.24876857	3.08779168	2.90948176	2.80524468	2.80042696	2.85431314	2.95815754	3.06084776	3.09883237	3.07908034
-41.0000000	2.94280958	2.86903310	2.81717300	2.77562809	2.71626019	2.59439516	2.47847009	2.45406508	2.46068287	2.45133162	2.39252472	2.25893617	2.16201901	2.14378428	2.19834471	2.27191472	2.28687906	2.26195550	2.17141128	2.01981759	1.84204948	1.75088704	1.73177123	1.73648715	1.74609888	1.77094734	1.86190569	1.94364870	2.02643442	2.11518216	2.20947099	2.28552938	2.39021468	2.52193642	2.70706558	2.99993539	3.33280921	3.58892035	3.81614423	4.02356148	4.18146038	4.28093195	4.37546444	4.44833565	4.48758268	4.48600197	4.40241671	4.27302694	4.13062477	3.96930718	3.74447536	3.55702996	3.40042281	3.24939871	3.10342145	2.98667026	3.00235391	3.03558111	3.02776861	2.95032430	2.80465007	2.73865557	2.67994738	2.65444803	2.66734481	2.70308542	2.66816401	2.65407300	2.72737384	2.86289692	2.94374013	2.94587111	2.95943809	2.97213721	2.97074389	2.94111443	2.85810614	2.80662537	2.77886987	2.75655508	2.71091485	2.69640279	2.73380446	2.76896095	2.78003263	2.77750111	2.81801653	2.78282213	2.73179221	2.69174194	2.65642810	2.61432242	2.55833554	2.49007535	2.41047144	2.31977272	2.24083805	2.14738441	2.05127764	1.95679808	1.86063993	1.78290892	1.71962237	1.67372322	1.63269854	1.56857824	1.52850509	1.48547006	1.47062612	1.48193276	1.48415697	1.48984861	1.48673725	1.48347998	1.48288131	1.48189366	1.47669756	1.46013808	1.45482957	1.46732581	1.48811805	1.49115407	1.50825107	1.54423261	1.59689188	1.65699291	1.74086845	1.84942353	1.91902518	1.92137265	1.86349881	1.81047237	1.77797627	1.76486647	1.76312768	1.75787318	1.72886229	1.67333412	1.63539660	1.62887275	1.63730085	1.66832352	1.72852767	1.86390018	2.03963304	2.14012241	2.01509380	1.92734194	2.02266502	2.36132407	2.91804528	3.39775419	3.51451588	3.48617172	3.48342085	3.62982202	3.77550650	3.83334208	3.79339457	3.66277719	3.46565342	3.28885102	3.16090107	3.07526016	3.00772905	2.91645050	2.84642196	2.81993699	2.85699630	2.96497297	3.13861275	3.85694742	4.22250700	4.02434587	3.46931458	3.18205714	3.13984704	3.36852503	3.69351983	3.96967006	4.08122301	3.92362785	3.81188202	3.75901580	3.73417044	3.66259718	3.67690086	3.67903829	3.63769937	3.54090977	3.39603543	3.37436175	3.38275480	3.43790412	3.50599027	3.50268292	3.45636296	3.42774177	3.41111135	3.40409923	3.40766835	3.53484845	3.53798938	3.43774700	3.29956603	3.23367858	3.19083977	3.21226978	3.19363666	3.10712147	3.00141764	3.03218627	3.15932155	3.33155632	3.47891808	3.51272988	3.44956589	3.33552861	3.24473786	3.23374963	3.34155560	3.46564698	3.62670183	3.68132377	3.59050751	3.41963673	3.37518597	3.37738228	3.40492725	3.44289637	3.48273897	3.62280011	3.65452003	3.59244156	3.46051264	3.29208684	3.20585561	3.20853329	3.26813245	3.37165976	3.52511215	3.62195587	3.70303464	3.76451540	3.80940032	3.84752750	3.83361840	3.81163311	3.78839827	3.76574087	3.74049163	3.67788768	3.59256148	3.53872228	3.53748846	3.57688785	3.59376144	3.57393789	3.54233360	3.51235557	3.48590183	3.42803097	3.35349202	3.30029321	3.29278660	3.34166527	3.35790300	3.29174066	3.21167231	3.15339851	3.11982608	3.07993436	3.08326101	3.07817101	3.01415324	2.84181905	2.63536429	2.49961495	2.40686822	2.32647777	2.22485638	2.14794993	2.09808898	2.08704114	2.19117284	2.55144715	3.15372944	3.66726828	3.41107154	2.52926993	1.99111664	1.72021961	1.64846754	1.66376698	1.69118643	1.69295907	1.64312851	1.57669055	1.59556663	1.68415868	1.70934701	1.80709982	1.93621445	2.09997940	2.28222680	2.44732976	2.59798598	2.71664476	2.84418583	3.01494455	3.25670958	3.38636351	3.39217997	3.38841724	3.44060826	3.56556249	3.66472745	3.72085238	3.76637006	3.80627537	3.81812429	3.81755733	3.83742547	3.88408351	3.95122600	4.01988745	4.13409281	4.26673603	4.38555384	4.46888876	4.50569248	4.51423264	4.53217411	4.50214911	4.39190435	4.19430065	4.03164148	3.88343692	3.76697946	3.68038583	3.60259938	3.47971225	3.37360525	3.31720686	3.31701589	3.35310078	3.40677500	3.47824669	3.54455829	3.58388996	3.57555699	3.49901223	3.34134865	3.16053605	3.01338434	2.95554423	2.96370697	2.98367548	2.99447942	2.99275804
-42.0000000	3.00303936	3.00164127	2.99131846	2.96551657	2.90406585	2.77317977	2.58725548	2.46693110	2.44567227	2.48481369	2.47355556	2.41914582	2.36585999	2.34428954	2.35725331	2.37979913	2.40786457	2.39271188	2.31535554	2.18973064	2.06269336	1.96158075	1.89083254	1.86472154	1.86785913	1.85519361	1.87537801	1.94480968	2.04531598	2.15330744	2.23977900	2.31446218	2.38396430	2.47193360	2.61465478	2.86104894	3.18780065	3.48296046	3.77761745	4.04888439	4.21989965	4.22756767	4.27041149	4.36508083	4.49409246	4.60583067	4.62453508	4.54710436	4.43630171	4.31676960	4.17503452	3.99190736	3.74757814	3.47962713	3.22523570	3.02119040	3.00487041	3.02934790	3.05140638	3.03539991	2.95324922	2.87685657	2.80115032	2.74021959	2.71131635	2.73485589	2.69902825	2.64856029	2.66451454	2.75829530	2.87164879	2.91848326	2.93080044	2.96524549	3.02340269	3.05179501	2.98973799	2.88254023	2.79877067	2.77235961	2.80260038	2.80664849	2.79807234	2.79789829	2.80103087	2.77625322	2.81254530	2.84232330	2.84851718	2.83255625	2.81436920	2.78685665	2.76668859	2.73514366	2.68295956	2.61033583	2.54476428	2.47181392	2.37928939	2.26873398	2.15542889	2.08146596	2.02366352	1.98340738	1.94931114	1.89721799	1.81105769	1.73513341	1.67848790	1.64539027	1.63533759	1.63546503	1.63018191	1.62432539	1.62278461	1.63050270	1.65164208	1.63461268	1.63012946	1.65308619	1.68255627	1.69378090	1.68348694	1.67407942	1.68653893	1.74042118	1.80820203	1.88613164	1.95766151	2.00962710	2.03224874	1.98710012	1.92591786	1.87873685	1.86235034	1.88030982	1.85619807	1.79195750	1.73889136	1.73347640	1.79736269	1.85895193	1.89502168	2.03931260	2.35250640	2.82222223	2.55966687	2.32158160	2.26833248	2.48046112	2.95868516	3.57332850	3.66597891	3.54850149	3.43255067	3.42957163	3.62411356	3.74546599	3.77671552	3.72752380	3.63412857	3.51397371	3.40564752	3.29085994	3.16210818	3.02267718	2.95322680	2.97207093	3.07390738	3.27646065	3.62048197	4.62619448	4.61720037	4.07321453	3.36899042	2.77431726	3.01282358	3.31094122	3.59192753	3.78460169	3.82334423	3.66950846	3.59095144	3.56711388	3.55705476	3.49945235	3.49586082	3.50916576	3.50105667	3.47074175	3.45495152	3.44703221	3.37746763	3.32872915	3.32679200	3.34113836	3.24462438	3.13436747	3.02757549	2.95972562	2.98456645	3.13764429	3.28415680	3.31033564	3.21270967	3.09810257	3.01355529	3.04984641	3.04236484	2.93946719	2.80247879	2.85328984	2.95398808	3.08548665	3.21161962	3.27914453	3.29112577	3.23621559	3.15931797	3.11615372	3.17326164	3.26179838	3.42934251	3.53806734	3.52222061	3.38812518	3.27728200	3.21764731	3.21729851	3.27117586	3.36108184	3.42353702	3.48568535	3.50604868	3.45034647	3.29149199	3.17727661	3.12545538	3.12703681	3.18328810	3.30573344	3.42749000	3.50373626	3.54609489	3.56905508	3.58996820	3.59061623	3.58179760	3.57914352	3.58979487	3.61240411	3.63107085	3.61298943	3.58271098	3.54202771	3.46996927	3.47312546	3.46630502	3.44000578	3.40587926	3.39673066	3.40065360	3.36573052	3.33700800	3.32949829	3.32817745	3.32089567	3.28991008	3.23554301	3.16974235	3.11608195	3.10953736	3.08632588	3.06903148	3.04411054	2.96189165	2.80730557	2.68149829	2.57771873	2.48798966	2.40310359	2.33149123	2.31431985	2.31225109	2.36556792	2.59417319	3.35422444	4.15271997	3.96384287	2.89053416	2.16449976	1.82770085	1.65643668	1.56945634	1.53495443	1.57057011	1.55676603	1.54639995	1.57681298	1.64378250	1.70152199	1.77634346	1.87876463	1.98469520	2.10346770	2.27783751	2.51673698	2.74315310	2.90523076	3.00921464	3.11945176	3.28317952	3.38049722	3.40261292	3.40127158	3.48875427	3.55963993	3.61752200	3.66016984	3.67930150	3.66058350	3.67263842	3.68675804	3.72153258	3.77390623	3.81918263	3.89093637	4.01037598	4.11368895	4.17076397	4.18518734	4.17468786	4.14632177	4.08814764	4.00589609	3.92296433	3.84588981	3.79395986	3.74185658	3.68159723	3.62253618	3.55150867	3.45520568	3.37524104	3.34431219	3.38620400	3.47260833	3.54335690	3.60409760	3.66171885	3.72434950	3.73390961	3.67964411	3.55757737	3.39700770	3.26050687	3.16347647	3.09119272	3.05006623	3.03640270
-43.0000000	3.19136047	3.15749002	3.14149308	3.12368894	3.08359551	2.99992847	2.85655713	2.71618414	2.62135673	2.58792567	2.60504341	2.61013913	2.61468339	2.62877154	2.64099860	2.61846042	2.52658987	2.43950224	2.37349701	2.32259798	2.25855279	2.18773174	2.10976553	2.07156467	2.08275390	2.11567068	2.10233045	2.08036709	2.12001181	2.22839022	2.34952140	2.39537716	2.40961957	2.45317483	2.56284118	2.75128865	3.01177979	3.29592252	3.60813022	3.90317512	4.08618975	4.06792688	4.09171724	4.18422079	4.33991671	4.52109957	4.58263302	4.54450703	4.44532919	4.33767509	4.28808689	4.18841648	3.96656513	3.67351365	3.36908126	3.12192774	3.10440135	3.10871553	3.12212777	3.12340665	3.08283067	3.00340700	2.93607664	2.88649225	2.86366081	2.87994528	2.86403131	2.81071186	2.76764607	2.76215124	2.80120325	2.85291934	2.91102648	2.98974895	3.07522535	3.12551045	3.04515481	2.95513487	2.87635946	2.82699680	2.82247376	2.84869981	2.89432502	2.92549181	2.93006635	2.91763902	2.90056324	2.90369511	2.90797901	2.90370893	2.89052963	2.88749552	2.89553571	2.90258622	2.89107227	2.83790469	2.76238155	2.69535971	2.61729264	2.51855540	2.39944625	2.29786396	2.23555183	2.19930553	2.18330932	2.18913436	2.14550233	2.06596613	1.98193300	1.91359699	1.86994016	1.85391891	1.84176409	1.84255970	1.85493731	1.86707664	1.89242268	1.88885677	1.87115598	1.86027408	1.88334203	1.91715205	1.92866170	1.92215192	1.90988994	1.91212940	1.95296967	2.01280427	2.06086874	2.09304452	2.13186097	2.15421128	2.10901403	2.05611324	2.02297521	2.00468946	1.98225105	1.94039094	1.89645660	1.87624371	1.91399658	2.03441334	2.12385392	2.26799536	2.56545758	3.12780428	2.84676933	2.64296389	2.60883999	2.81073189	3.28885889	3.83489513	3.82582068	3.60605001	3.37902093	3.20719481	3.29748034	3.43502188	3.53808546	3.56875324	3.53292274	3.47218871	3.38596010	3.32213140	3.27564669	3.18850207	3.18550110	3.34020019	3.69303370	4.20429087	4.75411463	4.54446840	3.89874625	3.35028505	3.03627610	2.69776583	2.93246865	3.20867252	3.46023130	3.62595630	3.64961219	3.49772167	3.38441539	3.36737061	3.42189932	3.44094872	3.38397956	3.35129881	3.31068826	3.26078749	3.23109579	3.27148509	3.22793698	3.20119810	3.22430182	3.26257205	3.18338227	3.04398894	2.89914680	2.78833199	2.73574209	2.85230064	2.98710966	3.07077003	3.07409954	3.00813317	2.97340250	2.95803118	2.92187428	2.86261535	2.81576157	2.83381820	2.91975117	2.99608183	3.04671907	3.11695933	3.14271832	3.09357071	3.03934312	3.01507401	3.02101398	3.08741188	3.17525339	3.23779750	3.24568176	3.18691778	3.12348390	3.05674505	3.00808334	3.00338936	3.07306123	3.20300317	3.33578157	3.42072248	3.41528273	3.28504848	3.17111278	3.09604955	3.07228398	3.10369205	3.18559813	3.29312682	3.36489034	3.40201092	3.41100287	3.40377045	3.41631222	3.41825438	3.40583515	3.39397693	3.41628480	3.47572660	3.54278374	3.58111668	3.57045269	3.50658607	3.47399354	3.42947435	3.37153673	3.31810760	3.30653334	3.30912375	3.31480265	3.32603002	3.33436608	3.32046819	3.29526162	3.30233955	3.29383016	3.25471568	3.20283413	3.19369435	3.19553065	3.19695878	3.17287183	3.08444333	2.96583891	2.83615017	2.71901202	2.63108706	2.58206391	2.52016640	2.51336479	2.53004742	2.60021663	2.81549168	3.81669211	4.81442595	4.54433346	3.16883540	2.27713537	1.81025016	1.58035994	1.47465062	1.42577708	1.41186416	1.44936037	1.50985503	1.58852279	1.66736031	1.71518409	1.72334707	1.79185188	1.89240301	2.00864196	2.13614678	2.31217909	2.51170802	2.74282575	2.96383023	3.08322549	3.13194752	3.24223232	3.34346628	3.40085578	3.41542339	3.44710255	3.51384854	3.57595682	3.60483336	3.58299589	3.58233690	3.58721018	3.60720611	3.63508320	3.64676833	3.68988729	3.81406951	3.90827584	3.93091059	3.90981889	3.85517097	3.80981278	3.77591419	3.73498988	3.64790344	3.56412911	3.52222729	3.50761580	3.50700092	3.50837803	3.48520160	3.46456528	3.44835639	3.44494438	3.46918392	3.56917572	3.66608405	3.73859692	3.77240133	3.76018238	3.77030492	3.74535251	3.67892098	3.58014512	3.47369623	3.40393591	3.33875132	3.28906226	3.26227379
-44.0000000	3.35774446	3.29368234	3.26287293	3.25068712	3.23215699	3.17197418	3.08726931	2.99993992	2.92129493	2.86822939	2.86322451	2.85710287	2.82549906	2.80605078	2.80236959	2.78404307	2.67793155	2.57005572	2.49104500	2.45928812	2.48093176	2.46223259	2.39426923	2.32810926	2.30205584	2.34164953	2.37804365	2.38587284	2.38948321	2.40551686	2.44291162	2.49895048	2.55698204	2.60105801	2.65478158	2.78130412	2.93065381	3.09393525	3.29328680	3.51131463	3.69109321	3.74490452	3.81605697	3.91105843	4.02957106	4.16440916	4.24928617	4.24904299	4.20240831	4.14315653	4.10010481	4.02337933	3.91066861	3.76106977	3.58899689	3.42418027	3.32242465	3.27300096	3.25794601	3.25038433	3.21452832	3.14979219	3.09810352	3.06479692	3.04834414	3.04035068	3.02637005	2.98449659	2.92423820	2.86669421	2.84455252	2.85476446	2.88851047	2.96297979	3.05910921	3.12158155	3.06897068	3.00279713	2.96041203	2.95477009	2.97442746	2.98932076	3.01892495	3.06040907	3.10330248	3.12949324	3.12185073	3.12152743	3.09973478	3.05051661	2.99074554	2.95153499	2.93142796	2.92721248	2.92267442	2.88859916	2.84889889	2.82316470	2.78378534	2.71946406	2.63521862	2.54402971	2.47691512	2.42501044	2.38732386	2.37073398	2.37309885	2.35562992	2.31396246	2.25022721	2.17304921	2.12853050	2.10904860	2.10815287	2.12359667	2.15733790	2.17713165	2.18512464	2.17092991	2.14147472	2.12100029	2.11276484	2.12468243	2.14700794	2.16542912	2.16106677	2.16903448	2.20415616	2.24356580	2.27579784	2.30078769	2.32527757	2.31015635	2.27603030	2.23629498	2.19713616	2.13886094	2.11923361	2.12007666	2.12638021	2.12630272	2.21177769	2.32636428	2.43544102	2.54805708	2.71693206	2.87313032	2.96387267	3.08839917	3.33589959	3.78551006	3.92580366	3.77032256	3.53014278	3.30308747	3.07373071	3.03277707	3.11298776	3.22975087	3.32139921	3.34920979	3.34225988	3.29794288	3.25834203	3.25301337	3.29898834	3.65642333	4.59143066	5.80698156	6.42827511	5.00273895	3.52428079	2.66195655	2.47114825	2.70139694	2.79640174	2.84291196	3.03261137	3.27854180	3.46256089	3.43534184	3.36968541	3.30225563	3.30141211	3.36022186	3.39645934	3.35118532	3.27378464	3.17580986	3.07234740	2.98201895	2.98824000	2.98064423	2.99382186	3.04145741	3.11632895	3.03756309	2.96929717	2.91178584	2.85466123	2.77693009	2.78960228	2.84561610	2.89358521	2.91390991	2.91877818	2.97331405	2.95494723	2.89642453	2.83342600	2.80456924	2.82382250	2.90488124	2.96408701	2.97741246	2.98045850	2.98923135	2.97364259	2.96573281	2.97208261	2.97381067	2.99496222	3.02836370	3.06545091	3.08074617	3.03185415	2.93885303	2.87171435	2.84468651	2.85673833	2.89156389	3.01481271	3.15860343	3.28064919	3.33044147	3.24925184	3.18429375	3.15714335	3.14475441	3.14350915	3.16921735	3.22126484	3.27568960	3.30115604	3.29873514	3.30190182	3.36489105	3.40207148	3.38678122	3.32961774	3.27843451	3.30127025	3.36945748	3.43116379	3.46228075	3.46642423	3.44893956	3.42031407	3.38672066	3.35841846	3.34975171	3.34177423	3.31271839	3.26061034	3.20351076	3.17951226	3.20395803	3.23162484	3.25361371	3.25737166	3.22669387	3.18065929	3.15672779	3.14704919	3.13378716	3.08912015	3.02077246	2.95553899	2.88813424	2.82657719	2.79218888	2.75770378	2.75073552	2.78722715	2.92129850	3.24524951	4.71615887	5.70775461	4.93316460	2.91325808	1.97664249	1.56055081	1.35395479	1.29900432	1.31566918	1.30173779	1.34675348	1.44297838	1.54319179	1.63489163	1.74029601	1.76918614	1.81428289	1.89507771	2.00514126	2.11212492	2.19220233	2.31432533	2.49848652	2.71708369	2.89491963	2.97111559	3.05842876	3.13426065	3.18116570	3.18685627	3.20932269	3.27660465	3.36679173	3.46141100	3.54543114	3.57272840	3.59750676	3.61738968	3.62818122	3.62386608	3.65454245	3.73434281	3.79281139	3.78435755	3.68825722	3.60223746	3.52940917	3.50410199	3.51297593	3.49502540	3.41531610	3.35472512	3.32501221	3.32582879	3.34471822	3.36731434	3.38067532	3.40663052	3.45431781	3.52018762	3.62650704	3.70439243	3.76175761	3.79035068	3.76575089	3.76611829	3.77906346	3.75503993	3.67902708	3.57052946	3.50899911	3.48486090	3.46611357	3.44674754
-45.0000000	3.35774493	3.31370234	3.29206967	3.28452778	3.27008367	3.21507239	3.17011380	3.14900112	3.14132619	3.13888621	3.13568377	3.10537076	3.03337121	2.95133686	2.88993454	2.87884617	2.84866977	2.80004883	2.75496364	2.72822714	2.72748208	2.73916531	2.71115565	2.64493155	2.57509446	2.56937027	2.61609817	2.63796186	2.64812827	2.65504360	2.66243577	2.70215392	2.80767465	2.91441393	2.98789167	3.02373266	3.00262618	3.00638127	3.06508613	3.18344164	3.34076118	3.47855711	3.56476665	3.63362098	3.70045233	3.76169538	3.79151678	3.80889606	3.82718182	3.84277153	3.83510828	3.81321192	3.77726889	3.73726726	3.69359756	3.63704944	3.57448387	3.50315189	3.44337630	3.40001464	3.36245775	3.29287982	3.22499037	3.16913056	3.12773609	3.09533763	3.03169656	2.95476270	2.89133549	2.85411453	2.84169841	2.83629966	2.87520146	2.94430041	3.02708650	3.10464501	3.07374382	3.04267430	3.03419805	3.05979967	3.11968708	3.17058563	3.17441344	3.16844559	3.17886162	3.22074652	3.26218033	3.28514528	3.29148889	3.26586461	3.17572784	3.07872653	3.00144029	2.95603824	2.93323731	2.90230250	2.88507748	2.89166570	2.90474486	2.90581441	2.87519598	2.78776073	2.72177887	2.67850113	2.64806557	2.60949898	2.60391831	2.60078740	2.59533501	2.57874227	2.53814220	2.47514200	2.41797161	2.37305880	2.35061860	2.36465335	2.42254567	2.44673085	2.44475007	2.42525005	2.39798474	2.37239146	2.34690237	2.34732771	2.37509346	2.40724063	2.43107224	2.45075107	2.48054361	2.52083564	2.55813122	2.58766246	2.58289385	2.56022573	2.52808571	2.48693085	2.39292717	2.33367252	2.31327176	2.31727171	2.31266022	2.37308407	2.48512387	2.61387086	2.73842406	2.85188890	3.10813856	3.38727355	3.64824080	3.84595156	3.93127918	3.74617743	3.52727675	3.33381820	3.17049527	2.98745394	2.85869360	2.84811115	2.90554428	2.98591375	3.04922390	3.10166025	3.13170552	3.15873218	3.21321249	3.33671808	3.97255969	4.94019318	5.22207689	4.57109976	3.51058149	2.67019343	2.27756357	2.40185738	2.77283716	2.78086090	2.76869369	2.90597773	3.13775921	3.33948851	3.31702256	3.29811239	3.26834130	3.22479439	3.18673229	3.19559431	3.20204186	3.13832092	3.04818821	2.95061588	2.83978868	2.77310252	2.76082420	2.79606366	2.86839104	2.96383619	2.94238257	2.91290402	2.90748692	2.91881514	2.90017176	2.87773156	2.86061406	2.84483838	2.83918715	2.86520696	2.95354223	2.97210956	2.93117046	2.85888386	2.80130577	2.77521396	2.80063581	2.84876132	2.88727331	2.88034701	2.90384579	2.92878532	2.96264601	2.99890566	3.01703739	2.99739647	2.98772693	2.99584484	3.01154566	3.00660610	2.90520644	2.85260630	2.81980538	2.80668259	2.84199286	2.92029738	3.03039670	3.14152503	3.21349740	3.19670868	3.16185498	3.17293596	3.18352914	3.17761850	3.16959691	3.18527031	3.22354221	3.26058865	3.27309370	3.23825002	3.29625821	3.35844111	3.38106036	3.33924627	3.22699857	3.19205880	3.21717334	3.24868822	3.27397227	3.32141757	3.35653853	3.39254928	3.41274142	3.41842461	3.42892194	3.46137166	3.43366647	3.35647583	3.26461554	3.21704698	3.21111655	3.19893122	3.19395542	3.19076157	3.16503215	3.09648490	3.03573394	2.99622655	2.98530674	3.00421786	3.02362537	3.01701546	2.99476600	2.96846390	2.95090532	2.94746780	2.97283888	3.09034967	3.40112400	4.04408026	5.94880152	6.21134520	4.61491013	2.30585170	1.79368341	1.48634422	1.25533819	1.17274892	1.21127045	1.24420643	1.33909667	1.44505215	1.52524316	1.58335435	1.66358531	1.76322448	1.87518334	1.99650824	2.13144922	2.29145956	2.38242579	2.43206811	2.49682426	2.59533095	2.70842719	2.78402734	2.86768079	2.95665741	3.03462124	3.07163143	3.05450821	3.05329943	3.08933067	3.18066359	3.34209681	3.47898269	3.54263973	3.58029413	3.61095738	3.62542653	3.62282348	3.64236045	3.65284967	3.62148476	3.51384163	3.41906714	3.36861062	3.36029887	3.37491512	3.37620020	3.33194137	3.28191853	3.25547624	3.25475788	3.25470495	3.28092360	3.30770707	3.34630322	3.40708494	3.49955201	3.59201384	3.65976357	3.71302724	3.74721646	3.74292755	3.75015354	3.77450061	3.78182507	3.75171661	3.67750216	3.58507609	3.52720094	3.47404766	3.42908645
-46.0000000	3.32763624	3.28024077	3.27411413	3.27590370	3.27036166	3.26034498	3.24217987	3.24466062	3.26430035	3.29308939	3.31849527	3.30114818	3.26251030	3.19743991	3.11685634	3.04774189	3.03922772	3.02942204	3.01541352	3.00135660	2.99847174	2.99779224	2.96241403	2.90632939	2.84771037	2.80890965	2.81037951	2.81825089	2.83210540	2.85534763	2.89520597	2.93659663	3.03080106	3.16504908	3.28929186	3.31620193	3.26473022	3.18917799	3.12740755	3.11284733	3.17449141	3.28382206	3.40183663	3.50851345	3.58940744	3.63564873	3.60449052	3.57350731	3.57075453	3.60138750	3.64766407	3.66465735	3.65641403	3.64246869	3.63787889	3.65322161	3.67351770	3.68195987	3.65628624	3.59374571	3.51109266	3.43102717	3.35644698	3.28433466	3.21093798	3.13176608	3.05109477	2.96158457	2.89232635	2.85308671	2.83430815	2.82925797	2.83970261	2.87850809	2.94393349	3.01963186	3.05925393	3.07283664	3.10168839	3.15549874	3.21233916	3.27965975	3.31443906	3.31683660	3.30017996	3.29096484	3.32782865	3.36641717	3.39574432	3.40052748	3.36118484	3.27795553	3.17641258	3.09109712	3.03550553	3.00209165	2.99413872	3.00331950	3.02015042	3.03219080	3.02404094	2.96095204	2.88993263	2.84137726	2.81498218	2.77974248	2.77070856	2.77748489	2.79055810	2.80300498	2.81049013	2.79811549	2.75232673	2.68443656	2.61617184	2.57967281	2.61101103	2.64864016	2.67731690	2.69255710	2.70063448	2.66101646	2.61516809	2.58161092	2.57270575	2.59465218	2.63468838	2.67485023	2.71202350	2.75234294	2.81119609	2.86208606	2.89636230	2.89324522	2.85477471	2.80580711	2.73372006	2.63925838	2.56524849	2.52327561	2.49368691	2.49694371	2.54763150	2.65331101	2.80034280	2.95388699	3.16883087	3.40310311	3.60649204	3.73669863	3.75933599	3.61534953	3.45076251	3.30931163	3.18569922	3.02559257	2.84037113	2.73324513	2.70532489	2.73401427	2.77301288	2.85910630	2.97125649	3.07288837	3.16975665	3.30994701	4.08334970	4.61230469	4.25531006	3.23888254	2.65755606	2.24369049	2.23628664	2.41539335	2.60495186	2.67279816	2.76704192	2.93088794	3.13458228	3.31505942	3.37594223	3.32162261	3.25766063	3.16925263	3.06982279	3.00102353	3.00865698	2.98095536	2.91954184	2.84033656	2.77355695	2.69500422	2.68938088	2.74674940	2.82621527	2.85592771	2.86417437	2.86857772	2.88373685	2.92019320	2.98443151	3.00792980	3.00760150	2.99210477	2.97430515	2.97127819	2.99533367	2.99169612	2.97783566	2.96260500	2.94624376	2.86860514	2.82862353	2.83072519	2.85758781	2.87013841	2.90962529	2.97124004	3.02824950	3.05575609	3.03069901	2.99207497	2.97960258	2.97532558	2.97596478	2.99291778	2.90926027	2.89458370	2.89080977	2.88132977	2.89100337	2.90728712	2.95345521	3.02540302	3.09162331	3.09320664	3.06710815	3.06537080	3.06563020	3.06112123	3.06067824	3.09722281	3.11824727	3.15261173	3.18784118	3.17012715	3.16073728	3.20888925	3.26955700	3.30281067	3.27382135	3.21631312	3.18490219	3.16831589	3.16118741	3.16405606	3.22137117	3.30367112	3.38317490	3.44152212	3.46977544	3.52082086	3.51240873	3.47053480	3.42258763	3.39734554	3.33612776	3.28713059	3.24817824	3.20928264	3.15264440	3.10865498	3.05063367	2.99085045	2.94778919	2.94614911	2.96669507	2.96989679	2.95092964	2.92608547	2.93277335	2.99199414	3.08384299	3.37026596	4.03168201	5.26698589	6.91139984	6.06997204	4.07786179	2.21246815	1.69343197	1.40873599	1.22474992	1.12511325	1.10171187	1.15467727	1.30650818	1.45354950	1.56483412	1.63632917	1.69093561	1.75461674	1.89205718	2.06158924	2.23246479	2.38485599	2.55070782	2.63156724	2.65207052	2.65227842	2.68767500	2.75031590	2.79064441	2.82928824	2.88221264	2.96072221	3.00472045	2.99702382	2.98231339	2.99302626	3.04935384	3.14814734	3.25279808	3.35890627	3.45532489	3.52416277	3.52358484	3.50738645	3.48867989	3.45062137	3.34641314	3.23475456	3.20836878	3.23601222	3.27971601	3.29478812	3.25026679	3.21300626	3.19412470	3.18402505	3.15239525	3.14562607	3.16816545	3.22366548	3.31132317	3.42587924	3.48627567	3.52521133	3.57222176	3.61927509	3.62077117	3.62638140	3.67436934	3.72601604	3.74940753	3.71943450	3.62131953	3.54781246	3.48753786	3.44610381
-47.0000000	3.43536949	3.35875440	3.31926298	3.30258441	3.30399966	3.32837844	3.34453845	3.35225773	3.34279132	3.33146262	3.35766554	3.41686320	3.43749881	3.40074801	3.31097555	3.19573474	3.15528798	3.15046215	3.15407705	3.15610480	3.16366935	3.14618897	3.09977651	3.05034184	3.01144433	2.98429370	2.97483087	2.97827005	2.98484945	2.99694538	3.02907085	3.08020401	3.15147829	3.24332190	3.33746529	3.39693904	3.42634201	3.40839744	3.36086941	3.30486131	3.26481891	3.25845122	3.30511165	3.38810468	3.48941565	3.58971334	3.59801245	3.56529617	3.51901221	3.48492694	3.48712182	3.51465917	3.52066231	3.50983739	3.49492455	3.49669838	3.53621101	3.59864998	3.65417862	3.67799473	3.65033054	3.59567547	3.53095722	3.46038628	3.38327026	3.29401350	3.21360898	3.13671994	3.06144953	2.99293971	2.94336915	2.90508914	2.88252163	2.89124084	2.93200064	2.99073243	3.05709743	3.11429429	3.17829871	3.25233936	3.32690120	3.42300105	3.49474311	3.52911401	3.52754259	3.50590396	3.51232386	3.53001523	3.54233217	3.53306198	3.48642850	3.42163181	3.32554173	3.23208261	3.15748644	3.10029268	3.09107780	3.09479713	3.09867120	3.09427714	3.07755184	3.06019521	3.02909994	2.99642229	2.96720457	2.93937683	2.90903974	2.90741205	2.92264652	2.94030762	2.94337082	2.98377395	3.00437236	2.98387742	2.92286038	2.84375191	2.81011057	2.82084775	2.85819268	2.90635681	2.95153093	2.93913627	2.89675736	2.85743308	2.83476400	2.82291484	2.82979226	2.86194515	2.90467882	2.94651532	2.97919536	3.01285625	3.06643295	3.10507512	3.10217118	3.03934956	2.98926234	2.92341638	2.85247087	2.78557444	2.73036575	2.68278217	2.65466785	2.67320108	2.74173951	2.83982182	2.98407245	3.11379170	3.23316002	3.33684325	3.40999293	3.38984489	3.32129574	3.25639033	3.20198107	3.11972785	2.95821643	2.83059716	2.75133801	2.71949649	2.71871901	2.73809171	2.83277464	2.94353986	3.04853988	3.16330838	3.65041161	3.65633106	3.28931737	2.77348089	2.44879222	2.37569618	2.40462542	2.43820047	2.45761585	2.52263880	2.67713189	2.88133359	3.08278084	3.24467969	3.34590769	3.31763077	3.24286246	3.14158058	3.03006101	2.92087936	2.86054611	2.83235621	2.81051898	2.79014492	2.78724289	2.74411464	2.76065922	2.80217600	2.82796597	2.79133368	2.82760763	2.88988924	2.91046214	2.89847779	2.93995500	3.05919003	3.13698483	3.16084862	3.14284682	3.11959958	3.12315297	3.10500407	3.09178972	3.09669423	3.11944962	3.06285286	2.99388194	2.93621731	2.90118098	2.88773513	2.93479133	3.02300334	3.08894587	3.10212779	3.06499171	3.00478053	2.97486258	2.96429396	2.96618652	2.97770929	2.91413260	2.89105439	2.87792969	2.86906266	2.88360620	2.87442231	2.89378691	2.93225837	2.96956778	2.97461462	2.95065355	2.96951604	2.97790837	2.95626187	2.91873360	2.93454313	2.95143342	2.97604799	3.00817418	3.04074430	3.07257438	3.10830665	3.15477014	3.20735097	3.24999332	3.24317670	3.21930909	3.19011807	3.15894914	3.12076092	3.16496253	3.22840047	3.30445409	3.38090205	3.43991828	3.45418406	3.43764830	3.42477465	3.43051648	3.45031571	3.40592766	3.37368298	3.32541919	3.25051594	3.15589881	3.08815908	3.03780746	2.99495721	2.95362377	2.91172552	2.90214872	2.89559126	2.87745523	2.85953975	2.88004065	2.95705509	3.11181474	3.53480220	4.42591286	5.99445152	7.00702143	5.84535742	3.90390372	2.26749897	1.71137571	1.41043830	1.23677742	1.14351666	1.11809325	1.18225825	1.31797385	1.44902015	1.56010008	1.64832211	1.72319984	1.80779862	1.91270399	2.03863931	2.18308234	2.34026575	2.48644853	2.63816023	2.72371173	2.73182726	2.71164536	2.71383119	2.73354554	2.75877142	2.78520560	2.81625795	2.88047361	2.94225669	2.97801781	2.98542190	2.98338485	3.01419353	3.07408738	3.15281010	3.23343444	3.29236269	3.33157063	3.34343123	3.33229351	3.29867816	3.23927879	3.13813686	3.10156894	3.12690735	3.18895745	3.23999763	3.20683503	3.17062545	3.14629889	3.12911224	3.09464717	3.07986712	3.08338356	3.12115002	3.19351912	3.28524637	3.31782889	3.32178164	3.33559632	3.36403012	3.37810469	3.41053081	3.51072669	3.63189912	3.72170949	3.72227430	3.64433980	3.58152962	3.53618884	3.51150441
-48.0000000	3.53596878	3.49352002	3.44409084	3.39948654	3.37256908	3.37725616	3.41624355	3.44558072	3.44295001	3.42123961	3.42854238	3.49186230	3.51876140	3.49100590	3.41119337	3.30275226	3.22080016	3.18829155	3.19236493	3.22220612	3.26904798	3.28064322	3.25897741	3.21662498	3.16302061	3.10445976	3.06967616	3.05928254	3.06271315	3.06913590	3.06745195	3.10859323	3.16334271	3.22155666	3.28027439	3.34371734	3.37889385	3.39461803	3.39986467	3.39759016	3.38473368	3.34836674	3.33958960	3.36124587	3.41224575	3.48756337	3.57678747	3.60772777	3.58207893	3.52353716	3.47779799	3.47315645	3.47828317	3.48419833	3.48212624	3.46349549	3.46142149	3.48679590	3.53490305	3.59426308	3.64663315	3.66788220	3.65082097	3.60945034	3.54968238	3.46933961	3.39661980	3.33724761	3.28183413	3.22357106	3.15822792	3.07827950	3.03362107	3.03842568	3.08290386	3.13330460	3.19070005	3.25245714	3.30909657	3.35887980	3.40780425	3.48563838	3.55802727	3.60037613	3.61294365	3.62084103	3.67330575	3.72572446	3.74354768	3.71288061	3.64048147	3.57239771	3.48796415	3.39560318	3.30683374	3.23627257	3.19501877	3.18481159	3.17906022	3.16438890	3.14063692	3.12828898	3.11269975	3.09607434	3.08124685	3.07167912	3.05603695	3.05747390	3.06203341	3.06074476	3.04962325	3.06071424	3.09086299	3.11238432	3.10577965	3.05973625	3.01298881	3.00197220	3.02319717	3.06776857	3.12138820	3.14150786	3.12944579	3.10273957	3.07679152	3.06486702	3.04586983	3.05866647	3.09039450	3.12161994	3.12633610	3.13731265	3.16354322	3.19778466	3.21937466	3.19422793	3.15961218	3.12830234	3.09687591	3.06413269	3.03109217	2.95089364	2.86137605	2.80232286	2.79226851	2.82850099	2.88442349	2.90570498	2.90937543	2.91927004	2.96602941	3.02114248	3.06845140	3.10653329	3.12560844	3.10754085	3.03742886	2.97152662	2.91074586	2.86360002	2.84620500	2.81206036	2.82091689	2.87241483	2.94521213	2.99698162	3.05330801	3.03826070	2.98549557	2.90661335	2.79115987	2.65212274	2.54696369	2.48008394	2.44595742	2.42912841	2.50854254	2.67907500	2.87255955	3.04215074	3.16231918	3.15381026	3.08438993	2.99387860	2.90568256	2.82679200	2.76751733	2.77185321	2.81445193	2.86881447	2.90729141	2.87504363	2.87177396	2.86711693	2.84657121	2.81149840	2.82588720	2.91288114	2.95759058	2.93162322	2.89308572	2.99320722	3.07191467	3.11643100	3.12964511	3.13011456	3.14324498	3.16452098	3.19146013	3.22004914	3.24474335	3.23912644	3.17665529	3.08301783	2.98353195	2.90314698	2.90379095	2.96560287	3.02976251	3.06100130	3.04760146	3.00118089	2.94536543	2.91876912	2.93036938	2.95950484	2.94098115	2.91896629	2.88320303	2.84555960	2.84002829	2.83591843	2.86464071	2.90912366	2.94865298	2.95886898	2.93192530	2.93158555	2.93218446	2.91549230	2.87071753	2.84474707	2.84255958	2.85774398	2.88664699	2.92837524	3.00937796	3.08732200	3.15593719	3.21303368	3.26050305	3.24725127	3.22490525	3.20609307	3.19230199	3.17387509	3.20134878	3.23481560	3.26330566	3.28626275	3.31354213	3.34972858	3.34888959	3.34556103	3.35858345	3.39110065	3.39256620	3.39115310	3.36698055	3.30224514	3.18122721	3.09215260	3.03466082	2.99794507	2.97023106	2.93877673	2.92682433	2.92158341	2.90664387	2.88781619	2.89313102	2.98850918	3.18025231	3.71218610	4.78544092	6.55844831	7.31263447	6.08182144	4.08749914	2.37608862	1.81893921	1.48303771	1.31000745	1.24614012	1.25482249	1.31653702	1.38444793	1.47949255	1.56015015	1.61875033	1.68147469	1.78679132	1.87142742	1.95140135	2.04139018	2.15472960	2.26760268	2.41127276	2.54743671	2.64555931	2.68287420	2.67615056	2.66762948	2.67546582	2.70574355	2.75247645	2.80327272	2.84511495	2.87236404	2.88746643	2.90095377	2.94667244	2.99338841	3.03355646	3.06387806	3.08530426	3.10892415	3.11448002	3.11845469	3.12717533	3.13681483	3.08873129	3.05505776	3.06555319	3.12201524	3.19827771	3.20796394	3.18430829	3.15515280	3.13188219	3.10942054	3.10070276	3.09441090	3.10030460	3.11911845	3.14256358	3.13106799	3.11893487	3.10535860	3.09359193	3.09094262	3.13298512	3.25876331	3.42816043	3.58388925	3.65149760	3.63748956	3.60414100	3.56641769	3.53967905
-49.0000000	3.51105213	3.53019452	3.52153754	3.49638486	3.46723723	3.44779110	3.47491169	3.50490475	3.51550364	3.50779080	3.50619793	3.54142213	3.55294919	3.52492309	3.46094131	3.38405681	3.31481457	3.26419330	3.24195075	3.25125003	3.28866124	3.31574106	3.31853175	3.30627871	3.27709436	3.21795869	3.16803241	3.14303279	3.13526702	3.13638616	3.13738322	3.12385988	3.12295818	3.13563633	3.16522551	3.21743107	3.26028728	3.29572868	3.32607985	3.34862781	3.35562325	3.36758924	3.37579679	3.39040470	3.41492987	3.44624186	3.53052759	3.60386157	3.64411879	3.64036202	3.59284115	3.55100226	3.54021192	3.54686952	3.55593562	3.55093575	3.53351259	3.50627446	3.49338222	3.50807691	3.55268049	3.60736942	3.64165735	3.64804196	3.62700105	3.58699131	3.55477881	3.51927280	3.49334455	3.45940804	3.36942005	3.19591212	3.11855102	3.14297557	3.23705292	3.33088017	3.38401556	3.40767002	3.41452026	3.41329622	3.40878010	3.41735172	3.43333697	3.45352435	3.48376966	3.53899264	3.62921071	3.71775508	3.76632786	3.75402117	3.67731452	3.63716102	3.60794401	3.57792330	3.53877616	3.48559523	3.42310500	3.38902044	3.35293746	3.30685425	3.26517439	3.22878695	3.20308399	3.17650366	3.15123820	3.14322925	3.13834047	3.13476729	3.13645101	3.14333701	3.15137696	3.16294384	3.16653013	3.16631889	3.16378403	3.15769076	3.15767932	3.17053246	3.18738413	3.20812559	3.24140358	3.27610421	3.28617907	3.27462721	3.25367999	3.24479985	3.23816085	3.25000095	3.28125238	3.31710029	3.32698321	3.31222439	3.30769420	3.31642032	3.33029890	3.33009148	3.31576514	3.31011963	3.31652975	3.32812762	3.32780361	3.28124499	3.18619037	3.09255290	3.03384805	3.02719426	3.02966428	2.99845338	2.94214416	2.88017774	2.84285259	2.84386563	2.88844085	2.96133566	3.02794790	3.03431749	3.01720572	2.99442744	2.98437023	2.99392509	3.01848865	3.01200318	2.98762083	2.96981692	2.96712136	2.97212124	2.98692560	2.99992943	3.01912308	3.01947713	2.94294024	2.78220439	2.63377166	2.53333473	2.48182869	2.44543076	2.42972660	2.48920512	2.62190652	2.78805375	2.91005087	2.96462321	2.93952966	2.87600374	2.81292272	2.78680778	2.77744174	2.81688166	2.89332747	2.97056150	2.98794699	2.94909453	2.92630410	2.89787340	2.86376286	2.84559751	2.84269691	2.89721680	2.96995854	3.00870657	2.94822812	2.95969415	2.97440100	2.98845720	3.00378990	3.02814388	3.08512449	3.14971781	3.22469091	3.30193567	3.36246824	3.37968349	3.32729173	3.22187424	3.09319377	2.98419714	2.94010067	2.94382095	2.97010040	2.98816371	2.96171713	2.90169024	2.85117579	2.83225060	2.85663867	2.92571259	2.99440813	3.00770259	2.96681714	2.89700890	2.84757042	2.85065603	2.88267016	2.93798709	2.99078012	2.99502373	2.96435571	2.93414187	2.90963364	2.88375783	2.83711743	2.81946993	2.82427907	2.84936213	2.89267468	2.95230818	3.03100705	3.12293100	3.21431303	3.28638268	3.31536674	3.25847173	3.22119117	3.21051884	3.22260070	3.24273181	3.23146439	3.21887159	3.21640444	3.22413015	3.23073292	3.26245284	3.28279090	3.29557633	3.31046128	3.34292102	3.35324621	3.36173391	3.36330295	3.33729863	3.24749541	3.14639425	3.07321334	3.03340077	3.01949477	3.01112390	3.01625252	3.02289081	3.02337742	3.01698637	3.00992846	3.09723949	3.30477929	3.90533137	5.09737015	7.00505972	7.41307068	5.89298010	3.89220810	2.36211419	1.75799942	1.49754977	1.39561582	1.39476800	1.44040358	1.48074746	1.48591602	1.53353381	1.59541178	1.65385818	1.70167851	1.75646055	1.82421517	1.89762366	1.97376215	2.05410218	2.13287139	2.21855068	2.31819081	2.42338133	2.51024890	2.55165601	2.56765294	2.58676910	2.62254572	2.67353845	2.71523571	2.73928094	2.75415158	2.76542330	2.77577138	2.83493781	2.90034986	2.95920897	2.99794316	3.00220752	2.99240351	2.98158026	2.98587155	3.00822568	3.03840399	3.05905104	3.05814314	3.06154203	3.09212637	3.16979003	3.22355795	3.22193551	3.19907856	3.17493820	3.15526247	3.14944267	3.13830137	3.12673855	3.11797500	3.11355448	3.09748960	3.07390332	3.04147720	3.00330591	2.96689725	2.96325541	3.03220510	3.16091609	3.31554079	3.44121313	3.49590349	3.51128316	3.50433397	3.49220324
-50.0000000	3.35426235	3.38150859	3.41208482	3.43352556	3.44296241	3.44712567	3.47109938	3.49726057	3.50326109	3.49087477	3.48599744	3.52877092	3.55209827	3.53805661	3.49294662	3.44729424	3.40448642	3.35832071	3.31225967	3.27495122	3.26023030	3.26659632	3.26440907	3.25866580	3.24618816	3.21562147	3.19997287	3.19549727	3.19639587	3.20325279	3.22303224	3.19706774	3.15110445	3.11565971	3.10654449	3.12486243	3.16864181	3.20548749	3.24055552	3.27549958	3.30847096	3.33240891	3.35979319	3.38382769	3.40421033	3.42713475	3.46518660	3.52425289	3.59261775	3.65222383	3.67866993	3.65229964	3.63156581	3.61529160	3.60690403	3.61443400	3.63243747	3.62764025	3.60755920	3.58551216	3.58061790	3.60748577	3.65374184	3.69080448	3.70425153	3.69382119	3.69538713	3.70667982	3.71380258	3.67888570	3.54008794	3.28958893	3.18300557	3.21266460	3.32937384	3.44242287	3.49978375	3.51740170	3.50120783	3.46435523	3.42721844	3.37220454	3.32004714	3.29014325	3.29691839	3.34982991	3.46047759	3.57020473	3.63898110	3.64067125	3.56303120	3.53076696	3.55678868	3.61305833	3.66613007	3.67715025	3.63060641	3.58712983	3.54053378	3.49269629	3.45355868	3.41723418	3.38715792	3.35019779	3.30704808	3.27222896	3.24465656	3.22426701	3.22001958	3.22907758	3.23680878	3.24348783	3.24674201	3.23849106	3.22289848	3.21637344	3.23360682	3.27135015	3.30452323	3.31925797	3.31290102	3.33257365	3.35146499	3.35934210	3.35784340	3.36047673	3.37547278	3.39646506	3.42387009	3.45336747	3.47590065	3.47638559	3.46293759	3.44163465	3.42578602	3.43593049	3.42664409	3.44054937	3.47722578	3.52492929	3.56059337	3.55538559	3.51369286	3.45051861	3.38874435	3.35912943	3.33305740	3.27729249	3.20687604	3.13478327	3.07192278	3.02151322	3.00391984	3.02681875	3.07188201	3.09477568	3.06326890	3.03095222	3.02678514	3.05604815	3.10034180	3.16900039	3.20094466	3.18687797	3.14124751	3.10223937	3.05118394	3.02634549	3.02983570	3.03948188	3.00882554	2.93399620	2.81199265	2.67794800	2.56699991	2.51429057	2.49610281	2.50271082	2.56811380	2.68377876	2.79863834	2.89027619	2.94001150	2.93915868	2.90771627	2.89436746	2.88803482	2.92323923	2.98322034	3.03413367	3.02505040	2.93994594	2.88539743	2.84717155	2.82373834	2.82626891	2.83994627	2.87627721	2.94582725	3.02408838	3.05147576	3.02105427	2.99756885	3.00481272	3.04079103	3.07772088	3.14196491	3.21550822	3.26939201	3.30537510	3.35593820	3.38284373	3.33734107	3.24293685	3.13735080	3.07251358	3.01093125	2.97203374	2.96111321	2.96422935	2.94820881	2.87228513	2.82959390	2.81896114	2.84414458	2.91383386	3.02990556	3.08951020	3.06943798	2.98700094	2.90003109	2.88718581	2.90348768	2.94150519	2.97918987	2.97987580	2.96340442	2.94885206	2.93885493	2.92266321	2.87614584	2.83025074	2.83241105	2.86771584	2.92700648	3.00687337	3.08166313	3.14843869	3.21467113	3.26980305	3.28524494	3.25784278	3.25319600	3.26028705	3.27160621	3.28314924	3.23567080	3.18444514	3.15402675	3.14978004	3.15787745	3.19450498	3.23078966	3.26010513	3.28425479	3.31347227	3.33711362	3.33870888	3.32916999	3.31398296	3.29320979	3.23449850	3.16956568	3.12550569	3.10991812	3.11090541	3.10370326	3.10205030	3.10329962	3.11288881	3.14433885	3.23844051	3.45578408	4.05781412	5.24482727	7.15597200	6.92322302	5.28436708	3.47410178	2.17303920	1.50770926	1.43433070	1.47705209	1.53312051	1.55309331	1.54083753	1.55293679	1.58830488	1.65376961	1.74297321	1.83637166	1.85480547	1.87435043	1.91786122	1.98826575	2.06856346	2.13067746	2.18059802	2.22891450	2.28211904	2.34260774	2.39435577	2.44119668	2.49294090	2.55135846	2.61018133	2.63343740	2.65282249	2.67585039	2.70522237	2.73882794	2.79703069	2.87671590	2.94968247	2.98707438	2.95937967	2.91664886	2.90472412	2.91857624	2.95045185	2.98987412	3.05034661	3.08901215	3.11067653	3.13348103	3.18889904	3.26235700	3.28473926	3.26101136	3.21494865	3.18913531	3.18229127	3.16986203	3.15269065	3.13417935	3.12029028	3.11178946	3.08979034	3.05435896	3.00950432	2.96317792	2.94153333	2.95469594	2.99816370	3.06803298	3.16099834	3.23187304	3.27810955	3.31124020	3.33241844
-51.0000000	3.19946003	3.21412396	3.23506093	3.26015449	3.28808451	3.31832671	3.35879755	3.39829278	3.41697526	3.42061615	3.44059896	3.49473214	3.52501678	3.52586055	3.50516129	3.48430371	3.46915436	3.44396830	3.40690160	3.36421037	3.33025312	3.30955124	3.28814292	3.25951195	3.22388887	3.18825150	3.19722629	3.20534730	3.22230029	3.25035524	3.28437090	3.29071808	3.25421405	3.21068621	3.17917538	3.16193748	3.19299173	3.21666622	3.23267794	3.24923372	3.28302979	3.31659174	3.35506725	3.38575888	3.40664530	3.42638183	3.45396471	3.49604917	3.53794980	3.57074547	3.59127665	3.63067889	3.65501356	3.66100335	3.65462422	3.65110850	3.66801763	3.68608022	3.70077419	3.70700264	3.69909239	3.68640018	3.69742322	3.72054958	3.74708748	3.77126527	3.77319741	3.78593993	3.80255818	3.79267097	3.70245147	3.53191209	3.43368030	3.41640139	3.45472765	3.48931503	3.49059153	3.47418237	3.44957876	3.42489624	3.40687585	3.33513331	3.25691438	3.20916915	3.21060014	3.26166558	3.38600326	3.50428224	3.58988833	3.61118674	3.53152275	3.46036720	3.46256924	3.51753545	3.59526777	3.65636587	3.65950465	3.62808466	3.58880711	3.56209707	3.56210136	3.56836534	3.56175375	3.53768086	3.50069213	3.46446609	3.41823506	3.39598918	3.38072443	3.36120105	3.33194351	3.31044388	3.29243231	3.27640057	3.26620770	3.27107930	3.29771113	3.33287144	3.36452651	3.38191772	3.37556529	3.39798117	3.42697001	3.45918012	3.49193335	3.52322626	3.55150342	3.56436968	3.56131172	3.54770422	3.53481030	3.52663684	3.51301432	3.49786162	3.48482704	3.47728801	3.46718788	3.49736047	3.56373358	3.64415169	3.69837499	3.71018291	3.71404767	3.70757127	3.69729900	3.69871950	3.71351528	3.66950393	3.58904052	3.49202800	3.39592075	3.32355237	3.27910376	3.25645304	3.25069451	3.25813866	3.23697853	3.19030070	3.14795041	3.13338208	3.16366076	3.25268364	3.34393167	3.38341045	3.35684204	3.28966284	3.21101713	3.14736557	3.12096763	3.12126279	3.10486960	3.05794144	2.98501921	2.86733317	2.72361374	2.61009383	2.57991433	2.59132433	2.64137053	2.72695208	2.84481859	2.91455650	3.00706959	3.05777764	3.05333471	3.03162861	3.00412798	3.00574446	3.04233503	3.07998061	3.04498553	2.92933512	2.85260534	2.81400800	2.81254506	2.84700775	2.88712835	2.92686224	2.98313212	3.05642247	3.13077736	3.13098478	3.11095214	3.11078262	3.13521147	3.15360451	3.21609044	3.25935245	3.26480460	3.24881959	3.26272511	3.28914046	3.25609064	3.17923117	3.08857942	3.02851367	3.00448275	3.00676489	3.02361894	3.04453039	3.06021118	2.98387790	2.92116404	2.89504194	2.90709877	2.93753815	3.03442454	3.11395717	3.12835383	3.07093453	2.97612095	2.91708493	2.90676570	2.92058992	2.93460989	2.92550206	2.91647649	2.92434573	2.95139408	2.98043203	2.97479820	2.90718699	2.87554669	2.88727951	2.93921518	3.01760960	3.10125232	3.17264366	3.22802067	3.25920987	3.25362587	3.25592732	3.28675485	3.32266688	3.35104680	3.37010336	3.32482433	3.25756311	3.19831276	3.16205883	3.14877629	3.17817473	3.21096158	3.22926950	3.23477221	3.24867940	3.27243948	3.28451180	3.27783108	3.26157641	3.26116943	3.24777293	3.22497392	3.19617391	3.17263365	3.17347121	3.16338134	3.15452933	3.15314960	3.17047477	3.22273421	3.31805086	3.52194786	4.01288033	4.91890955	6.31770468	5.97968340	4.66567421	3.22846174	2.16109276	1.59687734	1.52199900	1.56088591	1.60761917	1.61661148	1.60260749	1.64005065	1.69238126	1.80414927	1.95660508	2.06770158	2.03782606	1.96101689	1.93327081	1.98615456	2.08680224	2.16530299	2.21068692	2.24147367	2.26857758	2.29530597	2.32486868	2.36649323	2.42342567	2.48579335	2.53060603	2.54752588	2.56777072	2.58308506	2.60166526	2.64816356	2.72911263	2.82011032	2.90227509	2.94171381	2.88952184	2.83382750	2.80276227	2.80784011	2.84363818	2.88779593	2.94151711	3.00132346	3.04584527	3.07858133	3.12789822	3.22226405	3.29375196	3.31291342	3.28020763	3.22600126	3.19582391	3.17861199	3.16266084	3.13836646	3.09822631	3.08428311	3.07380676	3.04913974	3.00828719	2.96491909	2.93751311	2.93685961	2.95638275	2.99376082	3.05092859	3.09854603	3.13585281	3.16331840	3.17911410
-52.0000000	3.11599231	3.12482357	3.13524342	3.14244318	3.15065622	3.17315388	3.21438885	3.25578618	3.28787684	3.31084538	3.33452845	3.37596869	3.41179729	3.43084908	3.43717742	3.45005322	3.47272778	3.49058080	3.48620367	3.45945859	3.42747712	3.38869858	3.35599637	3.32207823	3.28371334	3.24173021	3.22062349	3.21169925	3.22289300	3.25457978	3.29957485	3.35317492	3.36534882	3.34861875	3.32067537	3.30437636	3.29599094	3.31238365	3.31609178	3.29911232	3.28290057	3.29949760	3.33343768	3.36783361	3.39506245	3.41676497	3.44795847	3.47836542	3.50317574	3.52125359	3.53513765	3.56579185	3.59621716	3.61885214	3.63441300	3.65189409	3.64674878	3.65794420	3.68214154	3.71371007	3.74472642	3.72732949	3.70838261	3.70534706	3.72193956	3.74813390	3.75763535	3.76786685	3.78819060	3.81038308	3.80863810	3.75150180	3.68235254	3.62836695	3.59619379	3.57195592	3.51705289	3.45221066	3.40562391	3.38963127	3.40071630	3.34580231	3.28469658	3.25279188	3.26535010	3.31750011	3.41511893	3.51345444	3.58483195	3.60377812	3.54702091	3.47260404	3.44455600	3.46921349	3.53650475	3.61995077	3.63290238	3.60299087	3.57953238	3.58302021	3.60512662	3.64939547	3.67526770	3.67698026	3.65550160	3.61853361	3.58020520	3.54128242	3.50949430	3.48476982	3.45924091	3.42788410	3.38209081	3.33111167	3.29161692	3.28769517	3.32594371	3.36186409	3.39618158	3.42724490	3.45102859	3.48604798	3.52569914	3.57141471	3.62331748	3.68022156	3.72252297	3.72319603	3.70238829	3.66828489	3.61710763	3.57001615	3.53561854	3.51463604	3.50721169	3.51291180	3.50743651	3.53278613	3.59349895	3.66514635	3.69433308	3.68948221	3.72656560	3.78424215	3.84427404	3.89152455	3.94619322	3.96944380	3.94398665	3.87095165	3.76988626	3.66053653	3.57626629	3.51583171	3.47107363	3.42691660	3.39384103	3.35187268	3.31542969	3.29540515	3.29917312	3.37093496	3.45412540	3.51238012	3.52141833	3.46904206	3.37641311	3.30727553	3.27154493	3.25916028	3.24008369	3.15596366	3.09565473	3.02757478	2.93313217	2.80672526	2.71474600	2.67855406	2.70138931	2.78120327	2.91065860	2.98418713	3.05713916	3.10657787	3.12335730	3.11212087	3.08608794	3.06055832	3.07201624	3.10255313	3.07986784	2.97949719	2.89813781	2.85593104	2.85771608	2.89303136	2.94710636	3.00579667	3.07528949	3.15091586	3.21714878	3.22488451	3.21292043	3.19525623	3.18316746	3.18520331	3.19159770	3.18564653	3.17749262	3.17521143	3.18481040	3.19743133	3.18815207	3.14928150	3.08704901	3.02160168	3.00478959	3.02764893	3.06623507	3.10292459	3.12641716	3.07435131	3.02764964	2.99546432	2.98328424	2.99293256	3.04292488	3.10269761	3.12837625	3.10278368	3.03544092	2.98693323	2.95901370	2.94105077	2.92417622	2.90128589	2.87807703	2.87364221	2.90051031	2.94843698	2.98440647	2.95461655	2.93571711	2.94175220	2.97801685	3.04105663	3.12253714	3.19558835	3.25472856	3.29428363	3.30839062	3.29926586	3.32024837	3.34880018	3.37788939	3.41598964	3.43286443	3.41263747	3.36724973	3.31365633	3.27382565	3.27007270	3.27546740	3.26074004	3.22798657	3.21066475	3.21708012	3.24217176	3.24149895	3.21434927	3.20373917	3.19970155	3.20296860	3.20155525	3.19821429	3.21043730	3.21278977	3.20436406	3.20340753	3.22125435	3.26232743	3.33074689	3.46848154	3.73859978	4.21011829	4.95800257	5.36289310	4.63191938	3.49884987	2.50070095	1.97773576	1.67112541	1.58528900	1.61334181	1.67474413	1.71530187	1.78075576	1.86453223	2.01665139	2.20067143	2.29369068	2.20059800	2.10238504	2.07859182	2.14034176	2.23034334	2.29168415	2.33042359	2.35656428	2.37463927	2.38371348	2.38204694	2.38539815	2.41264462	2.45265651	2.46429873	2.47527695	2.50549054	2.53248477	2.55455232	2.59073114	2.62613678	2.68414998	2.75680614	2.81501126	2.80854130	2.79597092	2.79220915	2.79280853	2.79586077	2.80199242	2.82278109	2.86434579	2.90420556	2.93851328	2.98205543	3.08223176	3.19357133	3.26105452	3.26055312	3.19883037	3.13670707	3.10898566	3.10989738	3.12288952	3.12062430	3.10974216	3.09288621	3.07155442	3.04936910	3.03207612	3.00482416	2.99227071	2.99377203	3.01001191	3.04299879	3.06205869	3.07405639	3.08439231	3.09266353
-53.0000000	3.15329719	3.17133212	3.17119741	3.16747355	3.16678095	3.16777849	3.17138910	3.20411992	3.23890257	3.26266932	3.27635384	3.31554842	3.36221814	3.39867735	3.42333889	3.45071673	3.47686148	3.48879814	3.48920369	3.48179841	3.47134781	3.43947983	3.41058826	3.38358283	3.35692263	3.32861423	3.30650330	3.29234028	3.29392529	3.31174803	3.33899236	3.39458728	3.44326949	3.45954680	3.44647384	3.43564939	3.42925072	3.44982576	3.45974445	3.44099927	3.39520359	3.35741568	3.34284472	3.34403634	3.35851860	3.38879943	3.40132833	3.41612911	3.44292927	3.47712088	3.49976373	3.51407313	3.52630115	3.53667998	3.54611778	3.55619645	3.56396031	3.56890059	3.59263515	3.63422322	3.67016864	3.69643807	3.69481611	3.68054104	3.66874528	3.67445159	3.69196630	3.71484351	3.74630499	3.78521299	3.82607198	3.82904363	3.80453920	3.75754952	3.70253944	3.66344810	3.62211871	3.57687926	3.53478575	3.50514531	3.49951482	3.48750138	3.44254708	3.39902425	3.37796521	3.38706231	3.47380304	3.57010579	3.64134455	3.66195035	3.61541224	3.55349422	3.52058053	3.52496338	3.56579947	3.63311124	3.64077711	3.60933638	3.57995629	3.58126879	3.62936878	3.68017721	3.72456956	3.74987817	3.75120187	3.73140526	3.69630408	3.63808775	3.58726907	3.55412745	3.52870822	3.51743507	3.48491931	3.43167067	3.37250161	3.33652449	3.36083055	3.40225863	3.44048071	3.46853209	3.49281216	3.51402473	3.53571415	3.56783342	3.61877680	3.69538212	3.77128053	3.81097102	3.82102180	3.80347586	3.75585246	3.68412209	3.63497806	3.59647703	3.56780100	3.55925584	3.56532407	3.56484270	3.57198000	3.58589292	3.59072804	3.58980393	3.63899016	3.72418571	3.82553911	3.91744614	3.92507434	3.96302319	4.02539015	4.08373308	4.08706903	3.99537969	3.89678788	3.79407930	3.69299817	3.60224795	3.53723502	3.44834471	3.38364649	3.36463690	3.38624120	3.45294666	3.53984642	3.62942123	3.69204760	3.68599367	3.58992362	3.51196790	3.46535921	3.44255638	3.41524601	3.32521915	3.24025822	3.15697694	3.07479596	2.99594474	2.92687702	2.87523365	2.86211705	2.90126824	2.99906659	3.07132626	3.11302257	3.14155054	3.15249610	3.11963797	3.10124302	3.08772016	3.09320664	3.11399031	3.12850881	3.07943439	3.02095604	2.97291040	2.94753313	2.94946218	2.97360134	3.04401422	3.13432312	3.21775508	3.26713800	3.26250792	3.24958062	3.23683739	3.22380972	3.20107579	3.17738914	3.17120099	3.18003869	3.19331455	3.19232368	3.17127967	3.16618466	3.15277648	3.12124681	3.07624340	3.04588723	3.05753160	3.08187509	3.10220790	3.11441374	3.10418344	3.07881212	3.04679823	3.02489471	3.03810883	3.07314801	3.12443256	3.14814544	3.12714362	3.07095647	3.03073621	3.00228429	2.98279381	2.96438313	2.93409491	2.89559412	2.86696577	2.85961580	2.88034201	2.93133593	2.95734978	2.96961522	2.98625660	3.02014399	3.07889390	3.13900208	3.18497157	3.22013998	3.25320935	3.29824662	3.33999991	3.38280702	3.40396094	3.40456223	3.40952229	3.44048762	3.46180940	3.45890594	3.43073988	3.38981819	3.36003304	3.32473922	3.28597808	3.24787855	3.21665788	3.23436475	3.26145315	3.25746989	3.22111177	3.19022775	3.17779398	3.17227578	3.17160439	3.17567468	3.18634081	3.19964027	3.20466208	3.20114636	3.19936895	3.22014356	3.28807688	3.37830687	3.51987243	3.76741648	4.20118380	4.96060753	4.90271902	4.26186180	3.38832974	2.74836969	2.28824568	1.95103228	1.75769567	1.70582640	1.76964128	1.88869095	2.01099181	2.16225123	2.32630444	2.44511509	2.43761802	2.40977168	2.40216231	2.42345953	2.45041800	2.46068764	2.47465634	2.49383450	2.51720023	2.54119968	2.53740764	2.53526592	2.53725648	2.53251529	2.49683046	2.48178840	2.50393438	2.54191828	2.57962275	2.60615969	2.66179991	2.70733643	2.73806381	2.75238419	2.75181007	2.74884105	2.77871466	2.80845952	2.82038546	2.81208277	2.79641271	2.80010438	2.81197786	2.83540773	2.88832450	3.00782061	3.14509320	3.24153709	3.26835847	3.22657371	3.16720676	3.13161063	3.11220598	3.10804272	3.12479901	3.15381241	3.17161727	3.16963029	3.14626050	3.10690737	3.08585072	3.07233858	3.06530213	3.06462884	3.07116485	3.07402420	3.08617282	3.10469556	3.12104607
-54.0000000	3.22918797	3.23774362	3.24164200	3.23955965	3.23416781	3.23213100	3.24200130	3.25575304	3.27674437	3.29815412	3.30298162	3.32946324	3.36561203	3.41340661	3.46704340	3.51293921	3.55627179	3.58590889	3.59837174	3.59651685	3.58953190	3.56902027	3.54984903	3.52308130	3.49030614	3.46363640	3.45747614	3.45774460	3.47091651	3.49904776	3.53977537	3.57490230	3.59735918	3.60060573	3.59119105	3.58875394	3.58133197	3.57700491	3.57102585	3.56288648	3.55631661	3.53586221	3.49888492	3.46128678	3.43130326	3.40950060	3.41364193	3.42276430	3.44144082	3.46157217	3.46238542	3.46906805	3.48802829	3.49767590	3.49558210	3.49847794	3.50428319	3.51264858	3.53435040	3.56844163	3.60225439	3.64813447	3.67251873	3.69291329	3.70661020	3.69068432	3.68319702	3.69545650	3.72546625	3.76968622	3.82302999	3.85002422	3.85251784	3.82866907	3.78250885	3.72393608	3.66835475	3.62456250	3.60062218	3.59806037	3.61186814	3.62348199	3.61209369	3.58240604	3.54639435	3.52330685	3.57147002	3.66648316	3.74637914	3.77651834	3.74958777	3.70539403	3.66847229	3.64523745	3.64131546	3.66154170	3.68464327	3.64434218	3.59469914	3.56850386	3.57727313	3.62186122	3.65955305	3.68681479	3.69985938	3.69464517	3.67989802	3.66339302	3.64547396	3.62923145	3.62050557	3.60949969	3.60074663	3.57245255	3.52632570	3.48757648	3.47163582	3.47679162	3.49137282	3.50722766	3.51972222	3.50269341	3.49605536	3.50861955	3.54183316	3.58977485	3.68698978	3.77527833	3.83249640	3.85224581	3.84387207	3.79757500	3.75311041	3.71227384	3.67915273	3.66012430	3.65926433	3.64013720	3.61140895	3.57820797	3.54212546	3.53186989	3.55693364	3.61037183	3.67471981	3.72199202	3.65111160	3.64950991	3.75038671	3.93252063	4.12026405	4.13855839	4.06238365	3.94862962	3.83337426	3.73188615	3.65297294	3.53506923	3.42895937	3.36752152	3.36573005	3.44258595	3.56430006	3.72025180	3.87629795	3.97477365	3.90893126	3.82375503	3.74719596	3.69135404	3.65248156	3.53890705	3.41431570	3.29088974	3.18728137	3.12861133	3.10759568	3.10090828	3.10347414	3.11764789	3.15321326	3.19901443	3.20583940	3.20129824	3.19671679	3.18713689	3.17201734	3.17798591	3.17944479	3.17157173	3.17031932	3.12972903	3.10327959	3.07075119	3.03360128	3.01496410	3.01044488	3.04782653	3.11782002	3.19810772	3.25334454	3.25310111	3.23655009	3.22990847	3.23939824	3.25124598	3.22171474	3.20145679	3.18689632	3.16966248	3.13658595	3.09389186	3.09093356	3.08431220	3.06549430	3.06081247	3.04115939	3.05424643	3.08701205	3.11575031	3.10611296	3.08494115	3.05222273	3.02047086	3.00713968	3.03462076	3.07519007	3.11454654	3.15145111	3.17512560	3.16525126	3.13372350	3.10985374	3.09388947	3.07954288	3.05399394	2.99136329	2.92500472	2.87830448	2.86196685	2.87401605	2.92424798	2.96838689	3.00976062	3.05676341	3.12285328	3.17216277	3.18345308	3.17352676	3.16805601	3.20158267	3.29359531	3.38335085	3.43102145	3.43410206	3.42740726	3.42287707	3.43365884	3.44862795	3.45282173	3.42744088	3.38356090	3.34266710	3.30744076	3.27777624	3.25078177	3.23771000	3.24310565	3.24305916	3.23187947	3.22209501	3.21230030	3.19455624	3.18305683	3.18099284	3.18055296	3.18126774	3.17993188	3.19021964	3.21076226	3.22514582	3.27073669	3.33270144	3.41845393	3.54986978	3.76328778	4.29834127	4.75385046	4.83817291	4.47050428	3.78087640	3.17595363	2.58809614	2.12611985	1.86554408	1.84859443	1.98744345	2.13620329	2.28811383	2.43488145	2.56667876	2.63101125	2.68583179	2.70637321	2.68723202	2.64236689	2.61767864	2.61975598	2.63619113	2.65866041	2.68292546	2.69999290	2.71845603	2.72720432	2.71313214	2.66113591	2.59325194	2.56715894	2.57887316	2.61444736	2.64996982	2.75238514	2.81914449	2.82228327	2.78111577	2.76223493	2.74326777	2.76720095	2.81312537	2.85254765	2.84938693	2.82251596	2.80476475	2.80021501	2.81773663	2.87098670	2.98918223	3.10743856	3.19597435	3.24441838	3.26180601	3.26871943	3.26927996	3.26182365	3.24455452	3.21554279	3.22042012	3.23140216	3.23339868	3.22335386	3.21024275	3.19610429	3.17910361	3.17246985	3.17640257	3.17807221	3.17646599	3.19302607	3.21240091	3.22450161
-55.0000000	3.32208204	3.29813600	3.29337931	3.28961110	3.28208327	3.27950406	3.29134464	3.31828356	3.35750985	3.39620948	3.41156197	3.40989280	3.42801619	3.46551991	3.51483893	3.56125331	3.60149360	3.66009355	3.71798730	3.76153851	3.78254128	3.76914644	3.75669384	3.73554134	3.70868540	3.69175911	3.65011740	3.64464617	3.65878487	3.68193674	3.70946908	3.74136877	3.76219535	3.76614833	3.75124335	3.71931553	3.71183062	3.70705366	3.69946384	3.68940568	3.68308711	3.67640424	3.67880917	3.66945362	3.64338756	3.61156178	3.57358479	3.54508495	3.53320241	3.53297186	3.52732205	3.52656221	3.53722119	3.56391692	3.59763598	3.61573553	3.61042619	3.60277867	3.59930229	3.60594893	3.62811756	3.66471791	3.71026540	3.75451779	3.78665304	3.79527378	3.79132414	3.80366373	3.81276369	3.81852722	3.84028530	3.87235451	3.88331127	3.86904502	3.83163524	3.77935100	3.71674490	3.66035271	3.63083386	3.63696837	3.67566204	3.73303366	3.76220107	3.75572610	3.72194195	3.68495512	3.70352745	3.75237179	3.81123877	3.85397911	3.84854579	3.83746147	3.82080865	3.80626559	3.79420352	3.77768683	3.77607298	3.72265005	3.66585374	3.62638068	3.59718657	3.59419894	3.60572362	3.62738371	3.65344477	3.67681599	3.68239236	3.69080353	3.69901443	3.70672107	3.71634936	3.71344733	3.72076988	3.71749187	3.70164084	3.69009662	3.67042637	3.64556551	3.61689711	3.58818555	3.56557155	3.54187942	3.53566837	3.54425812	3.56511569	3.59585762	3.66256070	3.70723748	3.74016857	3.76628923	3.78518701	3.79740548	3.79235649	3.78257442	3.77369332	3.76445007	3.74884629	3.72427344	3.69208169	3.65260124	3.60514069	3.53917551	3.49768806	3.47704911	3.46844339	3.45786667	3.40849829	3.40510201	3.50030017	3.69505429	3.93866754	4.04707336	4.02998877	3.96464801	3.89609551	3.83719015	3.74957538	3.63872814	3.53932405	3.48005509	3.48362899	3.55683970	3.67667508	3.85273528	4.05482817	4.21296787	4.21136236	4.13934946	4.04347038	3.95089746	3.86943316	3.73988152	3.60060763	3.47544837	3.38064551	3.32484651	3.30885863	3.31190419	3.32975864	3.34963870	3.35020041	3.34264612	3.30280352	3.26131630	3.23875237	3.24560261	3.26800823	3.29734683	3.32285213	3.32452869	3.27315021	3.17855144	3.11401415	3.07540345	3.05893064	3.06115270	3.09601283	3.11514783	3.13221049	3.15935111	3.20721579	3.22932315	3.21517181	3.18879676	3.16859698	3.16733837	3.14725971	3.14837170	3.13766003	3.10186362	3.04747486	2.98943496	2.96800137	2.96615314	2.96731925	2.95538116	2.94652772	2.96650076	3.01293087	3.06016040	3.05924249	3.02431870	2.98750472	2.96673727	2.97298646	3.01025558	3.07239318	3.11198354	3.14682412	3.18608880	3.23032737	3.27130795	3.28435993	3.27994299	3.26343751	3.23514295	3.14761376	3.06760883	3.01205039	2.97888231	2.94706988	2.94203305	2.97023177	3.00616264	3.04362822	3.09573722	3.15762949	3.17531514	3.17403603	3.17436957	3.19223118	3.26587558	3.33911109	3.38483906	3.39616466	3.38639617	3.36678529	3.34193540	3.33900213	3.35590267	3.36131477	3.33729196	3.32556367	3.31962967	3.30892897	3.27883983	3.23743010	3.22283196	3.22828031	3.24626470	3.26852965	3.29049492	3.29900575	3.28679752	3.25798678	3.22807217	3.20996714	3.20296597	3.21433949	3.24227500	3.27587318	3.30282259	3.34198260	3.39938211	3.47333455	3.55443740	3.69752026	3.89086723	4.17300558	4.42209244	4.35591793	3.73935699	3.23503208	2.73615623	2.31007242	2.19825268	2.29044461	2.39933324	2.50985360	2.60979867	2.68981981	2.73574686	2.79535389	2.84604049	2.86754966	2.84196711	2.81198120	2.80903649	2.81911516	2.83554721	2.85900640	2.85980654	2.85165668	2.84529734	2.84198046	2.83346868	2.78719401	2.74779654	2.72475600	2.72156429	2.73572397	2.76731062	2.78489065	2.78007460	2.76611710	2.77791333	2.81921577	2.85917759	2.89829254	2.92786121	2.92999291	2.91079640	2.88466740	2.86686921	2.87334538	2.92071748	2.98857236	3.04091811	3.08137298	3.12242484	3.18543029	3.26344776	3.34115481	3.38724136	3.39245367	3.36959291	3.35183239	3.32569528	3.29849839	3.28653598	3.31507874	3.31779194	3.30880284	3.29978228	3.29368639	3.28475785	3.29098034	3.32285118	3.34183168	3.33998728
-56.0000000	3.54328895	3.54113269	3.53168702	3.51854873	3.50783968	3.50820947	3.49834633	3.49641180	3.52558684	3.57687259	3.60908866	3.60332036	3.60483313	3.62406516	3.65847063	3.69251704	3.74173427	3.77280164	3.80736828	3.85046196	3.89048624	3.89395857	3.90425634	3.90674186	3.90213752	3.90652823	3.91961217	3.92029262	3.89616132	3.85003185	3.79994297	3.78589344	3.78763151	3.79387259	3.79877329	3.80192924	3.80365705	3.80633664	3.81217003	3.81541538	3.80238676	3.78290415	3.77791953	3.77602625	3.77332258	3.77341557	3.73726368	3.69381213	3.65815258	3.63668561	3.62712097	3.64880967	3.65481901	3.65977740	3.66808510	3.67391157	3.68623781	3.69680762	3.69949985	3.69968677	3.71423674	3.74702454	3.79032063	3.82372689	3.83500051	3.82005382	3.82387590	3.84087157	3.85239053	3.85126424	3.84180951	3.84911561	3.85749125	3.85997176	3.84901643	3.81650949	3.77186584	3.72536635	3.69556689	3.69342041	3.72227550	3.74812007	3.76592517	3.77929854	3.78356385	3.76575756	3.77144980	3.80314732	3.83657694	3.86454010	3.89691663	3.91224265	3.92808557	3.93823290	3.94066668	3.93756318	3.92564607	3.88334084	3.82467818	3.76327944	3.71235704	3.67734027	3.67075014	3.67282772	3.67476010	3.67868137	3.69765878	3.72907734	3.76437402	3.80001807	3.83750987	3.82049179	3.83005881	3.84941459	3.86834359	3.88321257	3.88358307	3.87428951	3.84749126	3.79375744	3.70207024	3.63732362	3.63250613	3.65871501	3.69377756	3.72224808	3.75138640	3.74167991	3.72988200	3.73013616	3.73397756	3.73651671	3.77067184	3.81148529	3.83906484	3.83858347	3.84744191	3.83257937	3.80412889	3.77200603	3.74590874	3.67618179	3.59340024	3.51537418	3.45453262	3.41792536	3.37944198	3.37651396	3.44544554	3.59427714	3.80278683	3.92428565	3.94797230	3.92785025	3.89966059	3.88088298	3.82174540	3.74916887	3.68346119	3.64770627	3.66776276	3.75714135	3.85880566	3.98316383	4.13130856	4.29501534	4.34438658	4.30656338	4.22262764	4.11935854	4.00923777	3.90948510	3.82354951	3.74834681	3.68162704	3.62197351	3.56204391	3.52245545	3.50955367	3.51747727	3.52816010	3.50167871	3.45937824	3.40614510	3.36132002	3.35870099	3.36806679	3.40329266	3.44297719	3.46348310	3.43893576	3.34605241	3.25275016	3.17856288	3.13445950	3.12284708	3.14924049	3.16609764	3.17231727	3.16810560	3.15497780	3.17557192	3.16914058	3.13452625	3.09131956	3.07985783	3.08700776	3.07386875	3.06506181	3.05200195	2.99289608	2.90464497	2.87106061	2.87470031	2.88865066	2.87652564	2.89426303	2.93218994	2.99110723	3.04663873	3.04923248	3.02542830	3.01522732	3.02133155	3.04007792	3.06143904	3.11164808	3.15818167	3.19356680	3.22191668	3.25893402	3.33846259	3.41147232	3.44020462	3.41599035	3.35925245	3.27523756	3.18880749	3.13277483	3.10614800	3.07412910	3.05530429	3.05375648	3.05240273	3.05008793	3.06158328	3.10267496	3.14171958	3.17313194	3.19929910	3.23057771	3.28706241	3.35398388	3.40170717	3.41470385	3.39155126	3.35014248	3.29430509	3.26160002	3.26500607	3.29291654	3.31603718	3.34020853	3.35342050	3.34634995	3.31235933	3.26187372	3.23044491	3.22116041	3.23414111	3.26654267	3.30722523	3.34414506	3.34857607	3.31989503	3.28558326	3.25913882	3.24227715	3.24027538	3.25587273	3.28926969	3.32285953	3.35656452	3.39537406	3.44050980	3.48942709	3.56281662	3.62831092	3.72063684	3.84759188	3.99004626	3.91493964	3.69539547	3.37586665	3.03276014	2.77443838	2.74358654	2.73914194	2.74840593	2.76269627	2.77734613	2.79440093	2.82958722	2.88026571	2.92530322	2.92507362	2.90759754	2.91739035	2.94355845	2.97837758	3.01729488	3.02932763	2.99961376	2.96524739	2.94545698	2.94160724	2.94742775	2.94107652	2.92183042	2.90020299	2.89794445	2.87673068	2.84579396	2.82457209	2.82479405	2.85048056	2.89506841	2.93911052	2.98647714	3.02841973	3.04357147	3.06457257	3.05817175	3.03679752	3.01565051	3.01270461	3.06773734	3.11972404	3.16571450	3.20961380	3.26218438	3.32068300	3.37872219	3.42240644	3.44575572	3.45070767	3.40780640	3.36953211	3.34238267	3.33207870	3.34356713	3.36732483	3.41434646	3.46229196	3.50077009	3.53133845	3.56437254	3.56788874	3.55919576	3.55089879
-57.0000000	3.82694674	3.81780457	3.84091449	3.87080026	3.89445281	3.91132879	3.90220094	3.88864279	3.88215566	3.88628697	3.89662933	3.92841768	3.94877005	3.96971226	3.99280286	4.00913572	4.02951670	4.03590393	4.05315876	4.07954931	4.08675575	4.07124424	4.06132507	4.06482506	4.06884146	4.03974533	4.03702784	4.03258705	4.00898552	3.96624088	3.92182469	3.88693738	3.86546350	3.86193180	3.87239504	3.88442850	3.89207864	3.88630724	3.87621641	3.87131691	3.88152671	3.89471555	3.89209414	3.88164902	3.87578416	3.89131808	3.86534762	3.83392715	3.80154920	3.77181149	3.74741769	3.73387337	3.72981048	3.74475217	3.77152896	3.78628254	3.78224587	3.77801919	3.76846552	3.76245046	3.78284240	3.82800460	3.87821054	3.92316246	3.95299196	3.95826125	3.93305898	3.91227889	3.88868427	3.85749459	3.81638813	3.79870892	3.78868175	3.78627110	3.78860497	3.78997493	3.81774735	3.81343079	3.79813337	3.78934836	3.80095053	3.80887532	3.81369877	3.81358075	3.81268215	3.82116532	3.84508944	3.88646126	3.93005562	3.96422410	3.98089361	3.97954631	3.97263765	3.96211553	3.95997906	3.98828077	4.01177263	4.01803589	4.00814342	3.98151112	3.93589783	3.90459752	3.89795375	3.88544273	3.86835933	3.87981510	3.89494514	3.89936352	3.91560888	3.93813658	3.93331361	3.90336347	3.90372729	3.94301653	3.99750280	4.01111889	4.00222301	3.99678040	3.98510790	3.96163607	3.92490959	3.87071228	3.84119654	3.83506751	3.84256601	3.84547091	3.87220192	3.87302113	3.85968065	3.84089375	3.82233262	3.82714796	3.85395360	3.86981130	3.86485600	3.85229731	3.87914419	3.90155768	3.88966846	3.84546518	3.80279374	3.79767513	3.74851823	3.68950367	3.63588047	3.58396482	3.50278020	3.44975686	3.45919561	3.53775883	3.66447210	3.75439262	3.78956556	3.78824306	3.76703382	3.74090457	3.74195242	3.74583316	3.75656843	3.77593637	3.80347228	3.85745478	3.94935131	4.04862976	4.13892126	4.21801949	4.28667641	4.28160191	4.21670341	4.12654400	4.06634140	4.05388355	4.02779341	3.98414254	3.92374754	3.85216761	3.76518035	3.70785618	3.68283772	3.68050671	3.67898130	3.65637827	3.61729336	3.57371593	3.53834057	3.52456617	3.54132843	3.54243565	3.55222511	3.57968736	3.61846662	3.59709358	3.51757026	3.42751074	3.35277534	3.29746962	3.26627302	3.24488544	3.21684694	3.18137884	3.15338254	3.15072680	3.15492797	3.14003325	3.09939456	3.04566550	3.05408692	3.08503866	3.09499669	3.06944156	3.02286005	2.97628546	2.94219851	2.93405318	2.94152141	2.93049145	2.97070837	3.03481197	3.10534024	3.16099095	3.17662215	3.13326097	3.12104821	3.12628603	3.13783860	3.14713073	3.18200254	3.21414208	3.23658323	3.24933434	3.25937986	3.32646203	3.39820743	3.44089890	3.43790960	3.38970327	3.30876088	3.23712277	3.19160581	3.17793322	3.19073391	3.18741012	3.17648053	3.15863109	3.13316441	3.09799910	3.12221098	3.14906883	3.16927743	3.18490362	3.20937657	3.25974107	3.33214831	3.39509153	3.42519355	3.40720701	3.34330201	3.29857945	3.27447081	3.27019334	3.28275013	3.28054738	3.30129313	3.32343864	3.33429599	3.33003378	3.30270433	3.28107524	3.27178669	3.27264142	3.27260542	3.28236794	3.31960630	3.34816861	3.35492945	3.34978867	3.32760763	3.31012416	3.29676843	3.29186106	3.30461121	3.31985688	3.34598422	3.37714958	3.41188097	3.45308113	3.50070906	3.56477785	3.63752842	3.70836067	3.76383352	3.73832941	3.64722419	3.50150800	3.32258582	3.14227629	3.01107550	2.95020509	2.93102908	2.92415905	2.89945793	2.89208937	2.88592625	2.90168905	2.94212413	2.99200416	3.01329923	3.03518867	3.06576991	3.10350275	3.13720775	3.17304754	3.18021178	3.15967655	3.12370920	3.09587002	3.10334301	3.12073040	3.13095832	3.12490582	3.10140324	3.09855819	3.08168697	3.05220199	3.01945424	3.00073171	2.99031234	3.00836682	3.05142188	3.11864591	3.21184993	3.28200364	3.31276011	3.30959940	3.29018331	3.28435516	3.27008057	3.28667450	3.31401634	3.33454561	3.33326197	3.34964681	3.37982297	3.40229917	3.40775633	3.39904761	3.40781140	3.42157483	3.44332242	3.48231363	3.55408382	3.60517907	3.64621091	3.69430733	3.75287628	3.81160498	3.82909918	3.84217811	3.84216976	3.83345222
-58.0000000	4.13347006	4.15331173	4.19140053	4.23210478	4.26143456	4.26704121	4.26579237	4.26423740	4.26452732	4.26388693	4.25461721	4.27224922	4.30290079	4.34259224	4.37549353	4.37392759	4.33512163	4.31517363	4.29669666	4.27849245	4.27555513	4.29510689	4.28764915	4.27279854	4.25891352	4.24308920	4.24493313	4.24223471	4.22528791	4.18969202	4.13634872	4.11273432	4.08656073	4.06619358	4.05906916	4.07169771	4.08325243	4.09271955	4.10180235	4.11079073	4.11855793	4.10305738	4.08703184	4.07228804	4.06291056	4.06526136	4.05838823	4.04394007	4.02125835	3.99194312	3.95985150	3.92427588	3.91736054	3.93198943	3.95878649	3.98611856	3.98219514	3.96993589	3.95967960	3.95376587	3.94653726	3.93945694	3.95297384	3.98063326	4.01458454	4.04558182	4.05344439	4.04797602	4.04057121	4.02880001	3.99640870	3.94056606	3.89806390	3.86531448	3.85300875	3.88611817	3.93179321	3.98000336	4.02245903	4.05457258	4.07546473	4.10371494	4.10756254	4.09620810	4.08015919	4.07122374	4.05425978	4.06693602	4.08504105	4.10702610	4.15400410	4.15729094	4.12429380	4.08681440	4.06766891	4.08069038	4.11088848	4.12924051	4.13810730	4.13595533	4.11735678	4.12304306	4.12654018	4.12528181	4.12238598	4.12665510	4.14823103	4.18334627	4.20791912	4.20714664	4.17549944	4.12980747	4.10332155	4.08532619	4.07413626	4.07709646	4.08853674	4.08372593	4.06802797	4.05448627	4.06382036	4.06541634	4.07812786	4.07227039	4.05203629	4.05549240	4.05862808	4.06418514	4.04647732	4.00697041	3.97427726	3.95096922	3.94622159	3.93545032	3.91897988	3.92204285	3.91489983	3.93412876	3.95458460	3.95567584	3.92136812	3.88758564	3.85513592	3.81443286	3.76321006	3.70651627	3.66426110	3.62102985	3.58594394	3.57132053	3.59266782	3.63683295	3.68341827	3.71203566	3.71748352	3.70974874	3.69144893	3.72295284	3.78781176	3.85851693	3.89650130	3.94665051	4.02802277	4.11793280	4.20001841	4.26424074	4.31002808	4.27623606	4.19965076	4.11828709	4.07139206	4.11241817	4.14420366	4.13443518	4.06873941	3.95068955	3.86303282	3.77602601	3.73031640	3.73151636	3.75020123	3.75009847	3.74314475	3.71484113	3.68020010	3.68374443	3.72185230	3.71969509	3.70033336	3.68639970	3.70009685	3.71513534	3.70740104	3.65077186	3.55136395	3.44753098	3.36791706	3.32631397	3.29726458	3.26760674	3.23647451	3.20031047	3.18329453	3.17462897	3.15997362	3.12144542	3.12640166	3.14419222	3.16752696	3.18920851	3.20213509	3.14892840	3.10832191	3.09704804	3.10786510	3.10955811	3.14873028	3.19461393	3.23052883	3.24379635	3.22573566	3.21132469	3.20130897	3.19670391	3.20585346	3.24443007	3.28805184	3.30845070	3.31928825	3.32938290	3.34270835	3.36595273	3.40497565	3.43349314	3.42917061	3.37362146	3.30770969	3.26190996	3.24637175	3.27022982	3.34160280	3.36434603	3.36474395	3.34782338	3.31868029	3.28248239	3.27953529	3.27607441	3.25703883	3.23063779	3.22835088	3.22884870	3.26951623	3.33888817	3.40704393	3.42560482	3.36600447	3.33363104	3.31405258	3.29728889	3.27781153	3.27103043	3.26188898	3.28279161	3.32701802	3.34872365	3.33621550	3.31948853	3.31333399	3.31849790	3.32168508	3.33370709	3.35527658	3.36639524	3.36709738	3.37745023	3.39312792	3.39243031	3.38447213	3.38063645	3.39457607	3.40292382	3.41819811	3.42476010	3.42448092	3.43674159	3.46678305	3.52507043	3.58522820	3.62913275	3.64691424	3.62913322	3.56316376	3.44321370	3.28711295	3.13631058	3.06073046	3.02167654	3.02071214	3.03767490	3.03067470	3.03257012	3.01888704	3.00675011	3.00804925	3.02943897	3.05955124	3.08210039	3.10534358	3.14144206	3.20645881	3.27798486	3.30423832	3.29136968	3.25322294	3.21133685	3.21066046	3.21762109	3.21823597	3.20907092	3.19724417	3.21549630	3.23406911	3.22766590	3.19290233	3.14830780	3.12763834	3.12866855	3.15161872	3.19447088	3.25296736	3.34327817	3.43668509	3.51583791	3.56019807	3.54604125	3.52403021	3.49328732	3.48626113	3.49570274	3.47466469	3.44632626	3.43109107	3.43682718	3.45740533	3.47269940	3.48248315	3.49638057	3.52875209	3.58032823	3.63820958	3.73208284	3.82551241	3.89909005	3.95204377	4.00223923	4.02879477	4.05350447	4.08026409	4.10233259
-59.0000000	4.40062237	4.43856668	4.47063446	4.50519896	4.53899240	4.55710745	4.55534697	4.54920149	4.55099440	4.55291939	4.52703619	4.54693842	4.59446478	4.64704657	4.67639732	4.64851427	4.58268595	4.52964926	4.48725605	4.45623541	4.44019508	4.44781303	4.47109413	4.48704863	4.48294640	4.45632172	4.45852041	4.46104288	4.46198463	4.45747757	4.44168425	4.40105104	4.38048697	4.36980152	4.36340284	4.36030054	4.35104132	4.34253073	4.34574795	4.35795832	4.36271286	4.36623859	4.38155890	4.39024448	4.38431454	4.36623526	4.34903383	4.33831644	4.32774782	4.31227922	4.28814507	4.26119900	4.21705866	4.18486261	4.18582773	4.23324347	4.25135469	4.26702881	4.27071047	4.26077461	4.24352741	4.22990847	4.23042917	4.23315477	4.23236322	4.22854614	4.21698618	4.21654224	4.22140837	4.22283840	4.20914364	4.17941093	4.16315889	4.15763903	4.16070938	4.17083311	4.21338415	4.27875471	4.33982420	4.37878847	4.38715982	4.39572620	4.41937923	4.41943455	4.39305353	4.37324286	4.35285807	4.34908819	4.35810661	4.37414837	4.38950825	4.36421824	4.33233356	4.30301666	4.28734398	4.29830599	4.32253361	4.33174610	4.33259583	4.32663393	4.31031418	4.28308153	4.28085136	4.29790926	4.32803106	4.36448765	4.41844416	4.47518015	4.51235628	4.51184368	4.45972395	4.39988375	4.37258196	4.32886696	4.25706911	4.18280554	4.17440510	4.16242075	4.16598558	4.17838144	4.16704226	4.18109798	4.20451117	4.23749733	4.26788092	4.27108908	4.24070501	4.22373438	4.19982767	4.16084003	4.11083031	4.08346796	4.05484724	4.03493357	4.02001333	3.99269223	3.98037148	3.95158482	3.93001342	3.92657900	3.93944359	3.94174361	3.95046782	3.94883204	3.92632699	3.87871742	3.83841753	3.81262755	3.80149889	3.79878640	3.79184794	3.76996350	3.77346778	3.78042793	3.77912045	3.76802969	3.76042128	3.76839209	3.82462668	3.92659950	4.03657436	4.05630493	4.09354353	4.15599775	4.24142456	4.33763552	4.36559725	4.34342527	4.28364372	4.19541216	4.08452368	4.04782581	4.05570555	4.06912565	4.05361938	3.97929072	3.90073490	3.85343027	3.83187437	3.82124877	3.79741788	3.78813148	3.77819276	3.77951717	3.79282808	3.80765700	3.82417178	3.83462024	3.81215262	3.76071405	3.71504235	3.71401429	3.72449470	3.71776652	3.67845988	3.60455346	3.50750184	3.44125366	3.39067483	3.34482360	3.29695296	3.28479338	3.28320694	3.28370619	3.27621102	3.24905205	3.25983095	3.25249791	3.24328589	3.24583745	3.27120304	3.28769350	3.30883932	3.32390499	3.32577586	3.31095815	3.32223415	3.32831883	3.31933761	3.30525351	3.31586695	3.34089899	3.36598802	3.38508129	3.40178537	3.42936945	3.45778394	3.48225331	3.49051261	3.48658514	3.49077868	3.52283859	3.52121162	3.49511456	3.45805073	3.42781305	3.39442301	3.37637424	3.37471533	3.39533377	3.44895315	3.48276162	3.49602699	3.50400901	3.50356531	3.47314739	3.43525219	3.40646958	3.38679695	3.36575603	3.32239175	3.30845904	3.31172180	3.34590864	3.40348172	3.45563769	3.45497847	3.43849230	3.41167212	3.38300061	3.36394739	3.37382054	3.35298634	3.33227611	3.33555293	3.37971139	3.38103461	3.35762191	3.33901191	3.33718276	3.34655142	3.36901116	3.38221192	3.39260983	3.39845991	3.38981414	3.41691756	3.43583560	3.43690586	3.42501378	3.41959190	3.41537428	3.41455054	3.41549540	3.41220307	3.39428878	3.43876100	3.48927522	3.52741170	3.54823375	3.56028867	3.50664210	3.39121032	3.26038551	3.14547300	3.06268978	3.01289201	2.98722410	2.98318887	3.00082922	3.04273009	3.05640197	3.06613827	3.06714129	3.05922556	3.04681945	3.05485845	3.07694769	3.11596441	3.17618108	3.26326585	3.32790995	3.35450935	3.33930492	3.30016732	3.27660036	3.28879738	3.28952599	3.29394388	3.29702640	3.27356577	3.26119924	3.27122808	3.29372191	3.31923699	3.33881402	3.33701921	3.34818530	3.37100291	3.40474844	3.44928670	3.49176550	3.55063629	3.61116004	3.66306400	3.70054150	3.70021367	3.69448638	3.68710113	3.67893958	3.66802263	3.66160250	3.65815592	3.66028595	3.67380452	3.70773673	3.74515796	3.76948357	3.78321743	3.80029535	3.84608698	3.92991352	3.99783087	4.07748413	4.16916275	4.24579763	4.30933285	4.36529827	4.40274572	4.41883564
-60.0000000	4.59733105	4.60224676	4.60677528	4.62073994	4.64567709	4.67483759	4.69896889	4.73596001	4.75816536	4.75361681	4.72602367	4.70318270	4.70198107	4.70660686	4.70975161	4.71260691	4.67212677	4.63403797	4.59808064	4.56576395	4.54036379	4.51429701	4.51685286	4.54380369	4.58241320	4.61143398	4.61031914	4.60676718	4.60381556	4.59492493	4.56397533	4.52677298	4.50092649	4.50243425	4.52487803	4.53942108	4.55800295	4.54656029	4.53278017	4.53006268	4.53752565	4.55823994	4.57140923	4.57074785	4.56349039	4.57039070	4.59160566	4.60216284	4.60477495	4.60450029	4.60874653	4.58787012	4.56136751	4.54341221	4.53534746	4.52569008	4.53960896	4.55470514	4.56949615	4.58795452	4.61950779	4.65676212	4.66235399	4.64552641	4.62052155	4.60657978	4.56045485	4.52440739	4.49219561	4.46557999	4.45431471	4.42899084	4.40809727	4.39752436	4.40212202	4.42570305	4.46056509	4.50130510	4.54083014	4.56789351	4.56709433	4.53246021	4.54171848	4.57244015	4.60130739	4.60411167	4.59407997	4.56969976	4.55318213	4.54579687	4.52786827	4.51725483	4.48636580	4.45966101	4.45729256	4.49510527	4.54497051	4.55934954	4.55930471	4.55408382	4.54111433	4.52266788	4.51510859	4.52370548	4.54838896	4.58375168	4.61647987	4.65095663	4.66878605	4.66362810	4.64120054	4.61668539	4.58075523	4.53092575	4.46392536	4.37570095	4.34783697	4.34023094	4.34528971	4.34874010	4.32962418	4.31178856	4.30756760	4.33019495	4.37855244	4.43716764	4.42328024	4.40352440	4.37766027	4.35157156	4.33726597	4.30847168	4.23493958	4.18446922	4.18146610	4.20694447	4.16469574	4.08923769	4.02736473	3.99646187	3.98450494	4.01559877	4.06358051	4.10724163	4.13480949	4.14394903	4.09389782	4.04763365	4.02311563	4.01185417	3.97890759	3.96478200	3.95886278	3.95757604	3.96375227	3.98662901	4.01526403	3.99547029	3.96719384	3.96492171	4.01768494	4.10070944	4.15657139	4.20850611	4.26760292	4.33280325	4.35595751	4.35627842	4.31650543	4.24050951	4.15329599	4.08916283	4.06637573	4.05268049	4.02523184	3.97059226	3.93405676	3.92041206	3.92095661	3.92252350	3.90748024	3.88369894	3.86954689	3.86204267	3.85914779	3.85976124	3.85558605	3.85985684	3.86104751	3.85019708	3.82091308	3.77871633	3.75669765	3.76344466	3.77921700	3.75594282	3.70274377	3.63825727	3.57594013	3.51700854	3.45043945	3.42579556	3.42759228	3.43050766	3.41950941	3.38985443	3.39930582	3.40247321	3.40158534	3.40747309	3.43956971	3.45835829	3.49501610	3.53440595	3.56245279	3.56614041	3.57534099	3.55229044	3.51812720	3.49120831	3.48711157	3.51718807	3.55410767	3.59420943	3.62994504	3.64987946	3.66207266	3.66793823	3.66493487	3.65860271	3.66255760	3.67611527	3.69104242	3.69383383	3.67858052	3.64696598	3.62733674	3.61276150	3.62096977	3.63915348	3.62396884	3.60549331	3.59489799	3.60725069	3.62682033	3.60707664	3.53820825	3.48479843	3.45147657	3.43676949	3.43310380	3.45345163	3.47104311	3.48948646	3.51312685	3.54704332	3.55073524	3.55045223	3.54578924	3.53576398	3.51881599	3.50556684	3.50080800	3.48127913	3.45384479	3.45549345	3.45927095	3.45922804	3.44577050	3.41848874	3.38615990	3.36794567	3.35423374	3.36217070	3.39114070	3.42276073	3.43278003	3.44055843	3.43941379	3.43167186	3.42866921	3.42089009	3.42475009	3.41537714	3.38882589	3.36207581	3.37759566	3.42811537	3.48319650	3.51677752	3.50717354	3.39945602	3.25949478	3.15563083	3.10108423	3.05395103	3.02599287	2.99998927	2.98898649	2.99807262	3.02437377	3.05495977	3.08501101	3.10860419	3.11807323	3.10400677	3.08337259	3.10017824	3.15299821	3.22509980	3.28444719	3.31835341	3.33420205	3.33329344	3.32274222	3.31548214	3.33822894	3.36056304	3.37025070	3.37304854	3.39270496	3.40351272	3.42329311	3.44564390	3.46813297	3.49229860	3.50739074	3.53857446	3.56907296	3.59272385	3.61398149	3.64367962	3.68875766	3.73508334	3.77275515	3.79609990	3.81346822	3.83839798	3.86510348	3.88843441	3.90388203	3.90367413	3.91382241	3.92799735	3.94741082	3.98081779	4.02384281	4.05077314	4.07495403	4.10809612	4.16027689	4.19848394	4.25235939	4.30541182	4.34822941	4.37848473	4.40823174	4.47467756	4.54007626	4.57916546
-61.0000000	4.50640154	4.55509663	4.58569288	4.60530949	4.62811565	4.67532969	4.71680260	4.75075817	4.76130104	4.74369764	4.70437384	4.66541100	4.64537382	4.63403988	4.62425423	4.61193085	4.58386898	4.56761551	4.55388498	4.53593683	4.50957680	4.49497986	4.50569248	4.53411436	4.56956100	4.59826565	4.62586784	4.63522053	4.64443302	4.65053368	4.62946892	4.58738184	4.57096910	4.56831694	4.57716370	4.60489798	4.63203096	4.65061617	4.66058683	4.66551876	4.67263317	4.68298721	4.70289660	4.72320652	4.73543358	4.73176861	4.75238276	4.78682470	4.83232355	4.87878847	4.90880251	4.88349724	4.83886480	4.80937052	4.80698156	4.82116699	4.84796619	4.88255501	4.92359591	4.96866417	5.01425123	5.04208088	5.04110622	5.01570129	4.97713232	4.94355965	4.90250587	4.84298897	4.78725529	4.74397469	4.70823860	4.67212152	4.64280224	4.61281204	4.58306885	4.56287956	4.57176304	4.59777880	4.63112307	4.66420794	4.69166374	4.66398668	4.65714931	4.68120241	4.72187424	4.74057102	4.74935484	4.73462486	4.69312525	4.63410234	4.57930326	4.57864332	4.57444334	4.57334900	4.58005524	4.59730530	4.60840988	4.63148165	4.66198349	4.68936777	4.69707584	4.69085884	4.65658092	4.63397551	4.63965178	4.66708851	4.68534088	4.69908714	4.71505356	4.73239803	4.74270868	4.72773743	4.67345142	4.61488390	4.56466389	4.51301861	4.48856354	4.49348021	4.49365282	4.48321152	4.48453283	4.47720146	4.46227598	4.46729326	4.51050472	4.60087729	4.65042686	4.68123579	4.67276764	4.63450623	4.60595655	4.57375383	4.51733446	4.48919916	4.49359751	4.48653030	4.41611576	4.33892155	4.26977444	4.21631336	4.17899227	4.17787981	4.23339891	4.31668615	4.39735174	4.44347906	4.40518284	4.35785007	4.30835104	4.24956894	4.16039944	4.15021849	4.15212345	4.15468359	4.15986729	4.18304586	4.20061874	4.19157076	4.16730165	4.14221525	4.13372326	4.15242386	4.20781422	4.26537991	4.30622339	4.32705545	4.36815262	4.37683058	4.34915161	4.29543447	4.24025106	4.21586895	4.20228958	4.17998409	4.14456081	4.10676527	4.08458900	4.09258556	4.10137272	4.09765863	4.08424568	4.05811262	4.03465986	4.01713991	4.00398874	3.98882008	3.96897292	3.94038939	3.90964675	3.88497376	3.87625289	3.87084270	3.84450412	3.84333563	3.87045407	3.88599658	3.91202736	3.91734576	3.89802051	3.85394073	3.78881502	3.72089028	3.65202284	3.59599233	3.55984282	3.54388714	3.58513570	3.61499333	3.62234211	3.62103796	3.64991283	3.66443706	3.67717004	3.69729805	3.72711992	3.76205206	3.78160882	3.78414345	3.77843213	3.77368665	3.77954984	3.80377984	3.81532168	3.82160401	3.83481383	3.87189770	3.87293530	3.86921644	3.86255431	3.85687113	3.85819936	3.84333110	3.84099340	3.86251187	3.89712405	3.91197920	3.90451813	3.88115621	3.86139107	3.84192085	3.79664731	3.75350976	3.73136091	3.73070598	3.74633861	3.76734281	3.74058127	3.69517803	3.65490556	3.63083625	3.62133861	3.63229561	3.64619708	3.66096997	3.67516708	3.68796873	3.69149661	3.69668865	3.69847560	3.69625568	3.69389391	3.68431592	3.68421698	3.67175198	3.64409685	3.61744761	3.58365536	3.55948853	3.53762674	3.50904441	3.46301317	3.42179775	3.40143991	3.39130998	3.38642669	3.38745618	3.43017697	3.46822047	3.47653675	3.45192194	3.41301703	3.41165829	3.41146278	3.39652801	3.36654878	3.33681917	3.32112360	3.34099841	3.37911987	3.41397524	3.41985941	3.33879375	3.24606681	3.19345117	3.18694353	3.18676376	3.18299341	3.16213155	3.15010428	3.14807940	3.13246202	3.13696456	3.17714572	3.21516228	3.23332977	3.23412323	3.19437075	3.18809962	3.22758245	3.29714656	3.35317326	3.37583685	3.36572170	3.35583901	3.36002970	3.37296557	3.38929963	3.41465878	3.44476819	3.47441816	3.49746442	3.51253533	3.53835249	3.57570887	3.61572886	3.63986969	3.65216899	3.68480086	3.71287632	3.72645450	3.73054433	3.76102734	3.79651713	3.83233547	3.86157227	3.87509036	3.89460087	3.91776562	3.95606875	4.00902510	4.06417942	4.10113144	4.13603067	4.16024017	4.17689276	4.20088959	4.22961521	4.26230764	4.28543091	4.30077028	4.32542992	4.35016060	4.38207006	4.40964985	4.42149830	4.40631819	4.39191723	4.40245104	4.43388939	4.46691179
-62.0000000	4.31394482	4.36890841	4.42688894	4.48066330	4.53096581	4.58648872	4.59632921	4.60955667	4.61411333	4.60937357	4.60614538	4.57329273	4.54863214	4.53055525	4.51545668	4.49773121	4.46638012	4.44858456	4.44208097	4.43839693	4.42285156	4.42086601	4.41949129	4.43240929	4.46217680	4.50022411	4.55185509	4.58379745	4.60720873	4.62693501	4.64150715	4.65909624	4.66051197	4.65212107	4.64378595	4.64887047	4.65764427	4.69623518	4.73111773	4.74956989	4.75967693	4.77702427	4.80202961	4.83505487	4.87530041	4.92080784	4.93374634	4.96319342	5.00894213	5.05743885	5.08178282	5.07139015	5.08304644	5.11205578	5.15380430	5.20376015	5.26901293	5.32116604	5.35603189	5.37317610	5.37591839	5.37398863	5.34702349	5.30487537	5.24917316	5.17332697	5.12273979	5.07396936	5.02412319	4.96852970	4.90074253	4.85761690	4.80313349	4.73677921	4.66755629	4.61398220	4.59045172	4.58845663	4.60304976	4.63012934	4.66643810	4.67389536	4.69549131	4.72892904	4.76269531	4.77606106	4.78507376	4.78545713	4.77819920	4.76448059	4.74567509	4.74375248	4.72549248	4.70115662	4.68374586	4.68899965	4.68363810	4.69087458	4.72721815	4.78050947	4.80992126	4.81681061	4.79652166	4.76469660	4.73678923	4.72806311	4.74309492	4.75242615	4.76086378	4.76951599	4.77579117	4.77557802	4.74011993	4.69462681	4.65320158	4.61884260	4.59190559	4.57512856	4.57626247	4.59287977	4.61237240	4.62553549	4.62615013	4.64382267	4.69208622	4.76839304	4.83590603	4.90039539	4.93564224	4.93972731	4.93503046	4.93854475	4.92967510	4.92978811	4.93493891	4.91586590	4.82962036	4.74410677	4.67678976	4.63005638	4.59121847	4.57193899	4.58420897	4.61294222	4.63802147	4.63429928	4.59839821	4.56553841	4.51511717	4.44474745	4.37025833	4.35021210	4.33968449	4.34044123	4.34368277	4.33004522	4.30742168	4.31856918	4.32664442	4.31929970	4.30868387	4.32180119	4.34831095	4.36609459	4.37961102	4.41989231	4.44167042	4.43056345	4.40689659	4.39578581	4.42713737	4.46224117	4.45509481	4.41541147	4.36199713	4.32274485	4.30290604	4.28954029	4.27145958	4.25338936	4.25597191	4.23098040	4.21189690	4.19909573	4.18952656	4.17671680	4.16381264	4.13102388	4.08326530	4.03939486	4.03222179	4.04563093	4.04377174	4.03683186	4.03850460	4.06599474	4.13216782	4.17236185	4.18703842	4.17549706	4.13587236	4.05125952	3.95399666	3.86138964	3.78517795	3.73153543	3.75511694	3.79535270	3.82354307	3.83615088	3.85480285	3.87825632	3.89192891	3.89242673	3.88719058	3.89449787	3.92646337	3.95071936	3.97264600	3.98858738	3.98584962	3.98307347	3.98049855	3.97728825	3.98262405	4.01570463	4.05697584	4.07741976	4.08273697	4.07593441	4.05732441	4.04070997	4.02845716	4.02694798	4.03463078	4.04201889	4.04722071	4.04171848	4.03147745	4.01588440	3.98774934	3.92824650	3.87982297	3.86643410	3.88967371	3.92877483	3.95893884	3.93728805	3.89754939	3.85870552	3.82499480	3.79383063	3.77947855	3.76887918	3.76080632	3.76586723	3.78604770	3.81698823	3.83684492	3.83514857	3.81280303	3.79337811	3.79226875	3.77902102	3.75084090	3.73259616	3.69539165	3.67248011	3.63864756	3.58927941	3.54035878	3.51725602	3.50935364	3.50413394	3.49849868	3.49876618	3.51689434	3.54318428	3.56124020	3.55420637	3.50476503	3.46510673	3.44355845	3.42565417	3.40602565	3.38840103	3.36802983	3.35922503	3.36039305	3.36479235	3.36053538	3.32899070	3.28511953	3.27792263	3.31642938	3.36969638	3.42656851	3.46272492	3.54339170	3.65167427	3.68855643	3.56110168	3.46466470	3.38776588	3.33789515	3.34151816	3.34601974	3.34222412	3.33575773	3.33652925	3.35872245	3.40350747	3.43196464	3.44693708	3.45240378	3.45348024	3.44362974	3.45096612	3.48168564	3.53094864	3.58287835	3.62768960	3.67461348	3.71624422	3.75581408	3.80719137	3.84113002	3.85122514	3.84553432	3.83435488	3.83022499	3.84454346	3.85974097	3.87914395	3.90093398	3.91814518	3.92542076	3.93672132	3.97450399	4.03585386	4.09248638	4.14011097	4.17656612	4.20892811	4.23693085	4.25296783	4.25619221	4.26902723	4.28296280	4.30011988	4.33325005	4.33873367	4.33921814	4.33762598	4.32950830	4.30304956	4.26601410	4.24729824	4.25210714	4.26877832
-63.0000000	4.18302631	4.22786665	4.28759146	4.35284376	4.41132784	4.44780540	4.43142462	4.42205858	4.42624187	4.44043827	4.45104361	4.42931652	4.40487337	4.38895369	4.37741327	4.35072374	4.31506348	4.29888296	4.28894806	4.28329563	4.29122734	4.28685093	4.26951408	4.26620865	4.28952312	4.33764315	4.41323948	4.47358561	4.51213408	4.53165674	4.54424477	4.56829596	4.57832956	4.59082079	4.61206913	4.63820028	4.65493774	4.67817640	4.70178080	4.72071648	4.73105288	4.75055027	4.78303623	4.82212210	4.87204361	4.94766092	5.04850483	5.13680744	5.22030830	5.31077623	5.42400599	5.53199482	5.63461590	5.73793936	5.83172703	5.88942385	5.92826366	5.94683218	5.93850517	5.90085459	5.83565617	5.79540873	5.73558998	5.66187143	5.57794571	5.48552847	5.39269638	5.29792213	5.20841551	5.12208748	5.02754879	4.93841887	4.83822393	4.72602415	4.61553478	4.53512621	4.50408077	4.49991798	4.50480366	4.51505613	4.54114389	4.57309198	4.60983086	4.65750504	4.71191788	4.75853062	4.76754284	4.78078032	4.80376720	4.82725096	4.82720613	4.82251120	4.80958462	4.79442549	4.78123856	4.77243853	4.75210905	4.75383282	4.80224228	4.88041973	4.92990160	4.96373653	4.96686220	4.94146824	4.89740562	4.85218191	4.82345486	4.80465841	4.79484320	4.78982544	4.78218937	4.75415850	4.72254276	4.69834900	4.68533182	4.67999172	4.66882515	4.66271734	4.67404747	4.70212555	4.73318958	4.75527954	4.79765320	4.84936762	4.90031910	4.94124126	4.97670603	5.04541063	5.12750721	5.21211290	5.29730415	5.36317492	5.40438747	5.42338514	5.42532825	5.41810226	5.38107443	5.31693840	5.24179840	5.17142534	5.12126160	5.10379648	5.06035423	4.99964809	4.93342590	4.87647486	4.82579327	4.76392937	4.69904518	4.63585424	4.57562256	4.55774021	4.54670954	4.53207350	4.50698137	4.46819639	4.46698618	4.48347855	4.50102615	4.51217937	4.51868200	4.51961803	4.52511787	4.53884125	4.55761385	4.57142305	4.59152412	4.59819078	4.59769964	4.60578823	4.64765263	4.68978167	4.69300938	4.65369177	4.58624220	4.52312469	4.49476814	4.48487425	4.47862053	4.46964598	4.46004963	4.43297291	4.40946913	4.39352798	4.37842131	4.34670019	4.32254982	4.31209803	4.30168104	4.28916025	4.28392220	4.28532839	4.26436806	4.23621321	4.21876526	4.23265314	4.31303835	4.36309433	4.38361073	4.37920284	4.35831451	4.32374430	4.26691771	4.19627905	4.12066746	4.04931355	4.03442240	4.05006218	4.07409716	4.09473896	4.11054754	4.12582493	4.12844038	4.13447094	4.14387035	4.14046812	4.14798021	4.15316200	4.15734577	4.15897703	4.15361261	4.16796780	4.16556025	4.15041113	4.13548470	4.14268780	4.18106890	4.21715164	4.24034548	4.24646139	4.23771000	4.20524311	4.19032621	4.18643570	4.18845892	4.19269657	4.18924809	4.17419291	4.15981102	4.16002417	4.19039774	4.17939377	4.13260221	4.08479071	4.06187725	4.08092976	4.09755373	4.08592319	4.04707193	3.99528909	3.95812297	3.93217683	3.90428042	3.87951374	3.86415386	3.86567402	3.87958908	3.90681577	3.93474054	3.95446992	3.96082902	3.91951632	3.86883521	3.81852579	3.77854753	3.75907922	3.75092387	3.75000858	3.73608136	3.70548940	3.67117453	3.65172744	3.63878679	3.63483906	3.63673615	3.63569808	3.62575698	3.62365007	3.62526393	3.62249660	3.60325694	3.55376935	3.52622652	3.50792241	3.49510098	3.49295306	3.50950861	3.49795556	3.47114992	3.44183683	3.42265058	3.41191459	3.41065192	3.44222164	3.50952244	3.59499240	3.72651720	3.89337873	4.24787807	4.66120911	4.72346067	4.31319952	3.95134091	3.62676620	3.38108158	3.30862045	3.38798261	3.42157769	3.42094135	3.40359259	3.39303446	3.40000916	3.41835856	3.44126678	3.46673441	3.49758053	3.51101327	3.51964664	3.54447675	3.59120011	3.65021253	3.72400594	3.79399538	3.85623503	3.90816879	3.94862890	3.96239614	3.94511914	3.91554594	3.88812947	3.87302923	3.87965035	3.89494443	3.91469598	3.93356586	3.94509029	3.95652175	3.97397637	4.00176525	4.03593063	4.06424236	4.09411955	4.11826611	4.14398003	4.16811800	4.17709637	4.18238354	4.17641020	4.17369413	4.18087721	4.19672823	4.19573832	4.18322659	4.16383362	4.14025164	4.11322308	4.09819269	4.09385586	4.10473633	4.12163734
-64.0000000	4.06253147	4.11091900	4.15749311	4.20866728	4.25750780	4.28373814	4.27943707	4.26131916	4.24925232	4.24584198	4.23643541	4.21624660	4.18146276	4.15352201	4.13193607	4.09429407	4.06118059	4.04411936	4.03109646	4.02164221	4.02683783	4.02503395	4.02433300	4.03405571	4.06090736	4.10897589	4.16981030	4.23091745	4.27979612	4.31491518	4.34571791	4.37304497	4.39555454	4.41826391	4.44392920	4.47304726	4.51227570	4.52967358	4.53828049	4.55209351	4.58606625	4.65920830	4.76489735	4.87364626	4.98342133	5.11963367	5.31255484	5.51388931	5.73293829	5.96856213	6.20918226	6.49900150	6.75132418	6.92153406	6.99755716	6.99986315	6.90395927	6.76957893	6.63635302	6.51038074	6.36423206	6.26049280	6.16274548	6.06014013	5.94593668	5.81750298	5.67269421	5.52042437	5.36061335	5.19556427	5.02996397	4.87925911	4.74204731	4.62244129	4.52186918	4.43907976	4.41215944	4.42108202	4.45235777	4.49548674	4.54295874	4.60508966	4.63661480	4.66529369	4.71033192	4.78238153	4.81708336	4.83704615	4.85269880	4.86845970	4.88273430	4.91176081	4.91674948	4.90203667	4.86856651	4.81389570	4.79587126	4.81797314	4.87069941	4.93892002	5.00187874	5.05345678	5.07554674	5.07595921	5.05740213	5.01747990	4.90730858	4.82723093	4.77997637	4.75490952	4.72803307	4.72959995	4.76234865	4.79185009	4.79751301	4.77258158	4.76299429	4.77166939	4.78044319	4.79092073	4.82447577	4.88546801	4.98186922	5.09926891	5.20843792	5.26532936	5.33606052	5.45082712	5.58559752	5.72773838	5.87601948	6.03359413	6.15450191	6.22352028	6.25014305	6.26858187	6.27353573	6.25172186	6.18999672	6.08866310	5.96146536	5.84738731	5.72273779	5.56914186	5.39011288	5.21105051	5.07048178	4.95064974	4.86525536	4.80779076	4.75153637	4.72459221	4.71137953	4.68580532	4.64755487	4.62209463	4.62092113	4.63709641	4.67222404	4.71128273	4.72262812	4.72297525	4.75000906	4.78257561	4.79881954	4.77618456	4.76556683	4.76575565	4.78635168	4.82361984	4.86048889	4.86962509	4.87831879	4.87110281	4.83708715	4.76995802	4.71133423	4.67899466	4.66940880	4.67633772	4.69083595	4.66918278	4.64336538	4.63179970	4.62451649	4.58316231	4.54144621	4.52988243	4.53244114	4.53532362	4.52696133	4.50529051	4.46607924	4.42424440	4.38947821	4.36624908	4.41113997	4.48515034	4.54008102	4.55202913	4.52138472	4.50913477	4.48962498	4.46377754	4.42930031	4.38068342	4.34781218	4.33876276	4.34133816	4.35132122	4.37247849	4.36273718	4.33397102	4.31032896	4.29951429	4.29278135	4.28967428	4.30698109	4.31388950	4.30332327	4.29194307	4.30155039	4.29314661	4.27625751	4.25785685	4.24236107	4.23559761	4.24761820	4.28652143	4.33998537	4.37526369	4.37054300	4.35684824	4.34314966	4.33007050	4.30988979	4.27806139	4.26206732	4.26238298	4.28118515	4.32235575	4.33955383	4.32069588	4.27912807	4.24019527	4.24124002	4.24979925	4.24985743	4.22626114	4.17717361	4.11407375	4.10562277	4.08357954	4.03436899	3.97347474	3.94543767	3.94491887	3.94411778	3.95366812	3.97847581	4.01772022	4.01449537	3.98218322	3.94042540	3.90158343	3.87073898	3.84991479	3.83825493	3.82960868	3.81722069	3.79373121	3.77220249	3.74494958	3.73246670	3.73260880	3.72058845	3.70900440	3.68436217	3.66068244	3.64662361	3.64548397	3.60905218	3.57972598	3.56464911	3.56855440	3.59375930	3.62736177	3.64280057	3.62896299	3.59878683	3.58925867	3.61764908	3.67782140	3.79470611	4.00340128	4.34917450	5.08466434	5.35349464	5.32946777	5.06388998	4.48557138	4.09127331	3.79080200	3.54482579	3.36926079	3.33526611	3.41644645	3.45034003	3.45978928	3.46010828	3.45908475	3.45293021	3.45829487	3.48479462	3.52734137	3.56614208	3.55643177	3.56029630	3.56950116	3.58819008	3.63288498	3.69702005	3.75121379	3.80358768	3.85561705	3.90213299	3.92139101	3.91335249	3.88549948	3.85129786	3.83020115	3.83079100	3.83819270	3.85610509	3.87617183	3.87798047	3.89698577	3.91531706	3.93104744	3.94048166	3.93815804	3.95386887	3.97562957	4.00092459	4.02285624	4.03014708	4.04257393	4.04478741	4.02923584	3.99846458	3.96510792	3.92548823	3.90563035	3.90239859	3.91017675	3.92086959	3.93717957	3.95776939	3.98212194	4.00213814
-65.0000000	3.88432503	3.92574048	3.96292186	4.00410604	4.05134583	4.10051060	4.12425947	4.13116932	4.11906338	4.08694363	4.03499365	4.00410891	3.96440792	3.91719341	3.86713910	3.82228875	3.79735827	3.77860045	3.76840806	3.76720715	3.77345634	3.77596092	3.77865934	3.78731441	3.80483866	3.83129430	3.86079144	3.88788939	3.91977000	3.95851064	4.00108576	4.04480028	4.10005999	4.16102648	4.22203827	4.27761030	4.33801126	4.38855314	4.44173956	4.51328278	4.62210464	4.78236151	4.97045994	5.16521740	5.37170839	5.62127542	5.92854118	6.25525141	6.58943415	6.88420343	7.05776405	7.35982037	7.64586306	7.77568579	7.81112242	8.01604462	7.90349627	7.48365784	7.07072115	6.78351212	6.54548836	6.37868023	6.24583101	6.11756992	5.97407341	5.80506325	5.62524939	5.44249392	5.25097799	5.04721308	4.83003664	4.63051081	4.47027206	4.35109854	4.26982832	4.21835709	4.23310947	4.27824736	4.33478117	4.39796782	4.47730923	4.56333685	4.60396624	4.63632822	4.68648338	4.76941872	4.82391310	4.83698797	4.82983112	4.81850767	4.81396389	4.79242182	4.75133801	4.68428183	4.60181475	4.53148603	4.52235460	4.57155466	4.60628080	4.57813406	4.46312046	4.45162058	4.49169922	4.53729153	4.58936167	4.69590569	4.60252857	4.54915476	4.51021290	4.42329597	4.18915701	4.21218252	4.55544901	4.89915609	5.06170273	4.99968863	4.90387917	4.85758162	4.85778618	4.91738796	5.06519508	5.23344088	5.37572145	5.50453854	5.62448835	5.73226213	5.89199305	6.06967640	6.20719910	6.29327059	6.36341953	6.55175257	6.67647505	6.73051214	6.70834875	6.60602808	6.52462387	6.45167303	6.34845686	6.20480061	6.03907108	5.92441702	5.80813646	5.67238617	5.50411940	5.29508209	5.08876181	4.92556095	4.82000399	4.76608372	4.73725986	4.73468590	4.72426319	4.70441914	4.68554497	4.69000053	4.70511627	4.73244286	4.76771641	4.80231428	4.82325697	4.86544275	4.91732454	4.96628571	4.99377632	4.97531509	4.94805479	4.94417286	4.97483063	5.03252745	5.09109879	5.10558224	5.11834288	5.11401463	5.08588791	5.03591299	4.98378992	4.92190409	4.86333847	4.82361555	4.82069492	4.82126665	4.82796860	4.83436775	4.83486843	4.82471418	4.79302502	4.77561045	4.76393795	4.75232601	4.73793602	4.71565914	4.67847681	4.62587786	4.57072020	4.53922749	4.54114580	4.57100248	4.60425520	4.62599754	4.63095570	4.61455011	4.59061861	4.56088543	4.53298473	4.52046490	4.51084185	4.49586964	4.49089861	4.50129986	4.52247381	4.53062677	4.51498795	4.48210573	4.44291973	4.41276264	4.39051342	4.37903738	4.37104464	4.36221027	4.35117340	4.32876396	4.29738951	4.27238798	4.25513077	4.23302174	4.21826982	4.21365166	4.23189354	4.27233934	4.32094908	4.37716866	4.40691710	4.42409992	4.42682600	4.39741087	4.33764791	4.29216003	4.26750994	4.26874638	4.29940462	4.32931852	4.34075022	4.34704542	4.35768986	4.37831068	4.38065767	4.37560940	4.36361170	4.33933592	4.29167700	4.27343988	4.23725080	4.17267942	4.09629059	4.05164480	4.07267332	4.09247303	4.09472370	4.08031511	4.06734371	4.07399178	4.06360912	4.04790640	4.02951574	4.00199366	3.98992276	3.97385263	3.95044565	3.92428780	3.90788960	3.89810586	3.85941744	3.82969475	3.82208371	3.82500815	3.80271673	3.75734401	3.71356964	3.69211221	3.70972800	3.71331143	3.67587996	3.65010738	3.65947270	3.69825888	3.74705982	3.80168223	3.83954740	3.86795139	3.92406368	4.02683020	4.13678265	4.46659994	5.16222811	6.30287790	6.90459490	6.65565681	5.83922911	4.75405455	3.71445966	3.52761197	3.44613743	3.39017510	3.34804273	3.37623549	3.41522908	3.43132973	3.44124818	3.45157599	3.45878053	3.46173477	3.46224618	3.47776175	3.50763512	3.53312778	3.54626727	3.56470442	3.57482862	3.57928467	3.59697223	3.62436438	3.64534760	3.67003322	3.70279026	3.74224782	3.75328732	3.73850107	3.71212077	3.69048762	3.69205308	3.69157863	3.69082785	3.69866371	3.71456647	3.72863507	3.75192285	3.78082013	3.79334474	3.78458858	3.76671696	3.77156448	3.78946185	3.81219316	3.83323479	3.84775329	3.84745717	3.83202505	3.79603720	3.74450684	3.69287586	3.66212535	3.64735436	3.65094590	3.66945410	3.69360590	3.72344971	3.76038623	3.79568005	3.81914496
-66.0000000	3.77346396	3.81049371	3.83641291	3.86197734	3.89264035	3.92855120	3.95610499	3.97697687	3.97836447	3.95493793	3.90883756	3.86667347	3.81527638	3.75783706	3.70376778	3.66870332	3.64404845	3.62688494	3.62546158	3.63879204	3.65665388	3.65036941	3.62920451	3.60805321	3.59644222	3.59853220	3.60511923	3.60037851	3.60896921	3.63773775	3.67571712	3.73330712	3.82183838	3.92888618	4.04175663	4.14748430	4.24880219	4.36116600	4.49700594	4.66198015	4.85498190	5.11530876	5.42949438	5.76156139	6.08542681	6.38490486	6.70290661	6.94882965	7.03634644	6.85313797	6.26089764	6.50828505	6.78154802	6.85949659	6.92156506	7.54781580	7.59213591	7.05575895	6.45641375	6.01139641	5.63757420	5.35967159	5.18627882	5.05612040	4.93079281	4.79476357	4.66197252	4.55649090	4.46934748	4.38649178	4.28879118	4.11901617	3.98245788	3.88545632	3.83115363	3.81949425	3.86147237	3.92822385	4.01321220	4.11065388	4.21552086	4.30012465	4.35079908	4.38251066	4.40238380	4.40969896	4.41937685	4.39037895	4.33565283	4.27359629	4.22805262	4.24815178	4.26246357	4.21886015	4.11598206	4.00323868	3.96338582	4.01243448	4.01794577	3.84478235	3.35511017	3.21309185	3.31912827	3.42954302	3.54195833	3.89529657	4.20290232	4.31198549	4.18097830	3.80654716	3.22358799	3.20332050	4.05633450	4.95872116	5.38041592	5.08519888	4.82908964	4.77185726	4.83384466	4.95071650	5.07346487	5.12441063	5.21100044	5.41698980	5.74476290	6.11533403	6.34914780	6.43079042	6.36964226	6.11901617	5.57615757	5.80918980	6.03630877	6.07999706	5.92513847	5.71901894	5.52689552	5.38597822	5.24462366	5.07647181	4.88044357	4.82640505	4.84788609	4.89404392	4.90748215	4.82424784	4.74913073	4.67148733	4.61506701	4.59027052	4.59415293	4.60917997	4.62004089	4.64335394	4.69310617	4.78065443	4.86345100	4.94636869	5.00494194	5.03078651	5.03160000	5.03558159	5.04664183	5.06226969	5.06999254	5.04737139	5.03426838	5.03342772	5.04907560	5.08651304	5.15211678	5.20020723	5.24507809	5.26436901	5.25413561	5.22884655	5.18651295	5.10759354	5.01199532	4.92676878	4.88611269	4.87261057	4.86455536	4.85514212	4.84706306	4.85250950	4.87224960	4.90569925	4.91779613	4.89624071	4.85149240	4.84782457	4.82900429	4.78969526	4.73630428	4.68697596	4.63967419	4.61217690	4.59298658	4.57914019	4.57620144	4.56315756	4.53345966	4.50006294	4.47488785	4.46881819	4.48105049	4.47875929	4.47446966	4.48150253	4.51398087	4.54800034	4.55515337	4.53114557	4.48737288	4.45092344	4.41591358	4.38275909	4.35875177	4.34525681	4.33770847	4.30351925	4.26289940	4.22279787	4.19004774	4.17136192	4.14944315	4.12096310	4.10340691	4.10615063	4.13046694	4.20959282	4.27815962	4.33705282	4.37724447	4.37979555	4.34255695	4.28449202	4.22765303	4.19194603	4.19513083	4.22531891	4.24330711	4.26450777	4.29396200	4.32633734	4.39171028	4.41772604	4.42702627	4.42785501	4.41406202	4.40250683	4.39042330	4.35433006	4.29425192	4.23371935	4.24854708	4.28619003	4.29463959	4.25699377	4.19145870	4.16982651	4.14983654	4.14300060	4.14737844	4.14757776	4.12020206	4.10491753	4.07929468	4.04675102	4.03654432	4.03146076	3.99182057	3.95134282	3.92352390	3.90163732	3.85758972	3.81662679	3.79007292	3.78342175	3.79633832	3.80142283	3.77976727	3.76819396	3.78561425	3.83302712	3.90158439	3.97148800	4.07876682	4.24224949	4.46356630	4.70840073	5.10073042	5.81418896	6.66996765	7.13680983	6.29418707	5.41226196	4.64660645	4.05212641	3.58305526	3.52436042	3.47914529	3.43302083	3.38813281	3.36315966	3.36480784	3.37042952	3.38378239	3.40285778	3.41988373	3.43107438	3.42805600	3.42279506	3.42280746	3.43115687	3.44896245	3.46920490	3.48924947	3.50824857	3.52714062	3.53085208	3.53990364	3.54274225	3.53702116	3.52959657	3.50706506	3.48622870	3.47337294	3.47384262	3.49204230	3.49198914	3.49053717	3.49447322	3.50872135	3.53634191	3.56755280	3.59702897	3.61031222	3.60506201	3.59105396	3.57213092	3.57184672	3.58104229	3.59430575	3.60997081	3.60679388	3.59194827	3.57319498	3.55504656	3.53876591	3.53755355	3.54067898	3.54726601	3.55672956	3.56877327	3.60554242	3.63903618	3.67587781	3.70683980
-67.0000000	3.73771048	3.77342892	3.78701353	3.79321337	3.79695940	3.79336572	3.79431987	3.79683042	3.79817271	3.79695296	3.79310393	3.76581168	3.71236610	3.65700340	3.61096978	3.57252264	3.54107571	3.52054000	3.51413512	3.52148342	3.53861165	3.51867318	3.48498082	3.45988226	3.44845653	3.43850899	3.43963790	3.44516945	3.46711993	3.50819945	3.56180787	3.64584374	3.76430035	3.89248657	4.01733208	4.13738966	4.25561285	4.42242432	4.65921783	4.95847702	5.28378201	5.54885912	5.81351233	6.09462547	6.39039087	6.68030310	6.78394842	6.80795717	6.47397709	5.70401049	4.62041807	4.83769608	4.92746353	4.85703230	4.82739210	5.27321434	5.55224037	5.12874508	4.58049440	4.15754700	3.78225112	3.46369243	3.26557946	3.11639333	2.97360063	2.82365918	2.75598335	2.82222748	3.00730062	3.26094127	3.49771786	3.51315594	3.47211790	3.39775705	3.33273220	3.33920646	3.42825365	3.52209139	3.59698510	3.66416407	3.76981926	3.75775456	3.68918037	3.64715266	3.66127849	3.70771790	3.65156245	3.52284122	3.35956550	3.19713974	3.06836486	3.16612887	3.26405859	3.28760433	3.21932960	3.09891391	3.10430837	3.20901465	3.23175550	2.99887943	2.34436107	2.13898706	2.22475672	2.34463215	2.50501060	2.97572351	3.99562049	4.30702734	4.02686739	3.37422943	2.67036986	2.63786721	3.45201492	4.59141731	5.36423683	4.90819263	4.51193142	4.45340252	4.50766706	4.48856354	4.24870300	3.91029668	3.80466771	4.08784389	4.69246149	5.32777071	5.77309227	5.72479439	5.45190287	4.95555258	3.96898770	4.06103325	4.30047369	4.37714434	4.24308300	4.11252975	4.03712702	3.97237015	3.88713574	3.77360249	3.64725184	3.69939804	3.85175800	4.02787971	4.15570641	4.16757727	4.10646391	4.10129070	4.11018419	4.12585878	4.17561436	4.24680567	4.34775162	4.48051405	4.64311361	4.82953072	4.99794722	5.14628363	5.25819159	5.32595587	5.35049963	5.30653954	5.25397253	5.21384907	5.19063711	5.17222309	5.16010046	5.15504932	5.16318130	5.18853426	5.23306942	5.25677967	5.28157663	5.29534578	5.29419756	5.28247070	5.24473524	5.16710758	5.08638620	5.02167130	4.97435856	4.92432737	4.87889290	4.82715845	4.77248144	4.73247719	4.74653912	4.78376150	4.81170702	4.81536961	4.79717588	4.81290150	4.82287788	4.82145166	4.79605627	4.72720909	4.65225172	4.58347225	4.52085733	4.47031593	4.44368219	4.39370298	4.34284496	4.30576944	4.28850794	4.28846407	4.30850983	4.32070017	4.31943274	4.31616640	4.33942032	4.36477518	4.36651421	4.35047388	4.32957745	4.32383633	4.30192995	4.29303980	4.28376293	4.27045155	4.25921535	4.24176741	4.20362377	4.16032839	4.12507153	4.10868979	4.07842779	4.04234505	4.00367260	3.96982431	3.95239735	3.99390745	4.03640604	4.07600880	4.10998297	4.13674831	4.15100288	4.14022112	4.11608505	4.09231758	4.08468437	4.08666325	4.08187437	4.08150053	4.09715557	4.14088058	4.23217821	4.30427694	4.34889984	4.36541367	4.36083031	4.35838223	4.36996794	4.37973166	4.37645245	4.35354042	4.37447166	4.41673088	4.41489077	4.35505867	4.27487946	4.24149323	4.21916580	4.21358013	4.22803211	4.26342392	4.24970818	4.22607136	4.19079494	4.14955473	4.11541748	4.06259155	4.01431179	3.97733784	3.94680834	3.90624285	3.88808393	3.90035868	3.92001963	3.92805696	3.90949750	3.92128539	3.91729975	3.91733408	3.94324303	4.01894569	4.12065029	4.23457289	4.39847660	4.63968229	4.97507143	5.62811184	6.41073275	7.09305716	7.38346291	6.92858076	5.84947681	4.84613752	4.23789930	4.02836943	3.90542340	3.70491076	3.52881145	3.39469743	3.30921030	3.26806092	3.24229550	3.22478318	3.22229099	3.23678088	3.26541233	3.29748607	3.31201315	3.30622149	3.28896832	3.28073764	3.28312325	3.30303192	3.33451581	3.37043118	3.40243626	3.41889977	3.41820812	3.39748144	3.35679436	3.29917955	3.25650954	3.23350930	3.23281074	3.24859190	3.26657796	3.27217364	3.26360941	3.26066685	3.26925659	3.28141856	3.28699660	3.29784870	3.31225634	3.32816482	3.34318161	3.33984756	3.33204150	3.32989597	3.33620071	3.34640360	3.35620737	3.36891198	3.38741231	3.41136050	3.43716455	3.46018648	3.49052548	3.52595758	3.56066012	3.58521676	3.60704589	3.62721920	3.65539122	3.68293405
-68.0000000	3.80320048	3.81693220	3.81738114	3.81664348	3.81612253	3.80652571	3.80666256	3.81715035	3.83030963	3.84281492	3.85569239	3.83110905	3.78319693	3.72070098	3.65467978	3.59850669	3.55890203	3.50929332	3.46477199	3.42933822	3.39590263	3.37728667	3.36431408	3.36109424	3.36717629	3.37754750	3.38956547	3.41329765	3.44462538	3.49127007	3.57279229	3.71437335	3.85824251	3.98263574	4.12493706	4.38168383	4.56326485	4.72590828	4.85441685	4.89063597	4.73345089	4.63102198	4.87665033	5.43110323	6.09065104	6.48706341	6.44032097	6.21737146	5.61975145	4.69086027	3.71595836	3.38115764	3.08050966	2.79989290	2.59061766	2.56942534	2.72628546	2.65028763	2.50153661	2.34450269	2.14802074	1.97376609	1.84058332	1.73998785	1.66862774	1.62828493	1.72391415	1.99018764	2.29209208	2.56708765	2.82510972	2.97230268	3.00465131	2.95498610	2.91323829	3.02643943	3.09556198	2.95497680	2.76863718	2.72148442	3.01944947	3.13947725	3.06258726	2.95638537	2.93068719	3.03751993	2.95405936	2.75525260	2.50092602	2.24360609	2.02851868	1.97535682	1.98331308	2.00130820	1.99771142	1.96033990	1.98837161	2.08390665	2.11188078	1.96292877	1.55338347	1.36291194	1.35000682	1.39022791	1.47971392	1.73518205	2.39737701	2.71317649	2.74374390	2.56759548	2.28060484	2.26461458	2.59875631	3.18062687	3.69859886	3.63182044	3.52886510	3.58236146	3.63520479	3.55078626	3.21299410	2.84298348	2.59845090	2.63968658	2.94309783	3.30120778	3.65044379	3.75184131	3.69796181	3.43529463	2.76425576	2.40557504	2.33237839	2.31355166	2.24816680	2.16548157	2.14131546	2.15054464	2.19275594	2.27790141	2.42629957	2.61407757	2.79088545	2.98800826	3.21925855	3.48097658	3.55471373	3.54495668	3.54568696	3.62995267	3.84986949	4.00050068	4.10511684	4.22087765	4.40278244	4.70367289	4.84372234	4.96374893	5.08742094	5.21053123	5.30099583	5.32633972	5.33597422	5.33834124	5.33922768	5.34176302	5.36921644	5.39964247	5.43105364	5.44934177	5.42828131	5.38774872	5.33758307	5.29484606	5.26130152	5.22341204	5.17265272	5.10056162	5.02584982	4.96081352	4.91133261	4.84736776	4.78372669	4.71928167	4.65280247	4.58295727	4.54428053	4.53097105	4.52624226	4.52087116	4.51320219	4.53846550	4.56142282	4.58203697	4.59223557	4.57590818	4.53109217	4.47032452	4.40148878	4.33577108	4.28766060	4.22221708	4.15427446	4.09859705	4.06791687	4.07293701	4.08685827	4.10461712	4.11125469	4.10610867	4.10281801	4.10388756	4.09352064	4.08676672	4.09060717	4.10395527	4.11086559	4.12628365	4.13975477	4.14180851	4.12396193	4.11854649	4.10633039	4.09592056	4.08434963	4.05707407	4.01019859	3.96235466	3.92011356	3.88750505	3.86601758	3.84188080	3.83804107	3.84924459	3.86742783	3.88171864	3.89061069	3.91860104	3.94253612	3.95083594	3.94349504	3.94239640	3.92007375	3.89355254	3.87862921	3.88986850	3.95723271	4.03176403	4.09678698	4.14313698	4.16915894	4.16991138	4.16736984	4.16799068	4.17591333	4.19295645	4.24619675	4.29407310	4.30533981	4.27265882	4.21259880	4.18072414	4.16400671	4.16431522	4.18459845	4.22888088	4.25353241	4.23580074	4.18245602	4.11093760	4.04935694	4.01323652	3.98231912	3.95205450	3.91610074	3.86632538	3.83275557	3.83910418	3.86560416	3.89067864	3.89093828	3.95287728	4.01823378	4.07545996	4.12675381	4.18806267	4.43091679	4.88014460	5.28624296	5.57926416	5.86881876	6.16934633	6.37389278	6.93600130	7.64035702	7.60278463	6.39822245	5.28961229	4.70210361	4.55351973	4.25435543	3.80091262	3.46910763	3.25885630	3.14624667	3.08354092	3.05480456	3.02592087	3.00882435	3.00844979	3.02273273	3.05873179	3.07716131	3.08216238	3.07788563	3.06849241	3.07200670	3.09744120	3.13706350	3.17986178	3.21154404	3.23695469	3.24204445	3.22526765	3.18745565	3.13181663	3.08566928	3.05415893	3.03790522	3.03647399	3.04837871	3.05996966	3.06398249	3.06371856	3.06239319	3.06313205	3.05202341	3.04126883	3.03991532	3.05192113	3.07615852	3.11082935	3.12877631	3.14017892	3.14974713	3.15672135	3.18631983	3.22385454	3.27943254	3.35119724	3.42533112	3.48419309	3.54417753	3.60541916	3.66322064	3.70805335	3.73809814	3.75728965	3.76945043	3.77601171
-69.0000000	3.81726050	3.80968237	3.80063081	3.79342771	3.79130340	3.79739738	3.81777120	3.83313251	3.83158779	3.81032777	3.77562547	3.68792009	3.59637380	3.49608135	3.40471292	3.36251235	3.30938840	3.28194404	3.26837230	3.25184631	3.21051979	3.19698715	3.18261647	3.17366290	3.17714667	3.20085669	3.25400996	3.32270885	3.36477089	3.34646535	3.24251390	3.23038340	3.45764422	3.82645392	4.24657297	4.63535929	4.92702198	4.83212662	4.54919243	4.09983635	3.32877517	3.06941390	3.08117366	3.35763955	3.74362326	3.93516469	3.91056037	3.82011867	3.56454206	3.10058713	2.44106770	2.02489257	1.79530108	1.61018407	1.42016828	1.26861668	1.21522427	1.19012678	1.17543912	1.15346873	1.10671651	1.08031046	1.05879390	1.06542611	1.11784279	1.22805631	1.41385508	1.76669991	1.99969876	2.07010818	2.17933416	2.26930094	2.28489590	2.24100089	2.22810125	2.41228366	2.39960122	2.14844131	1.88879418	1.79488671	1.98518384	2.11132550	2.12272644	2.06481290	1.98833954	1.94938958	1.88147485	1.76481915	1.62248814	1.47353220	1.33298624	1.23015618	1.17163277	1.16747105	1.20434153	1.24553025	1.28967988	1.34318566	1.36370361	1.32471514	1.21552718	1.11591101	1.05318320	1.02234602	1.02336991	1.06119347	1.16645575	1.26808250	1.38427675	1.51813185	1.65763092	1.69213283	1.69383168	1.72995818	1.81156468	1.89352548	1.96807241	2.04884958	2.08198571	2.02918625	1.86772990	1.70914114	1.58941424	1.55200934	1.59497416	1.67094266	1.77452958	1.89944780	1.97700655	1.94846249	1.76501942	1.52751637	1.38449216	1.29403007	1.22831881	1.17365301	1.14688003	1.12803948	1.15431762	1.24885082	1.42072606	1.56263232	1.68258679	1.83307242	2.07019401	2.45367861	2.76045084	2.84170246	2.87581921	2.99673510	3.29393172	3.51064181	3.54619575	3.55322266	3.62483764	3.79464030	3.91432881	4.04178858	4.21240807	4.41630888	4.59834909	4.72241306	4.74827385	4.77745914	4.83269310	4.85789824	4.87773180	4.90321732	4.95837450	5.03183556	5.07684803	5.11152840	5.08347178	5.03295517	4.97449017	4.89682055	4.82935476	4.76368952	4.70145893	4.64291763	4.58693886	4.53973579	4.49166965	4.43964481	4.37743378	4.29567528	4.23368788	4.19682264	4.17596912	4.16525698	4.16205835	4.15812016	4.15660095	4.16105795	4.17185879	4.18618584	4.21544743	4.22537184	4.20376873	4.15539074	4.10193348	4.05239105	3.99165916	3.92655158	3.86909771	3.83654594	3.84252405	3.86766481	3.88572359	3.88386869	3.86267900	3.85427999	3.85151339	3.85307860	3.86137557	3.88250446	3.90212512	3.92985773	3.94780183	3.94548202	3.91984820	3.89857554	3.88451695	3.88307190	3.89049602	3.89390397	3.88620234	3.86214423	3.83628988	3.81407332	3.79180169	3.75536418	3.73118043	3.72071147	3.72068882	3.72311711	3.72990179	3.75693822	3.79720449	3.83119822	3.82693696	3.82508540	3.80592799	3.77436733	3.74280977	3.73116207	3.75881314	3.79967570	3.83981991	3.86998558	3.88558388	3.88226271	3.88988829	3.89154267	3.88905358	3.90299368	3.94856977	3.99053025	4.02755737	4.05177355	4.04874372	4.03199625	4.00016260	3.97750998	3.98220396	4.02630901	4.04948044	4.04699564	4.02285862	3.98011446	3.92084718	3.88913727	3.87233210	3.86013460	3.84233832	3.80882788	3.77867007	3.77764726	3.78413630	3.78821850	3.79168320	3.86442304	3.97031832	4.07668972	4.16368055	4.22426033	4.43244076	4.83489799	5.36051846	5.92874146	6.44955111	6.16292572	5.77826405	6.29738188	7.44618607	7.67467070	6.37915468	5.10142899	4.49018383	4.48625660	4.32262897	3.86236548	3.44974208	3.17057323	3.03148985	2.95993829	2.92975569	2.89481139	2.86725760	2.85197949	2.84659672	2.86721063	2.88145256	2.88918114	2.89069700	2.88674045	2.88946557	2.91230869	2.93999076	2.96427202	2.98395228	3.00317764	3.00449371	2.99306154	2.97100544	2.93741298	2.91214967	2.90038443	2.89249372	2.88717484	2.89144421	2.88204575	2.87096119	2.86808920	2.87238622	2.87186623	2.87230587	2.87455726	2.88123584	2.89856505	2.93637586	2.97549605	3.01795602	3.06047559	3.09966302	3.13201499	3.19918394	3.28988671	3.40152073	3.52528930	3.64619756	3.73873425	3.80265379	3.84815669	3.88080120	3.90150070	3.90285897	3.88196039	3.85336208	3.83170342
-70.0000000	3.63461256	3.49643683	3.43764901	3.44788361	3.50178766	3.55901980	3.53079629	3.41568470	3.29511762	3.22271204	3.22426963	3.18120146	3.11207795	3.02696705	2.94771457	2.90794396	2.94561338	3.03589869	3.07380629	3.01463962	2.87399936	2.83647251	2.82490659	2.84162402	2.89485288	2.99872732	3.09213066	3.09090781	2.99601722	2.84482002	2.71107936	2.49837446	2.52141023	2.95459700	3.68333650	4.30402136	4.59176683	4.47857285	4.13850498	3.61166883	2.80421233	2.19870281	1.79346204	1.58539450	1.52691424	1.52594566	1.49982572	1.48751736	1.46735871	1.40820432	1.26942503	1.13233459	1.03726101	0.970638454	0.912459493	0.836274922	0.754996896	0.691665649	0.648793221	0.626653671	0.623282731	0.635116398	0.643096268	0.666211963	0.724177957	0.837433398	0.974517584	1.19436944	1.32122540	1.36570728	1.52482164	1.62724531	1.56163919	1.48946142	1.59219503	2.07134914	2.15315056	1.98353064	1.66830051	1.33694804	1.14263678	1.08097434	1.05432570	1.03757548	1.01842868	0.997411013	0.984760642	0.959702909	0.923624814	0.878469229	0.826734781	0.791471958	0.764896393	0.761415362	0.781237662	0.810373604	0.847500205	0.868698359	0.881088555	0.886417925	0.881060898	0.872404456	0.866743505	0.868053555	0.876512468	0.888501227	0.860323310	0.828822911	0.820321321	0.853751004	0.940655768	1.02597928	1.05505180	1.04872358	1.03154433	1.03176415	1.04561520	1.05233264	1.04088449	1.00713897	0.953864455	0.897922218	0.859966397	0.842854500	0.845831811	0.864531755	0.888382852	0.930694938	0.965548635	0.978264332	0.965402424	0.936797380	0.904026926	0.869528472	0.833880067	0.795800149	0.786825657	0.782521486	0.791198730	0.823755383	0.893676400	0.960095406	1.01812208	1.09227312	1.21173346	1.41035604	1.61886692	1.72594309	1.79243720	1.88094628	2.05581117	2.19708729	2.27089286	2.30793738	2.31860924	2.29297829	2.36046314	2.63208652	3.04506016	3.46795487	3.70069933	3.70519257	3.67480111	3.66715789	3.65167618	3.50954747	3.49533820	3.56205034	3.80099773	4.13350296	4.31089544	4.44751883	4.47802162	4.47390842	4.45742178	4.40154171	4.34216833	4.28788996	4.23302841	4.17522669	4.11545372	4.06879282	4.02807236	3.98051238	3.92427969	3.86848783	3.79438686	3.76560116	3.76213646	3.77228785	3.79263830	3.78350949	3.78783464	3.79893827	3.81138420	3.82097673	3.87336540	3.90101171	3.89537573	3.86220717	3.82154274	3.78455186	3.75230145	3.71858644	3.68395352	3.65570211	3.63355947	3.62209225	3.61757874	3.61462235	3.60615182	3.60279417	3.60074711	3.60257721	3.61344838	3.64112544	3.67247057	3.70422411	3.72840285	3.74086714	3.74132156	3.74217486	3.72455692	3.71869087	3.73412895	3.75975347	3.80470634	3.81724811	3.81557417	3.80664325	3.78617573	3.76177263	3.73443294	3.71732593	3.70936179	3.69519019	3.67152810	3.67350984	3.68919969	3.70726657	3.71698642	3.70908356	3.68712735	3.65984559	3.63820267	3.63539815	3.63109398	3.63543057	3.63933372	3.63789916	3.63039565	3.59921122	3.56793547	3.54535913	3.54077482	3.56397796	3.61122608	3.66604328	3.73532343	3.81286526	3.87937331	3.89671731	3.90738177	3.91607118	3.93078899	3.96283293	3.99794412	4.02721357	4.03369713	4.01047373	3.96064639	3.91410470	3.87365031	3.83992934	3.81529999	3.80383158	3.77969623	3.75782514	3.74183941	3.73388338	3.73462629	3.76584029	3.82686901	3.90141940	3.96792507	3.99954820	4.00997019	4.19669008	4.73300695	5.47130585	5.94305801	5.52438354	5.21360493	6.03101826	7.45335722	7.41379738	5.68780947	4.68890285	4.21736002	4.07744169	4.07739258	3.81974506	3.50072122	3.20663881	2.99393010	2.88914204	2.85949492	2.82289648	2.77713799	2.73196697	2.70908618	2.70828605	2.70407462	2.69084907	2.67334843	2.66665435	2.67294264	2.68649054	2.69813371	2.70622277	2.71662283	2.73564267	2.74585843	2.74649715	2.73923278	2.72818208	2.71215391	2.71219969	2.71631956	2.72390890	2.74575996	2.74982619	2.75038385	2.75332665	2.75884962	2.76144695	2.76578760	2.77665234	2.79961181	2.84106469	2.90823674	2.98610806	3.06530452	3.14549923	3.22694635	3.31048107	3.43011427	3.55141807	3.67761874	3.81467605	3.97128701	4.02874470	4.06285810	4.09296751	4.12495184	4.15123320	4.09063005	3.96350479	3.84972787	3.79103732
-71.0000000	3.10710859	2.54012275	2.49022508	2.65655041	2.84217787	2.95412779	2.83875179	2.63720131	2.46278358	2.38350201	2.42205715	2.42277050	2.41285610	2.39741397	2.37981915	2.36172366	2.63363242	3.02161121	3.25648093	3.20298672	2.85979867	2.76796627	2.76807046	2.76501131	2.73491549	2.72513509	2.66351461	2.47678089	2.27462745	2.16203070	2.23924804	2.00582027	1.73139453	1.65444887	1.83515561	2.15538168	2.53742313	2.75457621	2.79979014	2.63390231	2.18563938	1.74539900	1.46154165	1.26950967	1.13111818	1.03455460	0.979318857	0.936948836	0.907208443	0.882956386	0.850145400	0.780118108	0.701730251	0.635472476	0.588255644	0.553410530	0.522690237	0.495707124	0.478982717	0.477632672	0.495366901	0.509750962	0.515541732	0.536923528	0.588491142	0.675250649	0.726745844	0.753085673	0.764334738	0.802968562	0.943873644	0.897120893	0.880926192	0.897424281	1.00125122	1.29954457	1.33998299	1.23481548	1.09820294	0.987108827	0.901299179	0.854514182	0.819380105	0.794814348	0.777636945	0.762570858	0.747801363	0.731286824	0.709229171	0.681890070	0.653590143	0.656299233	0.650320947	0.638962328	0.631229877	0.641828954	0.660683692	0.665241897	0.666453242	0.668371916	0.668156624	0.673345566	0.683595538	0.695800245	0.708630562	0.722533882	0.706011474	0.680536091	0.653292835	0.629883230	0.614324808	0.641834021	0.681210876	0.710340142	0.720259666	0.715159595	0.721348226	0.719754040	0.710169137	0.695218146	0.680357814	0.655235112	0.627483189	0.606071770	0.596010685	0.598349452	0.605289817	0.609034598	0.611776054	0.614965856	0.619315684	0.633789062	0.646000981	0.646360755	0.632648647	0.610014975	0.610401571	0.612897635	0.618380845	0.628236830	0.644360006	0.669585705	0.698000431	0.732808173	0.778924406	0.842976511	0.934054315	1.01321709	1.07222819	1.11875355	1.17636192	1.24166548	1.28988969	1.30981243	1.29517388	1.24467778	1.24530399	1.31166446	1.52575076	1.89427984	2.34869504	2.38754821	2.32524824	2.31801915	2.35905051	2.27850056	2.32692313	2.52360439	2.84634948	3.15109038	3.17188525	3.42312789	3.56982541	3.65673542	3.69902253	3.68225741	3.67165160	3.66665626	3.65734935	3.64095140	3.62181973	3.58357525	3.53476477	3.47962976	3.42272520	3.36891723	3.32426834	3.30392265	3.30245423	3.31947184	3.35961604	3.38141418	3.39835978	3.40874982	3.41255569	3.41142321	3.44097519	3.47059655	3.48044658	3.46988368	3.45746207	3.43788290	3.40832424	3.38131404	3.36602187	3.36825848	3.36181855	3.35654140	3.35445786	3.35235643	3.34178114	3.33998394	3.34862018	3.36881113	3.39682961	3.42410016	3.43582368	3.46509695	3.49946785	3.53098011	3.55617404	3.58032703	3.59853482	3.62786126	3.67152691	3.71891022	3.75903344	3.76798201	3.76048374	3.74222660	3.70986223	3.68066645	3.65847826	3.64722133	3.64626741	3.65043640	3.64376211	3.64460468	3.64930844	3.65519571	3.66056728	3.64791679	3.62346935	3.60017419	3.58225155	3.56518912	3.55110192	3.52220726	3.49371481	3.46637702	3.42648864	3.38406777	3.34160924	3.30855250	3.29132152	3.29332614	3.33904910	3.41953945	3.54609656	3.70039082	3.83446622	3.88257098	3.97453070	4.05046225	4.08462620	4.08542776	4.10871267	4.11811018	4.11409426	4.09637690	4.06390905	4.01168585	3.93903422	3.86467886	3.80252719	3.76167345	3.74233794	3.71909499	3.69781542	3.68549609	3.69025755	3.71620655	3.70492935	3.70385695	3.73649240	3.80241132	3.79931402	3.88116693	4.26436377	4.83628845	5.15531683	4.74307728	4.69990540	5.60390663	6.72354412	6.01764250	4.53307581	3.81314087	3.53271222	3.48398948	3.57650042	3.61525464	3.44102478	3.19606805	2.97447824	2.82218647	2.76701331	2.72019386	2.67175317	2.61856580	2.56435823	2.53667617	2.50248957	2.46995354	2.44731569	2.44291615	2.44863820	2.45747137	2.46853948	2.48121142	2.49510074	2.51918602	2.54184675	2.56284165	2.57978678	2.58815455	2.58712959	2.60102630	2.61678481	2.63135982	2.65172076	2.66443539	2.65593839	2.65517354	2.66704440	2.67241549	2.67817235	2.70287418	2.75221610	2.82737803	2.92502618	3.03345847	3.14653826	3.26774621	3.39696336	3.53047395	3.63010669	3.64583826	3.64965463	3.73195124	4.00153685	3.98575377	3.92397761	3.99970150	4.20037031	4.31738234	4.30844355	4.18781376	3.98932481	3.80998635
-72.0000000	2.51095366	1.84902203	1.64830160	1.74713159	1.97670400	2.16106296	2.19923711	2.15645123	2.05310035	1.92375529	1.81716180	1.80030656	1.87173212	1.93993855	1.93021166	1.78462374	1.83547068	2.05795431	2.24080348	2.25609159	2.05923605	1.89808345	1.80773115	1.79087758	1.86043906	2.03955054	2.14139318	2.12829232	2.00980115	1.83022559	1.66862392	1.47257447	1.23646629	1.02596366	0.889931321	0.860434771	0.934598029	1.00189042	1.04978859	1.07272112	1.07206929	1.04802585	1.01187658	0.958466232	0.887740672	0.804747462	0.737273872	0.676767528	0.626077771	0.585734963	0.553950250	0.529649734	0.503758132	0.473874182	0.440508068	0.407081157	0.399628043	0.400532752	0.402692050	0.404747069	0.411083668	0.423320621	0.441750646	0.468089223	0.503029048	0.546239436	0.520483255	0.493170798	0.527798593	0.642882884	0.811960101	0.722253799	0.669298291	0.616700530	0.575020611	0.601771712	0.616764307	0.615484238	0.606730044	0.599265993	0.601822495	0.610729158	0.623698890	0.633714616	0.636959255	0.632815897	0.617982447	0.598045170	0.578052223	0.560575187	0.545708895	0.542236090	0.539978385	0.536028862	0.530374825	0.525898516	0.525144637	0.525592566	0.527859509	0.530937195	0.532192588	0.532520413	0.533662915	0.534004748	0.533528268	0.533813715	0.532209635	0.528097391	0.520482779	0.508051455	0.489169687	0.472602606	0.468423784	0.472632736	0.480601311	0.487074077	0.493382126	0.501367629	0.505639434	0.504569113	0.500291169	0.492256403	0.480966985	0.465457231	0.448895127	0.438582420	0.445522487	0.451134980	0.452350259	0.450130850	0.449470967	0.458207488	0.468221545	0.478412241	0.486591130	0.489482552	0.482357383	0.473552138	0.468150228	0.470077038	0.482099563	0.492152542	0.505659938	0.521489859	0.539050639	0.558290184	0.578975797	0.604862928	0.630442739	0.653356791	0.674396694	0.717574835	0.766083479	0.801155984	0.810029924	0.785946846	0.750090837	0.743987441	0.790230155	0.899336994	1.06975019	1.19740188	1.30896497	1.38818717	1.44731700	1.52710402	1.69927514	1.73569286	1.78065348	1.89570475	2.05964541	2.43934774	2.70653892	2.89194369	3.01581049	3.08791208	3.08970547	3.11403513	3.13538742	3.14550447	3.15338945	3.12454414	3.08827543	3.05383420	3.01993132	2.97473764	2.91652203	2.88732791	2.87732697	2.88526726	2.91847348	2.94507647	2.96957135	2.99335217	3.01393938	3.02497888	3.03643894	3.04978824	3.06529784	3.08188057	3.09709048	3.08360195	3.05788589	3.03792620	3.03007841	3.02907276	3.05246162	3.07476735	3.08738613	3.08966541	3.08890557	3.08118248	3.11311674	3.15837383	3.20563531	3.25860357	3.31206346	3.37770844	3.45060372	3.53025484	3.62060571	3.70382166	3.77237582	3.82866645	3.87295532	3.90337062	3.92444897	3.94291759	3.94680643	3.93426871	3.91357875	3.89697838	3.88446474	3.86333632	3.83670115	3.82347608	3.79385161	3.77364945	3.76603341	3.76363635	3.74856043	3.71307564	3.68752742	3.65381002	3.60810328	3.56087303	3.48584771	3.40983582	3.34979796	3.30625582	3.26329112	3.22616363	3.19675374	3.17461729	3.16040635	3.15586662	3.16297913	3.19840908	3.37145853	3.65814805	3.90121531	4.01277494	4.18709135	4.32708216	4.40370083	4.45593548	4.54566479	4.59235764	4.60458183	4.59482431	4.57949114	4.54559040	4.49653959	4.43379831	4.35435820	4.25074577	4.15740299	4.06465816	3.98940396	3.93145657	3.87355447	3.79163337	3.67720222	3.58621812	3.54971027	3.57377768	3.55517435	3.62440372	3.85554790	4.15811348	4.27702713	4.00381947	4.32301712	5.23971558	5.99801207	5.08101082	3.85009050	3.21098566	3.01879668	3.09254098	3.21515346	3.34037709	3.21051860	3.01982474	2.84881306	2.66427422	2.59695745	2.53395295	2.48495793	2.44530201	2.39594746	2.35683846	2.31788445	2.28262877	2.25517821	2.24020338	2.24223447	2.24899411	2.25224733	2.25733638	2.28318286	2.33066130	2.37580347	2.41504574	2.44767737	2.47583866	2.47397876	2.48692918	2.50678825	2.52862287	2.55046797	2.57028389	2.58712316	2.60913253	2.63958406	2.67687488	2.72750545	2.77995038	2.84555173	2.92451334	3.00590491	3.09412789	3.20550323	3.30072689	3.38168931	3.49147320	3.50217819	3.27938056	3.06289339	2.98294878	3.06019974	3.00765562	3.08787060	3.50325656	4.10853577	4.41073751	4.50008821	4.28076839	3.91447759	3.60669971
-73.0000000	1.85255075	1.44011116	1.07657051	0.820203960	0.685339391	0.642357349	0.647881031	0.656327546	0.661898196	0.661607385	0.655282736	0.681410074	0.725687742	0.778782606	0.829417229	0.864369750	0.925759673	1.01680207	1.06166756	1.02873456	0.930590510	0.833848357	0.722147822	0.674158692	0.730386257	0.893171370	1.06995153	1.21552563	1.25235188	1.17781174	1.06420922	0.969744444	0.875829995	0.770035267	0.659208715	0.569478512	0.534962118	0.537050724	0.551982999	0.565384448	0.572267294	0.572909951	0.563092291	0.546889961	0.524072945	0.490105599	0.455375522	0.427220106	0.405024916	0.386646241	0.368410647	0.354247302	0.344582051	0.337098211	0.331332415	0.328674495	0.328271061	0.327760845	0.329907149	0.335693806	0.344325423	0.350593746	0.365067959	0.383167207	0.402646959	0.423599035	0.400199354	0.319034457	0.289448053	0.383129597	0.634114265	0.772757709	0.712132335	0.602214813	0.520650566	0.472754270	0.466600686	0.469150335	0.467023879	0.458890855	0.455469668	0.457619518	0.458877832	0.460044444	0.460248441	0.456948131	0.438680619	0.421042025	0.409809411	0.405937999	0.405561507	0.403966188	0.402836740	0.402800709	0.401644766	0.394315124	0.389976740	0.388714284	0.390125901	0.393577218	0.398201078	0.401906729	0.403108001	0.401680410	0.398232400	0.394105554	0.391626477	0.389760703	0.386286974	0.380335450	0.372388065	0.359046876	0.344714105	0.337193191	0.338108510	0.342905015	0.346645951	0.349749595	0.350257665	0.348465443	0.346921861	0.344035983	0.339595884	0.336319000	0.333485633	0.326938808	0.319574594	0.315522552	0.314167351	0.313528895	0.310262233	0.311988056	0.317695796	0.328592956	0.343689173	0.359795898	0.355531693	0.345080972	0.337755710	0.338722974	0.349005014	0.358244479	0.369146138	0.378991902	0.386964619	0.394148022	0.398885369	0.408410877	0.424732447	0.448827267	0.480641782	0.504521012	0.524394155	0.548318326	0.578825474	0.612923145	0.638988674	0.680245399	0.739599824	0.809592307	0.872397065	0.897460580	0.934597075	1.04564714	1.25298333	1.53951073	1.76437771	1.80120170	1.81141722	1.86527133	1.94182479	2.09779549	2.23533559	2.36949587	2.48955536	2.55902100	2.56571627	2.58791733	2.62409472	2.66699481	2.70363808	2.70658803	2.69770575	2.68134499	2.65623307	2.61546946	2.59146690	2.58111882	2.57587433	2.57489872	2.58506966	2.60461259	2.62869859	2.65341496	2.67841959	2.70693994	2.71255612	2.72643089	2.75108790	2.78194213	2.80729866	2.81185460	2.80588174	2.79441714	2.78139710	2.76965570	2.79138875	2.83370352	2.88111258	2.92033362	2.94029331	2.95251632	2.99448419	3.05108666	3.11825824	3.20297599	3.28334665	3.38065195	3.49157667	3.60945153	3.72425699	3.84588242	3.93927622	4.00446081	4.04367542	4.06137753	4.08634710	4.12340975	4.13669157	4.11227179	4.05818224	4.07515955	4.11328030	4.09095621	4.04768610	4.14405823	4.07062626	3.97432470	3.92098475	3.91967463	3.92269754	3.87732053	3.82322812	3.76293349	3.70288301	3.65345383	3.59121656	3.51815867	3.43861270	3.36129665	3.29931355	3.22944522	3.19186521	3.17044091	3.15630603	3.14786172	3.14152122	3.11553264	3.20626569	3.42834306	3.67464328	3.96047473	4.21207809	4.42169857	4.58297396	4.69093513	4.80609846	4.89225149	4.96495533	5.03217554	5.09428549	5.05408525	4.97402334	4.89122772	4.84573412	4.88048697	4.68525934	4.44841099	4.34626865	4.40529394	4.50208569	4.30180311	4.13296700	4.00349760	3.90587544	3.81714416	3.78334975	3.78056407	3.75588536	3.71464372	3.72039914	3.86721611	4.44673014	4.92105055	4.90235758	4.15290546	3.28068256	2.85242367	2.72268963	2.75547552	2.82421136	2.97512627	2.91891670	2.79631186	2.65863800	2.46781969	2.38147640	2.31352210	2.27416444	2.25724912	2.24025846	2.20159888	2.16548467	2.13046932	2.10164595	2.09064865	2.08334041	2.08316660	2.08505034	2.09066939	2.10845423	2.14651895	2.19651055	2.25248647	2.30657887	2.34899616	2.37373471	2.40207195	2.43182778	2.46197987	2.49266291	2.52295208	2.54370713	2.56363010	2.58621931	2.60976863	2.65352011	2.71713066	2.78700209	2.83584356	2.82267356	2.84010053	2.86678863	2.95805049	3.14052248	3.41216254	3.40192318	3.08095884	2.73799324	2.48128772	2.23864222	2.00899124	1.96566415	2.19854975	2.58222151	2.77593851	2.83203363	2.76026940	2.57791543	2.39017296
-74.0000000	0.915232480	0.756790042	0.627249062	0.529608667	0.464966655	0.432519466	0.427974999	0.423964113	0.415405989	0.401905954	0.387755603	0.383643270	0.381909132	0.381148130	0.382165939	0.387979329	0.400580764	0.419044942	0.436022431	0.442990959	0.430255383	0.401294649	0.367289484	0.340712011	0.332684159	0.352977723	0.405232936	0.458149135	0.496803612	0.515736282	0.518949807	0.513283074	0.495729119	0.466814816	0.431136012	0.397357434	0.365891188	0.343848765	0.329597384	0.320973843	0.315284640	0.311523885	0.310517401	0.312385768	0.315439284	0.316178232	0.310051829	0.298871040	0.286870182	0.276091069	0.266383111	0.257460773	0.253305912	0.254465848	0.260436326	0.269661486	0.273616821	0.276910573	0.284522116	0.297905803	0.314991176	0.330068350	0.366197348	0.412512511	0.462122440	0.512110114	0.502776802	0.432314217	0.338334799	0.277955502	0.327797830	0.403453797	0.445408076	0.454505265	0.442463547	0.431874603	0.416314095	0.402841628	0.391547471	0.383522481	0.380858421	0.375700682	0.372683167	0.367883563	0.359508902	0.347895384	0.332176119	0.318237245	0.310526162	0.309353054	0.310890913	0.313343525	0.316112816	0.317774296	0.317823797	0.316677272	0.311858892	0.306618184	0.302993745	0.301832408	0.302788943	0.305425704	0.307034642	0.307157338	0.305731654	0.303091854	0.300285995	0.296388209	0.293214172	0.291126877	0.289036691	0.284738868	0.275543392	0.265464813	0.258115202	0.256704360	0.257401764	0.258787036	0.260711461	0.262931973	0.265111178	0.263766110	0.261653721	0.259269178	0.257403225	0.257142723	0.255548418	0.251975685	0.249739125	0.250066578	0.252099097	0.254119217	0.254938364	0.256672680	0.260517925	0.266749352	0.272549748	0.275336981	0.277805865	0.281825066	0.288437396	0.295207560	0.302607477	0.309938937	0.316812694	0.323148876	0.330570668	0.336342424	0.344621569	0.357598752	0.375497699	0.397583961	0.425602406	0.456372529	0.488218457	0.520968616	0.571906149	0.629002929	0.682367861	0.730218470	0.778880715	0.945739448	1.20759773	1.48590684	1.75983715	2.06627631	2.27560854	2.37226558	2.33049583	2.19214368	2.06664944	1.92581570	1.88399673	1.90445781	1.95411527	2.00353551	2.03836155	2.06600380	2.09646940	2.13946080	2.20437503	2.25141263	2.27480698	2.28057241	2.27499509	2.26462984	2.26959491	2.28137755	2.29117751	2.30130839	2.32519722	2.34671688	2.36108232	2.37350821	2.38497567	2.39223027	2.41111588	2.43496561	2.47853589	2.53345013	2.56819868	2.59424448	2.60505366	2.60002470	2.58861971	2.59036899	2.63108110	2.68903804	2.75305057	2.81587005	2.87418699	2.91259217	2.96141839	3.03820205	3.15372753	3.31202626	3.55076122	3.82282043	4.09147167	4.33003139	4.52186537	4.67051792	4.79589176	4.89346552	4.96332550	5.01016760	5.03608084	5.01728392	4.94733143	4.81384659	4.59852028	4.55067301	4.53754139	4.56162930	4.59817553	4.59515619	4.49709034	4.36830521	4.29337072	4.28891754	4.30363750	4.23288774	4.16231155	4.12722445	4.12559891	4.11806440	3.95340681	3.83699536	3.71767807	3.59024405	3.49542022	3.39150119	3.28980708	3.21326447	3.16779113	3.14229321	3.12048340	3.04501510	2.98850560	2.97528028	2.98137450	3.19112849	3.50343800	3.82198262	4.08796835	4.28012896	4.25452614	4.12068081	4.02262163	4.03955078	4.18584204	4.47107029	4.81159735	5.20146704	5.53599691	5.61178160	5.28275108	4.99356556	4.90203142	5.02402782	5.23350811	5.20020866	4.94988775	4.70318174	4.60709286	4.73498201	5.15106249	5.58493853	5.83965588	5.85674763	5.71623421	5.47232723	4.86921930	4.06255674	3.26629925	2.75271893	2.53631878	2.55636859	2.61479139	2.64470220	2.71041036	2.75048470	2.69500709	2.60343766	2.49652600	2.35630989	2.27817345	2.20905042	2.15042686	2.10497975	2.07657766	2.06244254	2.03975797	2.01042342	1.98099041	1.96266007	1.94988489	1.95312798	1.96100509	1.96769106	1.97291934	2.00814629	2.06373787	2.12284112	2.17851686	2.23373771	2.26639915	2.30460548	2.34943604	2.40457773	2.47632480	2.56088638	2.65426445	2.73094893	2.77229595	2.76653004	2.74896550	2.78648758	2.86164451	2.94816804	3.01097250	2.96079922	2.83425808	2.73634195	2.71895170	2.78089499	2.93298912	2.85592961	2.57208276	2.17242956	1.81656849	1.49706113	1.25318062	1.09770262	1.02934277	1.03275657	1.07928240	1.11578250	1.10904276	1.07406461
-75.0000000	0.577555537	0.548094809	0.521896482	0.500353932	0.482785732	0.466435820	0.447914183	0.425170809	0.399360031	0.372686237	0.348403722	0.333592623	0.322861433	0.313096642	0.303626984	0.296223104	0.291074365	0.287671924	0.284773260	0.281268060	0.276178151	0.268513471	0.261055022	0.255895436	0.254277945	0.256596357	0.264411658	0.278074026	0.294624895	0.310097247	0.319515347	0.322383851	0.322039425	0.319489479	0.314166337	0.303927302	0.288382143	0.272033721	0.257431298	0.246293083	0.239506185	0.234688133	0.230764046	0.227250725	0.224862531	0.225511432	0.225405842	0.224218622	0.221341312	0.217232317	0.213417172	0.212768018	0.215030685	0.217416972	0.219819605	0.224812314	0.236403167	0.246895835	0.255610436	0.263442785	0.272864342	0.293151736	0.306314766	0.315617770	0.333211184	0.380131811	0.452996582	0.499982685	0.494871080	0.444423884	0.388384253	0.380589664	0.375408888	0.372370183	0.367761493	0.354630351	0.334826201	0.316500276	0.303648621	0.297141016	0.294721186	0.293145508	0.290638328	0.288901120	0.287917703	0.285954028	0.279126883	0.272913486	0.268592775	0.266993076	0.268491924	0.268462449	0.267353743	0.265966624	0.264678180	0.263441712	0.259444952	0.254379779	0.249007568	0.244323820	0.241558149	0.241338179	0.241051078	0.240540311	0.239820287	0.239076108	0.238072902	0.237626612	0.237941161	0.238334000	0.237236142	0.232506633	0.227080956	0.221318290	0.216291323	0.213786229	0.216162696	0.217037365	0.215871558	0.213244826	0.210854858	0.211113140	0.210225195	0.209664285	0.210481301	0.213304952	0.216402873	0.217492431	0.217300206	0.216461048	0.215517893	0.215800539	0.217983395	0.221634611	0.226330057	0.231653407	0.234302044	0.237145737	0.241567999	0.247618720	0.254014164	0.258894950	0.264940262	0.271218091	0.277305096	0.283286661	0.289848536	0.296657473	0.305942804	0.318261176	0.332496732	0.348332644	0.362972796	0.374785453	0.382448018	0.384946674	0.395275533	0.424183935	0.466364771	0.533948421	0.656502366	0.811139703	0.981748879	1.08957064	1.12780571	1.16161513	1.22601461	1.30774903	1.38559258	1.44293070	1.46775901	1.48304546	1.48378754	1.49308074	1.52332127	1.57620656	1.61930871	1.65440667	1.69109392	1.73490536	1.78731668	1.82277453	1.84859133	1.86774075	1.88471019	1.90549862	1.92126429	1.94501483	1.96949327	1.99267662	2.01777434	2.04244733	2.06391430	2.08741021	2.11177707	2.12946200	2.15361166	2.18584490	2.22723651	2.27822423	2.33860826	2.38136506	2.40640974	2.42023134	2.43338966	2.46051598	2.51933193	2.60820866	2.72018313	2.84641790	2.97619629	3.09301829	3.23737216	3.42453337	3.65550947	3.91703749	4.25311613	4.54559851	4.77777958	4.95064163	5.08285999	5.13954544	5.24977875	5.38339186	5.52023411	5.65017557	5.76882744	5.83623505	5.80273676	5.63828707	5.33245611	5.11104822	4.99773073	4.92843056	4.86324120	4.78642082	4.68734646	4.59427166	4.50928831	4.43735933	4.38632202	4.37928677	4.39821529	4.45388556	4.53172827	4.59182215	4.53814888	4.41294146	4.28286028	4.16350412	4.01940775	3.77141237	3.54756761	3.40872860	3.37136364	3.40755272	3.43795371	3.38522530	3.25466084	3.08330846	2.93996882	2.91895175	2.95904446	3.01400995	3.04731512	3.03213000	2.93125296	2.81197953	2.70000434	2.62209368	2.60608721	2.72603416	2.94297028	3.21928334	3.49227381	3.67415142	3.66409516	3.61268544	3.60696769	3.68888712	3.85528517	3.92293715	3.89260387	3.78100467	3.61678934	3.44053721	3.28154922	3.17108250	3.08322263	2.98991656	2.86097527	2.77196455	2.72028637	2.61904001	2.44812822	2.25426054	2.35284877	2.41268253	2.45535731	2.47905874	2.45856309	2.43528700	2.42195272	2.37713552	2.30740023	2.26730108	2.23099160	2.19653273	2.14614391	2.08126092	2.02253819	1.98002553	1.94571900	1.91420579	1.88182223	1.84665251	1.83602011	1.82962573	1.82896495	1.83742607	1.86028957	1.89984334	1.95846939	2.03386545	2.12231755	2.21870232	2.31218672	2.41460323	2.52761149	2.65867782	2.82107878	2.94050598	3.02957630	3.09241462	3.12452078	3.11276865	3.19006276	3.23636293	3.25685978	3.26599479	3.28746128	3.37098336	3.25665355	3.08036304	2.90821862	2.73654294	2.42374229	2.17341423	1.90371728	1.58437455	1.23667586	0.974155843	0.790101290	0.686006844	0.647370279	0.643692553	0.647448838	0.642296433	0.627124071	0.610457003
-76.0000000	0.510964692	0.512705088	0.512534142	0.509700119	0.502697587	0.489267498	0.464690924	0.431597412	0.395683974	0.362304419	0.336469501	0.320679694	0.308285981	0.296986431	0.286303133	0.277582288	0.271930665	0.266445726	0.260578394	0.254602283	0.249613598	0.246207282	0.242574871	0.240027443	0.238485813	0.236480489	0.231321439	0.226753712	0.223741129	0.222564101	0.222819641	0.224328399	0.224817872	0.224478975	0.223531514	0.222224206	0.219996899	0.215495557	0.210035667	0.204833463	0.201005921	0.196836337	0.192032799	0.186884612	0.182182342	0.179217800	0.180470675	0.182456851	0.184487373	0.186069936	0.186908916	0.189401492	0.192934513	0.195627898	0.197640300	0.201169237	0.208109453	0.214286536	0.219290003	0.223883227	0.230003387	0.245884553	0.264565498	0.280377030	0.290535569	0.295143187	0.306638718	0.318315804	0.327347457	0.332122833	0.332246810	0.333452553	0.330985129	0.325504571	0.317389339	0.306736559	0.294348806	0.281904787	0.269394547	0.257568330	0.247936562	0.242441192	0.238943741	0.238114864	0.239398405	0.241011545	0.241077796	0.238988385	0.236713469	0.234746024	0.232101575	0.227912605	0.223614097	0.220119923	0.218064547	0.217802778	0.217245176	0.213897705	0.208142549	0.201712638	0.197691575	0.196125627	0.196080893	0.197009012	0.198469594	0.200130135	0.200471565	0.200753987	0.200259864	0.199003905	0.197733074	0.196008444	0.195302248	0.195635423	0.196617439	0.197446272	0.195908681	0.193248138	0.190749764	0.189077646	0.188274935	0.189320073	0.190306142	0.191546515	0.193385199	0.196196750	0.199912280	0.202387124	0.202789128	0.201356411	0.199397236	0.200075626	0.202503026	0.205822214	0.209844068	0.215047538	0.219888791	0.224251077	0.228645980	0.233610168	0.239705667	0.243660897	0.248449221	0.252996802	0.256927073	0.260560781	0.266288966	0.275398523	0.286793470	0.298612237	0.308227241	0.313718736	0.312812030	0.307065040	0.299914658	0.296676874	0.305456996	0.340173751	0.401009917	0.492063344	0.621347189	0.722999632	0.820046663	0.892104685	0.969577074	1.13365424	1.16616142	1.16854405	1.16674101	1.17106760	1.17621458	1.17779827	1.18584704	1.20887518	1.24506903	1.28228664	1.32619584	1.36958694	1.40390503	1.42997789	1.45801699	1.48391175	1.50005960	1.51990056	1.54915214	1.58580875	1.61575854	1.64611423	1.67895901	1.71387565	1.74794686	1.77580070	1.80443966	1.83380091	1.86387753	1.89472091	1.93713200	1.98491335	2.03933072	2.09161901	2.12298608	2.15800810	2.20811510	2.28380752	2.37827969	2.46742201	2.55355549	2.65523148	2.78429699	2.94488668	3.13342118	3.18509793	3.18738222	3.18337107	3.24732113	3.48464918	4.11543894	4.74867630	5.23250866	5.46546459	5.39645338	5.26578379	5.19966698	5.14874363	5.07035017	4.92851734	4.83251476	4.76720047	4.69517136	4.60141706	4.49332571	4.34923124	4.20574570	4.06143761	3.93604684	3.87048626	3.81871247	3.76097870	3.69489694	3.63451266	3.61030102	3.68219376	3.86317444	3.98901677	3.98120975	3.84695697	3.89988542	4.09709883	4.32801390	4.48518658	4.46431494	4.23382378	4.03873110	3.95558047	3.99840641	4.11873722	4.20567656	4.20152092	4.07429171	3.83602214	3.54275155	3.29753470	3.07839108	2.86317134	2.66025019	2.50852704	2.43457150	2.39109755	2.37918711	2.40099359	2.45974183	2.59219790	2.76672602	2.90773940	2.95719075	2.87457585	2.81569743	2.82088900	2.89951873	3.03033948	3.16148853	3.17609191	3.17290235	3.13419676	3.02573180	2.79674292	2.53949571	2.30542612	2.08749342	1.89374042	1.74729598	1.75010896	1.87977517	2.04833341	2.19345474	2.27844453	2.35894060	2.38231301	2.36085653	2.30263543	2.21148491	2.13527393	2.07301426	2.04638076	2.05068088	2.05485559	2.03647804	2.04870820	2.04305315	2.00496554	1.95384276	1.91247952	1.87075305	1.83436573	1.80609536	1.78579485	1.76218975	1.74850082	1.74361122	1.75315714	1.78952813	1.84497368	1.91874611	2.00817680	2.10678649	2.20428658	2.29347396	2.32872295	2.32161117	2.31168699	2.36646771	2.59435773	2.89251184	3.21923065	3.55494833	3.90223527	4.19139290	4.40387249	4.50870514	4.50425720	4.41822624	4.08946180	3.72747421	3.32870150	2.87754488	2.34636617	1.95710552	1.60639286	1.31821430	1.09812927	0.933269143	0.815685153	0.725022078	0.665067732	0.630702734	0.607900202	0.573395967	0.543708205	0.523166835	0.513416529
-77.0000000	0.524842680	0.522220910	0.514462590	0.498886734	0.474323839	0.441115826	0.401613086	0.367710888	0.341380745	0.323252380	0.312613726	0.308803529	0.304179192	0.297037989	0.287315309	0.276584536	0.266480595	0.258261114	0.251664311	0.247301474	0.246657059	0.248417228	0.250777900	0.250749350	0.246910423	0.239408448	0.228876844	0.218473166	0.209870532	0.203751713	0.199809134	0.196183398	0.192108154	0.187396079	0.182345748	0.177741781	0.174352422	0.170518249	0.167498946	0.165406600	0.163205653	0.160484746	0.158383921	0.156866103	0.156056330	0.156241819	0.158437774	0.159405619	0.159914643	0.160690963	0.162417486	0.164694905	0.167853102	0.170597613	0.172942296	0.176209167	0.181878552	0.189769596	0.198294312	0.206123248	0.212185755	0.216615558	0.221471548	0.229337111	0.240474746	0.252826124	0.264352560	0.274098217	0.282587916	0.289207727	0.292204678	0.292774558	0.293936133	0.294174612	0.292216957	0.287031591	0.279496878	0.271092713	0.262474030	0.253366709	0.242567793	0.233408660	0.226583257	0.222685754	0.221276209	0.220880449	0.218549147	0.214109451	0.208841458	0.203753278	0.199580953	0.195305482	0.190857738	0.187352449	0.185014978	0.183181271	0.181260496	0.178346425	0.174949288	0.171823025	0.169965252	0.169644207	0.170132294	0.170866713	0.171536878	0.172084361	0.172726333	0.172755018	0.172444686	0.172426149	0.173687041	0.174242988	0.174652606	0.174304947	0.173268124	0.172289461	0.171953708	0.172411591	0.173707992	0.175633058	0.177722156	0.178849176	0.179104537	0.179497361	0.180651650	0.182806149	0.185605302	0.187626958	0.188914120	0.189603254	0.189924315	0.190930396	0.192343876	0.194903523	0.198574737	0.202549666	0.208266482	0.214044794	0.219621807	0.225180030	0.231347486	0.237606242	0.243818164	0.249331847	0.254275113	0.259554893	0.267789513	0.276354164	0.285522223	0.294820011	0.303026736	0.307677448	0.310504556	0.312505156	0.316383362	0.326550424	0.351071864	0.386922508	0.438148797	0.500692546	0.562391102	0.581843257	0.580072999	0.565782845	0.578270614	0.687429547	0.770911217	0.842389226	0.908417523	0.963866949	0.991925001	0.992214024	1.01380670	1.05084038	1.09104049	1.11571848	1.14009297	1.16381407	1.17649782	1.18407857	1.20880806	1.22827685	1.24695122	1.26955366	1.29809046	1.33185291	1.36421490	1.39744306	1.42854965	1.45881808	1.49380291	1.52333832	1.54586697	1.56942976	1.59925926	1.63777888	1.69954550	1.77081811	1.82868624	1.85956085	1.85917318	1.85182071	1.87277460	1.96318853	2.11896467	2.29075432	2.46801496	2.65012002	2.83014512	2.99563098	3.12858510	3.25045633	3.23124623	3.13542223	3.02047348	2.93691301	2.80469513	2.59539914	2.39273214	2.23469400	2.11357713	1.96650755	1.82609046	1.70512915	1.60082436	1.49477530	1.42809081	1.37427008	1.33792901	1.31793582	1.30740976	1.29509878	1.28539062	1.28816438	1.31297231	1.36904025	1.43669760	1.51344311	1.58370185	1.64413500	1.70364058	1.80502272	1.93269229	2.07831836	2.23589969	2.40176463	2.56657481	2.70230818	2.83308721	2.95570207	3.03961015	3.02802444	2.98964548	2.96919370	2.99352002	3.07160354	3.20867729	3.36341429	3.47677326	3.50020051	3.39563203	3.18362832	2.95794106	2.76576972	2.62118649	2.50513506	2.41652107	2.33715057	2.28467917	2.27487659	2.32162809	2.46278954	2.63147759	2.77173233	2.85900307	2.90014982	3.01706243	3.06304264	3.10892057	3.18103504	3.26123309	3.20017481	2.97854996	2.74017072	2.56720948	2.48019791	2.42602611	2.35598016	2.27365637	2.19315052	2.13905668	2.09922361	2.05747247	2.01275659	1.97693586	1.97477376	1.95273304	1.92145717	1.88751686	1.85260713	1.81354702	1.79059923	1.78234828	1.78175843	1.78385949	1.78574729	1.78871441	1.77791095	1.76725161	1.76182854	1.75791180	1.77302086	1.76416600	1.74589837	1.72783899	1.71467960	1.69860566	1.69166517	1.69701815	1.71760666	1.75615299	1.80350900	1.86157823	1.91175210	1.94772553	1.97549605	1.99256206	1.96960056	1.92757308	1.85678303	1.71687615	1.54208314	1.46172881	1.47737455	1.54499209	1.57496369	1.58042347	1.58286572	1.56738794	1.52626693	1.45895851	1.36867487	1.24234247	1.12493503	1.04829490	1.03113317	0.986620247	0.938947260	0.892099619	0.846926510	0.801140547	0.753984153	0.711495697	0.672831178	0.636627316	0.601001918	0.573961735	0.554782271	0.541256011	0.533386052
-78.0000000	0.496244937	0.473039985	0.449822903	0.425137639	0.398211777	0.368956506	0.341466963	0.323260933	0.313822389	0.311635286	0.314183623	0.317521334	0.314919531	0.306198180	0.293115586	0.279368341	0.267211497	0.257227033	0.249384403	0.243805379	0.240763962	0.238899648	0.237328142	0.234708101	0.230539814	0.225165293	0.217796803	0.209856123	0.203045234	0.197922751	0.193903744	0.190951794	0.187763333	0.183914825	0.179430485	0.174782261	0.170313284	0.165451542	0.160903469	0.157151982	0.154456452	0.151597351	0.148693278	0.146235779	0.144411191	0.143100619	0.141800255	0.140209585	0.139375240	0.139920235	0.142043889	0.145113662	0.148057207	0.150664777	0.153196126	0.156380355	0.159711450	0.163622230	0.166884243	0.168800518	0.169205353	0.169444069	0.170854434	0.174835473	0.181590289	0.190126076	0.200123549	0.209253818	0.217823744	0.225959823	0.233608216	0.240087211	0.246275961	0.251162946	0.254134506	0.254974991	0.254949600	0.253854722	0.251720548	0.248131230	0.242225200	0.233970031	0.225096509	0.218078256	0.212967500	0.207395077	0.200180486	0.193161905	0.186814114	0.181391299	0.176927343	0.173384696	0.169458225	0.165411830	0.161881268	0.159874201	0.158606261	0.157025009	0.155584931	0.154592603	0.154206842	0.153649747	0.153336197	0.153407678	0.153859377	0.154540181	0.155542031	0.155792043	0.155918226	0.156519800	0.158167139	0.159380242	0.160627201	0.160818011	0.159980968	0.159262836	0.160010606	0.161968470	0.164154083	0.166232750	0.168517321	0.170231059	0.171413586	0.172573611	0.174175128	0.176637590	0.179637283	0.182611555	0.185474560	0.187813938	0.188890710	0.189741120	0.190709919	0.192625925	0.195652947	0.199289754	0.205025241	0.211695448	0.218938798	0.226609990	0.234779850	0.243391395	0.252836049	0.263738304	0.276360512	0.290602714	0.306111276	0.321397096	0.337906867	0.355892479	0.374411315	0.394724131	0.414162308	0.434922159	0.458737046	0.486877084	0.518585086	0.564644158	0.621676266	0.673384488	0.690552890	0.656575739	0.625360787	0.582135260	0.547458470	0.577222109	0.658633530	0.722117245	0.764897227	0.784755528	0.780032635	0.768708348	0.776624203	0.789714396	0.800022423	0.805701435	0.814079642	0.824603498	0.859058082	0.919616818	0.988840759	1.00667977	1.03082335	1.06545079	1.10535002	1.13591731	1.15169644	1.16614854	1.17705977	1.18730032	1.20482612	1.23381722	1.25273323	1.27018321	1.29865360	1.35450685	1.43137765	1.51455140	1.57424271	1.59786391	1.59002566	1.55950785	1.52298200	1.52889991	1.59592891	1.71295130	1.88023233	2.07409263	2.28710890	2.51106143	2.73693323	2.89567375	2.91051841	2.78900862	2.55419016	2.24461508	1.97311318	1.72403181	1.51036298	1.34172201	1.22434735	1.14514422	1.08406687	1.04227591	1.01586461	0.995857537	0.995346010	0.986397982	0.974795282	0.961298406	0.941646516	0.928033233	0.917161345	0.919025660	0.938776195	0.976717770	1.03489554	1.10611331	1.18411016	1.26091564	1.32685030	1.38913441	1.46900225	1.57717979	1.70724607	1.83563387	1.90899718	1.93989098	1.95255876	1.95864296	1.95718396	1.95228934	1.93717432	1.92002130	1.90885198	1.91152799	1.92828035	1.94699275	1.98280346	2.03522182	2.08812904	2.14511919	2.18807340	2.20032382	2.16776800	2.07886696	1.95201313	1.84705639	1.79251504	1.80545270	1.89147770	2.07091022	2.35315180	2.71807766	3.01525378	2.96393943	3.02166843	2.88463378	2.72207260	2.62273073	2.59486413	2.60284019	2.57532668	2.50758886	2.40178633	2.26697373	2.11370158	1.98958302	1.89611256	1.83081734	1.78725791	1.76162279	1.74290860	1.72043705	1.69561255	1.68192267	1.64318275	1.60648763	1.57808697	1.55648410	1.53243744	1.52198577	1.51964378	1.53159165	1.55413377	1.57369757	1.56793630	1.53366649	1.48633277	1.45598829	1.48729742	1.58427131	1.67094147	1.74498034	1.79958832	1.82349360	1.76816964	1.70201170	1.65606999	1.64261663	1.65514410	1.67401445	1.66053462	1.63303113	1.61444890	1.63235092	1.60638487	1.59718502	1.56162715	1.48080587	1.36003387	1.23858738	1.13203824	1.04891753	0.987655222	0.936579347	0.902686834	0.878558517	0.867905200	0.867689669	0.868126690	0.861181736	0.853930771	0.840557337	0.821554363	0.803723812	0.801718175	0.789958000	0.773719072	0.754828870	0.731666446	0.705079496	0.681292832	0.661022663	0.643437862	0.626159310	0.608632505	0.585626602	0.558013439	0.535217881
-79.0000000	0.420825303	0.400961339	0.382979453	0.367948800	0.355312973	0.342890114	0.331219703	0.320352018	0.311524898	0.304828286	0.299204171	0.295629561	0.291225195	0.284160882	0.273932457	0.261361659	0.252098352	0.243874520	0.236695543	0.230720073	0.226260290	0.221492708	0.217131406	0.213717669	0.211535424	0.210611120	0.209362358	0.206792533	0.203074232	0.198638290	0.194173977	0.192171037	0.190721691	0.189054042	0.186292887	0.181459710	0.176120758	0.170407787	0.164641276	0.159347147	0.155256987	0.152307078	0.149687111	0.146730959	0.143338874	0.139977366	0.136828199	0.133919671	0.131833509	0.130915925	0.131277576	0.132020876	0.133252457	0.134412125	0.135513470	0.137143865	0.138849244	0.140686229	0.142595589	0.144350559	0.145556703	0.145823762	0.146443665	0.147785187	0.150302783	0.154536515	0.159897596	0.165251419	0.170563400	0.175770074	0.180778846	0.185643837	0.190425992	0.194652423	0.198086396	0.200727284	0.202826962	0.204814941	0.206482172	0.207565337	0.207747012	0.206469312	0.203429118	0.198992282	0.193351910	0.186528414	0.180226415	0.174449980	0.169104651	0.164163381	0.159666777	0.156072691	0.152983502	0.150501087	0.148801267	0.148133859	0.147785068	0.147556707	0.147444054	0.147440940	0.147539616	0.147360295	0.147728071	0.148632333	0.150081486	0.152102947	0.154082984	0.155735180	0.157245219	0.158787042	0.160522863	0.161958635	0.163336322	0.164067283	0.164149672	0.164168373	0.163849443	0.164144933	0.165155813	0.166753635	0.168580741	0.170236692	0.171835318	0.173462719	0.175205812	0.177152410	0.179745600	0.183147117	0.186525419	0.189115778	0.190220252	0.190418243	0.190595508	0.191688746	0.194489196	0.199642524	0.206919327	0.215282038	0.225114509	0.236162588	0.247534111	0.258201003	0.269936591	0.283988476	0.301102102	0.321520925	0.345764279	0.375331163	0.408852816	0.445797652	0.486470938	0.528622508	0.569874346	0.608016849	0.646046162	0.692164481	0.759217262	0.842472017	0.918150365	0.983854532	1.05856740	1.07730877	1.07279348	1.02710426	0.952778518	0.892808616	0.885188699	0.868066847	0.847400129	0.823468447	0.790875137	0.764643133	0.742437840	0.728072226	0.721479475	0.718712986	0.712106168	0.711626351	0.714270234	0.719361901	0.728552878	0.738319457	0.749028027	0.765504003	0.787583292	0.810112953	0.835649252	0.860901058	0.883992314	0.903173506	0.916821539	0.938198090	0.954096437	0.966153562	0.983907640	1.02479815	1.08569539	1.14560032	1.19031215	1.21505833	1.22449458	1.22258401	1.22490215	1.23087096	1.24055743	1.25467372	1.29207563	1.34073663	1.40059781	1.46705925	1.53097987	1.56374550	1.55933964	1.52657950	1.46977031	1.38870740	1.31405759	1.25176358	1.20107329	1.16611147	1.15588069	1.17521405	1.21042144	1.25435424	1.29355824	1.30827367	1.30050886	1.26549065	1.22022045	1.16959512	1.10640633	1.04653847	0.998311758	0.964785218	0.945260048	0.935279548	0.958675683	0.999026537	1.04709303	1.10294604	1.17596626	1.25708568	1.32407069	1.37636328	1.41759682	1.45559716	1.50818288	1.56897616	1.63022888	1.68482888	1.72630179	1.73983908	1.75627112	1.76353359	1.75815403	1.74525034	1.73280787	1.72163010	1.71519232	1.71164477	1.70381224	1.68944478	1.67189384	1.64094377	1.59440780	1.53812850	1.48751235	1.42696202	1.36446166	1.32199550	1.33554876	1.52991533	1.83439791	2.19913816	2.52810764	2.67910814	2.66043997	2.47076082	2.24694419	2.10740566	2.15210366	2.21194696	2.25817895	2.26450300	2.22182870	2.13826990	1.99551690	1.88658512	1.81173611	1.76179135	1.71813118	1.68699622	1.64617515	1.59722245	1.54602957	1.50282466	1.45531225	1.40979338	1.36613739	1.32584786	1.29206228	1.28028822	1.28017080	1.28999519	1.30476105	1.31618381	1.30024374	1.25833738	1.20693886	1.17400110	1.19895613	1.30828476	1.40638542	1.47574699	1.51890600	1.55844629	1.52929974	1.49539864	1.46731544	1.45022333	1.44389713	1.45124137	1.43390536	1.40542161	1.37430727	1.34406471	1.31094515	1.28956819	1.27535999	1.26958871	1.27936399	1.30243158	1.31345534	1.30587792	1.27866220	1.23629010	1.19340932	1.15045857	1.10715020	1.06180823	1.01136804	0.972146213	0.946520269	0.922823846	0.897000432	0.872603655	0.848147154	0.824799418	0.798402905	0.767803431	0.734850347	0.698857665	0.666778743	0.637621582	0.610024750	0.582256794	0.548132896	0.512922406	0.479224145	0.455356210
-80.0000000	0.382273942	0.373848706	0.365957916	0.357926250	0.349035352	0.338524282	0.326175630	0.312773824	0.300180644	0.289081603	0.278986305	0.271668434	0.266818464	0.262288004	0.256636113	0.249129221	0.241592407	0.233900964	0.227124244	0.221895039	0.218409389	0.216556519	0.215818137	0.216074780	0.217007548	0.218098000	0.217740625	0.216087013	0.212868392	0.208410352	0.203633025	0.200371563	0.197121665	0.193609700	0.189614683	0.184968412	0.180610910	0.176283136	0.171660468	0.166978583	0.163033471	0.159349188	0.156435788	0.153698564	0.150789931	0.147609457	0.144141048	0.140346065	0.136618271	0.133242324	0.130393803	0.127993345	0.126422629	0.125557318	0.125323370	0.125696927	0.126132458	0.126834705	0.127883211	0.129138514	0.130242139	0.130400345	0.130748942	0.131217480	0.131842628	0.132768258	0.133644760	0.134656936	0.135757729	0.137046009	0.138766423	0.140617236	0.142188832	0.144078672	0.146727711	0.150420353	0.153219685	0.156196728	0.159029394	0.161535531	0.163672835	0.164738655	0.165024579	0.164521992	0.163333252	0.161671683	0.159362033	0.156131849	0.152387261	0.148546025	0.145037353	0.142838389	0.141921520	0.142233267	0.143529892	0.145377353	0.147074059	0.148373142	0.149476662	0.150371134	0.150827467	0.151517287	0.152604863	0.154113263	0.155987293	0.158093512	0.160972312	0.163720340	0.166137367	0.168207929	0.170101389	0.172644272	0.175144732	0.177658424	0.180085346	0.182169914	0.182966843	0.183105648	0.182658792	0.181906715	0.181337819	0.180783451	0.180411547	0.180462718	0.180934519	0.181581274	0.182705387	0.184907719	0.187563121	0.189889163	0.190946132	0.190736607	0.190826148	0.191948235	0.194772601	0.199905336	0.207644805	0.215705737	0.224535704	0.233930424	0.243033841	0.252208292	0.262935221	0.276268005	0.293002307	0.313676298	0.340825021	0.373064280	0.408830851	0.446591884	0.484844506	0.511735678	0.534883261	0.557515621	0.586937428	0.634529591	0.746558785	0.851384163	0.946127892	1.03616679	1.13513136	1.14081538	1.12346530	1.09200847	1.04838073	0.987526536	0.921848059	0.873354971	0.833394587	0.797481656	0.765298307	0.732653022	0.709015727	0.692824841	0.682003021	0.673956573	0.670939982	0.666758955	0.664247334	0.664453685	0.666640878	0.669451296	0.673731744	0.681621790	0.691330016	0.697134137	0.706726730	0.718479097	0.730605066	0.742836952	0.756424844	0.770122528	0.777243257	0.779700816	0.781035006	0.786411583	0.805806756	0.831489205	0.858574986	0.882288218	0.897960722	0.906153023	0.903538346	0.897664309	0.892736018	0.889615893	0.875064373	0.861756086	0.853239655	0.850758731	0.853252649	0.856900275	0.870031714	0.887860596	0.906827271	0.924598873	0.939725399	0.966817975	1.02026534	1.10082769	1.19563687	1.27366257	1.33328021	1.37758815	1.40298343	1.39916265	1.35867381	1.29791594	1.23217297	1.16918707	1.10915768	1.05084109	1.00941634	0.979873776	0.958495975	0.942856491	0.946893573	0.952456653	0.958699703	0.970912635	1.00052059	1.04375756	1.07986379	1.10702598	1.13002872	1.16025639	1.19834960	1.24985504	1.30878246	1.36534393	1.40595329	1.40521049	1.40232527	1.39924896	1.39530540	1.38719261	1.37479222	1.36062181	1.34973407	1.34311497	1.33768332	1.32822597	1.31972921	1.30930328	1.30091667	1.30539465	1.31170511	1.30569530	1.29034841	1.28218019	1.31123805	1.42479146	1.54591203	1.70209563	1.88398051	2.04534626	1.97132778	1.93264079	1.94021666	1.98323095	2.02910280	2.09179902	2.14794087	2.17394114	2.15179873	2.06909776	1.93892729	1.83404589	1.76015413	1.70992434	1.66300130	1.60845935	1.54117978	1.46866202	1.39751387	1.33345127	1.28010356	1.23317063	1.19177103	1.15936172	1.14373720	1.14383888	1.15015876	1.15730476	1.16174412	1.16180527	1.13171399	1.09160721	1.05067325	1.02514994	1.03832400	1.10948098	1.17734790	1.24049437	1.29305220	1.32471693	1.30688274	1.28648984	1.27288711	1.26797605	1.26621199	1.27993202	1.28247499	1.27228200	1.24794602	1.20821083	1.15202439	1.10517216	1.09231591	1.11944854	1.17389393	1.23181367	1.26971209	1.27766132	1.25641608	1.21741343	1.17636979	1.12943816	1.08046842	1.03290236	0.989772499	0.958793223	0.935506642	0.912313938	0.886239886	0.858932674	0.830396175	0.801254511	0.770144522	0.735905170	0.697577894	0.656683505	0.616167068	0.577352047	0.539994597	0.502283573	0.468037814	0.437755823	0.413329899	0.398411572
-81.0000000	0.360132873	0.353934616	0.346631885	0.337083727	0.325911611	0.315499067	0.303350359	0.290950954	0.278997153	0.268083304	0.258701921	0.251515895	0.246338010	0.242106095	0.237717137	0.232027650	0.226593941	0.221337304	0.216308594	0.211966127	0.209175646	0.208966956	0.209745124	0.210699752	0.211420134	0.211895153	0.212405860	0.211162299	0.208011091	0.203636780	0.199562043	0.196725115	0.193995938	0.191339538	0.188857853	0.186789766	0.184473261	0.181503996	0.178579912	0.176086992	0.174099118	0.172069833	0.170218900	0.167688116	0.164207608	0.160095841	0.154344633	0.148179114	0.142285928	0.137209907	0.133353904	0.130597740	0.128445819	0.126653478	0.124944918	0.123013206	0.121162459	0.119567737	0.118449643	0.117843397	0.117598809	0.117411770	0.117677890	0.118438728	0.119416825	0.120015770	0.119710825	0.119124718	0.118494652	0.118088387	0.118204214	0.118376456	0.118939556	0.120228775	0.122269183	0.124775730	0.127983525	0.130980864	0.133863941	0.136627525	0.139165044	0.140879601	0.142127275	0.143116310	0.143881351	0.144283518	0.144437283	0.144211113	0.143953279	0.144039646	0.144873559	0.146497667	0.148337394	0.150345400	0.152364343	0.154126748	0.156130120	0.157800585	0.158979043	0.159659028	0.159986690	0.160526782	0.161327600	0.162330225	0.163672477	0.165688917	0.168507442	0.171108872	0.173659787	0.176324263	0.179263696	0.182450131	0.185369551	0.187737107	0.189491838	0.190796450	0.192408875	0.193434343	0.193536848	0.192744046	0.191447198	0.190399483	0.189236492	0.188446090	0.188120738	0.187957525	0.188931465	0.190849409	0.192864642	0.194832951	0.197312579	0.199784845	0.201782912	0.203983977	0.206939369	0.211074620	0.217084736	0.223080546	0.228758663	0.234584734	0.241793558	0.250198513	0.259993970	0.272775292	0.289644480	0.311210215	0.335872978	0.362030625	0.388474852	0.411830783	0.426556557	0.429011881	0.425294966	0.436034799	0.471797705	0.533087611	0.656268835	0.772387505	0.876688004	0.955092490	0.984200716	0.891762197	0.819337070	0.767018914	0.735450625	0.725824594	0.731289148	0.738493502	0.745176017	0.748232543	0.743716419	0.731728613	0.725229800	0.719576895	0.711933494	0.701268852	0.694528699	0.687641442	0.680926442	0.675283313	0.672192752	0.670460522	0.669067860	0.666381299	0.661609650	0.654803872	0.655752003	0.659447372	0.662138462	0.663092375	0.664594650	0.666713595	0.662994027	0.654175162	0.644102097	0.639725924	0.639014781	0.642921925	0.650335729	0.660763621	0.674332023	0.686194122	0.693103313	0.698771358	0.706907213	0.721217453	0.738536477	0.758128643	0.781947553	0.809108913	0.835890055	0.856468618	0.871852338	0.882290483	0.890742242	0.902875662	0.920046806	0.942043722	0.965351999	0.986203909	1.00057852	0.998767674	0.987735271	0.972316802	0.953748107	0.929666162	0.909987688	0.887472153	0.860350907	0.829441667	0.798148155	0.770201504	0.757180333	0.752335966	0.751461148	0.752890348	0.755088031	0.758606374	0.765244424	0.775495350	0.788546503	0.806407571	0.837878406	0.875744998	0.918395579	0.969820619	1.00824487	1.04043508	1.06777096	1.08848476	1.09766054	1.09611714	1.10389543	1.11271346	1.11567676	1.10727835	1.10101533	1.10001576	1.09704244	1.08929873	1.07842779	1.07433569	1.07832825	1.09120488	1.11619580	1.15896237	1.19975328	1.24646044	1.29839873	1.35535347	1.41758049	1.44140005	1.43150043	1.47465897	1.57864141	1.67220104	1.71525574	1.73896599	1.86401367	2.07575607	2.22422624	2.31048226	2.28784943	2.19996691	2.07519245	1.92660093	1.81904876	1.73691010	1.68262219	1.65003586	1.62441409	1.57539582	1.50215173	1.42296815	1.34886324	1.28358591	1.23413122	1.19873619	1.17532229	1.16020083	1.14807284	1.12998915	1.10458040	1.07715809	1.05479872	1.04634345	1.05052853	1.05305064	1.04955626	1.04990447	1.07816541	1.13965440	1.20148277	1.25515234	1.28723240	1.27935922	1.22960103	1.19443023	1.18719828	1.20828843	1.24511743	1.31479883	1.36996102	1.40679264	1.42224133	1.41401362	1.37012661	1.29777670	1.22518373	1.17435312	1.16107380	1.18646836	1.21616495	1.22875619	1.21303940	1.16801727	1.10290396	1.03303421	0.972896874	0.929752886	0.903636575	0.882270396	0.854983270	0.823900640	0.790121257	0.753716886	0.717321455	0.682879508	0.651378095	0.622995913	0.597102940	0.569177151	0.539057851	0.506162763	0.472238213	0.441359013	0.416470468	0.396915883	0.380915195	0.370246559
-82.0000000	0.351396918	0.344254196	0.335531652	0.325500309	0.315005243	0.305465341	0.294468373	0.283034056	0.272043794	0.262115806	0.253605127	0.247070864	0.241279021	0.236289814	0.231925666	0.227770954	0.224434271	0.221572861	0.219015196	0.216819495	0.215273470	0.214791819	0.214633927	0.213883147	0.212490782	0.211275980	0.210117429	0.207310855	0.203292981	0.198964953	0.195692226	0.194001064	0.192482203	0.191895276	0.192183241	0.192472413	0.192626119	0.191210419	0.189511269	0.187747136	0.185068980	0.181995511	0.177804217	0.173060223	0.168330818	0.164185494	0.159428135	0.155399784	0.152195871	0.149884298	0.148505315	0.147638187	0.146297634	0.144911587	0.143314987	0.140749857	0.137506381	0.134852275	0.132861018	0.131474376	0.130502328	0.130067945	0.129596680	0.129295081	0.129148498	0.128920913	0.128044471	0.127156287	0.126497880	0.126185060	0.126207903	0.126593798	0.127816424	0.129608259	0.131773174	0.134186611	0.136966452	0.139672384	0.142048448	0.143930599	0.145246550	0.146835595	0.148522913	0.150298804	0.152069390	0.153656766	0.154848993	0.155694395	0.156654403	0.158048138	0.160052299	0.162152842	0.164106637	0.165970311	0.167699575	0.169149190	0.170913801	0.172256902	0.173065037	0.173415065	0.173574254	0.173903435	0.174857706	0.176094279	0.177519932	0.179290965	0.181849316	0.184070095	0.185858637	0.187287673	0.188597292	0.189369053	0.189555332	0.189008951	0.187993035	0.187180966	0.187436938	0.188090965	0.189443856	0.191019818	0.191566423	0.192171678	0.192946866	0.193820417	0.194582745	0.194886103	0.196146503	0.198190317	0.199917614	0.201451808	0.204139814	0.207770124	0.211191699	0.214023814	0.216706589	0.220501125	0.225391656	0.230035141	0.234684840	0.240145043	0.247771278	0.257294446	0.267707825	0.279079497	0.291940302	0.307283670	0.321252078	0.335439920	0.351282924	0.366933197	0.377259254	0.394163400	0.414782196	0.446470052	0.489942402	0.539276004	0.625002503	0.715352476	0.767001152	0.795427322	0.874913752	0.830157340	0.802828372	0.800697148	0.814607799	0.818478823	0.809737086	0.811241746	0.828937054	0.853051126	0.858095706	0.834109783	0.809992015	0.791094303	0.775697231	0.755009711	0.749843955	0.743882954	0.737794161	0.732275486	0.728055894	0.718307793	0.712688804	0.704728365	0.694296658	0.687605858	0.683248580	0.679623187	0.673232317	0.664222836	0.656385899	0.647992730	0.637598455	0.624351561	0.609818041	0.597981274	0.585505188	0.578155637	0.575929403	0.576747715	0.576455593	0.581502497	0.586437881	0.590314269	0.594944656	0.604901850	0.619658113	0.636689365	0.656246662	0.677425742	0.698166370	0.712167501	0.718012810	0.718376458	0.716256201	0.714972854	0.714236379	0.715030491	0.717664719	0.720913947	0.722018421	0.719369531	0.713883340	0.705573082	0.695066631	0.683605850	0.678542495	0.669584036	0.660907865	0.654917657	0.652243495	0.650323510	0.649551511	0.653740227	0.662219346	0.669835567	0.675136387	0.690403223	0.711541116	0.735925734	0.762403309	0.795614600	0.829311848	0.863056600	0.895154297	0.922653854	0.938206673	0.944145262	0.952320814	0.968611658	0.992923617	1.00445378	1.02765441	1.06057191	1.09206557	1.10180712	1.09678423	1.09509087	1.09111786	1.08122289	1.06373060	1.05613387	1.06113970	1.07132399	1.08560860	1.10926032	1.14344132	1.19225121	1.24789906	1.30741668	1.37265885	1.37614393	1.40478659	1.48714590	1.60046256	1.67065930	1.69942260	1.69313180	1.73685455	1.84677601	1.97019911	2.00667334	1.97907746	1.88474870	1.75007415	1.63049090	1.58510721	1.57124877	1.58379781	1.61345303	1.64672995	1.65647030	1.62806988	1.60012805	1.57738256	1.53071129	1.46474791	1.39372742	1.32162070	1.24599600	1.15801740	1.06749213	0.994773149	0.943014920	0.928416729	0.980223894	1.09285092	1.19086134	1.27010298	1.32848382	1.36597121	1.35221303	1.30643499	1.23838198	1.15384936	1.05468202	0.967161000	0.923220515	0.936239898	1.00919521	1.13465822	1.25555313	1.36622882	1.46375775	1.54137528	1.58848059	1.58055878	1.54361105	1.47782147	1.39723086	1.32973719	1.28148901	1.24087322	1.20728195	1.17732739	1.14484239	1.09649730	1.04290462	0.989796102	0.941752434	0.902203500	0.867482543	0.828049183	0.786058724	0.743478239	0.702086568	0.663657784	0.627196491	0.592938960	0.561408222	0.533414066	0.506751299	0.479522526	0.453399032	0.429480195	0.408293366	0.393196166	0.380931288	0.369648248	0.361214250
-83.0000000	0.375614107	0.363969713	0.351905406	0.339511961	0.327240288	0.315901339	0.304447651	0.292649746	0.281738430	0.272325069	0.264401883	0.256946236	0.250507623	0.245204255	0.241336614	0.239387363	0.237834647	0.236569002	0.235720098	0.234918788	0.233297005	0.230438277	0.228183120	0.225757346	0.222921699	0.219971791	0.216872945	0.214192927	0.211842477	0.210077956	0.209501430	0.209966823	0.209433407	0.209468737	0.210300371	0.210815683	0.210773513	0.209684715	0.208108425	0.205657601	0.200998977	0.195354477	0.188859686	0.182711586	0.177554861	0.173481852	0.171653688	0.170290262	0.169415176	0.169075489	0.169341817	0.169378191	0.168894827	0.168557584	0.168601200	0.168829307	0.168274358	0.168206245	0.168202579	0.168078676	0.167887688	0.167165890	0.166132733	0.164431721	0.162400097	0.161068827	0.159251869	0.158151567	0.157561049	0.157275200	0.157090634	0.155959159	0.155521691	0.155557752	0.155755073	0.155709565	0.155370817	0.155259937	0.155380979	0.155753195	0.156410992	0.158032849	0.159982890	0.161831394	0.163712934	0.166326523	0.168311432	0.169683918	0.171251640	0.173300669	0.175595462	0.177476585	0.179213032	0.180954352	0.182787523	0.184737116	0.186439618	0.187649891	0.188543648	0.189163819	0.189420462	0.189902559	0.191309303	0.193072543	0.194791958	0.196235076	0.197326601	0.198571190	0.199536040	0.200025290	0.200079978	0.199507907	0.198942035	0.198432952	0.198151946	0.198390901	0.198098555	0.198734432	0.199879795	0.200923696	0.201062784	0.201819152	0.202241614	0.202033430	0.201278821	0.200443149	0.201169163	0.201730385	0.202115700	0.202472955	0.203109056	0.206433773	0.210839763	0.215493932	0.219828561	0.223541141	0.228569344	0.233275816	0.238357097	0.244154155	0.250652403	0.258245140	0.268099070	0.278028756	0.287504643	0.297653139	0.309769690	0.325373143	0.342356354	0.359910518	0.378525436	0.404590219	0.435335219	0.464742452	0.491956055	0.521282256	0.569877028	0.618048370	0.647613585	0.676238596	0.757438242	0.816109598	0.850390911	0.918460190	1.01668739	1.07963479	1.00458205	0.984856427	0.974423528	0.946841836	0.895263255	0.843454838	0.797121465	0.777360320	0.786630690	0.808754385	0.842795253	0.868906915	0.877141416	0.867758632	0.851226211	0.823814392	0.803668916	0.784709036	0.767168105	0.757592976	0.751470089	0.747212470	0.740865946	0.734163105	0.734523475	0.731020868	0.719772339	0.707574248	0.696437597	0.683588445	0.663680196	0.645143211	0.626861691	0.608339906	0.589701593	0.571916997	0.555188894	0.539355338	0.524934888	0.513126731	0.506195366	0.504499495	0.505447805	0.508871973	0.517026544	0.526052535	0.533642530	0.539156199	0.542709351	0.545173883	0.553306282	0.561067283	0.568907559	0.576963484	0.585056543	0.594292700	0.603881001	0.611750185	0.618135035	0.625576377	0.635057867	0.642067194	0.650835216	0.662767947	0.676447153	0.690363586	0.702578545	0.717947841	0.735876024	0.750316858	0.763069510	0.781719148	0.805343509	0.835113108	0.874290168	0.905760527	0.933672905	0.954905748	0.969651043	0.981413603	0.985907376	0.986889601	0.992986977	1.00940037	1.03790355	1.05953372	1.08353829	1.11765683	1.15022182	1.15015876	1.14548790	1.13746619	1.12859106	1.11716247	1.09728336	1.10075712	1.10558629	1.10978293	1.11733890	1.13822544	1.16553414	1.21137738	1.26705253	1.32232773	1.36544180	1.36250591	1.38094962	1.44586635	1.54189062	1.61319804	1.63904202	1.63504577	1.61964226	1.60921443	1.61809313	1.59654999	1.57103992	1.53024447	1.48101389	1.44836688	1.43418479	1.45349371	1.50287056	1.57585895	1.66296995	1.73755348	1.78300226	1.80977345	1.80682540	1.74161851	1.60037959	1.44093406	1.28253388	1.12972188	0.972330987	0.859122872	0.797054946	0.790314078	0.855200052	1.02012563	1.20927930	1.34102726	1.45130396	1.54288673	1.58539510	1.51352859	1.37866223	1.20703971	1.02713537	0.869652390	0.769219816	0.700022519	0.667537451	0.676191330	0.729361117	0.777450800	0.835706532	0.897008240	0.949127376	0.974727333	0.994344294	1.00779808	1.00629485	0.990145922	0.968767345	0.937134981	0.905137956	0.878175020	0.859423876	0.849841297	0.840267837	0.829790056	0.812805474	0.788651705	0.761605918	0.734768271	0.707518578	0.682213247	0.659229517	0.636965275	0.617297649	0.595396757	0.571996391	0.547438323	0.521672904	0.496876776	0.473559558	0.453373253	0.436867833	0.423491448	0.414660543	0.405804098	0.396244913	0.388554752
-84.0000000	0.386003405	0.372142822	0.358304292	0.344414383	0.330727696	0.317827255	0.306767106	0.296337992	0.286932349	0.278904557	0.272571385	0.266407758	0.260833740	0.255908310	0.251765817	0.248615950	0.246477589	0.244906351	0.243155271	0.240994990	0.238713413	0.235948414	0.235357776	0.235618427	0.235431001	0.233519852	0.232370570	0.232473284	0.232836664	0.233005986	0.233063117	0.232795000	0.231914818	0.230753094	0.229399398	0.227702275	0.226612762	0.225859940	0.224727541	0.222778708	0.219855979	0.215451539	0.209649831	0.203925803	0.198799029	0.193833679	0.189850375	0.186339438	0.183677435	0.181994408	0.181173891	0.180478573	0.179909199	0.179932103	0.180882052	0.182962239	0.184805676	0.186572060	0.188236088	0.189555526	0.190071091	0.189504489	0.189674765	0.189549163	0.188843906	0.188023999	0.186339304	0.185219169	0.184657693	0.184514880	0.184516609	0.184161916	0.183230489	0.182738334	0.182820931	0.182733089	0.182258233	0.182302281	0.183112130	0.184438318	0.185535118	0.186667114	0.187976807	0.189455196	0.191280320	0.193817347	0.195891365	0.197455794	0.199128002	0.201030225	0.202789754	0.204399779	0.206285998	0.207884505	0.209154814	0.210579962	0.212026179	0.213091642	0.214153841	0.215378568	0.216719911	0.217153534	0.217714578	0.218609422	0.219779119	0.220899284	0.220974416	0.221404687	0.221732765	0.221807376	0.221783027	0.221725836	0.221388385	0.220951602	0.220713437	0.221088767	0.219770640	0.218479618	0.217760354	0.217468664	0.216771618	0.215310112	0.214174777	0.212704793	0.211212382	0.210982785	0.211311400	0.212320119	0.213572323	0.214776114	0.215784073	0.219330564	0.223183349	0.226854771	0.230290070	0.233867303	0.236900717	0.242085651	0.247646511	0.252808511	0.257797897	0.263239443	0.271809042	0.281381160	0.291131675	0.301537901	0.315125734	0.328271329	0.339991778	0.349212468	0.354767025	0.365414619	0.374571323	0.382503957	0.389896691	0.397851139	0.416074276	0.443024784	0.474008411	0.512932003	0.572303951	0.665316164	0.734719992	0.824651480	0.933906496	1.01594067	1.00372219	1.00187981	0.996863484	0.968550444	0.890244961	0.877657533	0.904287875	0.938697636	0.968360722	0.999663234	0.954400539	0.937640190	0.922846317	0.891238928	0.831793904	0.761809707	0.723265827	0.700230539	0.692332625	0.714761257	0.764378250	0.804364443	0.850975811	0.916003287	1.00677264	1.01253605	0.987478971	0.967389762	0.962278485	0.956375897	0.923954070	0.884291649	0.839477599	0.794705629	0.758274436	0.722211838	0.686056435	0.654398203	0.628256679	0.605080843	0.588163435	0.573786914	0.561422169	0.552742779	0.551624835	0.554861307	0.556650221	0.558446765	0.560794055	0.563322902	0.572391093	0.581099510	0.588926494	0.596126556	0.603730679	0.614513099	0.626071930	0.639231205	0.653377354	0.666458905	0.685333192	0.702333212	0.723854721	0.751103044	0.780092478	0.807328165	0.832950711	0.858158231	0.881078541	0.896769404	0.924107909	0.940485060	0.957717121	0.986077368	1.03429508	1.05773556	1.07934606	1.09079957	1.09472251	1.10469484	1.10883391	1.12239194	1.13189709	1.13358569	1.13340127	1.13696468	1.14762461	1.15739679	1.15814435	1.14157903	1.12700582	1.11041307	1.09215879	1.07464290	1.06230628	1.07386875	1.09098637	1.11151338	1.13421226	1.15875447	1.19008100	1.22827423	1.27403688	1.32057774	1.35361183	1.36166477	1.36096883	1.36152875	1.36999190	1.38964748	1.41397631	1.42833066	1.43075609	1.42098498	1.40043664	1.38897753	1.38369668	1.37131774	1.34725833	1.31563079	1.31233025	1.33007979	1.36880159	1.42641521	1.49883759	1.55718946	1.59416270	1.59925985	1.56412232	1.48253059	1.34477866	1.19930303	1.06111884	0.939004838	0.835502565	0.766157150	0.721625507	0.723688364	0.785315752	0.910667360	1.02629042	1.10543299	1.16950035	1.22304142	1.25374877	1.23417985	1.18494809	1.11118805	1.02432799	0.942088842	0.870609164	0.804203093	0.743472636	0.691634715	0.654521286	0.640090764	0.636978567	0.638619184	0.639326811	0.634295046	0.635460675	0.642055392	0.646870971	0.647263646	0.645154417	0.642682850	0.639470398	0.635944664	0.632809401	0.631044567	0.626991510	0.622888803	0.615239441	0.604743779	0.596299767	0.585557699	0.575530767	0.565909684	0.557083666	0.550140321	0.541914403	0.533112407	0.523562908	0.513169467	0.501910627	0.491006851	0.478866488	0.466396928	0.454806745	0.445605606	0.435332209	0.423902452	0.411878705	0.402704507
-85.0000000	0.339899480	0.329843372	0.321498632	0.314147890	0.307197303	0.300176769	0.295227259	0.292025387	0.288614899	0.284658372	0.281437248	0.278037906	0.276255161	0.274434894	0.272054672	0.269723624	0.266683638	0.264289051	0.262874097	0.261809230	0.259500951	0.257977098	0.256966710	0.256432414	0.256176949	0.255843043	0.256773144	0.257913709	0.258680880	0.258496463	0.256787986	0.255536377	0.254882991	0.254197270	0.252840012	0.250163406	0.247749925	0.245871261	0.244227439	0.242126644	0.238485336	0.235019207	0.230976075	0.225514680	0.218971312	0.212859631	0.207484290	0.202863380	0.199340329	0.196757689	0.194457054	0.192686841	0.192814723	0.193574592	0.194457844	0.195713356	0.197510004	0.199777305	0.201836243	0.203554839	0.205347940	0.207621172	0.209536254	0.210946769	0.211631626	0.211295024	0.212315574	0.212776721	0.213474035	0.214184195	0.213665009	0.213199064	0.213112876	0.213912711	0.215382725	0.216584936	0.216051400	0.216104701	0.217337325	0.219591439	0.221958995	0.222792044	0.222906470	0.223523930	0.225226492	0.227956668	0.229454771	0.230479285	0.232136682	0.234158561	0.234901533	0.236305207	0.237625852	0.238964334	0.240221247	0.241097227	0.242970765	0.244691446	0.245694280	0.246301904	0.247724608	0.248336464	0.248791650	0.249405861	0.250033051	0.250065506	0.249665782	0.249406785	0.248768389	0.247494832	0.245594665	0.244809881	0.243880987	0.243017092	0.241913617	0.239752263	0.237881303	0.236425579	0.236032128	0.235697851	0.232769504	0.230890825	0.230269402	0.230313852	0.230934262	0.232542291	0.233786806	0.235427082	0.237706944	0.240422547	0.242922187	0.246809021	0.248009384	0.248698890	0.250135690	0.252660602	0.253508061	0.255265176	0.257341683	0.259993017	0.264320314	0.266812265	0.269923240	0.274714947	0.281173259	0.288208127	0.297634482	0.304244131	0.310961127	0.318790495	0.326818317	0.335813075	0.338731259	0.342123538	0.348798633	0.357823014	0.366519451	0.385502011	0.411219358	0.439396590	0.465034992	0.495258391	0.532251954	0.568305433	0.594526052	0.600838721	0.591344118	0.568950355	0.548243403	0.528106749	0.491720766	0.481016159	0.497284293	0.515880585	0.530469418	0.553024054	0.542079508	0.544489086	0.551478684	0.558390558	0.564683080	0.598257542	0.654827297	0.726078331	0.807867765	0.900223255	0.985886276	1.06969225	1.18691707	1.35436189	1.57035279	1.61987054	1.54357564	1.42209280	1.34390128	1.40533221	1.41956460	1.38160992	1.32660747	1.28005028	1.25778604	1.23291886	1.20661902	1.17818534	1.14223468	1.08870244	1.02659810	0.982808232	0.947882473	0.916196764	0.885953128	0.861348093	0.852340877	0.852125704	0.856512606	0.863927484	0.888201773	0.905417740	0.927463293	0.954544604	0.975184560	0.977914095	0.982836843	0.980490983	0.969503820	0.956590891	0.955617189	0.949567556	0.943985224	0.945689082	0.962773860	0.995853364	1.02502215	1.05497205	1.08078635	1.08793950	1.09797943	1.11494029	1.13880301	1.16894209	1.20412660	1.20951498	1.20775998	1.20592201	1.20895374	1.21969986	1.22582686	1.22661519	1.22400939	1.21537709	1.19350851	1.18840992	1.17447221	1.15184236	1.12594354	1.10747468	1.09651589	1.08038843	1.06511021	1.05478859	1.05162013	1.05714571	1.07853115	1.10323870	1.12236047	1.13061774	1.17522442	1.21260738	1.24300182	1.26794755	1.29028869	1.29508185	1.28387225	1.25965929	1.22687972	1.19140804	1.17696047	1.18390131	1.19825184	1.21081257	1.21716392	1.21107829	1.18996179	1.16460109	1.14148593	1.12281013	1.11527252	1.11280203	1.11681724	1.12865865	1.14958835	1.16373610	1.16080666	1.14147866	1.10548639	1.05162120	0.984576285	0.916276753	0.848589957	0.788176358	0.746490479	0.728162050	0.724156260	0.729865849	0.740881622	0.752991617	0.772628665	0.787453830	0.795762539	0.798100114	0.797262192	0.786998451	0.775525331	0.762159944	0.748575687	0.738801777	0.724713922	0.709897637	0.695556283	0.681605458	0.666672409	0.658980548	0.651154220	0.642400920	0.634506941	0.631836832	0.623948753	0.619774401	0.613226473	0.603348494	0.594314456	0.585424542	0.572314441	0.559085250	0.547664821	0.537807643	0.531821251	0.523684263	0.514139950	0.505299568	0.500642419	0.491346627	0.484302521	0.476101309	0.466651917	0.459181011	0.452496946	0.444557220	0.436907589	0.429962456	0.423004866	0.414809823	0.407242209	0.399138987	0.390508652	0.382531017	0.374857605	0.365588307	0.356367469	0.349887192
-86.0000000	0.331494600	0.326205730	0.321594328	0.317827702	0.314343512	0.309849828	0.306457698	0.306308478	0.305736542	0.303278595	0.299673587	0.294803768	0.293264657	0.293343723	0.293500125	0.292364776	0.289290249	0.287852615	0.286755800	0.285206556	0.282914251	0.280817240	0.279673815	0.278961301	0.278256595	0.277236134	0.277210295	0.277835995	0.279264748	0.280766666	0.280730486	0.279726326	0.277608424	0.275564283	0.274125934	0.273170084	0.271061599	0.267249554	0.263354301	0.259892583	0.256277710	0.252735287	0.248340920	0.243371964	0.237919375	0.231887698	0.226876944	0.224280566	0.222430095	0.219794363	0.214979440	0.211344928	0.210223809	0.210000947	0.209936991	0.210168615	0.210553721	0.211151779	0.211861566	0.212614566	0.213374928	0.213638514	0.213773191	0.214324743	0.215143710	0.215385467	0.216375589	0.218137980	0.220104963	0.221723899	0.222457275	0.222173616	0.223072335	0.224615544	0.226438433	0.228349313	0.228567675	0.228799313	0.229613662	0.231625021	0.235492393	0.236745298	0.235578105	0.235085323	0.236315429	0.238270834	0.240208298	0.242164880	0.243160993	0.243327081	0.243903905	0.246488005	0.248449117	0.249665052	0.250184983	0.250229120	0.250667512	0.251876205	0.253174782	0.253970295	0.253757060	0.253890753	0.254341006	0.254910767	0.255322576	0.255218595	0.255713314	0.256112218	0.256440371	0.256843746	0.257589072	0.258311987	0.259125859	0.259927064	0.260539472	0.260714710	0.261136860	0.261364192	0.261831999	0.261932999	0.260017157	0.259989440	0.260495752	0.260820776	0.260924041	0.261440068	0.261338323	0.260815203	0.261603594	0.263387471	0.263802290	0.263120562	0.261594623	0.261150509	0.261727780	0.261279494	0.260030389	0.258922666	0.258706003	0.259854406	0.262566417	0.263397276	0.263414621	0.264476448	0.267002642	0.269975096	0.273028404	0.276063204	0.279186100	0.283822000	0.292714268	0.297888964	0.300534904	0.305073529	0.310084581	0.308305889	0.304675639	0.305099308	0.305420280	0.302050531	0.291970551	0.282385677	0.276290655	0.269944549	0.261621535	0.251611233	0.241312668	0.232527971	0.228039935	0.228909925	0.234477997	0.246274486	0.259772152	0.273938954	0.290067613	0.311775625	0.343018442	0.373300284	0.406391919	0.443815053	0.484842569	0.533547342	0.589831889	0.658893228	0.741335511	0.833170354	0.916002035	1.01762450	1.13478947	1.26201713	1.39159596	1.47687960	1.53066874	1.55324328	1.56975460	1.63022518	1.66672170	1.67256045	1.65606236	1.62333417	1.57826877	1.53153908	1.49431610	1.45439482	1.40430737	1.34132338	1.26830661	1.20383334	1.14344120	1.09127617	1.06009197	1.03737104	1.05624211	1.09505415	1.14633775	1.21680510	1.27092755	1.31387997	1.35925615	1.40343094	1.42555964	1.43343401	1.41684711	1.38342261	1.33864248	1.28584719	1.22865760	1.16522050	1.10589659	1.05562317	1.01391280	0.999370217	0.992641330	0.993040621	0.998891652	1.00752687	1.02120256	1.03623879	1.05457234	1.07359278	1.08614337	1.08693957	1.09265423	1.10759640	1.13166034	1.16032445	1.17517412	1.18525994	1.19435561	1.20248187	1.20590591	1.23043907	1.25141716	1.27185667	1.28804326	1.28953397	1.26855290	1.24792480	1.23271596	1.22202778	1.20899737	1.19765294	1.18228745	1.16443300	1.14587080	1.12863195	1.14065504	1.16212535	1.17897475	1.18024468	1.15808511	1.12115121	1.10694289	1.10260451	1.09591758	1.07530081	1.03474712	1.00279427	0.972171485	0.941831112	0.916948259	0.885356843	0.846352756	0.810099542	0.781686783	0.761129677	0.751721561	0.752434075	0.758662939	0.771123111	0.795848846	0.822727799	0.840569317	0.854396284	0.867031872	0.879099905	0.881321311	0.875137150	0.862329662	0.847181380	0.836474061	0.831644654	0.826876462	0.818180740	0.803157091	0.780992985	0.759608865	0.747508705	0.739710033	0.730665743	0.714264572	0.698489726	0.690054059	0.683580279	0.676215112	0.667628586	0.658068180	0.653340101	0.649872899	0.645767510	0.640797794	0.634284556	0.624305964	0.611689687	0.599071264	0.590893686	0.583292305	0.573251545	0.560995400	0.547622919	0.535108984	0.529744208	0.517407119	0.503325582	0.491965294	0.487029850	0.477515370	0.469340265	0.460928082	0.453137726	0.449263841	0.439921737	0.434201896	0.429429561	0.423710346	0.415930212	0.412290394	0.405700356	0.398245424	0.391818464	0.388120174	0.379210293	0.372174770	0.367535591	0.363783002	0.357375562	0.349226654	0.342926443	0.338560104	0.336273432
-87.0000000	0.345375329	0.341427296	0.338521749	0.335425854	0.332121402	0.329804778	0.327612370	0.324661702	0.321300477	0.318162650	0.316168606	0.315355152	0.313873798	0.311797619	0.309644401	0.308376521	0.306295484	0.303795874	0.301871866	0.300866365	0.300470769	0.299293756	0.297993481	0.297357798	0.297977239	0.300245136	0.301486313	0.302568525	0.303662688	0.304004580	0.301894844	0.301272720	0.301338464	0.301491678	0.301892519	0.303461939	0.305038691	0.306382507	0.306154907	0.304033518	0.300712138	0.298911065	0.297283471	0.296111673	0.294898182	0.292365581	0.289307803	0.287836611	0.286119223	0.283069909	0.278350025	0.274376839	0.269864678	0.265588164	0.262153834	0.260000408	0.258257508	0.256507784	0.254500419	0.252525181	0.251412392	0.249461710	0.247318506	0.245280042	0.243346065	0.241218776	0.239487290	0.239135921	0.239377111	0.239782065	0.240280643	0.240348250	0.240269959	0.239894569	0.239530191	0.239944205	0.242403448	0.243766874	0.244008034	0.243727952	0.244154990	0.245093867	0.246530369	0.248199284	0.249806076	0.251027167	0.252833456	0.255212009	0.256978869	0.257977813	0.259080261	0.260840833	0.263111383	0.265759081	0.268097639	0.268887281	0.269975364	0.271378547	0.273120195	0.274709344	0.275140613	0.275841951	0.276799858	0.277893215	0.278757989	0.278787285	0.279590040	0.279852331	0.279978484	0.280080646	0.279978812	0.280377001	0.281218469	0.282111973	0.283149689	0.284907103	0.285329074	0.286456734	0.287317514	0.287480712	0.287057459	0.288505226	0.290112376	0.291420013	0.292542279	0.294165939	0.295932263	0.296227068	0.297422439	0.299729228	0.301197261	0.301545024	0.301991522	0.302898824	0.303957015	0.304184526	0.303838640	0.302618653	0.301218569	0.300243735	0.300211042	0.298832268	0.297076613	0.295955211	0.295960337	0.297065645	0.297101408	0.296916902	0.296426952	0.295747161	0.295194238	0.295639634	0.295683324	0.296285748	0.296809435	0.295018673	0.294293374	0.293262869	0.292215556	0.291131407	0.289681762	0.288158745	0.287196815	0.287196934	0.289045036	0.294112056	0.300983757	0.310021073	0.321407348	0.334619820	0.348429561	0.362594038	0.377104402	0.392618001	0.409896404	0.429805279	0.450739294	0.470025599	0.490986675	0.515667617	0.544835925	0.571011603	0.602443218	0.639407456	0.681404710	0.727159619	0.768790603	0.809732139	0.846912503	0.881627560	0.919540286	0.957035959	0.995682061	1.02312195	1.03873479	1.05363619	1.05135345	1.04996943	1.04407310	1.02800071	0.995835125	0.962670505	0.938912988	0.914172769	0.885489702	0.857333839	0.836899996	0.816873431	0.797252774	0.780635118	0.772215605	0.765077829	0.767257452	0.774125755	0.784701884	0.801653147	0.812661171	0.824101508	0.836498916	0.847312391	0.850935400	0.853488207	0.847890019	0.837668955	0.824583948	0.808624089	0.791180730	0.772166073	0.753978968	0.738657296	0.727878690	0.724426448	0.725254178	0.729918301	0.737691939	0.747564137	0.763538718	0.775635123	0.785434127	0.793752253	0.800640643	0.803362131	0.814278483	0.829019070	0.845899284	0.865920186	0.887582958	0.904298484	0.921244740	0.941163778	0.964360774	0.981403887	1.00062466	1.01995397	1.03691363	1.04861546	1.05321252	1.05791843	1.05636048	1.04759550	1.03611004	1.02128363	1.00663841	0.992077947	0.974704385	0.948818147	0.928823233	0.915689826	0.904321909	0.892394364	0.880353332	0.871751606	0.869493186	0.871421158	0.873223364	0.868432522	0.856104016	0.842335880	0.824081838	0.803792059	0.789413452	0.775511324	0.760284126	0.743573248	0.726663172	0.712281644	0.701830924	0.692898631	0.688429415	0.689581931	0.695729136	0.704434752	0.710542500	0.715438545	0.720591784	0.727553189	0.732370913	0.734046280	0.733985305	0.733834803	0.735482931	0.728093505	0.722108603	0.719065547	0.715268731	0.701789796	0.692682445	0.686240435	0.681766689	0.674947143	0.657851279	0.649667859	0.648053706	0.646091998	0.640505791	0.631658196	0.621391356	0.612983584	0.607380152	0.602909923	0.595285654	0.586319327	0.576803088	0.567165971	0.557430446	0.547212839	0.539621949	0.531937957	0.522986114	0.513069034	0.503967345	0.497210771	0.491073430	0.484020025	0.475816697	0.467531204	0.459184885	0.453270078	0.447538286	0.441309124	0.435469955	0.428677082	0.423618585	0.418046445	0.411775112	0.406681627	0.404572010	0.399457604	0.393745959	0.388920456	0.385540336	0.381286800	0.375632614	0.370842934	0.367764562	0.365825862	0.362183392	0.358090460	0.353676945	0.350238949
-88.0000000	0.390537381	0.387659341	0.384920180	0.383217394	0.382372826	0.381133229	0.379790306	0.377693474	0.374564052	0.370705515	0.367003381	0.364510298	0.362756699	0.361945182	0.361204505	0.358589530	0.356205434	0.354716629	0.353661597	0.352734268	0.351784408	0.350867212	0.349355817	0.347820997	0.346652150	0.346057236	0.344847620	0.343451738	0.342083365	0.341085583	0.340930790	0.343350649	0.344140619	0.345022470	0.346318215	0.346950233	0.348939955	0.350424111	0.351270169	0.351458341	0.351080924	0.350461215	0.351977438	0.354166627	0.356078744	0.357276827	0.358921617	0.359215707	0.356988579	0.353143722	0.350658774	0.347562373	0.346186072	0.344003171	0.340290427	0.336127877	0.331960231	0.329858691	0.328654259	0.328219771	0.329469919	0.330952227	0.331084162	0.329300046	0.325908482	0.322092414	0.318226963	0.315201879	0.313059658	0.311627924	0.310519338	0.309843749	0.308781564	0.307239085	0.305519581	0.304323316	0.304207951	0.305631876	0.306329638	0.306000710	0.306309253	0.307681650	0.308168054	0.307936043	0.307088286	0.305662662	0.306656301	0.308916211	0.311461002	0.313502073	0.314443171	0.316700041	0.319435418	0.321654379	0.323014200	0.323824435	0.327504873	0.329687893	0.330713779	0.331757873	0.334830135	0.338844001	0.342444509	0.345782429	0.348497152	0.349716723	0.350512415	0.352427781	0.354320884	0.355933577	0.357891262	0.359843791	0.360642999	0.361090422	0.361612231	0.362258911	0.364269614	0.365882516	0.366987437	0.367793590	0.368829697	0.370906413	0.371738166	0.372038543	0.372439176	0.373489797	0.375066489	0.375817716	0.376224667	0.376322240	0.375699311	0.375415057	0.375956923	0.377465248	0.379953623	0.383308977	0.383169353	0.382753670	0.383435726	0.384377450	0.382529050	0.380918801	0.380633354	0.380804569	0.380930096	0.380873442	0.381219178	0.381078690	0.380919546	0.380871326	0.380725265	0.382643372	0.386094123	0.390454680	0.394738495	0.397595048	0.399087220	0.401256084	0.404330701	0.408595502	0.414390147	0.420607090	0.425728261	0.430715650	0.437038302	0.446672171	0.457319587	0.467109591	0.476238966	0.483816445	0.487862140	0.494232029	0.504422843	0.516420960	0.527229309	0.532866716	0.540646851	0.548439264	0.556718886	0.565605760	0.574865043	0.587334573	0.597394168	0.607128203	0.618106127	0.631382942	0.642681837	0.654083073	0.664134860	0.671589792	0.675404906	0.679961681	0.685846627	0.689961970	0.692371488	0.696300864	0.697429478	0.702762425	0.709461391	0.713833690	0.711332798	0.700112581	0.694693148	0.691638112	0.688263237	0.682635963	0.687505007	0.690203607	0.689649224	0.685665429	0.678982258	0.670663834	0.663526595	0.658318043	0.654495418	0.650225699	0.650403559	0.646800518	0.642352521	0.638067901	0.633027434	0.633065820	0.633587658	0.634619236	0.636549473	0.640129924	0.643494666	0.645608902	0.647436440	0.649690807	0.652835071	0.654560506	0.656515658	0.658555388	0.660433888	0.661804736	0.662839413	0.661548495	0.659481823	0.657752633	0.657037020	0.656503856	0.656031311	0.656105161	0.656364143	0.655599833	0.657117546	0.656836450	0.656366110	0.656507015	0.657250524	0.658750415	0.661084354	0.663073123	0.664082527	0.664022863	0.667139769	0.669237435	0.672095478	0.675346494	0.676475286	0.675511777	0.673334777	0.671436906	0.668954849	0.662669480	0.660814106	0.659361959	0.658614695	0.658613563	0.659139454	0.657809258	0.657386303	0.659561813	0.662418902	0.660432756	0.662350833	0.666473746	0.668931425	0.668505609	0.666630566	0.671152174	0.672515392	0.672886908	0.673306465	0.673686564	0.672805190	0.673806012	0.673900485	0.672548354	0.671457648	0.670773685	0.671420753	0.672671020	0.673746288	0.673818767	0.667434752	0.662630856	0.661178112	0.662431061	0.663328052	0.661901653	0.658345878	0.655136228	0.652995408	0.650893629	0.650631189	0.648468137	0.647413313	0.646114826	0.638860047	0.633476377	0.629513800	0.625037134	0.620061994	0.616555512	0.611183643	0.606376886	0.601600647	0.595914304	0.587970734	0.582604229	0.576790273	0.570632100	0.564441144	0.558737338	0.553118706	0.547633886	0.541601658	0.535483062	0.530881584	0.525556922	0.520115912	0.514341474	0.508334517	0.502514303	0.497998685	0.492203742	0.486842811	0.481978357	0.476022005	0.470345199	0.465879112	0.461407483	0.456149489	0.449759424	0.446155936	0.441426218	0.436082870	0.430863380	0.426730007	0.423154503	0.419041455	0.415462285	0.413285583	0.413177103	0.408873379	0.403760165	0.398666739	0.395063877
-89.0000000	0.460312575	0.460312873	0.460311890	0.460311562	0.460312098	0.460312158	0.460313410	0.460312873	0.460311800	0.460311294	0.460312158	0.460310787	0.460310191	0.460310072	0.460310757	0.460313022	0.460311919	0.460312277	0.460312068	0.460310966	0.460310429	0.460314363	0.460312635	0.460312009	0.460313827	0.460314095	0.460312486	0.460311592	0.460311562	0.460312694	0.460315555	0.460311204	0.460310638	0.460310876	0.460311085	0.460312426	0.460311621	0.460313946	0.460314125	0.460312217	0.460313767	0.460311443	0.460310727	0.460310727	0.460310996	0.460311860	0.460311204	0.460310876	0.460310519	0.460310489	0.460311741	0.460311770	0.460312247	0.460311711	0.460311443	0.460315973	0.460314244	0.460315049	0.460313916	0.460311323	0.460312128	0.460310549	0.460310221	0.460310280	0.460310668	0.460312039	0.460313499	0.460312635	0.460311383	0.460310876	0.460310996	0.460311681	0.460311353	0.460311085	0.460311294	0.460312247	0.460310608	0.460312247	0.460312486	0.460311234	0.460313141	0.460310936	0.460312635	0.460313022	0.460311323	0.460310966	0.460311979	0.460311830	0.460311741	0.460312068	0.460312158	0.460310519	0.460310549	0.460310996	0.460311145	0.460310578	0.460311264	0.460311681	0.460311562	0.460311085	0.460310698	0.460310131	0.460310549	0.460310936	0.460310817	0.460310102	0.460310549	0.460309565	0.460309684	0.460311294	0.460312843	0.460312486	0.460312158	0.460312068	0.460311800	0.460310429	0.460310757	0.460310549	0.460310340	0.460310578	0.460312068	0.460311979	0.460311413	0.460311115	0.460310966	0.460310072	0.460310310	0.460310459	0.460310549	0.460311115	0.460313529	0.460312337	0.460310966	0.460310221	0.460310906	0.460313886	0.460311949	0.460311621	0.460311890	0.460311919	0.460310996	0.460311204	0.460312814	0.460312694	0.460310876	0.460310191	0.460310191	0.460312933	0.460312992	0.460310578	0.460311830	0.460313022	0.460312456	0.460312814	0.460313737	0.460311621	0.460313529	0.460313082	0.460311770	0.460310757	0.460310847	0.460312039	0.460312158	0.460312217	0.460313112	0.460315615	0.460315377	0.460313171	0.460311502	0.460310966	0.460310549	0.460310549	0.460310519	0.460311383	0.460312396	0.460310757	0.460310817	0.460310638	0.460310578	0.460310727	0.460310966	0.460310578	0.460311562	0.460311800	0.460310847	0.460310340	0.460310519	0.460310370	0.460310280	0.460310429	0.460311115	0.460311949	0.460311204	0.460310817	0.460311353	0.460312128	0.460312188	0.460311681	0.460311294	0.460311830	0.460314095	0.460311025	0.460310966	0.460311443	0.460311860	0.460313380	0.460312158	0.460311592	0.460310876	0.460311145	0.460315198	0.460311890	0.460310727	0.460310429	0.460310638	0.460311949	0.460311949	0.460310936	0.460310221	0.460310489	0.460312039	0.460313678	0.460311413	0.460309833	0.460310191	0.460310549	0.460310280	0.460310787	0.460313052	0.460314929	0.460311204	0.460310817	0.460311383	0.460311800	0.460311621	0.460310936	0.460312098	0.460310966	0.460310429	0.460311055	0.460311323	0.460310847	0.460311711	0.460312426	0.460312396	0.460311949	0.460313022	0.460312128	0.460313618	0.460316330	0.460313588	0.460312366	0.460311204	0.460310429	0.460311323	0.460315764	0.460311919	0.460311711	0.460311413	0.460310280	0.460310549	0.460311025	0.460311204	0.460311055	0.460311085	0.460312486	0.460310876	0.460311323	0.460312754	0.460314095	0.460314333	0.460312396	0.460310817	0.460310638	0.460311323	0.460311085	0.460313767	0.460313886	0.460313618	0.460313171	0.460310400	0.460310519	0.460311353	0.460311890	0.460311204	0.460308850	0.460315108	0.460313201	0.460310698	0.460310817	0.460312366	0.460312217	0.460311234	0.460310578	0.460311145	0.460313708	0.460311502	0.460310966	0.460310727	0.460311204	0.460315228	0.460311502	0.460313797	0.460314065	0.460311145	0.460310996	0.460312158	0.460313261	0.460313827	0.460313201	0.460310429	0.460310221	0.460311085	0.460311681	0.460312009	0.460313201	0.460312277	0.460312396	0.460311234	0.460309595	0.460311264	0.460312992	0.460312158	0.460312277	0.460313827	0.460314214	0.460314035	0.460312217	0.460310847	0.460310608	0.460310757	0.460310489	0.460311294	0.460311592	0.460310876	0.460310191	0.460310429	0.460310817	0.460311979	0.460312426	0.460308760	0.460308790	0.460310429	0.460311204	0.460310847	0.460311294	0.460310608	0.460310012	0.460309356	0.460309446	0.460311860	0.460310727	0.460310340	0.460310310	0.460311085	0.460313946	0.460311115	0.460310996	0.460311502	0.460311502
-90.0000000	0.460312575	0.460312873	0.460311890	0.460311562	0.460312098	0.460312158	0.460313410	0.460312873	0.460311800	0.460311294	0.460312158	0.460310787	0.460310191	0.460310072	0.460310757	0.460313022	0.460311919	0.460312277	0.460312068	0.460310966	0.460310429	0.460314363	0.460312635	0.460312009	0.460313827	0.460314095	0.460312486	0.460311592	0.460311562	0.460312694	0.460315555	0.460311204	0.460310638	0.460310876	0.460311085	0.460312426	0.460311621	0.460313946	0.460314125	0.460312217	0.460313767	0.460311443	0.460310727	0.460310727	0.460310996	0.460311860	0.460311204	0.460310876	0.460310519	0.460310489	0.460311741	0.460311770	0.460312247	0.460311711	0.460311443	0.460315973	0.460314244	0.460315049	0.460313916	0.460311323	0.460312128	0.460310549	0.460310221	0.460310280	0.460310668	0.460312039	0.460313499	0.460312635	0.460311383	0.460310876	0.460310996	0.460311681	0.460311353	0.460311085	0.460311294	0.460312247	0.460310608	0.460312247	0.460312486	0.460311234	0.460313141	0.460310936	0.460312635	0.460313022	0.460311323	0.460310966	0.460311979	0.460311830	0.460311741	0.460312068	0.460312158	0.460310519	0.460310549	0.460310996	0.460311145	0.460310578	0.460311264	0.460311681	0.460311562	0.460311085	0.460310698	0.460310131	0.460310549	0.460310936	0.460310817	0.460310102	0.460310549	0.460309565	0.460309684	0.460311294	0.460312843	0.460312486	0.460312158	0.460312068	0.460311800	0.460310429	0.460310757	0.460310549	0.460310340	0.460310578	0.460312068	0.460311979	0.460311413	0.460311115	0.460310966	0.460310072	0.460310310	0.460310459	0.460310549	0.460311115	0.460313529	0.460312337	0.460310966	0.460310221	0.460310906	0.460313886	0.460311949	0.460311621	0.460311890	0.460311919	0.460310996	0.460311204	0.460312814	0.460312694	0.460310876	0.460310191	0.460310191	0.460312933	0.460312992	0.460310578	0.460311830	0.460313022	0.460312456	0.460312814	0.460313737	0.460311621	0.460313529	0.460313082	0.460311770	0.460310757	0.460310847	0.460312039	0.460312158	0.460312217	0.460313112	0.460315615	0.460315377	0.460313171	0.460311502	0.460310966	0.460310549	0.460310549	0.460310519	0.460311383	0.460312396	0.460310757	0.460310817	0.460310638	0.460310578	0.460310727	0.460310966	0.460310578	0.460311562	0.460311800	0.460310847	0.460310340	0.460310519	0.460310370	0.460310280	0.460310429	0.460311115	0.460311949	0.460311204	0.460310817	0.460311353	0.460312128	0.460312188	0.460311681	0.460311294	0.460311830	0.460314095	0.460311025	0.460310966	0.460311443	0.460311860	0.460313380	0.460312158	0.460311592	0.460310876	0.460311145	0.460315198	0.460311890	0.460310727	0.460310429	0.460310638	0.460311949	0.460311949	0.460310936	0.460310221	0.460310489	0.460312039	0.460313678	0.460311413	0.460309833	0.460310191	0.460310549	0.460310280	0.460310787	0.460313052	0.460314929	0.460311204	0.460310817	0.460311383	0.460311800	0.460311621	0.460310936	0.460312098	0.460310966	0.460310429	0.460311055	0.460311323	0.460310847	0.460311711	0.460312426	0.460312396	0.460311949	0.460313022	0.460312128	0.460313618	0.460316330	0.460313588	0.460312366	0.460311204	0.460310429	0.460311323	0.460315764	0.460311919	0.460311711	0.460311413	0.460310280	0.460310549	0.460311025	0.460311204	0.460311055	0.460311085	0.460312486	0.460310876	0.460311323	0.460312754	0.460314095	0.460314333	0.460312396	0.460310817	0.460310638	0.460311323	0.460311085	0.460313767	0.460313886	0.460313618	0.460313171	0.460310400	0.460310519	0.460311353	0.460311890	0.460311204	0.460308850	0.460315108	0.460313201	0.460310698	0.460310817	0.460312366	0.460312217	0.460311234	0.460310578	0.460311145	0.460313708	0.460311502	0.460310966	0.460310727	0.460311204	0.460315228	0.460311502	0.460313797	0.460314065	0.460311145	0.460310996	0.460312158	0.460313261	0.460313827	0.460313201	0.460310429	0.460310221	0.460311085	0.460311681	0.460312009	0.460313201	0.460312277	0.460312396	0.460311234	0.460309595	0.460311264	0.460312992	0.460312158	0.460312277	0.460313827	0.460314214	0.460314035	0.460312217	0.460310847	0.460310608	0.460310757	0.460310489	0.460311294	0.460311592	0.460310876	0.460310191	0.460310429	0.460310817	0.460311979	0.460312426	0.460308760	0.460308790	0.460310429	0.460311204	0.460310847	0.460311294	0.460310608	0.460310012	0.460309356	0.460309446	0.460311860	0.460310727	0.460310340	0.460310310	0.460311085	0.460313946	0.460311115	0.460310996	0.460311502	0.460311502
