xmlns:cpt=http://iri.columbia.edu/CPT/v10/
cpt:nfields=1
cpt:field=precip, cpt:T=2026-01/03, cpt:S=2025-12-01, cpt:nrow=181, cpt:ncol=360, cpt:row=Y, cpt:col=X, cpt:units=millimeters per day, cpt:missing=-999.00000000000000               
	0.00000000	1.00000000	2.00000000	3.00000000	4.00000000	5.00000000	6.00000000	7.00000000	8.00000000	9.00000000	10.0000000	11.0000000	12.0000000	13.0000000	14.0000000	15.0000000	16.0000000	17.0000000	18.0000000	19.0000000	20.0000000	21.0000000	22.0000000	23.0000000	24.0000000	25.0000000	26.0000000	27.0000000	28.0000000	29.0000000	30.0000000	31.0000000	32.0000000	33.0000000	34.0000000	35.0000000	36.0000000	37.0000000	38.0000000	39.0000000	40.0000000	41.0000000	42.0000000	43.0000000	44.0000000	45.0000000	46.0000000	47.0000000	48.0000000	49.0000000	50.0000000	51.0000000	52.0000000	53.0000000	54.0000000	55.0000000	56.0000000	57.0000000	58.0000000	59.0000000	60.0000000	61.0000000	62.0000000	63.0000000	64.0000000	65.0000000	66.0000000	67.0000000	68.0000000	69.0000000	70.0000000	71.0000000	72.0000000	73.0000000	74.0000000	75.0000000	76.0000000	77.0000000	78.0000000	79.0000000	80.0000000	81.0000000	82.0000000	83.0000000	84.0000000	85.0000000	86.0000000	87.0000000	88.0000000	89.0000000	90.0000000	91.0000000	92.0000000	93.0000000	94.0000000	95.0000000	96.0000000	97.0000000	98.0000000	99.0000000	100.000000	101.000000	102.000000	103.000000	104.000000	105.000000	106.000000	107.000000	108.000000	109.000000	110.000000	111.000000	112.000000	113.000000	114.000000	115.000000	116.000000	117.000000	118.000000	119.000000	120.000000	121.000000	122.000000	123.000000	124.000000	125.000000	126.000000	127.000000	128.000000	129.000000	130.000000	131.000000	132.000000	133.000000	134.000000	135.000000	136.000000	137.000000	138.000000	139.000000	140.000000	141.000000	142.000000	143.000000	144.000000	145.000000	146.000000	147.000000	148.000000	149.000000	150.000000	151.000000	152.000000	153.000000	154.000000	155.000000	156.000000	157.000000	158.000000	159.000000	160.000000	161.000000	162.000000	163.000000	164.000000	165.000000	166.000000	167.000000	168.000000	169.000000	170.000000	171.000000	172.000000	173.000000	174.000000	175.000000	176.000000	177.000000	178.000000	179.000000	180.000000	181.000000	182.000000	183.000000	184.000000	185.000000	186.000000	187.000000	188.000000	189.000000	190.000000	191.000000	192.000000	193.000000	194.000000	195.000000	196.000000	197.000000	198.000000	199.000000	200.000000	201.000000	202.000000	203.000000	204.000000	205.000000	206.000000	207.000000	208.000000	209.000000	210.000000	211.000000	212.000000	213.000000	214.000000	215.000000	216.000000	217.000000	218.000000	219.000000	220.000000	221.000000	222.000000	223.000000	224.000000	225.000000	226.000000	227.000000	228.000000	229.000000	230.000000	231.000000	232.000000	233.000000	234.000000	235.000000	236.000000	237.000000	238.000000	239.000000	240.000000	241.000000	242.000000	243.000000	244.000000	245.000000	246.000000	247.000000	248.000000	249.000000	250.000000	251.000000	252.000000	253.000000	254.000000	255.000000	256.000000	257.000000	258.000000	259.000000	260.000000	261.000000	262.000000	263.000000	264.000000	265.000000	266.000000	267.000000	268.000000	269.000000	270.000000	271.000000	272.000000	273.000000	274.000000	275.000000	276.000000	277.000000	278.000000	279.000000	280.000000	281.000000	282.000000	283.000000	284.000000	285.000000	286.000000	287.000000	288.000000	289.000000	290.000000	291.000000	292.000000	293.000000	294.000000	295.000000	296.000000	297.000000	298.000000	299.000000	300.000000	301.000000	302.000000	303.000000	304.000000	305.000000	306.000000	307.000000	308.000000	309.000000	310.000000	311.000000	312.000000	313.000000	314.000000	315.000000	316.000000	317.000000	318.000000	319.000000	320.000000	321.000000	322.000000	323.000000	324.000000	325.000000	326.000000	327.000000	328.000000	329.000000	330.000000	331.000000	332.000000	333.000000	334.000000	335.000000	336.000000	337.000000	338.000000	339.000000	340.000000	341.000000	342.000000	343.000000	344.000000	345.000000	346.000000	347.000000	348.000000	349.000000	350.000000	351.000000	352.000000	353.000000	354.000000	355.000000	356.000000	357.000000	358.000000	359.000000
90.0000000	0.477899998	0.477899998	0.477899998	0.477899998	0.477899998	0.477899998	0.477899998	0.477899998	0.477899998	0.477899998	0.477899998	0.477899998	0.477899998	0.477899998	0.477899998	0.477899998	0.477899998	0.477899998	0.477899998	0.477899998	0.477899998	0.477899998	0.477899998	0.477899998	0.477899998	0.477899998	0.477899998	0.477899998	0.477899998	0.477899998	0.477899998	0.477899998	0.477899998	0.477899998	0.477899998	0.477899998	0.477899998	0.477899998	0.477899998	0.477899998	0.477899998	0.477899998	0.477899998	0.477899998	0.477899998	0.477899998	0.477899998	0.477899998	0.477899998	0.477899998	0.477899998	0.477899998	0.477899998	0.477899998	0.477899998	0.477899998	0.477899998	0.477899998	0.477899998	0.477899998	0.477899998	0.477899998	0.477899998	0.477899998	0.477899998	0.477899998	0.477899998	0.477899998	0.477899998	0.477899998	0.477899998	0.477899998	0.477899998	0.477899998	0.477899998	0.477899998	0.477899998	0.477899998	0.477899998	0.477899998	0.477899998	0.477899998	0.477899998	0.477899998	0.477899998	0.477899998	0.477899998	0.477899998	0.477899998	0.477899998	0.477899998	0.477899998	0.477899998	0.477899998	0.477899998	0.477899998	0.477899998	0.477899998	0.477899998	0.477899998	0.477899998	0.477899998	0.477899998	0.477899998	0.477899998	0.477899998	0.477899998	0.477899998	0.477899998	0.477899998	0.477899998	0.477899998	0.477899998	0.477899998	0.477899998	0.477899998	0.477899998	0.477899998	0.477899998	0.477899998	0.477899998	0.477899998	0.477899998	0.477899998	0.477899998	0.477899998	0.477899998	0.477899998	0.477899998	0.477899998	0.477899998	0.477899998	0.477899998	0.477899998	0.477899998	0.477899998	0.477899998	0.477899998	0.477899998	0.477899998	0.477899998	0.477899998	0.477899998	0.477899998	0.477899998	0.477899998	0.477899998	0.477899998	0.477899998	0.477899998	0.477899998	0.477899998	0.477899998	0.477899998	0.477899998	0.477899998	0.477899998	0.477899998	0.477899998	0.477899998	0.477899998	0.477899998	0.477899998	0.477899998	0.477899998	0.477899998	0.477899998	0.477899998	0.477899998	0.477899998	0.477899998	0.477899998	0.477899998	0.477899998	0.477899998	0.477899998	0.477899998	0.477899998	0.477899998	0.477899998	0.477899998	0.477899998	0.477899998	0.477899998	0.477899998	0.477899998	0.477899998	0.477899998	0.477899998	0.477899998	0.477899998	0.477899998	0.477899998	0.477899998	0.477899998	0.477899998	0.477899998	0.477899998	0.477899998	0.477899998	0.477899998	0.477899998	0.477899998	0.477899998	0.477899998	0.477899998	0.477899998	0.477899998	0.477899998	0.477899998	0.477899998	0.477899998	0.477899998	0.477899998	0.477899998	0.477899998	0.477899998	0.477899998	0.477899998	0.477899998	0.477899998	0.477899998	0.477899998	0.477899998	0.477899998	0.477899998	0.477899998	0.477899998	0.477899998	0.477899998	0.477899998	0.477899998	0.477899998	0.477899998	0.477899998	0.477899998	0.477899998	0.477899998	0.477899998	0.477899998	0.477899998	0.477899998	0.477899998	0.477899998	0.477899998	0.477899998	0.477899998	0.477899998	0.477899998	0.477899998	0.477899998	0.477899998	0.477899998	0.477899998	0.477899998	0.477899998	0.477899998	0.477899998	0.477899998	0.477899998	0.477899998	0.477899998	0.477899998	0.477899998	0.477899998	0.477899998	0.477899998	0.477899998	0.477899998	0.477899998	0.477899998	0.477899998	0.477899998	0.477899998	0.477899998	0.477899998	0.477899998	0.477899998	0.477899998	0.477899998	0.477899998	0.477899998	0.477899998	0.477899998	0.477899998	0.477899998	0.477899998	0.477899998	0.477899998	0.477899998	0.477899998	0.477899998	0.477899998	0.477899998	0.477899998	0.477899998	0.477899998	0.477899998	0.477899998	0.477899998	0.477899998	0.477899998	0.477899998	0.477899998	0.477899998	0.477899998	0.477899998	0.477899998	0.477899998	0.477899998	0.477899998	0.477899998	0.477899998	0.477899998	0.477899998	0.477899998	0.477899998	0.477899998	0.477899998	0.477899998	0.477899998	0.477899998	0.477899998	0.477899998	0.477899998	0.477899998	0.477899998	0.477899998	0.477899998	0.477899998	0.477899998	0.477899998	0.477899998	0.477899998	0.477899998	0.477899998	0.477899998	0.477899998	0.477899998	0.477899998	0.477899998	0.477899998	0.477899998	0.477899998	0.477899998	0.477899998	0.477899998	0.477899998	0.477899998	0.477899998	0.477899998	0.477899998	0.477899998	0.477899998	0.477899998	0.477899998	0.477899998	0.477899998	0.477899998	0.477899998
89.0000000	0.515969992	0.516149998	0.516240001	0.515879989	0.516240001	0.516780019	0.516960025	0.517410040	0.517140031	0.517230034	0.517319977	0.517500043	0.517589986	0.517319977	0.517499983	0.517139971	0.517229974	0.517679989	0.517320037	0.517229974	0.517949998	0.517679989	0.517139971	0.517229974	0.517139971	0.516690016	0.516780019	0.516330004	0.516240001	0.515879989	0.514980018	0.515070021	0.514800012	0.514440000	0.514169991	0.513899982	0.513540030	0.513450027	0.512910008	0.512639999	0.512459993	0.512100041	0.511290014	0.510839999	0.510390043	0.510210037	0.509490013	0.508590043	0.507780015	0.507510006	0.507420003	0.506700039	0.506520033	0.506430030	0.506160021	0.506160021	0.506070018	0.505530000	0.504720032	0.504990041	0.504180014	0.503820002	0.502920032	0.502560019	0.502560019	0.502110064	0.501120031	0.500040054	0.500040054	0.499500036	0.499139994	0.498960018	0.498690039	0.498510033	0.497790039	0.497250050	0.497250021	0.496440023	0.495720029	0.495090038	0.494910032	0.494550020	0.494100034	0.493830025	0.493470013	0.493560016	0.492840022	0.491849989	0.491400033	0.490680009	0.489780009	0.488970011	0.488340020	0.488250017	0.487800002	0.487170011	0.486090034	0.485910028	0.485190004	0.485370010	0.485190004	0.484470010	0.483840048	0.483210027	0.482940048	0.481860042	0.481500030	0.481230021	0.480510026	0.479430020	0.479430020	0.478980005	0.478170007	0.477450013	0.477180004	0.477000028	0.476100028	0.475200027	0.474660009	0.473760009	0.473670006	0.472860008	0.472499996	0.471780002	0.471780002	0.471240014	0.470790029	0.469890028	0.469530016	0.468990028	0.468360007	0.468450010	0.467280030	0.467010021	0.466560036	0.466200024	0.466200054	0.465930074	0.465300053	0.464670062	0.465120047	0.465120047	0.464670002	0.464220017	0.464130014	0.463680029	0.463320017	0.463500023	0.463320017	0.462690026	0.462330043	0.461970031	0.462420046	0.461879998	0.461789995	0.461429983	0.461520016	0.461340010	0.461429983	0.461609989	0.461969972	0.461789966	0.461789966	0.462599993	0.462240010	0.462509990	0.462599993	0.462060004	0.462329984	0.462509990	0.462420017	0.462600023	0.462330014	0.462510020	0.462420046	0.462060034	0.462240040	0.461880028	0.461610019	0.461430043	0.461339980	0.461070001	0.460979998	0.460710019	0.460440010	0.460709989	0.460350007	0.459720016	0.459720016	0.459720016	0.459539980	0.459809989	0.459270000	0.458729982	0.458909988	0.458729982	0.458730012	0.458189994	0.458099991	0.457290024	0.457200021	0.457290024	0.456930012	0.456300020	0.456479996	0.455850005	0.456119984	0.456299990	0.455939978	0.455399990	0.455490023	0.455310017	0.455130011	0.454679996	0.455040008	0.454770029	0.453960001	0.454050004	0.454140007	0.454050034	0.453780025	0.453690022	0.453870028	0.453330040	0.454140037	0.453960031	0.453510046	0.453510046	0.453240037	0.453330040	0.453510046	0.453779995	0.453869998	0.453510016	0.453690022	0.454050004	0.453779995	0.454049975	0.453779966	0.454139978	0.454409987	0.454229981	0.454589993	0.454860002	0.454769999	0.455040008	0.454950035	0.455040008	0.455219984	0.455759972	0.455849975	0.456389993	0.456389964	0.457199961	0.457559973	0.457289964	0.457559973	0.458099991	0.458459973	0.458729982	0.459089965	0.459089965	0.459449977	0.460439980	0.461159974	0.461879998	0.462599993	0.463319987	0.463769972	0.464039981	0.464939982	0.465570003	0.465750009	0.466920018	0.467010021	0.468090028	0.468450010	0.469170034	0.469980001	0.470790029	0.471420020	0.472049981	0.472950011	0.473309994	0.474660009	0.475829989	0.475919992	0.477090001	0.477719992	0.478709996	0.479789972	0.480599970	0.481680006	0.482310027	0.483840019	0.484560013	0.484830022	0.486360013	0.487530023	0.488880038	0.489599973	0.490319997	0.491219968	0.492210001	0.492839992	0.493739992	0.494999975	0.495900005	0.496710002	0.497699976	0.498689979	0.499949992	0.500490010	0.501749992	0.502020001	0.503099978	0.503729999	0.504270017	0.504809976	0.505800009	0.506250024	0.506520033	0.507780015	0.508230031	0.509039998	0.509850025	0.510120034	0.510120034	0.511290014	0.510839999	0.511200011	0.511380017	0.511470020	0.511920035	0.511920035	0.512549996	0.513180017	0.512910008	0.513270020	0.513450027	0.514080048	0.513540030	0.513990045	0.514530063	0.514620066	0.514620066	0.514620066	0.514800072	0.514800072	0.515430033	0.515969992	0.516059995	0.515699983	0.515699983	0.515699983	0.515699983	0.515430033	0.515790045	0.515699983	0.515789986
88.0000000	0.583650053	0.584550023	0.584640026	0.585540056	0.585990012	0.586080074	0.587700009	0.588960052	0.588780046	0.588599980	0.589950025	0.589590013	0.590759993	0.590219975	0.590759993	0.590039968	0.590579987	0.590579987	0.590579987	0.590399981	0.590399981	0.589590013	0.589049935	0.588059962	0.587249994	0.586079955	0.585539997	0.584370017	0.583020031	0.582750022	0.580590010	0.579959989	0.578160048	0.576450050	0.575640023	0.574380040	0.572670043	0.571319997	0.569519997	0.567719996	0.565739989	0.564300001	0.562860012	0.560790002	0.559260011	0.557460010	0.555930018	0.554220021	0.552510023	0.550800025	0.549090028	0.547560036	0.545850039	0.544950008	0.543510020	0.541800022	0.540809989	0.539099991	0.536670029	0.535769999	0.534599960	0.533249974	0.532169998	0.531629980	0.530369997	0.529560030	0.528120041	0.527760029	0.526500046	0.525780022	0.524520040	0.522990048	0.522720039	0.521190047	0.520020008	0.518760026	0.517140031	0.516780019	0.515700042	0.513989985	0.512369990	0.511560023	0.510749996	0.509310007	0.508050025	0.506609976	0.505169988	0.504000008	0.502200007	0.501209974	0.499589980	0.497609973	0.496349990	0.495629936	0.494729966	0.493109971	0.491759956	0.490769953	0.488789976	0.487979978	0.486359984	0.485549986	0.484919965	0.483299971	0.481590003	0.480240017	0.479609996	0.478529990	0.477270007	0.476099998	0.474839985	0.473759979	0.472680002	0.471060008	0.470070004	0.469260037	0.467460036	0.466560006	0.465390027	0.464310050	0.462960064	0.462510049	0.461970031	0.461160034	0.459450066	0.458820045	0.457920045	0.456930041	0.456570059	0.455130041	0.454050034	0.453150034	0.452880025	0.452250063	0.451890051	0.450720042	0.449640036	0.449190050	0.448560029	0.447840005	0.448200047	0.447210044	0.447390050	0.446760029	0.446490020	0.446670026	0.445770025	0.445230007	0.445230037	0.445500016	0.445230037	0.445230037	0.445410013	0.445050001	0.445680022	0.445140004	0.445410013	0.445500016	0.445500016	0.446220011	0.446130037	0.446130037	0.446400017	0.446760029	0.447840035	0.447930038	0.448470026	0.449010015	0.449640036	0.449730009	0.449550033	0.450000018	0.449910015	0.449910015	0.449910015	0.449370027	0.449190021	0.449460030	0.449910015	0.449910015	0.449279994	0.449369997	0.449640006	0.449189991	0.449099988	0.448829979	0.448739976	0.448649973	0.448289990	0.448199987	0.448199987	0.447299987	0.446579993	0.446849972	0.446310014	0.445950001	0.445679992	0.445499986	0.444869965	0.444420010	0.443789989	0.443880022	0.443250000	0.442709982	0.442259997	0.441809982	0.440999985	0.441449970	0.440369993	0.440010011	0.440099955	0.440189958	0.440189987	0.439379990	0.439020008	0.438749999	0.438479990	0.438119978	0.438389987	0.438749999	0.438030005	0.437759995	0.438840002	0.438299984	0.438209981	0.438659996	0.438659996	0.439020008	0.438839972	0.438929975	0.439020008	0.439380020	0.439110011	0.439290017	0.438930005	0.439200014	0.439740032	0.439740032	0.439830035	0.440010041	0.440280050	0.440100044	0.440190047	0.440550029	0.440460056	0.440550029	0.441180050	0.441000015	0.441900015	0.441630006	0.441630006	0.441450000	0.441990018	0.442350030	0.442710012	0.442710012	0.442710012	0.443700016	0.444060028	0.444510013	0.444600016	0.444960028	0.445500016	0.446220040	0.447120041	0.448380023	0.449640036	0.449910045	0.451260030	0.452160031	0.453060031	0.454950035	0.455309987	0.457560003	0.458460003	0.459899992	0.460710019	0.462690026	0.464760035	0.466110051	0.468270034	0.469620049	0.471870035	0.473400056	0.475470036	0.478440046	0.480330050	0.482220054	0.484110057	0.486540049	0.488700032	0.491220027	0.493200034	0.495540053	0.497880042	0.500940025	0.502560019	0.505620003	0.507690012	0.510209978	0.512549937	0.514889956	0.517769992	0.520290017	0.522270024	0.525239944	0.527579963	0.529559970	0.532169998	0.534869969	0.537389994	0.539279997	0.541350007	0.544319987	0.545849979	0.548549950	0.549989998	0.552060008	0.554130018	0.556109965	0.557910025	0.559619963	0.561509967	0.563219965	0.564480007	0.565559983	0.566550016	0.567990005	0.568350017	0.568799973	0.569699943	0.571139991	0.571410000	0.571859956	0.572579980	0.573119998	0.573210001	0.573929965	0.574199975	0.574919999	0.574829936	0.575549960	0.575459957	0.575639904	0.576179922	0.576989949	0.576269984	0.577079952	0.578069985	0.578249991	0.578880072	0.579150021	0.580050051	0.579870045	0.580680072	0.581490040	0.581850052	0.582840025	0.582750022	0.582930028
87.0000000	0.647369921	0.648899972	0.650429964	0.652679980	0.654209971	0.655469954	0.657629967	0.659430027	0.660870016	0.662490010	0.664740026	0.665910065	0.666990042	0.667260051	0.668520033	0.669780016	0.669960022	0.669870019	0.670230031	0.670050025	0.670500040	0.669600070	0.668070078	0.666630030	0.664110005	0.661770046	0.659160018	0.657090008	0.654750049	0.653219998	0.650160074	0.646650016	0.642329991	0.638640046	0.634500027	0.630990028	0.627390027	0.623160005	0.619379997	0.615600049	0.612269998	0.608669996	0.605159998	0.602010012	0.598679960	0.595169961	0.592289984	0.589139938	0.586259961	0.582750022	0.579959989	0.576810002	0.574200034	0.571500003	0.568440020	0.565920055	0.563490033	0.561600029	0.559170067	0.556920052	0.554130018	0.552690029	0.550980031	0.549180031	0.547560036	0.546210051	0.543870032	0.542609990	0.541079998	0.538739979	0.537119985	0.534330010	0.532620013	0.529919982	0.527939975	0.525240004	0.522899985	0.520470023	0.518310010	0.515249968	0.513270020	0.510299981	0.508050025	0.505080044	0.502290010	0.499500036	0.496800005	0.494190007	0.491219997	0.488880038	0.486449987	0.484380007	0.481950015	0.480690002	0.478260010	0.476279974	0.473759979	0.472410023	0.470250010	0.468180001	0.466919988	0.465750009	0.463950008	0.462870002	0.461610019	0.459989965	0.458550006	0.457199991	0.457290024	0.455400020	0.454230011	0.453330010	0.452520013	0.451080024	0.450450033	0.449189991	0.447750002	0.447120011	0.445859969	0.444779992	0.443610013	0.442529976	0.441720009	0.440909982	0.438840002	0.437490016	0.436590016	0.435510039	0.434790015	0.432810009	0.432540029	0.431370020	0.430200040	0.429480016	0.428040028	0.427410007	0.426150024	0.423990011	0.423090041	0.422370017	0.420480013	0.419040024	0.418050021	0.417869985	0.417149991	0.416519970	0.415979981	0.415529996	0.414539993	0.414449990	0.413639992	0.413369983	0.413189977	0.413370013	0.413460016	0.413010001	0.413010001	0.412469983	0.412739992	0.413279980	0.414269984	0.414089978	0.414629996	0.415259957	0.415799975	0.415799975	0.416699976	0.417239994	0.417779982	0.417689979	0.418319970	0.418679953	0.418679982	0.418860018	0.419400007	0.419760019	0.419580013	0.419940054	0.419760048	0.420210034	0.420120031	0.420210034	0.420120031	0.419490039	0.419670016	0.419490039	0.419220030	0.419130027	0.419220001	0.419039994	0.418500006	0.417960018	0.417690009	0.417060018	0.416790009	0.416610003	0.415260047	0.414990038	0.414000005	0.413190007	0.412380010	0.412110031	0.410850018	0.410760045	0.410129994	0.410040021	0.408870012	0.408510029	0.408060014	0.407790005	0.407160014	0.407340020	0.407069981	0.406800002	0.406800032	0.406619966	0.406619996	0.406980008	0.406529993	0.407250017	0.407250017	0.407430023	0.408239990	0.408869982	0.409500003	0.409319997	0.409680009	0.410040021	0.410220027	0.411030024	0.411300004	0.412110001	0.412380010	0.412019998	0.411929995	0.412109971	0.411929995	0.412019968	0.412289977	0.411389977	0.412109971	0.412469983	0.411839992	0.412019968	0.411479950	0.411839962	0.412019968	0.412019968	0.411569953	0.412109971	0.412649959	0.413009971	0.413459986	0.413819999	0.414359987	0.414449960	0.415079981	0.415979981	0.416339964	0.418049961	0.419039994	0.420119971	0.420839995	0.422370017	0.425070018	0.426510006	0.428580016	0.431190014	0.432720006	0.434969991	0.436410010	0.439109981	0.441000015	0.443790019	0.445950031	0.448019981	0.450540006	0.453510016	0.454950005	0.456660002	0.458909988	0.460890025	0.463410020	0.466200024	0.467640013	0.470070004	0.472499996	0.474660009	0.476730019	0.478710026	0.480690002	0.484110028	0.486270040	0.489420027	0.492029995	0.494460016	0.497340024	0.500039995	0.502740026	0.505169988	0.507420003	0.511290014	0.514800012	0.518310010	0.521279991	0.524699986	0.527760029	0.530640006	0.533790052	0.537570059	0.540540040	0.544140041	0.547560036	0.551070035	0.554040015	0.557550073	0.560520053	0.563580036	0.566819966	0.570240021	0.573570013	0.576179981	0.578610003	0.580860019	0.583289981	0.585179985	0.588689983	0.590849996	0.592469990	0.594630003	0.596700013	0.598949969	0.601289988	0.603359938	0.604979992	0.606869996	0.609029949	0.611100018	0.612089992	0.613979936	0.616050005	0.617760003	0.618929982	0.620369971	0.622529984	0.624689996	0.625679970	0.626760006	0.628739953	0.629279971	0.631529987	0.633510053	0.635399997	0.637199998	0.638370037	0.639990032	0.641340017	0.643140018	0.644400001	0.646109998
86.0000000	0.721440017	0.720810056	0.720000029	0.720089972	0.718199968	0.717749953	0.717480004	0.717480004	0.716939986	0.716939986	0.717209995	0.717029989	0.716670036	0.716489971	0.717299998	0.718829989	0.718919992	0.719190001	0.719190001	0.719099998	0.719190061	0.719730079	0.719010055	0.718560040	0.716849983	0.715680003	0.714060068	0.711900055	0.709110022	0.707940042	0.704520047	0.702270031	0.698849976	0.694980025	0.690569997	0.685799956	0.682019949	0.678059995	0.673290014	0.668249965	0.662939966	0.658349991	0.653129995	0.648360074	0.642870009	0.638010025	0.633150041	0.628380060	0.623520017	0.619290054	0.614790082	0.610830069	0.606330037	0.603900015	0.601109982	0.598049998	0.595799983	0.593729973	0.590669990	0.587249994	0.584279954	0.579869986	0.577080011	0.573390007	0.570330024	0.566460073	0.562680066	0.559350014	0.556470037	0.552420020	0.548550010	0.545130014	0.542339981	0.538739979	0.534869969	0.530729949	0.526589990	0.523530006	0.519479990	0.515520036	0.511020005	0.506700039	0.503010035	0.499500036	0.495990008	0.492030054	0.488160014	0.484560072	0.480780005	0.477809995	0.473310024	0.470970005	0.468180001	0.465660006	0.462599963	0.460439980	0.457829982	0.455489993	0.452430010	0.450179994	0.448289990	0.446399987	0.444329977	0.442530006	0.440190017	0.438300014	0.437130004	0.435329974	0.433529973	0.431999981	0.430920005	0.429120004	0.427769989	0.427049994	0.425879985	0.423989981	0.423180014	0.422819972	0.421919972	0.421110004	0.420389980	0.418859988	0.418140024	0.417330027	0.417330056	0.416520029	0.415800035	0.415350020	0.414630026	0.414270014	0.413730025	0.412830025	0.412290037	0.411840051	0.411120027	0.411120027	0.409320056	0.407070011	0.404640019	0.403830022	0.401669979	0.399960041	0.398340017	0.396810025	0.396090031	0.394470036	0.393210024	0.392040044	0.390870035	0.389610022	0.388260037	0.387630045	0.386370033	0.385560006	0.385110021	0.384660006	0.384750009	0.383850008	0.384299994	0.383939981	0.384659976	0.384839982	0.384749979	0.385649979	0.386189967	0.386999995	0.386999995	0.387629986	0.387540013	0.388259977	0.388619959	0.388709992	0.388529986	0.388980001	0.389339983	0.388980001	0.389699996	0.389159977	0.388799995	0.389519989	0.389429986	0.389429957	0.389069974	0.389159977	0.389520019	0.389340043	0.389970034	0.389520019	0.389160037	0.389430016	0.389250010	0.388710022	0.388530016	0.387720019	0.387810022	0.387450039	0.386010021	0.385920018	0.384570003	0.383670002	0.382319987	0.381060004	0.380429983	0.378989995	0.377639979	0.377099991	0.376289994	0.376019984	0.374939948	0.373769999	0.373229980	0.372869998	0.372240007	0.371789992	0.371610016	0.370800018	0.371250033	0.371070027	0.370620012	0.371430039	0.371880025	0.372510016	0.372960001	0.373409986	0.373950005	0.374850005	0.375120014	0.375120014	0.375750005	0.376020014	0.376560003	0.377010018	0.377370059	0.377010018	0.377190024	0.377280027	0.376380026	0.376650035	0.376650006	0.375659972	0.375839978	0.374669999	0.373409986	0.373139977	0.372419983	0.372599989	0.372689992	0.371789962	0.371699989	0.372599989	0.373590022	0.374940008	0.376200020	0.378360003	0.380339980	0.382140011	0.385019988	0.387719989	0.390870005	0.394829988	0.398069978	0.402389973	0.405900002	0.409949988	0.414810002	0.419219971	0.423899949	0.428669989	0.432359993	0.437039971	0.441899985	0.445859998	0.448379964	0.452429920	0.455129981	0.458279967	0.461339951	0.464129955	0.465389967	0.466829956	0.468089998	0.468989998	0.470789999	0.472770005	0.473040015	0.474570006	0.474570006	0.475739986	0.477089971	0.478529990	0.480239987	0.482399970	0.484019965	0.485640019	0.488519996	0.490229994	0.492389977	0.495629966	0.498149991	0.501389980	0.504180014	0.507870018	0.510659993	0.513810039	0.517589986	0.520470023	0.523350000	0.526230037	0.529470026	0.532169998	0.535140038	0.537840009	0.541079998	0.543780029	0.546480060	0.549360037	0.552330017	0.555299997	0.557910025	0.561060011	0.564480007	0.567269981	0.571139991	0.575550020	0.579239964	0.583829999	0.587880015	0.592110038	0.597060025	0.603540003	0.610019982	0.615960062	0.622800052	0.629009962	0.635760009	0.642420053	0.648809969	0.654569983	0.661049962	0.667620003	0.673289955	0.679499984	0.684539974	0.689129949	0.693539977	0.697589993	0.702090025	0.706770062	0.709560037	0.711989999	0.714780033	0.716940045	0.719640017	0.721620023	0.722790003	0.722520053	0.722430050	0.721890032	0.721890032	0.721800029
85.0000000	0.800459981	0.795420051	0.790560067	0.785520017	0.779850066	0.775800049	0.770400047	0.765810013	0.761129975	0.756540000	0.752039969	0.747630000	0.743580043	0.741330087	0.740970075	0.740699947	0.740339994	0.739800036	0.740070045	0.740790069	0.741870105	0.743490040	0.744930089	0.746100008	0.747089982	0.749159992	0.750599980	0.752129912	0.752130032	0.753390014	0.753929973	0.752129972	0.751049995	0.750150025	0.746999979	0.745020032	0.742229998	0.738269985	0.733949959	0.728460014	0.723150015	0.717929959	0.712979972	0.706859946	0.699749947	0.692459941	0.686249852	0.679499924	0.672749937	0.666989863	0.661859930	0.656819940	0.651599944	0.647729933	0.643140018	0.638639987	0.635220051	0.630990028	0.627840042	0.622440040	0.617760003	0.612900019	0.607230008	0.602460027	0.596880019	0.591840029	0.586620092	0.581130028	0.576270044	0.571500003	0.567000031	0.561330020	0.557370007	0.553770065	0.549360037	0.545040011	0.541170001	0.537660003	0.533790052	0.529200077	0.525240004	0.520560026	0.516870022	0.512280047	0.508590043	0.504090011	0.499500036	0.495900065	0.491940051	0.487710029	0.483300000	0.480240047	0.476370037	0.473579973	0.470519960	0.466739982	0.464039952	0.460259974	0.456119955	0.453239948	0.449549913	0.446129978	0.442889988	0.439559966	0.435509980	0.432000011	0.428220004	0.425430000	0.421830028	0.418679982	0.415350020	0.411930025	0.408510029	0.405090004	0.402120024	0.399240017	0.396630019	0.394199967	0.392309964	0.390509963	0.387719989	0.386639982	0.385739982	0.385019988	0.384299994	0.384389967	0.384209991	0.384209991	0.384569973	0.385109991	0.386189967	0.386189967	0.386369973	0.386639982	0.386910021	0.387630016	0.386460006	0.386549979	0.385380000	0.383580029	0.381870031	0.380700022	0.378540009	0.376470029	0.374850005	0.372960001	0.370979995	0.369360000	0.367290020	0.364950001	0.362789989	0.362250000	0.360810012	0.359010011	0.357749999	0.356939971	0.356579989	0.356940001	0.357929975	0.358109981	0.358289987	0.359549999	0.359640002	0.360809982	0.361799985	0.363330007	0.363869995	0.365130007	0.365759969	0.366030008	0.366479993	0.366209984	0.366569996	0.366479993	0.366750002	0.366750002	0.366569996	0.365849972	0.366209954	0.365849972	0.366209954	0.366839975	0.366839975	0.367019981	0.367469996	0.368099958	0.368099988	0.368369997	0.368549973	0.369810015	0.370440036	0.370799989	0.370890021	0.371070027	0.370170027	0.369630039	0.368460029	0.368369997	0.367740005	0.367379993	0.365219980	0.363419980	0.361619979	0.360179991	0.358649999	0.357209980	0.355049998	0.353699982	0.351810008	0.350549966	0.348569989	0.347400010	0.346859992	0.345420003	0.345149994	0.344879985	0.343980014	0.344159991	0.343710005	0.344069988	0.344339997	0.344969988	0.345149994	0.346139997	0.346230000	0.347939998	0.349020034	0.349920005	0.351449996	0.352169991	0.352440000	0.354600012	0.354959965	0.355589986	0.356129974	0.356039971	0.355679989	0.355770022	0.355410010	0.354149997	0.354149997	0.352709979	0.351179987	0.350279987	0.348839998	0.348569989	0.347759992	0.347400010	0.347489983	0.348029971	0.348300010	0.349290013	0.350459993	0.353700012	0.357749999	0.360270023	0.363960028	0.367740035	0.373050034	0.379080057	0.385740012	0.392670006	0.398429990	0.404909998	0.410759985	0.416610003	0.421290010	0.426060021	0.431010008	0.435419977	0.440999985	0.442169994	0.443159968	0.443880022	0.444959998	0.446040004	0.446580023	0.445860028	0.444870025	0.443610013	0.442170024	0.441359997	0.440189987	0.439469963	0.439199984	0.438389957	0.437579960	0.437039971	0.437489986	0.438840002	0.441359967	0.443519950	0.446939945	0.449549973	0.452249974	0.456299961	0.460889995	0.465839982	0.471509993	0.476459980	0.482670009	0.487889975	0.492389977	0.497069985	0.502379954	0.507329941	0.511559963	0.515159965	0.517139971	0.519840002	0.521640003	0.523620009	0.525960028	0.528119981	0.530279934	0.531089962	0.533339977	0.536039948	0.538109958	0.542249978	0.546569943	0.551969945	0.556559980	0.562319994	0.568530023	0.577530026	0.586889982	0.596790016	0.606420040	0.617939949	0.629279971	0.643140018	0.656819999	0.670949936	0.684899926	0.699119985	0.712439954	0.724949956	0.737010002	0.749789953	0.761849940	0.774540067	0.784259975	0.791279972	0.798300028	0.803969979	0.810270011	0.816750050	0.821250021	0.822510004	0.822150052	0.821970046	0.823050022	0.822780013	0.821970046	0.818729997	0.815219998	0.811259985	0.807750046	0.803970039
84.0000000	0.885779977	0.885329962	0.885779977	0.886769950	0.887309968	0.886859953	0.884790003	0.881459951	0.878309965	0.875160038	0.872100055	0.867510021	0.863100052	0.859589994	0.857250035	0.854730010	0.852660000	0.850769997	0.848700047	0.848520041	0.848070085	0.848520100	0.848969996	0.849779963	0.851040065	0.851040006	0.850319982	0.849150002	0.847799957	0.845909953	0.844470024	0.838620067	0.833670080	0.828360021	0.823050082	0.817290008	0.810629964	0.801989973	0.793529987	0.784170032	0.776519954	0.768149912	0.759599984	0.751319945	0.741690040	0.733050048	0.726750016	0.720539987	0.713969946	0.709019959	0.703079939	0.698039949	0.694529951	0.689669967	0.685439944	0.680759966	0.676799953	0.672749996	0.669059932	0.664019942	0.660420001	0.653580010	0.646380007	0.639899969	0.633059978	0.626850009	0.620370030	0.615059972	0.609300017	0.603179991	0.597330034	0.591480017	0.587070048	0.582750022	0.577890038	0.573570073	0.568800032	0.564030051	0.559440017	0.554130018	0.548640013	0.543329954	0.537840009	0.532169998	0.526499987	0.520650029	0.515070021	0.509490013	0.503549993	0.497610003	0.493290007	0.488880008	0.484289974	0.480509996	0.476999998	0.473039985	0.470070004	0.466649979	0.462870002	0.459270000	0.456120014	0.452700049	0.449640006	0.446669996	0.442889959	0.439920008	0.436409980	0.431819975	0.427410007	0.423899978	0.419759959	0.414089948	0.409139991	0.403919995	0.398789972	0.393749952	0.388979971	0.383759975	0.378809988	0.373859972	0.368190020	0.365399987	0.362339973	0.359459996	0.356310010	0.354240000	0.353159994	0.352800041	0.352980018	0.353160024	0.353520006	0.355410010	0.356490016	0.357749999	0.359279990	0.360179991	0.360809982	0.361079991	0.361350000	0.360900015	0.360180020	0.358290017	0.356130034	0.354600012	0.352440000	0.350189984	0.347939968	0.345509976	0.343349993	0.340560019	0.337949991	0.337680012	0.336329997	0.334799975	0.333719969	0.332279980	0.332369983	0.333539993	0.334980011	0.336599976	0.338129997	0.338759989	0.339929998	0.341999978	0.342359990	0.344160020	0.344430000	0.345959991	0.346410006	0.346410006	0.346770018	0.346410006	0.346410006	0.345869988	0.345510006	0.345600009	0.345600009	0.345600009	0.345780015	0.345779985	0.345870018	0.347400010	0.348300010	0.348749995	0.349559993	0.350819975	0.352079958	0.353159994	0.355140001	0.356309980	0.357479990	0.358469993	0.357749999	0.357840002	0.357749999	0.357389987	0.356040001	0.355229974	0.353519946	0.352259964	0.350729972	0.349109948	0.346589953	0.344159961	0.341459960	0.339839965	0.337229997	0.335339963	0.332099974	0.330210000	0.327959955	0.327329963	0.326700002	0.326520026	0.325350016	0.324900031	0.325440019	0.325350016	0.325259984	0.325979978	0.326970011	0.327960014	0.328140020	0.329310000	0.330210000	0.331469983	0.332100004	0.333629996	0.334529996	0.335519999	0.336149961	0.337679982	0.337860018	0.339479983	0.340290010	0.340559989	0.341369987	0.340829968	0.340919942	0.340559959	0.339839965	0.338580012	0.337229997	0.335879982	0.334080011	0.332910001	0.332280010	0.331200004	0.330930024	0.329940021	0.330390006	0.331380010	0.332910001	0.336780012	0.338400006	0.341639996	0.346590012	0.351000011	0.356040001	0.362340003	0.368099988	0.373499990	0.377550006	0.382140011	0.385740012	0.389160007	0.390059978	0.389789969	0.389880031	0.388619989	0.389520019	0.385019988	0.380609989	0.376199961	0.372419983	0.367649972	0.364680022	0.361890018	0.357390016	0.353430003	0.351000011	0.349559993	0.349199980	0.348569989	0.348299980	0.347939998	0.351180017	0.354689986	0.358829975	0.363419980	0.367469996	0.374220014	0.380430013	0.386909992	0.393570006	0.400679976	0.405539989	0.409499973	0.414719999	0.419130027	0.423629999	0.423180014	0.422910035	0.422729999	0.423450023	0.423270017	0.423180014	0.422280014	0.420930028	0.420479983	0.419849992	0.421289980	0.424710006	0.426240027	0.429030001	0.430739999	0.437490016	0.442800015	0.448830038	0.456300020	0.465120018	0.476999998	0.489059985	0.500760019	0.513719976	0.529290020	0.548640072	0.569790065	0.590669990	0.611280024	0.632250011	0.656009972	0.681930006	0.706589937	0.731249988	0.754740059	0.773730040	0.790470004	0.807929993	0.824760020	0.839790046	0.850140035	0.858240068	0.863460064	0.868950069	0.873989999	0.875070035	0.876420021	0.877680004	0.875880003	0.875249982	0.874889970	0.875249982	0.876240015	0.876419961	0.876509964	0.877679944	0.879389882	0.881099880	0.883079886
83.0000000	1.01385009	1.02788997	1.04210997	1.05615008	1.07081997	1.08252001	1.08576000	1.08630002	1.08684003	1.08827996	1.08711004	1.08170998	1.07387996	1.06712997	1.06001997	1.05290997	1.04661000	1.04102993	1.03599000	1.03005004	1.02509999	1.02195001	1.01943016	1.01637006	1.01420999	1.01051998	1.00512004	0.999090016	0.993149996	0.986760020	0.981720090	0.968670070	0.955980003	0.943830013	0.932400048	0.919350028	0.906840026	0.893880069	0.881009996	0.868499935	0.856079936	0.846269965	0.836279929	0.827730000	0.817919970	0.808019936	0.803609967	0.797490001	0.792450011	0.786780059	0.781830072	0.776610017	0.771570027	0.766080022	0.761220038	0.755549967	0.749159992	0.742409945	0.733679950	0.726390004	0.718559980	0.708660007	0.698850036	0.688950062	0.677969992	0.668969989	0.661409974	0.654660046	0.647280037	0.640530050	0.633330047	0.627390087	0.621090055	0.615330040	0.609030068	0.603720069	0.597420037	0.591120005	0.584280014	0.578610003	0.571680009	0.565200031	0.557730019	0.550800025	0.543780029	0.536130011	0.528569996	0.521730006	0.513899982	0.506159961	0.498600006	0.492659986	0.484650016	0.477360010	0.470699996	0.463589996	0.456929982	0.450719953	0.444420010	0.438840002	0.433260024	0.429299980	0.427049965	0.424169958	0.420659959	0.418050021	0.416700006	0.416069984	0.415079981	0.413910002	0.412829995	0.410310000	0.408240020	0.404550016	0.402480036	0.399240017	0.393930018	0.387810051	0.381690025	0.375569999	0.369179994	0.363869995	0.358109981	0.352350026	0.346949995	0.342629999	0.339390010	0.337769985	0.335249990	0.333270013	0.331920028	0.332550019	0.333179981	0.334529996	0.335970014	0.336690009	0.337320000	0.338310003	0.339210004	0.338939995	0.339299977	0.338759989	0.337859988	0.337320000	0.336060017	0.334529996	0.333179981	0.331200004	0.328769982	0.326159984	0.324990004	0.324629992	0.323909998	0.323459983	0.323099971	0.322829992	0.324000001	0.324900001	0.325979978	0.327149987	0.327690005	0.329219997	0.329219997	0.330300003	0.331289977	0.331739992	0.331919968	0.331919998	0.332280010	0.332370013	0.332370013	0.332280010	0.331740022	0.332099974	0.331110001	0.331290007	0.331470013	0.330929995	0.331200004	0.332280010	0.331919968	0.332819998	0.333629996	0.335519999	0.335879982	0.337049991	0.338669986	0.339120001	0.340920001	0.342539996	0.342629999	0.342539996	0.342810005	0.342630029	0.341820002	0.342180014	0.340920001	0.340379983	0.339120001	0.337500006	0.336870015	0.335160017	0.333090007	0.330750018	0.327600002	0.324990004	0.323369980	0.321210027	0.318150014	0.315720022	0.314460009	0.313830018	0.313470036	0.312930018	0.312210023	0.312390029	0.312300026	0.313110024	0.313740015	0.314460039	0.315450042	0.316260010	0.316080004	0.315990001	0.316529989	0.316529989	0.316080004	0.316529989	0.316710025	0.316529989	0.316980004	0.317519993	0.318419993	0.319229990	0.320400000	0.321210027	0.322290003	0.322470009	0.322830021	0.323909998	0.324000001	0.321390003	0.320400000	0.318149984	0.317159981	0.315899998	0.313649982	0.312300026	0.310140014	0.308880031	0.307440013	0.309689999	0.313739985	0.316530019	0.319409996	0.322199970	0.328500032	0.335969985	0.342810035	0.349020004	0.355050027	0.355589986	0.356310010	0.356040031	0.355859995	0.354060024	0.345329970	0.334709972	0.324269980	0.313199997	0.304650009	0.294479996	0.284399986	0.274769992	0.264960021	0.256140023	0.251100034	0.247680008	0.243809998	0.240209997	0.238859981	0.243630007	0.251370013	0.258569986	0.266040027	0.273509979	0.295289993	0.320309997	0.343979985	0.366930008	0.389430016	0.411930025	0.433619946	0.455939978	0.477900058	0.493290007	0.491849989	0.484740019	0.477359980	0.470339954	0.463049978	0.437940001	0.413819999	0.388890028	0.363689989	0.342630029	0.328590006	0.317159981	0.304920018	0.293130010	0.285569996	0.285569996	0.289260000	0.291329980	0.294930011	0.297810018	0.308789998	0.319409996	0.330029994	0.341010004	0.353879988	0.370709985	0.390239984	0.409769982	0.429209977	0.450989991	0.481500059	0.515249968	0.548550010	0.582840025	0.616139948	0.657990038	0.701190054	0.744209945	0.787500024	0.826290011	0.856259942	0.884069979	0.910709977	0.937349975	0.959040046	0.965160012	0.965789974	0.967589915	0.968129933	0.968759954	0.962549984	0.954539955	0.948599935	0.942029893	0.937169969	0.937979996	0.941219985	0.944189906	0.948059976	0.953190029	0.964079976	0.976140022	0.988830090	1.00188005
82.0000000	1.18773007	1.19888997	1.21059000	1.22228992	1.23290992	1.23749995	1.23047996	1.22300994	1.21509004	1.20762002	1.19664001	1.18341005	1.16999996	1.15767002	1.14651000	1.13724005	1.12968004	1.12167013	1.11456013	1.11177003	1.10951996	1.10826004	1.10772002	1.10843992	1.11078000	1.11320996	1.11537004	1.11590993	1.11537004	1.11545992	1.11519003	1.11266994	1.10726988	1.09889996	1.09107006	1.08243001	1.07360995	1.06406999	1.05245996	1.04066992	1.03031993	1.01898003	1.00574994	0.993329942	0.979560018	0.967050076	0.956969976	0.945449948	0.934289932	0.923579991	0.910979986	0.897119999	0.883259892	0.868949950	0.855089962	0.838530064	0.820259988	0.802980006	0.785519958	0.770039916	0.755909979	0.741419971	0.726569951	0.712529957	0.701549947	0.691469967	0.682290018	0.673200011	0.665369987	0.658169985	0.650249958	0.642600000	0.635940015	0.629550040	0.622979999	0.617310047	0.610560060	0.605159998	0.600840032	0.596249998	0.592649996	0.588690042	0.586169958	0.584819973	0.583019972	0.581129968	0.577799976	0.574740052	0.571410000	0.567269981	0.563400030	0.551430047	0.538290024	0.526409984	0.513090014	0.497609943	0.478529960	0.460170001	0.440730035	0.423270017	0.407519996	0.394650012	0.382050008	0.369540036	0.361710012	0.358559996	0.356759995	0.354059994	0.352889985	0.356220007	0.360269994	0.363779992	0.366929978	0.369899988	0.371969998	0.374129981	0.374939978	0.376379967	0.372150004	0.367650032	0.362430006	0.358559996	0.351989985	0.346680015	0.340020031	0.332820028	0.328500003	0.324990004	0.322200000	0.318509996	0.316620022	0.315539986	0.316799968	0.317249954	0.318329990	0.319229990	0.320850015	0.321210027	0.322560012	0.322919995	0.323279977	0.323459983	0.323189974	0.322649956	0.321570009	0.320760012	0.320129991	0.319499969	0.317969978	0.317160010	0.317880005	0.318150014	0.318330020	0.319499999	0.319589972	0.320039988	0.321570009	0.321480006	0.322559983	0.323369980	0.323909998	0.324000001	0.323730022	0.324359983	0.323370010	0.323730022	0.323370010	0.323550016	0.323460013	0.323190004	0.322919995	0.322919995	0.322739989	0.323009998	0.323009998	0.323009998	0.323100001	0.323909998	0.323549986	0.323549986	0.323639989	0.324719965	0.325979978	0.325889975	0.326519996	0.327059984	0.327059984	0.327060014	0.327689976	0.327149987	0.328049988	0.327600002	0.327239990	0.327329993	0.327509999	0.327509999	0.327330023	0.327510029	0.327690035	0.327600062	0.327600032	0.327870011	0.327150017	0.325800031	0.323910028	0.321840018	0.320309997	0.318330020	0.316620022	0.313739985	0.311400026	0.309419990	0.307530016	0.306719989	0.306629986	0.305099994	0.304560006	0.305099994	0.305459976	0.306000024	0.306180000	0.305729985	0.305909991	0.304919988	0.304829985	0.305099994	0.304470003	0.304650009	0.304289997	0.303300023	0.304200023	0.305190027	0.305910021	0.307080001	0.307889998	0.309239984	0.310859978	0.312029988	0.313469976	0.313650012	0.312750012	0.311939985	0.309510022	0.307890028	0.304110020	0.299880028	0.295469999	0.291779995	0.288269967	0.287730008	0.286919981	0.285929978	0.287819982	0.295469999	0.305280000	0.314819992	0.324900001	0.336150020	0.349830031	0.363240004	0.376289994	0.382139981	0.376740009	0.367199987	0.357390016	0.346950024	0.328139991	0.301770002	0.275309980	0.247860014	0.223560005	0.209069997	0.193230003	0.178470001	0.164430007	0.154980004	0.152190000	0.150570005	0.148680016	0.150300011	0.161370009	0.179099992	0.198809981	0.217350006	0.257219970	0.317250013	0.382950008	0.449730009	0.513809979	0.570600033	0.625859976	0.679950058	0.733859956	0.785880029	0.836819947	0.885059953	0.926369965	0.943289995	0.855629981	0.747720063	0.639090002	0.525869966	0.444780022	0.397709966	0.351719975	0.306090027	0.269820005	0.251549989	0.237149999	0.222929984	0.210060015	0.206549987	0.207899988	0.208890006	0.210780010	0.212129995	0.221220002	0.230039984	0.238949984	0.248129994	0.260820001	0.277469993	0.294750005	0.312209994	0.331110001	0.356849998	0.388710022	0.419849962	0.452069998	0.491849989	0.539460003	0.591839969	0.643769979	0.702360034	0.789389968	0.880919993	0.969030023	1.05614984	1.10880005	1.12707007	1.14273000	1.15362000	1.16144991	1.16666996	1.17071998	1.17584991	1.17701995	1.17080998	1.15731001	1.14443994	1.13211000	1.12320006	1.12121999	1.12031996	1.11978006	1.12049997	1.12932003	1.14354002	1.15820992	1.17297006
81.0000000	1.35198009	1.34838009	1.34486997	1.34154010	1.33587003	1.32309008	1.30571997	1.28799009	1.27322996	1.26324010	1.25379002	1.24497008	1.23642004	1.22850013	1.22048998	1.21329010	1.20699000	1.20293999	1.19997001	1.19852996	1.19655001	1.19456995	1.19340003	1.19231999	1.19322002	1.19798994	1.20447004	1.21086001	1.21697998	1.22795999	1.23993003	1.25144994	1.26045001	1.26296985	1.26378000	1.26432002	1.26197994	1.25072992	1.23650992	1.22121012	1.20599997	1.18673992	1.16567993	1.14507008	1.12428010	1.10790002	1.09179008	1.07541001	1.05840015	1.03778994	1.01519990	0.991980016	0.970109999	0.950039983	0.929430068	0.909090102	0.888480067	0.868860126	0.849330008	0.830070019	0.811890006	0.796590030	0.781200051	0.765540004	0.751590014	0.740250051	0.729450047	0.718200088	0.707490087	0.695520043	0.684000075	0.671939969	0.660149992	0.648809969	0.636029959	0.624149978	0.612360001	0.606060028	0.599940002	0.594269991	0.590489924	0.594899952	0.601740003	0.609299958	0.617579997	0.630899966	0.645389974	0.659430027	0.674820006	0.688140035	0.702180028	0.714060068	0.719999909	0.692279994	0.659520030	0.626760006	0.591300011	0.553049982	0.513000011	0.473309964	0.437759995	0.407700002	0.379620045	0.350459993	0.325709999	0.316709995	0.309419990	0.301770002	0.296370029	0.298979998	0.302850008	0.307620019	0.313109994	0.320039988	0.327779979	0.335160017	0.341369987	0.344790012	0.345239997	0.345330000	0.346230000	0.341369987	0.334800005	0.328950018	0.322739989	0.318060011	0.313290000	0.309420019	0.306989998	0.306270003	0.306900024	0.307800025	0.308700025	0.311040014	0.313469976	0.316439986	0.318150014	0.319229990	0.320490003	0.320039988	0.319590002	0.318239987	0.317429990	0.315719992	0.314909995	0.313470006	0.312119991	0.311489999	0.310500026	0.311310023	0.312570035	0.313739985	0.315449983	0.317249984	0.318959981	0.320129961	0.321569979	0.321749985	0.322559983	0.322380006	0.323100001	0.322470009	0.322650015	0.322110027	0.321300030	0.321209997	0.321119994	0.321569979	0.321839988	0.321480006	0.321659982	0.321300000	0.320940018	0.320670009	0.320220023	0.319860011	0.319409996	0.319500029	0.320220023	0.320580006	0.320400000	0.320759982	0.322019994	0.322560012	0.322919995	0.322920024	0.323190004	0.323279977	0.323550016	0.322290003	0.321660012	0.320220023	0.320490003	0.320220023	0.319770008	0.319950014	0.319230020	0.319590002	0.319859982	0.320400000	0.320490003	0.321030021	0.321390003	0.321660012	0.320849985	0.319409996	0.316620022	0.315450013	0.313470006	0.311129987	0.307980001	0.305369973	0.302760005	0.301590025	0.299430013	0.297990024	0.296460003	0.296279997	0.295199990	0.294480026	0.294120014	0.293850005	0.294029981	0.294209987	0.294750005	0.294389993	0.294569999	0.294479996	0.294659972	0.294029981	0.294029981	0.293850005	0.294570029	0.295290023	0.297090024	0.297630042	0.298980027	0.301140010	0.302670032	0.304109991	0.305370003	0.304199994	0.302399993	0.300419986	0.297630012	0.291510016	0.285119981	0.278639972	0.272699982	0.269910008	0.267569989	0.264600009	0.265230030	0.277470022	0.290069997	0.302939981	0.317520022	0.341370016	0.366749972	0.391770005	0.414810002	0.429839998	0.439290017	0.447300017	0.442080021	0.406170011	0.353249967	0.299159974	0.248670012	0.213839993	0.181800008	0.152909994	0.126269996	0.115739986	0.107280008	9.96300057E-02	9.69300047E-02	0.102150001	0.111690000	0.122400001	0.142560005	0.189180002	0.244800001	0.299429983	0.362069994	0.454769999	0.548280001	0.641519964	0.730619967	0.803789973	0.872370005	0.941489995	0.976140022	0.931949973	0.854100049	0.776700079	0.705150008	0.656819999	0.582839966	0.501659989	0.420839995	0.366750002	0.321930021	0.288809985	0.257580012	0.236699998	0.218790010	0.206729993	0.195659995	0.187199995	0.178560004	0.171720013	0.166409984	0.164700001	0.163710013	0.163350001	0.164609998	0.170100003	0.175590008	0.182070017	0.189990014	0.201870009	0.214919999	0.227970019	0.243270010	0.264149994	0.287369996	0.310499966	0.336329967	0.375750005	0.419310004	0.463139981	0.509400010	0.577350020	0.657989979	0.740069985	0.825029969	0.919799984	1.00827003	1.08378005	1.15523994	1.21122003	1.26296997	1.31292009	1.35917997	1.35315013	1.34414995	1.33316994	1.31877005	1.30373991	1.28916001	1.27547991	1.26729000	1.27043998	1.27845001	1.28654993	1.29681003	1.31085014	1.32398999	1.33839011
80.0000000	1.59273005	1.59092999	1.58922005	1.58688009	1.58238006	1.57076991	1.55915987	1.54646993	1.54781997	1.56078005	1.57410002	1.58850014	1.57212007	1.54575002	1.51982999	1.49256003	1.45791006	1.42299008	1.38815999	1.35944998	1.34792995	1.33857000	1.32831013	1.32255006	1.31994009	1.31877005	1.31760025	1.31706011	1.31670010	1.31805003	1.31832004	1.32911992	1.33848000	1.34729993	1.35188997	1.34414995	1.33542001	1.32525015	1.30716002	1.28141999	1.25550008	1.22930992	1.20860994	1.18997991	1.17144001	1.15316987	1.14407992	1.13444996	1.12527001	1.11609006	1.10529006	1.09539008	1.08539999	1.07145000	1.05390000	1.03563011	1.01798999	0.996210039	0.972899973	0.949860036	0.925650120	0.908820033	0.891089976	0.873359978	0.856440008	0.842220068	0.827910066	0.814050019	0.798119962	0.780029893	0.761669993	0.743400037	0.722250044	0.699660003	0.677790046	0.655649960	0.634860039	0.615600049	0.595620036	0.579959989	0.572939992	0.567990005	0.564029992	0.570149958	0.586709976	0.604349971	0.623250008	0.647729993	0.674999952	0.701549947	0.728819966	0.789569974	0.848339915	0.900629997	0.914669991	0.822509944	0.730350018	0.637199998	0.567450047	0.521640003	0.475919992	0.432539999	0.397709996	0.367469966	0.336690009	0.310139984	0.302850008	0.295829982	0.289260030	0.285750002	0.290340006	0.294120014	0.299340010	0.305640012	0.313290030	0.321749985	0.329489976	0.332369983	0.333360016	0.333899975	0.334799975	0.328139991	0.320849985	0.314280003	0.307439983	0.304019988	0.299789995	0.295919985	0.295829982	0.297539979	0.299520016	0.302220017	0.306360006	0.311130017	0.315360010	0.321029991	0.321839988	0.322469980	0.322919995	0.322739989	0.320759982	0.317880005	0.315629989	0.313470006	0.312750012	0.311760008	0.310139984	0.309960008	0.310769975	0.312209994	0.313560009	0.315630019	0.317880034	0.319680005	0.321029991	0.321839988	0.323009968	0.323100001	0.324090004	0.324360013	0.325260013	0.324720025	0.325530052	0.325350046	0.325080037	0.325350046	0.325710028	0.326969981	0.326970011	0.327960014	0.326880008	0.326609999	0.326339990	0.325440019	0.323640019	0.321930021	0.320130020	0.319499999	0.318690002	0.318420023	0.317790002	0.318780005	0.320309967	0.321840018	0.323729992	0.324720025	0.324630022	0.325350016	0.324990034	0.324180007	0.322019964	0.321659982	0.319139987	0.316350013	0.313829988	0.312209994	0.310050011	0.309419990	0.308070004	0.307620019	0.307170004	0.307260036	0.307619989	0.307710022	0.307439983	0.306449980	0.306180000	0.304470032	0.302130014	0.300240010	0.298079997	0.296550006	0.294660002	0.293130010	0.291690022	0.290160000	0.288450003	0.287009984	0.286109984	0.285389990	0.285030007	0.284850001	0.284760028	0.285750002	0.286920011	0.286559999	0.285389990	0.284759998	0.283950031	0.283230007	0.281250030	0.279000014	0.277290016	0.276389986	0.275940001	0.276389986	0.275759995	0.278190017	0.282240003	0.285480022	0.289350003	0.291420013	0.293760002	0.297089994	0.297719955	0.292409986	0.286739975	0.281610012	0.275670022	0.268829972	0.261269987	0.253979981	0.253439993	0.256950021	0.260910004	0.265860021	0.282150000	0.301140010	0.320759982	0.340290010	0.358830005	0.374579996	0.391769975	0.390599966	0.368640006	0.339390039	0.306899995	0.268020004	0.225900009	0.187110007	0.151559994	0.133289993	0.116910003	0.103139997	9.52199921E-02	0.100350000	0.105750002	0.112680003	0.139229998	0.184140027	0.231299996	0.284129977	0.363959968	0.452610016	0.542070031	0.635399997	0.668609977	0.700559974	0.732329965	0.738900006	0.680400014	0.622350037	0.556109965	0.482129991	0.410220027	0.337410003	0.266669989	0.238769978	0.222390011	0.206370011	0.192059994	0.190169990	0.188549995	0.187199980	0.185400009	0.180809990	0.175589994	0.170639992	0.165419996	0.158399999	0.152370006	0.145709991	0.141479999	0.139139995	0.137160003	0.135000005	0.138240010	0.142200008	0.146520004	0.151920006	0.160200000	0.169200003	0.178560019	0.191339999	0.207179993	0.224100009	0.241740018	0.268649995	0.298799992	0.330839992	0.364590019	0.422010005	0.481050014	0.544409990	0.616589963	0.711989999	0.808109999	0.905219972	1.00502992	1.10402989	1.20276010	1.29843009	1.34289002	1.37060988	1.39850998	1.41444004	1.38419998	1.35359991	1.32264006	1.29779994	1.28592002	1.27493989	1.26503992	1.28141999	1.32210004	1.36269009	1.40283012	1.44953990	1.49768984	1.54575002
79.0000000	1.91754007	1.95336008	1.98980999	2.02212000	2.03274012	2.02815008	2.02338004	2.01384020	2.00088024	1.98927009	1.97379005	1.95281982	1.92662990	1.89918005	1.88739002	1.87883997	1.86704993	1.84994996	1.82870984	1.80764985	1.78056002	1.73825991	1.69595993	1.64646006	1.58454013	1.51695001	1.45251000	1.41633010	1.39023018	1.36431003	1.35981011	1.37574005	1.39086008	1.40265000	1.40588987	1.40804982	1.40345991	1.38554990	1.36052990	1.33577991	1.31580007	1.29789007	1.28088009	1.27809000	1.28772008	1.29753006	1.30976999	1.32228005	1.33487988	1.34280002	1.33406997	1.31832004	1.30104005	1.27053010	1.22922015	1.18880999	1.14552009	1.09871995	1.05174005	1.00692010	0.976859927	0.947970033	0.920520008	0.898920000	0.880739987	0.863189995	0.847349823	0.834209919	0.821070015	0.804239988	0.785430014	0.766529977	0.747269988	0.727649987	0.707400024	0.687059999	0.664200008	0.639810085	0.615599990	0.591930032	0.570690036	0.549539983	0.532169998	0.523800015	0.517049968	0.513989985	0.520830035	0.533250034	0.545039952	0.562680006	0.580590010	0.603630006	0.620729983	0.626670003	0.627480030	0.610469997	0.580590010	0.549629927	0.519659996	0.488880008	0.455760002	0.424439996	0.398790002	0.377999991	0.358559996	0.339839995	0.328230023	0.314730018	0.304110020	0.301050007	0.299879998	0.300150007	0.304380000	0.311489999	0.318870008	0.324629992	0.330389977	0.335880011	0.339029998	0.337049961	0.334169984	0.330840021	0.323730022	0.315899998	0.309419990	0.304560006	0.300960004	0.296909988	0.295469999	0.297540009	0.299609989	0.301860005	0.306629986	0.311130017	0.315450013	0.317249984	0.317609996	0.319500029	0.319050014	0.317609996	0.315539986	0.313650012	0.312029988	0.310229987	0.308880001	0.307530016	0.307620019	0.308520019	0.310140014	0.312660009	0.314190000	0.316260010	0.316529989	0.317880005	0.317790002	0.317789972	0.317970008	0.318780005	0.320219994	0.321570009	0.323190004	0.324900001	0.326520026	0.328319997	0.330660015	0.330750018	0.332010001	0.332819968	0.332999974	0.333719999	0.333179981	0.332550019	0.331740022	0.330210030	0.329040021	0.328229994	0.326519996	0.326249987	0.325710028	0.325259984	0.324540019	0.325169981	0.325350016	0.325170010	0.324629992	0.324539989	0.324359983	0.323729992	0.321929991	0.320220023	0.318870008	0.316529989	0.313560009	0.310589999	0.308880001	0.307439983	0.306539983	0.306629986	0.306539983	0.306809992	0.306810021	0.308250010	0.308700025	0.309060007	0.309239984	0.308160007	0.307260007	0.305640012	0.303750008	0.301590025	0.300510019	0.299160033	0.298170000	0.296189994	0.293489993	0.292229980	0.290159971	0.286920011	0.285030007	0.283499986	0.282059997	0.281699985	0.281160027	0.280979991	0.281969994	0.282150000	0.282240003	0.281789988	0.281879991	0.280800015	0.278009981	0.274499983	0.271890014	0.268830001	0.266670018	0.264420003	0.263610005	0.265230030	0.267749995	0.270090014	0.276390016	0.282150000	0.287550002	0.292949975	0.298439980	0.302219987	0.302760005	0.298889995	0.294479996	0.286829978	0.276209980	0.265500009	0.255779982	0.247950003	0.241379991	0.234719977	0.237869993	0.242550001	0.247229993	0.252090007	0.258479983	0.265679985	0.268650025	0.265139997	0.257310033	0.247860014	0.230219990	0.209160000	0.187830001	0.168570012	0.151649997	0.136530012	0.127350003	0.126000002	0.124830008	0.130950004	0.155339986	0.185039997	0.225539997	0.305729985	0.406170011	0.506699979	0.619830012	0.741510034	0.862740040	0.933299899	0.862740040	0.790740013	0.713429987	0.602370024	0.476729989	0.359370023	0.284220010	0.240839988	0.199620008	0.175770000	0.166500002	0.163080007	0.162179992	0.166679993	0.170190006	0.175770000	0.176939979	0.177390009	0.177390009	0.173969999	0.168660000	0.163079992	0.157409996	0.149490014	0.142470002	0.136800006	0.132930011	0.129960001	0.126809999	0.128070012	0.130680010	0.135000005	0.139589995	0.146339998	0.153449997	0.161550015	0.170910001	0.180629969	0.193680003	0.210960016	0.231300011	0.252629995	0.288630038	0.330929995	0.373050034	0.432449996	0.512639999	0.590490043	0.676620007	0.783089995	0.890910029	0.996209979	1.09359002	1.18692005	1.28105998	1.34369993	1.38564003	1.42479002	1.44359994	1.43450987	1.41884983	1.40075982	1.37142003	1.34235001	1.32003009	1.31697011	1.32731998	1.34091008	1.39068007	1.46645999	1.54251003	1.62665999	1.72232997	1.82042992
78.0000000	2.23280978	2.33991003	2.44565988	2.54357982	2.58677983	2.59344006	2.60018992	2.59019995	2.56059003	2.53088999	2.51225996	2.51153994	2.51568007	2.51999998	2.50416017	2.48616028	2.46708012	2.43648005	2.39723992	2.35683012	2.28231001	2.14217997	2.00196004	1.87263012	1.76453996	1.66410005	1.56932998	1.56258011	1.58408999	1.60496998	1.64060998	1.68462026	1.72908008	1.76102984	1.75760984	1.75373983	1.74608994	1.72952986	1.70963991	1.69073999	1.68597007	1.68866992	1.69227004	1.72475994	1.78361988	1.84509003	1.89315009	1.87892997	1.86434996	1.83816004	1.76580000	1.67291999	1.57986009	1.48625994	1.39166999	1.29779994	1.21590006	1.14723003	1.07946002	1.01816988	0.982710063	0.948959947	0.916559935	0.890819967	0.869399965	0.847710013	0.826830029	0.809190035	0.791369975	0.775889993	0.762659967	0.750059962	0.737999976	0.728819966	0.719640017	0.710370004	0.696330011	0.680309951	0.663749993	0.643140018	0.616229951	0.589410007	0.563040018	0.537660062	0.513090014	0.490500033	0.476460010	0.465929985	0.455669999	0.454770029	0.457830042	0.460350037	0.463590056	0.464760005	0.465210021	0.464399993	0.456929982	0.448829979	0.438840002	0.426240027	0.410849988	0.395099998	0.380070001	0.365940034	0.352079988	0.338310003	0.327960014	0.316890031	0.306540012	0.301590025	0.298889995	0.296189994	0.298079997	0.301140010	0.305730015	0.311220020	0.317609996	0.324180007	0.330119997	0.331829995	0.333630025	0.335520059	0.331470042	0.326519996	0.320129991	0.315990001	0.311760008	0.307889998	0.305999994	0.308250010	0.310409993	0.313290000	0.317519993	0.322829992	0.327149987	0.329219997	0.330210000	0.331829995	0.331830025	0.331110030	0.330480009	0.328680009	0.327060014	0.325980008	0.324090004	0.322020024	0.320310026	0.320039988	0.319140017	0.318599999	0.316619992	0.316980034	0.315719992	0.314730018	0.314280003	0.315090030	0.315720022	0.316620022	0.319139987	0.322290003	0.324900031	0.327780008	0.332010001	0.336060017	0.339390010	0.340739965	0.342269987	0.343169987	0.343170017	0.343800008	0.344159991	0.344700009	0.345690012	0.346230000	0.347490013	0.349649996	0.351179987	0.352169991	0.353430033	0.354420006	0.355500013	0.352079988	0.348660022	0.346499979	0.342270017	0.337950021	0.333450019	0.329670012	0.325350016	0.322200030	0.319140017	0.317430019	0.316709995	0.315270007	0.317429990	0.318239987	0.319499969	0.321390003	0.323369980	0.324719995	0.326519996	0.325980037	0.324360013	0.323639959	0.320849985	0.317159981	0.312749982	0.309960008	0.307800025	0.305100024	0.303570002	0.302940011	0.301320016	0.301049978	0.298439980	0.296370000	0.292950004	0.288360000	0.285030007	0.281880021	0.279000044	0.276930004	0.275759995	0.275669992	0.276479989	0.277469993	0.278190017	0.279179990	0.280709982	0.280800015	0.281790018	0.281520009	0.281430036	0.280170023	0.278820008	0.277470022	0.277109981	0.275669992	0.276390016	0.276120007	0.277290016	0.279449999	0.281070024	0.285120010	0.289440006	0.293039978	0.296370000	0.299520016	0.302220017	0.301050007	0.292769969	0.283320010	0.274410009	0.263159990	0.252719998	0.242370009	0.235260010	0.229320005	0.223739982	0.220770016	0.220410004	0.218880013	0.216810018	0.211769998	0.205559999	0.199349999	0.190080002	0.179010004	0.169019982	0.161549985	0.154349998	0.148230001	0.145439997	0.149310008	0.154080003	0.165330023	0.194849998	0.230580032	0.271800041	0.335339993	0.413099974	0.489240021	0.537209988	0.565109968	0.591930032	0.594810009	0.537570000	0.478890002	0.423269987	0.378270060	0.337050021	0.300959975	0.286020011	0.288450003	0.290069997	0.297270000	0.309689999	0.323730022	0.335879982	0.345869988	0.353969991	0.362430006	0.360900015	0.358469993	0.353700012	0.342900038	0.326430023	0.309960008	0.291330010	0.269459993	0.247860014	0.227070019	0.209429994	0.191610023	0.175410002	0.167130023	0.161460012	0.155880004	0.153540015	0.154260010	0.155340001	0.158849999	0.165240020	0.171540007	0.181259990	0.198449999	0.219509989	0.239759997	0.280800015	0.328949988	0.377099991	0.444240034	0.533969998	0.624779999	0.717210054	0.814950049	0.913679957	1.00286996	1.06677008	1.11816001	1.16945994	1.22624993	1.28520000	1.34522998	1.41165006	1.48913991	1.56771004	1.63854003	1.64897990	1.65743995	1.66266012	1.65717006	1.64466000	1.63205993	1.66103995	1.72250998	1.78335011	1.86795008	1.98638988	2.10942006
77.0000000	2.38706994	2.56626010	2.74454975	2.91555023	3.05100036	3.17898011	3.26699996	3.25754976	3.20706010	3.15108013	3.08141994	3.00582004	2.93291998	2.86838984	2.80610991	2.74391985	2.67569995	2.60873985	2.53143001	2.41155005	2.28213000	2.15864992	2.04857993	1.94373012	1.87767005	1.90485001	1.96937990	2.04201007	2.14793992	2.26143026	2.37447023	2.37906003	2.38355994	2.38526988	2.37194991	2.35421991	2.33369970	2.30517006	2.27250004	2.25630021	2.27988005	2.31921005	2.36069989	2.40974998	2.46257997	2.51279998	2.47275019	2.43162012	2.37941980	2.27160001	2.15279984	2.03067017	1.90125012	1.76850009	1.64888990	1.55897999	1.48194003	1.40796006	1.34955001	1.29518986	1.23912001	1.18755007	1.13453996	1.08072019	1.02698994	0.972629964	0.919979990	0.870930016	0.822869956	0.780750036	0.753660083	0.732600033	0.714149952	0.707040012	0.702089965	0.697589993	0.693630040	0.687510014	0.680490017	0.665910006	0.649890006	0.631260037	0.609210014	0.582480013	0.559619963	0.539819956	0.521820009	0.503190041	0.491310000	0.481500030	0.472229987	0.464310020	0.455850005	0.447119981	0.437129974	0.425969988	0.416249990	0.407699972	0.398609996	0.392399997	0.389519960	0.387629956	0.385560006	0.380159974	0.374669999	0.369629979	0.359639972	0.349379987	0.339749992	0.326610029	0.314999998	0.304470003	0.296279997	0.290159971	0.287009984	0.288809985	0.292679995	0.299609989	0.307799995	0.315810025	0.323640019	0.326790005	0.328949988	0.331110001	0.327960014	0.322919995	0.318960011	0.316439986	0.313470006	0.312390000	0.315269977	0.318330020	0.322739989	0.328139991	0.333629996	0.337410003	0.339660019	0.342180014	0.344339997	0.343349993	0.342450023	0.342000008	0.340199977	0.338310003	0.337860018	0.336780012	0.335429966	0.334259957	0.333089978	0.331739992	0.330299973	0.328410000	0.327060014	0.325800002	0.325259984	0.325619996	0.326609999	0.328140020	0.330480039	0.332910031	0.336420000	0.340559989	0.345510036	0.348750025	0.351809978	0.354060024	0.354420006	0.353969991	0.353520006	0.353340030	0.352080017	0.351270020	0.353340000	0.355320007	0.358020008	0.361799985	0.366209984	0.370619953	0.371159971	0.371250004	0.371160001	0.367740005	0.363329977	0.359279990	0.352440000	0.347039998	0.341549963	0.336600006	0.331829995	0.327690005	0.326340020	0.325800031	0.324810058	0.324000031	0.323010027	0.322380006	0.321750015	0.320040017	0.319590002	0.317520022	0.315450013	0.313199997	0.309870005	0.303930014	0.298979998	0.294840038	0.290070027	0.286379993	0.285750002	0.285930008	0.286109984	0.288000017	0.290160000	0.291600019	0.291599989	0.292140007	0.291060001	0.289620012	0.285930037	0.283320010	0.280440003	0.278369993	0.275400013	0.274230003	0.274230003	0.273060024	0.273330003	0.273150027	0.272520006	0.272879988	0.273239970	0.273959994	0.275849998	0.279269993	0.282240003	0.284400016	0.287459999	0.290250003	0.290160000	0.290159971	0.290429980	0.289709985	0.289979994	0.289170027	0.289439976	0.288180023	0.288540006	0.289620012	0.292139977	0.294660002	0.294569999	0.294119984	0.293579996	0.288450003	0.284399986	0.279180020	0.275130004	0.273149997	0.269100010	0.266220033	0.263070017	0.260549992	0.255869985	0.247320026	0.238590017	0.226530001	0.213299990	0.199349985	0.189179987	0.181079999	0.173340008	0.173610002	0.174240023	0.176760003	0.193590000	0.210960016	0.233730018	0.263790011	0.298260003	0.328949988	0.351539969	0.371520013	0.384570032	0.368550003	0.345419973	0.326160014	0.314730018	0.304740041	0.297270000	0.314009994	0.334710002	0.361620009	0.401129991	0.445140004	0.487980008	0.529110014	0.568889976	0.606329978	0.627749979	0.647369981	0.666629970	0.662670016	0.658259928	0.651959956	0.630989969	0.608039975	0.581129968	0.543959975	0.502020001	0.459450036	0.415259957	0.370260000	0.326609999	0.293310016	0.260279983	0.229319990	0.214650020	0.201060012	0.187740013	0.181170002	0.174240008	0.169919997	0.170369998	0.171539992	0.176849991	0.190709993	0.208710000	0.232469976	0.274230003	0.321660042	0.367919981	0.461159974	0.553499997	0.651600003	0.771840036	0.896850049	1.00638008	1.07874000	1.13678992	1.18655992	1.21643996	1.23966002	1.27881002	1.39401007	1.52604008	1.65717018	1.80656993	1.95588005	2.07837009	2.08152008	2.05946994	2.02662015	1.96938014	1.90251005	1.85976005	1.87424982	1.91331005	1.96811998	2.09700012	2.24324989
76.0000000	2.45555973	2.70296979	2.94975019	3.18402004	3.36050987	3.52395010	3.64886999	3.67686009	3.66893983	3.63492012	3.54933000	3.44241023	3.32964039	3.20067000	3.06981015	2.93436003	2.78018999	2.62628984	2.47707009	2.35116005	2.23353004	2.15136003	2.13966012	2.16072011	2.21058011	2.31578994	2.44494009	2.57760000	2.72645998	2.87379003	3.02138996	3.00213003	2.96837997	2.92023015	2.80646992	2.67966008	2.56580997	2.48993993	2.43180013	2.39813995	2.42784023	2.48499012	2.54510999	2.62125015	2.69981980	2.77884007	2.70459008	2.63106012	2.54736018	2.41245008	2.26674008	2.13317990	2.03031015	1.93833005	1.86381018	1.82834995	1.80755997	1.77182996	1.69965005	1.62108004	1.54467010	1.39887011	1.25118005	1.11636007	1.02734995	0.950760007	0.883620024	0.837720037	0.800910056	0.768959939	0.746999979	0.730349958	0.714509964	0.705599964	0.697319984	0.689850032	0.682740033	0.674640000	0.667530000	0.656549931	0.646289945	0.634050012	0.621179998	0.609299958	0.598859966	0.593009889	0.588959992	0.585630059	0.583740056	0.582300067	0.580770016	0.564659953	0.546569943	0.528930008	0.501030028	0.471329987	0.445499986	0.425339997	0.408509970	0.396090001	0.393480003	0.394380003	0.396629989	0.397080004	0.396989971	0.396269977	0.382230014	0.368010014	0.353159994	0.337050021	0.319680005	0.304740041	0.293310016	0.284489989	0.277830005	0.276930034	0.279720008	0.283230007	0.292500019	0.302939981	0.312660009	0.319589972	0.325799972	0.331110001	0.330119997	0.328500003	0.327239990	0.324360013	0.321570009	0.318689972	0.316980004	0.315180004	0.314999998	0.314009994	0.314370006	0.313650012	0.316350013	0.318690002	0.320400000	0.322740018	0.324000031	0.325350016	0.325890005	0.325980008	0.325349987	0.324989974	0.325350016	0.325619996	0.327240020	0.329220027	0.330840021	0.333360016	0.335789979	0.338849992	0.340829968	0.342180014	0.343349993	0.343980014	0.343260020	0.343979985	0.346500009	0.348839998	0.351539999	0.355410010	0.359549999	0.363510013	0.365489990	0.368640006	0.371339977	0.373139977	0.374579996	0.374940008	0.375930011	0.378270000	0.378899992	0.380969971	0.383400023	0.384389997	0.382229984	0.379259974	0.376559973	0.370170027	0.365759999	0.359549999	0.355589986	0.351630002	0.347760022	0.346769989	0.345239997	0.343709975	0.342449993	0.341190010	0.339210033	0.335790008	0.333000004	0.329040021	0.328050017	0.326880008	0.326790005	0.328140020	0.329039991	0.329850018	0.329400003	0.327419966	0.323729992	0.320579976	0.315809995	0.310949981	0.308700025	0.306450009	0.304199994	0.304380000	0.305550009	0.306360006	0.305100024	0.302489996	0.300239980	0.296279997	0.293310016	0.289350003	0.287999988	0.286739975	0.285930008	0.285030007	0.284669995	0.284040034	0.281970024	0.279720008	0.277200013	0.273870021	0.270450026	0.269190013	0.269639999	0.270810008	0.274410039	0.280530035	0.287370026	0.295290023	0.301679999	0.308070004	0.314370006	0.311580002	0.307889968	0.304109991	0.301230013	0.299430013	0.297270000	0.297000021	0.296550006	0.295560032	0.294750005	0.292589992	0.291060001	0.287009984	0.282599986	0.278280020	0.279270023	0.280169994	0.283229977	0.288539976	0.294839978	0.300869972	0.300599992	0.298170000	0.294569999	0.285030007	0.272790015	0.260279983	0.247680008	0.234090015	0.221670002	0.227159992	0.232560009	0.241649985	0.268920004	0.301139981	0.335070014	0.374579996	0.416070014	0.446310043	0.446309984	0.435690016	0.417510003	0.379079998	0.337140024	0.297000021	0.294840008	0.292680025	0.295830011	0.319499999	0.346769989	0.372689962	0.399690002	0.424709976	0.445230067	0.459719986	0.470609993	0.483300030	0.501929998	0.523620009	0.546480000	0.576449990	0.608219981	0.637199998	0.648449957	0.654839993	0.650609970	0.621540070	0.580320001	0.536670029	0.486450046	0.434069991	0.384209991	0.346499979	0.310770005	0.274949998	0.259739995	0.244800001	0.230489999	0.221759975	0.214200005	0.207359999	0.200430006	0.195390001	0.193230003	0.199439988	0.211049989	0.228240028	0.268469989	0.312930018	0.361080021	0.458820015	0.557999969	0.671309948	0.830430031	1.00169992	1.16685009	1.30923009	1.43865001	1.54700994	1.61010003	1.65365994	1.70712006	1.82772005	1.96082985	2.09438992	2.19131970	2.28050995	2.34548998	2.29364991	2.21696997	2.13642001	2.05551004	1.97676003	1.92348003	1.93698013	1.97810984	2.03462982	2.16468000	2.30957985
75.0000000	2.62134004	2.78684998	2.95308018	3.11292028	3.24917984	3.38300991	3.48750019	3.54465008	3.59937024	3.60810018	3.58155012	3.55175996	3.47004008	3.36852026	3.26331019	3.10778999	2.94047976	2.77100992	2.59289980	2.41604996	2.28915024	2.27726984	2.26845002	2.33171988	2.46834016	2.60379004	2.74581027	2.89088988	3.03317976	3.10679984	3.17231965	3.20003986	3.02804971	2.85524964	2.68371010	2.52287984	2.36582994	2.25936007	2.22362995	2.19681001	2.24676013	2.35089016	2.45844007	2.55383992	2.64402008	2.73267007	2.63969994	2.54637003	2.44161010	2.29949975	2.15972996	2.05037999	1.98738003	1.92303002	1.88685000	1.87550998	1.86606002	1.74275994	1.58301008	1.42461002	1.31022012	1.20212996	1.09908009	1.02492011	0.953369975	0.895319998	0.866070032	0.837810040	0.818369925	0.807390034	0.796050012	0.786779940	0.778950036	0.771120012	0.760680079	0.750779986	0.741060019	0.724049985	0.706949949	0.689490020	0.668160021	0.646559894	0.626580060	0.609120011	0.593280017	0.588330030	0.591659963	0.594900012	0.598140001	0.602459967	0.607500017	0.590219975	0.573119998	0.552149951	0.515789986	0.478529960	0.444329977	0.412290007	0.382319987	0.363599956	0.354239970	0.345960021	0.349289984	0.356309980	0.364859998	0.363240004	0.361080021	0.357120007	0.343889982	0.330929995	0.318329990	0.306899995	0.295469999	0.286830008	0.281250000	0.275309980	0.277200013	0.282869995	0.287910014	0.298799992	0.310589999	0.322290033	0.329670012	0.336959988	0.342270017	0.341460019	0.340829968	0.338489980	0.333450019	0.330030024	0.323729992	0.318690002	0.313109994	0.308880031	0.306270033	0.303840011	0.310770005	0.319139987	0.327869982	0.341820002	0.354600012	0.364770025	0.370079994	0.373589963	0.367920011	0.357389987	0.347850025	0.341190010	0.338399976	0.336059988	0.335429996	0.336420000	0.339569986	0.343529999	0.349469990	0.353789985	0.354510009	0.355949968	0.356040001	0.353969991	0.351539999	0.352800012	0.354060024	0.355140001	0.361799985	0.368730009	0.375929981	0.382770032	0.390059978	0.396359980	0.399060041	0.401670009	0.403829992	0.405180037	0.406530023	0.407160014	0.406710029	0.406529993	0.403380007	0.399419993	0.397079974	0.392849982	0.388709992	0.385289997	0.384750009	0.382950008	0.381870002	0.382680029	0.383579999	0.381779969	0.378449976	0.374399990	0.369540006	0.364409983	0.358560026	0.356669992	0.356580019	0.356940001	0.362969995	0.370350003	0.377550006	0.383940011	0.389880002	0.390690029	0.385199994	0.379080027	0.369720012	0.359640002	0.350190014	0.343710035	0.337859988	0.333090007	0.329580009	0.326339990	0.321300000	0.314099997	0.306180000	0.299070001	0.292410046	0.286830038	0.284850001	0.286290020	0.287820011	0.292229980	0.297269970	0.302219987	0.301950008	0.301139981	0.299880028	0.294479996	0.289980024	0.285210013	0.282960027	0.280980021	0.283050001	0.287819982	0.292860001	0.300419986	0.308250010	0.315360010	0.317249984	0.318690002	0.320400000	0.316260010	0.312390029	0.308070004	0.305910021	0.302940041	0.300060004	0.296910018	0.292589992	0.286469996	0.278909981	0.270449996	0.266129971	0.259829998	0.256320000	0.259829998	0.265049964	0.272789985	0.288269997	0.302940011	0.313829988	0.316710025	0.317250013	0.307799995	0.289079994	0.269460022	0.254970014	0.240120009	0.227160007	0.234720007	0.243000001	0.256049991	0.288989991	0.321930021	0.356940031	0.398159981	0.439020008	0.472230017	0.498150021	0.525330067	0.506070018	0.471060008	0.434969962	0.420300007	0.408060014	0.397799999	0.406080037	0.416069984	0.423359990	0.424980015	0.426960021	0.414810002	0.389340013	0.363240004	0.341280013	0.322199970	0.305550009	0.322110027	0.344070017	0.373769999	0.433259994	0.494640023	0.552690029	0.587970018	0.618749976	0.620099962	0.580949962	0.538199961	0.490319967	0.440099984	0.388980001	0.351179987	0.317519993	0.284219980	0.269549996	0.256049991	0.243629992	0.237150013	0.230580002	0.223379999	0.214739978	0.207810000	0.206640005	0.209250003	0.212850004	0.234720007	0.263970017	0.295379996	0.365040004	0.442979962	0.529829979	0.678059936	0.831690013	1.00845003	1.23840010	1.46997011	1.65797973	1.80315006	1.94625008	2.05713010	2.15388012	2.24990988	2.33774996	2.42460012	2.49290991	2.45087981	2.40813017	2.35358977	2.27339983	2.19843006	2.15856004	2.16099000	2.16630006	2.19510007	2.24019003	2.28465009	2.38652992	2.50371027
74.0000000	2.60586023	2.70306015	2.80152011	2.89583993	2.98394990	3.06611991	3.13154984	3.19193959	3.23882985	3.27393007	3.30272985	3.31316972	3.31820989	3.29724002	3.25620008	3.21344995	3.11139011	3.01049972	2.92049980	2.84426975	2.79324007	2.80872011	2.84939981	2.91132021	2.99187016	3.06756020	3.13128018	3.19041014	3.22560000	3.24441028	3.26169038	3.10986018	2.95704007	2.78982019	2.60388017	2.42982006	2.28411007	2.14964986	2.08629012	2.09294987	2.13066006	2.25495005	2.40876007	2.53808999	2.64870000	2.75607038	2.68632007	2.61324000	2.50299001	2.34512997	2.19861007	2.08728027	1.98746991	1.86524999	1.72071004	1.58165991	1.46205008	1.34729993	1.24541998	1.15091991	1.05795002	1.00196993	0.947159946	0.905759931	0.882449985	0.863279998	0.857969999	0.856530070	0.857699931	0.861209929	0.861840010	0.854640067	0.844560027	0.831420004	0.817379951	0.803070009	0.792000055	0.780929983	0.768599987	0.755100012	0.739260077	0.714240015	0.687240005	0.662039995	0.639720023	0.620369971	0.611999929	0.608759999	0.609840035	0.614069998	0.618840039	0.610379994	0.602190018	0.585449994	0.556829929	0.527219951	0.494099975	0.459089965	0.428490013	0.402570009	0.379890025	0.364050001	0.352440000	0.343800038	0.340650022	0.337679982	0.334079981	0.330479980	0.326609999	0.322380036	0.318960011	0.316439986	0.314549983	0.310860008	0.306899995	0.303929985	0.304019988	0.305010021	0.307709992	0.311939985	0.317429990	0.319860011	0.323460013	0.326429993	0.327779979	0.328320026	0.327239990	0.325620025	0.322919995	0.318059981	0.313290000	0.308970004	0.304560006	0.304649979	0.308609992	0.312660009	0.337229997	0.364050031	0.396899968	0.441810012	0.487529963	0.539910018	0.592649996	0.595799983	0.546480000	0.499050021	0.458010018	0.419759989	0.391499966	0.370620012	0.351899981	0.350369990	0.348840028	0.350460023	0.356220007	0.360539973	0.364679992	0.368099988	0.369630039	0.368189991	0.367650002	0.366389990	0.365669996	0.368189991	0.372779995	0.377730012	0.384660035	0.391770035	0.397350013	0.401040018	0.404010028	0.404460013	0.402480006	0.403020054	0.403200030	0.404009998	0.406439990	0.409860015	0.411750019	0.414899975	0.417329997	0.419310004	0.420839995	0.421290010	0.421110004	0.421110034	0.419490039	0.418500006	0.416159987	0.413459986	0.410219997	0.405180007	0.400859982	0.395190060	0.389700055	0.385200053	0.384300023	0.383130014	0.383579969	0.385019958	0.385199964	0.382769942	0.378539979	0.371430010	0.360270023	0.349200010	0.338760018	0.329759985	0.324540019	0.322920024	0.321839988	0.327059984	0.332369983	0.335250020	0.334890008	0.332639992	0.324629992	0.315180004	0.306450009	0.297810018	0.291060030	0.287910014	0.286650002	0.288270026	0.291960001	0.296189994	0.298079997	0.298709989	0.299610019	0.298260033	0.297810018	0.298530012	0.300060004	0.302310020	0.307350010	0.312030017	0.316709995	0.321480006	0.323370010	0.322920024	0.322290003	0.321209997	0.320490003	0.318150014	0.314549983	0.310410023	0.306899995	0.302760005	0.301499993	0.302939981	0.304469973	0.304020017	0.303389996	0.302579999	0.301409990	0.299339980	0.307889998	0.316350013	0.333269984	0.361979991	0.393119991	0.432090014	0.475020021	0.477630019	0.440729976	0.404100001	0.367469996	0.329850018	0.300960004	0.279179990	0.257220000	0.266220003	0.275579989	0.290520012	0.311309993	0.330389977	0.344339997	0.355679989	0.366840005	0.378090024	0.388260007	0.396809995	0.405720025	0.409860015	0.410039991	0.409230024	0.400770038	0.392580003	0.390959978	0.396719992	0.407789975	0.432899982	0.461699992	0.488879979	0.514349997	0.531179965	0.521910012	0.505079925	0.482670009	0.454589993	0.427589983	0.443879962	0.460349977	0.502379954	0.570509970	0.627570033	0.656370044	0.674730062	0.662580013	0.620550096	0.575999975	0.524519980	0.471780002	0.424619973	0.380340010	0.337590009	0.310680002	0.285389990	0.264690012	0.252090007	0.240930006	0.235349998	0.232380018	0.234359995	0.240749970	0.249929994	0.268110007	0.289620012	0.323099971	0.366120011	0.409679979	0.500850022	0.595080018	0.724319994	0.898200035	1.08477008	1.30761003	1.54332006	1.73691010	1.88901007	2.02697992	2.12841010	2.21769023	2.29833007	2.37438011	2.44872022	2.43171000	2.41425014	2.38337994	2.33738995	2.30148005	2.29914021	2.30814028	2.32605004	2.35224009	2.37824988	2.40182996	2.42396998	2.47185016	2.53674006
73.0000000	2.48562002	2.62188005	2.75652003	2.86487985	2.94786000	3.01328969	3.03758979	3.05234981	3.07224011	3.09591007	3.13316989	3.18627000	3.24170995	3.29147983	3.33585000	3.36824965	3.39056993	3.41198993	3.43853998	3.47121024	3.50099993	3.53420997	3.56174994	3.57578969	3.57497978	3.56354976	3.54050994	3.51746988	3.48732018	3.45951033	3.43215036	3.32586026	3.21471000	3.07313991	2.87657976	2.68290019	2.50127983	2.32325983	2.22182989	2.19626999	2.21364021	2.32928991	2.47616982	2.60658002	2.72546983	2.82824993	2.79765034	2.75724006	2.65482020	2.49903011	2.35349989	2.22705007	2.09421015	1.91447997	1.70676017	1.51775992	1.36908007	1.23975015	1.13598001	1.05930007	0.991620004	0.959849894	0.937799990	0.925469995	0.926639974	0.932579994	0.945900023	0.960119963	0.964529991	0.957689881	0.944189906	0.916290045	0.882000029	0.851759970	0.826650083	0.802800000	0.803070009	0.803699970	0.809009969	0.816929936	0.818909943	0.809639990	0.797309995	0.777689993	0.753749967	0.730980039	0.712800086	0.697679996	0.689490080	0.688320041	0.685980022	0.678960025	0.669150054	0.652320027	0.627030015	0.601110041	0.573749959	0.548550010	0.523259997	0.498599976	0.475109994	0.451170027	0.426509976	0.402929991	0.379350007	0.355589986	0.342989981	0.330389977	0.323009998	0.322650015	0.323910028	0.328590006	0.334979981	0.339839995	0.342720002	0.345420003	0.345149994	0.344160020	0.341459990	0.337680012	0.333000004	0.326250017	0.320580006	0.316349983	0.315539986	0.315630019	0.315989971	0.317519993	0.317970037	0.316080004	0.313739985	0.311760008	0.310229987	0.312570006	0.321209997	0.330210000	0.361080021	0.394559950	0.435419977	0.488160014	0.559979975	0.682380021	0.823499978	0.827639937	0.693359971	0.576719999	0.512370050	0.466650009	0.430829972	0.401760042	0.374669999	0.369179994	0.363869995	0.363869995	0.368280023	0.373589963	0.378270000	0.383399993	0.386639982	0.388440013	0.389340013	0.389789999	0.388709992	0.388709992	0.389789969	0.391230017	0.393660009	0.397980005	0.403109998	0.407429993	0.412110060	0.414270014	0.414630026	0.415440053	0.415710032	0.416070014	0.418589979	0.421290010	0.425430000	0.431099981	0.437039971	0.440999955	0.444599956	0.445860028	0.443520010	0.441000015	0.437669992	0.433620036	0.432630032	0.433350027	0.437940031	0.444690019	0.452700049	0.459720016	0.466380030	0.467549980	0.463950008	0.456569970	0.445499957	0.431280017	0.417690009	0.403469980	0.389609993	0.377460003	0.367289960	0.359909981	0.357929975	0.356399983	0.361169994	0.370079994	0.379530013	0.391049981	0.401669979	0.408960015	0.408960015	0.406890005	0.396180004	0.383219987	0.370079994	0.356580019	0.343439996	0.332550019	0.323370010	0.315809995	0.309239984	0.302040011	0.296550035	0.290970027	0.287370026	0.286650032	0.288450032	0.294209987	0.301679999	0.311760008	0.322740018	0.332460016	0.339480013	0.343439996	0.342359990	0.338490009	0.333270013	0.326070011	0.318239987	0.312480003	0.307709992	0.304289997	0.304829985	0.306539983	0.310230017	0.316890001	0.323909968	0.333900005	0.345330000	0.357300013	0.369899988	0.379350007	0.388980001	0.398699999	0.422460020	0.453780025	0.502920032	0.599669933	0.711899936	0.711269975	0.598860025	0.499050051	0.441629946	0.402930021	0.377100021	0.363059998	0.357749969	0.381779999	0.429479986	0.480600029	0.499770045	0.469709992	0.424619973	0.382770002	0.347220004	0.318690002	0.296909988	0.294120014	0.301860005	0.312569976	0.326969981	0.342000008	0.323550016	0.301950008	0.285210013	0.271349996	0.267479986	0.290340006	0.323369980	0.385829985	0.475020021	0.558809996	0.624689937	0.676079988	0.665910006	0.617039979	0.552059948	0.504719973	0.467550009	0.472409993	0.520110011	0.584640026	0.654120028	0.724860013	0.764640093	0.762480021	0.742949963	0.704160035	0.653219998	0.600209951	0.542789996	0.485640019	0.440730006	0.399780005	0.364949971	0.343169987	0.324539989	0.315360010	0.310950011	0.313650012	0.323729962	0.337409973	0.361440003	0.388530016	0.425789982	0.468629986	0.519389987	0.617039979	0.721980035	0.890640020	1.10690999	1.34856009	1.62666023	1.90152001	2.11770010	2.27601004	2.39111996	2.46077991	2.49705005	2.51945996	2.53656006	2.55267000	2.51315999	2.47536016	2.43666005	2.39372993	2.35548019	2.32523990	2.29688978	2.27322006	2.25720000	2.24405980	2.24856019	2.26044011	2.31192017	2.39652014
72.0000000	2.47878003	2.62385988	2.76435018	2.86082983	2.92985988	2.97692990	2.97953987	2.99465990	3.03021002	3.07791018	3.16529989	3.27446985	3.36482978	3.44709015	3.51000023	3.52377009	3.53610015	3.55329013	3.56732988	3.57390022	3.56624985	3.53762984	3.47642970	3.39713979	3.29561973	3.19076967	3.11184001	3.06171012	3.04173017	3.05405998	3.08843994	3.11741996	3.13668013	3.12983990	3.04290009	2.92644000	2.78559017	2.62719011	2.51162982	2.44323015	2.42334008	2.46690011	2.52603006	2.57930994	2.62782001	2.63951993	2.61827993	2.57921982	2.48417997	2.39210987	2.31237006	2.23515010	2.10699010	1.91798997	1.73907006	1.57994998	1.42974007	1.30572021	1.18962014	1.11941993	1.08243001	1.05804002	1.06938004	1.08251989	1.10195994	1.12266004	1.13220000	1.13012993	1.11743999	1.08845997	1.05704999	1.02069008	0.983610094	0.950580060	0.920880020	0.891360044	0.877680004	0.867240012	0.867869914	0.872460008	0.877409995	0.877949953	0.875519872	0.865889907	0.852299929	0.834929943	0.813149989	0.790560007	0.765900016	0.738900006	0.709380031	0.676349998	0.640169978	0.604170024	0.569519997	0.540269971	0.517319977	0.503010035	0.493290007	0.486539990	0.481859982	0.474299967	0.463320017	0.449999988	0.426059961	0.399600029	0.376919985	0.357209980	0.341730028	0.335160017	0.330210000	0.329939991	0.330839992	0.332459986	0.336239994	0.339120001	0.342899978	0.346139997	0.348659992	0.350280017	0.348120004	0.344340026	0.341190010	0.338400006	0.336420000	0.338220000	0.339659989	0.340920001	0.341820031	0.341910034	0.340380013	0.335969985	0.328769982	0.323819965	0.328139991	0.334349990	0.347400010	0.365849972	0.384929985	0.408690006	0.432360023	0.450000048	0.464310050	0.468180031	0.462870002	0.453779966	0.439649969	0.423629940	0.411749959	0.400320023	0.394469976	0.392400026	0.391139984	0.393480003	0.396270007	0.398249984	0.398519993	0.398340017	0.397260010	0.395640016	0.394470006	0.394290000	0.394650012	0.394919991	0.396720022	0.398699999	0.400230050	0.405719995	0.412110001	0.420390010	0.430919975	0.441630036	0.449819982	0.457110018	0.460260034	0.461970001	0.462689936	0.463049978	0.464849979	0.468449980	0.472860038	0.480240017	0.485999972	0.487709939	0.485369951	0.481050014	0.473399997	0.466920018	0.465210021	0.467910022	0.480780005	0.501569986	0.526049972	0.556559980	0.583200037	0.592830002	0.599309981	0.587790012	0.569339991	0.547469974	0.525870025	0.507239997	0.494729996	0.485819995	0.486270010	0.490049988	0.497339994	0.505800009	0.509760022	0.513089955	0.513899982	0.511559963	0.507149994	0.501839995	0.492570013	0.485280037	0.476190001	0.467460006	0.458549976	0.449820012	0.440549970	0.430830002	0.420750022	0.409320027	0.395639986	0.381870002	0.367469996	0.352890015	0.342180014	0.332280010	0.329129994	0.330300033	0.335610002	0.346320003	0.357120007	0.366120011	0.374399960	0.369899958	0.362429947	0.351539999	0.338490009	0.326519996	0.321300000	0.316439986	0.314909995	0.313200027	0.311760008	0.309419990	0.309060007	0.310590029	0.314280003	0.321929961	0.331469983	0.347310007	0.368099988	0.381509990	0.367559999	0.357029974	0.368010014	0.385919988	0.403830022	0.417959988	0.426330000	0.422999978	0.412740022	0.390329957	0.365040004	0.349830002	0.346320003	0.358110011	0.395460010	0.450179935	0.571500003	0.693359971	0.720809996	0.610739946	0.502470016	0.423449963	0.352620006	0.298260003	0.259290040	0.245160013	0.256770015	0.274859995	0.304109991	0.337500006	0.346140027	0.343980014	0.336600006	0.316980004	0.302039981	0.303839982	0.314999968	0.355950058	0.419849992	0.496349990	0.584370017	0.653669953	0.662670016	0.661140025	0.604530036	0.533789992	0.484919965	0.465480000	0.464580029	0.524159968	0.594359994	0.678780079	0.767159939	0.818909883	0.837539971	0.836460054	0.808289945	0.770309985	0.718920112	0.661859989	0.605429947	0.554849982	0.508229971	0.474390000	0.446399987	0.429030001	0.418230027	0.411210001	0.410219997	0.414270014	0.425789982	0.446219981	0.477180004	0.520560026	0.591300011	0.698759973	0.847620010	1.09314001	1.39832985	1.76669991	2.17908001	2.56040978	2.84994006	3.04947019	3.13074017	3.13785028	3.07088971	2.96055007	2.84328008	2.74328995	2.64968991	2.57985020	2.52585006	2.47310996	2.42244005	2.36646008	2.29769993	2.23020005	2.18042994	2.13848996	2.14523983	2.17719007	2.24451017	2.35889983
71.0000000	2.67381024	2.72267985	2.76974988	2.79611993	2.81331015	2.84381986	2.89296007	2.96586013	3.07583976	3.19013977	3.29777980	3.40316987	3.43061972	3.43170023	3.40973997	3.36779976	3.33557963	3.33368993	3.32361031	3.27806997	3.20778012	3.07106996	2.88242984	2.70539999	2.53683019	2.40030003	2.30408978	2.23451996	2.24324989	2.26827002	2.37230968	2.50091982	2.61090016	2.70098972	2.77334976	2.79773998	2.81051993	2.79360032	2.76390028	2.72601008	2.68397999	2.63492990	2.58147001	2.52746987	2.47283983	2.41821003	2.36339998	2.30840993	2.25441003	2.20167017	2.15469003	2.11581016	2.04291034	1.91718006	1.78092015	1.64511001	1.50848985	1.39752007	1.29429007	1.23380995	1.21013999	1.19646013	1.21419001	1.22714996	1.21995008	1.20618010	1.18097997	1.14560997	1.11725986	1.09574997	1.09008002	1.10529006	1.12878001	1.16540992	1.20474005	1.14597011	1.05542994	0.983699977	0.935819983	0.896670043	0.889109910	0.884879887	0.888659954	0.894419968	0.891720057	0.885600030	0.869130015	0.844650030	0.814320028	0.774630070	0.734130025	0.677970052	0.621810019	0.567179978	0.514259994	0.470520020	0.439019978	0.414000034	0.401130021	0.393839985	0.392310023	0.394199997	0.395460010	0.398160011	0.393119991	0.381419986	0.369450003	0.357569993	0.346230000	0.337409943	0.329939991	0.320760012	0.312480003	0.307529986	0.306000024	0.310229987	0.322380006	0.336689979	0.352440000	0.368640006	0.371069998	0.368820012	0.364859998	0.358019978	0.351629972	0.348569989	0.344520003	0.340200007	0.336060017	0.332999974	0.332190007	0.323550016	0.309870034	0.301950008	0.301770002	0.303840011	0.316350013	0.329939991	0.339029998	0.348390013	0.355500013	0.359909952	0.365399987	0.370530009	0.376019984	0.382860005	0.391320020	0.396360010	0.401130021	0.405630022	0.410940021	0.415980011	0.421469986	0.427770019	0.429210007	0.429479986	0.424979985	0.414989978	0.405539989	0.396450013	0.391050041	0.390600026	0.391770035	0.398520023	0.405180007	0.409859985	0.414090037	0.417780012	0.419849992	0.422729999	0.429930001	0.438659996	0.450810015	0.462960064	0.473760039	0.483029991	0.489510000	0.493200004	0.496710002	0.498599946	0.500670016	0.511379957	0.522000015	0.532890022	0.544320047	0.550350010	0.552599967	0.550889969	0.546930015	0.544499993	0.549989998	0.558179975	0.579690039	0.604799986	0.623430014	0.636030078	0.640979946	0.626129985	0.608219981	0.583740056	0.560070038	0.546840012	0.542519987	0.545040011	0.555749953	0.565019965	0.570869982	0.574020028	0.564390004	0.553859949	0.540720046	0.527940035	0.518220007	0.512459993	0.508769989	0.509940028	0.511200011	0.513810039	0.515700042	0.513629973	0.509670019	0.504810035	0.498059988	0.491579950	0.483569980	0.475470006	0.464399993	0.452610016	0.438659996	0.423450023	0.411119998	0.403019994	0.399329990	0.402480036	0.407970041	0.413010031	0.418499976	0.411569983	0.400320023	0.385379970	0.367020011	0.352620006	0.345059991	0.338220000	0.334800035	0.330750018	0.324360013	0.316530019	0.307170004	0.296730012	0.288450003	0.283679992	0.280620009	0.279989988	0.280080020	0.280800015	0.280709982	0.281700015	0.284039974	0.287729979	0.296279997	0.302850008	0.306720018	0.307530016	0.299520016	0.285119981	0.273600012	0.263070017	0.261449993	0.279270023	0.297269970	0.349200010	0.398609996	0.431549996	0.451619983	0.444509953	0.399690032	0.351269990	0.297630012	0.253260016	0.231030002	0.218610004	0.227249995	0.243900001	0.272520006	0.313110024	0.353340000	0.390240014	0.422100008	0.435870051	0.444330007	0.445860028	0.444690019	0.456660032	0.483030051	0.524969935	0.586529970	0.651510000	0.703170002	0.753029943	0.771929979	0.780210018	0.767519951	0.730350018	0.691649973	0.647279978	0.621630013	0.643590033	0.685170054	0.735210001	0.789569974	0.822779953	0.841139972	0.839250028	0.805770040	0.766529977	0.693449974	0.621360004	0.557460010	0.502200007	0.461070001	0.441989988	0.432360023	0.436050028	0.446219981	0.466829985	0.492390007	0.545130014	0.605790019	0.707580090	0.842939973	1.01619005	1.29672003	1.59920979	1.99962020	2.41344023	2.79396009	3.15000010	3.36627030	3.44213986	3.44277000	3.34314013	3.20427012	2.99951982	2.78091002	2.63664007	2.51883006	2.45682001	2.45690989	2.46177006	2.48093987	2.48498988	2.45609999	2.41532993	2.38499975	2.36132979	2.37834001	2.42595005	2.49155998	2.58138013
70.0000000	2.86568999	2.79836988	2.73833966	2.73113990	2.75534987	2.85993004	3.02787018	3.23045969	3.43908000	3.57731986	3.62241006	3.58623004	3.47094011	3.36834025	3.30065989	3.31722021	3.33908987	3.28239012	3.20157003	3.03894019	2.83572030	2.54591990	2.21768999	1.97289002	1.80143988	1.68659985	1.62305987	1.58976007	1.60668004	1.64826000	1.75932002	1.90286994	2.02635002	2.13687015	2.24631000	2.34719992	2.43954015	2.51450992	2.57130003	2.58516026	2.57372999	2.54114985	2.49587989	2.46743989	2.45159984	2.43971992	2.44178987	2.39417958	2.33468986	2.25134993	2.16692996	2.09159994	2.01258016	1.92582011	1.83546007	1.72997987	1.61775017	1.51910996	1.42730999	1.37187004	1.33641005	1.32038999	1.31382000	1.28798997	1.23543000	1.16207993	1.08449996	1.01438999	0.977669954	0.985320091	1.03320003	1.13337004	1.25172007	1.37546992	1.49588990	1.39814985	1.24803019	1.09773016	0.982169986	0.907919943	0.878669977	0.873179913	0.885419965	0.903779984	0.917550027	0.924750030	0.921690047	0.908010006	0.887040019	0.851400018	0.814139962	0.749520004	0.683279991	0.607140005	0.532800078	0.467730016	0.414719999	0.374669999	0.348839998	0.331739992	0.322829992	0.319860011	0.322830021	0.330300003	0.336510003	0.346859992	0.355500013	0.358740002	0.361170024	0.356490016	0.349200040	0.335610002	0.319770038	0.307350010	0.300870001	0.305370003	0.322019994	0.345330000	0.370260000	0.386280000	0.387810022	0.372419983	0.355859995	0.342180014	0.330929995	0.326340020	0.320400029	0.312660009	0.303930014	0.295020014	0.285750002	0.274230033	0.263429970	0.257309973	0.257579982	0.269279987	0.289800018	0.312839985	0.332369983	0.341010004	0.344519973	0.344339997	0.345420003	0.353879988	0.366750002	0.385290027	0.405720025	0.419849992	0.431730002	0.435330003	0.436859965	0.434879988	0.434700012	0.436500013	0.435330063	0.432720035	0.425880015	0.416249961	0.407429993	0.399959981	0.397529989	0.399509996	0.404279977	0.414810002	0.426059991	0.435419977	0.442890018	0.444869995	0.442890018	0.436950028	0.432270020	0.430740029	0.436140031	0.449010015	0.467280000	0.490229994	0.510479987	0.526950002	0.540540040	0.545490026	0.548819959	0.550349951	0.552960038	0.564570010	0.581849992	0.603720009	0.624419987	0.637380004	0.639900029	0.633059978	0.624059975	0.612900019	0.607230008	0.608309984	0.608129978	0.608759999	0.607230008	0.594000041	0.579509974	0.562950015	0.548730016	0.546750009	0.552959979	0.559170067	0.564660072	0.559620023	0.545129955	0.525600076	0.504360020	0.491219968	0.484380007	0.493559986	0.504899979	0.521279991	0.537119985	0.549989998	0.561060011	0.568440020	0.572760046	0.567809999	0.557369947	0.543060005	0.528750002	0.519840002	0.515789986	0.524339974	0.535499930	0.534510016	0.528210044	0.515699983	0.502560019	0.485009968	0.469709963	0.463679999	0.463229984	0.470610023	0.480870038	0.481769979	0.481679976	0.469080061	0.454229981	0.433170021	0.414630026	0.397710025	0.384480000	0.371969998	0.359190017	0.347130001	0.332730025	0.316709995	0.302580029	0.290789992	0.281519979	0.277830005	0.276930004	0.278730005	0.281609982	0.284220010	0.285929978	0.289350003	0.294569999	0.301679969	0.309419990	0.313560009	0.310319990	0.300870001	0.289260030	0.275579989	0.263429999	0.258479983	0.253259987	0.270630002	0.288090020	0.308339983	0.326339990	0.333629996	0.324899971	0.310499996	0.289620012	0.267839998	0.251100004	0.238590002	0.235979989	0.243450016	0.260639995	0.289979994	0.320400000	0.360989988	0.401039958	0.439560026	0.476189971	0.503100038	0.521459997	0.526859999	0.519749939	0.515340030	0.522809982	0.549089968	0.602369964	0.690750003	0.791099966	0.932490051	1.03401005	1.05596995	1.03482008	0.893879950	0.753030062	0.655200064	0.599129975	0.616499901	0.675000012	0.743400037	0.806940019	0.828000009	0.814319968	0.764370024	0.675360024	0.581759989	0.497339964	0.434249967	0.393839985	0.389880002	0.408780038	0.458189964	0.527490020	0.624779999	0.737190068	0.884339929	1.04850006	1.28618991	1.55646014	1.91223001	2.33586001	2.73789001	3.12074995	3.37823963	3.51890993	3.56499004	3.54113984	3.48948002	3.43664980	3.35861993	3.25313973	3.04343987	2.81205010	2.63754010	2.48634028	2.43449998	2.44025993	2.47005010	2.51523018	2.54834986	2.56103992	2.56410003	2.57174993	2.59506035	2.64501023	2.72150993	2.79593992	2.83337975
69.0000000	2.98926020	2.86541986	2.75507998	2.75453997	2.81124020	3.01526999	3.27672005	3.57533979	3.81410980	3.88007998	3.83517003	3.68865013	3.53223014	3.50090981	3.49730992	3.52574992	3.54113984	3.34710002	3.11264992	2.75921988	2.39526010	2.06792998	1.79747987	1.61981988	1.50633001	1.44746983	1.42317009	1.43675995	1.46915996	1.55789995	1.65446997	1.71414006	1.77569997	1.85112011	1.92465019	1.98854995	2.04668999	2.09771991	2.13038993	2.12948990	2.12012982	2.13173985	2.16477013	2.26205993	2.37329984	2.48471999	2.58605981	2.52386999	2.43855000	2.29113007	2.13479996	1.98927009	1.87388992	1.82015991	1.78523982	1.73114991	1.66499996	1.59029996	1.51659012	1.47275996	1.43306994	1.43639994	1.43378997	1.38788986	1.32264006	1.21041000	1.09295988	0.996210098	0.938430130	0.949050069	1.01726997	1.16163003	1.33730996	1.52856004	1.70100009	1.53792000	1.35296988	1.17386997	1.01016009	0.929879904	0.883979976	0.889829934	0.916019976	0.948059976	0.973260105	0.979200125	0.972360075	0.953640044	0.931230009	0.901980042	0.873000085	0.810090005	0.745199919	0.657450020	0.569700003	0.487890005	0.417780012	0.367830008	0.333000004	0.312389970	0.301049978	0.299340010	0.300599992	0.307620019	0.316709995	0.332820028	0.347400010	0.359369993	0.368549973	0.369899988	0.365940005	0.351810008	0.334530026	0.317070007	0.306180000	0.310409993	0.324809998	0.352620006	0.381150007	0.389520019	0.394199997	0.364050001	0.336240023	0.325350016	0.318239987	0.320309967	0.321929991	0.317699999	0.309060037	0.297630012	0.282059997	0.258840024	0.237060010	0.226350024	0.220229998	0.244529977	0.271710008	0.308430016	0.340559989	0.341729999	0.336059988	0.325619996	0.320850015	0.332010001	0.356130004	0.393479973	0.434520036	0.470789969	0.501120031	0.500759959	0.496439964	0.475470006	0.454770029	0.444150031	0.437760025	0.434249997	0.431280017	0.430019975	0.428490013	0.427680016	0.426780015	0.426239997	0.424709976	0.428309977	0.432539970	0.445770055	0.459089994	0.476550013	0.491219997	0.490499973	0.484920025	0.474570006	0.467009991	0.471239984	0.485100001	0.511200011	0.542160034	0.573570013	0.604529977	0.629190028	0.654029965	0.658080041	0.662129998	0.658709943	0.658800006	0.673919976	0.692909956	0.710370004	0.719550014	0.711180031	0.693719983	0.671760023	0.653310001	0.651690006	0.654659986	0.665280044	0.676979959	0.675360024	0.671940029	0.666540027	0.660960019	0.658890009	0.656369984	0.652140021	0.641069949	0.616680026	0.584999979	0.549359977	0.515160024	0.503100038	0.495179981	0.521280050	0.547020078	0.577800035	0.606599987	0.626760066	0.641699970	0.648720026	0.650789976	0.649619937	0.646740019	0.643230021	0.640440106	0.642780066	0.649079978	0.675270021	0.701909959	0.706319988	0.707220018	0.698849976	0.683640003	0.654749990	0.623699963	0.600120008	0.584010065	0.576810002	0.573930025	0.571500063	0.567180037	0.553319991	0.539279997	0.513270020	0.487980008	0.464130014	0.440370023	0.421290010	0.404370040	0.389789999	0.376830012	0.364589989	0.351720005	0.339480013	0.328410000	0.322919965	0.317699999	0.317160010	0.316529959	0.317880005	0.317609996	0.320220023	0.324000001	0.333270013	0.343080014	0.349920005	0.353790015	0.350910008	0.344250023	0.332639992	0.319680005	0.306720018	0.293939978	0.292409986	0.292499989	0.302940011	0.318690002	0.340110004	0.361620039	0.378719985	0.384839982	0.372329980	0.351720005	0.326969981	0.305910021	0.301679999	0.302489996	0.317429990	0.335519969	0.353880018	0.374669999	0.401219964	0.431370020	0.469079971	0.509039998	0.546299994	0.568890035	0.560970068	0.540449977	0.522270024	0.512910008	0.570059955	0.637019992	0.819990039	0.995040059	1.11195004	1.16793013	1.04121006	0.860849977	0.676709950	0.538469970	0.511380017	0.547019958	0.624599993	0.706499934	0.734310031	0.745829940	0.689130008	0.626130044	0.557820082	0.498239994	0.478619963	0.484740019	0.539640009	0.636209965	0.787769973	0.978210092	1.20293999	1.44423008	1.69595993	1.95903003	2.29698014	2.64464998	3.12516022	3.58866000	3.92085028	4.15619993	4.12199974	3.99141002	3.81762004	3.67470002	3.64491010	3.65382004	3.63356996	3.56868005	3.34629011	3.09239984	2.87532020	2.67084026	2.62007999	2.59001970	2.60063982	2.60909986	2.58560967	2.54978991	2.51352000	2.50307989	2.55509996	2.64725995	2.78801966	2.92868996	2.96649003
68.0000000	3.11228991	2.92419004	2.75471997	2.72582984	2.76794982	2.99375987	3.27339005	3.55338025	3.75048018	3.75713968	3.68028021	3.60377979	3.55950022	3.66857982	3.79449010	3.69620967	3.56642962	3.18599963	2.79432011	2.42387986	2.10465002	1.91447997	1.79496002	1.72988999	1.69704008	1.68704987	1.69839001	1.75266004	1.81970990	1.88648999	1.95354009	1.93121994	1.91258991	1.92204010	1.93824005	1.96983016	1.98827994	1.96361995	1.91627991	1.85445011	1.80441010	1.80656993	1.84437001	1.96155012	2.09718013	2.25188994	2.39615989	2.35962009	2.28816009	2.11689019	1.93617010	1.79054987	1.69217992	1.67049003	1.67634010	1.66518021	1.63899016	1.58976007	1.53531003	1.50191998	1.47185969	1.48742998	1.49741995	1.45323002	1.38933003	1.28123999	1.16477990	1.05974996	0.984059989	0.971010029	1.01124001	1.12832999	1.28997004	1.53171003	1.76211011	1.56330001	1.34000993	1.16873991	1.01735997	0.947070003	0.912870049	0.934019923	0.976319969	1.02149999	1.05741000	1.06182003	1.04895008	1.01718009	0.980010033	0.942659974	0.903420150	0.847259998	0.788130045	0.709379911	0.626489997	0.540000021	0.459719956	0.399869978	0.356489986	0.331739992	0.318059981	0.316170037	0.319590002	0.327690005	0.337139994	0.346139997	0.354509979	0.361979991	0.367649972	0.370710015	0.369810015	0.361710012	0.349650025	0.333449990	0.320310026	0.319050014	0.326609999	0.349920005	0.375929981	0.388619989	0.399959981	0.371789992	0.345870048	0.335699975	0.330840021	0.336150020	0.340650022	0.333990008	0.317970008	0.296460003	0.269369990	0.235170007	0.203219995	0.185939983	0.174060002	0.197549984	0.225899994	0.269010007	0.306270003	0.305370003	0.295289993	0.281879991	0.276839972	0.295289993	0.330300033	0.383489996	0.441540003	0.494280010	0.538110018	0.537389994	0.529830039	0.507149994	0.486360013	0.483750015	0.486899972	0.498149991	0.509310007	0.517139971	0.519119978	0.510659993	0.495180011	0.470160007	0.442890018	0.425160080	0.411750019	0.428220004	0.449369997	0.504989982	0.559889972	0.601019979	0.626670003	0.618750036	0.599759996	0.585089982	0.582389951	0.604799986	0.638639987	0.682649970	0.729090035	0.777240038	0.825840056	0.843390107	0.857070029	0.848430037	0.838619947	0.833760023	0.831959963	0.832589984	0.825209975	0.798390031	0.763380051	0.727920055	0.700200021	0.702900052	0.714330018	0.746550024	0.781109989	0.804689944	0.824489951	0.830789983	0.831600010	0.823950052	0.811710060	0.793620050	0.770760059	0.739799917	0.706680000	0.673650026	0.645030022	0.640350044	0.638100028	0.669510007	0.698849976	0.712529957	0.716669977	0.697229981	0.674280047	0.659520030	0.660150051	0.685080051	0.724139988	0.771030009	0.819450021	0.857520044	0.892800033	0.899370015	0.901800036	0.900539994	0.898109972	0.897029936	0.889919937	0.864989996	0.835830033	0.806940019	0.783900082	0.773820043	0.767340124	0.752400100	0.733859956	0.697859943	0.661049962	0.610739946	0.562139988	0.529110014	0.500220001	0.482940018	0.469439983	0.458729982	0.449009985	0.438930005	0.427589983	0.414540023	0.401400000	0.390510023	0.380430043	0.374130040	0.368640006	0.365129977	0.362609982	0.361800015	0.361890018	0.366749972	0.372509986	0.379530042	0.386549979	0.389070034	0.389250040	0.384390026	0.377999991	0.366930038	0.356849998	0.345959991	0.337769985	0.337680012	0.343979985	0.365400016	0.392489970	0.423270017	0.445319980	0.448919982	0.440099955	0.420839995	0.400050014	0.392850041	0.388890028	0.394920051	0.401490033	0.400050014	0.398790002	0.399420023	0.409229994	0.444509983	0.497430027	0.572219968	0.645120025	0.692550004	0.717840016	0.702449977	0.681030095	0.695159972	0.714330077	0.909810007	1.10871005	1.33658993	1.49588990	1.40921998	1.21329010	0.925830007	0.661949933	0.533249974	0.488520026	0.512459993	0.557460010	0.589230001	0.614430010	0.625499964	0.638369977	0.694889963	0.763020039	0.877950013	1.02528000	1.23506999	1.51353014	1.89675009	2.32146001	2.73501015	3.06872988	3.14289021	3.14298010	3.16025996	3.18077993	3.51828003	3.84524989	4.08375025	4.23998976	4.15250969	3.98988008	3.81375003	3.66425991	3.58928990	3.52998018	3.42315030	3.27905989	3.03903008	2.78640032	2.63205004	2.49578977	2.54196000	2.60082006	2.66759992	2.70143986	2.64032984	2.54528999	2.44692016	2.39534998	2.46167994	2.59865999	2.81402993	3.03012013	3.08204985
67.0000000	2.99816990	2.83319974	2.69054985	2.70981026	2.80466986	3.11057997	3.41883016	3.69387031	3.83886003	3.81708002	3.79070973	3.79107046	3.84516025	3.96675014	3.94730997	3.77207971	3.31920004	2.76524997	2.40569997	2.15649009	2.05019999	1.99430990	1.96011007	1.97405994	2.03247023	2.14154983	2.28275990	2.35998011	2.41244984	2.31182981	2.19024014	2.05226970	1.92788982	1.90133989	1.90917003	2.01806998	2.10330009	2.13317990	2.11545014	2.06873989	1.97406006	1.86938989	1.84184992	1.85976005	1.93833017	2.04065990	2.14181995	2.17052984	2.10959983	1.99151981	1.85795987	1.75428009	1.67940009	1.62603009	1.58336997	1.57824004	1.59120011	1.60496998	1.62180007	1.59030008	1.55277002	1.45529997	1.36214983	1.29411006	1.22571003	1.16784000	1.11077988	1.06388986	1.02348006	0.998820066	1.00980008	1.05965996	1.17080998	1.32831001	1.43900990	1.39932001	1.28115010	1.17368996	1.07018995	1.00746012	0.991530061	1.00881004	1.05435014	1.09575009	1.13012993	1.13994002	1.13589001	1.11554992	1.09061992	1.04984999	1.00539005	0.940679908	0.873810053	0.800190091	0.725489974	0.647099972	0.571770012	0.506789982	0.454859972	0.417780012	0.395459980	0.385109991	0.388170004	0.397799999	0.409229994	0.419580042	0.417420059	0.413910061	0.405809999	0.400409997	0.396179974	0.390329987	0.381869972	0.366750002	0.348210007	0.339210004	0.337139964	0.354059994	0.376740009	0.395910025	0.416160017	0.392670006	0.370440006	0.356040001	0.347220004	0.350730032	0.347580016	0.328139991	0.303209990	0.273510009	0.241919979	0.208529994	0.181349993	0.161369994	0.155790001	0.165330008	0.199349999	0.239850000	0.274409980	0.286379993	0.272970021	0.262529999	0.260459989	0.280710012	0.320850015	0.374399990	0.433170021	0.471419960	0.501389980	0.499680012	0.493019968	0.496710002	0.504810035	0.542519987	0.581219971	0.615509987	0.637740076	0.638550043	0.627749979	0.604259968	0.568799973	0.522449970	0.479700029	0.443520010	0.433080018	0.442979991	0.503190041	0.590219975	0.714420021	0.828270018	0.907649994	0.933659911	0.900090098	0.865979970	0.836369991	0.854099929	0.900359988	0.966239989	1.03995001	1.08764994	1.13292003	1.11284995	1.09295988	1.06469989	1.04103005	1.03698003	1.03383005	1.03346992	1.00764000	0.952649951	0.885960102	0.816660047	0.771390021	0.746640027	0.742229998	0.751050115	0.762300014	0.771480024	0.786599994	0.799380064	0.818459988	0.838440001	0.865259886	0.884069979	0.894780040	0.899190068	0.901350081	0.890999973	0.878490031	0.874349952	0.872099936	0.863189936	0.848609984	0.790830016	0.729179978	0.657899976	0.603450000	0.586439967	0.607949972	0.672389984	0.757710040	0.855000019	0.919350028	0.965610027	0.963810027	0.928709984	0.901800036	0.879930019	0.884789944	0.895679951	0.908909917	0.911519945	0.903329968	0.908549964	0.928529978	0.981449962	1.04985011	1.08990002	1.12022996	1.10294998	1.07919002	0.917820096	0.769409955	0.695429981	0.633689940	0.604889989	0.575370014	0.544229925	0.518310010	0.498510033	0.480329990	0.463140041	0.447389990	0.432899982	0.422820002	0.416969985	0.413819969	0.413549989	0.415080041	0.416160017	0.415350020	0.414090037	0.413190007	0.413910031	0.415890008	0.415619969	0.413099974	0.405900002	0.397260010	0.388620019	0.379440010	0.369989991	0.362340003	0.355499983	0.352530003	0.357210010	0.366119981	0.380159974	0.393300027	0.401309997	0.409319997	0.412469983	0.423539966	0.440459996	0.454680026	0.471330047	0.466110051	0.455489993	0.430920035	0.407789975	0.396719992	0.409589976	0.452969998	0.529289961	0.629279971	0.737819970	0.844019949	0.901260078	0.943740010	0.959760129	0.971730053	1.18808997	1.41966009	1.76453996	2.02104020	1.99107003	1.78641009	1.32713997	0.942660034	0.691379964	0.562139988	0.515879989	0.516240001	0.531539977	0.596610069	0.678870022	0.939960003	1.23857999	1.58706009	1.94922006	2.30525970	2.72601008	3.24188995	3.85119009	4.51637983	4.92291021	5.12289047	4.80654049	4.32603025	3.98231959	3.66048050	3.89105964	4.12353039	4.37030983	4.52114964	4.37075996	4.13109016	3.77811003	3.49532986	3.29526043	3.16178989	3.05388021	2.92419004	2.77694988	2.60126972	2.47779012	2.41731024	2.44737005	2.56761003	2.67272997	2.72718000	2.68622971	2.55527997	2.44269013	2.37492013	2.44440007	2.59631991	2.80026007	3.00969005	3.01761007
66.0000000	2.76075006	2.77865982	2.82005978	3.03165030	3.28769994	3.67785025	3.98078966	4.14098978	4.19156981	4.13270950	4.12965012	4.16052008	4.19903994	4.24025965	3.96278977	3.63923979	3.07962012	2.56454992	2.36889005	2.20661998	2.14793992	2.07854986	1.99197006	2.01555014	2.14803004	2.36439013	2.63034010	2.66579986	2.62412977	2.41829991	2.18870997	2.01329994	1.85652006	1.82628000	1.82609987	1.91691005	2.03066993	2.18286014	2.28987002	2.35088992	2.31659985	2.22480011	2.13164997	2.03832006	2.01321006	1.99827003	2.02581000	2.04606009	2.01141000	1.96362019	1.87695014	1.78785002	1.69524002	1.62323999	1.57193983	1.59983993	1.67624998	1.76211011	1.85094011	1.75554001	1.63413012	1.42910993	1.23452997	1.11509991	1.02725995	1.03562999	1.05498004	1.08899999	1.11006010	1.11734998	1.12688994	1.13768995	1.18962014	1.25621998	1.28339994	1.30589998	1.24560010	1.18511999	1.12085998	1.07315993	1.07126999	1.08296990	1.11572993	1.13562000	1.14227998	1.14488995	1.14461994	1.15775990	1.17467999	1.15785015	1.13607001	1.05453002	0.973439932	0.894149959	0.822059989	0.768689990	0.717209995	0.667890012	0.617850006	0.566190004	0.523349941	0.487800002	0.479519993	0.480779976	0.491849989	0.504359961	0.494369984	0.482759982	0.462779999	0.445859998	0.435240000	0.425430030	0.415350020	0.398969978	0.375390023	0.359369963	0.348120034	0.359820008	0.378359973	0.401849985	0.426960021	0.411029994	0.394739985	0.374939978	0.362250000	0.363780022	0.358200014	0.338849962	0.315270007	0.288630009	0.265769988	0.245970011	0.226889983	0.210690007	0.209609985	0.210779995	0.239759997	0.269460022	0.290340036	0.300420016	0.281970024	0.270360023	0.268830001	0.287369996	0.327509999	0.376290023	0.430920035	0.459810019	0.481230021	0.492840022	0.503100038	0.530010045	0.562409997	0.626219988	0.678689957	0.692820013	0.685440004	0.644040048	0.605790019	0.573749959	0.553319991	0.540809989	0.542879999	0.549810052	0.588329971	0.630450010	0.746370018	0.867779970	1.03535998	1.17764997	1.24550998	1.26387000	1.20302999	1.14984000	1.10520005	1.11042011	1.14615011	1.22904015	1.32858002	1.37457001	1.41344988	1.38806999	1.36088991	1.31975996	1.28726995	1.28205001	1.28277004	1.29231000	1.27430999	1.23092997	1.14678001	1.03842008	0.968579948	0.912149966	0.878760040	0.847440064	0.833760023	0.825119972	0.844289958	0.871109962	0.916380048	0.960119963	0.998910069	1.02636003	1.04264998	1.04849994	1.04813993	1.04310000	1.03725004	1.04201996	1.05002999	1.04390991	1.03337991	0.985859990	0.936270058	0.883349955	0.848879993	0.846899986	0.877590001	0.940860033	1.01789999	1.10213995	1.12292993	1.12157989	1.06308007	0.995309949	0.957599998	0.928620040	0.955439985	0.977579951	0.990090013	0.981629968	0.941310048	0.921060085	0.922320068	1.00358999	1.13211000	1.30797005	1.49786997	1.50129008	1.47789001	1.24605000	1.02662992	0.892440081	0.778319955	0.728639960	0.675090015	0.616050005	0.569429994	0.536040008	0.510479987	0.489510000	0.473940015	0.460260004	0.449189991	0.439559996	0.437220007	0.435599983	0.438749999	0.441990018	0.440820009	0.438480020	0.433080018	0.427770019	0.423539966	0.418410003	0.411029965	0.401309997	0.390509993	0.383489966	0.377370000	0.377279997	0.376470000	0.374760032	0.372690022	0.372419953	0.371789992	0.372960001	0.373860002	0.374489963	0.378089994	0.385829985	0.411750019	0.443340063	0.481050044	0.520470023	0.524159968	0.524879992	0.492570013	0.462330014	0.441089958	0.440190017	0.473220021	0.541079938	0.643859982	0.769769967	0.910440028	1.00782001	1.09026003	1.12382996	1.15092003	1.34810996	1.56006002	1.88811004	2.13696003	2.15469003	2.00060987	1.56078005	1.19924998	0.915660083	0.753659964	0.665010035	0.624149978	0.599759996	0.752759933	0.930960119	1.67840993	2.43350983	3.25170016	3.90681005	4.07006979	4.20668983	4.29389954	4.54373980	4.95593929	5.25545979	5.48621988	5.45139027	5.32737017	5.22737980	5.13090038	5.19974995	5.24384975	5.12550020	4.91292000	4.42278004	3.94461036	3.48624015	3.22487998	3.15935993	3.19247985	3.28535986	3.40353036	3.53186989	3.47399998	3.38958001	3.17699981	2.98376989	2.93003988	2.88756013	2.88035989	2.82473993	2.68829989	2.58263993	2.50694990	2.52701998	2.60513973	2.68478990	2.76578999	2.76921010
65.0000000	2.87163019	3.02957988	3.21461964	3.49866009	3.75083995	3.96449971	4.08258009	4.09247971	4.05171013	4.00338030	3.99770975	3.97772980	3.91707015	3.75155997	3.44096994	3.08025026	2.78343010	2.57750988	2.47184992	2.37617993	2.30561996	2.21381998	2.09528995	2.06072998	2.12948990	2.30066991	2.46384001	2.47617006	2.41839004	2.30345988	2.18736005	2.09745002	2.03337002	2.01357007	2.01212978	2.02590013	2.08413005	2.24469018	2.36646008	2.39867997	2.38679981	2.35278010	2.24847007	2.13012004	2.05280995	1.99259996	1.97055006	1.95750022	1.94355011	1.91240990	1.85822999	1.78604996	1.70846999	1.64790010	1.62935996	1.68273008	1.80099010	1.88757002	1.93338001	1.79963994	1.61811018	1.40768993	1.21301997	1.08270001	1.01502001	1.05030000	1.11555004	1.19439006	1.25703001	1.27916992	1.26530993	1.23803997	1.21472991	1.20753002	1.19699991	1.18799996	1.15731001	1.12509012	1.10808003	1.10780990	1.14164996	1.17819011	1.21032012	1.21131003	1.18971002	1.17053998	1.16478002	1.18133998	1.20374990	1.21265996	1.17080998	1.09242010	0.989459932	0.896490037	0.827820122	0.788670063	0.767520010	0.749969959	0.719909966	0.670680046	0.618750036	0.568080068	0.545310020	0.535589993	0.544859946	0.551609993	0.543869972	0.525869966	0.501659989	0.482129991	0.469890028	0.463050038	0.454320014	0.437040001	0.411839992	0.387360007	0.367379963	0.367289990	0.379259974	0.404910028	0.433889985	0.437580019	0.434159994	0.414180011	0.397350013	0.387719989	0.379979998	0.368550003	0.353069991	0.336689979	0.325440019	0.319050014	0.311849982	0.300329983	0.292860001	0.290610015	0.296460003	0.302129984	0.296279997	0.283320010	0.257579982	0.240570009	0.239399999	0.257939994	0.298259974	0.353430003	0.416969955	0.477450013	0.535589993	0.591299951	0.630270004	0.667259932	0.689669967	0.715409994	0.725759923	0.698489964	0.645299971	0.580229998	0.534419954	0.514349937	0.538649976	0.593550026	0.689669967	0.804959953	0.941669941	1.07099986	1.19988000	1.27313995	1.31966996	1.31291986	1.28691006	1.28646004	1.27781999	1.28817010	1.31058002	1.34361005	1.37394011	1.43604004	1.52099991	1.55978990	1.58516991	1.58030999	1.58156991	1.59731996	1.62656999	1.66662002	1.67642999	1.67831993	1.68776989	1.63826990	1.51695013	1.38951004	1.28214002	1.20132005	1.14048004	1.09925997	1.09808993	1.12904990	1.21284008	1.31013000	1.40031004	1.44413996	1.41867006	1.37088001	1.31049013	1.25973010	1.22310007	1.20186007	1.18682992	1.18115997	1.22130001	1.26666009	1.29537010	1.30256999	1.27539015	1.21113014	1.13004005	1.06794000	1.05462003	1.09827006	1.19358015	1.31246996	1.37915993	1.41048014	1.37133002	1.30355990	1.22237992	1.16829002	1.14974999	1.15874994	1.16082001	1.13364005	1.06712997	0.981720090	0.909809947	0.906030059	0.980099976	1.14389992	1.35558021	1.42388999	1.45349991	1.26864004	1.08639002	0.930689991	0.814320028	0.760050058	0.717029989	0.678420007	0.640890002	0.606419981	0.576539993	0.556829989	0.543509960	0.531450033	0.516780019	0.495629966	0.479250014	0.465749979	0.460980028	0.459810019	0.460350007	0.457289964	0.449279994	0.439470023	0.430290014	0.421649992	0.414180040	0.407429993	0.399599969	0.393479973	0.390870005	0.390509993	0.395009995	0.400500000	0.410579979	0.421920002	0.432719976	0.440100014	0.441270024	0.436679959	0.431009948	0.427949995	0.436230034	0.453689963	0.485369980	0.522359967	0.553050041	0.577440023	0.585900068	0.588869989	0.597959995	0.628199995	0.683550000	0.762480021	0.843480051	0.920700014	0.988379955	1.04679000	1.10871005	1.20968997	1.32795000	1.53846002	1.74564004	1.95182991	2.08638000	2.07872987	1.93122005	1.64573991	1.35899997	1.12797010	0.972810030	0.867599964	0.785609961	0.707130015	0.840959907	1.26873004	2.39742017	3.88179064	5.34266996	6.36633015	6.06015015	5.48883009	4.75640965	4.36895990	4.32189035	4.45230007	4.66965008	4.86953974	5.02956009	5.14305019	5.24376011	5.30387974	5.21378994	4.95972013	4.55102968	4.13711977	3.85496998	3.75354004	3.84047985	4.07259035	4.40217018	4.76784039	5.01858044	5.17850971	5.10038996	4.88051987	4.44059992	3.97647023	3.57722998	3.37508965	3.25872040	3.18276000	3.08879995	2.99771976	2.91059995	2.84525990	2.79674983	2.76938987	2.76228023	2.80773020
64.0000000	3.46347022	3.60720015	3.75119972	3.89213967	4.00418949	4.06854010	4.08645010	4.06125021	4.00256968	3.85560012	3.63230991	3.39281988	3.13703990	2.82995987	2.58218980	2.46977997	2.42559028	2.42028022	2.38734007	2.33423996	2.25386977	2.20310998	2.20481992	2.22210002	2.24558997	2.25584984	2.26574969	2.28158998	2.30679011	2.33640003	2.35142970	2.35907984	2.33712006	2.30427003	2.25575995	2.21588993	2.20265985	2.23568988	2.25711012	2.23938012	2.20149016	2.15505004	2.10320997	2.05613995	2.02823997	2.00276995	1.97478008	1.93797004	1.89738011	1.86714005	1.84266007	1.82628012	1.80648005	1.78506017	1.76994002	1.78092003	1.82880020	1.82736015	1.77021003	1.63862991	1.48266006	1.32849014	1.19322002	1.12374008	1.11465001	1.18332005	1.27881002	1.36565995	1.41003001	1.40274012	1.35828006	1.31103003	1.27089000	1.25037003	1.23777008	1.23128998	1.22013009	1.20582008	1.21292996	1.22895002	1.25568008	1.28583002	1.31175005	1.30356002	1.26828015	1.23543000	1.22553003	1.24352992	1.26819003	1.29384005	1.24857008	1.18376994	1.06893003	0.964169979	0.883080065	0.829890013	0.803159952	0.787409961	0.761849999	0.718469918	0.669599950	0.623070002	0.601559997	0.592559993	0.598319948	0.596609950	0.582029998	0.557819963	0.532350004	0.521280050	0.518490016	0.527310014	0.527130008	0.515430033	0.489060014	0.457469970	0.428220034	0.412019968	0.410400033	0.423810035	0.444330007	0.459899962	0.468539953	0.456840008	0.437849998	0.410580039	0.384660035	0.363510013	0.345420003	0.336149991	0.334439993	0.336960018	0.339210004	0.331920028	0.324180007	0.317429990	0.313019991	0.307889998	0.292050004	0.269820005	0.241920009	0.221579984	0.217349991	0.229500011	0.262080044	0.314189970	0.387629956	0.476549983	0.574020028	0.672479987	0.726390004	0.762929976	0.745649993	0.730080068	0.716939986	0.699389994	0.680849969	0.664110065	0.668700039	0.700380027	0.781380057	0.896490037	1.05507004	1.22094011	1.36575007	1.44846010	1.44747007	1.37133002	1.26234007	1.17548990	1.13696992	1.20006001	1.30203009	1.43774986	1.56114006	1.66248000	1.73484015	1.82402992	1.93662000	2.00051975	2.04516006	1.98521996	1.92834008	1.88937008	1.90278006	1.97325015	2.04003000	2.07441020	2.05875015	1.96838999	1.82061005	1.68938994	1.57670987	1.49642992	1.43198991	1.38779998	1.39860010	1.45773005	1.57311010	1.68957007	1.75167024	1.73250008	1.60209000	1.48643994	1.39590001	1.33956003	1.30374014	1.27134001	1.23056996	1.18394995	1.19555998	1.21337998	1.21140003	1.18025994	1.09250998	0.974519908	0.840509951	0.727739930	0.666989982	0.662219942	0.755369961	0.914400041	1.15452003	1.40355003	1.60263002	1.69964993	1.66086006	1.53549004	1.37646008	1.26323998	1.17296994	1.11168003	1.05156004	0.986400068	0.906390011	0.844650030	0.828360021	0.898379982	1.03220999	1.14974999	1.25802004	1.16910005	1.07243991	0.957060039	0.878489971	0.846630037	0.830429971	0.813690007	0.779850006	0.739799976	0.695339978	0.672209978	0.657540023	0.643139958	0.628829956	0.618030012	0.593549967	0.561599970	0.538919985	0.522719920	0.518220007	0.512640059	0.502290010	0.486629963	0.470339984	0.455939978	0.447120011	0.440189987	0.435149997	0.430020034	0.426960051	0.425520003	0.430740029	0.438480020	0.451530010	0.463589996	0.473580003	0.481410027	0.485819995	0.486090004	0.488609999	0.492930025	0.498059988	0.502290010	0.508140028	0.518490016	0.536400020	0.561330020	0.591570020	0.629909992	0.687959969	0.786059916	0.909900010	1.05129004	1.15955997	1.21743000	1.22076011	1.23381007	1.27277994	1.44270003	1.65860987	1.92762005	2.18168998	2.38230014	2.49398994	2.45942998	2.27223015	1.98891008	1.68633008	1.47501004	1.35458994	1.20392990	1.03706992	0.877950013	0.971640050	1.55763006	2.95551038	4.91103029	6.65208006	7.81343937	7.37522936	6.75035954	6.15906048	5.78340006	5.53742981	5.20830011	4.87952995	4.59323978	4.55985022	4.67145014	4.93919992	5.19354010	5.21594954	5.10236931	4.77639008	4.50242949	4.37184000	4.48820972	4.79681969	5.22908974	5.76864052	6.32969999	6.59213972	6.62013006	6.23835039	5.67990017	4.96845007	4.40982008	3.98789978	3.83058000	3.74768972	3.70737004	3.66524982	3.61818004	3.56004024	3.48345017	3.38201976	3.31785011	3.29364014	3.36186004
63.0000000	4.06475973	4.10895014	4.17807007	4.31135941	4.51889992	4.76586008	4.98338985	4.90553999	4.45031977	3.90725970	3.32441974	2.76759028	2.45474982	2.29311013	2.28465009	2.30714989	2.28339005	2.21193004	2.10293984	2.02230000	2.02482009	2.18762994	2.32560015	2.40102005	2.41199994	2.37491989	2.32802987	2.32073998	2.33792996	2.37609005	2.39706016	2.40030003	2.35242009	2.28816009	2.20607996	2.14631987	2.11760998	2.11464000	2.10671997	2.08214998	2.03013015	1.97919011	1.96514988	1.99089003	2.04434991	2.06289005	2.05443001	1.96632004	1.88639998	1.83438015	1.83096004	1.85652006	1.88586009	1.88576996	1.85814011	1.82690990	1.79424000	1.74671996	1.64862013	1.52955008	1.40201998	1.29978001	1.23857987	1.25045991	1.31210995	1.42640996	1.51298988	1.54197001	1.51937997	1.47195005	1.43009996	1.41533995	1.41623998	1.42316997	1.42830014	1.42937994	1.41911995	1.40364003	1.38257992	1.35602999	1.32147002	1.29879010	1.28529000	1.27332008	1.26441002	1.26162004	1.27026010	1.29617989	1.33641005	1.37295008	1.39212000	1.32965994	1.24551010	1.13885999	1.04391003	0.965159953	0.907110035	0.858420014	0.812790036	0.765630007	0.724139988	0.695429921	0.687509954	0.690569997	0.690660000	0.682829976	0.655019999	0.628109992	0.605879962	0.604170024	0.610199988	0.619829953	0.616769969	0.597869992	0.568349957	0.536309958	0.508049965	0.493200004	0.484109998	0.478259981	0.470429957	0.460529983	0.454589993	0.447030008	0.440099984	0.424169987	0.399420023	0.370979995	0.346500009	0.328679979	0.318329990	0.312029988	0.305999964	0.298619986	0.293489993	0.302579999	0.315179974	0.332910001	0.339749992	0.332460016	0.312119991	0.291510016	0.283589989	0.286109984	0.302400023	0.333180040	0.383849978	0.451080024	0.536130011	0.623609960	0.689310014	0.727020025	0.725490034	0.727559984	0.741509974	0.792359948	0.869760096	0.979469955	1.10691011	1.25288999	1.41650999	1.52621996	1.59677994	1.60154998	1.55888999	1.46465993	1.34397006	1.21590006	1.13139009	1.11258006	1.21023011	1.40768993	1.66995013	1.95084012	2.12436008	2.20581031	2.26791024	2.36123991	2.50523996	2.64051008	2.76785970	2.65652990	2.53044009	2.38949990	2.33577013	2.35647011	2.40525007	2.39616013	2.29958987	2.17548013	2.05577993	1.97648990	1.90269005	1.82816982	1.70667005	1.60065019	1.55151010	1.57734013	1.66211998	1.76157010	1.79361010	1.69082999	1.56474006	1.46276987	1.40462995	1.37169003	1.34190011	1.25190008	1.14533997	1.05201018	1.01907003	1.02968991	1.05264008	1.05515981	0.989639997	0.890280008	0.763019919	0.641880035	0.548280001	0.488790005	0.486629993	0.537570059	0.658620059	0.861930013	1.11617994	1.38375008	1.59416997	1.62368989	1.58048999	1.46394002	1.31148005	1.17296994	1.07954991	1.01826000	0.967229903	0.893970013	0.831240058	0.797400057	0.877499998	0.996029913	1.13462996	1.18629003	1.16729999	1.12742996	1.09961998	1.10978985	1.11294007	1.08657002	1.01447999	0.921689928	0.831960082	0.780120075	0.750419974	0.744299948	0.743490040	0.746280074	0.723510027	0.687959969	0.643949986	0.608220041	0.588959992	0.574380040	0.561960042	0.547470033	0.531360030	0.514530003	0.501389980	0.491849989	0.486270010	0.480419993	0.474660039	0.475470006	0.480060041	0.491940022	0.502560019	0.507059991	0.500670016	0.492660016	0.488429993	0.496349961	0.522090018	0.563130021	0.592830002	0.611369967	0.608580053	0.601380050	0.587430000	0.576540053	0.572490036	0.592829943	0.643589973	0.753029943	0.905040026	1.08521998	1.25397003	1.35773993	1.40534997	1.43945992	1.50678003	1.67543995	1.90512002	2.17835999	2.49650979	2.81969976	3.11679029	3.25368023	3.14378977	2.79980993	2.39238000	2.05110002	1.89215994	1.77003002	1.54197001	1.40678990	1.42398000	2.37537026	3.80546999	5.90075970	7.14528084	7.28082085	6.74207973	6.30198002	6.39279032	6.48827982	6.36227942	5.79528046	5.17743015	4.69575024	4.71168041	4.92489052	5.30504990	5.62769938	5.80419016	5.76666021	5.57676029	5.29758024	5.11101007	5.09723997	5.22432041	5.49171019	5.86115980	6.11172009	6.17165995	5.91471004	5.50359058	5.04170990	4.73571014	4.54103994	4.42097950	4.33727980	4.24709988	4.17023993	4.08977985	3.99644971	3.93182993	3.89115000	3.85433984	3.85244989	3.89187026	3.97187996
62.0000000	4.46588993	4.38210011	4.40999985	4.70124006	5.23251009	5.79510021	6.00984001	5.67891026	4.73102999	3.62924981	2.70017982	2.18682003	2.13030005	2.28698993	2.42721009	2.49092984	2.35970998	2.12895012	1.86777008	1.79658008	1.88189995	2.18178010	2.42460012	2.56410003	2.59290004	2.55437994	2.49488997	2.46339035	2.44791007	2.44125009	2.42765999	2.40579009	2.35890007	2.30049014	2.22866988	2.17521000	2.15324998	2.16305995	2.16774011	2.14758039	2.07648015	1.99836004	1.96344018	1.99332011	2.07171011	2.11193991	2.11941004	2.01509976	1.92195010	1.85733008	1.85526001	1.87739992	1.88981998	1.87127995	1.83977997	1.83698988	1.85436010	1.88010001	1.79486990	1.66833007	1.51389003	1.40283012	1.35872996	1.40949011	1.50768006	1.62045002	1.65878999	1.59893990	1.51478994	1.45061994	1.42739999	1.43946004	1.46159995	1.46186984	1.45133984	1.43684995	1.43414998	1.43432999	1.41893995	1.39157999	1.34865022	1.31931007	1.31040001	1.32534003	1.35000002	1.37547004	1.38474011	1.38249004	1.37430000	1.37951994	1.38996005	1.35935998	1.31156993	1.23210001	1.14138007	1.04867995	0.971280038	0.910439968	0.868770003	0.835830033	0.816120028	0.807479978	0.802079976	0.797759950	0.776970029	0.751770020	0.722519994	0.707220018	0.704339921	0.718469977	0.727649987	0.716310024	0.689309955	0.649980009	0.611370027	0.585810006	0.573570013	0.578430057	0.583649993	0.579959989	0.556920052	0.520739973	0.486449987	0.458550006	0.449910015	0.446490020	0.443520010	0.434160024	0.422729969	0.412290007	0.404100001	0.395009995	0.383310020	0.371969998	0.361260027	0.364589989	0.374490023	0.393839985	0.403829962	0.401580036	0.393029958	0.387989998	0.393929988	0.410039991	0.432630032	0.454860032	0.480689943	0.509580016	0.550350010	0.597329974	0.657449961	0.723060012	0.794339955	0.881370008	0.982620001	1.11996007	1.27998006	1.46223009	1.63818014	1.77390003	1.86327004	1.89171016	1.87578011	1.77146995	1.66202998	1.57328987	1.46168995	1.35791993	1.40102994	1.54872012	1.88424015	2.32469988	2.82599998	3.32244015	3.52377009	3.46166968	3.27401996	3.13964987	3.15180016	3.17727017	3.19707012	3.05325007	2.90564990	2.76695991	2.70791984	2.69900990	2.67857981	2.58911991	2.42828989	2.30886006	2.26251006	2.29500008	2.29239011	2.24703002	2.00358009	1.76616001	1.62620997	1.62198007	1.71675003	1.82070017	1.85166001	1.73349011	1.62206995	1.55619001	1.56500995	1.58021998	1.57131004	1.44252002	1.29672003	1.20608997	1.25703001	1.42902005	1.70846987	1.96821010	2.08458018	2.04912019	1.85112011	1.61918998	1.38356996	1.16360998	0.977850020	0.834390044	0.743849993	0.743489981	0.810450077	1.01493001	1.24695003	1.47680998	1.65995991	1.76355004	1.75653005	1.67642999	1.54881001	1.42497003	1.30536008	1.17746997	1.06010997	0.956790030	0.987389982	1.06803000	1.19528997	1.27404010	1.29276001	1.31174994	1.34747994	1.42722011	1.42605007	1.31985021	1.20023990	1.08270013	0.975959957	0.914940000	0.880470037	0.869579971	0.861120045	0.852299988	0.827549994	0.795959949	0.751950085	0.704609990	0.660419941	0.633240044	0.620189965	0.613259971	0.600569963	0.582030058	0.561690032	0.542789996	0.527850032	0.520020008	0.515699983	0.523169994	0.532079995	0.544139981	0.556110024	0.563399971	0.560160041	0.553859949	0.548820019	0.561779976	0.600030005	0.663569987	0.710099995	0.738989949	0.742770016	0.741150022	0.734580040	0.731970012	0.731340051	0.728010058	0.744300008	0.806669950	0.903060019	1.03391993	1.18314016	1.33173001	1.47231019	1.59705007	1.73861980	1.93176007	2.14883995	2.38526988	2.68973970	3.05054998	3.52269006	3.90248966	4.02966022	3.75921011	3.25664997	2.69892025	2.39067006	2.26989007	2.25135016	2.40587997	2.69261980	4.02524996	5.63697004	7.35200977	7.86060047	7.03790998	6.26310015	5.81795931	5.91767979	5.96745014	5.77908039	5.22621012	4.73615980	4.46381998	4.66299009	5.00994015	5.37038994	5.56487989	5.55920982	5.53320026	5.51826000	5.56587029	5.62230015	5.67783022	5.71301985	5.74811983	5.79653978	5.76513004	5.66082001	5.42285967	5.19227982	5.01245975	5.02829981	5.10578966	5.09381962	4.99175978	4.75281000	4.51097965	4.31207991	4.18850994	4.16411972	4.19463015	4.19318962	4.21245003	4.28147984	4.37049007
61.0000000	4.60844994	4.42511988	4.41530991	4.69125032	5.34033012	5.98986006	6.24491930	5.82912064	4.73148012	3.42630005	2.58660007	2.25242996	2.20194006	2.38986015	2.58183002	2.73483014	2.51216984	2.21534991	1.88667011	1.80729008	1.89522004	2.15550017	2.42585993	2.57328010	2.57445002	2.52647996	2.48228979	2.46869993	2.50569010	2.53287005	2.54340005	2.55761981	2.55914998	2.53341007	2.43890977	2.33774996	2.26799989	2.24981999	2.25711012	2.24576998	2.17899013	2.08629012	2.00970006	2.01077986	2.05686021	2.12147999	2.09303999	2.03760004	1.96928990	1.96307993	1.98908985	2.01987004	2.00303984	1.94129992	1.87065005	1.84185004	1.90629005	1.99377012	1.92464995	1.76543999	1.55763006	1.41255009	1.34882998	1.39770007	1.52496004	1.63089001	1.64357984	1.56825006	1.47888005	1.43424010	1.44648004	1.48967993	1.52801991	1.50983989	1.47275996	1.43046010	1.43892002	1.46087992	1.49111998	1.49985003	1.49723995	1.49111998	1.49688005	1.51632011	1.53810000	1.53855002	1.50524998	1.45701015	1.42047000	1.40724003	1.41299987	1.39562988	1.35530996	1.27980006	1.17990005	1.08369005	1.00935006	0.962640047	0.946620047	0.950580060	0.960660100	0.960030079	0.945540071	0.901260018	0.840779960	0.773370087	0.739080012	0.728280008	0.752399981	0.798840046	0.839250028	0.851310015	0.837270021	0.799920082	0.747179985	0.696240008	0.657629967	0.633779943	0.633960009	0.641429961	0.651599944	0.637650013	0.610019982	0.566729963	0.525959969	0.491400003	0.469980031	0.454680026	0.452879965	0.465119958	0.488609999	0.513539970	0.528119981	0.522719979	0.506519973	0.486449957	0.469889998	0.450990021	0.432360023	0.417420000	0.413100004	0.429480016	0.461159974	0.510209978	0.568799973	0.622440040	0.655019999	0.668250024	0.664110005	0.676800013	0.708299994	0.835200071	1.01501989	1.26882005	1.56365991	1.79667020	1.84896004	1.71441007	1.53197992	1.45989001	1.58759999	1.78236020	1.96793997	2.16638994	2.29239011	2.35629010	2.17412996	2.07755995	2.14280987	2.46267033	2.92824006	3.49847984	4.03344011	4.31171989	4.25250006	3.98358011	3.67856979	3.44231987	3.35384989	3.29904008	3.24522042	3.09357023	2.94831014	2.82924008	2.79360008	2.77398014	2.71826982	2.59065032	2.44728017	2.35953021	2.37024021	2.45484018	2.51657987	2.38103986	2.10194993	1.74419999	1.67201996	1.74555004	1.98027003	2.17287016	2.20455003	2.00996995	1.79325008	1.70055008	1.77795005	1.94048989	2.09510994	2.21696997	2.33837986	2.59307981	2.96496010	3.72807002	4.47021008	5.11173010	5.40666008	5.44671011	5.19650984	4.85558987	4.35176992	3.68154001	2.91545987	2.21544027	1.64736009	1.33433998	1.24434006	1.30374002	1.50884998	1.67975998	1.79937017	1.87667990	1.92869997	1.93508995	1.88621998	1.77552009	1.62288010	1.45809007	1.31192994	1.20699012	1.22498989	1.30220985	1.40940011	1.41155994	1.40066993	1.39572001	1.47581995	1.52261996	1.47807002	1.39499986	1.28925002	1.19016016	1.13543999	1.11699009	1.10654986	1.07027996	1.01628006	0.952019989	0.912060022	0.880649984	0.855629981	0.817020059	0.776340008	0.744930029	0.726029992	0.715590000	0.696149945	0.653129935	0.602820039	0.558359981	0.534420013	0.526590049	0.527849972	0.534599960	0.541710019	0.552330017	0.570509970	0.591030002	0.611549973	0.624149978	0.640890062	0.667259991	0.705599964	0.748709977	0.782819986	0.782640040	0.768330038	0.752579987	0.789119959	0.847709954	0.932220042	1.00341010	1.05651009	1.09026003	1.13075995	1.21590006	1.34909987	1.50416994	1.66427994	1.82393992	1.99934983	2.20815015	2.43945003	2.72421002	3.00455999	3.30525017	3.72816014	4.20147038	4.59657001	4.71095991	4.39677000	3.78314996	3.21011972	2.91501045	2.88692975	3.24368978	4.03740025	5.19605970	6.81678057	7.90209007	8.13716984	7.60455084	7.03988981	6.71057987	6.55964994	6.25265980	5.70231056	5.08841991	4.71222019	4.60620022	4.89131975	5.21603966	5.50547981	5.39163017	5.25105000	5.14044046	5.24808025	5.45517015	5.71373987	5.92865992	6.03818989	6.04853964	6.03099060	5.93541002	5.78087997	5.56974030	5.37533998	5.20847988	5.22179985	5.20496941	5.11082983	4.89428997	4.67981958	4.56480026	4.57434034	4.64715004	4.68513012	4.60548019	4.44986963	4.31747961	4.38066006	4.49216986
60.0000000	4.43547010	4.36292982	4.37804985	4.57524014	5.15366983	5.82938957	6.28190994	6.13773012	5.30361032	4.10634041	3.11382008	2.52593994	2.26332021	2.45060992	2.70314980	2.93282986	2.56680036	2.21616006	1.92671990	1.86534011	1.96208990	2.17827010	2.31551981	2.31975007	2.23154998	2.16648006	2.17719007	2.23334980	2.27871013	2.32767010	2.38463998	2.46176982	2.51315999	2.51793003	2.44466996	2.34314990	2.24919009	2.21355009	2.23533010	2.26800013	2.24612999	2.19212985	2.14209008	2.13651013	2.14524007	2.16089988	2.10978007	2.05928993	2.02022982	2.04542994	2.09727001	2.14227009	2.11949992	2.03219986	1.92392993	1.86434996	1.89927006	1.95731997	1.88424003	1.73069990	1.53269994	1.39896011	1.34522998	1.40417993	1.54538989	1.66310978	1.69568992	1.65167975	1.60245001	1.60308003	1.66238999	1.72746003	1.76238000	1.71252000	1.63629007	1.55528998	1.53026998	1.52244008	1.53558016	1.55114996	1.56294000	1.55987990	1.54286993	1.50659990	1.45917010	1.42074013	1.41156006	1.42893016	1.48418999	1.55601001	1.63251007	1.62441003	1.56348014	1.43973005	1.30409992	1.18394995	1.10016000	1.04633999	1.02564001	1.03419006	1.05732000	1.08107996	1.09259999	1.06245005	1.00512004	0.935640037	0.872280002	0.831059992	0.828629971	0.869220018	0.936630011	1.02294004	1.09710002	1.11005998	1.04688001	0.932129979	0.795510054	0.670319974	0.599940002	0.584280074	0.605250061	0.657449901	0.692459941	0.690660000	0.636659920	0.569880009	0.508410037	0.466019958	0.450900018	0.463770002	0.495090008	0.535139978	0.571230054	0.583289981	0.580500007	0.569970012	0.553860009	0.537840009	0.523079991	0.518490016	0.520290017	0.532799959	0.557820022	0.609750032	0.687059999	0.775979996	0.839159906	0.868499935	0.837719977	0.820260048	0.823859990	1.00062001	1.28861988	1.70666981	2.08583999	2.18888998	1.87011015	1.44567001	1.20122993	1.26954007	1.55735993	2.11032009	2.76633000	3.32171988	3.51710963	3.42522001	3.09285021	2.81988001	2.67417002	2.79522014	3.05486989	3.42891002	3.79727960	4.03173018	4.08968973	4.03487968	3.88629007	3.70746017	3.53817010	3.38985014	3.25484967	3.10634995	2.97449994	2.87586021	2.84040022	2.81627989	2.77757978	2.69982004	2.58786011	2.49849010	2.50658989	2.59308004	2.67246008	2.59334993	2.39049006	2.10906005	2.09303999	2.27456999	2.67408013	2.95964980	2.93237972	2.49380994	2.04299998	1.85283005	2.03778028	2.48417997	3.17376018	3.96018004	4.74533987	5.61429024	6.55928993	7.33004999	7.79544020	7.75737047	7.07040024	6.41303968	6.20307016	6.50808048	7.05491972	7.32807016	6.86042976	5.81669950	4.63535976	3.71061015	3.12444019	2.77577996	2.48813987	2.16639018	1.82816994	1.60272014	1.47671998	1.47033000	1.49732995	1.51289988	1.48436999	1.40318990	1.29779994	1.21355999	1.23803997	1.32020998	1.43423986	1.43567991	1.41417003	1.37646008	1.40859008	1.45718992	1.48166990	1.44027007	1.35089993	1.26098990	1.22625005	1.24263000	1.26683998	1.22687995	1.14246011	1.03320003	0.982349992	0.956250072	0.959940016	0.945900083	0.914489985	0.869580030	0.834300041	0.810180008	0.778500080	0.715049982	0.644939959	0.585900009	0.553590000	0.542159975	0.546120048	0.549989998	0.550889969	0.550620019	0.564029992	0.585720062	0.613890052	0.638460040	0.672659993	0.716850042	0.761309981	0.793709934	0.806580007	0.767519951	0.721889973	0.683550000	0.707669973	0.775170088	0.894509912	1.02284992	1.13337004	1.21464002	1.29374993	1.40120995	1.53936005	1.68129003	1.82034004	1.95057023	2.05713010	2.23902011	2.48786998	2.91294003	3.26628017	3.52800035	3.76226974	4.09563017	4.61474943	5.21621990	5.53913975	5.40837002	4.93155003	4.37039995	3.94181991	3.94361997	4.34051991	4.99823999	5.91309023	6.59744978	6.94682932	6.97562981	6.90659952	6.76881027	6.56603956	6.21971941	5.77557039	5.37236977	5.22044945	5.29001951	5.61383963	5.85593987	5.98634958	5.85747004	5.74425030	5.66883039	5.68943930	5.73921013	5.78322029	5.78835011	5.76431990	5.73776960	5.73623943	5.70383930	5.61158991	5.38317013	5.12540960	4.86359978	4.81995010	4.80411005	4.80896950	4.77089977	4.74767971	4.78610992	4.89527988	4.93595982	4.79375982	4.44366026	4.09608030	3.87378025	3.95226002	4.16349030
59.0000000	4.10211039	4.29651022	4.43088055	4.54410028	4.91669989	5.56667995	6.25652981	6.27093029	5.55452967	4.38417006	3.22352982	2.50838995	2.22362995	2.49390030	2.73204017	2.84489989	2.36151004	1.96703982	1.73862004	1.81188023	1.99584007	2.19554996	2.26403999	2.23272014	2.18438983	2.20652986	2.32155013	2.44971013	2.42513990	2.32749009	2.19887996	2.19077992	2.22767997	2.30940008	2.33468986	2.32037997	2.26961994	2.23353004	2.23245025	2.25072026	2.24406004	2.24765992	2.26430988	2.27177978	2.26025987	2.23514986	2.20887017	2.16755986	2.11310983	2.06298018	2.05731010	2.08746004	2.04975009	2.00087976	1.97252977	1.95335984	1.96001995	1.96730995	1.89611983	1.77326989	1.61991000	1.50111008	1.45071006	1.49291992	1.61109018	1.71521997	1.75185001	1.72881019	1.70001006	1.69983006	1.72332001	1.72557008	1.69739997	1.63592994	1.57598984	1.52496004	1.49967003	1.48041010	1.47195005	1.47707999	1.48887002	1.49948990	1.49354994	1.47753000	1.46817005	1.48364997	1.53062987	1.59354007	1.65996003	1.70963991	1.74816000	1.73844004	1.69775999	1.61558998	1.50948012	1.39977014	1.29995990	1.20941997	1.14003003	1.09529996	1.07135999	1.08530998	1.12427986	1.18305004	1.22256005	1.24281001	1.19214010	1.13480997	1.07513988	1.04147995	1.05200994	1.12914002	1.23704994	1.29311991	1.24650002	1.10600984	0.922680020	0.751500010	0.636929989	0.582480013	0.569970012	0.614520073	0.658169985	0.693359971	0.682200015	0.647369981	0.597330093	0.555750072	0.536310017	0.542159975	0.562139988	0.587699950	0.609570026	0.612539947	0.608850062	0.601650059	0.620640039	0.657810092	0.719370067	0.799919963	0.860220075	0.869939983	0.834569931	0.812429965	0.842399955	0.920159996	1.00313997	1.05794990	1.03841996	1.00854003	0.986490011	1.15731001	1.42865992	1.79010010	1.98827982	1.95740998	1.66337991	1.40202010	1.31994009	1.50821996	1.94975984	2.69540977	3.51657009	4.01652050	4.07529020	3.82239008	3.50855994	3.32136035	3.29651976	3.34268951	3.39822006	3.45105028	3.51639032	3.59055018	3.63959980	3.62141967	3.51531005	3.36707997	3.22226954	3.13083005	3.08393979	3.07142997	3.03524995	2.96937013	2.90285993	2.86550999	2.86047006	2.83274984	2.74121976	2.61638999	2.53467011	2.58192015	2.70333004	2.80475998	2.79098988	2.68578005	2.75355005	2.97297001	3.32622004	3.44150996	3.26384997	2.75867987	2.28203988	2.16135001	2.54709005	3.32991004	4.37462997	5.37002993	5.81526041	5.98985958	6.03270006	6.30531073	6.36084080	6.05754042	5.26985979	4.51061964	4.13604021	4.24062014	4.83831024	5.71085978	6.52697945	7.04168987	7.25912952	7.01702976	6.45875978	5.71068001	4.45410061	3.30471039	2.37365985	1.87820983	1.62935996	1.63160992	1.71873009	1.77867019	1.74410999	1.63053000	1.45269001	1.27187991	1.18584001	1.20303011	1.29006004	1.34343004	1.35476995	1.32317996	1.32389998	1.35827994	1.41390002	1.43280005	1.39760995	1.33010995	1.27952993	1.26863992	1.27592981	1.25405991	1.20032990	1.12391996	1.07883000	1.05534005	1.05444002	1.03410006	0.993870080	0.938790023	0.896039903	0.873269916	0.854910016	0.817650020	0.752579987	0.678150058	0.632340014	0.607140005	0.595349967	0.591750026	0.588870049	0.585990071	0.590490043	0.600210011	0.616949975	0.635670006	0.668880045	0.719550073	0.784799993	0.832680047	0.855450034	0.841769993	0.803700030	0.752669990	0.750780046	0.793709934	0.889919996	1.00277996	1.08863997	1.13759995	1.20249009	1.31984985	1.48949993	1.66850984	1.85265017	2.01429009	2.06757021	2.19312000	2.40030003	2.93741989	3.39867020	3.71294999	3.76217985	3.81212997	4.04675961	4.53986979	5.19705009	5.77484989	6.02262020	5.87961006	5.57154036	5.34113979	5.31612015	5.45192957	5.72237968	5.92776012	6.03395987	6.02378988	5.96627998	5.86025953	5.71706963	5.58143997	5.48972988	5.45390987	5.51727009	5.63786983	5.76773977	5.82011986	5.80562973	5.73164988	5.68773031	5.68745995	5.71130943	5.72175026	5.70986986	5.70753002	5.71697950	5.74064970	5.77637959	5.77998018	5.72220039	5.50961971	5.24024963	4.94990969	4.91426945	4.96565962	5.09615993	5.11659002	5.08211994	5.01561022	4.97357988	4.80428982	4.44141006	3.93984008	3.49775982	3.21443987	3.29075980	3.61971021
58.0000000	3.33189011	3.89906979	4.24043989	4.32188988	4.44393015	4.68027020	4.95117044	4.94181013	4.48829985	3.69521976	2.87802005	2.45754004	2.39400005	2.64500999	2.73231030	2.62629008	2.16476989	1.84761000	1.75859988	1.94958007	2.20175982	2.38877988	2.41650009	2.34188986	2.26979995	2.29571986	2.39688015	2.49326992	2.46060014	2.35664988	2.21714997	2.20671010	2.23200011	2.28582025	2.29067993	2.26556993	2.21543980	2.16458988	2.12561989	2.10798001	2.11293030	2.15838027	2.21769023	2.23479009	2.23533010	2.23028994	2.26953006	2.27591991	2.23038006	2.12751007	2.06621981	2.07584977	2.07026982	2.09538007	2.13813019	2.12831998	2.09475017	2.04786015	1.95479989	1.82925010	1.68515992	1.57625997	1.52730000	1.55916011	1.64537990	1.71089983	1.71809983	1.68912005	1.66526997	1.66553986	1.67264986	1.66382992	1.64105988	1.61945987	1.61307001	1.61927986	1.62647998	1.62153006	1.60029006	1.57959008	1.56708014	1.57248008	1.59047997	1.63944018	1.72251010	1.82438993	1.88891995	1.90007997	1.80918002	1.70559001	1.60821009	1.62378001	1.65654004	1.69740009	1.68012023	1.63134003	1.56060004	1.50786018	1.46511018	1.41408014	1.33551002	1.25252998	1.18421996	1.17332995	1.20410991	1.26089990	1.30184996	1.32156003	1.31121004	1.27448988	1.23425996	1.19942999	1.17035985	1.13669991	1.08306003	1.00134003	0.902159989	0.804150045	0.730529964	0.679049969	0.639450014	0.625499964	0.620099902	0.627119958	0.632520020	0.626670003	0.604259968	0.581220090	0.570420027	0.578069925	0.597509980	0.621630013	0.643139958	0.646829963	0.640349984	0.627030075	0.663660049	0.739979982	0.870480001	1.03040993	1.14974999	1.16928017	1.10888994	1.05012000	1.05498004	1.12292993	1.22778010	1.32758999	1.37250006	1.40733004	1.44252002	1.64807999	1.88774991	2.12202024	2.13119984	1.95407999	1.61225998	1.34135997	1.25252998	1.46322000	2.03373003	2.98170018	3.94487977	4.21704006	4.04549980	3.62547016	3.58937979	3.64022994	3.75929999	3.72878981	3.60719991	3.43134022	3.31848001	3.26204991	3.22451997	3.15836978	3.05558991	2.94794989	2.89709973	2.91374993	2.97918010	3.03822017	3.04209018	2.97594023	2.88747025	2.83239031	2.83544993	2.84669971	2.78441978	2.64744020	2.51225996	2.48967004	2.56661987	2.73942018	2.84714985	2.88207006	2.86532974	2.93112016	3.08852959	3.19689035	3.16952991	2.97476983	2.80971003	2.99150991	3.62466002	4.54509020	5.22243023	5.47568989	4.94046021	4.27446032	3.63456011	3.64364958	3.77522993	4.02435017	4.14612007	4.18698025	4.14891005	4.09608030	4.10625029	4.26348019	4.61717987	5.34303093	6.27911997	7.24175930	7.65287924	7.59176922	6.30198002	5.02965021	3.87764978	3.21669030	2.82140994	2.67471004	2.57841015	2.40461993	2.12886000	1.84491003	1.59821987	1.39823997	1.28070009	1.28610015	1.38195002	1.49336994	1.52900982	1.46664000	1.36952984	1.29923987	1.29563999	1.33929002	1.39229989	1.42946994	1.45349991	1.44656992	1.41696000	1.36799991	1.31435990	1.25991011	1.21473002	1.17287993	1.13445008	1.09116006	1.04877007	1.00934994	0.981630027	0.966869950	0.959489882	0.946799994	0.898739994	0.826650023	0.758339942	0.709650159	0.673470020	0.651149988	0.637290001	0.633960009	0.640259981	0.647099972	0.652229965	0.661230087	0.681210101	0.720270038	0.784530044	0.867779911	0.947160006	0.982349992	0.988200009	0.976230025	0.974340022	1.00637996	1.07936990	1.16639996	1.22012997	1.22273993	1.22940004	1.29060006	1.42479002	1.60712993	1.83267021	2.04966021	2.14407015	2.23290014	2.33909988	2.86694980	3.39012003	3.83669996	3.93336010	3.90869999	3.88178968	4.01111984	4.32152987	4.74119997	5.14323044	5.44013977	5.65712976	5.80905056	5.91867018	6.00111008	5.96124029	5.88213062	5.75649023	5.63147974	5.51537991	5.42835045	5.37912083	5.38317013	5.44509029	5.56199980	5.66685009	5.72975969	5.71536016	5.64543056	5.53941011	5.44193983	5.36372995	5.31548977	5.31036043	5.37885046	5.55093002	5.75100040	5.91281986	5.99589062	6.01128006	5.97681046	5.90075970	5.69988012	5.42789984	5.11712980	5.05808973	5.09786940	5.22485971	5.20371008	5.12072992	5.00679064	4.93136978	4.81068039	4.47363043	3.75075006	3.17142010	2.84093976	2.68271995	2.87208009
57.0000000	2.71818018	3.40884018	3.89871025	4.09662008	4.01039982	3.95513964	4.00257015	4.02777004	3.74823022	3.23243999	2.77821016	2.66111994	2.73744011	2.73734999	2.62988997	2.42478013	2.12039995	1.95569992	2.00141978	2.24576998	2.50343990	2.64230990	2.60549974	2.45870996	2.31516004	2.25224972	2.24838018	2.25756001	2.24532008	2.22570014	2.20365000	2.27987981	2.32920003	2.33144975	2.26251006	2.17250967	2.08674026	2.03391027	2.02752018	2.06766009	2.12480998	2.16864014	2.18844008	2.16108012	2.14938021	2.17620015	2.24937010	2.29464006	2.27124000	2.18142009	2.10105014	2.09159994	2.15451002	2.23307991	2.26827002	2.24378991	2.18708992	2.12012982	2.00322008	1.84500015	1.65869987	1.54863000	1.50624001	1.55214012	1.63836002	1.67373002	1.63467002	1.58895004	1.59192002	1.65167999	1.71999002	1.74204004	1.72341001	1.69064999	1.67400014	1.67453992	1.67894995	1.68075001	1.67526007	1.65725994	1.62837005	1.59282005	1.57409990	1.60839009	1.69586992	1.79801989	1.84545004	1.83519006	1.72971010	1.63449001	1.56744003	1.63952982	1.71332991	1.76282978	1.68876004	1.58219993	1.50174010	1.50957000	1.57743001	1.63485003	1.60190988	1.47347987	1.31202006	1.18655992	1.11608994	1.08476996	1.13039994	1.21698010	1.34631014	1.43342996	1.43324995	1.30220997	1.11743999	0.935190022	0.797040045	0.715950012	0.689309895	0.690660000	0.699750006	0.692099988	0.666720033	0.609120011	0.564930022	0.539190054	0.536220014	0.532530010	0.521459997	0.504450023	0.494370013	0.501209974	0.524159968	0.559440017	0.596610010	0.623519957	0.642060041	0.657270014	0.715590060	0.803969979	0.918629944	1.02374995	1.08017993	1.07324994	1.05138004	1.05362999	1.09701002	1.17053998	1.25523007	1.33875000	1.42839003	1.55069995	1.70145011	1.95641994	2.15639997	2.23866010	2.05056024	1.75796998	1.43351996	1.21347010	1.16711998	1.46222997	2.19923997	3.26583004	4.17932987	4.26914978	3.93777013	3.49559999	3.48642015	3.50208020	3.47526026	3.30876017	3.12542987	3.02183986	3.04461002	3.10347009	3.11939955	3.08069992	3.03291011	3.00446987	3.02084994	3.05162978	3.08555984	3.08618999	3.06342006	3.00852013	2.93868017	2.89107013	2.88818979	2.89970994	2.87370014	2.78729963	2.66615987	2.60235000	2.61233997	2.70495033	2.78171992	2.82527995	2.80259991	2.83869004	2.95865965	3.12398982	3.27429008	3.38904023	3.51332974	3.84228015	4.37634039	4.89933014	4.98708010	4.67739010	3.96863961	3.37382984	2.94552016	2.89134002	2.90951991	3.04056001	3.28959036	3.63653994	4.02344990	4.27563000	4.30056000	4.19949007	4.20138025	4.53663015	5.10876036	5.81184053	6.31998014	6.66350985	6.58025980	6.43571949	6.11874008	5.63355017	4.97465992	4.26554966	3.57407999	2.97548985	2.48633981	2.11040998	1.86164999	1.68218982	1.55853009	1.52307010	1.55700004	1.66563010	1.73357999	1.73438990	1.65329981	1.53431988	1.41210008	1.33514988	1.33793998	1.41444004	1.51461005	1.55420995	1.52559006	1.44972003	1.37726986	1.32309008	1.30256999	1.27430999	1.22993994	1.18188000	1.14246011	1.11969006	1.10457003	1.08810008	1.06739998	1.04436016	1.02195001	0.995130062	0.938250065	0.889019966	0.848520041	0.795960009	0.750510037	0.718469977	0.703349948	0.696330070	0.698850036	0.704970002	0.711990058	0.727829993	0.766170025	0.841320038	0.941580057	1.04760003	1.11231005	1.12905002	1.11672008	1.12428010	1.17036009	1.25352013	1.32948005	1.36350000	1.36818004	1.38393009	1.44963014	1.57725000	1.78785014	2.02527022	2.15810966	2.23713017	2.28591013	2.67093015	3.12129021	3.59919000	3.84632969	3.97619963	4.02930021	4.12586975	4.22919035	4.31496000	4.39568996	4.52088022	4.68909025	4.88330984	5.03937006	5.16069031	5.11892986	5.07735014	5.03685045	5.05152035	5.09841013	5.17563009	5.26761055	5.34420013	5.39837980	5.45103025	5.51114988	5.56227016	5.53958988	5.49116993	5.43492031	5.36255980	5.25960064	5.13279009	5.05674028	5.08113003	5.25510025	5.49378014	5.70707989	5.82768059	5.85441017	5.84549999	5.79744053	5.61807013	5.32872009	4.99796963	4.83750010	4.82372999	4.93424988	4.98366022	5.03901005	5.13459015	5.24609995	5.18552971	4.87188005	4.34871006	3.60918021	2.83671021	2.45240998	2.45186996
56.0000000	2.65634990	3.26007032	3.73914003	4.00473022	3.84435010	3.73643994	3.74507999	3.77478004	3.53277016	3.16583991	2.87649012	2.67920971	2.51288986	2.36879992	2.29761004	2.17781997	2.06550002	2.04795003	2.18321991	2.38914013	2.59595990	2.69667006	2.66373014	2.52279019	2.38976979	2.30525994	2.25098991	2.19617987	2.16567016	2.15424013	2.15531993	2.24586010	2.31660008	2.34477019	2.30355000	2.23064995	2.14757991	2.08926010	2.08530021	2.15019011	2.23253989	2.24900985	2.21787000	2.16486025	2.10528016	2.11239004	2.17683005	2.24100018	2.20535994	2.12418008	2.05452013	2.05640984	2.08106995	2.08206010	2.05191016	2.03939986	2.06837988	2.09393978	1.98783004	1.78280997	1.52433002	1.39581001	1.35414004	1.40183997	1.51172996	1.54430997	1.48409998	1.44791996	1.47528005	1.56798005	1.65582001	1.65221989	1.59102011	1.53035998	1.50857997	1.49661005	1.48950005	1.49940002	1.52603996	1.56474006	1.60317004	1.60092008	1.57842004	1.57752001	1.62107992	1.65590978	1.69991994	1.77290988	1.74761975	1.69181991	1.62980986	1.70010006	1.79325008	1.87254000	1.78812003	1.61126995	1.39788008	1.26018000	1.22256005	1.26441002	1.31067014	1.30572009	1.27232993	1.23192000	1.19619000	1.13067007	1.07919002	1.08881998	1.20420003	1.33245003	1.36791003	1.22958004	0.999629974	0.755460083	0.561600029	0.461789966	0.457830012	0.506789982	0.567269981	0.594000041	0.589949965	0.546389997	0.518490016	0.510659993	0.522179902	0.518040001	0.495269984	0.463140041	0.444240004	0.450269997	0.477179974	0.515609980	0.555480003	0.599219978	0.649890006	0.719909966	0.797039926	0.877769947	0.932399988	0.961019874	0.967409968	0.985949993	1.02158999	1.06974006	1.11798000	1.15173006	1.17117000	1.17684007	1.21643996	1.31535006	1.50300002	1.75878000	1.92833996	1.92258012	1.72709990	1.52568007	1.37213993	1.28223002	1.30895996	1.73043001	2.56904984	3.66047978	4.27563000	4.35032988	3.92570996	3.61953020	3.43152022	3.33792019	3.17673016	3.00222015	2.90754008	2.95415998	3.08007002	3.18581963	3.20921993	3.19148993	3.18528008	3.20741987	3.22847986	3.19868970	3.11310005	3.07521009	3.07035017	3.08952022	3.07521009	3.03866982	2.98755002	2.94588017	2.92418981	2.89322996	2.84400010	2.79341984	2.78415012	2.80772972	2.85570002	2.88342023	2.90619016	2.95127988	3.08249998	3.26771951	3.48182964	3.65552998	3.75434995	3.78242970	3.79521012	3.76992011	3.67227006	3.50856018	3.34574986	3.29004025	3.32801986	3.34826970	3.24368978	3.06179953	2.89827013	2.85273004	2.96613026	3.19310999	3.40776014	3.58767009	3.80780983	4.14657021	4.58576965	5.03576994	5.43267012	5.88510036	6.52274942	7.36055994	8.01431942	8.08893108	7.23276043	5.86664963	4.40622044	3.32730031	2.72133017	2.52747011	2.48471975	2.42856002	2.25549030	2.02508998	1.77290988	1.65923989	1.63376987	1.73582995	1.85957992	1.89332986	1.76795995	1.55078983	1.37097001	1.31130016	1.34208000	1.40012991	1.40436006	1.36997998	1.33398008	1.33281004	1.34667003	1.36026001	1.33767009	1.29681003	1.25216997	1.22202003	1.19601011	1.16532004	1.13039994	1.10835004	1.10232008	1.10799003	1.10663998	1.09062004	1.06316996	0.999090016	0.935099959	0.877590001	0.841860056	0.812250018	0.798569977	0.799650013	0.799650073	0.806940019	0.835289955	0.895950079	1.00925994	1.12715995	1.21212006	1.21590006	1.18394995	1.14669001	1.16001010	1.21788001	1.31688011	1.40903997	1.46591997	1.49093986	1.52613008	1.61963999	1.80818999	2.06693983	2.28563976	2.43782997	2.55176997	2.79324007	3.05261970	3.31380010	3.48030019	3.63959980	3.83562016	4.08960009	4.31613016	4.43475008	4.47335958	4.51394987	4.59800959	4.66686010	4.66802979	4.61582994	4.58837986	4.61681986	4.66838980	4.74165010	4.84856987	4.96773052	5.06898022	5.12091017	5.12379026	5.11190987	5.11163998	5.13287973	5.13225031	5.11272001	5.08103943	5.05773020	5.02164030	4.96566010	4.88933992	4.85784006	4.90635014	5.03865004	5.24016047	5.45589018	5.64228010	5.77457952	5.78600979	5.67080975	5.37948036	5.10993004	4.93092012	4.95386982	5.03811026	5.12829065	5.18282986	5.24169016	5.30855989	5.33762980	5.26725006	4.86611986	4.14198017	3.23810983	2.72222996	2.54978991
55.0000000	2.85822010	3.13839030	3.44313002	3.70260000	3.74957967	3.74984980	3.76083064	3.78513026	3.69234014	3.34367990	2.91771007	2.58219004	2.36384988	2.21651983	2.20545006	2.19879031	2.18088007	2.17097998	2.22974992	2.33594990	2.43080997	2.45951986	2.44088984	2.37383986	2.31578994	2.31831002	2.35440016	2.36357999	2.30904031	2.24396992	2.19194984	2.16548991	2.19743991	2.24604011	2.29931998	2.30507994	2.25908995	2.19689989	2.15073013	2.14263010	2.17215014	2.18789983	2.16170979	2.09564996	2.04893994	2.04677987	2.11851001	2.10455990	2.03156996	1.97099996	1.98702002	2.03301001	2.02509022	1.93103993	1.83834016	1.82510996	1.92176998	1.95362997	1.84329009	1.59201014	1.31445003	1.16252995	1.13598001	1.21419001	1.33659005	1.41641998	1.36206007	1.32687008	1.35045004	1.39860010	1.41984010	1.36809003	1.31678987	1.33667994	1.42794013	1.47878993	1.46196008	1.40517008	1.38528001	1.41362989	1.50803995	1.59705007	1.67778003	1.77903008	1.92285001	2.01923990	2.12625003	2.27619004	2.14083028	1.85849977	1.51758015	1.41345000	1.51919997	1.80359995	2.07719994	2.06270981	1.77939010	1.41173995	1.14848995	1.03266001	1.00934994	1.01097000	1.04814005	1.11213005	1.20339000	1.17171001	1.08143997	0.969839990	0.969840050	1.01610005	1.04273999	0.943379939	0.768150032	0.576090038	0.427679986	0.349470019	0.364499986	0.424529999	0.497070014	0.521279991	0.522089958	0.512280047	0.531539977	0.563579977	0.588150024	0.569610059	0.523440063	0.480960011	0.464309990	0.473220021	0.498599946	0.527579963	0.557370007	0.606329978	0.679049969	0.772469938	0.859949946	0.929159999	0.988650024	1.05704987	1.14201009	1.21455002	1.25001013	1.25442004	1.25918996	1.28034008	1.30806005	1.30805993	1.32290983	1.38519013	1.63269007	1.88001013	2.05334997	1.92654014	1.73420990	1.57248020	1.52550018	1.53305995	1.73087990	2.26097989	3.07529974	3.82103992	4.14575958	4.04981995	3.87000012	3.69972014	3.51980996	3.31884003	3.15657020	3.06909013	3.13191009	3.24333000	3.33971977	3.36014986	3.31919980	3.27464962	3.26574016	3.28455019	3.25953007	3.19499969	3.10581017	3.12309027	3.17114997	3.22704005	3.20967007	3.14784002	3.05963993	2.98088980	2.94497991	2.92643976	2.90573978	2.88845992	2.90564990	2.95776010	3.03777003	3.05666995	3.03858018	3.00699019	3.06404996	3.19662023	3.36059999	3.45464969	3.43790984	3.33836985	3.23154020	3.16016984	3.13109994	3.12543011	3.12363029	3.19742990	3.30677962	3.44285989	3.41595006	3.30767989	3.14585996	3.04236031	3.01976991	3.08979011	3.20499015	3.31110024	3.48273015	3.76217985	4.17122984	4.64058018	5.14745951	5.68655968	6.55983019	7.65728998	8.87040043	9.59966946	9.42092991	8.15048981	6.12953997	4.25610018	3.12885022	2.67623997	2.71862984	2.99789977	3.17627978	3.05774999	2.53395009	2.02464008	1.63160980	1.55897999	1.64096999	1.76958001	1.76471984	1.62099004	1.42164004	1.28223002	1.23533988	1.26674998	1.30761003	1.32749999	1.33911002	1.34964001	1.36268997	1.38303006	1.39076996	1.38464999	1.36593008	1.34253013	1.31256008	1.27449012	1.23354006	1.20771003	1.19943011	1.20024014	1.18412995	1.15496993	1.11609006	1.09341002	1.07054996	1.05264008	1.05218995	1.01871002	0.980550051	0.960569978	0.942119896	0.952380002	0.997469962	1.08117008	1.19718003	1.27800000	1.31759989	1.31355000	1.29509997	1.26828003	1.26864004	1.30221009	1.37052000	1.45656002	1.52756989	1.58273995	1.64430010	1.73997009	1.91934001	2.15199018	2.41550994	2.64960003	2.90915990	3.19715977	3.37733984	3.40695000	3.36617994	3.39030004	3.55284023	3.82814980	4.12271976	4.33484983	4.46939945	4.58199024	4.70250034	4.75407076	4.73661041	4.65642023	4.65938997	4.70331001	4.77719975	4.85207987	4.93100977	5.00579977	5.06133032	5.07906055	5.04477024	4.98420048	4.94010019	4.95648003	4.97501993	4.96044016	4.90373993	4.87584019	4.87763977	4.88457012	4.84127998	4.76837969	4.72941017	4.77774000	4.96269035	5.27642965	5.60745001	5.81220055	5.87070036	5.79294014	5.61384058	5.44104004	5.30010033	5.28408003	5.27966976	5.24664068	5.10750055	4.86783028	4.56750011	4.38444042	4.43691015	4.37427044	4.09778976	3.57093000	3.16485000	2.92968011
54.0000000	2.64392996	2.68361974	2.95712972	3.36717010	3.73463988	3.80628014	3.65274000	3.45987010	3.22289991	2.87216997	2.62269020	2.54168987	2.43179989	2.33667016	2.48867989	2.58146977	2.54996991	2.43729019	2.34296989	2.32929015	2.33640003	2.33901000	2.31578994	2.27304006	2.24055004	2.22695994	2.24855995	2.29923010	2.32146001	2.29482007	2.25333023	2.21741986	2.21219993	2.21408987	2.25378013	2.30337000	2.27547002	2.23686004	2.19528008	2.17773008	2.18178010	2.18321991	2.17917013	2.14289999	2.11139989	2.12553000	2.12849998	2.02886987	1.88793004	1.79820001	1.83500993	1.93005013	1.97649002	1.91771996	1.85688019	1.84905005	1.92410994	1.91447997	1.76202011	1.47239995	1.20744002	1.06397998	1.04643011	1.14614999	1.26108003	1.31525993	1.29482996	1.25172007	1.23309004	1.20699000	1.15947008	1.10213995	1.06911004	1.15362000	1.24983001	1.29222000	1.26045001	1.19781005	1.18853998	1.21680009	1.27818000	1.38968992	1.56357014	1.79901004	2.01923990	2.21832013	2.44926000	2.65266013	2.48012972	2.02968001	1.44657004	1.17053998	1.22238004	1.58607018	2.12543988	2.31101990	2.07297015	1.63088989	1.31877005	1.17494988	1.11599994	1.02149999	0.919259965	0.867600024	0.914219975	0.971190035	0.961740077	0.909539998	0.873089969	0.844199955	0.812609971	0.742320001	0.616050005	0.498600006	0.414810002	0.397170037	0.433890015	0.496889949	0.546120048	0.547559977	0.535409987	0.534329951	0.572759986	0.607859969	0.613799989	0.579420030	0.539640009	0.531899989	0.550619960	0.571139991	0.581850052	0.589140058	0.614249945	0.678690016	0.775349975	0.895049989	0.991439998	1.06424987	1.14776993	1.28151000	1.41957009	1.48761010	1.49022007	1.45638001	1.44044995	1.49544013	1.56347990	1.58147991	1.57886994	1.62180018	1.88108981	2.16657019	2.33792996	2.17988992	1.92761981	1.76283002	1.75058997	1.94589007	2.38608027	3.06936002	3.68288994	3.90006018	3.76946974	3.64842010	3.69008994	3.66173959	3.46130967	3.21335983	3.11354971	3.14828968	3.27536988	3.36338997	3.38391018	3.36294007	3.35051966	3.35735989	3.36555004	3.33756018	3.28409982	3.24513006	3.24756002	3.29714966	3.32036996	3.30029988	3.22748995	3.15512991	3.11291981	3.08952022	3.06161976	3.02967024	2.99852991	2.98763967	3.01787996	3.08349013	3.17601037	3.19743013	3.15638995	3.08123994	3.04020000	3.09573007	3.18959999	3.27132034	3.29580021	3.29400015	3.30011988	3.32522964	3.34746003	3.34223986	3.26402998	3.14325023	3.04893017	3.02589035	3.10724998	3.21597004	3.32621980	3.41090989	3.46004987	3.50676012	3.53816962	3.53763008	3.53853011	3.58560014	3.76767015	4.08860970	4.51034975	5.01696014	5.70095968	6.65585995	7.92170954	9.43433952	10.4683495	10.3148994	8.56943989	5.97420025	3.91068006	2.62493992	2.31390023	2.73384023	3.49281001	4.17663002	3.82004976	3.04640985	2.18259001	1.65059996	1.41263998	1.33479011	1.34325004	1.34819996	1.31633997	1.25523007	1.20194995	1.19628000	1.24137008	1.31787002	1.36223996	1.36863005	1.34253001	1.33640993	1.36701000	1.41777003	1.46906996	1.49138999	1.48671007	1.45278013	1.39707005	1.34388006	1.30535996	1.28232002	1.25379002	1.21932006	1.17764997	1.15695012	1.15470004	1.16514003	1.17549002	1.17063010	1.15407014	1.11690009	1.07801998	1.08351004	1.14974999	1.29716992	1.39104009	1.40444994	1.38608992	1.36601996	1.36800003	1.38897002	1.42145991	1.44773996	1.47915006	1.52064013	1.57571995	1.64565015	1.73546994	1.85768998	2.00664020	2.17133999	2.34684014	2.56464005	2.83706999	3.16079998	3.43151999	3.48372030	3.40515018	3.34088993	3.50604010	3.79989004	4.09022999	4.25826025	4.35321045	4.44546032	4.55858994	4.63392019	4.65443993	4.61889029	4.65264034	4.71266985	4.77882004	4.83470964	4.90185022	4.96295977	5.01524973	5.04567003	5.03550005	4.98725986	4.97717953	5.03045988	5.10956955	5.15897989	5.13495016	5.10786009	5.08004999	5.02667999	4.93227005	4.81652975	4.73345995	4.75146008	4.86378002	5.10488987	5.35968018	5.52797985	5.60600996	5.58828020	5.51942968	5.41458035	5.28282022	5.18570995	5.12712002	5.05251026	4.86945009	4.45868969	3.91958976	3.44574046	3.35438991	3.59136009	3.89339972	3.72177005	3.33701992	2.95659018
53.0000000	2.37266994	2.42351985	2.78847003	3.31451988	3.69954014	3.56427002	3.18068981	2.80709982	2.58353996	2.38743019	2.20383000	2.07936001	2.03337002	2.07018018	2.20986009	2.37555003	2.42126989	2.35125017	2.22119999	2.16782999	2.21327996	2.29833007	2.33064008	2.34891009	2.36169004	2.30724001	2.21823001	2.15162992	2.13479996	2.14262986	2.17107010	2.21984982	2.26853991	2.27574015	2.30210996	2.34116983	2.32685995	2.31191993	2.26925993	2.21526003	2.17701006	2.15387988	2.16341996	2.18645978	2.21274018	2.24054980	2.17745996	2.07089996	1.92258000	1.76966989	1.72988999	1.76489997	1.81853998	1.83473969	1.84509003	1.88945997	1.95767987	1.93689001	1.78443003	1.47221994	1.20824993	1.06857002	1.05039012	1.14345014	1.23983991	1.27736998	1.24685991	1.20239985	1.17764986	1.14713991	1.07720995	0.999449968	0.945360065	0.943650007	0.910619974	0.883350015	0.892439961	0.974249959	1.09439993	1.20123005	1.27647007	1.36827004	1.50669003	1.66634989	1.74383998	1.77218986	1.86110997	2.06937003	2.12994003	1.98170996	1.62711012	1.39688993	1.36404002	1.51226985	1.75662005	1.80143988	1.61882997	1.35630012	1.23497999	1.25127006	1.30734015	1.21301997	1.01546991	0.826020062	0.741960049	0.793079972	0.852479994	0.899010003	0.929340005	0.905580044	0.854460061	0.759959996	0.631799936	0.535140038	0.487079978	0.501659989	0.549449980	0.601559997	0.612899959	0.586259961	0.563939989	0.568439960	0.610199928	0.621540010	0.596699953	0.552600086	0.559619963	0.622620046	0.710280061	0.740700066	0.714060009	0.685980082	0.710729957	0.787589908	0.892710030	1.01420999	1.06209004	1.10079002	1.17413998	1.32030010	1.47051001	1.56293988	1.63953006	1.69911003	1.73825979	1.83159018	1.87145996	1.82988000	1.77030015	1.77030015	2.01086998	2.32218003	2.55150008	2.45358014	2.21769023	2.05289984	2.08890009	2.45042992	3.07683015	3.82526970	4.10561991	3.91122007	3.59073019	3.57966018	3.66947985	3.59190011	3.29130006	3.09905982	3.11148000	3.23819971	3.37049985	3.38948989	3.37725019	3.38013005	3.43053007	3.47337008	3.45681024	3.38112020	3.32865000	3.32945991	3.39092970	3.44367003	3.41856003	3.32963991	3.21858025	3.18474007	3.20256019	3.23387980	3.23144984	3.20426989	3.17763019	3.16934991	3.17367005	3.18690014	3.21273017	3.24702001	3.26240993	3.25062013	3.21561027	3.23676014	3.28572035	3.33243036	3.35484028	3.37193990	3.38535023	3.37626028	3.36752987	3.37310982	3.37364984	3.33584976	3.28085995	3.22505999	3.20849967	3.22695017	3.26457024	3.29615998	3.31802964	3.37508988	3.47219992	3.57947969	3.65364003	3.69062972	3.73013997	3.83481002	4.01750946	4.28426981	4.72122002	5.37506962	6.35571003	7.83378029	9.53496075	10.5655499	9.87002945	7.38099051	4.79366922	2.95830011	2.18438983	2.21472001	2.83904982	4.00968027	4.49739027	4.08006001	3.05657983	2.07179999	1.53026998	1.21419001	1.08125997	1.09970999	1.16360998	1.20230997	1.15497005	1.08854997	1.06991994	1.13931000	1.23912013	1.30167007	1.30481994	1.30725002	1.35503983	1.43486989	1.52685010	1.59497988	1.63943994	1.63413000	1.57508993	1.49687994	1.41894007	1.37402999	1.36188006	1.35935998	1.35180008	1.31751001	1.29068995	1.27809000	1.28348994	1.28529000	1.27629006	1.25864995	1.22958004	1.21590006	1.26647985	1.39950013	1.50183010	1.53234017	1.48977005	1.44945002	1.44144011	1.46132994	1.49706018	1.51155007	1.52100003	1.54638004	1.61064005	1.70595002	1.82609987	1.96253991	2.09916019	2.22326994	2.31605983	2.42487001	2.59317017	2.83752012	3.14036989	3.38616014	3.44088006	3.38201976	3.57272983	3.89600992	4.20137978	4.33143044	4.36022997	4.40937042	4.54931974	4.67693996	4.73850012	4.71429062	4.70286036	4.73562002	4.78503036	4.82499027	4.86899996	4.91238022	4.95477009	4.98726034	4.99527025	4.97970009	5.01083994	5.10705042	5.23989010	5.38046980	5.45993996	5.47100973	5.40989971	5.26347017	5.11010981	4.96494007	4.86693001	4.84703970	4.86998987	4.93280983	5.03514004	5.12882996	5.19155979	5.24357986	5.23916960	5.17914009	5.07042027	4.98131990	4.98644972	5.02542019	4.91985035	4.50081015	4.07843971	3.59091020	3.32117987	3.41162992	3.67074013	3.66894007	3.33279014	2.85767984
52.0000000	2.48327994	2.56392002	2.88584995	3.17925024	3.13119006	2.85966015	2.67038989	2.55491996	2.44791007	2.32406998	2.16189027	1.97856009	1.84500003	1.78856993	1.82960987	1.90890002	1.92771018	1.88829029	1.83284998	1.84806001	1.91744995	2.01492000	2.09331012	2.14416003	2.17637992	2.15162992	2.08997989	2.03066993	2.01645017	2.01473999	2.03076005	2.07161999	2.14451981	2.23622990	2.32883978	2.37204003	2.32127976	2.26152015	2.15199018	2.03921986	1.98386991	1.97415006	2.00267982	2.06369996	2.12030983	2.14109993	2.06874013	1.97280014	1.85696995	1.75157988	1.72988999	1.74932992	1.77191973	1.76507986	1.75463986	1.77326977	1.80395985	1.77497995	1.65428996	1.41479993	1.20626998	1.09871995	1.08710992	1.15092003	1.21149004	1.23993003	1.23443997	1.22066998	1.20977998	1.18440008	1.12472999	1.05290997	0.985500038	0.924029887	0.866340041	0.829079986	0.828630030	0.896939993	0.985859990	1.06812000	1.17062998	1.38635993	1.67337012	1.89522016	1.87641001	1.70415008	1.53981006	1.51650012	1.59047997	1.66229999	1.66697991	1.66049993	1.66545010	1.64034021	1.50831008	1.26513016	1.04246998	0.919260085	0.949050009	1.05831003	1.17260993	1.19042993	1.11671996	1.00286996	0.895049930	0.816750050	0.761129975	0.733500004	0.765450060	0.850500047	0.890009999	0.832320035	0.697679996	0.584010005	0.520649910	0.525510013	0.557640016	0.586799979	0.596789956	0.587069929	0.589590013	0.622709990	0.676890016	0.682290018	0.640709937	0.586350024	0.611909986	0.710459948	0.824939966	0.846810043	0.791459978	0.744210005	0.765719950	0.832859993	0.910440028	0.976229966	0.961379945	0.981899977	1.06704009	1.23687005	1.41057003	1.56807005	1.76292002	1.98998988	2.16567016	2.26755023	2.21372986	2.10923982	2.04093003	2.05946994	2.25575995	2.54510999	2.81745005	2.86263013	2.72034025	2.57859015	2.60739017	2.96514034	3.50109005	3.99068999	4.01993990	3.77361012	3.56346011	3.63824987	3.63725996	3.46545005	3.16871977	3.12399006	3.25674009	3.43341017	3.53214002	3.50270963	3.48894000	3.51377988	3.54671955	3.53141999	3.45609045	3.37904978	3.35682011	3.38193035	3.44142008	3.47084999	3.44042993	3.37608027	3.31551003	3.30030012	3.30687022	3.31866002	3.32774997	3.34205985	3.37103987	3.38454032	3.35907030	3.30372024	3.23217010	3.23037028	3.26249981	3.30452991	3.33162022	3.35745025	3.39156032	3.41621995	3.42405009	3.43287015	3.41928029	3.35871029	3.30795002	3.30813003	3.37634993	3.46968007	3.54644966	3.58190989	3.54635954	3.50397015	3.46976995	3.43737006	3.39551997	3.39650989	3.46401000	3.59819984	3.74165988	3.85407019	3.93209982	3.98106003	4.02705002	4.09598970	4.38425970	4.86531019	5.55723047	6.53426981	7.81947041	9.08495998	9.50580025	8.29467106	6.22089005	4.24358988	3.02760005	2.42378998	2.30157018	2.78333998	3.72698975	4.14296961	3.80223012	2.65041018	1.86047995	1.36997998	1.13030994	1.05956995	1.10628009	1.19915998	1.18341005	1.07774997	0.974519968	0.966150045	1.05678010	1.16288996	1.24298990	1.28520000	1.32920992	1.39509010	1.47680986	1.54493999	1.62449992	1.68686998	1.69992018	1.65627003	1.56483006	1.48697996	1.46591997	1.47662985	1.49381983	1.45799994	1.42209005	1.39941001	1.40445006	1.42830002	1.45385993	1.47735000	1.48545003	1.47491992	1.45547998	1.51047015	1.59633005	1.66095006	1.67282999	1.64934003	1.62674999	1.61441994	1.61271000	1.60299003	1.60244989	1.63169992	1.71197999	1.82735991	1.96191001	2.11293006	2.27493000	2.43467999	2.55924010	2.65698004	2.78693986	2.98142982	3.25332022	3.48318005	3.55067992	3.51153016	3.67308021	3.95720983	4.24413013	4.34592009	4.33017015	4.35878992	4.57119036	4.79817009	4.93929005	4.95801020	4.91840982	4.91516972	4.93785048	4.96520996	4.97160006	4.96953011	4.97699976	5.00499010	5.04396057	5.09183979	5.19813013	5.33591986	5.48342991	5.63759995	5.71959019	5.71310949	5.61663008	5.42618990	5.23737049	5.08752060	4.98636007	4.92138004	4.88223028	4.86711025	4.91579962	4.99238968	5.06223011	5.12657976	5.11901951	5.07078028	4.99842024	4.90616989	4.87017012	4.86171007	4.77045012	4.45680046	4.10508013	3.75885010	3.66002965	3.72402000	3.69495010	3.50882983	3.14909983	2.76461983
51.0000000	2.85606003	3.04244995	2.98161006	2.77731013	2.53251004	2.49551988	2.57526016	2.74275017	2.89484978	2.96279979	2.93246984	2.74382997	2.53394985	2.34827995	2.21552992	2.12273979	1.97748005	1.86407995	1.83707976	1.91232002	1.99421990	2.05848002	2.07225013	2.01924014	1.94607008	1.88649011	1.87047005	1.95885015	2.07944989	2.13443995	2.08269000	1.97792995	1.97460008	2.09772015	2.27321982	2.30399990	2.24028015	2.16756010	2.09735990	2.03274012	1.99233007	1.99170005	2.06541014	2.12408996	2.11608005	2.02832985	1.89683998	1.76057994	1.64465976	1.58418000	1.58804989	1.63539004	1.68138003	1.67472017	1.64294994	1.62872994	1.62638998	1.56492007	1.43982005	1.28160000	1.16793001	1.14191997	1.14345002	1.14687002	1.12805998	1.11870003	1.11456001	1.10582995	1.07837999	1.03797007	1.00188005	0.985500038	0.984600008	0.963000000	0.905850053	0.817290008	0.724770069	0.666360021	0.639539957	0.673110008	0.852840066	1.25135994	1.80854988	2.27789998	2.36915994	2.18052006	1.91061008	1.65482998	1.44108009	1.28934002	1.22966993	1.28006995	1.31462991	1.32201016	1.27151990	1.15821004	1.00971007	0.860850096	0.758789897	0.723150074	0.739980042	0.800010026	0.904319942	1.00602007	1.02618003	0.876420021	0.657989979	0.540450037	0.563759983	0.708930016	0.830699921	0.817200005	0.687689960	0.547650039	0.463050008	0.445319980	0.463589996	0.494100034	0.538919985	0.582750022	0.634590030	0.697499990	0.743850052	0.737999976	0.684450030	0.627750039	0.648270011	0.740789950	0.831239998	0.837360024	0.803610027	0.788670063	0.844739914	0.923940003	0.972719967	0.953999937	0.921960056	1.01078999	1.19132996	1.40588987	1.52963996	1.66554010	1.91529012	2.28213000	2.54619002	2.60640025	2.48940015	2.40822005	2.43404984	2.52270007	2.61971998	2.76903009	2.99997020	3.19553995	3.26583004	3.19508982	3.16521001	3.30947995	3.56336999	3.74724007	3.69711018	3.55086017	3.50388026	3.55338001	3.50891995	3.35519981	3.23531985	3.30875993	3.45411015	3.55716014	3.55616999	3.53537989	3.57696009	3.64203000	3.64212036	3.57875991	3.50288963	3.48731995	3.51126003	3.53898001	3.55085969	3.52989006	3.50117993	3.47121024	3.44781017	3.42828012	3.41037059	3.40542006	3.42225003	3.45591021	3.50334024	3.53844023	3.54887986	3.52061987	3.45753002	3.41190004	3.38516974	3.38993979	3.40416002	3.43134022	3.48380995	3.51449990	3.52512002	3.55643988	3.59594989	3.60909033	3.60936022	3.59099984	3.58406997	3.59207988	3.60855007	3.61548066	3.60414004	3.63285017	3.72095990	3.81060028	3.82680011	3.80637002	3.76766968	3.73527002	3.73023009	3.77711987	3.91499996	4.04549980	4.11578989	4.10075998	4.22531986	4.58622026	5.14413023	5.83739996	6.61392069	7.62362909	8.75240993	9.18548965	8.36612988	6.70175982	4.91022015	3.53771996	2.62493992	2.23038006	2.53053021	3.37725019	3.84488988	3.27429008	2.29077005	1.57734013	1.20545995	1.01826000	1.00926006	1.13363993	1.21283996	1.17720008	1.05768001	0.989100039	1.01466000	1.10069990	1.18539000	1.23003018	1.26045012	1.29213011	1.32713997	1.36647010	1.43369997	1.54890001	1.67273998	1.72961998	1.68336010	1.60200000	1.56294000	1.55565012	1.55682003	1.53675008	1.52774990	1.53648007	1.56500983	1.59758985	1.63061988	1.67382002	1.73582995	1.77830982	1.75733984	1.74707973	1.75598991	1.78253996	1.82403004	1.82907009	1.80594003	1.79487002	1.80107999	1.81125009	1.82493007	1.85930991	1.92609000	2.02608013	2.15927982	2.32920003	2.54294991	2.78082013	2.98494005	3.12714028	3.23207998	3.31137013	3.52907944	3.72716928	3.75462008	3.64401007	3.73697996	3.98807979	4.27805996	4.40873957	4.41054010	4.42683029	4.61871004	4.84478998	5.00868034	5.06762981	5.05908012	5.06088018	5.06807995	5.06915998	5.05044031	5.03208017	5.05737019	5.12289000	5.19569969	5.30487013	5.49647999	5.70293951	5.85629988	5.95070934	5.93387938	5.82776976	5.66487026	5.45030975	5.24609995	5.10947990	5.02649975	4.96610975	4.93892956	4.95764923	5.02146006	5.09543991	5.11577988	5.09949017	5.05386019	4.99400997	4.87377024	4.70771980	4.54148960	4.39965010	4.25493002	4.07753992	3.92552972	3.88296008	3.91733980	3.84866977	3.61457992	3.24387026	2.91050982	2.74985981
50.0000000	3.34160995	3.20408988	2.97189021	2.79855013	2.80349994	2.91780019	2.96334028	2.93490005	2.83428025	2.75247002	2.72573996	2.67264009	2.59677005	2.48859000	2.36394024	2.25387001	2.05326009	1.96145976	2.02409983	2.22317982	2.36159992	2.37986994	2.32442999	2.26538992	2.20356011	2.09448004	1.93679988	1.94417989	2.08044004	2.20374012	2.18214011	1.99115992	1.93256986	2.00511003	2.14434004	2.15117979	2.08511996	2.02238989	2.01779985	2.02823997	2.01770997	2.00745010	2.04381013	2.04831004	1.98899984	1.86821997	1.76688004	1.67210996	1.56834006	1.45764005	1.39184999	1.38753009	1.41273010	1.42668021	1.43379009	1.46097004	1.50560987	1.45106995	1.31093991	1.15461004	1.05596995	1.05822003	1.04858994	1.00899005	0.950670063	0.949320078	0.977579951	0.994949996	0.961740017	0.910979986	0.892889977	0.926729977	0.984330058	0.980369985	0.900629997	0.754739940	0.628650010	0.551519990	0.546929955	0.659070015	0.951660037	1.36044002	1.81368005	2.11913991	2.17998004	2.11698008	2.02580976	1.80449998	1.44746995	1.06920004	0.797580004	0.711989999	0.642959952	0.635040045	0.744480014	0.964529932	1.09160995	1.00404000	0.732600033	0.500310004	0.397260010	0.405450016	0.515610039	0.659520030	0.746909976	0.689939916	0.542070031	0.503729999	0.582210004	0.739620090	0.821879983	0.752670050	0.592649996	0.445680022	0.379530042	0.366119981	0.386009961	0.416879982	0.477270007	0.569339931	0.685800016	0.743669927	0.739349961	0.689670026	0.626039982	0.599849999	0.646379948	0.746460021	0.817649901	0.817650020	0.807029963	0.836279988	0.962099969	1.06676996	1.08809996	0.997379899	1.05156004	1.25676000	1.52252996	1.71377993	1.70703006	1.75752008	1.99952996	2.44233012	2.75291991	2.77577996	2.63969994	2.65311003	2.80368018	2.94309020	2.93327999	2.89404011	3.03039026	3.28437018	3.53421021	3.57660055	3.56373024	3.58524036	3.64797020	3.65588975	3.59271026	3.50514030	3.50793028	3.51854992	3.49892974	3.44672990	3.49271989	3.57921004	3.63663006	3.61403990	3.56229019	3.58461046	3.68000984	3.74804997	3.71763015	3.65885973	3.63276029	3.67767000	3.71483994	3.71736002	3.67928982	3.65318990	3.62169003	3.57687020	3.52602005	3.51414037	3.52440023	3.56040001	3.59801984	3.61034966	3.61196995	3.63311982	3.67055988	3.69891000	3.70772982	3.69044995	3.64860010	3.63105011	3.63816023	3.67083025	3.71060967	3.71502042	3.69189024	3.67884040	3.70800018	3.76523972	3.83930993	3.86819983	3.84110975	3.78684020	3.73679996	3.72906041	3.73689008	3.77316022	3.83660984	3.88044000	3.88944006	3.89969993	3.90419984	3.85343981	3.77018976	3.73031974	3.86748004	4.06521034	4.19831991	4.17078018	4.08555031	4.21496964	4.56723022	5.09633970	5.70743990	6.62975979	8.04222012	9.48761940	9.81765079	8.76726055	6.69240046	4.74821997	3.42449999	2.67398977	2.41596007	2.97009015	3.61512017	3.74822998	2.99655008	1.97207999	1.36107004	1.02978003	0.937620044	1.02924001	1.15938008	1.21878004	1.15839005	1.09709990	1.07774997	1.10492992	1.14092994	1.17107987	1.19888997	1.22526002	1.25450993	1.29627001	1.35584998	1.45727992	1.59804010	1.71441007	1.74374998	1.72836006	1.72106993	1.71980989	1.71261001	1.69965017	1.71342003	1.75500011	1.80477011	1.80117011	1.76598001	1.75373995	1.82286012	1.93445992	2.00483990	1.99863005	1.95579004	1.93446004	1.92509997	1.90197003	1.87731004	1.89630008	1.94958007	2.01905990	2.07899976	2.13696003	2.20553994	2.30840993	2.46104980	2.66237998	2.91159034	3.17276978	3.36186028	3.47039962	3.51216006	3.58929038	3.81960011	3.97322965	3.87305975	3.65472007	3.65355015	3.87242985	4.22639990	4.49405956	4.61520004	4.67451000	4.78377056	4.91102982	5.01776981	5.08365011	5.15952063	5.23890018	5.30685043	5.33069992	5.29280996	5.30109024	5.38064957	5.47452021	5.54453993	5.64902973	5.83119011	6.04350042	6.15807056	6.14952040	6.02171993	5.86845016	5.67890978	5.47515011	5.29848003	5.21271038	5.17185020	5.14242029	5.12046003	5.13432026	5.16753006	5.16761971	5.09859037	5.02677011	4.95305967	4.85991001	4.69205999	4.50224972	4.33467007	4.20794964	4.07447958	3.96279001	3.92787027	4.02390003	4.08410978	3.95720983	3.67622995	3.32279992	3.11480975	3.11895013
49.0000000	2.98169994	2.79243016	2.76398993	2.89340997	3.15135002	3.34313989	3.23729992	2.90808010	2.54547000	2.32910991	2.24342990	2.24243999	2.22723007	2.17791009	2.09870982	1.99349999	1.81377017	1.81737006	2.03912997	2.38923001	2.46626997	2.29526997	2.12013006	2.16891003	2.32083011	2.31696010	2.04561019	1.80936003	1.81178999	1.96884000	2.15352011	2.06289005	1.99952996	1.99628997	2.04083991	2.01428986	1.93401003	1.87506008	1.88315988	1.90286994	1.88414991	1.84302008	1.81062007	1.75103998	1.65429008	1.53269994	1.47825003	1.46537995	1.44225001	1.36988986	1.26963007	1.20590997	1.17837000	1.17764997	1.19997001	1.24685991	1.30976999	1.28115010	1.16730011	1.02428997	0.906840026	0.867960036	0.836459994	0.815580010	0.830250025	0.934019983	1.04948997	1.08962989	1.01285994	0.916110039	0.889290035	0.950760067	1.02546000	1.01258993	0.927900016	0.813600063	0.741509974	0.713160038	0.753210068	0.897120059	1.13967001	1.32336009	1.37583005	1.30265999	1.23867011	1.25774992	1.35836995	1.40534997	1.27034998	1.00358999	0.699390054	0.539999962	0.419759989	0.343170017	0.359370023	0.564929962	0.791010022	0.864090085	0.699029982	0.483749956	0.366930008	0.338040024	0.369269997	0.409950018	0.434249967	0.426870048	0.436860025	0.513090014	0.633419991	0.746190012	0.736649930	0.617490053	0.460620046	0.360359967	0.338669986	0.346859992	0.361529976	0.375750065	0.438839972	0.563039958	0.742499948	0.772740066	0.714510024	0.621269941	0.550349951	0.564750016	0.670229971	0.828359962	0.914219856	0.882809997	0.840960026	0.862560034	0.988289893	1.07063997	1.07981992	1.04670000	1.20158982	1.43136001	1.66734004	1.81260002	1.79459989	1.85760009	2.16926980	2.64815974	2.91212988	2.89071012	2.75805020	2.86956000	3.09572983	3.25359011	3.20742011	3.11597991	3.19589996	3.37509012	3.55437016	3.61476016	3.64842033	3.69323993	3.72969007	3.71358037	3.66498017	3.61332011	3.62024999	3.63150024	3.63842988	3.66093016	3.74148011	3.78144026	3.77198958	3.73265982	3.74966979	3.81321001	3.87827992	3.87891006	3.83220005	3.80583048	3.82122016	3.86306977	3.86234999	3.82572007	3.78306031	3.77522993	3.74849987	3.69504023	3.63015008	3.62412024	3.65921998	3.72087026	3.75444007	3.73860002	3.71933985	3.73409986	3.77837992	3.80682039	3.81365991	3.80474997	3.80646038	3.82779026	3.87063003	3.91931987	3.92589045	3.90348029	3.87900066	3.86432981	3.85820985	3.86792994	3.90348029	3.92085028	3.90609002	3.88125038	3.87387013	3.98744988	4.07826042	4.11569977	4.07664013	3.98357987	3.91041017	3.92183995	4.01183987	4.06385994	4.04036999	3.98339987	4.03037977	4.14773989	4.24952984	4.25762987	4.10678959	4.06917048	4.14863968	4.35203981	4.73723984	5.48621988	6.75801039	8.34560966	9.18837070	8.74782085	7.22304010	5.60132980	4.42665005	3.63348031	3.07178998	2.91491985	3.25484991	3.73491025	3.76721978	2.78162980	1.90763998	1.33452010	1.11879003	1.10438991	1.16505003	1.22768998	1.22274005	1.19015992	1.15740001	1.13498998	1.12643993	1.13390994	1.15865993	1.20006001	1.24838996	1.30671000	1.37610006	1.46097004	1.57823992	1.70604002	1.79235005	1.82367003	1.84113002	1.86291003	1.89162004	1.92365992	1.99098015	2.07827997	2.14910984	2.12238002	2.01816010	1.91114986	1.91150999	2.02094984	2.12958002	2.17107010	2.14883995	2.13047981	2.11769986	2.09664011	2.08467007	2.11482000	2.17493987	2.24639988	2.31065965	2.39156985	2.51991010	2.73888016	3.03848982	3.32252979	3.48623991	3.67919993	3.82706976	3.90411019	3.94028997	4.14108038	4.42484999	4.49298000	4.20426035	3.89537978	3.71969962	3.80753994	4.15503025	4.49846983	4.70006990	4.79088020	4.84659004	4.92840004	5.02784967	5.12730026	5.31297016	5.52869940	5.72840977	5.84108973	5.83569002	5.88752985	5.98779011	6.06924057	6.11037016	6.16985989	6.27498007	6.37407017	6.36219025	6.24591017	6.06167984	5.90481043	5.73246002	5.56254005	5.43501043	5.40053988	5.37822008	5.34915018	5.28515959	5.21181011	5.13738012	5.01731968	4.92272997	4.86765003	4.80105019	4.66479063	4.51529980	4.39757967	4.32440996	4.25906944	4.07735968	3.87243032	3.73913980	3.76650000	3.85290003	3.80060983	3.48615003	3.25259972	3.10724998	3.01247978
48.0000000	2.45133018	2.39021993	2.40849018	2.50704002	2.70458984	2.99142003	3.20643020	3.30111003	3.31128025	3.30534005	3.26366973	3.14541006	2.90790033	2.69189978	2.48534989	2.21327972	1.85508001	1.76184011	1.97649002	2.36826015	2.37428999	2.03679013	1.70928001	1.72413015	1.95948005	2.08070993	1.92788994	1.64780986	1.59344995	1.78677011	2.14776015	2.15100002	2.02184987	1.89566994	1.86660004	1.88298011	1.90818012	1.96757984	2.06576991	2.13642001	2.14073992	2.09592009	2.04434991	1.93175995	1.73843992	1.47042000	1.25954998	1.15298998	1.10969996	1.08855009	1.05426013	1.02798009	1.02042007	1.04319000	1.07063997	1.07739007	1.06407011	1.02428997	0.967499971	0.900899947	0.825569868	0.753390014	0.706499994	0.705059946	0.774900019	0.911610007	1.00224006	0.972629964	0.839790046	0.744750023	0.742590010	0.821610034	0.846540093	0.791190088	0.704879999	0.638819993	0.616950035	0.591030002	0.577799976	0.613259971	0.717299998	0.807120025	0.847170055	0.860850036	0.884519935	0.897660017	0.880829990	0.892530024	0.919980049	0.928170025	0.892350018	0.696780026	0.503099978	0.343350023	0.260820001	0.309870034	0.425339997	0.519389927	0.501569986	0.435059994	0.416160047	0.445950061	0.470609993	0.446129978	0.390780002	0.334799975	0.357659996	0.420389980	0.490590036	0.531089962	0.500220001	0.426509976	0.353340000	0.329039961	0.350370020	0.375209987	0.381240010	0.385650009	0.457470000	0.587430000	0.742139995	0.731520057	0.659429967	0.568349957	0.512550056	0.565020025	0.717750013	0.913139939	1.00187993	0.953100026	0.895410001	0.898379982	0.975060105	1.04912996	1.12896001	1.25576985	1.37951994	1.52513993	1.72152007	1.94714987	2.09025025	2.30877018	2.77667999	3.23009992	3.29778004	3.14603996	3.02237988	3.18555021	3.36969018	3.43655992	3.33224988	3.34422016	3.44385004	3.53556013	3.54582024	3.51855016	3.55608010	3.63437986	3.69620991	3.71565008	3.73122001	3.76532960	3.81123018	3.83579969	3.85127997	3.88521004	3.94191027	3.95946002	3.96008992	3.97421980	4.03226995	4.08357000	4.09131002	4.04784012	4.01823044	4.02795029	4.05179977	4.05404997	4.02786016	3.99464965	3.98249984	3.94046974	3.89123988	3.83453989	3.79502988	3.82544994	3.86639977	3.89520001	3.88674021	3.86595011	3.87648010	3.92580032	3.98006964	3.98844028	3.96063018	3.91995001	3.95162988	4.00059032	4.06188011	4.10768986	4.09248018	4.07429981	4.08662987	4.12902021	4.15871954	4.16232014	4.15323019	4.11191988	4.05935955	4.01741982	4.00454998	4.14161968	4.24997997	4.32026958	4.34475040	4.32575989	4.27599001	4.22703028	4.21038008	4.22055006	4.22288990	4.18905020	4.13450956	4.11146975	4.11398935	4.11830997	4.06098032	4.06223965	4.06961966	4.03695011	4.03775978	4.34322023	5.10543013	6.31755066	7.38765001	7.83917999	7.60940981	6.83262014	5.66567993	4.26977968	2.81420994	2.07639003	2.05812001	2.69559002	3.54752970	3.39425969	2.59695005	1.79558992	1.40516996	1.30778992	1.29852009	1.31319010	1.29113996	1.24992001	1.20780003	1.17594004	1.14092994	1.13103020	1.15083003	1.19402993	1.22967005	1.26936007	1.32668996	1.43468988	1.60569012	1.78155005	1.88532007	1.85049021	1.84068012	1.90007997	2.01141024	2.15892005	2.27862000	2.38410020	2.48660994	2.54231977	2.45133018	2.29454994	2.18798995	2.17970991	2.20482016	2.19699001	2.19554996	2.26296020	2.35926008	2.41371012	2.42955017	2.45132995	2.49012017	2.52054000	2.48994017	2.51298022	2.66498995	2.97774005	3.33431983	3.61700940	3.78126001	4.00580978	4.19993973	4.32440948	4.39991999	4.63950014	4.98941994	5.07653999	4.73237991	4.39479065	4.19103050	4.18886995	4.39470005	4.62528038	4.76685047	4.85514021	4.89474010	4.96251011	5.09057999	5.28524971	5.52698994	5.78600979	6.03359985	6.21018076	6.25050020	6.28821039	6.32582998	6.33032990	6.30395985	6.30279016	6.36407995	6.40035009	6.32366943	6.16050005	5.96834993	5.84513998	5.71256971	5.57153988	5.45247030	5.41322994	5.35968018	5.27814007	5.15690947	5.02461004	4.89996004	4.75731039	4.65579033	4.60592985	4.56534004	4.48325968	4.33197021	4.24161005	4.19148016	4.10373020	3.85505986	3.61214995	3.45240021	3.43809009	3.49901986	3.52538991	3.46086001	3.18041992	2.89836001	2.66688037
47.0000000	2.57499003	2.69225979	2.74940991	2.71890020	2.72781014	2.99520016	3.41298008	3.64895988	3.68811011	3.62097001	3.60485983	3.57732010	3.46652985	3.33845973	3.20201993	2.85758996	2.32722020	1.92581987	1.79505002	1.96235991	2.15828991	2.14344001	2.04335999	2.01663017	2.06181002	2.10204005	2.01608992	1.80062985	1.66626012	1.78398001	1.95372021	1.89728999	1.71917987	1.58535016	1.61802006	1.74285007	1.91349006	2.06172013	2.16485977	2.18249989	2.12715006	2.07234001	2.06010008	2.08547997	2.02104020	1.78865993	1.46664000	1.18008006	1.01672995	0.949230075	0.921960056	0.903869987	0.896669984	0.937170029	0.985140026	0.977850020	0.909539998	0.836820006	0.813600063	0.798660040	0.759419978	0.693269968	0.653490007	0.669960022	0.712170064	0.755550027	0.763110042	0.720989943	0.672119975	0.689129949	0.784890056	0.897929966	0.840149939	0.690210044	0.549090028	0.462509990	0.434250027	0.420930028	0.434160054	0.494190037	0.611640036	0.749789953	0.869669974	1.00322998	1.12472999	1.07405996	0.775080025	0.550620019	0.521460056	0.637380004	0.822419941	0.700380027	0.464850008	0.282959968	0.211770013	0.226889998	0.281069994	0.312030017	0.295919985	0.267660022	0.284130007	0.347670048	0.404640019	0.410219997	0.351359993	0.284940004	0.278460026	0.299070001	0.321209997	0.327239990	0.314099967	0.306360006	0.317969978	0.355410010	0.401040047	0.422909975	0.427769959	0.447839975	0.529199958	0.647729933	0.680580020	0.624419987	0.539909959	0.463860005	0.455579996	0.547739983	0.711539984	0.881279945	0.974340081	0.966959894	0.933210075	0.930059969	0.977940023	1.13202000	1.40481007	1.61028004	1.66904998	1.71503985	1.99925995	2.34422994	2.66292024	3.07125020	3.63689995	3.88539004	3.64121962	3.38507986	3.34628987	3.55590034	3.61539006	3.48525000	3.32982016	3.38723993	3.59162998	3.64770007	3.60108018	3.56400013	3.61467004	3.70835996	3.77630997	3.84165001	3.92462993	4.00796986	4.05404997	4.08114004	4.11453009	4.16403008	4.21847963	4.27158022	4.32809973	4.36580992	4.36167002	4.32009029	4.28607035	4.25817013	4.25555944	4.27095032	4.26375008	4.24538994	4.24827003	4.25952005	4.21785021	4.11588001	4.05036020	4.01715040	4.02462006	4.07879925	4.12244987	4.14171028	4.14612007	4.14927006	4.15170002	4.14909029	4.14972019	4.15538979	4.16573954	4.13676023	4.16052008	4.22127008	4.30146027	4.36005020	4.35518980	4.35374975	4.36724997	4.38840008	4.39119053	4.38849020	4.39208984	4.38309002	4.34888983	4.28597975	4.26807022	4.33647013	4.40739012	4.44923973	4.48209000	4.52007008	4.52123976	4.44149971	4.31694031	4.27121973	4.30262995	4.31900978	4.25565004	4.16735983	4.09283972	4.00130987	3.92013001	3.93732023	4.07799006	4.06493998	3.89861965	3.78080988	3.97899008	4.66775990	5.68844938	6.82479000	7.80137968	7.90173054	6.25454950	3.98168993	2.04885006	1.18737006	1.20996010	2.10365987	3.22992015	3.54608989	2.86334991	1.97963989	1.56608999	1.49679005	1.54854012	1.52136004	1.38348007	1.28096998	1.25037003	1.26018012	1.23606002	1.19052005	1.19312990	1.23164999	1.26927006	1.28681993	1.31085002	1.39706993	1.56942010	1.80000019	1.93032002	1.87946987	1.83986998	1.93158007	2.12958002	2.39210987	2.55357003	2.61675000	2.67849016	2.81061029	2.81808019	2.63088012	2.44584012	2.35440016	2.32082987	2.27898002	2.26880980	2.33774996	2.46501017	2.50991988	2.50388980	2.51666975	2.58570004	2.66175008	2.60730004	2.58543015	2.70459008	2.97431993	3.28877997	3.46445990	3.60323977	3.85650039	4.14980984	4.35950994	4.49505043	4.66857004	4.86810017	4.94900990	4.81356001	4.68179941	4.64400005	4.69233036	4.78116035	4.87305021	4.97223043	5.05115986	5.05394983	5.04827976	5.20038033	5.44940996	5.69718027	5.89247990	6.04602003	6.17058086	6.21980953	6.20603991	6.14564991	6.07616997	6.01443005	6.00255013	6.08228970	6.14106035	6.04025984	5.88906002	5.76449966	5.71013975	5.65317011	5.52078009	5.37524986	5.26652956	5.18111992	5.09822989	4.98365974	4.84173012	4.69476032	4.53024006	4.43096972	4.41504002	4.39469957	4.29488993	4.10544014	4.02957010	3.97827005	3.88062000	3.72662997	3.66578984	3.73581004	3.77045989	3.71276975	3.64130998	3.67514968	3.42008996	3.04569006	2.76758981
46.0000000	3.00005984	3.42504001	3.70269012	3.70358992	3.59279990	3.64077020	3.69072032	3.50280023	3.25340986	3.07233024	3.04199982	3.08295012	3.08321977	3.05270982	3.10373998	3.10608006	2.81105995	2.36133003	1.90260029	1.66013992	1.90403998	2.40381002	2.81042981	2.86047029	2.59127975	2.33694005	2.14001989	1.92779994	1.73141992	1.63593018	1.59434998	1.58184004	1.59174001	1.62854993	1.68218994	1.69856989	1.69164002	1.65609014	1.62630010	1.63935006	1.63916981	1.59291005	1.53405011	1.53233993	1.62432003	1.66913998	1.58850002	1.39895999	1.21265996	1.09196997	1.00665009	0.929340005	0.858600020	0.827999949	0.842849970	0.856890082	0.840150058	0.813150048	0.803070068	0.800010085	0.780389965	0.731340051	0.687150002	0.691829979	0.671939969	0.646290004	0.652319968	0.708209991	0.780030012	0.849509954	0.918720007	0.959760010	0.905489981	0.823409975	0.759690046	0.729900002	0.723510027	0.778500080	0.960480034	1.24434006	1.46718001	1.36196995	1.00367999	0.724499941	0.554310024	0.422819972	0.279540002	0.206099987	0.233460009	0.349290013	0.535229981	0.436049968	0.272430003	0.162000000	0.142379999	0.189449996	0.243269995	0.240300015	0.197370008	0.154530019	0.151470020	0.185580000	0.229680017	0.254519999	0.233639985	0.200700015	0.201150000	0.219690010	0.239670008	0.247050002	0.251910031	0.280169994	0.335070014	0.401400030	0.451710016	0.476280004	0.493649989	0.534330010	0.619110048	0.682379961	0.643770039	0.546029925	0.445499986	0.396090001	0.459899962	0.614250064	0.792540014	0.956699967	1.08315003	1.12896001	1.08954000	1.03562999	1.06236017	1.30922997	1.61163008	1.73627996	1.75976992	1.89449990	2.28347993	2.76398993	3.41657972	4.07529020	4.42620039	4.19238043	3.72914958	3.49659014	3.57804012	3.83705997	3.83409023	3.62159967	3.45410967	3.52592969	3.73805976	3.76361990	3.72879004	3.74220014	3.83823013	3.92993999	3.97908020	4.05476952	4.16312981	4.25601006	4.27742958	4.32657003	4.43177986	4.56786013	4.66605043	4.73759985	4.81166983	4.82886028	4.73832035	4.59368944	4.53248978	4.52043009	4.51106977	4.48910999	4.47300005	4.50567007	4.56191969	4.57695007	4.48443031	4.38246012	4.33224010	4.32369041	4.34645987	4.38525009	4.41189003	4.44429016	4.48965025	4.50728989	4.44285011	4.34070015	4.28579950	4.30919981	4.38290930	4.39559984	4.38479996	4.41764975	4.49864960	4.59450006	4.66739941	4.70573950	4.71869993	4.72103977	4.69556999	4.64984989	4.61996984	4.60512018	4.58261967	4.54050016	4.59035969	4.69061995	4.76343012	4.74309063	4.64328003	4.60916996	4.58387995	4.52537966	4.46490002	4.46814013	4.48649979	4.44915009	4.34349012	4.27590036	4.24053001	4.06880999	3.83336973	3.72149992	3.85524035	3.96287990	3.91013980	3.77388024	3.77207994	4.08744001	4.72868967	5.71464014	6.86132956	7.22852945	5.62832975	3.51072001	1.92410994	1.38366008	1.79891992	3.02453995	3.98879981	3.97115993	3.01733994	2.06694007	1.70937002	1.75769997	1.95903003	1.95147002	1.64619005	1.41938996	1.38519001	1.46394014	1.43829000	1.30293000	1.24623001	1.27125001	1.33118999	1.36142981	1.37547004	1.42146003	1.52693999	1.69524002	1.81593001	1.83033013	1.85309994	1.98179996	2.21993995	2.39012980	2.46474004	2.55536985	2.71422005	2.88315010	2.87856030	2.72322011	2.58965993	2.57219982	2.61719990	2.60406017	2.56995010	2.57391000	2.61944985	2.54843998	2.45340014	2.47274995	2.62404013	2.80215025	2.85003018	2.88801003	2.99277020	3.18536997	3.44565010	3.63222003	3.76533055	3.90627027	4.02983999	4.19607019	4.34744978	4.49054956	4.63166952	4.76163006	4.84353018	4.90571976	4.97916031	5.03784037	5.07285023	5.12954998	5.21459961	5.26355982	5.20784998	5.15880013	5.28452969	5.52590990	5.74740028	5.85180044	5.88374996	5.92956018	5.93288994	5.86403990	5.76954079	5.72103024	5.70879030	5.74488020	5.84171963	5.93505001	5.88258028	5.79447031	5.74082994	5.73128939	5.69529009	5.50206041	5.27795982	5.10750055	5.02605009	4.97330999	4.85262060	4.66911030	4.47615004	4.30524015	4.22199011	4.23081017	4.21002007	4.07177973	3.85218000	3.81816006	3.81708002	3.77720976	3.73743010	3.81905985	3.94298983	3.87035990	3.62889004	3.45654011	3.59100032	3.72014976	3.52844977	3.11066985
45.0000000	2.97477007	3.25610971	3.35547018	3.21561027	3.05865002	3.22371006	3.59648991	3.65139031	3.19473004	2.45339990	2.07522011	2.11373997	2.23155022	2.30579996	2.40182996	2.89890003	3.45221996	3.49038005	3.00357008	2.37915015	2.16755986	2.33253002	2.55734992	2.55554986	2.25611997	1.93473005	1.75076997	1.70082009	1.75536001	1.77984011	1.79504991	1.85363996	1.98953998	2.10419989	1.88838017	1.58544004	1.39599001	1.35144007	1.54637992	1.97226000	2.35952997	2.50028992	2.30192995	1.84553993	1.47078001	1.27242017	1.20113993	1.15551007	1.05326998	0.979740024	0.967499971	0.959489942	0.907110035	0.829260051	0.778140008	0.769140065	0.789840102	0.818550050	0.821969926	0.805230021	0.796140075	0.802619874	0.774900019	0.691739976	0.589680076	0.540180027	0.595889926	0.713519990	0.760679960	0.708569944	0.628289998	0.590040088	0.635940015	0.757259965	0.917100012	1.04165995	0.989549875	0.936810017	1.00277996	1.12940991	1.15461004	0.915930033	0.573119998	0.338849992	0.212400019	0.156420007	0.138330013	0.162810013	0.245250016	0.369539976	0.478169978	0.300509989	0.158580005	8.49599987E-02	6.92100078E-02	8.16299990E-02	9.88200009E-02	0.102510005	9.72900018E-02	9.34199989E-02	0.100800000	0.126179993	0.160020009	0.184499994	0.183510005	0.168569997	0.169650003	0.181889981	0.192600012	0.196829990	0.205380023	0.236789986	0.293579996	0.362969995	0.426780015	0.480420023	0.528120041	0.573929965	0.622710049	0.644760013	0.597780049	0.505710006	0.427590013	0.436229974	0.580320001	0.796859980	1.00467014	1.21257007	1.41875994	1.48545003	1.37565005	1.23767996	1.22823000	1.45269012	1.61090994	1.63710010	1.69523978	1.94787014	2.48454022	3.50558996	4.61106014	5.30982018	5.25078011	4.57506037	3.92759991	3.65462995	3.70736980	3.94325995	4.00293016	3.86703014	3.72195005	3.72716999	3.81878972	3.83318973	3.83048964	3.87972021	3.97853994	4.03964996	4.07735968	4.17797995	4.33241987	4.45833015	4.51736975	4.63094997	4.81716061	5.02946997	5.18993998	5.25698996	5.28362989	5.22854996	5.06385040	4.87431002	4.80671978	4.79384947	4.79312992	4.79286003	4.79907036	4.84109974	4.88484001	4.87791014	4.78989077	4.77171040	4.79025030	4.80690002	4.81671000	4.82921982	4.82579994	4.82391024	4.82498980	4.79501963	4.68603039	4.58172035	4.55130005	4.58541012	4.63140011	4.64372969	4.62825012	4.66145992	4.72347021	4.76865005	4.81967974	4.88151073	4.95954037	5.03982019	5.07033014	5.05206013	5.01444006	4.96169996	4.89860964	4.86746979	4.87970972	4.93667984	4.98239994	4.95215988	4.83245993	4.74002934	4.68261003	4.62861013	4.57353067	4.54887009	4.49360991	4.35959959	4.19382000	4.16933966	4.20911980	4.10192966	3.87377977	3.68352008	3.68180990	3.70943975	3.68127036	3.70952988	3.94775963	4.32549000	4.71492004	5.26562977	5.98499966	6.21288013	5.03918982	3.51801038	2.42829013	2.13696003	2.48435998	3.26357985	3.76695013	3.63113999	2.89061999	2.16738009	1.98108006	2.15054989	2.34504008	2.28185987	1.89665997	1.58904016	1.53207004	1.65131998	1.60883999	1.39868999	1.27845001	1.27331996	1.33677006	1.39095008	1.43594992	1.50273001	1.57895994	1.66022992	1.74635994	1.80422997	1.86902988	1.97675991	2.11751986	2.15712023	2.15433025	2.29680014	2.58966017	2.86362004	2.90861988	2.77640986	2.69306993	2.79486012	2.89619970	2.85039020	2.77875018	2.78361011	2.88558006	2.95137024	2.89773011	2.85371995	2.89224029	3.02292013	3.15099049	3.26573992	3.39200974	3.54834008	3.79746032	4.04162979	4.15259981	4.13037014	4.03722000	4.09572029	4.25024986	4.48262978	4.75740004	5.01732016	5.18273973	5.29757977	5.36966991	5.38163996	5.33457041	5.31872988	5.35157967	5.36526012	5.32422018	5.33781004	5.52357006	5.78285980	5.96124029	5.97050953	5.89463997	5.85963058	5.80383062	5.68179083	5.54004002	5.50376987	5.55497980	5.63075972	5.72390985	5.81966972	5.88087034	5.89553976	5.87853003	5.84388018	5.75054979	5.44050026	5.15078974	4.96547985	4.87322950	4.75604963	4.55760002	4.33107042	4.14215994	4.02533960	3.98169017	3.96594024	3.89690971	3.74417973	3.60233998	3.60360050	3.61628962	3.59882975	3.57191992	3.61035013	3.62790012	3.42323995	3.09051013	2.93220019	3.19716024	3.53556013	3.48884988	3.08636999
44.0000000	3.29525995	3.23567963	2.85417008	2.37032986	2.11230016	2.35125017	3.00833988	3.30839992	2.84607005	2.22578979	2.04273009	2.73204017	3.31092024	3.00933027	2.52125978	2.60298014	3.51035953	4.60349989	4.41458988	3.75057006	3.07214975	2.52224994	2.15352011	1.97442007	1.81898999	1.64079010	1.56375003	1.70370007	2.11509013	2.49147010	2.43072009	2.20653009	1.98854995	1.75238979	1.41551995	1.16406000	1.22130001	1.59848976	2.24180984	3.03201032	4.02029991	4.64075994	4.42934990	3.52961993	2.38716006	1.51559997	1.25388002	1.09529996	0.923129976	0.784440100	0.787409961	0.914399981	0.974429965	0.930689991	0.830969989	0.749249995	0.719999969	0.701279998	0.665010035	0.656369984	0.675089955	0.687330008	0.677430034	0.542160034	0.451079994	0.459809989	0.567719996	0.715050042	0.760589957	0.709379971	0.693090022	0.743489981	0.853200078	0.997110009	1.13130009	1.11096013	0.918270051	0.694439948	0.550619960	0.504270017	0.502559960	0.488519967	0.504900038	0.611279964	0.814320087	0.937799931	0.820439994	0.606779993	0.451439947	0.379979998	0.310949981	0.197099999	0.111330003	6.30000010E-02	3.96899991E-02	2.92499959E-02	2.42999997E-02	2.52899993E-02	2.97899991E-02	3.93299982E-02	5.67000024E-02	8.19899887E-02	0.120060004	0.158579990	0.180899993	0.186030000	0.182339996	0.177030012	0.166409999	0.162990004	0.172619998	0.195660025	0.228509977	0.277919978	0.355049998	0.459360033	0.558180034	0.607680023	0.595709980	0.558990002	0.507689953	0.469170004	0.478620023	0.574289978	0.759329915	0.963089943	1.15560007	1.37106013	1.53234005	1.49858999	1.31679010	1.19025004	1.23812985	1.42703986	1.59974992	1.59183002	1.65969002	2.01752996	2.97602987	4.40019035	5.57514048	5.60025024	4.76585960	4.08186007	3.72600007	3.58370996	3.56607032	3.76397991	3.95774984	3.98177981	3.90338993	3.86550021	3.90510035	3.97646952	4.05107975	4.13225985	4.19237995	4.20236969	4.21758032	4.33160973	4.51385975	4.69422007	4.84137011	5.03541040	5.29694986	5.49054003	5.60052013	5.62968063	5.59673977	5.51826000	5.36364031	5.23341036	5.20515013	5.21226025	5.18849993	5.15151024	5.14485073	5.15673018	5.15178013	5.12072992	5.10839987	5.16960001	5.21747971	5.23916960	5.24573994	5.23943996	5.20712996	5.16195011	5.10336018	5.03009987	4.95926952	4.91058016	4.88267946	4.85325003	4.81427956	4.78413010	4.80420017	4.89626980	4.97880030	4.99986029	4.99329042	5.01570034	5.07690001	5.14476013	5.20578003	5.24033976	5.25501013	5.27696991	5.29038000	5.25230980	5.14809036	5.10092974	5.09138966	5.04729033	4.96061993	4.89051008	4.80680990	4.70241070	4.57838917	4.48632002	4.40361023	4.28400040	4.16538000	4.11993027	4.15116024	4.11273003	3.91886997	3.81348014	3.77694011	3.66992998	3.46194005	3.44619036	3.87269998	4.37111998	4.76963997	5.25437975	5.93324947	5.84693956	4.63662004	3.21939015	2.25612020	1.87802994	1.72700989	1.81799996	2.04083991	2.16908979	2.06847000	1.86686981	2.03174996	2.36925006	2.33513975	1.97442007	1.54880989	1.30455005	1.39499998	1.54278004	1.55718005	1.46052003	1.37088001	1.36610985	1.38428998	1.40274012	1.45889997	1.55943000	1.66112995	1.73411989	1.82502007	1.92339015	2.00096989	2.03778005	2.00988007	1.96335006	1.97757006	2.15360999	2.42693973	2.66670012	2.72718000	2.65365005	2.69199014	2.82078004	2.91167974	2.82149982	2.73087001	2.87505007	3.18231010	3.45383978	3.46806002	3.19806027	3.14882994	3.24324012	3.34287000	3.44897985	3.62871003	3.92328000	4.26411009	4.39857006	4.29722977	4.21793985	4.21910954	4.36275005	4.63931990	4.98824930	5.35778999	5.70465040	5.96439028	6.06509972	6.02360964	5.86170006	5.62454939	5.42321968	5.35329008	5.36930943	5.46696043	5.69817019	6.07275009	6.48341990	6.66990042	6.60923958	6.43805981	6.26490021	6.07220984	5.81075954	5.61258030	5.55390024	5.59718990	5.67603016	5.72786999	5.77782059	5.85018015	5.88617992	5.86818075	5.78637028	5.57424021	5.23305035	4.98285007	4.80339003	4.63778973	4.44176960	4.25286007	4.10481024	3.96207023	3.82131004	3.71178007	3.67848015	3.62213993	3.48876023	3.37311006	3.34097981	3.38876987	3.49650002	3.73005009	4.04604006	4.19112015	4.01517010	3.56318998	3.28113008	3.45366025	3.79061985	3.83814001	3.46059012
43.0000000	3.51018000	3.53186989	3.35727000	2.75822997	1.99413002	1.61793005	1.94499016	2.33936977	2.31237030	2.23172998	2.60243988	3.55725026	4.30029011	3.79097986	2.79170990	2.19294000	2.55708003	3.88718987	4.96475983	4.86314964	4.02785969	3.11625004	2.54889035	2.47994971	2.62926006	2.57174993	2.37546015	2.32713008	2.62881017	2.68622971	2.30111980	1.85976017	1.54629004	1.33091986	1.12599003	1.05353999	1.21140003	1.45007992	1.61315989	1.75743008	2.37689996	3.40893006	3.94947004	3.58388996	2.67174006	2.05956006	2.15396976	2.17107010	1.77371979	1.17953992	0.781380057	0.727829993	0.766530037	0.737909973	0.697139919	0.675810039	0.662760019	0.602550030	0.527940035	0.494550020	0.505170047	0.517140031	0.473309934	0.428310037	0.470699996	0.596339941	0.750149965	0.869130015	1.00494003	1.31966996	1.80999005	2.29913998	2.55807018	2.43207026	2.17043996	1.89153004	1.56663013	1.27404010	1.10564995	1.07514000	1.04138994	0.938880026	0.879209995	0.983160079	1.31805003	1.60830009	1.41228008	0.892439961	0.417870045	0.183149993	9.55800042E-02	7.13699982E-02	6.45300150E-02	6.60600066E-02	6.95700049E-02	6.88499957E-02	5.94000034E-02	4.46400046E-02	3.13200019E-02	2.73599979E-02	3.06000002E-02	4.14899960E-02	6.23700023E-02	8.91000032E-02	0.109440006	0.123480007	0.132840008	0.141929984	0.156329989	0.187650010	0.230039999	0.268020004	0.287550002	0.312929988	0.389519989	0.522539973	0.653760016	0.704069972	0.644940019	0.563310027	0.501210034	0.501839995	0.585449934	0.751860023	0.966779888	1.16172004	1.34640002	1.47662997	1.44900000	1.27619994	1.12581003	1.09656000	1.22166002	1.44549000	1.63485014	1.65384007	1.73448026	2.27150989	3.42971992	4.60323048	4.98654032	4.40576982	3.75246000	3.53943014	3.50261998	3.35214019	3.16727996	3.35448003	3.71376014	3.95486999	4.05846024	4.16313028	4.37679005	4.63445997	4.78521013	4.80465031	4.73850012	4.64597988	4.61186981	4.69863033	4.85423994	5.02865982	5.22188997	5.44535971	5.64911985	5.78051996	5.81751013	5.80643988	5.79383993	5.78285980	5.74253988	5.70788956	5.71058989	5.70321035	5.63336992	5.54922009	5.50205994	5.46821976	5.41934967	5.36508036	5.36822987	5.44833040	5.48352003	5.50196981	5.52339029	5.54976034	5.55768013	5.52626991	5.46848965	5.40000010	5.33781052	5.28263998	5.19246006	5.09165955	5.00751019	4.98113918	5.04233980	5.14655972	5.24537992	5.26427937	5.25572968	5.25537014	5.26778984	5.28488970	5.30909967	5.33862019	5.37822008	5.43312025	5.48378992	5.46083975	5.34312010	5.26571989	5.25023985	5.23907995	5.17814970	5.08464003	4.96494007	4.80024004	4.61996984	4.51394987	4.49028015	4.43088007	4.31522989	4.22721004	4.20282030	4.07034063	3.77333999	3.70088983	3.73482013	3.66048002	3.46310997	3.45734978	3.74993992	4.03092003	4.38282013	5.06492996	5.98535967	5.53472996	3.91338015	2.42019010	1.60983002	1.35215986	1.20033002	1.19610000	1.34144998	1.44764984	1.40526009	1.35935998	1.75968015	2.22092986	2.09124017	1.56852007	1.10267997	0.994949996	1.23236990	1.39500010	1.41381001	1.41632998	1.49481010	1.58552992	1.56914985	1.54817998	1.58012998	1.64645994	1.70973003	1.79082012	1.91780996	2.05776024	2.14974022	2.15288997	2.10537004	2.11581016	2.19302988	2.34548998	2.47715998	2.51370001	2.46123004	2.42865038	2.57877016	2.83436990	2.99511003	2.93841004	2.84796000	3.00221992	3.30480027	3.49389005	3.40695000	3.26025009	3.31164002	3.39228010	3.49938035	3.71555972	4.11776972	4.55130005	4.75541973	4.75704002	4.70726967	4.73831987	4.94576979	5.32521009	5.73246002	6.15420008	6.59448051	7.02657032	7.35777044	7.45209074	7.28631020	6.85656023	6.29532003	5.77566004	5.51789999	5.54112005	5.83721972	6.41682005	7.15355968	7.65233946	7.71560955	7.53254890	7.20828009	6.83442068	6.45371914	6.06977987	5.75864983	5.59772968	5.55929995	5.58899975	5.64128971	5.66118002	5.70608997	5.71616936	5.64488983	5.47397995	5.19669008	4.94739056	4.76433039	4.56974983	4.33808994	4.12838984	3.97961998	3.83814025	3.67847991	3.50928020	3.36528015	3.32469034	3.31820989	3.28599024	3.22289991	3.16674018	3.21551991	3.55535984	4.35518980	5.23619986	5.54255962	5.07545948	4.09652996	3.34656000	3.23721004	3.48200989	3.67127991	3.61079979
42.0000000	1.99368000	2.23461008	2.63349009	2.63610005	2.16504002	1.62981009	1.59345007	1.89819002	2.09007001	2.13264012	2.22974992	2.69721007	2.90447998	2.87162995	2.91887975	2.80359030	2.38050008	2.52818990	3.74526024	4.89717007	4.76108980	3.76209021	2.85794997	2.68209004	3.08060980	3.37166977	3.24423003	2.89403987	2.68541980	2.46797991	2.11778998	1.97055006	2.16098976	2.49300027	2.50020003	2.18403006	1.94840980	1.69191003	1.33380008	1.03122008	1.17918003	1.85093999	2.39526010	2.40461993	2.04614997	1.86579001	2.48660994	3.26015997	3.09518981	2.11563015	1.10807991	0.668699980	0.541890025	0.494910032	0.506969988	0.579869986	0.646829903	0.602819979	0.537930012	0.518310010	0.519749999	0.490230024	0.436320037	0.474570006	0.639720023	0.829709947	0.885150015	0.770939946	0.776159942	1.21346986	1.93689013	2.50317025	2.54888988	2.21786976	2.13525009	2.20742989	2.27133012	2.35737014	2.49326992	2.44736981	1.82448006	1.03608000	0.482400000	0.234090015	0.180810004	0.201870024	0.216179997	0.195210010	0.146880016	9.28800032E-02	5.61600029E-02	4.41000015E-02	4.23900001E-02	5.46300039E-02	8.40599984E-02	0.125100002	0.143009976	0.113580003	8.10000077E-02	6.09299988E-02	5.02200015E-02	4.91399989E-02	5.42700030E-02	6.14699982E-02	6.70500025E-02	7.31699988E-02	8.61300007E-02	0.113580011	0.173430011	0.267120004	0.363329977	0.427320004	0.454499990	0.488430023	0.560429990	0.644850016	0.703350008	0.711179972	0.670679986	0.625770092	0.598320127	0.637469947	0.766170025	0.989729941	1.26081002	1.50111008	1.68363023	1.73123991	1.65905988	1.55106008	1.40859008	1.31553006	1.39022994	1.56878996	1.71036017	1.75724983	2.03787017	2.77676988	3.71015978	4.37094021	4.40198994	4.03524017	3.87783003	3.87630010	3.82005000	3.60369039	3.39489031	3.49442983	3.77208018	4.04235029	4.25610018	4.48487997	4.86683989	5.28102016	5.51708984	5.59889984	5.59449005	5.54922056	5.49432039	5.48199034	5.52086973	5.59259939	5.67720032	5.77602005	5.89086056	5.98374033	6.03873062	6.06933022	6.09650993	6.13521051	6.17139006	6.20262003	6.19497061	6.11720991	6.00416946	5.95196962	5.92047024	5.85062981	5.76378012	5.71121979	5.69574022	5.74244976	5.77431011	5.80140018	5.81382036	5.80455017	5.78583050	5.78412008	5.76638937	5.69609976	5.60511017	5.51744986	5.42834949	5.36336994	5.33745003	5.34788990	5.38623047	5.43096018	5.42916012	5.45318985	5.48883009	5.52798033	5.56353045	5.60304022	5.64659977	5.70303011	5.74046993	5.69132996	5.57387972	5.47856998	5.39514017	5.36850023	5.41233063	5.45759964	5.37128973	5.22638988	5.08670998	4.91337013	4.74381018	4.61907005	4.55796003	4.44744015	4.31090975	4.24322987	4.23315001	4.07438993	3.69881988	3.53502011	3.49362016	3.46328998	3.45771003	3.62546992	3.81861043	3.86199021	4.13783979	5.01939011	6.27156019	5.65712929	3.84263968	2.32208991	1.54943991	1.31615996	1.26864004	1.53413987	1.87371016	1.85399997	1.50957012	1.30824006	1.82303989	2.40200996	2.19653988	1.51055992	1.03590000	1.13625002	1.48175991	1.54475999	1.39014006	1.31084991	1.44576001	1.60614002	1.63080001	1.66121995	1.73034000	1.78848016	1.82304013	1.90971005	2.05946994	2.16504002	2.18420982	2.16855025	2.20815015	2.36906981	2.51855993	2.57256007	2.54169011	2.47743011	2.44746017	2.54484010	2.81564999	3.17078972	3.42755985	3.40407014	3.29597998	3.32333970	3.45770979	3.54014993	3.47381997	3.41982031	3.47156978	3.58091998	3.77271008	4.12532997	4.62860966	5.04431963	5.23494005	5.34869957	5.51952076	5.82461977	6.25311041	6.68897963	7.02882004	7.34400034	7.68231010	8.02575016	8.31167984	8.49195004	8.49753094	8.20314026	7.63703966	6.99407959	6.57765055	6.53174925	6.87239933	7.46063995	8.02403927	8.28639030	8.09082031	7.80569935	7.43885946	7.03610992	6.59753990	6.13710022	5.80886936	5.60978985	5.48802042	5.43555069	5.42070007	5.37390041	5.35959005	5.31738043	5.17976999	4.93640995	4.65992975	4.50512981	4.33782005	4.12308025	3.89690971	3.71988010	3.58622956	3.41963983	3.25907993	3.15755987	3.09554982	3.07403994	3.06261015	3.05774999	3.03273010	3.00023985	3.05478001	3.45681024	4.52547026	5.71149015	6.00344992	5.06222963	3.49092007	2.49128985	2.33460021	2.54772019	2.62556982	2.32793999
41.0000000	1.34450996	1.24181998	1.40715003	1.65563989	1.86326993	1.98098993	2.05955982	2.20220995	2.39264989	2.47589993	2.38203001	2.21732974	2.36412001	2.96496010	3.47021985	3.67182016	3.51828003	2.91554999	3.15584993	4.26275969	4.78764009	4.18148994	2.93400002	2.26845002	2.54016018	3.13595986	3.45293999	3.15666008	2.87819982	2.89376974	2.68631983	2.75499010	3.27545977	3.90060043	3.88754988	3.22434020	2.89872026	2.90574002	2.96262002	2.92032003	2.99781013	3.13631988	2.94273019	2.40813017	1.84563005	1.53305984	1.76408982	2.25467992	2.37924004	1.98036015	1.33767009	0.898830056	0.722430050	0.639090061	0.631709993	0.694980025	0.727559984	0.652229965	0.600840032	0.611099958	0.623699963	0.580140054	0.517949998	0.541350007	0.660419941	0.781920016	0.822600007	0.820079982	0.918450058	1.07342994	1.11060011	1.02950990	0.964710116	1.07316005	1.34360993	1.37807989	1.24703991	1.14983988	1.12112999	0.916740000	0.454410017	0.178379998	6.82199970E-02	4.24800031E-02	4.03199978E-02	4.23899963E-02	4.59899977E-02	5.61599992E-02	6.82199970E-02	7.27200061E-02	6.63300008E-02	6.05700053E-02	5.45400046E-02	5.50800040E-02	6.70499951E-02	8.71200040E-02	9.77400094E-02	8.94600004E-02	7.93800056E-02	7.41599947E-02	7.46100023E-02	7.85700008E-02	8.34299996E-02	8.90999958E-02	9.70200077E-02	0.107909992	0.124649994	0.156689987	0.229950011	0.325799972	0.400230050	0.450810015	0.512370050	0.613260031	0.713429928	0.755550027	0.735930026	0.686339974	0.659339964	0.677699924	0.713880002	0.779489994	0.915930033	1.13400006	1.38537002	1.60362005	1.73718011	1.78821003	1.89189017	2.03661013	2.03210998	1.96920013	1.97711992	2.01645017	2.04191995	2.14901996	2.59604979	3.11796021	3.66569996	4.28075981	4.79322004	4.87682962	4.79798985	4.89717007	5.11037970	5.27742004	5.19776964	4.85756969	4.59495020	4.46796036	4.43232012	4.51799965	4.82138968	5.27210999	5.66000986	5.99940014	6.27866936	6.45101976	6.48116922	6.44535017	6.40403986	6.33194971	6.23070002	6.14619017	6.12881994	6.18138027	6.23897982	6.26562023	6.26796007	6.29666948	6.40007973	6.49089003	6.51474047	6.47324991	6.38945961	6.34571981	6.32484007	6.28902006	6.24438000	6.19848013	6.13160992	6.08724022	6.07563019	6.07886934	6.06905985	6.01910925	5.95620060	5.93009996	5.88240051	5.80544996	5.72561979	5.65568924	5.56623030	5.55615091	5.62230015	5.67899990	5.69402981	5.68764019	5.71320009	5.72201967	5.71454954	5.70968962	5.72481012	5.75243998	5.82120037	5.91731977	5.95683002	5.88806963	5.70897007	5.61141014	5.58324003	5.57514000	5.58296967	5.57568026	5.49171019	5.36310005	5.20308018	5.01146984	4.81680012	4.65381002	4.57334995	4.48056030	4.35483027	4.25087976	4.17213011	4.03325987	3.73274994	3.55031967	3.44736004	3.35412002	3.34259987	3.50847006	3.60125995	3.52215028	3.77189970	4.86063004	6.54732037	6.41124010	4.80320978	3.13874984	1.96506000	1.30788004	1.06613994	1.42307997	1.96065009	1.98954010	1.53683996	1.25117993	1.83401990	2.54096985	2.34296989	1.61694002	1.32588005	1.80620992	2.11355996	1.91610003	1.48167002	1.27449012	1.43415010	1.63115990	1.63502991	1.71288002	1.85859001	1.97810996	2.04534006	2.16899991	2.32497001	2.37537003	2.32136989	2.27322006	2.32721996	2.52170968	2.64474010	2.64807010	2.62701011	2.71025991	2.90331006	3.10239005	3.30812979	3.52997994	3.67415977	3.59144974	3.47246981	3.52889967	3.65876985	3.71303988	3.64931989	3.61844993	3.70529985	3.86208010	4.08744001	4.39713001	4.74966049	5.05656004	5.36778021	5.79618025	6.32169056	6.81768036	7.15590048	7.29549026	7.41419983	7.58700037	7.78787994	7.96257019	8.07660007	8.21061039	8.39348984	8.45730114	8.35758018	8.09199047	7.79796028	7.64954996	7.71633005	7.96644020	8.24571037	8.28882027	7.99020004	7.71704960	7.37694025	6.98949003	6.57900000	6.17643023	5.85089970	5.56352997	5.35995007	5.23395014	5.10029984	4.95369005	4.90005016	4.84676933	4.69394970	4.42727995	4.16087961	4.02750015	3.90968990	3.74229002	3.56651998	3.45519018	3.34656000	3.17943001	3.04560018	2.98755026	2.96757007	2.91077971	2.80016994	2.77415967	2.81835008	2.87397003	2.97449994	3.30759001	4.11777020	4.98356962	5.11416006	4.22693968	2.90601015	2.09915996	1.97541010	2.10590982	2.06802011	1.71765006
40.0000000	1.50336003	1.24100995	1.16711998	1.37267995	1.81035006	2.21004009	2.32199955	2.28888011	2.43270016	2.72024989	2.91428995	2.87559009	2.70854998	2.71160984	3.17015982	3.70763993	3.65039968	3.50883007	3.62618995	4.15557003	4.87908030	4.55345964	3.23343015	2.38130999	2.33361006	2.90744996	3.77315950	3.54960012	3.11894989	3.06017995	3.01230001	2.76129007	2.48445010	2.36987996	2.27456999	2.26448989	2.57994008	3.25287008	4.06233025	4.64202023	4.70493031	4.32017946	3.65426993	2.94128990	2.33513975	1.86957014	1.58409011	1.56833994	1.68228006	1.64700007	1.43253005	1.18493998	1.05516005	0.971369982	0.903150022	0.887670100	0.843750000	0.773909986	0.713429987	0.669420004	0.620100021	0.596610010	0.626670003	0.644850016	0.657090008	0.769140124	1.14786005	1.95866990	2.89314008	3.12516022	2.58191991	1.90745997	1.64996994	1.82628000	1.83860981	1.30050004	0.693719983	0.326790005	0.192330003	0.149219990	0.117360003	9.06299949E-02	8.19000080E-02	8.29800069E-02	8.15400034E-02	6.87600076E-02	4.90499996E-02	3.80700007E-02	3.78900021E-02	4.62599993E-02	6.56099990E-02	9.37800035E-02	0.117630005	0.135449991	0.180630013	0.254250020	0.303750008	0.301499993	0.258929998	0.200609997	0.158849999	0.143280014	0.138600022	0.143460006	0.159120008	0.181529999	0.206010014	0.237689987	0.299609989	0.367199957	0.400949985	0.426600039	0.498509943	0.634590030	0.764460027	0.783449948	0.723420024	0.679680049	0.704070091	0.787410021	0.856800020	0.917189956	1.02464986	1.18763995	1.35917985	1.51568997	1.62963009	1.66571999	1.83941996	2.19681001	2.64537024	3.15018010	3.39246011	3.21524978	2.93687963	2.95127988	3.05226016	3.14073014	3.52467012	4.52619028	5.51079035	5.18804979	4.67576981	5.05926037	6.06645012	7.18209028	7.54785061	6.74064016	5.81345940	5.22287989	4.87152004	4.73120975	4.82084942	5.11425018	5.51475000	5.99697018	6.46091986	6.79941034	6.97959042	7.05762053	7.06823921	6.94548082	6.73010921	6.51383972	6.36047983	6.29099989	6.27884960	6.27147007	6.27938986	6.34563017	6.45749998	6.57512999	6.66369009	6.68907022	6.65091038	6.57873011	6.51779985	6.50286007	6.53030968	6.56846952	6.54363012	6.44535017	6.35130024	6.28587008	6.21072006	6.14223051	6.10767078	6.05844021	5.92983007	5.78699970	5.71212006	5.68809032	5.65668011	5.64614964	5.78429985	5.82992935	5.81777954	5.85098982	5.90300989	5.90220022	5.86431026	5.86331987	5.87294960	5.87528992	5.92748928	6.01397991	6.03936052	5.92776012	5.80310965	5.80077028	5.84694004	5.84145021	5.78330994	5.74019909	5.68493986	5.50997972	5.31819010	5.09003973	4.86782980	4.71554995	4.68135023	4.65695953	4.52456999	4.32530975	4.09823990	3.83579969	3.55967975	3.44628024	3.41802025	3.32199001	3.25917006	3.26852989	3.21461964	3.03965998	3.23001027	4.37435961	5.74506044	6.15294027	5.34653997	4.04135990	2.66147995	1.57095015	1.00098002	0.993959963	1.35962999	1.59470987	1.35683990	1.15811992	1.65366006	2.20967984	2.07413983	1.59138012	1.66671002	2.33775020	2.35151982	1.92563975	1.40031004	1.28141999	1.52108991	1.70405996	1.66121995	1.72809005	1.94237995	2.10401988	2.19995999	2.30958009	2.45114970	2.49857998	2.47671008	2.51478028	2.62908006	2.77371001	2.88323998	2.92850995	3.00204015	3.20408988	3.42405009	3.52961969	3.54510021	3.58191013	3.55365014	3.36114001	3.27924013	3.37715983	3.53807974	3.64896011	3.67937994	3.74022007	3.97259974	4.27823973	4.57875013	4.86063004	5.12621975	5.37228012	5.73020983	6.29180956	6.92631006	7.43561983	7.70121050	7.75557041	7.75700998	7.79400015	7.77168083	7.65764904	7.54532909	7.55783939	7.69859982	7.83737993	7.94618988	7.99812078	7.94394064	7.85061026	7.80768013	7.89911938	8.04194927	8.00522995	7.69482040	7.30736971	6.90750027	6.52653027	6.23861980	5.96529007	5.64669037	5.35086012	5.13458967	4.98510027	4.83335972	4.69026041	4.54302025	4.37804985	4.19012976	3.98186970	3.79466963	3.66992998	3.55725002	3.45051003	3.33702016	3.25881028	3.17583013	3.05712008	2.92337990	2.82752991	2.75481009	2.66723990	2.58695984	2.57912993	2.67633009	2.75183988	2.84067011	2.99978995	3.38202000	3.92354989	4.20534039	3.75732017	2.83680034	2.16297007	1.95912004	1.95426011	1.88999999	1.76193011
39.0000000	1.73628008	1.60145998	1.79397011	2.03399992	2.20491004	2.27898002	2.26845026	2.21949005	2.23946977	2.50056005	2.97152996	3.33522010	3.26438975	2.95209002	2.66031027	2.63844013	3.00555015	3.34790993	3.55671000	3.91904998	4.44600010	4.30056000	3.59711957	3.16044021	3.17844009	3.44240999	4.09356022	3.88809013	3.23172021	2.90592003	2.69244003	2.20464015	1.65366006	1.43693995	1.56753004	1.92249012	2.41434002	2.92274976	3.29661012	3.39030027	3.23171997	3.05523038	2.98448992	3.01103997	2.95830011	2.68488002	2.32613993	2.23578000	2.37366009	2.24324989	1.78371012	1.23201001	0.887940049	0.772019982	0.755550027	0.859319985	1.03338003	1.15055990	1.08945000	0.821430027	0.532619953	0.521010041	0.722159982	0.884429991	0.882809997	0.985050023	1.61478007	3.03165007	4.47776985	4.66443014	3.88800025	3.24189043	3.20957994	3.42738032	3.19463992	2.04723001	0.828720093	0.278640032	0.162359998	0.181800023	0.229949996	0.230309993	0.192240015	0.149220005	0.104759999	6.72300085E-02	5.01299985E-02	6.27299994E-02	9.42300037E-02	0.135090008	0.181799993	0.219240010	0.233190000	0.263339996	0.389609993	0.631709993	0.857610047	0.970200062	0.939240038	0.795690000	0.632880032	0.510119915	0.401399940	0.301949978	0.245969996	0.237510011	0.259829998	0.305550009	0.376019955	0.430649996	0.447750002	0.472410053	0.553950012	0.687329948	0.764819980	0.729629993	0.694080055	0.738179982	0.841499984	0.940769911	1.00080013	1.06758010	1.17593992	1.31156993	1.41218984	1.49400008	1.58679008	1.63727999	1.80962992	2.26727986	3.04046988	4.03488016	4.64751005	4.41261005	3.83976007	3.50441980	3.31937981	3.43853974	4.22487020	5.50557041	5.83271980	4.44563961	3.64230013	4.17293978	5.67440987	7.48125029	8.36171913	7.77735043	6.94412994	6.35804987	5.86629057	5.46534014	5.29263067	5.39784002	5.66793013	6.01722002	6.41591978	6.77367020	7.04583025	7.24877977	7.35893965	7.28289032	7.05447006	6.80139017	6.61977005	6.49404001	6.38712025	6.35255957	6.34580994	6.38261986	6.43689013	6.50124025	6.58205938	6.67295980	6.71615982	6.66080952	6.58358955	6.57152987	6.64208984	6.73874998	6.73172998	6.58979988	6.48188972	6.38136005	6.25734043	6.15230989	6.10703945	6.07599020	5.97221994	5.83298969	5.77286959	5.76845980	5.74532986	5.78835011	5.95961952	6.04736948	6.00876045	5.92262983	5.87528992	5.86026001	5.85818958	5.91380978	5.98616982	6.04889965	6.14672995	6.23447990	6.18677950	5.99445009	5.86377048	5.88888025	6.00588036	6.05159998	5.99283028	5.93172026	5.82849026	5.64155960	5.41934967	5.19075060	5.00049019	4.87404013	4.80572987	4.75973988	4.55876970	4.28670025	4.01418018	3.72095990	3.44645977	3.32846999	3.31137013	3.23225999	3.11615992	3.01770020	2.89503002	2.73275995	2.86668015	3.64535999	4.58073044	4.92650986	4.68287992	4.43204975	4.01877022	2.70053983	1.62899995	1.18367994	1.27647007	1.48140013	1.39797008	1.26566994	1.53350997	1.82637012	1.72665000	1.59408009	2.02599001	2.50451994	2.14119005	1.64943004	1.24461007	1.27079988	1.59201002	1.77398992	1.72269011	1.81889999	2.07504010	2.28294015	2.39570975	2.46770978	2.51865005	2.54898024	2.66895008	2.86290002	3.01005006	3.10598993	3.24134994	3.42207026	3.59063983	3.68657994	3.70025992	3.66318011	3.67416000	3.74103022	3.69288015	3.54105020	3.45060015	3.46310973	3.56318998	3.70674014	3.82041001	4.01210976	4.39901972	4.86603022	5.30460024	5.68341064	5.98085976	6.17481041	6.36029959	6.68466043	7.15976954	7.69031906	8.09189987	8.22807026	8.24147987	8.11907959	7.91828966	7.73757076	7.61642981	7.57719040	7.56324005	7.52264977	7.52525997	7.56675005	7.58043003	7.55162954	7.49187088	7.43373013	7.38513041	7.24455023	6.96113968	6.58890057	6.23646021	5.94926977	5.68592978	5.45301056	5.22666073	5.02199984	4.86827993	4.74696016	4.63211966	4.46184015	4.23530960	4.02975035	3.84921002	3.67749047	3.53033996	3.40775990	3.29778051	3.22398019	3.16214967	3.11004019	3.03372002	2.92824006	2.79080987	2.62196994	2.49237013	2.45150995	2.48157001	2.53205991	2.51127005	2.48067021	2.52485991	2.56869006	2.71169972	3.02517009	3.37265968	3.31992006	2.76723003	2.26133990	1.98062992	1.79694009	1.73969996	1.80225003
38.0000000	1.42974007	1.80270016	2.48706007	2.78747964	2.73321009	2.74302006	2.92778993	3.00888014	2.84004021	2.60072994	2.57535005	2.85444021	3.19832969	3.34035015	2.99888968	2.70890999	3.02678990	3.31397986	3.38427019	3.34079981	3.54357004	3.82329011	3.64905000	3.53474975	3.67073965	3.72465014	3.89267993	3.87458968	3.70395041	3.55338001	3.25718975	2.62044024	2.24424005	2.40381002	2.70405006	2.89206004	3.15908980	3.49055982	3.58577967	3.26087999	2.79846001	2.71449018	3.18338990	3.91959000	4.14359999	3.47652006	2.71602011	2.68748975	3.14810991	3.18518996	2.70881987	2.00519991	1.33137012	0.890280068	0.784440041	1.03608012	1.53971994	1.99502993	1.98891008	1.39581001	0.756719947	0.624419987	0.895590067	1.19681990	1.16109002	1.07756996	1.22183979	1.43423986	1.45746005	1.38735008	1.55151010	2.06684995	2.57480979	2.45835018	2.31245995	2.02581000	1.15740001	0.693719983	0.446760029	0.317790002	0.256319970	0.192690015	0.124560013	8.07299986E-02	7.02899992E-02	8.92800018E-02	0.155430004	0.291150033	0.458730042	0.561869979	0.599309981	0.535049975	0.352530003	0.218070015	0.205290005	0.309329987	0.475199997	0.657539964	0.844740033	0.999990046	1.08351004	1.09466994	0.987659991	0.724949956	0.473399997	0.369360000	0.396809995	0.495990008	0.612179935	0.644850016	0.606870055	0.609390020	0.717390120	0.855450034	0.862379968	0.749610126	0.723870099	0.853740036	1.03329003	1.12535989	1.15767002	1.24758005	1.41569996	1.59875989	1.65446997	1.63845003	1.67102993	1.75328994	1.94498992	2.43684006	3.17654991	4.06188011	4.76918983	4.80869961	4.41251993	4.14432001	4.31936979	5.07114029	6.24086952	6.51744032	4.98690033	3.39200974	3.11634016	4.04919004	5.79266977	7.63578033	8.50149059	8.34038925	7.97336960	7.58159971	6.95672989	6.38981962	6.13035059	6.09885025	6.15879011	6.29559040	6.52725029	6.79860020	7.04744959	7.23285007	7.31169033	7.24634981	7.09380054	6.96717024	6.90569925	6.78635931	6.60167980	6.48639059	6.41879988	6.40953016	6.43202972	6.46713018	6.51959991	6.59016037	6.64713001	6.65847015	6.62552977	6.59582949	6.63182926	6.68376017	6.61662006	6.52572012	6.47711992	6.41438961	6.31268978	6.19685984	6.09948015	6.02856064	5.96943045	5.92056084	5.90283060	5.90931034	5.89806032	5.95538998	6.06591034	6.17363930	6.13340950	5.97996044	5.88239956	5.83928967	5.81840992	5.84307051	5.93414927	6.05924988	6.19479036	6.27425957	6.23636961	6.11379051	5.98913956	5.99301004	6.12269974	6.18543005	6.12701988	6.03918076	5.89347029	5.69286013	5.48838043	5.31837034	5.16878986	5.03613043	4.91355038	4.74983931	4.45968008	4.15854025	3.92291999	3.71925020	3.46373987	3.31667995	3.22919965	3.07269001	2.90241027	2.78414989	2.65176034	2.47733998	2.48535037	2.93886018	3.62141991	3.87009001	3.73995018	4.08150053	4.63364983	3.69792008	2.31695986	1.55222988	1.39040995	1.48203003	1.49111998	1.42056012	1.36971009	1.32083988	1.28151000	1.56518996	2.34972024	2.68038011	1.99071002	1.54305005	1.20249009	1.23362994	1.51902008	1.68849003	1.77110982	1.94940007	2.21121001	2.43089986	2.57138991	2.67066026	2.74076986	2.84634018	3.08312988	3.34142971	3.42198014	3.42612004	3.61116004	3.88890028	4.04936981	4.03955984	3.94983006	3.88260031	3.88386011	3.92049003	3.93228006	3.89078999	3.78575969	3.71132994	3.77171993	3.94947028	4.23810005	4.73301029	5.26688957	5.71940994	6.12783003	6.52986002	6.88347006	7.07849979	7.09938002	7.10297966	7.28081989	7.63613987	7.93314028	8.05959034	8.09352016	7.91522980	7.73388004	7.63596010	7.54362011	7.44704962	7.32446909	7.19585991	7.10208035	7.03349972	6.99642086	6.98543978	6.89472008	6.74630976	6.59718037	6.41906977	6.16391993	5.88033009	5.62220955	5.39334059	5.17779016	5.02469969	4.94306993	4.88772011	4.77801037	4.61114979	4.44150019	4.24079943	3.97736979	3.79251003	3.63159013	3.41306996	3.25475979	3.13442993	3.03480029	2.97440982	2.96234989	2.93903995	2.85552049	2.74428010	2.62431002	2.47040987	2.33118010	2.33270979	2.41217971	2.44359016	2.26484990	2.12930989	2.15765977	2.21876979	2.26187992	2.39363980	2.58165002	2.72043014	2.65922999	2.48048997	2.26062012	1.94139004	1.71467996	1.52307010
37.0000000	1.25730014	1.93383002	2.76362991	3.01157999	3.02148032	3.30759001	3.81563997	4.04054976	3.75443983	3.17762971	2.65086007	2.43134999	2.51135993	2.83041000	2.63897991	2.52233982	3.00249004	3.34458041	3.51819015	3.41162992	3.36807013	3.50253010	3.48939013	3.25071001	3.06099033	3.04226995	3.25314021	3.71142006	4.19714975	4.67864990	4.17087030	3.70907974	3.74003983	4.20290995	4.30731010	3.70412970	3.10841990	2.94875979	3.01409960	2.91654038	2.70638990	2.80367994	3.39012003	4.16231966	4.47011995	3.87162018	2.83221006	2.26430988	2.41452003	2.78136015	3.14810991	3.39803982	3.04379988	2.24603987	1.64987993	1.55817008	1.85877001	2.32001996	2.58138013	2.23532987	1.50570011	1.11294007	1.15821004	1.28024995	1.22634006	1.18269002	1.18925989	1.06119001	0.878130019	1.00493991	1.71827996	2.83670998	3.48767996	2.87594986	1.96884000	1.57167006	1.71882010	1.63187993	1.22633994	0.701010048	0.353160024	0.209160015	0.183779985	0.222210020	0.308430016	0.424349993	0.563490033	0.730259955	0.855359972	0.838800013	0.771030068	0.672300041	0.473759979	0.266849995	0.137430012	7.92899951E-02	6.79499954E-02	9.80100036E-02	0.186030015	0.345780015	0.591390014	0.919890046	1.17809999	1.12103999	0.867960095	0.735840023	0.788580000	0.913950086	0.985050023	0.905310035	0.764280021	0.722880006	0.846539974	1.00070989	0.974609911	0.826649964	0.800009966	0.946439922	1.15685999	1.29375005	1.35035992	1.45034981	1.64015996	1.92761993	2.06027985	2.01636004	1.93220985	1.92581999	2.04092979	2.35782027	2.83580995	3.43520999	4.26861000	4.91633940	5.17301989	5.39351988	6.07328987	6.93027020	7.02414036	5.31593990	3.41306996	2.72195983	3.29651999	4.78583956	6.69257975	8.17829895	8.67258072	8.64171028	8.61794949	8.34264088	7.63002062	7.09893036	6.86817026	6.70275021	6.55361938	6.55190992	6.71363926	6.89517021	7.01388025	7.07778025	7.09046984	7.06220961	7.05222034	7.07930946	7.07652044	6.93720007	6.72687006	6.60087013	6.53822994	6.51797962	6.54605961	6.57143974	6.56702995	6.55416012	6.54344988	6.53138971	6.50736046	6.47909975	6.48908997	6.51834011	6.55047035	6.55244970	6.48765039	6.39153004	6.27930021	6.16491079	6.04979944	5.97455978	5.95817947	5.96501923	5.97707987	6.00489044	6.04475975	6.08355045	6.06888008	6.03423023	6.01092005	5.94999027	5.86071062	5.78394032	5.75450993	5.79473972	5.92091894	6.09003019	6.20630932	6.21980953	6.20621967	6.17624998	6.17183971	6.21764994	6.29460049	6.32061052	6.27605963	6.20604038	6.06518984	5.87601042	5.65901995	5.45346022	5.29055977	5.14376974	4.98050976	4.74336004	4.36022997	3.99591017	3.72510004	3.55985999	3.40514994	3.25629020	3.15675020	2.99555993	2.75786996	2.59740019	2.47509003	2.26647019	2.10113978	2.28024006	2.80403996	3.16160989	3.05568004	3.06738019	3.40488029	3.01598978	2.05920005	1.36322999	1.04031003	1.09431005	1.37528992	1.51110005	1.30382991	0.985500038	0.905939996	1.30104005	2.04903007	2.30138993	1.69938016	1.41696000	1.26072013	1.22706008	1.37348998	1.57473004	1.77453005	2.01455998	2.27412009	2.48742008	2.67659974	2.90024996	3.15710974	3.42180014	3.67694998	3.84443974	3.88034964	3.96099019	4.15197039	4.31064034	4.38111019	4.42350006	4.38858032	4.22351980	4.01517010	3.92679000	3.95289016	3.93165016	3.83714986	3.82401013	4.01931000	4.33295965	5.19120026	6.21252012	6.84917974	7.00469971	7.03629017	7.20854950	7.47801065	7.62678003	7.54127932	7.36946964	7.33400965	7.42679977	7.46189976	7.43049049	7.38620996	7.25211048	7.12692022	7.01684904	6.89517021	6.77529001	6.68907022	6.62328053	6.52689028	6.42023945	6.35958052	6.31205988	6.21395969	6.09921026	5.97429037	5.82470989	5.51808023	5.26527023	5.07492018	4.90850973	4.78431034	4.71617985	4.69376993	4.67540979	4.58477974	4.39721966	4.17699003	3.94946980	3.70925999	3.53034019	3.34053016	3.06756020	2.93049026	2.83770013	2.75886035	2.72286010	2.72799015	2.70324016	2.62673998	2.51837993	2.40245986	2.30165982	2.23685980	2.21219993	2.17484975	2.06315994	1.93985999	1.86660004	1.84661996	1.84572005	1.86110997	1.95813000	2.22291017	2.54384995	2.62637997	2.48328042	2.17737007	1.77066016	1.39716005	1.18710005
36.0000000	1.74347997	2.29797006	2.60748005	2.42315984	2.29058981	2.50766969	2.98422027	3.29940009	3.22307992	2.85642028	2.43044996	2.20112991	2.07359982	2.13920999	2.25278974	2.25009012	2.43477011	2.92742968	3.40749002	3.42998981	3.31974006	3.25278020	3.05325007	2.74815011	2.61063027	2.68911004	2.87846994	3.25872016	3.84669042	4.29371977	3.49028969	3.34350014	3.70737004	4.02569962	3.83463025	3.29345989	2.91095996	2.62934995	2.43971992	2.22389984	2.02707005	2.06585979	2.32055998	2.59587026	2.90196013	3.33305979	3.52692008	2.90538001	2.16899991	1.90196991	2.21318984	2.87073016	3.08160019	2.57166004	1.89036012	1.43640006	1.24758017	1.37781012	1.81331992	2.16233993	1.92131996	1.46052003	1.31840980	1.36053002	1.44836986	1.76265001	2.28159022	2.55267024	2.52126002	2.85255003	4.08284998	5.64767933	5.95151949	4.73462963	3.57192016	2.89683032	2.42549992	2.01077986	1.67165995	1.21382999	0.860760033	0.686879992	0.623610020	0.626399934	0.683550000	0.748079956	0.738900006	0.633599997	0.466199964	0.341639996	0.334350020	0.451260000	0.550800025	0.492570013	0.400680006	0.341729969	0.291510016	0.256590009	0.272610009	0.348299980	0.472950041	0.661139965	0.919169962	1.15253997	1.23290992	1.26260996	1.31246984	1.28726995	1.17045009	0.988109946	0.827009976	0.793619990	0.900629997	1.02410996	1.00619984	0.903059900	0.908460021	1.07046008	1.30400980	1.51380002	1.68102002	1.86993015	2.07423019	2.33730006	2.54223013	2.54330993	2.35556984	2.19969010	2.18961000	2.25459027	2.40120006	2.79954028	3.68964028	4.62123013	5.03127003	5.12928009	5.44967985	5.50035000	4.90455008	3.56381989	2.72358012	2.82123017	3.92067027	5.71832991	7.34598064	8.08226967	8.16516018	8.26587009	8.41670990	8.19558048	7.64910030	7.31735945	7.11342049	6.82272053	6.62688017	6.64182043	6.75647974	6.80913019	6.80706024	6.82002020	6.85269022	6.90246010	6.96761942	7.00398016	6.96618032	6.85466957	6.74406004	6.65199041	6.58890009	6.55388975	6.55956078	6.54993010	6.47865009	6.37829971	6.29604006	6.24006033	6.20360994	6.18507004	6.19146013	6.25680017	6.37335014	6.40422058	6.31656027	6.19182014	6.07644033	5.97276020	5.86997986	5.81454039	5.82003021	5.83802986	5.85782957	5.92506027	6.01767015	6.04530048	5.96294975	5.83451939	5.76864004	5.76953983	5.70231009	5.63310003	5.66892004	5.80193949	5.96060991	6.12071943	6.22737026	6.25221014	6.26085091	6.28137016	6.29568052	6.31871986	6.32960987	6.39513063	6.44885969	6.37244940	6.19622993	6.00344992	5.77413034	5.55417013	5.36913013	5.14431000	4.87691975	4.56417036	4.18742990	3.84498024	3.60207009	3.46373987	3.32873988	3.23099995	3.13317013	2.95982981	2.67138004	2.43971992	2.32065010	2.16099024	1.90809011	1.79487002	2.01141000	2.36690998	2.53431010	2.42198992	2.40236998	2.18124008	1.63566005	1.08818996	0.759779990	0.841230035	1.38438010	1.91007006	1.81413007	1.30086005	1.02339005	1.17558002	1.47708011	1.48193991	1.23651004	1.19510996	1.18529999	1.15191007	1.26692998	1.51848006	1.78290021	2.05371022	2.35961962	2.65427995	2.93769002	3.29319000	3.74193001	4.08959961	4.18113041	4.19841003	4.28741980	4.52250004	4.69376993	4.71014977	4.71203995	4.77612019	4.70456934	4.39614010	4.06692028	3.89852977	3.82742977	3.79061985	3.83309984	4.03028965	4.47668982	5.17275000	6.64452028	7.79283047	8.18622017	7.95177031	7.59150028	7.44515991	7.46892023	7.46045923	7.32573032	7.15760994	7.06338024	7.00047016	6.84926987	6.69456005	6.61085987	6.46299124	6.35102987	6.22512007	6.11748028	6.05960989	6.05087996	6.04583979	5.99516964	5.91380978	5.85476971	5.79051018	5.69475031	5.58917999	5.50664949	5.33276987	5.01876020	4.81832981	4.67991018	4.57983017	4.46040010	4.36445999	4.31550026	4.26231003	4.14989948	3.97385979	3.75651002	3.53285980	3.31695008	3.14369988	2.95109987	2.74707007	2.68065000	2.65509009	2.59928989	2.54898024	2.50758028	2.46105003	2.40164995	2.30895019	2.19636011	2.13291001	2.10653996	2.04273009	1.91780996	1.77893996	1.73627996	1.67004001	1.56167984	1.51326001	1.61622000	1.91663969	2.40101981	2.71664977	2.52152991	2.06235027	1.55699992	1.22301006	1.13913000	1.25540996
35.0000000	2.32578015	2.26556993	1.98188996	1.61712003	1.31139004	1.14939010	1.16802001	1.32093000	1.52721012	1.68534005	1.76156998	1.89323997	2.06685019	2.20527005	2.24684978	2.28555012	2.45798993	2.75841022	2.92130971	2.75004005	2.61351013	2.63672996	2.60127020	2.49371982	2.52081013	2.67408013	2.69810987	2.65202999	2.75480986	2.80836010	2.39120984	2.11365008	2.34153008	2.69388008	2.96837974	3.55905008	4.04000998	3.30714011	2.14902020	1.31903994	0.964980006	1.03184998	1.24029005	1.35756004	1.63755000	2.70387006	4.18509007	4.29767990	3.08925009	2.04578996	1.58283007	1.41093016	1.26423001	1.10123992	0.974340022	0.862380028	0.745829940	0.790829957	1.15307999	1.60578012	1.58363974	1.26368999	1.36520994	1.85075998	2.28339005	2.59677005	2.95991993	3.20444989	3.28005004	3.62682009	4.43888998	5.09202003	4.85000992	4.37795973	4.65183067	5.10965919	3.90779996	2.16774011	1.33929014	1.07154000	0.984689951	0.939240038	0.828809977	0.655559957	0.499229938	0.391409993	0.313470036	0.257220000	0.232830003	0.249209985	0.301770002	0.378449976	0.447030008	0.482490003	0.569969952	0.727739930	0.841320038	0.855450034	0.838800013	0.817290068	0.772199988	0.777510047	0.943830013	1.28330994	1.60649991	1.70397007	1.71107996	1.54359007	1.31157017	1.10358000	0.973800004	0.954720020	1.02447009	1.09547997	1.08458996	1.05237007	1.12419009	1.31373000	1.55214012	1.79478002	2.15882993	2.58524966	2.83329034	2.95487976	3.00987005	2.96351981	2.77532983	2.61432004	2.55978012	2.49776983	2.45447993	2.69532013	3.33540010	3.82247996	3.75003004	3.43151975	3.39452982	3.62367010	3.66111040	3.27419996	2.98305011	3.45384026	4.81689024	6.31376982	7.11630011	7.22205067	7.25202036	7.49160004	7.62714005	7.42985916	7.15140009	7.01118040	6.82100964	6.57098961	6.48476982	6.53526020	6.56271029	6.51680994	6.48432016	6.51159000	6.56018972	6.60582066	6.62165976	6.60275984	6.57449913	6.53615999	6.47396946	6.40557003	6.34140015	6.29478025	6.26282978	6.18939018	6.07068014	5.97005987	5.89310980	5.81472015	5.77115965	5.79167938	5.81246996	5.85522032	5.90840960	5.88608980	5.83047056	5.76818991	5.69618988	5.61545992	5.55354023	5.54742002	5.57217026	5.58341932	5.60376024	5.68844938	5.78141975	5.79321051	5.74623013	5.64245987	5.58747005	5.60348988	5.56128025	5.55516005	5.69394016	5.89743042	6.01253986	6.07049990	6.13511944	6.20784044	6.29639959	6.37181950	6.35345984	6.30477047	6.31431055	6.44391060	6.53526020	6.43653011	6.22970963	6.05384970	5.85935974	5.66774940	5.44032001	5.11659002	4.74903011	4.38992977	4.03830004	3.76254058	3.59451008	3.50739026	3.40056014	3.23576999	3.06512976	2.84525990	2.53016996	2.24217010	2.10096002	2.01897001	1.82879984	1.58517003	1.49111998	1.64987993	1.98765004	2.29653001	2.36564994	2.25774002	1.94687986	1.43316019	0.962820113	0.870660007	1.38311994	2.13687015	2.32569003	1.85886002	1.46754003	1.43837988	1.42568994	1.21104014	1.01295006	1.02897000	1.03499997	1.03941000	1.21967995	1.52892005	1.78632009	2.07809997	2.52494979	3.01193976	3.41216993	3.82850981	4.31361008	4.59926987	4.57200003	4.59287977	4.74164963	4.96404028	5.05385971	4.98437929	4.93047047	4.91183996	4.76190042	4.40757036	4.01940012	3.76200008	3.67389011	3.77594972	4.06502962	4.55715036	5.25752974	6.36066008	7.70264959	8.25543022	8.15876961	7.82244015	7.48422050	7.22511005	7.03935051	6.89030933	6.73398018	6.57198048	6.43401051	6.32430077	6.16490984	6.03188992	5.90903950	5.76162004	5.60070038	5.47820997	5.46146917	5.51141930	5.54130030	5.53499985	5.49953985	5.44437027	5.41835976	5.39280033	5.31017971	5.17608023	5.06304026	4.83723021	4.55426979	4.43564987	4.34376001	4.24053001	4.11048031	4.00014019	3.91220999	3.82788014	3.70457983	3.53196049	3.32199025	3.09599996	2.91600013	2.82204008	2.71232986	2.62539005	2.57381988	2.52270007	2.44674015	2.38067985	2.31506991	2.26899004	2.24271011	2.19266987	2.08071017	1.96118987	1.88514006	1.85751009	1.80782998	1.73177993	1.66113007	1.53783000	1.46943009	1.55888999	1.76958001	2.00843978	2.31389999	2.54996991	2.41550994	1.99953020	1.62873018	1.49471998	1.64096999	1.96326017
34.0000000	1.87200010	1.44954002	1.25379014	1.17782998	0.984239995	0.719910026	0.555930018	0.554849982	0.672029972	0.840959966	1.08207011	1.50003004	1.95588005	2.23074007	2.31974983	2.43279004	2.69495988	2.77829981	2.50056005	2.09915996	2.03985000	2.26799989	2.35782003	2.21057987	2.11409998	2.15505004	2.10870004	1.94912994	1.89792001	1.94742000	1.89099002	1.98962998	2.19545984	2.51136017	3.30867004	4.43150949	4.49640036	3.00492001	1.51199996	0.776879966	0.647280037	0.874260008	1.11212993	1.11572993	1.14542997	1.84940994	3.42612004	4.28840971	3.88556957	3.05666995	2.25468016	1.53450012	0.932670057	0.639630020	0.705420017	0.930870056	1.01304007	1.00610995	1.29113996	1.77291000	1.62143993	1.14803994	1.36187994	2.27043009	3.05955005	3.00716996	2.48481011	2.08026004	2.03472018	2.28996015	2.44169998	2.21183991	2.08700991	2.77208996	4.40982008	5.84676027	5.48558998	3.69630003	1.90539002	0.943109989	0.561240017	0.458819985	0.392219961	0.285030007	0.195480004	0.177389994	0.227880001	0.294479996	0.329579979	0.351359993	0.389609993	0.392490000	0.343349993	0.333719999	0.474299997	0.751319945	0.995580018	1.09710014	1.12175989	1.08809996	0.953279972	0.873090029	1.07972991	1.58481014	2.15108991	2.04128981	2.01482987	1.99493980	1.76084995	1.43802011	1.20285010	1.12977004	1.19321990	1.30256987	1.36404014	1.39680004	1.49147999	1.67057991	1.89206994	2.17899013	2.66967010	3.44393969	3.82131004	3.75696015	3.46787977	3.22469974	3.06719995	2.97692990	2.93130040	2.90376019	2.91437984	3.03021002	3.22704005	3.29787016	3.28734016	3.20732999	3.13109970	3.28967977	3.41532016	3.40308022	3.63320994	4.47381020	5.59638023	6.26265001	6.32844019	6.28101015	6.41862059	6.55155039	6.46110010	6.27461958	6.22980022	6.25275040	6.18183041	6.08030987	6.08705997	6.10902023	6.05610037	5.99048996	5.99337053	6.02072954	5.99840975	5.94918013	5.92586994	5.92074013	5.91327000	5.89851046	5.87565041	5.83505964	5.79932976	5.76513004	5.71140003	5.62122011	5.52698946	5.46020937	5.40351057	5.33664036	5.32728052	5.39280033	5.42942953	5.40063000	5.34312010	5.25924015	5.22035980	5.22161961	5.21837950	5.21829033	5.25230980	5.30676031	5.33132982	5.33556032	5.37732029	5.46965981	5.53778982	5.54220009	5.52537012	5.45832014	5.43816042	5.45940018	5.49729013	5.58900023	5.78484011	5.97906017	6.03864002	6.00371981	6.00570059	6.08678961	6.21351004	6.32150984	6.32394028	6.27759027	6.32727051	6.50277042	6.59933996	6.53103018	6.35462999	6.18416929	5.96357965	5.72166014	5.41385984	5.02019978	4.64849997	4.33799982	4.01084995	3.73518014	3.53007030	3.44223022	3.35979033	3.11948967	2.88233995	2.62980008	2.35601974	2.07396007	1.87092006	1.76004004	1.65284991	1.48932004	1.31652009	1.27503002	1.47833991	1.90494025	2.05335021	2.01221991	1.97819996	1.69181991	1.17675006	0.824310005	0.962640047	1.50597000	1.91898000	1.87919998	1.69613993	1.66274977	1.59191990	1.31507981	1.06028998	0.998369873	0.979469955	1.02086997	1.26540005	1.58904004	1.80891013	2.12760019	2.70180035	3.33107996	3.79277992	4.21586990	4.64508009	4.84298992	4.85981989	5.01785994	5.23205996	5.19786072	5.06204987	4.93208981	4.83228016	4.74155998	4.55021954	4.19418001	3.82023001	3.63599968	3.73292994	4.10030985	4.62743998	5.38721991	6.31511927	7.37289095	7.74846077	7.47261000	7.10441971	6.92874002	6.80400085	6.60986996	6.38766050	6.19947004	6.02522945	5.84001017	5.68736982	5.59304953	5.48837948	5.35662031	5.20514965	5.08716059	4.94378996	4.90455008	4.98905993	5.08877993	5.17572021	5.22585011	5.19038963	5.10263968	5.04809999	5.00886011	4.89626980	4.74893999	4.54707003	4.29308987	4.10121012	4.02795029	3.92750955	3.81555009	3.71537971	3.63383961	3.55824018	3.47481012	3.34413028	3.15764999	2.94011998	2.75102997	2.63321972	2.64600015	2.65085983	2.62026000	2.52746987	2.42640018	2.32308006	2.24703002	2.16063023	2.09106016	2.07476997	2.08431005	2.00276995	1.81215000	1.66878009	1.70432997	1.76840997	1.68894017	1.56465006	1.48913991	1.54133999	1.73097003	1.85229015	1.80027008	1.83798003	2.11949992	2.38041019	2.35224009	2.12148023	1.89233994	1.89953995	2.04462004
33.0000000	1.03184998	0.839789927	0.853110015	0.949410081	0.899910033	0.714149952	0.552600026	0.509939969	0.578249991	0.700559974	0.882900000	1.18052995	1.47555006	1.60299003	1.59182990	1.86254990	2.25810003	2.43243027	2.19312000	1.92816019	1.96955991	2.06829000	1.90359008	1.69055986	1.53899992	1.53755999	1.60334980	1.59192002	1.53630006	1.53890991	1.60433984	1.78749001	1.97226000	2.31317997	3.08475041	3.71393991	2.96856046	1.62674987	0.816119969	0.608399987	0.708480000	0.890819967	0.959850013	0.883800030	0.830249906	1.09557009	1.86452997	2.64267015	3.21651006	3.62700009	3.51765037	2.70161986	1.72223997	1.07828999	1.01214004	1.30815005	1.34208000	1.06271994	1.13220000	1.70441985	1.86137998	1.17638981	1.07045996	1.71305990	2.42172003	2.28987002	1.76616001	1.57292986	1.87730992	2.37131977	2.43764973	1.98782980	1.86741006	2.35844994	3.01940989	3.72077990	4.59791946	4.89608955	3.55121970	1.78307998	0.692820013	0.278370023	0.166229993	0.130590007	0.133919999	0.207809985	0.342720032	0.428309947	0.385380000	0.330749989	0.365759999	0.453600019	0.517679989	0.617219985	0.804780006	0.969930053	0.988560021	0.934560001	0.942209959	0.980819941	0.932220042	0.912599981	1.19384992	1.95957005	2.78118014	2.09897995	1.86858010	2.03184009	1.97099984	1.69092011	1.40319002	1.28223002	1.37096989	1.58553004	1.78416002	1.90781999	2.02544999	2.18511009	2.36016011	2.65229988	3.11984992	3.77423978	4.38291025	4.45562983	4.05755997	3.63752985	3.38310003	3.24756002	3.18725991	3.25251007	3.39713979	3.41855979	3.32531953	3.30920982	3.52242017	3.66902995	3.59199023	3.56435990	3.67730999	3.94325995	4.40433025	4.97745037	5.33385038	5.34690046	5.27328014	5.33934021	5.44527006	5.41673946	5.27093983	5.21433020	5.29523993	5.39001036	5.41206074	5.38325977	5.36841011	5.33267975	5.29614019	5.29749012	5.32170010	5.30334044	5.23943996	5.19561005	5.21585989	5.25626945	5.25059986	5.19804001	5.19435024	5.18247032	5.15582991	5.12649012	5.08185005	5.01291037	4.95395994	4.92444038	4.92597008	4.95746994	5.02173042	5.09255981	5.07762003	4.98266983	4.87871981	4.79610014	4.77935982	4.80942059	4.85243988	4.91931009	5.01075029	5.09571028	5.12451029	5.13297033	5.18211031	5.26571989	5.31918001	5.34230947	5.36040020	5.33609962	5.31764984	5.34213018	5.43725967	5.56487989	5.71544981	5.85756016	5.92164040	5.93820047	5.95763969	5.99625015	6.06617975	6.17246962	6.22557068	6.22431040	6.33087015	6.51816034	6.60825014	6.56342983	6.45948029	6.29433060	6.00336027	5.64939022	5.25662994	4.85424042	4.54230022	4.30325985	4.01364040	3.72410989	3.48885012	3.37094998	3.23306990	2.95433998	2.65850997	2.36690998	2.14919972	1.95659995	1.73862028	1.53153014	1.40427005	1.35197997	1.28169000	1.16873991	1.15713012	1.32605994	1.35908997	1.25963998	1.41983998	1.62053990	1.33920002	0.871110022	0.663389981	0.925920010	1.46025014	1.79613006	1.73267984	1.51136994	1.31669998	1.11420012	0.998729944	1.02915001	1.05192006	1.09079993	1.32182992	1.68263996	1.98575997	2.36474991	2.92860031	3.51432014	3.99690032	4.48920059	4.92857981	5.04198027	4.99914026	5.13566971	5.27787018	5.03775024	4.79573965	4.65722990	4.53591013	4.39865971	4.22721004	4.00103998	3.78288007	3.76929021	4.10651970	4.71482992	5.57504988	6.59186983	7.38548946	7.47962999	6.90930033	6.30647993	5.96438980	5.88914967	5.83119011	5.67081022	5.50620031	5.38029051	5.24681997	5.10642004	5.01497984	4.97439051	4.89123011	4.76855993	4.65570021	4.55166054	4.50980997	4.60277987	4.74254990	4.87385988	4.99256992	5.04216003	4.96880960	4.85522985	4.78098011	4.67640018	4.47345018	4.26654005	4.05053997	3.84966016	3.70008016	3.64842033	3.58488011	3.49955988	3.40821004	3.36492038	3.31218028	3.20408988	3.02030969	2.78432989	2.61539984	2.55527973	2.55266976	2.60676003	2.63825989	2.54087996	2.41640997	2.30832005	2.18888998	2.11473012	2.04579020	1.96487999	1.92464995	1.93131006	1.87092006	1.68066013	1.53117001	1.57977009	1.62171006	1.47294009	1.35458994	1.39050007	1.45260012	1.54458010	1.55186999	1.46331012	1.51622999	1.82375991	2.06289005	1.95228004	1.62063026	1.30707002	1.21239007	1.21428001
32.0000000	0.642780006	0.602280021	0.620189965	0.656010032	0.643500030	0.587879956	0.537030041	0.521730006	0.550350010	0.616860032	0.718559980	0.860310078	1.01951993	1.06641006	0.988019884	1.04129994	1.47213006	1.84841979	1.91042995	1.83887994	1.74123001	1.42019987	1.06083012	0.896670043	0.909360051	1.11896992	1.32138002	1.36314011	1.32335997	1.28169000	1.26090002	1.28160000	1.36278009	1.52442002	1.92896998	2.03058004	1.45862997	0.802619994	0.547470033	0.604530036	0.722430050	0.725309968	0.635850012	0.612810016	0.669959962	0.832589984	1.11078000	1.45863008	1.94975996	2.84228992	3.67478991	3.50928020	2.49354005	1.48796999	1.03400993	1.04436004	0.980100036	0.668610036	0.563579977	0.920789957	1.40228987	0.956700087	0.621989965	0.829259932	1.26126003	1.33334994	1.30625987	1.68147004	2.46554995	3.08106017	2.82347989	2.06810999	1.87073982	2.00366998	1.49363983	1.16631007	1.90152013	3.39875984	4.19913006	3.56481004	2.18483996	1.08261001	0.442619979	0.164519995	0.101789996	0.144809991	0.238139987	0.292229980	0.274140000	0.284940004	0.389070004	0.541170061	0.736829996	1.04273999	1.41552007	1.52684999	1.28330994	0.995580018	0.874979854	0.893070042	0.929699957	1.01457000	1.45853996	2.56572008	2.87595010	1.80576015	1.36250997	1.46825993	1.68183017	1.78280997	1.73573983	1.69200015	1.74032986	1.87533009	2.08377004	2.33964014	2.61981010	2.89836025	3.08636975	3.30867004	3.64959002	4.03866005	4.77242994	5.08689022	4.74938965	4.18922997	3.79485011	3.60432005	3.53429985	3.59712029	3.76163960	3.79484987	3.65282989	3.53051972	3.67173004	3.94532967	4.07474995	4.05693007	4.09806013	4.22045994	4.34493017	4.37381983	4.31684971	4.28579950	4.35123014	4.43790007	4.44429016	4.40262032	4.38732004	4.44330025	4.53429031	4.61042976	4.62266970	4.60232973	4.58108997	4.56119967	4.56659985	4.59477043	4.61349010	4.60683012	4.61078978	4.65381002	4.70600986	4.72437000	4.72112989	4.66586971	4.64544058	4.64589024	4.64354992	4.62204027	4.56515980	4.49514008	4.45824003	4.48091984	4.55859041	4.65219021	4.72878027	4.76028061	4.68575954	4.59035969	4.52681971	4.46814013	4.49792957	4.54220963	4.61736012	4.70061016	4.78737020	4.87853956	4.93308020	4.95000029	4.96980000	5.00949049	5.03315973	5.05088997	5.10236979	5.11721945	5.09966993	5.18364048	5.29829979	5.41458035	5.52285004	5.62589931	5.68575001	5.72274017	5.75181007	5.79024029	5.85018015	5.97257996	6.14727020	6.26219940	6.36345005	6.55685949	6.63363028	6.54137993	6.39458990	6.19514990	5.89194059	5.49315023	5.06690979	4.71464968	4.47209978	4.26285028	3.98240995	3.68099976	3.50225997	3.34835982	3.09320974	2.82519007	2.50658989	2.19420004	1.97711992	1.83420014	1.67310011	1.46619010	1.30508995	1.25271010	1.23507011	1.13022006	1.03859985	1.09538996	1.09223998	0.934200048	1.07199001	1.54772997	1.51568997	1.04138994	0.653759956	0.795599997	1.49354994	2.11257005	1.95804000	1.29447007	0.855539978	0.741060019	0.849420011	1.05822003	1.15866005	1.14560997	1.35036004	1.81862998	2.32209015	2.75174999	3.16953015	3.60360003	4.10067034	4.68656969	5.20082998	5.33853006	5.23638010	5.21829033	5.17716026	4.94595003	4.76324987	4.59899998	4.36121988	4.15772963	4.04297972	3.93254948	3.82337976	3.95936990	4.53626966	5.53302002	6.69780016	7.55441999	7.43193007	6.56297970	5.85090065	5.42142010	5.23043966	5.15808010	5.06286001	4.92318010	4.81283998	4.73400021	4.63616991	4.54230022	4.49225950	4.47272968	4.39703989	4.29650974	4.23117018	4.18932009	4.26591015	4.48793936	4.70232010	4.79771996	4.80645037	4.73606968	4.62752962	4.56047964	4.48172998	4.29768038	4.06529999	3.85110021	3.68325019	3.52062035	3.41784024	3.36564016	3.29633999	3.24135017	3.18267012	3.15585017	3.08142042	2.92778993	2.70693016	2.46069002	2.36097002	2.40200996	2.49417019	2.56203008	2.57733035	2.41380000	2.29239011	2.19393015	2.07252002	1.98143995	1.94778001	1.89558029	1.81566024	1.73627996	1.63206005	1.49409008	1.42947006	1.47159016	1.39031994	1.15461004	1.08863997	1.14524984	1.14821994	1.20122993	1.32903004	1.46034014	1.60209012	1.65780008	1.48563015	1.13778007	0.796949983	0.612900019	0.609390020	0.676800072
31.0000000	0.427229971	0.433980048	0.437940001	0.400950015	0.345059991	0.325440019	0.332370013	0.341639996	0.354600012	0.386460006	0.447119981	0.548099995	0.679230034	0.762839973	0.711179972	0.616860032	0.787140012	0.996389925	1.11483002	1.24163997	1.10699999	0.736110032	0.482490003	0.391860008	0.424260020	0.559440017	0.660959959	0.664829969	0.659609914	0.678779900	0.691110015	0.713699996	0.738180041	0.761940002	0.898199975	0.956340075	0.796500087	0.564480007	0.468719989	0.530910015	0.605159998	0.559799969	0.481140018	0.525780022	0.654029965	0.781020105	0.988289893	1.20734990	1.39860010	1.90305007	2.86110020	3.46752000	2.94452977	1.76931012	0.929970026	0.739079952	0.835200012	0.723240018	0.428039998	0.406169981	0.695519984	0.659340024	0.448740005	0.517139971	0.845369995	1.10484004	1.32263994	1.77183008	2.31012011	2.39165998	1.72080004	0.979650080	0.847620010	1.13904011	1.10294998	0.674550056	0.673739970	1.44773996	2.78487015	3.76226974	3.78269935	2.85992980	1.52342999	0.561330020	0.182520017	0.101789996	9.91800055E-02	0.115740001	0.158489987	0.251819998	0.340920001	0.399509996	0.610830009	1.03211987	1.62009001	1.77407980	1.41218996	1.04282999	0.792899907	0.674549937	0.793080032	1.22696996	2.12139010	3.14523005	2.67290998	1.80791998	1.48257017	1.40688002	1.67525995	2.10743999	2.41227007	2.53746009	2.41524005	2.25621033	2.38490987	2.83616996	3.39750051	3.85973978	4.08843040	4.18346977	4.39145947	4.72994947	5.50530005	5.83910942	5.37948036	4.61097002	4.09059000	3.91914010	3.92597985	3.98439002	4.05648041	4.06233025	3.95027971	3.84056997	3.88160992	4.02867031	4.03532982	3.91616964	3.82877994	3.78035998	3.73986006	3.70107007	3.68477964	3.71151018	3.74174953	3.73671007	3.72753048	3.76893044	3.83525991	3.89682007	3.96333003	4.00895977	3.98771977	3.95450974	3.94388986	3.96170998	4.01112032	4.07915974	4.12703991	4.15854025	4.19211006	4.22172022	4.23549032	4.22676039	4.23972034	4.21155071	4.20192003	4.26681042	4.31919003	4.31999969	4.25663996	4.20615005	4.21002007	4.25727034	4.31595039	4.34574032	4.34357977	4.35096025	4.32900047	4.26861048	4.23306036	4.21614027	4.24368000	4.30695009	4.40235043	4.46517086	4.54113007	4.64282990	4.71653986	4.72220993	4.70160055	4.71546030	4.71771002	4.71987009	4.72877979	4.74570036	4.81131029	4.90545034	5.03108978	5.19533968	5.31278992	5.37597036	5.39252996	5.42475033	5.50287008	5.58828020	5.66801929	5.77943993	6.00164986	6.28928995	6.36047983	6.52013969	6.55955982	6.47991037	6.25562954	5.99832010	5.68152046	5.28660011	4.88645983	4.58081961	4.35986996	4.12812042	3.82076979	3.52935028	3.37086010	3.20309997	2.91285014	2.63663983	2.37743998	2.15477991	1.94579995	1.77623987	1.62945008	1.46628010	1.30446005	1.20780003	1.16000998	1.07396996	0.985949993	1.01889002	1.07631004	0.945270002	0.948059976	1.28637016	1.42533004	1.04480994	0.695970058	0.779400051	1.40597987	2.09897995	2.01006007	1.26810002	0.790740013	0.707579970	0.832679927	1.03977001	1.17252004	1.20069003	1.42190993	2.02841997	2.73464990	3.16448998	3.38831997	3.73004985	4.28399992	4.85235023	5.25627041	5.45436001	5.46848965	5.38839006	5.25114012	5.07041979	4.89996004	4.66766930	4.33098030	4.03064966	3.86577010	3.73517990	3.62483978	3.87197995	4.72139978	6.00219059	6.98112106	7.19063997	6.34878111	5.34384012	4.99122000	4.85865068	4.77270031	4.65920973	4.53834009	4.42323017	4.34618998	4.27058983	4.18626022	4.12730980	4.09131002	4.04756975	3.99446988	3.90500975	3.90563989	4.08357000	4.29911995	4.52051973	4.63958979	4.65111017	4.60529995	4.49757051	4.33952999	4.18950033	4.04757023	3.88836050	3.74625039	3.62097049	3.43971014	3.29076004	3.26213956	3.13488007	2.99393988	2.96181011	2.93490005	2.87208033	2.77056003	2.64509988	2.48877001	2.32254004	2.27412009	2.30445004	2.34045005	2.40957022	2.46149993	2.29572010	2.10663009	2.02751994	1.94264984	1.85283017	1.80576015	1.77012002	1.67346013	1.52298009	1.37906992	1.28709006	1.28663993	1.30445993	1.16153991	0.930780053	0.925560057	0.914400041	0.872640073	1.02167988	1.36584008	1.53368998	1.45638001	1.19088018	0.858060002	0.585000038	0.419579983	0.378989995	0.426150024	0.455040008
30.0000000	0.243900001	0.279990017	0.324809998	0.306270003	0.257669985	0.231390014	0.232199997	0.242369995	0.260280013	0.293669999	0.338580042	0.390060008	0.452879995	0.505710006	0.494280010	0.454229981	0.465570003	0.491220057	0.493290007	0.513899982	0.466019958	0.358020008	0.272430003	0.230939984	0.230219990	0.251010001	0.246780008	0.220949993	0.224010006	0.269639999	0.304740012	0.336690009	0.382589996	0.414990008	0.487619996	0.590669990	0.589320064	0.477899998	0.381870002	0.394200027	0.457379997	0.471150011	0.470069975	0.545220017	0.625860035	0.648090065	0.799470067	1.07874000	1.26665998	1.44395995	2.01086998	2.90790009	3.22056007	2.45762992	1.42524016	1.07595003	1.41938996	1.63323009	0.908640027	0.384029984	0.404100001	0.529830039	0.495989978	0.463050038	0.615690053	0.895680010	1.15298998	1.30716002	1.33182001	1.14416993	0.770579994	0.431910008	0.335700005	0.558719993	1.00745988	1.26306009	0.860670090	0.775890052	1.21311009	1.86561024	2.30840993	2.38589978	2.26557016	1.96956003	1.42361999	0.784529984	0.301409990	0.125279993	0.140309989	0.205650002	0.207630008	0.244709983	0.653489947	1.87884009	3.01526999	2.54853010	2.00663996	1.77327001	1.27098012	0.711449921	0.770940006	1.71296990	3.33287978	3.95450950	3.06279016	2.85119987	2.52152991	2.39418006	2.51396990	2.86073995	3.31002021	3.51495004	3.22614002	2.90817022	3.15305972	3.86001015	4.43915987	4.58126974	4.50612020	4.57928991	4.93038034	5.42096949	6.17048979	6.37434006	5.78789997	4.92956972	4.35482979	4.20623970	4.32198000	4.43465996	4.38813019	4.23837042	4.10705996	4.02309036	3.97610998	3.83607006	3.59513974	3.46383023	3.41676021	3.40785027	3.43484998	3.46455002	3.43791008	3.37644005	3.32828975	3.33107996	3.39273000	3.46481991	3.49469995	3.53708982	3.58649993	3.59144998	3.53394008	3.50001025	3.54267001	3.61071014	3.68667006	3.76127982	3.81050968	3.83264995	3.84057021	3.84120011	3.83589005	3.83130002	3.82247996	3.83112001	3.94929004	4.08914995	4.20372009	4.21235991	4.15566015	4.10202026	4.08950996	4.11741066	4.14585018	4.12335014	4.08302975	4.11065960	4.13198996	4.05549002	3.98267961	3.97808981	4.01084995	4.05450010	4.14261007	4.23612022	4.34691000	4.42116022	4.43573999	4.41260958	4.38227987	4.36652994	4.35410976	4.36941004	4.36329031	4.38804007	4.48172998	4.57964993	4.74317980	4.87908030	4.96611023	5.03298044	5.10659981	5.23673964	5.40369081	5.51879978	5.56208992	5.60520029	5.79626989	6.15356970	6.24662924	6.28280973	6.31242037	6.26877022	6.05709028	5.76926994	5.44932032	5.06879997	4.65740967	4.32576036	4.09427977	3.90096021	3.65715003	3.39029980	3.15738010	2.93949008	2.68541980	2.41911006	2.20635009	2.06811023	1.92815995	1.74842989	1.58580005	1.44189000	1.29905999	1.18386006	1.13201988	1.07693994	0.955619931	0.865530014	0.909269989	0.895859957	0.781560004	0.870120049	1.04040003	0.901889980	0.702630043	0.723779976	1.05290997	1.55816996	1.75995004	1.50417018	1.19358003	1.00503004	0.804780006	0.789030015	1.02843010	1.29294014	1.56402004	2.09285998	2.81420994	3.29274011	3.49226999	3.83759999	4.43465996	4.98518991	5.29721975	5.28398991	5.23215008	5.15024996	5.05197001	4.98960018	4.81508970	4.60575008	4.29390001	4.01084995	3.81249022	3.59756994	3.43601990	3.70286989	4.62294006	5.77161026	6.33509970	6.14654970	5.31693029	4.62537003	4.48262978	4.43691015	4.30092049	4.20398998	4.15638018	4.09041023	3.98393989	3.89178014	3.85812020	3.87135005	3.89385009	3.87045026	3.80060983	3.77676010	4.01598024	4.35969019	4.49127054	4.51079988	4.48226976	4.46103001	4.40883017	4.25826025	4.01111984	3.77586007	3.63051009	3.54762030	3.50099993	3.44808006	3.26312995	3.10544968	3.05289006	2.86560011	2.70584965	2.66849995	2.65913963	2.62304997	2.56472993	2.50425005	2.43323994	2.38355970	2.38158011	2.33649015	2.19923997	2.18142009	2.23901987	2.09438992	1.83294010	1.74060011	1.70307004	1.64817023	1.58373022	1.52217007	1.44450009	1.33460999	1.20627010	1.11311996	1.09134007	1.06884003	0.936540008	0.771660030	0.803430021	0.772289991	0.729900062	0.886859953	1.16009998	1.11285007	0.846360028	0.556649983	0.361620009	0.279090017	0.268740028	0.302400023	0.319230020	0.274860024
29.0000000	0.161550015	0.198180005	0.241109997	0.261720002	0.249479979	0.233460009	0.226439983	0.224279985	0.242009997	0.280890018	0.319409996	0.342450023	0.360090017	0.371160001	0.371970028	0.349290013	0.330119967	0.310050011	0.275849998	0.248580024	0.240120023	0.231120005	0.202680022	0.173430011	0.160560027	0.154260010	0.137700006	0.118170001	0.120870009	0.147510007	0.156960011	0.169739991	0.216179997	0.269729972	0.316079974	0.392490000	0.458729982	0.436410010	0.364140004	0.346050024	0.401580006	0.471420020	0.526590049	0.602730036	0.652409971	0.631889999	0.629190028	0.750420034	0.900720060	1.01196003	1.21932006	1.81179011	2.51243997	2.61386991	2.04020977	1.60254014	1.76354980	1.87047005	1.09025991	0.444149971	0.388980001	0.584549963	0.589859962	0.419940025	0.423990011	0.681030095	0.984690011	0.951930046	0.675180018	0.484740049	0.467820019	0.455760032	0.327959985	0.272070020	0.450540006	0.851939976	0.937530041	0.792990088	0.722790062	0.710729897	0.732960045	0.930960059	1.45053017	2.20392013	2.78307009	2.64870000	1.89459014	1.23803997	1.07117999	1.00503004	0.667530000	1.00080001	3.31650019	6.55847979	4.37175035	1.76004004	1.49472010	2.84282994	3.17961025	1.76103008	1.12040997	2.17475986	3.90636015	4.22522974	3.72375035	3.54285026	3.45357013	3.68990970	3.63410997	3.68406010	3.98268008	4.15970993	3.90015006	3.77208018	4.38173962	5.19002962	5.18264961	4.53492022	4.21380043	4.55274010	5.30766010	5.96151018	6.51591015	6.55352974	5.97617960	5.30667019	4.86575985	4.75857019	4.89636040	4.98420000	4.80744028	4.43501997	4.05279016	3.77918983	3.58046985	3.34548020	3.15206981	3.11930990	3.12488961	3.13883996	3.18105006	3.20085001	3.16125035	3.11327982	3.13335037	3.20454001	3.24593997	3.25080013	3.25997972	3.28554010	3.28517985	3.21111012	3.17259002	3.25187969	3.37608004	3.48254991	3.55032015	3.58389020	3.59297991	3.58677006	3.58380008	3.59244013	3.60576010	3.61134005	3.59846950	3.67353010	3.83867979	4.00878000	4.06844997	4.04460001	4.00346994	3.96297002	3.91040993	3.90330005	3.94677019	3.97161007	3.97808981	3.99285030	3.96918035	3.90177011	3.81527996	3.79466987	3.82256985	3.85460973	3.94811988	4.05503988	4.12389040	4.10094070	4.05260992	4.04027987	4.03380013	3.99042010	3.95207977	3.97917008	4.01418018	4.04649019	4.16600990	4.30785036	4.44708014	4.54284000	4.62284994	4.70025015	4.83057022	5.03567982	5.24321985	5.34896994	5.37489033	5.45202017	5.64471006	5.96168995	6.05691051	6.05807972	6.02397013	5.92685986	5.77359009	5.52536964	5.17841959	4.77972031	4.38399029	4.05647993	3.81699014	3.68594980	3.50541019	3.28419018	2.98701000	2.72124004	2.48219991	2.20509005	1.98971999	1.88595021	1.80440998	1.68435001	1.54584002	1.40426993	1.24487996	1.11159003	1.08054006	1.09458005	0.983160079	0.821070015	0.787140012	0.833310008	0.724139988	0.665459931	0.765089989	0.839339972	0.789839923	0.777239978	0.915030003	1.20132005	1.58615994	1.93409991	1.87487984	1.28735995	0.697410047	0.489419997	0.858599961	1.47060001	1.82222986	2.00214005	2.42496014	2.94200993	3.27582002	3.57165003	4.15781975	4.85918999	5.14475965	5.05737019	4.88889027	4.82112026	4.80852032	4.69826984	4.58343029	4.46903992	4.22783995	3.92975998	3.76415992	3.62925005	3.46887016	3.63032961	4.32378006	5.24358034	5.60718060	5.30189991	4.62798023	4.13432980	3.94145966	3.90167975	3.80996966	3.78891015	3.82077026	3.77172017	3.67154980	3.66866994	3.75443983	3.84578991	3.90852022	3.94415975	3.99833989	4.12605000	4.31226015	4.50116968	4.49396992	4.38632965	4.30479002	4.21100950	4.07897997	3.83670020	3.56886005	3.40749025	3.32090998	3.28572011	3.26808023	3.17582989	3.04308009	2.86650038	2.76002979	2.60135984	2.47950006	2.44556999	2.46573019	2.44763994	2.42783999	2.43755984	2.42144990	2.39211011	2.38536000	2.34711003	2.17296004	2.00735974	1.96569002	1.80359995	1.59110987	1.49220002	1.43703008	1.41885006	1.38024008	1.29213011	1.21446002	1.18007994	1.12310994	1.00962007	0.906660020	0.844110012	0.743129969	0.623610020	0.676710010	0.705330014	0.687420070	0.705240011	0.650160015	0.513630033	0.346680015	0.221040025	0.181080014	0.205200002	0.237690002	0.233730018	0.184590012	0.147150010
28.0000000	0.169919997	0.176670015	0.189090014	0.194580019	0.198719993	0.203130007	0.191610008	0.179370016	0.188010007	0.212850004	0.236970007	0.255510002	0.279990017	0.294479996	0.283500016	0.250740021	0.264420003	0.263160020	0.222930014	0.181620002	0.164609998	0.157770008	0.146880001	0.138870001	0.132660016	0.125010014	0.115650013	0.106109999	0.101070009	0.107010014	0.101430006	0.100800008	0.130950004	0.166500017	0.190350011	0.246150002	0.354420006	0.425159991	0.400680006	0.369269997	0.415620029	0.513360023	0.591210008	0.631529987	0.667170048	0.679140031	0.604979992	0.537930012	0.589590073	0.721440017	0.800189972	1.00682998	1.46196008	1.87641001	1.84715998	1.52243996	1.38401997	1.36458004	1.01268005	0.639900029	0.649259984	0.871740043	0.834119976	0.584100008	0.567449987	0.880110025	1.19250000	0.986310005	0.505080044	0.261720031	0.299160033	0.401760042	0.355499983	0.241200045	0.228150010	0.371069998	0.544049978	0.679769993	0.749610066	0.630180061	0.448830038	0.394380033	0.517229974	0.744840026	0.918090105	0.995580137	1.28069997	2.18195987	3.24864030	3.22100997	2.49389982	3.23946023	5.26176023	4.61267948	1.80846000	0.459900051	0.593909919	1.80926991	2.78181005	2.16080999	1.38437998	1.70253003	2.42874002	2.95181990	3.71807981	3.80988002	3.62556005	3.97808981	4.06232977	4.07484007	4.39434004	4.56741047	4.25844002	4.21074009	4.96592999	5.63841009	5.17202997	4.41296959	4.59135008	5.54660988	6.55982971	6.98219967	6.88823938	6.57089996	6.06653976	5.59385967	5.27994013	5.14844942	5.05800009	4.87376976	4.56596994	4.18752003	3.76740026	3.36689973	3.05288982	2.90780997	2.81331015	2.78522992	2.79270005	2.82941985	2.87576985	2.92778993	2.97512984	3.03227997	3.10508990	3.14855981	3.11976027	3.05883002	3.05262017	3.07656002	3.05783987	3.05621982	3.13434005	3.28508973	3.41622019	3.50217032	3.51891017	3.48155975	3.44447994	3.43043971	3.43440008	3.44259024	3.47049022	3.53061008	3.57417035	3.68046045	3.80619001	3.87341976	3.83607030	3.83652020	3.84678006	3.82877970	3.76676989	3.72212958	3.74355006	3.79313993	3.80808020	3.77235007	3.71871018	3.66561007	3.53961015	3.48965979	3.53430009	3.60539985	3.68388009	3.70799994	3.65427017	3.57732010	3.56499004	3.62943006	3.65705967	3.60791969	3.59973001	3.64824009	3.67470026	3.74526000	3.87431979	3.99203992	4.10247040	4.20389986	4.30632019	4.42980051	4.58316040	4.79133034	4.99724960	5.14844990	5.27202034	5.40602970	5.57099962	5.75532007	5.78456974	5.76225042	5.70789003	5.61761951	5.47533035	5.20802975	4.81283998	4.42701006	4.13585997	3.89592028	3.65454006	3.41874003	3.20841002	3.00591016	2.76453018	2.45924973	2.17341018	1.99755001	1.85481012	1.75040996	1.69280994	1.62063003	1.50992990	1.37142003	1.20510006	1.07190001	1.02177000	1.03094995	0.985860050	0.846900046	0.780389965	0.834929943	0.763110042	0.652319968	0.638639987	0.711179972	0.791460037	0.866429925	0.994590044	1.15091991	1.51668012	2.11725020	2.26313996	1.43090975	0.711899996	0.436230034	0.805949986	1.54197001	1.97207999	1.94121003	2.07657003	2.58093023	3.14900994	3.63123012	4.08914995	4.47570038	4.63004971	4.59603024	4.54428005	4.57317019	4.63887024	4.66785002	4.55390978	4.44150019	4.26869965	3.94307995	3.67343998	3.51954031	3.37301993	3.42441010	3.91059017	4.72292995	5.11901999	4.76694012	4.08203983	3.60827994	3.40154982	3.34358954	3.30426002	3.28275013	3.28067994	3.30812979	3.37491012	3.51027012	3.67749023	3.79916978	3.91598988	4.08195019	4.27572012	4.36706972	4.41414022	4.35429001	4.26537037	4.19426966	4.07574034	3.92715001	3.74868011	3.52494001	3.31722021	3.16872001	3.07224011	3.02166009	2.98907995	2.91113997	2.78046012	2.67579007	2.59181976	2.43954015	2.35304999	2.32163978	2.32388997	2.27411985	2.24945998	2.26295996	2.26107001	2.22659993	2.20977020	2.20311022	2.14578009	1.97675991	1.74708021	1.58247006	1.43568015	1.31310010	1.23525000	1.20806992	1.17009008	1.09970999	1.03590000	1.01925004	0.976050019	0.829170048	0.700380027	0.648270011	0.575640082	0.514349937	0.526319981	0.558720052	0.447390020	0.400320023	0.334350020	0.260190010	0.198450014	0.163710013	0.173070014	0.207179993	0.204750001	0.148050010	0.108539999	0.127350017
27.0000000	0.147060007	0.140039995	0.143279999	0.151199996	0.170550004	0.180720001	0.173250020	0.171990007	0.182070002	0.195749998	0.192690015	0.190440014	0.218520015	0.236070007	0.201869994	0.175229996	0.201510012	0.208530024	0.178020000	0.133110002	0.109979995	0.105120003	0.106470004	0.115470007	0.120240010	0.118170001	0.102240004	8.37900043E-02	7.73999989E-02	8.15400034E-02	8.58599991E-02	8.39700103E-02	9.90000069E-02	0.122850008	0.134190008	0.151740000	0.242459998	0.367920011	0.388080001	0.353790015	0.404190004	0.520920038	0.591569960	0.583020031	0.562139988	0.582570076	0.627209961	0.576269984	0.529200077	0.619289935	0.726749957	0.752939999	0.837990046	1.05569994	1.14803994	0.973170042	0.856350064	0.976950109	1.15667999	1.14759004	1.10277009	1.19664001	1.16324997	1.01033998	1.01655006	1.26540005	1.32561016	0.856530130	0.386820018	0.212130010	0.220860004	0.303390026	0.342090011	0.310770005	0.321570009	0.342360020	0.351270020	0.410940021	0.580410063	0.712620080	0.686430037	0.508140087	0.342450023	0.227609992	0.165870011	0.165420011	0.245430022	0.441990018	0.629459977	0.656459987	0.689579964	0.969390035	1.23110998	0.904140115	0.414269984	0.318780005	0.552149892	1.13948989	1.82142007	1.68417013	1.14867008	1.00674009	1.14777005	1.73637009	3.11202002	3.65552998	3.72293973	4.28255987	4.42035007	4.40244007	4.93578005	5.18309975	4.55786991	4.29749966	4.90779018	5.19398975	4.76603985	4.94918966	6.14987993	7.25175047	7.17497969	6.87339020	6.54111099	6.23330975	5.92973948	5.54165983	5.19227982	4.97672987	4.67361021	4.19165993	3.73049974	3.44691014	3.20282960	2.94813037	2.80188012	2.73401999	2.64492011	2.63780999	2.71512008	2.74211979	2.77397990	2.83355999	2.92391992	2.99916005	3.03632998	2.97719979	2.86902022	2.87001014	2.99510980	3.08474994	3.08807993	3.12768006	3.26132989	3.37076998	3.44556022	3.42719984	3.37806010	3.32099986	3.27825022	3.31290007	3.35735989	3.39219046	3.44798970	3.52467012	3.54060006	3.57002974	3.60369015	3.59324956	3.58082986	3.62114978	3.66722941	3.65813994	3.61188006	3.54464984	3.49938035	3.51746988	3.51674986	3.44933987	3.33873010	3.27303004	3.18564034	3.18572998	3.22847986	3.31065011	3.30300021	3.25215054	3.19761014	3.13740015	3.15018010	3.22569013	3.24908972	3.22010970	3.28130984	3.34998035	3.38787007	3.49037981	3.57785964	3.66210008	3.75048041	3.87900019	4.04558992	4.17941999	4.31856012	4.54473019	4.81050014	5.04476929	5.23710012	5.35427999	5.45364046	5.56713009	5.53634977	5.45795965	5.36850023	5.15753984	4.95657015	4.83236980	4.55363989	4.22657967	3.94704008	3.65859008	3.36320996	3.09239984	2.86452007	2.62557006	2.43279004	2.18439007	1.95776999	1.80458999	1.73133004	1.68975008	1.67139006	1.62090015	1.50875998	1.36629009	1.28520000	1.19124007	1.05057001	0.963270068	0.924840033	0.881190002	0.787320018	0.763650119	0.742050052	0.670949996	0.619559944	0.631800056	0.693900049	0.791730106	0.983429968	1.11546004	1.27736998	1.79964006	2.17908025	1.65573001	0.928080022	0.636660039	0.591930032	0.887760043	1.34631002	1.80053985	1.97946000	2.35260010	3.22901988	4.10454035	4.43511009	4.28850031	4.00185013	3.97124982	4.14035988	4.37876987	4.58307028	4.64823008	4.50333023	4.37075996	4.21028996	3.80285978	3.38193011	3.21038961	3.13056040	3.13865995	3.42756033	4.42917013	4.67451000	4.29075050	3.85443020	3.45105004	3.18735003	3.05676007	2.92067981	2.83905005	2.88332987	3.07044029	3.29876995	3.56553006	3.77073026	3.88097978	3.95180988	4.04964018	4.10174990	4.18742990	4.25358009	4.20174026	4.01067019	3.88052964	3.75489044	3.56012988	3.40299010	3.28410006	3.11138988	2.90213990	2.80548000	2.83635020	2.83392024	2.75067019	2.71692014	2.65184999	2.49803996	2.37753010	2.31560993	2.28419995	2.24586010	2.18043017	2.13830996	2.06712031	2.04633021	2.05407023	2.02823997	2.00079012	1.95210004	1.86822009	1.68218994	1.49876988	1.35819006	1.21347010	1.06209004	1.03400993	1.02519000	0.981990039	0.923040032	0.843749940	0.735210001	0.600119948	0.528479993	0.491040021	0.454049975	0.422730029	0.400500000	0.304470003	0.271980017	0.233730018	0.205290005	0.180270016	0.162809998	0.146880001	0.159210011	0.172169998	0.148500010	0.112500012	0.110340007	0.136260003
26.0000000	0.115470000	0.118710004	0.135900006	0.161730006	0.184949994	0.201060012	0.202770010	0.220860004	0.255780011	0.259200007	0.216269985	0.190710008	0.194939986	0.188550010	0.158580005	0.143730000	0.140400007	0.140040010	0.129060000	0.104759999	8.95500034E-02	8.74799937E-02	8.68500024E-02	9.43199992E-02	9.94500071E-02	9.24300030E-02	8.00100043E-02	7.08300024E-02	6.73200041E-02	7.07399994E-02	8.39700028E-02	8.74799937E-02	8.79300013E-02	0.106200010	0.123750001	0.124650002	0.178020015	0.292860001	0.379350007	0.401219994	0.433889985	0.488879979	0.519480050	0.503189981	0.464760005	0.488700032	0.627389967	0.659790039	0.561600029	0.533610046	0.605970025	0.640709996	0.600390017	0.617040038	0.647459984	0.621360004	0.607409954	0.748079896	0.968760014	1.08765006	1.00529993	0.990000010	1.07919002	1.14587998	1.21833003	1.16027999	0.862110019	0.496889979	0.295109987	0.250470012	0.255959988	0.233009994	0.213569999	0.245430008	0.339119971	0.345239997	0.275940001	0.263790011	0.295470029	0.355680019	0.410759985	0.439919978	0.410039961	0.332190037	0.241020009	0.172260001	0.145439997	0.130319998	0.114660002	0.123659998	0.178199992	0.324359983	0.440910041	0.636750042	1.45476007	2.65950036	2.63681984	1.71630001	1.82430017	2.16054010	1.78335011	1.16253006	1.05335999	1.72989011	2.70711017	3.17573977	3.53312993	4.38327026	4.59000015	4.62897015	5.18094015	5.32971001	4.81859970	4.77791977	4.98780012	4.65633059	4.60502958	5.88096046	7.24266052	6.52041006	5.53427982	5.75009966	6.15222025	5.95332003	5.77340984	5.46767950	4.88943005	4.36464024	3.98088002	3.54924011	3.15269995	2.94651008	2.80358982	2.65725017	2.61233997	2.59659004	2.56626010	2.64978027	2.76290989	2.83013988	2.83202982	2.88530993	2.92383003	2.89881015	2.83544993	2.78901005	2.80665016	2.91141009	3.04776001	3.14774990	3.17780995	3.20219970	3.30452991	3.36744046	3.35961008	3.31929016	3.29535007	3.27842975	3.29228997	3.32360983	3.34800005	3.37167025	3.36329985	3.28320003	3.22209001	3.21542978	3.20760012	3.23478007	3.29507995	3.37599015	3.42036009	3.38805056	3.33018017	3.25620008	3.17997003	3.11562014	3.09699011	3.03839993	2.93886018	2.88197994	2.93894982	2.90709019	2.94210005	2.96163011	2.93237996	2.92239022	2.90304017	2.87028003	2.83940959	2.85659981	2.87766004	2.89449000	2.92707014	2.94651031	3.05882978	3.21930003	3.33035970	3.40478992	3.53168988	3.70403981	3.87638950	3.96459031	4.11453009	4.37724018	4.66929054	4.92263985	5.11154985	5.21171999	5.22324038	5.31935930	5.29244995	5.11082983	4.95350981	4.57685995	4.35869980	4.34573984	4.32683992	4.18724966	3.78890991	3.29715014	2.97108006	2.80403972	2.55491996	2.35278010	2.28221989	2.09538007	1.85732996	1.67697012	1.70289016	1.71990001	1.70370007	1.67274010	1.54557002	1.40066993	1.29726005	1.20420003	1.08431995	0.965250075	0.955349982	0.966959953	0.898650050	0.778769970	0.704970002	0.695790052	0.696600020	0.721980035	0.750870049	0.822510123	0.946620107	1.10520017	1.19151008	1.33497000	1.69424999	1.79919016	1.32470989	0.913049996	0.460260004	0.344970047	0.693539977	1.53422999	2.28338981	2.34368992	2.76101995	3.68882990	4.20201063	3.99267006	3.63842964	3.56633997	3.67524004	3.82931995	4.09022951	4.18689013	4.39352989	4.58919048	4.47768021	3.81942034	3.16727972	2.78999996	2.65409994	2.73095989	3.03831005	3.78368998	3.76965022	3.42585015	3.37814999	3.27294016	3.02543998	2.77335000	2.62098002	2.62880993	2.88549018	3.36141038	3.72636008	3.84371972	3.89421034	3.93021011	3.98718023	3.98654985	3.91284013	3.88619971	3.79764009	3.85011005	3.71448040	3.56175017	3.34692001	3.00761986	2.83833003	2.79629993	2.74635005	2.65220976	2.63537979	2.68460989	2.72052002	2.70575976	2.68712997	2.56184983	2.37365985	2.26520991	2.27241015	2.25567031	2.17719007	2.11626005	2.08890009	1.94337010	1.82888997	1.90025997	1.89234018	1.76256025	1.64348996	1.57365012	1.48049998	1.37772000	1.27818000	1.13697004	1.01097000	0.997649968	0.964080036	0.886950016	0.789390028	0.643590033	0.515609980	0.428400040	0.388979971	0.355680019	0.326880008	0.324180007	0.235889986	0.214560002	0.177749991	0.150390014	0.137520015	0.130950004	0.132750019	0.130680010	0.128160015	0.135089993	0.128969997	0.119700015	0.119070016	0.122850001
25.0000000	0.122579999	0.147420004	0.172980011	0.172800004	0.174869999	0.188549995	0.205020010	0.221400008	0.251730025	0.252900034	0.207179993	0.170550004	0.153719991	0.130950004	0.114660002	0.106920004	0.113940001	0.109350003	8.97299945E-02	7.70400017E-02	7.55999982E-02	7.71300048E-02	7.83900023E-02	8.86500031E-02	9.62100029E-02	9.21600014E-02	8.74800012E-02	8.16299990E-02	7.36199990E-02	7.53300041E-02	9.16200057E-02	9.61199924E-02	8.09099972E-02	8.22599977E-02	9.79200080E-02	0.115020014	0.148320004	0.237960026	0.375389993	0.460260004	0.461430013	0.420210004	0.423269987	0.504000008	0.529470026	0.485370040	0.524969995	0.588060021	0.530910015	0.431370020	0.432720035	0.487709969	0.501389980	0.474570006	0.492390037	0.536759973	0.585720062	0.660059988	0.655110002	0.623340011	0.604799986	0.661050022	0.746190012	0.826739967	0.853650033	0.758789957	0.586260021	0.428939998	0.328319997	0.290610015	0.256320000	0.195210010	0.162000000	0.190620005	0.257219970	0.254880011	0.249119997	0.273510009	0.264420003	0.227880031	0.207270041	0.211679995	0.258390009	0.349020034	0.441629976	0.493560046	0.490769982	0.401670009	0.310229987	0.360450000	0.763020039	1.25766003	1.51965010	1.97819960	2.98143005	3.40020013	2.26143003	1.35152996	1.70558965	2.34549022	2.19185996	1.50092995	1.28789997	1.99169993	2.63106012	2.49741006	2.62826991	3.22352982	3.61079979	3.89708996	4.43880033	4.66299009	4.70484018	5.04863977	5.02811956	4.44735003	4.66595984	5.96843958	5.80014038	4.16790009	3.98996997	6.22277975	7.75683022	6.42762041	5.10488987	4.63166952	4.17663002	3.61772990	3.22748995	2.94767976	2.73320985	2.61638999	2.52090001	2.45826006	2.47994995	2.59722018	2.63708997	2.69288993	2.77370977	2.82870007	2.86389017	2.87036991	2.84084964	2.82995987	2.84292006	2.90825987	2.98907995	3.06368995	3.16079998	3.24323988	3.25944018	3.25485015	3.24054003	3.22578001	3.21228004	3.21155977	3.19193983	3.19608021	3.22191000	3.25764012	3.24107981	3.22730994	3.19509029	3.06252003	2.95524001	2.95397973	2.97873020	3.01247978	3.04785013	3.07323003	3.03615022	2.99663997	2.97413969	2.90259004	2.79035997	2.74527001	2.73392987	2.64725971	2.56481981	2.50244999	2.52531028	2.58083987	2.60630989	2.60694027	2.56905031	2.55806994	2.55222011	2.50919986	2.45600986	2.50722003	2.58228016	2.58642006	2.57508039	2.59488010	2.75102997	2.94984007	3.08042979	3.23874021	3.44870973	3.60027003	3.72239995	3.81032968	3.92085004	4.16331005	4.40298033	4.58621979	4.76585960	4.88555956	4.95827961	4.99922943	4.91444969	4.67180967	4.45986032	4.24935007	4.02659988	3.95262003	4.00509024	3.86487007	3.42791963	2.97908998	2.70549011	2.50991988	2.39337015	2.31516004	2.16341996	1.96713018	1.81322992	1.77956998	1.83861005	1.86839998	1.80477023	1.73465991	1.62126017	1.43937016	1.28420997	1.23803997	1.22894990	1.15038002	1.09242010	1.10565007	1.06055999	0.907110095	0.803790033	0.783090055	0.815580070	0.892530024	0.953729987	0.943560064	0.926370025	1.08134997	1.19682002	1.17036009	1.21661997	1.57563019	1.77498007	1.34739006	0.678509951	0.361259997	0.721260011	1.84095001	2.80979991	2.58848977	2.42729998	3.01697969	3.45851994	3.37634969	3.11202002	3.08052015	3.12299967	3.05252981	3.08213997	3.40821004	4.00635004	4.87133980	5.39154005	4.83048010	3.84741020	3.13496995	2.74167013	2.63853002	2.92914033	3.05487013	2.67686987	2.51370001	2.75697017	2.89809036	2.58120012	2.22507000	2.15297985	2.32352996	2.74950004	3.29364014	3.67488027	3.86847019	3.86441994	3.71393991	3.62969947	3.64535999	3.54878998	3.34862995	3.22487998	3.12191987	2.99520016	2.89386010	2.82321024	2.65886998	2.58020997	2.56698012	2.55788994	2.56725001	2.58957005	2.57651997	2.59704018	2.59470010	2.44502997	2.30994010	2.18285990	2.11221027	2.11274981	2.08323002	1.99971008	1.99071002	1.97010016	1.79217017	1.61612999	1.58822989	1.59758997	1.52775002	1.40183997	1.25937009	1.22103000	1.20114005	1.13814008	1.00602007	0.939870059	0.910170078	0.819000006	0.693539977	0.565650046	0.441269994	0.362430006	0.318780005	0.288899988	0.244979993	0.208800003	0.198540017	0.159390002	0.146249995	0.130859986	0.124650009	0.115020007	0.114299998	0.119070001	0.116730005	0.119430013	0.129780009	0.121230006	0.102600001	0.107910000	0.113940015
24.0000000	0.143100008	0.165870011	0.148049995	0.115290001	0.124110013	0.162450016	0.191790000	0.189180017	0.184139997	0.167760015	0.141389996	0.122579992	0.108899996	9.00899991E-02	7.88400024E-02	8.65800008E-02	9.34199989E-02	7.97399953E-02	6.35399967E-02	6.67800009E-02	8.13599974E-02	8.62200037E-02	8.33399966E-02	8.20800066E-02	7.94700012E-02	8.13599974E-02	9.29699987E-02	9.58499983E-02	7.87499920E-02	7.07399994E-02	8.10000002E-02	8.08200017E-02	6.42599985E-02	5.79599999E-02	7.24500120E-02	9.93600115E-02	0.134190008	0.194490001	0.296190023	0.394110024	0.402480036	0.341999978	0.357570022	0.465120018	0.541170061	0.458820015	0.388620019	0.432180017	0.462689996	0.416430026	0.371340007	0.378360003	0.398609996	0.396360040	0.411660045	0.495359987	0.623880029	0.732600033	0.708209991	0.622980058	0.605790019	0.686340034	0.774270058	0.760500014	0.685620010	0.619199991	0.551789999	0.449279994	0.369450003	0.285300016	0.204119980	0.162719995	0.141479999	0.160829991	0.195480004	0.204570025	0.239940017	0.291869998	0.297450036	0.284219980	0.274680018	0.302040011	0.335250050	0.362969995	0.403199971	0.502470016	0.602639973	0.608310044	0.573659956	0.816569984	1.46745026	1.80936027	2.07405019	2.47319984	1.90827000	0.823860049	0.433350027	0.634500027	1.11834013	1.34685016	1.30338001	1.33469999	1.66194010	2.38905025	2.85785985	2.67669010	2.68110013	2.83193994	2.86847973	2.93561983	3.29220009	3.62897992	3.87764955	4.19804955	4.16897964	3.86126995	4.20272970	4.81175995	4.10039997	2.81439018	3.27689981	6.11667061	9.58536053	6.76637936	4.29093027	3.67722011	3.39407992	2.83274984	2.55599999	2.52126002	2.44853997	2.37861013	2.40453029	2.49021006	2.62385988	2.69154000	2.72016001	2.76938987	2.83247995	2.87073016	2.87081981	2.86731005	2.85758996	2.90232015	2.97630000	3.05271006	3.08853006	3.08861995	3.12300014	3.12407994	3.11705995	3.14000988	3.10401011	3.07818007	3.05621982	3.01310992	2.98556995	3.00438046	3.02588987	3.07367992	3.07529974	3.05063987	2.99501991	2.95379996	2.89880991	2.87945986	2.82986975	2.80844998	2.75814009	2.65319991	2.62485003	2.66678977	2.67876029	2.57705998	2.49353981	2.43863988	2.32695007	2.24514008	2.20878005	2.19735003	2.20869017	2.25998998	2.27772021	2.20365024	2.15982008	2.20238996	2.24171996	2.21309996	2.20841980	2.24675989	2.26970983	2.29508996	2.33630991	2.38733983	2.55932975	2.75733018	2.98223996	3.18860984	3.33774018	3.47742009	3.57299995	3.62006998	3.71682000	3.90158963	4.04640007	4.20471001	4.41828012	4.55192995	4.51638031	4.56426001	4.46103001	4.27445984	4.11624002	3.98978949	3.90518999	3.87638998	3.80799031	3.47643018	3.02822995	2.70144010	2.49336004	2.35547996	2.34675002	2.28842998	2.12049007	1.89476991	1.87659001	1.96766996	2.01429009	2.02176023	1.93580997	1.84292996	1.74627006	1.61612999	1.45971000	1.41363001	1.45016992	1.41074991	1.29591012	1.26234007	1.22841001	1.12914002	1.04004002	0.989190042	0.979919970	1.03769994	1.18287003	1.21382999	1.07397008	0.995850086	1.16639996	1.21464002	1.15893006	1.28376007	1.69155014	1.74374998	1.14884996	0.716220021	0.957509935	2.01609015	3.03191996	2.83616996	2.75850010	3.53565001	3.89682007	3.44744992	2.82995987	2.60190010	2.67435026	2.44548011	2.13002992	2.20004988	2.70720005	3.66777015	4.59675026	4.57083035	4.00320005	3.38606954	2.92355990	2.59686017	2.46645021	2.55078006	2.61216021	2.65842009	2.65608001	2.50515008	2.19023991	1.97648990	1.99502993	2.14847994	2.46428990	2.71880984	2.86649990	3.15297008	3.43620014	3.33432007	3.09752989	3.04361987	3.01652980	2.85317993	2.72034001	2.59109998	2.44241977	2.35988998	2.36187005	2.44224000	2.49408007	2.43738008	2.40840030	2.48256016	2.47041011	2.36115003	2.32362008	2.24901009	2.07342005	1.95651007	1.93679988	1.90232992	1.85976005	1.90718997	1.93859994	1.84437013	1.70882988	1.57761002	1.46178007	1.35017991	1.29707992	1.30562997	1.22679019	1.07523000	1.01780999	1.02618003	1.00016999	0.899730027	0.813870013	0.757169962	0.624239981	0.480330020	0.383310020	0.314099997	0.258570015	0.224729985	0.207540020	0.163890004	0.145619988	0.117360011	0.125190005	0.130140007	0.139050007	0.138060004	0.113760002	9.67500061E-02	0.100980006	0.105120003	0.114929996	0.117540002	0.101340003	9.94499996E-02	0.116460003	0.132569999
23.0000000	0.128700003	0.107100002	8.00099969E-02	6.97500035E-02	8.31600055E-02	0.119340003	0.155340001	0.153540000	0.130590007	0.111870006	9.15300027E-02	8.44200030E-02	8.04599971E-02	7.03800023E-02	6.30899966E-02	6.91199973E-02	7.29900002E-02	7.34400004E-02	7.71299973E-02	8.31600055E-02	8.48700032E-02	7.73100033E-02	6.70500025E-02	6.21000044E-02	6.42599985E-02	7.56900087E-02	9.00900066E-02	8.91000032E-02	7.50600025E-02	6.26399964E-02	5.81400022E-02	5.51700033E-02	5.33700027E-02	5.28299995E-02	6.38099983E-02	9.48600024E-02	0.145260006	0.180360004	0.213840023	0.276749998	0.328590006	0.341280013	0.313919991	0.337770015	0.441000015	0.467280000	0.376560003	0.349199980	0.362880021	0.358110011	0.323280036	0.313650012	0.331470013	0.360540003	0.382409990	0.404729992	0.512820005	0.725940049	0.887040019	0.852930009	0.717480063	0.719730020	0.755730033	0.728639960	0.629999995	0.520560026	0.448020011	0.390150011	0.289620012	0.213210002	0.157950014	0.132480010	0.107280001	0.108270004	0.114030004	0.140670002	0.153360009	0.177300006	0.227970004	0.294120014	0.396270007	0.513090014	0.515250027	0.420480013	0.347760022	0.365669996	0.404190034	0.388170004	0.372960031	0.553499997	0.784890056	0.713970065	1.02842999	1.53756011	1.09026003	0.339570016	0.232199997	0.504180014	0.846180081	0.793440044	0.770669937	1.09809017	1.53711009	1.96667993	2.32028985	2.64456034	2.86983013	2.67525029	2.40245986	2.29770017	2.67417002	3.16763997	3.17024994	3.03021002	2.91249013	2.78793025	3.14559007	3.88934994	3.81158948	2.65941000	2.47968006	4.19858980	6.34815025	4.64004040	3.07953000	2.73339009	2.59163976	2.29788017	2.23245001	2.25864005	2.22948003	2.27988005	2.43719983	2.62377024	2.69352007	2.69487000	2.74184990	2.77973986	2.86685991	2.89916968	2.87046027	2.82024002	2.82275987	2.94569969	3.08043003	3.11579967	3.10788012	3.06801009	3.04083014	3.03263998	2.98322988	2.99285960	2.97333002	2.92859983	2.87036991	2.79161978	2.81222987	2.88170958	2.90682006	2.92671013	2.95092010	2.94407988	2.86199999	2.77982950	2.74932003	2.67227983	2.57445025	2.50182009	2.41065001	2.28473997	2.30481005	2.38112998	2.33846974	2.22246003	2.18025017	2.14965010	2.05164003	1.96361995	1.90205991	1.86633003	1.87469983	1.95380998	1.97441995	1.96721983	1.95930004	1.98585010	2.04984021	2.07494998	2.08026028	2.03301001	2.01023984	2.06910014	2.16765022	2.26232982	2.42919016	2.64159012	2.85416985	3.01887012	3.17016006	3.26870990	3.35321975	3.47930980	3.62816954	3.69171023	3.70881009	3.89394021	4.08527994	4.08095980	4.14162016	4.27031994	4.20228004	4.03371000	4.00392008	3.97701025	3.99564004	3.92516971	3.70044041	3.28904963	2.89583993	2.66408968	2.53637981	2.43494987	2.39787006	2.33325005	2.20940995	2.09412003	2.06829000	2.05641007	2.07081008	2.11050010	2.06523013	1.95956993	1.83770990	1.69812000	1.57509005	1.57616997	1.65663004	1.64735997	1.54008007	1.49687994	1.47699010	1.39841998	1.31985009	1.26135004	1.18017006	1.18763995	1.35449994	1.46133006	1.27395010	1.06110001	1.14875996	1.36107004	1.30590010	1.10493004	1.23264003	1.39760995	1.21122003	0.875160038	0.863819957	1.44801009	2.23046994	2.21886015	2.45537972	3.59595013	4.27022982	3.53609967	2.42009997	1.86966014	2.06559014	1.99295998	1.67138994	1.71656990	2.10456014	2.79648018	3.48533988	3.56382036	3.23558998	2.72934008	2.32037997	2.18331003	2.17143011	2.29005003	2.64266992	2.63393998	2.33604002	2.11022997	2.10068989	2.27447987	2.56788015	2.80142999	2.83526993	2.77281022	2.64041996	2.72636986	3.01986003	3.09735012	2.91249013	2.70882010	2.52458978	2.38329029	2.25152993	2.25882006	2.24540997	2.24514008	2.18448019	2.18537998	2.25603008	2.24154019	2.20976996	2.26197004	2.21030998	2.06423998	1.94381988	1.83789003	1.71287990	1.65329993	1.72241998	1.70910013	1.64664006	1.73898005	1.86020994	1.74374998	1.51317000	1.37618995	1.34379005	1.22615993	1.13571000	1.16036999	1.12544990	1.01556003	0.931859970	0.915479958	0.901530027	0.810809970	0.717929959	0.606959999	0.498599976	0.387360036	0.298169971	0.229230002	0.177479997	0.150120020	0.132119998	0.123029999	0.115289994	0.118260019	0.119880013	0.127260014	0.141570002	0.133200020	0.103320003	9.61199924E-02	0.101970002	0.110070005	0.118170001	0.109439999	9.99000072E-02	0.103859998	0.116549991	0.123930007
22.0000000	9.21600088E-02	6.20100051E-02	5.45400046E-02	5.42699993E-02	5.53500019E-02	7.04699978E-02	8.81099999E-02	8.83800015E-02	8.03700015E-02	7.25400075E-02	6.03900068E-02	5.65200038E-02	5.71500026E-02	5.04000001E-02	4.49100025E-02	5.50800003E-02	7.29900002E-02	9.35100019E-02	0.103500001	8.71199965E-02	6.09299988E-02	4.63500023E-02	4.88700010E-02	5.57999983E-02	6.02100007E-02	6.67800009E-02	7.16399997E-02	6.75000027E-02	6.35400042E-02	5.16599976E-02	4.44599986E-02	4.40100022E-02	5.25600053E-02	6.17400073E-02	7.05600008E-02	9.85500067E-02	0.158490002	0.188100010	0.190980002	0.238589987	0.354690015	0.482850045	0.388080031	0.272250026	0.313109994	0.396180034	0.399240017	0.339030027	0.299340010	0.286470026	0.289349973	0.283589989	0.287100017	0.335340023	0.373499990	0.353159994	0.396360010	0.615330040	0.831060052	0.785700023	0.659340024	0.548730016	0.530460000	0.473130077	0.390599996	0.324900031	0.267209977	0.221310005	0.188369989	0.150389999	0.139860019	0.124469995	8.45999941E-02	7.32599944E-02	8.23500007E-02	0.100800008	0.104040004	0.144360021	0.226350009	0.295920014	0.355140060	0.394110024	0.344790012	0.283320010	0.276749998	0.371250033	0.437490016	0.378090054	0.348030001	0.500220001	0.629459977	0.455309987	0.610920012	0.926190019	0.742500067	0.251010001	0.187380001	0.387629986	0.581580043	0.531180084	0.594449997	0.896489978	1.04291999	1.15893006	1.33109999	1.60163999	1.78892994	1.73952007	1.63701010	1.53998995	1.88712013	2.44916987	2.48525977	2.23101020	2.18852997	2.26754999	2.60558987	3.73365021	4.68953991	3.38535023	2.10780001	2.48174977	2.89512014	2.54349017	2.22633004	2.16971993	2.08331990	2.02257013	2.09636998	2.14703989	2.13866997	2.20796990	2.33288980	2.40920997	2.41964984	2.53646994	2.71494007	2.81330991	2.82365966	2.76435018	2.69936991	2.75598001	2.86334991	3.05604005	3.19391990	3.16457987	3.09582019	3.06458974	3.01031971	3.00672030	3.01850986	3.00078034	2.94272995	2.90204978	2.87208009	2.84958005	2.84328008	2.83356023	2.76381016	2.72124028	2.77803016	2.75993991	2.64617991	2.55176997	2.48687983	2.31237006	2.20554018	2.15936995	2.08124995	1.98234010	1.97253001	2.01941991	1.97792995	1.95992994	1.95191991	1.88945997	1.79729998	1.75139999	1.71711004	1.65842998	1.70738995	1.81485009	1.83536994	1.82258987	1.85813999	1.91798985	1.94948995	1.97513998	1.98053992	1.92491996	1.91474998	2.00942993	2.10060000	2.20697975	2.34323978	2.45483994	2.52675009	2.67714000	2.86910963	2.95794010	3.14234996	3.43493962	3.49542022	3.38948989	3.46968007	3.67155004	3.72411013	3.73751998	3.86019039	4.05251980	4.10228968	4.03298998	4.03064966	3.98196006	3.91625977	3.66830993	3.42026997	3.22092009	2.99727011	2.82608986	2.75174999	2.65301991	2.51919007	2.43494987	2.38031983	2.32758021	2.23668003	2.18088007	2.16540027	2.16026998	2.13750005	2.04039001	1.89081001	1.80576015	1.76292002	1.81179011	1.88496017	1.90017021	1.87731004	1.86957002	1.79253006	1.65393007	1.59056997	1.49607003	1.43631005	1.40670013	1.37565005	1.44252014	1.46276999	1.23669004	1.08450007	1.36404002	1.37961006	1.05894005	1.03041005	1.15038002	1.13544011	0.869040012	0.714510024	1.01087999	1.66022992	1.93184996	2.14785004	2.97521996	3.77145028	3.40272021	2.26007986	1.47060001	1.41444004	1.50506985	1.36664999	1.57509005	2.17359018	3.04524016	3.51215982	3.19229984	2.82708001	2.48940015	2.06712008	1.84824002	1.75841987	1.65338993	1.69325995	1.49129999	1.65779996	2.67830992	3.00671983	2.41082978	2.50713015	2.91599989	3.18140984	3.30299997	3.08924985	2.69585991	2.60505009	2.71727991	2.63835001	2.40237021	2.25477004	2.17637992	2.08413005	1.91033983	1.90233016	2.01086998	2.02940989	1.95569980	1.95309007	1.96676993	1.91970003	1.90665007	1.87695014	1.79351997	1.68992996	1.58210993	1.52477992	1.52936995	1.52711999	1.52487004	1.50696003	1.46600997	1.48041010	1.49175012	1.39274991	1.23812997	1.20393002	1.18962002	1.12932003	1.07271004	0.987480044	0.974160075	0.945089877	0.845910013	0.768150032	0.710189998	0.638909996	0.501390040	0.397260010	0.305910021	0.214919999	0.156870008	0.125279993	0.111329995	0.108450010	0.110160001	0.109530017	0.118260004	0.117629990	0.126179993	0.136170015	0.124109998	0.105480008	0.102600008	0.112320006	0.120870002	0.108270004	9.16200057E-02	8.76600072E-02	9.54900011E-02	0.110250011	0.118710004
21.0000000	6.68700114E-02	5.31900004E-02	5.87700009E-02	5.55300042E-02	4.82399985E-02	5.00400029E-02	5.14799990E-02	4.90500033E-02	4.93200012E-02	4.82400022E-02	3.92400026E-02	3.50099988E-02	3.64500023E-02	3.63599993E-02	3.59999985E-02	4.30199988E-02	6.35400042E-02	8.98200050E-02	0.108360007	8.49599987E-02	4.71599996E-02	3.25799994E-02	3.96000035E-02	4.81500030E-02	4.94999997E-02	5.25600053E-02	5.43599986E-02	5.23799956E-02	4.70699966E-02	4.06799987E-02	3.72599997E-02	4.10399996E-02	5.46300039E-02	6.27299994E-02	6.13800064E-02	7.63200000E-02	0.137430012	0.175860018	0.161190003	0.186750010	0.309330016	0.499139994	0.427680016	0.249840021	0.201240003	0.258300036	0.329490006	0.320040017	0.290700018	0.299430013	0.339750022	0.339930028	0.340380013	0.389340013	0.418950021	0.394740015	0.401310027	0.480960011	0.579959989	0.560609996	0.465930015	0.414810002	0.356670022	0.269639969	0.220590025	0.204839975	0.188369989	0.165600002	0.142740011	0.118170008	0.103679992	8.24399963E-02	6.68700039E-02	6.75900057E-02	8.09100047E-02	9.72900018E-02	9.80100036E-02	0.155340001	0.249840006	0.290790021	0.268830001	0.235710010	0.205020010	0.192600012	0.217800021	0.336870015	0.426960051	0.402480036	0.377999991	0.487619996	0.578160048	0.417779982	0.338669986	0.466110021	0.350459993	0.150480017	0.122220010	0.213300020	0.285659999	0.288630009	0.373319983	0.541800022	0.638280034	0.883530021	1.19951999	1.16945994	1.01421010	0.991980016	1.05380988	1.01060998	1.16784000	1.51757991	1.70279980	1.84256995	2.25926995	2.63600993	2.78297997	3.65093994	4.90949965	3.99375010	2.50695014	2.41658998	2.54502010	2.22147012	2.13237000	2.09466004	2.01015019	2.06370020	2.17979980	2.15874004	2.16144013	2.28006029	2.35277987	2.38049984	2.51118016	2.81673002	3.00941992	3.02156973	2.96685004	2.85794997	2.80727983	2.89557004	3.06224990	3.20345950	3.22937989	3.22856998	3.25440001	3.27581954	3.17979002	3.12012005	3.08277011	3.00230980	2.91789007	2.90177989	2.88755989	2.85255003	2.80116034	2.71223998	2.60585999	2.58066010	2.63042998	2.58822012	2.47437000	2.33072972	2.17737007	2.03066993	1.93391991	1.85921991	1.77768016	1.73430002	1.73025000	1.75589991	1.76138997	1.77462006	1.74546015	1.67777991	1.65347993	1.66275001	1.67498994	1.69056010	1.79505002	1.85373008	1.78722000	1.77570009	1.85696995	1.92258000	1.91141999	1.91357994	1.92663002	1.92393005	1.99017012	2.06684995	2.07135010	2.11644006	2.21966982	2.21103001	2.22912002	2.40399003	2.57031012	2.67804003	2.99160004	3.28437018	3.15648007	2.96567988	3.15720034	3.58982992	3.70548010	3.55499983	3.64887023	3.86720991	3.90951014	3.88746023	3.89816976	3.82364988	3.67713022	3.42602968	3.29597998	3.31974006	3.25737000	3.12056994	3.00528026	2.89179015	2.77416015	2.63636994	2.60694003	2.53790998	2.45024991	2.40174007	2.33846998	2.24603987	2.16333008	2.13309026	2.10357022	2.09232020	2.11779046	2.22417021	2.36331010	2.39670014	2.38572025	2.31534004	2.18150997	2.02859998	1.94787002	1.81575012	1.74726009	1.69092000	1.50389981	1.49057996	1.70316017	1.61010003	1.25244021	1.26459002	1.37592006	1.15245008	1.14578998	1.32740998	1.41651011	1.22184002	0.866609991	1.07486999	2.07936001	3.15575981	3.46517968	3.42063022	3.79791021	3.96350980	3.12947989	1.98080993	1.49624991	1.36844993	1.25423992	1.51505995	2.20958996	3.38840985	4.30946970	3.34817958	2.71845007	2.56787992	2.09205008	1.69650006	1.57203007	1.45799994	1.26513004	1.34828985	1.82673013	3.13110018	3.19400978	1.79406011	1.45943999	1.82151008	2.70566988	3.33224988	3.13875008	2.52072024	2.18447995	2.23046994	2.19500995	2.03120995	1.98953998	2.06757021	2.06163001	1.87281013	1.73951995	1.70810997	1.73951995	1.72044015	1.68777013	1.70289016	1.68048000	1.63106978	1.58021986	1.55069995	1.50642002	1.40354991	1.42569005	1.41525006	1.38005996	1.38419998	1.42173004	1.32381010	1.20852005	1.22372997	1.24055994	1.14956999	1.09404004	1.10420978	1.10312998	1.04814005	0.931859970	0.881280005	0.871649981	0.786509931	0.674280047	0.589410007	0.512459993	0.371069968	0.279000014	0.212129995	0.151740015	0.121320009	0.117360011	0.114390001	0.108090021	9.62100103E-02	9.32400003E-02	0.100979999	0.108360007	0.113399997	0.118170008	0.116730005	0.102870002	9.73800048E-02	0.100350000	9.39600021E-02	7.42499977E-02	7.01099932E-02	8.21700022E-02	9.57600027E-02	0.103589997	9.50400084E-02
20.0000000	5.55300005E-02	5.53500056E-02	5.50800003E-02	5.00399992E-02	4.24800031E-02	4.19399999E-02	3.74400020E-02	3.09600011E-02	3.25799994E-02	3.76200005E-02	3.39300036E-02	3.06900013E-02	3.15899998E-02	3.22199985E-02	2.96099987E-02	2.77200006E-02	3.74399982E-02	5.49900010E-02	7.07399994E-02	5.59800006E-02	3.33900005E-02	2.25900002E-02	2.73599997E-02	3.69000025E-02	4.29299995E-02	4.76099998E-02	4.90499996E-02	4.24799994E-02	3.53699997E-02	3.24900001E-02	3.16800028E-02	3.70800048E-02	4.59900014E-02	4.47300002E-02	3.55500020E-02	4.77900058E-02	0.110340007	0.188009992	0.162090003	0.117000006	0.160740003	0.286920011	0.361890018	0.328590035	0.235529989	0.215280011	0.283769995	0.363960028	0.353610039	0.334799975	0.376830012	0.396359980	0.382680029	0.387270004	0.406620026	0.406170011	0.425070047	0.481860042	0.490229994	0.387449950	0.346680015	0.308970004	0.270180017	0.218340009	0.170730010	0.142920017	0.139050007	0.130410016	0.112499990	7.84799978E-02	5.47199994E-02	5.03100008E-02	5.84100075E-02	5.54400012E-02	6.07500002E-02	8.69399980E-02	8.90999958E-02	0.124290004	0.205110013	0.219510019	0.198810026	0.221040010	0.280080050	0.299970031	0.275940031	0.295200020	0.342449993	0.328679979	0.282600015	0.305550009	0.369719982	0.282600015	0.174420014	0.168480009	0.135000005	7.20000044E-02	6.48900047E-02	0.106109999	0.154080003	0.166410014	0.188730001	0.249929994	0.407250017	0.790199995	1.28214002	1.22508001	1.04391003	0.863909960	0.802440047	0.921239972	1.24290001	1.64250016	1.81538999	1.88639998	2.50893021	2.96496010	2.68343997	2.75319004	3.28779006	2.75480986	2.14640999	2.86262989	3.56615996	2.86506009	2.26116014	2.13146996	2.20860004	2.39822984	2.55293989	2.56139994	2.63088012	2.75283003	2.72429991	2.75166011	3.00942016	3.33999014	3.40118980	3.35214019	3.23594999	3.11768961	3.11759973	3.22200012	3.34961987	3.38597989	3.42612028	3.55122018	3.59378982	3.51719999	3.37257004	3.28535986	3.13883996	2.99358010	2.88197994	2.84607005	2.85156012	2.82735014	2.75796008	2.63952017	2.53349996	2.49408007	2.46095991	2.38814998	2.30076003	2.16062999	1.95984006	1.83177006	1.76769006	1.66733992	1.62315011	1.62009001	1.60137010	1.56410992	1.57715988	1.60640991	1.59047997	1.57634985	1.59633005	1.65599990	1.70738995	1.76102984	1.83662999	1.79144990	1.73421001	1.75130999	1.83069015	1.93463993	1.96694994	1.94588995	1.91574001	1.92735004	1.97361004	1.97720993	1.96380007	1.97738993	2.04101992	2.03904009	2.06648993	2.26296020	2.37213016	2.52972007	2.89566016	3.05901003	2.77082968	2.54043007	2.71872020	3.37275004	3.79512000	3.45689988	3.33449984	3.53007007	3.60863996	3.65166020	3.64076996	3.51549006	3.43547988	3.39227986	3.40110016	3.45213008	3.43547964	3.33180022	3.21255016	3.14450979	3.05036998	2.85714006	2.75616002	2.75598025	2.70431995	2.64374995	2.51666999	2.34576035	2.31219006	2.41622996	2.44466996	2.45609999	2.54681969	2.68776011	2.89287019	2.97746992	2.91104960	2.77434015	2.64851999	2.55401969	2.45952010	2.27357984	2.09961033	2.02968001	1.90197003	1.79820025	1.93158019	1.92969000	1.55322003	1.29879010	1.32561004	1.26531005	1.26234019	1.37088001	1.49247015	1.38716996	0.973080039	1.09142995	2.06576991	3.57722998	4.17131996	3.46274972	3.16169977	3.91419029	4.31604004	3.01958990	1.78676999	1.47978008	1.69829988	1.98000014	1.98963022	3.18528008	5.05845022	3.51018000	2.68712974	3.02013016	2.85714030	2.37735009	2.13435030	1.68012011	1.34370005	1.40516996	1.79343009	1.98953998	1.84724998	1.45556998	1.63467002	1.76048994	2.23388982	3.16295981	3.06639004	2.30615973	1.94102979	1.97828996	1.93067992	1.78334999	1.75977004	1.77983999	1.78307998	1.79945982	1.72988999	1.58085024	1.56824994	1.58175015	1.49435997	1.44909000	1.49274004	1.48536003	1.40544009	1.36565995	1.33704007	1.23812997	1.28052008	1.35684001	1.33127999	1.28429997	1.32183003	1.28447998	1.14380991	1.09079993	1.09998000	1.06542003	1.03625989	0.992070079	0.950759947	0.919890046	0.834120035	0.752490044	0.712259948	0.677790046	0.570959985	0.445140034	0.373319983	0.284670025	0.205019996	0.155250013	0.129510015	0.126180023	0.133650005	0.125459999	0.108900018	9.51300040E-02	8.05500075E-02	8.29799995E-02	9.32400003E-02	9.54000056E-02	0.100979999	0.106650002	9.33300033E-02	8.23499933E-02	8.12700093E-02	7.70399943E-02	7.12800026E-02	8.10000002E-02	9.19800028E-02	8.94600004E-02	7.96500072E-02	6.71400055E-02
19.0000000	5.22900037E-02	4.72500026E-02	4.28400002E-02	3.84299979E-02	3.64500023E-02	3.47399972E-02	2.75400002E-02	2.41199993E-02	2.83499993E-02	3.55499983E-02	3.39299999E-02	2.86199991E-02	2.69099995E-02	2.82600001E-02	2.35799998E-02	2.15099994E-02	2.71800011E-02	3.32100019E-02	3.59099992E-02	2.88900007E-02	2.01600026E-02	1.86299998E-02	2.87999976E-02	4.12200019E-02	4.37400006E-02	3.95999998E-02	3.61800008E-02	3.04199997E-02	2.60100011E-02	2.48400010E-02	2.31299996E-02	2.69999988E-02	3.11400015E-02	2.85300016E-02	2.63700001E-02	3.86999995E-02	8.55000094E-02	0.206459984	0.265590012	0.171900004	0.113580003	0.154170007	0.262170047	0.477810025	0.497339994	0.318329990	0.345420003	0.450450033	0.446850032	0.352260023	0.341190010	0.398700029	0.416249990	0.396630049	0.388889998	0.387360007	0.426690012	0.463410050	0.392939985	0.317429990	0.272340000	0.234090015	0.184590027	0.160200015	0.125730008	9.79200080E-02	8.49600062E-02	8.75700116E-02	8.48700106E-02	6.71399981E-02	5.32799996E-02	4.92300056E-02	4.77900021E-02	3.74400020E-02	4.12200019E-02	7.61400014E-02	7.02899992E-02	9.78300050E-02	0.152459979	0.159480006	0.151290014	0.216360018	0.371520042	0.418320030	0.322829992	0.273240030	0.267120034	0.258030027	0.229859993	0.199170023	0.222839996	0.209520012	0.132570013	0.101879999	7.74000064E-02	4.33800034E-02	3.34799998E-02	4.75200005E-02	8.78400058E-02	0.108450010	0.100980006	0.131130010	0.242729992	0.479070038	0.710640073	0.791279972	1.21788001	1.13796008	0.741959929	0.891810000	1.46411991	2.13146973	2.21309996	1.87541986	1.96191001	1.89485991	1.57491004	1.86597002	1.74140990	0.948689997	0.846180022	2.21066999	4.37436008	4.06080008	2.67668986	2.42738986	2.75651956	2.95047021	3.02876997	3.17727017	3.35834980	3.44960976	3.39615011	3.60090065	3.96522045	4.10994005	3.96746945	3.84326982	3.75965977	3.73499990	3.72204018	3.73652959	3.78017998	3.79548025	3.84867001	3.90689993	3.82869005	3.66048002	3.47804999	3.35655022	3.16313958	2.99934006	2.92022991	2.84166026	2.75048995	2.72708988	2.63475013	2.52998996	2.43953991	2.33955002	2.26007986	2.16828012	2.09097004	2.02805996	1.86768019	1.74518991	1.63628995	1.55826008	1.52217007	1.49013007	1.45115995	1.43702996	1.46087992	1.48383009	1.52207994	1.59732008	1.65375006	1.68183005	1.71450007	1.76057994	1.76769006	1.70855999	1.69605005	1.70054996	1.72089005	1.79127002	1.86363006	1.84850991	1.81223989	1.79874003	1.80198002	1.81242001	1.83950996	1.85381997	1.88630998	1.94327986	2.00141978	2.21030998	2.31885004	2.51064014	2.87864995	2.87127018	2.45043015	2.21831989	2.35979986	3.05387998	3.61277986	3.15891004	2.92437005	3.20085001	3.36492014	3.43448997	3.47166014	3.35691023	3.32991004	3.46256995	3.55518007	3.58218002	3.55356026	3.48966026	3.44340038	3.46356034	3.29813981	2.99870992	2.83698010	2.84921980	2.85128999	2.82303023	2.70855021	2.59866023	2.65320015	2.72448015	2.72979021	2.78217006	2.88576007	3.01014018	3.22101021	3.44592023	3.44537997	3.28454995	3.16791034	3.05433011	2.96199012	2.70269990	2.43332982	2.41713023	2.35710001	2.12229013	1.99007988	1.93950009	1.73808014	1.52469003	1.44072008	1.29744005	1.10574007	1.04228997	1.00836003	0.898109972	0.817740083	1.04624999	1.57076991	2.02563000	2.50875020	2.58813000	2.26737022	3.53438997	5.28173971	3.79808998	1.83150017	1.45835996	2.60900974	3.50523019	3.52691984	4.75920010	5.81391001	3.69242978	2.90304017	3.19977021	3.21767998	3.27374983	3.64040995	2.97818995	1.75985992	1.23056996	1.51767015	1.82609999	1.58328009	1.74095988	2.10509992	1.98873019	2.09295011	2.98098016	3.02912998	2.02338004	1.50911999	1.54629004	1.56014991	1.53486001	1.58850002	1.54899013	1.42622983	1.46546984	1.51848006	1.44026995	1.45341003	1.50174010	1.45368004	1.39203012	1.43261993	1.43999994	1.33227003	1.26837003	1.31399989	1.25010002	1.19501996	1.27242017	1.33802998	1.24947000	1.18691993	1.16135991	1.09899008	1.05461991	0.985950053	0.906210005	0.901170015	0.852299988	0.756720006	0.707130015	0.656009972	0.577979982	0.511920035	0.486719996	0.400050014	0.309419990	0.257490009	0.213840023	0.167039990	0.142650023	0.139679983	0.148589998	0.152549997	0.139500007	0.115650006	9.88200009E-02	8.45100135E-02	8.21700022E-02	8.84700045E-02	9.53100026E-02	0.106650002	0.106830008	9.08100009E-02	8.19900110E-02	8.10900107E-02	8.06400031E-02	8.15400034E-02	8.52299929E-02	8.37900043E-02	7.30799958E-02	6.08400032E-02	5.54400012E-02
18.0000000	3.68099995E-02	3.00599970E-02	3.01499981E-02	3.45600024E-02	3.18600014E-02	2.33100001E-02	1.99799985E-02	2.11499985E-02	2.69099995E-02	3.10500003E-02	2.63700020E-02	2.27700006E-02	2.43900008E-02	2.52000000E-02	2.32200008E-02	2.08800007E-02	2.25900002E-02	2.30400003E-02	2.13299990E-02	1.81799997E-02	1.55700007E-02	1.90800000E-02	3.03300023E-02	4.04100008E-02	3.59099992E-02	2.55599990E-02	2.20500007E-02	1.99799985E-02	1.85400005E-02	1.93499997E-02	2.01599989E-02	2.17800010E-02	2.17799991E-02	2.28599980E-02	2.62800008E-02	3.01500037E-02	4.79700081E-02	0.124380007	0.300060034	0.302399993	0.156870008	0.100980006	0.163709998	0.436860025	0.681210041	0.406260014	0.323280007	0.410130024	0.462960035	0.358380020	0.347130001	0.497070014	0.562950015	0.498150051	0.473490000	0.458820015	0.418229997	0.341820031	0.286379993	0.257670045	0.241109997	0.201330021	0.141120002	0.100530013	8.21700096E-02	7.27199987E-02	6.93899989E-02	6.81300014E-02	6.31799996E-02	5.68800010E-02	5.09399995E-02	4.45500053E-02	3.98700014E-02	3.39299999E-02	4.00500037E-02	6.87600076E-02	6.97500035E-02	7.97400028E-02	0.143820003	0.172530010	0.147599995	0.192959994	0.297719985	0.304289997	0.242820024	0.225900009	0.233820006	0.231030002	0.194310009	0.165690005	0.169830009	0.164609998	0.109980002	8.07300061E-02	4.55400012E-02	2.99699996E-02	3.02399993E-02	3.58199999E-02	5.76900020E-02	7.28100017E-02	7.58699998E-02	0.105210014	0.159029990	0.187920004	0.198450014	0.302849978	0.967590034	1.61469007	0.922860026	0.748620033	1.11995983	1.69308007	1.88774991	1.63025999	1.33164012	0.941670001	0.775259912	1.22804999	0.853919983	0.328139991	0.383850008	1.73529005	4.75127983	5.67314959	3.77280021	3.05999994	3.46391964	3.61323023	3.67802978	3.93497992	4.17293978	4.27086020	4.46516991	4.91210985	5.14350033	4.90014076	4.60584021	4.50297070	4.39686012	4.36310959	4.37292004	4.31459951	4.24944019	4.23755980	4.20443964	4.06655979	3.89429975	3.63302994	3.37311029	3.21075010	3.02004004	2.92778969	2.86326003	2.74067998	2.54133010	2.46177006	2.35052991	2.27942991	2.25378013	2.21129990	2.14587021	2.05479002	1.91627979	1.88756990	1.84905005	1.71603000	1.56005991	1.49462998	1.45178998	1.37115002	1.34396994	1.40598011	1.46249998	1.45817995	1.46996987	1.53548980	1.60640991	1.62891006	1.63260007	1.63566005	1.62566996	1.61090994	1.59498000	1.56689990	1.52793002	1.56312001	1.59794998	1.55934000	1.53990006	1.51479006	1.50984001	1.58489990	1.65681005	1.68408012	1.68650997	1.77183008	1.83789015	2.02193999	2.17575002	2.30804992	2.58840013	2.63024998	2.31273031	2.05641007	2.18852997	2.81457019	3.15423036	2.79756021	2.72834992	3.05163026	3.19221020	3.19905019	3.31965017	3.38049006	3.43881011	3.56778002	3.69954038	3.72834015	3.70242023	3.72204041	3.79853988	3.79034996	3.59811020	3.22506022	3.03624010	2.95271993	2.92526984	2.95154977	2.91869998	2.85048008	2.82645011	2.80917001	2.87108994	3.02760005	3.19068003	3.36923981	3.69449997	3.98213983	3.95063996	3.83814049	3.79521012	3.58686018	3.42836976	3.17241025	2.92688966	2.83553982	2.69369984	2.38428020	2.09474993	1.93130994	1.81962013	1.71566999	1.59029996	1.39293015	1.13165998	0.889740109	0.776340008	0.693810046	0.820620000	1.10582995	1.28798997	1.32326996	1.60785019	2.17781997	2.07315016	2.72627974	4.97403049	4.27571964	2.18006968	1.24506009	2.23820996	4.04981995	5.34150028	5.98932028	5.29155016	4.12515020	4.14783001	3.49955988	2.64464974	2.70054007	3.39353991	3.58083010	2.97585011	2.62053013	3.23468971	3.26250005	1.83240020	1.37636983	1.34496009	1.24847996	1.47051001	2.26331997	2.49875975	1.61397016	1.17620993	1.28114998	1.28637004	1.22652006	1.33110011	1.46106005	1.39014006	1.31931007	1.34477997	1.35459018	1.34973013	1.33829999	1.36169994	1.36898994	1.36647010	1.39320004	1.35441005	1.28465998	1.34055007	1.33955991	1.20609009	1.16955006	1.28546989	1.22777998	1.10312986	1.03760993	0.988920033	0.949229956	0.868409991	0.747539997	0.684899986	0.655560017	0.559799969	0.466560036	0.427949995	0.384840041	0.332100004	0.339659989	0.310860038	0.248310015	0.214380011	0.197459996	0.181619987	0.176580027	0.180630013	0.182700008	0.173250005	0.148230001	0.119159997	9.77400020E-02	8.62200037E-02	8.54100063E-02	9.17999968E-02	9.97200012E-02	0.100619994	9.38699991E-02	8.00999999E-02	7.36199990E-02	7.47899935E-02	7.87499920E-02	8.11800063E-02	7.74900019E-02	6.82200044E-02	5.58000021E-02	4.67099994E-02	4.23900001E-02
17.0000000	1.87199991E-02	1.59300007E-02	2.20499989E-02	3.21300030E-02	2.55599990E-02	1.74599998E-02	1.60200000E-02	1.82700008E-02	2.02500001E-02	1.82700008E-02	1.61099993E-02	2.03399993E-02	2.51100007E-02	2.33100001E-02	2.23200005E-02	1.79099999E-02	1.80900004E-02	1.80000011E-02	1.60200000E-02	1.35000004E-02	1.17899999E-02	1.39500005E-02	2.17800010E-02	2.85299998E-02	2.45699994E-02	1.80900004E-02	1.53900003E-02	1.59299988E-02	1.56600010E-02	1.76400002E-02	1.96200032E-02	2.17799973E-02	2.00699996E-02	1.80900004E-02	1.93499997E-02	1.98899992E-02	2.07899995E-02	5.07600047E-02	0.191250011	0.343889982	0.242100015	0.133920014	0.126000002	0.271439999	0.568440020	0.434160024	0.226259977	0.255239964	0.403020024	0.429570019	0.436140031	0.627480030	0.707580030	0.571140051	0.507870018	0.482309967	0.378990024	0.285569996	0.236880004	0.210690007	0.184139997	0.140939996	0.102959998	7.41600022E-02	5.61599992E-02	5.18399999E-02	5.78700006E-02	5.57099991E-02	4.70700040E-02	4.56300005E-02	5.11200018E-02	4.51800041E-02	3.86999995E-02	4.05899994E-02	4.41900007E-02	6.39000013E-02	6.25500008E-02	5.54400012E-02	0.111060001	0.161460012	0.143820003	0.169019997	0.226169989	0.217080012	0.190440014	0.201510012	0.209969997	0.194850013	0.163890019	0.145980015	0.127169997	0.111690000	6.83100000E-02	4.23000045E-02	3.08699980E-02	3.86099964E-02	4.74300012E-02	5.15700020E-02	5.87699972E-02	5.46300001E-02	5.08500002E-02	9.02700052E-02	0.170280010	0.157140002	0.107820004	0.165600002	0.607050061	1.72862995	1.88162982	1.34253001	1.12104011	1.36169994	1.58876991	1.48968017	1.16856003	0.730170012	0.618750036	0.895770013	0.549989998	0.261000007	0.443070024	1.92167962	4.75263023	6.58926010	4.88159990	3.94487977	4.21433973	4.31028032	4.60808945	5.00751019	5.11478996	5.31008959	5.80770063	6.02271032	5.75577021	5.30370045	5.21792984	5.11865997	4.93568993	4.88583040	4.88474941	4.65084028	4.45338011	4.40198994	4.26527977	4.05701971	3.82554007	3.50135994	3.11508012	2.88602996	2.72168994	2.58443975	2.44368029	2.35422015	2.22434998	2.14910984	2.06135988	2.04885006	2.06891990	2.02607989	1.92104995	1.83824992	1.72674000	1.67786992	1.67778003	1.60065007	1.47635996	1.42424989	1.38158989	1.30904996	1.30401003	1.33011007	1.35053992	1.37699997	1.38780022	1.38078010	1.40480995	1.43657994	1.40454006	1.35926998	1.34325004	1.35855007	1.37348998	1.35414004	1.35206997	1.37205005	1.32804000	1.24839008	1.22372997	1.20384002	1.21256995	1.29914999	1.36422002	1.36584008	1.39796996	1.50408006	1.54926002	1.71278989	1.89675009	1.91870987	2.03868008	2.22084022	2.19275999	2.04876018	2.19815993	2.62809014	2.81879973	2.69639993	2.75282979	2.98709989	3.10095000	3.14892006	3.33224988	3.54482985	3.71313024	3.78098989	3.81527972	3.82572007	3.91068029	4.01706028	4.05846024	3.95208001	3.73221040	3.48201013	3.31505990	3.14694023	3.06990027	3.12407970	3.08897996	3.02958012	2.97846007	3.01499987	3.17223001	3.43548012	3.74831986	4.01274014	4.42773008	4.73562002	4.57991982	4.34546995	4.36652994	4.23170996	3.89430022	3.74877000	3.60063004	3.37652993	3.07079983	2.68785000	2.34837008	2.14704013	1.93346989	1.68218994	1.51461017	1.46888995	1.37205005	1.17837000	0.906930029	0.757169962	0.909810066	1.14497995	0.996029973	0.891539991	1.19861996	1.58759999	1.33667994	1.02987003	2.00637007	3.12786031	3.00869989	1.83878994	1.37079024	2.96568012	5.05692005	4.74920988	3.93875980	4.14026976	5.36427021	5.03459978	3.65571022	2.75085020	2.22759008	2.44512010	3.15269971	3.43358994	3.63222003	3.14360976	1.68786013	0.843930125	0.505620003	0.624599993	1.37735999	2.23901987	2.06225991	1.40004003	1.30067992	1.52496004	1.43297994	1.17071998	1.12545002	1.22975993	1.32570016	1.28772008	1.23344994	1.29123008	1.33784997	1.24029005	1.23065984	1.29267001	1.24335003	1.26459002	1.35458994	1.33109999	1.30968010	1.38240004	1.26791990	1.10898006	1.10258996	1.06812000	0.992069900	0.959309936	0.883620024	0.802260041	0.739710093	0.627030015	0.522450030	0.494190007	0.442710012	0.358020008	0.304560035	0.295379996	0.283589989	0.307260036	0.311939985	0.281430006	0.251460016	0.235800013	0.226350024	0.225360021	0.217080012	0.196830004	0.171179995	0.143909991	0.114570007	9.81900021E-02	8.74800012E-02	8.62200037E-02	8.69399980E-02	7.84800053E-02	7.26300031E-02	6.91199973E-02	6.56099990E-02	6.54300004E-02	6.93899989E-02	7.53299966E-02	7.31699988E-02	6.10200018E-02	4.75199968E-02	3.83400023E-02	3.33900042E-02	2.69099995E-02
16.0000000	1.42200002E-02	1.71900000E-02	2.16899998E-02	2.96999980E-02	1.94399990E-02	1.37700001E-02	1.28699997E-02	1.58399995E-02	1.52099989E-02	1.33200008E-02	1.61099993E-02	2.37600002E-02	2.42999997E-02	2.40300000E-02	2.25900002E-02	1.59300007E-02	1.34100001E-02	1.21499998E-02	9.81000066E-03	8.18999950E-03	7.83000048E-03	9.71999951E-03	1.51199996E-02	1.97100006E-02	1.89900007E-02	1.61099993E-02	1.76400002E-02	1.97099987E-02	1.56599991E-02	1.48500009E-02	1.62899997E-02	2.04300005E-02	1.49399992E-02	1.11599993E-02	1.32299997E-02	1.79999992E-02	1.78200006E-02	3.45599987E-02	0.146610022	0.402390003	0.542879999	0.300779998	0.159660012	0.217979997	0.639360011	0.886950195	0.297270000	0.213300020	0.446490020	0.578790009	0.501750052	0.617940009	0.690930009	0.508049965	0.377640009	0.328590006	0.282600015	0.233550012	0.199530020	0.169560015	0.121410005	9.09899920E-02	7.71300048E-02	6.30000010E-02	4.84200045E-02	4.99499962E-02	5.85899986E-02	5.73300011E-02	5.71499988E-02	6.34500012E-02	7.06500039E-02	5.47200032E-02	4.80599999E-02	4.83300015E-02	3.82499993E-02	5.03100008E-02	5.22000007E-02	3.85200009E-02	5.79600036E-02	0.108090006	0.139500007	0.176670000	0.224819988	0.232650027	0.214469999	0.221940026	0.210780025	0.186390013	0.191700026	0.184320018	0.150660008	0.112860009	4.94999997E-02	2.85299998E-02	3.93300019E-02	5.94899990E-02	6.35400042E-02	5.82300015E-02	5.97600043E-02	5.45399971E-02	4.41000015E-02	7.67700002E-02	0.187559992	0.177120000	0.106020004	0.143730015	0.474030048	1.39832997	2.61396027	3.02427030	2.41632009	1.98459005	1.70783985	1.46205008	1.21661997	0.877860010	0.772019982	0.859049976	0.582300007	0.330390006	0.500220001	1.84472978	4.77558041	6.33663034	5.27751017	5.12909985	5.42915964	5.34915018	5.85540009	6.25320005	6.13836050	6.52292967	6.75485992	6.19883966	5.84819984	5.80913973	5.58243036	5.34878969	5.21964025	5.19542980	5.03307009	4.69601965	4.47092962	4.28157043	4.01471949	3.81941986	3.63734984	3.31163979	2.92248011	2.73032975	2.53520989	2.26502991	2.10312009	2.07458997	2.00033998	1.94777989	1.90242004	1.89638996	1.89189017	1.79847002	1.67337000	1.60047007	1.50597000	1.40967000	1.38662994	1.35926998	1.30059004	1.27161002	1.22778010	1.19231999	1.20015001	1.16676009	1.13274002	1.18260002	1.22895002	1.19556010	1.19655001	1.21985996	1.17234004	1.11600006	1.10825992	1.13319004	1.13913012	1.13904011	1.15407002	1.13858986	1.05444002	0.988199949	0.975779951	0.978749931	1.01933992	1.08377993	1.08216000	1.06919992	1.14039004	1.23380995	1.30832994	1.49958003	1.62305999	1.61982000	1.66931999	1.83879006	1.99196994	2.07206988	2.25521994	2.53044009	2.69316006	2.74140000	2.83743000	3.01140022	3.16233039	3.26484013	3.45033050	3.72770977	3.91517997	3.90428996	3.79107022	3.84300065	4.04405975	4.20822001	4.21983004	4.11588001	3.84029984	3.62582994	3.56273985	3.40767002	3.30011988	3.29319000	3.28824019	3.26681972	3.36905980	3.55022955	3.74471974	3.98762989	4.34960985	4.63157988	4.95530987	5.41115999	5.26734018	4.74245977	4.68765020	4.82723999	4.46175003	4.28598022	4.25474977	4.01543999	3.56795979	3.05630994	2.66265011	2.52468014	2.29221034	1.86111021	1.48023009	1.34874010	1.42731023	1.47717011	1.20788991	0.916019976	0.937260032	0.991530061	0.684270024	0.405180007	0.440099984	0.501839936	0.362070024	0.173610002	0.271620005	1.42038000	2.89385986	2.71781993	1.82223010	2.32452011	3.97818017	3.96251988	3.04407001	2.93462992	4.18175983	5.62112951	5.55731964	3.86361003	2.67983985	2.60001016	2.36556005	1.81169999	1.44729006	1.45430994	1.48626006	1.37439001	1.26611996	1.53495002	2.15460014	2.26962018	1.58553004	1.08791995	1.13400006	1.27404010	1.20464993	1.14570010	1.16378999	1.05516005	1.08314991	1.17144012	1.09655988	1.11510003	1.24731004	1.19691002	1.17468011	1.29024005	1.22435987	1.13075995	1.24245000	1.27755010	1.19195986	1.25162995	1.18917000	1.01493001	0.942119956	0.876149952	0.800999999	0.824130058	0.798030078	0.675449967	0.592379987	0.534510016	0.455940008	0.412739962	0.394290000	0.357030004	0.323460013	0.334709972	0.335879982	0.338940024	0.354150057	0.348389983	0.317340046	0.290790021	0.280169994	0.270900011	0.234810010	0.188370004	0.156690001	0.132750005	0.111780003	0.104670003	8.79300013E-02	7.92000070E-02	7.43399933E-02	6.49800003E-02	6.19200021E-02	6.30000085E-02	6.79500028E-02	6.87600002E-02	7.15500042E-02	6.97500110E-02	5.49000017E-02	3.67200002E-02	2.88000014E-02	2.67300010E-02	2.21400000E-02	1.92600004E-02
15.0000000	2.13299990E-02	2.78999973E-02	3.16799991E-02	2.38499995E-02	1.55699989E-02	1.46699995E-02	1.59299988E-02	1.78200006E-02	1.66500006E-02	1.85400005E-02	2.43000016E-02	2.84400024E-02	2.57400014E-02	2.44799983E-02	2.25000009E-02	1.46700004E-02	1.14300000E-02	7.11000012E-03	6.30000001E-03	6.56999974E-03	5.85000031E-03	9.18000005E-03	1.76400002E-02	2.11500023E-02	1.92600004E-02	1.90800000E-02	2.14200020E-02	2.01600008E-02	1.61999986E-02	1.23300003E-02	1.25099998E-02	1.40399998E-02	9.63000022E-03	8.55000038E-03	1.37699991E-02	2.14200001E-02	2.16899998E-02	3.94199975E-02	0.322470039	0.807749987	1.13435996	0.607050002	0.217170000	0.206280023	0.773819983	1.41794991	0.649169981	0.336960018	0.559529960	0.629999995	0.405090004	0.386009991	0.427410007	0.340110004	0.259739995	0.211860016	0.178379998	0.157860011	0.140760005	0.117810003	9.45900008E-02	9.25200060E-02	7.90200084E-02	6.44399971E-02	6.48900047E-02	7.00200051E-02	7.80300051E-02	8.24400038E-02	8.55900049E-02	9.60299969E-02	0.101700000	7.76700079E-02	6.92100078E-02	5.33699989E-02	3.83399986E-02	4.27500047E-02	5.31000048E-02	4.72499989E-02	5.90399988E-02	0.125190020	0.231480032	0.345600069	0.375930041	0.333090007	0.313650012	0.310950011	0.281520069	0.258300006	0.300600052	0.301410019	0.218880013	0.137520000	7.45200068E-02	5.63400015E-02	6.56999946E-02	7.75800049E-02	6.36300072E-02	5.04000038E-02	6.28200024E-02	7.64099956E-02	6.84900060E-02	7.89300054E-02	0.172620028	0.170820013	0.102870017	0.110610008	0.292140007	0.832409978	1.77543008	2.95973969	3.29210997	2.61269999	1.88001001	1.52559006	1.34153998	1.07550001	1.02086997	1.07819998	0.770310044	0.448200017	0.529019952	1.93607998	6.58592987	7.60230017	6.10191011	6.46064949	6.78086948	6.56298065	7.14176941	7.36983013	7.01118040	7.30277920	7.00641060	6.07814980	6.07743025	6.24806976	5.55416965	5.27966976	5.29020023	5.06186962	4.78367996	4.54382992	4.27193975	3.94407010	3.66632986	3.49343991	3.30102015	2.93139005	2.65868998	2.58804011	2.38986015	2.11914015	2.00582981	1.94967008	1.82312989	1.78217995	1.73214018	1.63395011	1.57995009	1.53441000	1.45367992	1.37187004	1.26602995	1.16199005	1.12752008	1.10123992	1.06748998	1.03734004	1.00512004	0.975329995	0.997110069	0.987750113	0.956250072	0.982350111	1.02374995	1.02177000	1.02311993	1.00880992	0.993960023	0.996030033	1.01825988	1.01250005	0.979829967	0.983789921	0.951209962	0.902429998	0.861930013	0.838889956	0.837899983	0.868589997	0.922680020	0.940230012	0.902520061	0.942300022	1.05084002	1.15280998	1.29041994	1.46187007	1.55906999	1.61019003	1.70405996	1.83096004	1.94886005	2.07477045	2.27556014	2.47581005	2.59803009	2.72574019	2.84291983	2.96127009	3.05486989	3.21696019	3.52260041	3.78962994	3.91391969	3.83346009	3.69467998	3.77757025	3.97629023	4.20281982	4.30812025	4.22064018	3.99347997	3.81906009	3.73896003	3.63239956	3.53231955	3.50487041	3.63033009	3.72411013	3.88287020	4.14359999	4.38110971	4.45203018	4.72112989	5.06295013	5.20056009	5.48307037	5.53833008	5.20577955	4.96278000	5.20227003	5.10336018	4.89275980	4.68099070	4.37607002	4.01229000	3.55167031	3.20058012	3.04452014	2.84607005	2.44575000	1.90800023	1.47546005	1.34001017	1.46088004	1.33164001	1.08369005	0.967050076	0.880920053	0.579599977	0.261900008	0.119160004	7.76700005E-02	7.67700002E-02	6.96600005E-02	7.73999989E-02	0.463680059	1.50812995	2.12849975	2.04929972	2.02599001	2.54169035	2.63861990	2.10707974	1.74329996	2.28762007	4.12451982	4.94361067	3.16646981	2.61738038	3.07035041	2.00348997	1.11797988	1.36628997	1.72952998	1.68759000	1.79577005	1.93598986	1.90052974	1.84247994	1.54962003	1.09854007	0.908909976	0.990989983	0.986579955	0.842489958	0.948779881	1.18323004	1.06299007	0.959400058	1.10763001	1.05309010	0.956430018	1.06973994	1.07378995	1.01070011	1.12698007	1.13849998	0.987480044	1.00997996	1.07766008	1.01484001	0.977040052	0.892170012	0.755010009	0.746279955	0.728280067	0.634319961	0.626489937	0.646109998	0.553320050	0.476730049	0.493110031	0.468990028	0.415080011	0.390689969	0.395190060	0.401490033	0.413010031	0.398790032	0.390419990	0.409139991	0.395819992	0.362160027	0.333090037	0.315360039	0.286650002	0.229860008	0.177660003	0.149939999	0.125909999	0.113669999	9.50400010E-02	7.35300034E-02	6.75899982E-02	6.37200028E-02	6.02100007E-02	5.81399985E-02	5.88600002E-02	6.18300065E-02	6.20099977E-02	5.90400025E-02	4.85100038E-02	3.13199982E-02	2.16899998E-02	1.85399987E-02	1.80900004E-02	1.69200003E-02	2.15099994E-02
14.0000000	4.38300036E-02	3.60900015E-02	3.46499979E-02	2.61000004E-02	2.21400000E-02	2.22299993E-02	2.71799993E-02	3.16799991E-02	3.08699962E-02	3.08700018E-02	3.49200033E-02	3.24900039E-02	2.84400024E-02	2.71799993E-02	2.23199986E-02	1.53899994E-02	1.15200011E-02	5.48999989E-03	4.85999975E-03	5.57999965E-03	6.93000015E-03	1.34999994E-02	2.41200011E-02	2.44800039E-02	2.08800025E-02	2.05200016E-02	1.89900007E-02	1.41299991E-02	1.35899987E-02	1.08899996E-02	9.53999907E-03	1.24199996E-02	1.13399997E-02	1.10700000E-02	1.68300010E-02	2.56499983E-02	2.78099999E-02	5.22000045E-02	0.440460026	1.21077001	1.39032006	0.707580030	0.291960001	0.239940032	0.551880002	1.04903996	0.623160005	0.287910014	0.300150007	0.295650005	0.197369993	0.174419999	0.197819993	0.208889991	0.210600004	0.192059994	0.147870004	0.114930011	9.97200012E-02	7.82100037E-02	8.06400031E-02	9.63900089E-02	9.75600034E-02	9.36000049E-02	0.102689996	0.102060005	0.105030008	0.105930001	0.109619997	0.126810014	0.122670010	0.105120018	8.50500166E-02	5.26499972E-02	3.71700041E-02	5.73300011E-02	0.117090002	0.118350007	0.164700001	0.244620025	0.396000028	0.555749953	0.494729996	0.387900084	0.380430013	0.412830055	0.423540026	0.385830015	0.390510023	0.359550029	0.256139994	0.159300014	0.115290001	9.17999968E-02	9.59400013E-02	0.100619994	6.02100044E-02	4.62599993E-02	6.93899989E-02	0.114390016	0.122940011	0.110160001	0.161370009	0.189180017	0.134819999	0.122940004	0.179370001	0.369900018	0.833489954	1.79738998	3.10167003	3.11112022	2.31768012	1.82988000	1.63682997	1.43639994	1.54503000	1.54052997	1.00898993	0.624510050	0.714240015	2.75463009	9.62739086	10.4537716	7.03277969	6.85664988	7.22591972	7.26497889	7.94178057	8.05274963	7.55136013	7.59195042	7.10217047	6.32637024	6.38640022	6.15518999	5.31440973	5.18085051	5.21639967	4.71374989	4.41018009	4.27635002	3.92903996	3.63600039	3.49217987	3.28356028	3.01067996	2.72663999	2.51055002	2.37788987	2.11221004	1.86884975	1.76868010	1.64708996	1.54709995	1.55753994	1.50426006	1.33938003	1.25585985	1.26323998	1.22165990	1.13174987	1.04562008	0.934559941	0.894419968	0.863640070	0.828449965	0.832500041	0.828719974	0.786780000	0.803430021	0.831060052	0.838079989	0.841499984	0.857429981	0.864630044	0.860760093	0.831419885	0.841770053	0.889649987	0.934920013	0.885510027	0.838620007	0.832049966	0.808740020	0.804239988	0.830250025	0.844919920	0.852119982	0.878310025	0.905310035	0.906930089	0.881370008	0.989639997	1.14804018	1.26810002	1.45331991	1.59083998	1.62450004	1.74186003	1.91754007	2.05056000	2.12436008	2.25854993	2.40137982	2.45150995	2.47958994	2.65706992	2.80908012	2.80502987	2.87523031	3.21228004	3.54726005	3.70755005	3.71358013	3.61134028	3.65193009	3.82976985	3.98880029	4.11282015	4.12965012	3.99744010	3.88682985	3.81914997	3.71655011	3.73878002	3.79070997	3.77649021	3.89808011	4.06899023	4.16510963	4.37957954	4.66559982	4.65399027	4.75578022	5.16176987	5.29478979	5.32574987	5.42952061	5.46660042	5.26374006	5.35670996	5.41503000	5.33718014	4.97160006	4.53438044	4.29156017	4.08725977	3.93930030	3.76020002	3.41811013	3.05594969	2.71331978	2.11446023	1.61955011	1.48653007	1.40445006	1.26314998	1.05831003	0.896669924	0.662400007	0.359460026	0.159390002	9.36900079E-02	0.108090006	0.112949997	0.105030008	0.152279988	0.378899992	0.722429991	1.03049994	1.00988996	1.01348996	1.19510996	1.21860003	1.34333992	2.07980990	3.99896979	4.57839012	2.45475030	1.89018011	1.98333001	1.25216985	1.22534990	1.67966998	1.32830989	0.940319955	1.15910995	1.62153006	1.67724001	1.55042994	1.48509002	1.49048996	1.42002010	1.49138999	1.70379007	1.34253001	0.916829884	0.956880033	0.982710004	0.866700113	1.00962007	1.07262015	0.934469938	1.00034988	1.05227995	0.909990072	0.901979864	0.964799941	0.894060016	0.840869904	0.875880063	0.861660004	0.793529987	0.682110071	0.556829989	0.536310017	0.579960048	0.551880062	0.501480043	0.530730069	0.549900055	0.551880002	0.587880075	0.588510036	0.523350000	0.486360013	0.483210027	0.486449957	0.512280047	0.507150054	0.491490036	0.481950045	0.443700045	0.395010084	0.342090011	0.317430049	0.286740005	0.227430001	0.169200003	0.136079997	0.116910011	0.102779999	8.29800069E-02	6.09300025E-02	5.89499995E-02	5.13000004E-02	4.33799997E-02	3.95100005E-02	4.30200025E-02	4.66200002E-02	5.00399992E-02	4.35600020E-02	2.96999980E-02	2.13300008E-02	1.83600001E-02	1.81800015E-02	2.32200008E-02	2.64599994E-02	3.77999991E-02
13.0000000	6.92100003E-02	5.26500046E-02	4.42800000E-02	4.65300083E-02	3.81600000E-02	4.33800071E-02	5.64299971E-02	6.86700046E-02	5.85899986E-02	4.27500047E-02	4.60800044E-02	5.57100102E-02	5.67000061E-02	3.60899977E-02	2.20499989E-02	1.57500003E-02	9.71999951E-03	5.22000017E-03	5.58000058E-03	7.91999977E-03	8.45999923E-03	1.09799998E-02	2.04300005E-02	2.34899987E-02	2.44800020E-02	2.16900017E-02	1.35899996E-02	9.99000017E-03	1.05300006E-02	1.40399998E-02	1.57500003E-02	1.36799989E-02	1.76400002E-02	1.94400009E-02	2.23200023E-02	3.40200029E-02	4.43699993E-02	9.53100100E-02	0.558000028	1.28573990	1.26387000	0.641789973	0.404729992	0.295920014	0.273240000	0.321660012	0.222570002	0.119069993	9.40499976E-02	9.65700001E-02	0.130410016	0.201059997	0.235980019	0.217530012	0.198000014	0.162900016	0.122129999	9.65700001E-02	9.32400078E-02	8.14500004E-02	8.65800083E-02	0.129600003	0.164700001	0.156780005	0.148500010	0.143550009	0.135540009	0.141029999	0.151830018	0.155070022	0.119610012	0.112049997	9.52199996E-02	6.52500018E-02	7.38899931E-02	0.141029999	0.277379990	0.271079987	0.281880021	0.296999991	0.422459990	0.516330063	0.427500039	0.378269970	0.451350003	0.539640009	0.594090044	0.553049982	0.521100044	0.459990025	0.355950028	0.240750015	0.197010025	0.138149992	0.142470002	0.142740011	9.59400088E-02	7.23600015E-02	0.108449996	0.161190003	0.207089990	0.187559992	0.309689999	0.391409993	0.338400006	0.305999994	0.258659989	0.353340030	0.758610010	1.59507000	3.19220996	4.08627033	3.44313049	2.62782001	2.45484018	2.27015996	2.43332982	2.36025000	1.43001020	0.872009993	0.916739941	2.45609999	8.20908070	10.7606697	7.67619085	7.35011959	8.02349949	7.87113047	8.06525898	8.23679924	7.95348024	7.84349918	7.35111046	6.76916981	6.52490997	5.80095053	5.23152018	5.15088034	4.98258066	4.50413990	4.35977983	4.11471033	3.63996005	3.42305970	3.40253997	3.16826987	2.91365981	2.74310994	2.50992012	2.25296998	1.99557006	1.74851990	1.55555987	1.43774986	1.34918988	1.32489002	1.25981998	1.15407002	1.09971011	1.06073987	1.00161004	0.966149986	0.911879957	0.829979956	0.765089929	0.736920059	0.712709963	0.731250048	0.724860013	0.698039949	0.700110018	0.734669983	0.760680079	0.769230008	0.771029949	0.758969963	0.757799983	0.762659967	0.786239982	0.800010026	0.793529928	0.766260087	0.725130022	0.746640027	0.800909996	0.856889904	0.898380041	0.927179933	0.954450011	0.988290012	1.00286996	1.03635001	1.07846999	1.22031009	1.36610997	1.48364997	1.67723989	1.76984990	1.84841990	2.00196028	2.13192010	2.23929000	2.36933994	2.44565988	2.46321011	2.50118995	2.59217978	2.69153953	2.76047993	2.76596999	2.83428001	3.12191987	3.34764004	3.42530990	3.43187976	3.40767026	3.56508017	3.81428981	3.85874987	3.78125978	3.75218940	3.63842940	3.56364012	3.60179996	3.53637004	3.63041997	3.87360048	3.92031026	3.99203992	4.23243046	4.35591030	4.43843985	4.78511953	4.92992926	4.83659983	5.02226973	5.23638010	5.28308916	5.28732014	5.35733938	5.41979980	5.49710989	5.31252003	5.27706003	5.09525967	4.67244005	4.35311985	4.21524048	4.26879025	4.33340979	3.93813014	3.28428030	2.87333989	2.48112011	2.09582996	1.70243990	1.50291002	1.47510016	1.23039007	0.821249962	0.566190004	0.338939995	0.187560007	0.146340013	0.191970006	0.254970044	0.213929996	0.165060014	0.120150007	0.193950012	0.328770012	0.279540002	0.229139999	0.339120001	0.605430007	1.80458987	3.69090009	4.74677992	4.72922993	3.27275991	2.30211020	1.27070999	0.792000055	1.03014004	0.690569937	0.279450029	0.184859976	0.549360037	1.07459998	1.07145011	1.25325000	1.71188998	2.16179991	1.94517016	1.36673999	1.52135992	1.71648014	1.12032020	0.865710020	1.03761005	0.919080019	0.884429991	1.10061002	1.08152997	1.07774997	1.21661997	1.09961998	0.927539945	0.945179939	0.917010009	0.831780016	0.809820056	0.793620050	0.763020158	0.701009989	0.593820035	0.521370053	0.562140048	0.580950022	0.574740112	0.633960009	0.740880013	0.824220061	0.868950069	0.870660067	0.824310005	0.746640146	0.671039999	0.640079975	0.686340094	0.682290018	0.647370040	0.580049992	0.520650089	0.455850035	0.376470000	0.334440023	0.296280026	0.226800010	0.153720021	0.118980005	0.101070002	8.74800012E-02	7.57799968E-02	5.57099953E-02	4.72500026E-02	3.77099998E-02	3.36599983E-02	3.76200005E-02	4.21199985E-02	3.94200012E-02	3.97800021E-02	3.57300006E-02	2.46599987E-02	2.46599987E-02	3.32100019E-02	3.72599997E-02	4.21200022E-02	5.17500043E-02	6.84900060E-02
12.0000000	0.118260011	0.114030004	0.105929993	8.61299932E-02	7.11000115E-02	8.79300088E-02	0.136440009	0.158399984	0.111780003	6.25500083E-02	7.02000037E-02	0.104760006	0.103770010	6.17399961E-02	3.96899991E-02	2.90700011E-02	1.83600020E-02	1.35899996E-02	1.41300000E-02	2.05199979E-02	1.73700005E-02	1.17000006E-02	1.53000029E-02	2.19599996E-02	2.52899993E-02	1.98900048E-02	1.01699987E-02	8.99999961E-03	1.29599990E-02	1.74600016E-02	2.26799995E-02	1.99800003E-02	1.97999999E-02	2.13299990E-02	2.64600012E-02	4.39200066E-02	8.00099969E-02	0.360360026	1.39212012	2.48463011	1.88316000	0.694080114	0.497250080	0.445860028	0.230760023	8.44199955E-02	9.43199992E-02	0.138510004	0.156420007	0.165329993	0.253170013	0.332549989	0.323280007	0.257670015	0.202860013	0.150210008	0.124200001	0.123389997	0.145080000	0.134640008	0.158579990	0.242099985	0.275759995	0.273149997	0.248400003	0.241740018	0.224730000	0.199080020	0.199170008	0.187290028	0.129240006	9.74700004E-02	0.100079998	0.100890003	0.128520012	0.254340023	0.349649996	0.319590002	0.250290006	0.262170017	0.477000028	0.642330050	0.551609993	0.507239997	0.588600099	0.644940138	0.728999972	0.732780099	0.671850026	0.618030012	0.525420070	0.392670006	0.319410026	0.239850014	0.199800029	0.197370008	0.169560015	0.129060015	0.141120017	0.217440009	0.274140030	0.210959986	0.347760022	0.862020075	1.00115991	0.676800013	0.484290034	0.661860049	0.992879987	1.60055995	3.27941942	5.05692101	4.93316984	3.86325049	3.81213045	3.59091020	3.32469010	3.25295973	2.11103988	1.18395019	0.870209932	1.45646977	4.39974022	8.56278038	9.07911015	10.2270594	11.0607290	9.58770084	8.25056934	8.27864933	8.50149059	8.29170036	7.71299982	7.30413055	6.86322069	6.22673941	5.76675034	5.41143036	4.91004038	4.53519011	4.44671965	4.12811947	3.72114015	3.52772975	3.34583998	3.03093004	2.87388015	2.75372982	2.44575000	2.23361993	2.11796999	1.90916991	1.64411998	1.53099000	1.41884995	1.30356002	1.20681000	1.16252995	1.12463999	0.995310009	0.902429938	0.901260018	0.898559988	0.842129946	0.767340004	0.755730033	0.736290038	0.758610010	0.748350084	0.737190068	0.751410007	0.773640037	0.801719964	0.830969989	0.821340024	0.797219992	0.819629967	0.872099996	0.890999973	0.851309955	0.798210025	0.813149989	0.818639934	0.866789997	0.984510064	1.04165995	1.03895998	1.04769003	1.11528003	1.17620993	1.23686993	1.35287988	1.47807002	1.59416986	1.68029988	1.78208983	1.91969991	1.96352994	2.03624988	2.16728997	2.19743991	2.23514986	2.38184977	2.42172003	2.40174007	2.53259993	2.72349000	2.74266005	2.75498986	2.73726010	2.74886990	2.87468982	3.04001999	3.16997957	3.20787024	3.27213049	3.38436031	3.53628016	3.43485045	3.28518009	3.31487989	3.26034021	3.24044991	3.40118980	3.42242980	3.59901023	3.82697988	3.89798999	4.06610966	4.37435961	4.54616976	4.62563992	4.88133001	5.11596012	5.00229025	4.87007952	5.02910995	5.21667004	5.15303993	5.04504013	5.12901020	5.36147976	5.11704016	4.99833012	4.84110022	4.48614025	4.23134995	3.97683001	3.73743010	3.76532984	3.66398978	3.06557989	2.42585993	2.03435993	1.94966996	1.72988999	1.43163013	1.34217000	1.20140994	0.748350084	0.409320027	0.233819991	0.159570009	0.130590007	0.156779990	0.245700002	0.318690002	0.258930027	0.232919991	0.290519983	0.348839998	0.216900006	0.108900003	0.111330003	0.289439976	2.15171981	5.82650995	5.75171947	3.64634991	2.78829002	2.20517993	1.18539000	1.06155002	0.837089896	0.207629994	7.18200058E-02	0.222479999	0.483030021	0.305730015	0.241920024	0.314460009	0.579329967	1.35026979	1.80531001	0.996299982	0.681299984	1.33938003	1.79909980	1.52684999	1.52730024	1.16550004	0.858330011	1.18511999	1.42820990	1.29582000	1.36746001	1.38339019	1.17999005	1.09862983	1.02590990	0.902969897	0.852119803	0.815219998	0.772560060	0.753930092	0.724860013	0.663390040	0.679590046	0.745740056	0.835020006	0.945810080	1.15200007	1.39526999	1.48230004	1.45674026	1.36152017	1.17846012	1.02195001	0.965430200	0.954360008	0.952380061	0.863190055	0.746010125	0.610830009	0.508589983	0.449999988	0.382589996	0.309149981	0.215100020	0.146160007	0.114749998	9.12600011E-02	7.43400082E-02	6.81300014E-02	5.92200011E-02	3.76199968E-02	3.39299999E-02	4.86000031E-02	6.19199984E-02	5.11200018E-02	3.65399979E-02	3.84299979E-02	4.16700020E-02	3.74400020E-02	5.07600009E-02	7.07400069E-02	7.34400004E-02	7.02899992E-02	9.63000059E-02	0.122220002
11.0000000	0.250380009	0.266040027	0.253620028	0.174330026	0.125100017	0.165869996	0.236520007	0.287729979	0.249929994	0.148230001	0.108360000	0.125640005	0.114570007	8.00999850E-02	8.05500075E-02	6.62400052E-02	4.60800007E-02	2.30399985E-02	2.34899987E-02	3.47400010E-02	2.79000010E-02	1.61999967E-02	1.71900000E-02	2.60100029E-02	2.79900022E-02	1.83600038E-02	1.36799999E-02	1.77299995E-02	2.28599999E-02	2.34899987E-02	2.83500031E-02	3.04200035E-02	2.25000028E-02	2.81700008E-02	4.59900014E-02	8.20800066E-02	0.119520001	0.610560000	2.09169006	3.54050994	2.23092008	0.640260100	0.635759950	0.936540008	0.619470119	0.236700013	0.492030054	1.10627997	1.00979996	0.773460090	0.537030041	0.328769982	0.286740005	0.260190010	0.264510006	0.269189984	0.276659995	0.303570002	0.331650019	0.316799998	0.385380030	0.458550006	0.467370033	0.421470016	0.361710012	0.363239974	0.345239967	0.276749998	0.251189977	0.222659975	0.141120002	9.42300037E-02	0.110250004	0.133020014	0.151109979	0.240929976	0.396719992	0.353610009	0.291240007	0.358650029	0.743129909	1.08486009	0.909630120	0.741419971	0.848340094	0.895320058	0.995489895	1.06838989	0.954000115	0.821160078	0.726390064	0.550619960	0.482850045	0.402030081	0.298440039	0.256500036	0.222210020	0.167669997	0.153990000	0.257129997	0.384750009	0.380789995	0.386819988	0.852300048	1.06470001	0.798840046	0.539370000	0.567809999	0.731880009	1.29951012	3.02688003	5.95719004	6.58692026	5.23332071	5.13873005	5.15888977	4.30955982	3.84588003	3.25115991	1.97540998	0.987210155	1.04121006	2.41956019	5.00345993	7.91739035	10.7661591	13.1650200	11.8840504	9.25433922	8.65215015	8.85986996	8.37378025	7.71597004	7.46090984	7.04682064	6.57108021	6.03252029	5.56712961	5.19020987	4.95297003	4.67279959	4.34717989	4.18122005	4.02191973	3.65921998	3.36735010	3.29796004	3.07719016	2.73546004	2.60640001	2.57841015	2.32775998	2.03480983	1.92024016	1.79253006	1.63278008	1.49840999	1.42596006	1.36773002	1.25001001	1.12238991	1.05543017	1.04004002	1.00448990	0.973169923	0.943289936	0.941039979	0.956789970	0.940590024	0.934469938	0.982349992	1.00539005	1.00503004	1.04301000	1.06875002	1.08405006	1.15902007	1.23273003	1.21851003	1.11365986	1.09871995	1.14929998	1.18826985	1.24622989	1.34487009	1.42541993	1.41812992	1.42749000	1.47221994	1.51164007	1.63160992	1.79873979	1.88865018	1.95803988	2.05721998	2.13417006	2.17674017	2.22318029	2.28699017	2.33720994	2.28347993	2.26512003	2.33676004	2.34828043	2.38562989	2.61593986	2.82501006	2.85101986	2.88035989	2.82384014	2.72853017	2.85128999	2.94948006	3.12003016	3.28751993	3.39722991	3.45366001	3.50504994	3.30273032	3.02399993	2.96757007	2.93715024	2.94381022	3.14000988	3.32730007	3.39776993	3.58191013	3.95730019	4.27860022	4.59558010	4.87440014	5.05682993	5.11829996	5.32934952	5.44589996	5.15124035	4.86206961	4.98032999	5.03523016	4.70303965	4.49630976	4.56750011	4.59431982	4.52079010	4.23135042	3.87441015	3.72698998	3.51062965	3.06234002	2.73257995	2.62116003	2.47437000	2.09213996	1.67967010	1.54548013	1.50588012	1.29230988	1.11293995	0.962369859	0.736649930	0.467550039	0.302759975	0.240660012	0.238680020	0.231300011	0.236790031	0.286830008	0.300869972	0.326070011	0.395100027	0.401759952	0.303299993	0.164879993	9.05400217E-02	0.146250010	0.923130035	4.68252039	7.23383999	4.52267981	2.90754032	2.10132003	1.70783997	1.77461982	0.845820069	0.270450026	0.377730012	1.49076009	0.983340085	0.225630015	0.149850026	0.263250023	0.403109998	0.788309932	1.33982980	0.793799996	0.282510012	0.659970045	1.82510996	2.10150027	1.90602016	1.28637016	0.736199915	0.982439935	1.58093977	1.70189989	1.64681995	1.66175997	1.51461017	1.37502003	1.23570013	0.991709888	0.868950129	0.873090029	0.864180088	0.855900049	0.902070105	0.964440227	0.986220121	1.06299007	1.30500007	1.55646002	1.79676008	2.16000009	2.34279013	2.23047018	1.98711026	1.70018995	1.47212994	1.34541023	1.29222012	1.23237002	1.05147004	0.891809940	0.677160025	0.525870025	0.443970025	0.374400020	0.282330006	0.187020004	0.119160004	9.53999981E-02	8.26200023E-02	7.02899992E-02	5.60699962E-02	5.01299985E-02	4.77900021E-02	3.63599993E-02	5.54399975E-02	7.09200054E-02	5.94000034E-02	3.61800008E-02	3.93300019E-02	4.99499999E-02	7.26300031E-02	0.125819996	0.170640007	0.168930009	0.169560000	0.211499989	0.235709980
10.0000000	0.409139991	0.558809996	0.553139985	0.323369980	0.243359998	0.256859988	0.295739979	0.542160034	0.804240048	0.616680086	0.262980044	0.153629988	0.141119987	0.114120007	9.32400078E-02	7.80299976E-02	5.76000065E-02	3.56399976E-02	3.49200033E-02	4.11300026E-02	3.02400049E-02	2.98800040E-02	3.23100016E-02	4.10400108E-02	5.28300069E-02	4.41899933E-02	3.33900005E-02	3.74400020E-02	3.33000049E-02	3.33000049E-02	3.69900018E-02	4.41000052E-02	3.50100026E-02	5.13000004E-02	0.108990021	0.213660002	0.269730002	0.468269974	1.26225007	2.08673978	1.30014002	0.471780002	0.926640034	1.79765999	1.55915999	0.962550044	1.48383009	1.75347006	1.37034011	0.861479998	0.520200014	0.304019988	0.330479980	0.432269990	0.481680006	0.488519937	0.544050038	0.606689990	0.571860015	0.568979979	0.680579960	0.785339952	0.790650010	0.788940012	0.646829963	0.552240074	0.473940015	0.365040034	0.305369973	0.258210003	0.181349993	0.117900006	0.135449991	0.170910001	0.202590004	0.258839995	0.619740009	0.698130012	0.477630049	0.542789996	1.08927000	1.53117013	1.27007973	1.00178993	1.21868992	1.30517983	1.37591994	1.56285012	1.43307006	1.15668011	1.04535007	0.853740036	0.748170078	0.613980055	0.417059988	0.345239997	0.301680028	0.205829993	0.187650010	0.354689986	0.642780006	0.843840063	0.751230180	0.723330021	0.852750063	0.580950022	0.507420063	0.563670039	0.666720033	1.45431018	4.16061020	7.65647984	7.33014107	5.71760988	5.89049959	6.51500988	5.59322977	4.53878975	4.48317003	3.72698998	2.18016005	1.62126017	2.23523998	2.97882009	5.11362028	8.38098049	11.8651505	12.9562206	11.1369610	9.24417019	8.36513901	8.06030941	7.96688938	7.61346054	7.17812920	6.81911945	6.53454018	6.23088026	6.17724037	6.02333975	5.40350962	4.98249006	4.93812037	4.67621994	4.37237978	4.29822016	4.17186022	3.93138003	3.85272026	3.77595019	3.45402026	3.18888021	3.08006978	2.81853008	2.56022978	2.41775966	2.28896999	2.13912010	2.05092001	2.01014996	1.86390007	1.65356994	1.56572998	1.59498012	1.59480011	1.44603002	1.37555993	1.46349001	1.47717011	1.49615991	1.57535982	1.53828001	1.51533008	1.60326016	1.69245028	1.77525008	1.89198029	1.91601014	1.88973010	1.83528018	1.80728996	1.86803985	1.93616986	2.01572990	2.11158013	2.11887002	2.09348989	2.12418008	2.12346005	2.11427999	2.25593996	2.36852980	2.34333014	2.43827987	2.60180974	2.55483007	2.54987979	2.76047993	2.85021019	2.80512023	2.83239007	2.87775016	2.85966015	2.89214993	3.05928016	3.20796013	3.17700005	3.20183992	3.23900986	3.27483034	3.22155023	3.32216978	3.30758977	3.37068009	3.61817956	3.78926969	3.91409969	4.05404997	3.87108016	3.40685987	3.12804008	3.09222007	3.16511989	3.36176991	3.61664987	3.68756986	3.91580963	4.44266987	4.94577026	5.17814970	5.55921030	5.97014999	5.97483015	5.90022039	5.94935989	5.66477966	5.04522038	4.77350950	4.85784006	4.73084974	4.36653042	4.10913038	4.09022999	4.01040030	3.67253995	3.28364992	3.02138996	2.84372997	2.69378996	2.42451000	2.14749002	1.94256008	1.80935991	1.58678997	1.40427017	1.34235001	1.28511000	1.12400997	0.888119996	0.720720112	0.628200054	0.600840032	0.619380057	0.724050045	0.752039969	0.579869986	0.353969991	0.263880014	0.252090007	0.274140000	0.320939988	0.258029997	0.158490017	0.103049994	0.155880019	0.632789969	2.13228011	5.95943975	7.25894976	4.94523001	4.35654020	4.11083984	2.40345001	0.848699987	0.502290070	1.46502006	2.98565984	1.16046000	0.389070004	0.631709993	1.02294004	0.763110101	0.518129945	0.637290061	0.532979965	0.330660045	0.434969991	1.04814005	2.07161999	2.43692994	2.65527034	1.35450006	0.913229942	1.43306994	1.95668995	2.08178997	2.09555984	1.94085002	1.84355998	1.67517006	1.27197003	0.963089943	0.931770027	1.07936990	1.17585015	1.28637028	1.51596022	1.68866992	1.84176004	2.23874998	2.67228031	3.00267005	3.23649001	3.24189019	2.94921017	2.58209991	2.21022034	1.93337989	1.75086021	1.62674999	1.39940977	1.18602002	1.00359011	0.753840089	0.519210041	0.377819985	0.302940011	0.241650015	0.175950006	0.112769999	8.60400125E-02	7.84800053E-02	7.02000037E-02	6.12000041E-02	5.52599989E-02	5.65200001E-02	4.33799997E-02	3.60900015E-02	6.77700043E-02	6.57000020E-02	4.95899990E-02	5.36400042E-02	7.58699998E-02	0.128789991	0.216989994	0.308519989	0.342090011	0.367199957	0.368820012	0.344069988
9.00000000	0.548279941	0.891719997	0.949499905	0.786600053	0.606059968	0.461070001	0.425070018	0.846269965	1.45943999	0.978570044	0.344790012	0.255059958	0.233729973	0.145259991	9.37800035E-02	9.78299975E-02	9.07200053E-02	7.07400069E-02	7.91099966E-02	7.68600032E-02	6.49800003E-02	8.99100006E-02	0.130410001	0.153990000	0.148410007	0.111060001	7.46100023E-02	5.42700067E-02	4.56300043E-02	4.68900055E-02	5.56199998E-02	7.58699998E-02	7.82100037E-02	7.37099946E-02	0.186300024	0.744480014	1.13733006	0.611100018	0.794969976	1.29618001	1.06083000	0.589320004	1.05786002	1.87469995	1.56933022	1.05210006	0.905490100	0.756089926	0.593189955	0.479160011	0.324809998	0.309420019	0.534510016	0.749340057	0.717570007	0.621360064	0.781200051	0.990450084	1.01744998	0.962459981	1.07495999	1.07928002	1.14075005	1.20122993	1.04777992	0.866069973	0.689130068	0.488970011	0.355589986	0.278550029	0.220320031	0.156869993	0.176129997	0.216000021	0.218970016	0.261539996	0.459180027	0.628740013	0.479699999	0.689130127	1.09520996	1.59840000	1.79919004	1.67103004	1.84122014	1.82888985	1.79460001	2.03427005	1.96452010	1.67076015	1.51650000	1.41093004	1.15137005	0.899100006	0.726390064	0.602639973	0.498150051	0.406080008	0.338940024	0.340199947	0.945990026	1.68624008	1.62360013	1.13714993	0.766800046	0.681480050	0.756179988	0.914940059	1.41651022	3.37257028	7.11243057	8.11341000	6.20009947	5.78385019	6.64397955	7.29783058	6.71409035	5.44644022	5.11631966	5.87573957	5.12397051	3.38741970	2.71835995	3.13353014	4.90508986	7.61165953	8.90387917	11.2098608	11.1379519	9.44505024	8.17830086	8.37467957	9.01692009	8.72658062	8.35380077	8.35028934	8.35857010	7.80857944	7.48664951	7.21539021	6.81552029	6.58818054	6.38784075	5.83515024	5.55641985	5.47875023	5.09363985	4.90185022	5.18013000	5.08185005	4.74668980	4.74803972	4.70160007	4.41521978	4.08159018	4.03056002	3.89393973	3.60602999	3.46860003	3.39353967	3.22164011	2.96955013	2.83320022	2.84021997	2.80413008	2.58308983	2.48625016	2.60774970	2.68919992	2.77425027	2.84490013	2.82672000	2.79261017	2.91636038	3.05811000	3.20148039	3.26330996	3.15027022	3.12146997	3.18438005	3.05523038	2.94704986	2.99762988	3.02399993	3.06575990	3.10401011	3.06216025	3.06260991	3.07259989	3.10725021	3.21569967	3.27303004	3.22002006	3.33405018	3.39120007	3.20391011	3.36554980	3.76262975	3.83516979	3.68937016	3.84110999	3.95370054	3.90069008	4.05846024	4.33008003	4.37157011	4.34421015	4.41701984	4.46903992	4.33250999	4.33349991	4.54292965	4.59494925	4.58270979	4.69727993	4.83183002	5.02397966	5.37759018	5.55831003	5.26131010	4.77954006	4.41504002	4.28084993	4.39343977	4.97285986	5.53085995	5.64732027	5.82984066	6.38117981	6.66648006	6.73704004	7.07111979	7.13843966	6.74342966	6.28838968	6.01892996	5.74217987	5.41377020	5.18516970	5.12153959	5.09166002	4.67000961	4.14773989	3.93156028	3.75848961	3.53673005	3.10761023	2.70260978	2.63915992	2.62646985	2.34315014	2.00789976	1.78146005	1.67364013	1.56833994	1.47078001	1.42425001	1.36115992	1.08485997	0.906840026	0.865350008	0.947429955	0.956429958	0.924119949	0.936450064	0.790199995	0.517049968	0.389429986	0.357840031	0.306360006	0.299970031	0.319140017	0.309960008	0.281879991	0.390690029	0.925380051	1.62917995	1.86291027	1.80908990	2.32118988	3.74453998	3.63779998	2.60154009	1.61396992	2.06307006	1.48878002	1.36107004	0.909720063	0.926639974	1.21500003	1.05137992	0.379710019	0.182790011	0.276390016	0.320130020	0.271980017	0.332459986	0.611999989	1.50263989	3.27743983	5.82822037	5.02982998	2.63114977	1.97198999	2.09141994	2.23874998	2.45465994	2.55518985	2.48255992	2.29481983	1.90377009	1.35288000	1.08414006	1.29365993	1.67832029	2.05838990	2.45717978	3.18276024	3.63158989	3.93318009	4.48703957	4.88546991	4.83183002	4.45976973	3.91779017	3.41694021	2.99780989	2.51487017	2.19446993	1.97684991	1.75230014	1.42695010	1.13049006	0.859139979	0.596430004	0.394199997	0.303299963	0.269369990	0.217800006	0.159570009	0.117090009	9.51300040E-02	8.31599981E-02	7.95599967E-02	8.13599974E-02	9.09899995E-02	7.47900009E-02	7.29000047E-02	9.31499973E-02	0.144900009	0.291869998	0.415169984	0.291960001	0.251459986	0.357120007	0.515879989	0.587069988	0.605520010	0.449909985	0.346860021
8.00000000	1.19367003	1.82105994	1.59201002	1.24145985	1.52505004	1.35819018	0.929160058	1.06055999	1.09368014	0.646920025	0.432630062	0.598770022	0.796500087	0.570780098	0.364770025	0.259200007	0.133110002	0.120509997	0.200429991	0.217169985	0.237149984	0.325800002	0.358469993	0.304740041	0.274859995	0.205199987	0.144360006	9.98099968E-02	6.54300004E-02	6.79500103E-02	6.04800023E-02	0.128250003	0.159479991	0.131579995	0.244620010	1.35944998	2.44781995	1.22444999	1.06956005	1.66742980	1.48256981	0.766979992	0.720809996	0.951750040	0.869039953	0.763379991	0.619739950	0.371969968	0.299250007	0.272340000	0.302039981	0.475380003	0.901799977	1.12553990	0.966779947	0.951389968	1.28862000	1.47699010	1.39023006	1.44054008	1.72619987	1.82817006	1.65951014	1.45260000	1.18323004	0.948239982	0.782910049	0.627300084	0.479970038	0.382409960	0.327419996	0.263969988	0.238860011	0.255330026	0.235980004	0.204120025	0.237150013	0.326250017	0.411120027	0.647640049	1.21436989	2.16693020	2.95398045	3.20562005	3.04307985	2.60801983	2.49542999	2.64249015	2.49425983	2.26484990	2.10401988	1.86336029	1.63809001	1.53926992	1.50650990	1.26953995	0.893519998	0.697499990	0.729539990	0.645750046	0.905400038	1.63359010	1.81682992	1.43514001	0.941400111	0.727110028	1.07901001	1.75878000	2.69505024	4.41701984	6.36110973	5.82327032	5.19812965	7.03448963	7.59005976	6.40538979	6.40007925	6.80480957	6.23087978	6.45623922	6.86744976	4.90463924	3.22371006	2.55321002	4.11956978	6.01649952	6.67386007	7.54920053	9.57194901	9.83069992	8.54333973	8.44011021	8.81945992	8.32256985	8.11188030	8.60390949	8.68562984	8.37107944	8.08407021	7.87509012	7.73586035	7.66647005	7.60193968	7.43175030	7.47413969	7.33454943	6.78888035	6.58710003	6.62562037	6.27975035	6.29955053	6.75827885	6.67304945	6.34814978	6.34545040	6.27839994	6.12810040	5.97267008	5.77782011	5.50602007	5.21559000	5.05341005	4.92002964	4.65749979	4.46913004	4.46679020	4.57434034	4.49109030	4.58550024	4.84685993	4.93208981	4.85612965	4.86234045	4.92192030	4.89284992	4.85774994	4.83516026	4.75965071	4.68873024	4.58658028	4.34195995	4.10067034	4.16610003	4.13405991	4.15016985	4.35186005	4.41621065	4.36770010	4.36715984	4.37085009	4.37886000	4.40883017	4.50252008	4.52474976	4.48559999	4.42619991	4.68837023	4.87934971	4.94090986	4.97573948	5.06492996	5.00085068	5.09211016	5.31107998	5.34771013	5.38118982	5.67476940	5.81436062	5.66009998	5.67458963	5.92209005	6.10839033	6.31278038	6.51276016	6.32538033	6.40151930	6.62903976	6.77844000	7.22916031	7.67781019	7.39521027	6.87455988	6.73938084	6.87869978	7.29189014	7.93871975	7.94061041	7.67690992	8.04456043	8.46702099	8.21501923	7.74206972	7.56756020	7.52499104	7.30926037	7.00523996	6.99362993	6.80669975	6.17480946	5.72832012	5.60475016	5.41196966	5.07284975	4.63292980	4.29398966	4.27905035	4.04820013	3.53672981	3.18572998	2.99888992	2.82105017	2.70225000	2.43243027	2.17962027	2.10600019	1.99476016	1.84410000	1.91727006	1.83717012	1.67976010	1.59767997	1.49184000	1.39932013	1.21922994	1.01330996	0.882450044	0.781650007	0.700290084	0.711899936	0.632250011	0.547110021	0.645210028	0.827010095	1.03113008	1.28798997	1.23669004	1.10403001	1.19610000	1.25595009	1.64186990	2.21066999	1.64744985	1.87082994	6.73208952	8.64566994	1.77120006	0.674279988	2.13255000	2.56940985	1.01475000	0.279449999	0.104400009	6.03000000E-02	8.44200104E-02	0.191430002	0.315360010	0.437400013	0.537929952	0.790560007	1.56654000	3.50909996	5.89896011	6.29163027	4.45545006	3.13019991	2.74463987	2.97360015	3.26763034	3.24512982	3.07611036	2.90483975	2.40461993	1.71872973	1.78361988	2.59713006	3.32865000	3.98808002	5.30477953	6.15329981	6.18237066	6.35526037	6.38216925	6.00966072	5.62302065	5.09300995	4.49082041	4.10183954	3.66138029	3.10985994	2.64474034	2.30040002	1.85283005	1.47546005	1.16234994	0.828809977	0.583830059	0.454860061	0.390780002	0.318690002	0.251729995	0.181170002	0.142649978	0.145170003	0.169380024	0.202500001	0.246870026	0.254789978	0.376919985	0.463859975	0.755910039	1.34541011	1.49075997	0.926100075	0.631889999	0.760769963	1.01871002	1.21652997	1.22571003	0.896040022	0.766079962
7.00000000	2.06720996	1.52487016	1.11383998	1.52208006	2.67201018	2.94849014	2.12229013	1.47258008	0.988829970	0.992790043	1.68435001	2.31128979	2.10447001	1.55627990	1.08512998	0.676890075	0.302670002	0.186930001	0.283410013	0.422280043	0.494910061	0.576269984	0.542879939	0.402479976	0.385290027	0.386909992	0.319950014	0.205289990	0.145890012	0.130499989	8.95499960E-02	0.128969997	0.157769993	0.125820011	0.179729983	0.776069999	1.63737011	1.26549006	1.04606998	1.64834988	1.83158982	1.02293992	0.564659953	0.515789986	0.565649986	0.711810112	0.587700069	0.440370023	0.354960024	0.354870021	0.474300027	0.898739994	1.42316985	1.47051001	1.36295998	1.68210006	2.07045007	2.03624988	1.81512022	1.75059021	1.95795000	2.15208006	1.93221021	1.56590986	1.30265999	1.07918990	0.882630050	0.804420054	0.724500000	0.599759996	0.553050041	0.483930022	0.407609999	0.445770025	0.469529986	0.408420026	0.390420049	0.542249978	0.775170088	0.953820109	1.55286002	2.22713995	2.74940991	4.04901028	4.01832008	3.36131954	3.17979002	3.20741963	3.10787988	3.13569045	3.07413030	2.75427055	2.69415021	2.78307009	2.37816024	1.77569985	1.40589011	1.10790002	0.933750033	1.08882010	0.942659974	1.19852996	1.46457016	1.54413021	1.36512005	1.11339009	1.21266007	1.70631003	2.47796988	3.69296956	4.81329060	4.92407942	6.04152012	7.70417976	6.03242922	3.97943974	4.60062027	6.78743982	6.54786015	6.45516014	6.99615049	5.34024000	3.29778004	3.69359994	5.83874989	5.38577986	4.66326046	6.04232979	9.56502056	9.89855957	7.75484943	7.36227036	7.96013975	7.67907047	7.61706018	7.79265022	7.76375961	8.21565056	8.82161999	8.90495968	8.60733032	8.20845032	8.00973034	8.36612988	8.77832985	8.66196060	8.63739014	8.88858032	8.65494061	8.37936020	8.61255074	8.66996956	8.27540970	8.32347012	8.64684010	8.41571999	8.21079063	8.31924057	8.31087017	8.10764885	7.86221981	7.68708086	7.53165054	7.28109026	7.00685978	7.03845072	7.04547024	6.97040987	6.97391987	6.96572971	6.83595037	6.70833015	6.64722061	6.64982986	6.51942062	6.30972004	6.19524002	6.08876991	5.91660023	5.76099014	5.66657972	5.60808039	5.63552952	5.45166016	5.33285999	5.52510023	5.58053923	5.46497965	5.54634047	5.56758022	5.47947025	5.56965017	5.65983009	5.41539001	5.24565029	5.52878952	5.61698961	5.44580984	5.60169029	5.84144974	5.76854897	5.62661982	5.80076981	5.92442989	5.81471968	5.90849924	6.18182993	6.05870962	5.96682024	6.39170980	6.64559984	6.35553026	6.54498100	6.91515064	6.75890923	6.78033018	7.12323046	7.11476946	7.24761057	7.60932016	7.40286016	7.11072016	7.38855076	7.41311979	6.90660048	6.90417051	7.10945988	6.98768997	6.79500008	7.03098011	7.29692984	7.21115971	7.08641958	7.30179024	7.41690063	7.15185022	7.00272036	6.86394072	6.58395004	6.25590038	5.81327963	5.55353975	5.64390039	5.51691008	4.93847990	4.50585032	4.41099024	4.35599947	4.05513048	3.57723022	3.39299989	3.46086001	3.23468995	2.91905975	2.91338992	2.83221006	2.57796001	2.50244999	2.46528006	2.35737038	2.14586997	1.98368990	1.99107003	1.93068016	1.65716982	1.44810021	1.32489014	1.22066998	1.13696992	1.08017993	1.07297993	1.18602014	1.42227006	1.93851018	2.32326031	1.99737012	1.56734979	1.53926992	1.46654987	1.78812003	2.70135021	2.40857983	2.74418998	11.7806406	13.2559204	3.93903017	2.01203990	4.58190012	3.46013999	0.465480030	0.108360000	0.190530002	0.220140010	0.365850031	0.742500007	0.871469975	0.720449984	0.765090048	0.872280061	0.940230012	1.72277975	4.60106993	7.17318010	6.71490049	4.78691959	4.14872980	4.70744944	5.34644985	5.37255001	4.63608027	4.12928963	4.00103998	3.58289981	3.52862978	4.43051958	5.50773001	6.30423021	7.43327999	8.22204113	8.10972023	7.88075829	7.65315008	7.22474957	6.87068987	6.43958902	5.82173967	5.34671926	5.11055994	4.50243092	3.66290975	3.08069992	2.59596014	2.22344995	1.89638996	1.58364022	1.24452007	1.00628996	0.828630090	0.666090071	0.568800032	0.516239941	0.475830048	0.438390017	0.481049955	0.553139925	0.691919982	0.895319939	1.07441998	1.30184996	1.83114004	2.44089007	2.45133018	1.92609000	1.64853001	1.77102005	1.75284004	1.94444990	2.43512988	2.24469018	1.75527012
6.00000000	1.43181014	1.36718988	1.16765988	1.22508001	2.82384014	5.10498047	3.94766951	2.67750001	2.34737992	3.87215972	4.89555025	3.76190996	2.18043017	1.59894001	1.61316013	1.29761994	0.744029939	0.523709953	0.522989929	0.665549994	0.752309918	0.789299965	0.722970009	0.592920065	0.572129965	0.600120008	0.546480000	0.475200027	0.365760028	0.262529999	0.146159992	0.109710008	0.109710000	0.101429999	0.122759990	0.242999986	0.459899962	0.573300064	0.650070012	0.850319922	0.898740053	0.760590076	0.725580037	0.710640073	0.596340001	0.481500030	0.418590039	0.367200077	0.312030017	0.364769995	0.640530050	1.35684001	1.84841990	1.73861992	1.71351004	2.17979980	2.28843021	2.13866997	2.24649000	2.21291995	1.93095005	1.85966992	1.81656015	1.59255004	1.44998991	1.30374002	1.05471003	0.926369965	0.896580040	0.861660123	0.891719997	0.893250048	0.770850062	0.808920085	0.942119956	0.922500074	0.950400054	1.50902998	1.84643996	1.56312001	2.03067017	2.17647004	2.46743965	3.98429990	4.48992062	4.02741003	3.79629016	3.77450991	3.74507952	3.96954012	4.08878994	3.89520001	4.19175005	4.26149988	2.77803016	2.27151012	2.93652010	2.92617011	1.71080995	1.13634002	1.70226002	1.81430995	1.49849999	2.13813019	2.37483025	2.11391997	1.92176986	2.24703002	3.30831027	4.51808977	5.07384014	5.60232019	7.60590076	7.58996964	4.71680975	3.53393960	4.24764013	5.81984997	6.20163012	5.26338053	6.56126976	5.62473011	3.87441015	3.68118000	4.23827982	4.05674982	4.33133984	6.66692972	9.83132935	8.63306999	6.57549095	7.54128027	8.79354000	8.61308956	8.56628990	8.55522060	8.37378025	8.70803928	9.10647011	9.21897030	9.16532993	8.99910164	8.72684956	8.71100998	8.86400986	8.84277058	9.01610947	9.48375034	9.70865917	9.97947121	10.7054100	10.7220602	10.3356009	10.5394506	10.6242294	10.4000397	10.3526096	10.3054504	10.1123104	10.3602610	10.4718599	10.0534506	9.98504925	10.0026894	9.73557091	9.39843082	9.17658138	8.94456005	8.69760036	8.25092888	7.96940947	7.90236044	7.67700005	7.41140985	7.26353979	6.99390030	6.75864029	6.60312033	6.39648008	6.31431007	6.55875015	6.68555975	6.57395983	6.40467072	6.40673971	6.39261007	6.30045080	6.08795977	5.98328972	5.91551971	5.72310019	5.53932047	5.35661983	5.04242992	4.94342995	5.23071051	5.17032003	5.03658009	5.21828985	5.31216002	5.19327021	5.13990068	5.16986990	5.14521027	5.14170027	5.21441984	5.19921017	5.07114029	5.03963995	5.18030977	5.10921001	4.78593016	4.69584036	5.00391006	5.21325016	5.37579012	5.54886007	5.40692997	5.14547968	5.04828024	4.99679995	4.91912937	4.91507959	4.73399973	4.33575010	4.06241989	4.09184980	4.18238974	4.11128998	4.10832024	4.52079010	4.96898985	5.01443958	4.95674992	4.99004984	4.89878988	4.72535992	4.56659985	4.51016998	4.59566975	4.44933033	4.24781990	4.30776024	4.49468946	4.48569012	4.19553041	3.86892009	3.73914027	3.75452995	3.64067984	3.56310010	3.60081005	3.47904015	3.30255008	3.24153018	3.17178035	3.03318000	2.85984015	2.59587026	2.48229003	2.39669991	2.27592015	2.26367998	2.33154011	2.31111002	2.21103001	2.05974030	1.93437004	1.79000998	1.72592986	1.79666996	1.87937987	1.65644991	1.88928008	2.67030001	2.70890975	2.88197970	3.01031995	2.24433017	2.54844022	5.66531992	5.87042952	4.19670010	11.3081398	11.6368189	5.38856983	4.05180025	4.56974983	1.86362994	0.191880003	0.318960011	0.631890059	0.865890026	2.07135010	3.27212977	2.00312996	0.783449948	1.19168997	1.82690978	1.68137968	1.90233004	4.19777966	6.05879974	5.01273012	3.56930995	3.64959025	4.69052982	6.47721004	8.14203072	7.89191961	6.19452000	5.40045023	5.74533033	6.12315035	6.66962957	7.64361000	8.28080940	8.54946041	9.01944065	9.10413074	8.83205986	8.77689075	8.64936066	8.14994907	7.88624907	7.59392929	6.91470003	6.58791018	6.14295053	5.12955046	4.47353983	4.14891005	3.61232996	3.36204004	3.09752989	2.60261989	2.19374967	1.94697022	1.71621013	1.55106020	1.50219011	1.47770989	1.42938006	1.50704992	1.79027998	2.04093003	2.04335999	2.18844008	2.11347008	2.08349991	2.84346008	3.11679006	3.09258008	3.01671004	2.49794984	1.79009986	1.97316015	3.35016012	3.21731997	1.80072010
5.00000000	0.840780020	0.804239988	0.887219965	1.19430006	2.27744985	4.19184017	5.44815016	4.58153963	5.07680988	6.37487984	5.22243023	2.86839008	1.59633005	1.45791006	1.77021003	1.62611997	1.21607995	1.05867004	1.00827003	1.04895008	1.18899012	1.23471010	1.15533006	1.05651009	0.947430015	0.861570060	0.811889946	0.720899940	0.595349967	0.454769999	0.335969985	0.189090028	0.150209993	0.172889978	0.163170025	0.127169997	0.142379984	0.299699992	0.475469977	0.497339964	0.475470006	0.639989972	0.860399961	0.839340031	0.611549973	0.376380026	0.297810018	0.267839998	0.313560009	0.430739999	1.04039991	1.70451009	1.89072001	1.78640997	1.93491006	2.27034020	2.17808986	1.91744995	2.14568996	2.29031992	2.05298996	1.98422992	1.89342010	1.58391011	1.42047000	1.36286998	1.23525000	1.12185001	1.07973003	1.09116006	1.14488995	1.19232011	1.15659010	1.21715987	1.46430004	1.58418000	1.70486987	2.52756000	2.78127003	2.41578007	2.30292010	2.26277995	3.25836015	5.14394999	5.55921030	4.89411020	4.54454994	4.63643980	4.57163954	4.72823954	4.90149021	4.65020990	5.19029999	5.36274004	3.68730021	3.91454983	5.86124992	6.07923031	3.74103022	1.49022007	2.23379993	3.68549991	3.00050998	2.17395020	3.24297023	3.31227016	3.18446970	3.38759995	4.40261984	5.48910046	5.32889986	6.23168993	8.36720943	7.24914026	4.48884010	4.93056059	5.69484043	5.51321936	3.85298967	3.81519008	5.50665045	5.29991961	4.60008049	4.76432991	4.61565018	4.42412996	5.11568975	7.52570963	8.90433025	7.51472998	7.15661955	8.90540981	9.16991997	8.01405048	8.24742031	8.55288029	8.35965061	8.18010044	8.13753033	8.09819984	8.54243946	9.05678940	9.16884041	9.26100063	9.60480022	9.87858009	9.69381046	9.59912968	10.0782900	10.6310701	11.0357103	11.4615908	11.7810011	11.9691000	11.6792107	11.5732803	11.8817101	11.7102604	11.3606100	11.6631908	11.8892708	11.5420504	11.4682503	11.4607801	11.0241899	10.7548199	10.3235397	9.80477905	9.37619972	8.94528008	8.61012077	8.40600014	7.98380947	7.65935993	7.56675005	7.31646013	7.16129971	7.15904951	6.83901024	6.61824036	6.90696001	6.86349010	6.67350006	6.77772045	6.72911978	6.53670025	6.50016022	6.36489010	5.96268034	5.56011057	5.10614967	4.55202007	4.18643999	4.03011036	4.00545025	3.91301990	3.85686016	3.94893003	4.00751972	3.81204033	3.65318966	3.70080018	3.55536032	3.39705038	3.40811992	3.26844001	3.12722993	3.25476003	3.22937989	2.85479975	2.63736010	2.54871011	2.40696001	2.49228001	2.78532028	2.97269988	2.92499995	2.81943011	2.65076995	2.50253987	2.52341986	2.53214979	2.34413981	2.15028000	2.19608998	2.18465996	2.09222984	2.25351000	2.51729989	2.54906988	2.65832996	2.86587024	2.94282007	2.85588002	2.75138998	2.67390013	2.66706014	2.62152004	2.55096006	2.52900004	2.51729989	2.53017020	2.53988981	2.50281000	2.67021012	2.92868972	2.96468997	2.89476013	3.00429034	3.15044975	3.24755979	3.29859042	3.32559037	3.37598991	3.26960993	3.14342999	3.24801016	3.26169014	2.97764993	2.84633994	2.90295005	2.84976006	2.79306006	2.77694988	2.80547976	2.78919005	2.73518991	2.67912006	2.59551001	2.43512988	2.55294013	2.74302006	2.48040009	2.26197004	2.61891007	3.20157003	4.03074026	4.09814978	3.17988014	4.68044996	10.3502693	9.11744976	3.82752013	7.05401945	10.3252497	6.75126028	4.69934940	2.97818995	0.731250048	0.285389990	0.864899993	1.15154994	1.82637012	4.60944033	5.38433981	2.60999990	1.03473008	1.76273990	2.38481998	1.66914010	1.43244004	2.09583020	2.86731029	2.97387004	2.97702003	3.04856992	3.50945973	5.13710976	7.60950136	9.80955029	9.57114029	7.51149035	7.26344967	8.17424965	8.16714096	8.24265003	8.98460960	8.97488976	9.09342003	9.54656982	9.21384048	9.26288986	9.82521057	9.41841030	9.03726006	9.26459980	8.68769932	8.14419079	8.11323071	7.32266951	6.55847979	6.73299122	6.34203005	5.78637028	5.48378992	4.93830013	4.38884974	4.05143976	3.79638004	3.63113999	3.56022000	3.46653008	3.47444987	3.53340006	3.83976007	4.51367998	4.37273979	3.94254017	3.73724985	3.09959984	2.76065993	3.32604027	3.98727012	3.75227976	2.97135019	1.86335993	1.53396010	3.60764980	3.21515989	1.04697001
4.00000000	1.28987992	1.34955001	1.44917989	1.69677007	2.14344001	2.69136000	3.54194975	4.68333006	6.12323999	5.29992056	3.02256012	2.03850007	2.13578987	2.50956035	2.38752007	1.87002039	1.68057013	1.62296999	1.60020006	1.69101000	1.86695993	1.83806992	1.62512994	1.44278991	1.27665007	1.12959015	1.08179998	0.979650140	0.855450094	0.838800073	0.819630146	0.471690029	0.284579992	0.342540026	0.309240013	0.132210001	6.36299998E-02	0.172619998	0.457289994	0.660150051	0.733319879	0.737280011	0.655110061	0.581490040	0.485549986	0.347220033	0.277920038	0.344700009	0.340380013	0.737820029	1.47428977	1.67787004	1.53602993	1.62414002	1.81313992	1.98710978	2.05694985	1.91322005	1.86183012	1.91843987	1.87560022	1.89674985	1.85921979	1.64420998	1.46871006	1.42848003	1.43253016	1.39959002	1.38888013	1.45215011	1.54512012	1.64366996	1.76030993	1.87055993	2.23361993	2.57868004	2.55869985	2.85768008	3.39920998	3.40155005	3.30137992	3.85866022	5.08454990	5.81535006	5.55912018	5.04819012	5.01389980	5.29722023	5.07671976	5.25023985	5.65757990	5.03703022	5.64723015	6.39143991	4.94847012	4.80167961	6.90867043	7.41203976	5.81768990	3.12525010	2.02445984	3.74427009	3.80835009	2.26809001	2.71080017	3.33224988	3.90905976	4.07825994	4.28858995	5.15456963	6.10361958	7.48890066	7.86285019	6.00597000	5.45273972	7.18416023	7.10477972	4.81382990	2.75696993	3.66938996	5.89959002	4.67874050	4.78997993	5.97726059	6.03621006	5.97213030	6.91128016	7.93385887	8.26505947	8.03673077	8.30501938	8.64585018	7.63632059	7.12386036	8.02025986	8.34597015	8.08658981	8.42139053	8.74269104	8.61119938	8.35803032	8.32752037	8.52822018	8.94050980	9.58509064	10.2785397	10.3452291	10.2495594	10.8918009	11.3762703	11.2327213	11.5577097	11.9220295	11.9169912	11.8850393	11.9484911	11.9191494	11.9142904	12.0789909	12.2963400	12.2431517	12.2814007	12.4920902	12.1309195	11.5317898	11.4223499	10.9943991	10.1416502	9.63306046	9.27720070	8.83026123	8.40915012	8.13482952	7.93502998	7.86573029	7.60895967	7.45658970	7.48376989	7.17218971	6.79571962	6.89157057	6.84998989	6.61464024	6.54354000	6.30036020	5.88816023	5.72291946	5.53734016	5.07204008	4.58693981	4.16331005	3.67263007	3.25007987	3.05378985	2.93804979	2.72475004	2.62377000	2.61800981	2.58605981	2.37654018	2.18159986	2.09610009	1.95020998	1.82240987	1.77201009	1.63619983	1.50660002	1.59110999	1.54718995	1.31768978	1.22004008	1.26450014	1.20519006	1.18224001	1.25549996	1.26783001	1.21086001	1.21265996	1.22210991	1.14893997	1.13103008	1.15271986	1.09178996	1.02491999	1.04984999	1.10897994	1.09350002	1.18710005	1.35314989	1.45079982	1.46340001	1.44360006	1.44791996	1.44746995	1.36638010	1.24847996	1.27863002	1.41263998	1.45502996	1.38564014	1.33956003	1.39608014	1.44215989	1.49723995	1.57347012	1.81179011	2.11617017	2.31335998	2.47896004	2.62314010	2.77182031	2.89061999	2.92796993	2.95451975	2.97072005	2.88063002	2.90159988	2.94506979	2.87820005	2.90079021	2.94272995	2.92499995	2.94597006	2.99799013	3.00788999	3.00554991	2.98880982	2.93201971	2.94614983	2.87324977	2.85092998	3.12686992	3.27644968	3.22874975	3.28869009	3.69278979	4.21550989	4.19525957	4.52690983	7.57259989	11.0348997	6.47307014	2.32037997	8.17694950	11.3958902	7.73099947	4.01534986	1.37007010	0.371069998	0.809280097	1.86633003	1.84994996	1.95560980	5.05610991	5.63192940	2.80241990	1.82717991	2.19626999	1.61532009	0.844560027	0.585179985	0.700919986	1.15092003	1.94652009	2.53611016	2.52405024	2.89439988	4.01463032	5.46300030	8.60309982	11.7849588	9.88082981	7.80839968	8.72982025	8.92259979	8.05932045	8.83998013	8.87525940	8.46432018	9.29565048	9.45765018	9.22085953	10.1296787	10.2265196	9.64646912	10.1448002	10.1880894	9.66096020	9.95876980	9.78840065	9.01493931	9.21888065	9.20456982	8.61093044	8.25462055	7.79489946	7.35102034	7.00352955	6.74648952	6.66656971	6.52932024	6.34544992	6.38433027	6.31700993	6.10902023	6.69365978	7.03494024	6.28902006	5.77602005	5.16825008	4.12460995	3.48254967	3.16476011	2.91222000	2.60739017	2.31830978	2.26133990	2.42838001	1.77470994	1.17944992
3.00000000	2.91645026	2.79701996	2.56472993	2.62007976	2.80062008	3.01932001	3.72825027	4.93866014	5.59710026	4.13649035	3.44051981	3.97503018	4.40288973	3.95900989	3.09878993	2.22192001	2.26592994	2.42505026	2.27195978	2.31021023	2.48273969	2.31795001	1.88378990	1.58706009	1.41732001	1.29708004	1.34099996	1.31463015	1.21544993	1.33335006	1.42317009	0.808560073	0.405990034	0.482220083	0.494639993	0.219420016	6.82199970E-02	8.16300064E-02	0.332280010	0.797490001	1.02816010	0.780480027	0.481590033	0.402119994	0.362700015	0.224370033	0.282689989	0.282600015	0.428939968	0.807119966	1.20384002	1.18736994	1.12932014	1.38717008	1.47473991	1.43577003	1.65122998	1.77560997	1.76516998	1.79009998	1.75644016	1.69254005	1.70099998	1.66959000	1.62432003	1.64033997	1.67264998	1.67319000	1.68426001	1.77390003	1.97135985	2.18493009	2.30669999	2.36826015	2.63439035	3.12282014	3.13001990	3.09842992	3.48056984	3.88107014	4.42619991	5.06889009	5.21595001	4.99671030	4.86072016	4.84892988	5.10317993	5.33285999	5.07905960	5.44212008	6.14187002	5.46002960	5.73236990	7.04430008	6.46911001	5.14125013	5.90121031	7.52400017	7.43687963	5.51996994	2.98664999	2.97477007	3.40568995	2.46005988	2.37402010	3.36267018	4.51665020	4.70582962	4.40649033	5.26814985	7.14680910	8.00990963	6.53832006	5.62824011	7.71093035	9.80297947	8.37693024	4.65119982	3.09653997	6.32178020	9.93627071	6.20856047	5.89464045	7.26227999	7.32618046	7.53219032	8.16921043	8.04852104	8.13383961	8.53785038	8.37882042	8.14976978	8.53317070	9.85724926	10.6576204	9.48906040	8.72459984	9.25002003	9.60165024	9.47852993	8.92232895	8.50994968	8.60715008	8.67797947	8.46224976	8.59203053	8.81981945	9.10961914	9.93627071	10.6554594	11.0151892	11.3678093	11.3699694	11.2810488	11.7365408	11.9885397	11.5274696	11.5627499	12.1716909	12.2787008	11.9488497	12.0841208	12.3492584	11.9922304	11.5460100	11.3264999	10.7573395	9.84122944	9.45729065	9.23345947	8.76995945	8.31896973	8.16327000	7.96742964	7.74926949	7.60104036	7.32609034	7.12250996	6.87510014	6.57323980	6.51690054	6.44867992	6.12738037	5.75819969	5.46552038	5.07114029	4.61871004	4.24673986	3.86091018	3.44906998	3.12101984	2.82842994	2.50235987	2.16909003	1.92968988	1.77867007	1.65527987	1.48680007	1.43558991	1.37574005	1.20257998	1.03463995	0.925110042	0.844469965	0.759600043	0.706499994	0.659520090	0.625500023	0.599309981	0.578070045	0.540629983	0.534509957	0.539640009	0.541619956	0.506070018	0.483030021	0.477989972	0.494010001	0.500130057	0.495629936	0.461790025	0.445049971	0.449640006	0.452609956	0.460080028	0.526499927	0.585360050	0.592920005	0.584370017	0.597330034	0.623790026	0.602009952	0.587699950	0.622169971	0.615869999	0.593279958	0.616230011	0.696959972	0.773640037	0.778230011	0.749700010	0.775530040	0.857520044	1.00494003	1.11420000	1.26080990	1.44270003	1.59992993	1.67129993	1.73798990	1.89387012	2.01726007	1.99017012	1.94633996	2.01600003	2.06136012	2.02589989	2.04237008	2.08188009	2.19717002	2.23838997	2.23713017	2.33468986	2.43881989	2.50587010	2.62358999	2.70342040	2.67750001	2.78163004	2.95686007	2.96369982	3.02471995	3.40937996	3.85506034	4.32972002	4.89410973	4.96116018	4.96448946	6.62049007	8.95958996	7.19001055	2.83743024	3.32459974	12.5926208	12.2706003	6.49943972	1.67679000	0.790109932	1.15164006	1.71387005	2.78874040	2.81601000	2.25044990	3.25008011	3.69243002	2.94776988	3.17916012	2.74482012	1.14399004	0.500759959	0.552060068	0.664110005	1.00043988	1.78460979	2.47788000	2.41883993	2.47112989	3.36114001	4.89789009	7.96679974	12.3132591	10.9044905	7.59708071	7.77906036	8.49896908	7.06670952	7.64045906	8.45748043	7.65585041	8.26443005	9.31418896	9.03114033	9.58247948	10.2491102	9.73133945	9.77463055	10.1576691	9.83753872	10.0589399	10.4791508	10.1171713	9.97452068	10.0185299	10.0487700	9.94463921	9.72224998	9.65196037	9.50273991	9.16569042	9.19341087	9.10511971	8.68959045	8.63010025	8.56359005	7.82432985	7.51671076	7.53489017	6.99561024	6.73272038	6.48792028	5.88887978	5.23124981	4.71482944	4.47444010	4.44861031	4.10300970	3.68496013	3.41477990	2.93652010	2.61863995
2.00000000	3.48470998	3.39146996	3.14801979	2.91033006	2.85425997	2.97764993	3.78954005	5.20433950	5.99328041	4.99554014	5.82327032	6.92739010	5.59908056	4.17456055	3.50397015	3.29552984	3.27438021	3.24774003	3.01590014	2.89610982	2.97125983	2.77776003	2.30714989	1.98215997	1.77408004	1.60632014	1.57077003	1.59038997	1.36142993	1.41731989	1.66095006	1.20824993	0.660059988	0.547829986	0.593729913	0.413550019	0.225270033	0.156960025	0.307799995	0.664650023	0.784169972	0.561420023	0.385919988	0.301589966	0.186299995	0.146250010	0.149220005	0.258749962	0.457019985	0.599039972	0.756630003	0.747180045	0.752849996	0.990989983	1.15110004	1.14866996	1.25586009	1.34612989	1.45737004	1.60343993	1.64987993	1.63404000	1.63709998	1.64645994	1.65213001	1.72160995	1.81107008	1.91232002	1.98872995	2.09421015	2.28420043	2.39787006	2.48058009	2.49552035	2.52315021	2.78802013	3.06836987	3.17196012	3.39606023	3.75480008	4.04909992	4.34061003	4.48559999	4.65218973	4.94846964	5.15790033	5.29352999	5.46111012	5.39477968	5.62535954	6.12180042	5.89031982	5.76719999	6.72363091	7.53947973	6.98175049	6.03476954	6.35777998	7.64864969	7.51688957	4.88717985	3.25386000	3.32973003	3.45951009	2.47761011	2.85255003	3.77171969	4.41729021	4.46867990	4.97312975	6.18173933	6.59907007	5.62787962	6.48656988	8.85761929	9.76616955	8.18973064	5.80715990	5.78430033	10.2977095	12.3816614	8.14770031	8.26136971	9.54323959	8.88362980	8.65170002	8.73260975	8.31663036	8.42354965	8.48718071	8.68140125	9.75033092	11.0549698	11.7454510	10.9577703	9.55881023	8.88489056	8.14437008	7.61255932	7.94628048	8.44091988	8.65359020	9.26747990	9.71541119	9.35036945	9.20114994	9.34902000	9.17550087	9.15705109	9.44676018	9.94734001	10.4853592	10.5472803	10.3354206	10.8518410	11.2456789	11.2596292	11.6009111	11.9924994	11.8855801	11.6795702	11.4139805	11.0921402	11.0040293	10.8368101	10.2458696	9.86724091	9.47691059	9.05877018	8.77563000	8.49978065	8.12880039	7.85331059	7.54226971	7.24617004	7.19216967	6.88824034	6.46802998	6.37496948	6.22808981	5.95277977	5.71508932	5.34024048	4.85919046	4.58073044	4.32279015	3.82148981	3.37743020	3.02337003	2.62385988	2.27250028	2.02986002	1.81142986	1.54025996	1.25802016	1.08999002	0.956609905	0.826470017	0.779579997	0.759239972	0.625410020	0.483570039	0.401130021	0.336150020	0.284850001	0.270270020	0.264509976	0.239580020	0.218160018	0.221310019	0.219149992	0.203220010	0.205649987	0.198180020	0.173879996	0.171360001	0.187109977	0.188549995	0.186209992	0.188910007	0.170819968	0.150570005	0.153000012	0.170549989	0.182250023	0.218430012	0.252990007	0.258840024	0.233820021	0.234540015	0.246960014	0.256140023	0.249750003	0.264780015	0.275040030	0.293400049	0.323549986	0.339390010	0.365580022	0.407520026	0.450449973	0.470789999	0.512910008	0.592290044	0.708750069	0.809639990	0.848609984	0.865260005	0.884249985	0.935910046	1.02978003	1.09827006	1.09259987	1.07271004	1.08134997	1.13768995	1.20446992	1.30031991	1.36097991	1.45718992	1.55366993	1.60442996	1.66589999	1.76552987	1.87263000	1.99934995	2.14839029	2.22200990	2.38796997	2.71484995	2.94192028	3.02796006	3.31011009	3.77325010	4.56912041	5.37425995	5.38695002	5.82660007	8.10422993	7.97480965	4.01435995	2.45142007	7.34508038	11.4818392	10.1133900	3.60324001	1.07352006	2.02707005	2.77731013	2.33495975	2.78082013	3.35790014	3.41927981	3.39632988	3.72996020	4.17410994	4.36131001	3.27707982	1.83078027	1.31427002	1.35306001	1.56096017	1.61090994	2.00303984	2.67623997	2.83545017	2.56725001	2.94659996	4.23648024	6.97589970	11.5107307	11.8874702	8.14959049	7.01262045	7.58915997	6.18984032	6.30576038	7.62767982	6.94736958	6.72966003	7.79390907	7.87157917	7.90793991	8.77031994	8.81820011	8.54342937	8.74773026	8.68437004	8.60579967	8.88074970	9.02637005	8.85042000	8.68572044	8.97273064	9.21086979	9.19052982	9.23922062	9.28206062	8.96732998	8.90406036	8.93169022	8.40825081	8.08388996	8.21106052	7.89416981	7.30143023	7.01648998	6.63039017	6.34770012	6.15627003	6.07544994	5.96654940	5.62967968	5.41224003	5.33583021	4.69025993	4.03758001	3.92030954	3.73995018	3.44034004
1.00000000	2.85300016	2.88071990	2.98979974	3.09762025	3.08484006	3.13659024	3.84534025	5.21514034	5.91290998	5.23350000	6.73928928	7.25066996	5.23826981	4.62698984	5.36454010	5.15582991	4.18554020	3.83750987	3.85802984	3.73202991	3.68468976	3.60908985	3.17781019	2.65472984	2.31606007	2.14460993	2.03138995	1.96722007	1.63295984	1.53081000	1.80243015	1.74771011	1.22687995	0.786509991	0.751769960	0.843030095	0.876420021	0.774090052	0.697860003	0.686160028	0.617849946	0.481679976	0.316890001	0.177750021	0.135900021	7.52400085E-02	0.129599988	0.262440026	0.375030041	0.417420030	0.468270004	0.472229987	0.523889959	0.696780026	0.870570064	0.991979957	1.08360004	1.08845997	1.18646991	1.33884001	1.42290008	1.50930011	1.62513006	1.65897012	1.68669009	1.75986004	1.87110007	2.05479002	2.18457007	2.27402997	2.36880016	2.37906003	2.41757989	2.58291006	2.61630011	2.67524981	2.97180009	3.28239012	3.57165003	3.86541009	3.95388007	4.07448006	4.40729952	4.75281000	5.10362959	5.28066015	5.33547020	5.57639980	5.87106037	6.01280975	6.31818008	6.64343977	6.39351082	6.24635935	7.44471073	8.87093925	8.24948978	6.79643917	7.01469040	7.66701031	6.67124987	4.72112989	3.78306007	3.86343002	2.49597025	2.15892005	2.65391970	3.28311014	3.87180018	4.47543001	5.14097977	5.50124979	5.79042006	7.58349085	8.70569992	7.90127993	7.05842972	7.69679928	8.12808037	9.35514069	8.04203987	6.46271992	8.31923962	9.82592964	9.25028992	8.43453026	8.40050983	9.26073074	9.68570995	9.36252022	10.8730803	12.3785105	10.9503002	8.83548069	8.19026947	9.36099052	11.2798796	10.6650000	8.96706009	9.14976120	9.76410103	9.10223961	8.99757004	9.83555984	10.1968203	10.4330702	10.9526396	10.9545298	10.5965090	10.0472403	9.64836025	9.95436001	10.3968897	10.1936693	10.2302103	10.4570093	10.9632607	11.5402498	11.5871391	11.5110903	11.7547197	11.3357697	10.6025400	10.5395403	10.3059893	9.41579914	9.25119019	9.24768066	8.70641994	8.31383991	8.11134052	7.64370012	7.29369020	7.06365013	6.85755014	6.77745056	6.48305988	6.02981997	5.91687012	5.84136009	5.44392014	5.13486004	4.73490047	4.22370005	3.86234999	3.51729012	3.09150004	2.69847012	2.35034990	2.02968001	1.74933016	1.55268002	1.38708007	1.18835998	0.936179936	0.723330021	0.630810082	0.549809992	0.511830091	0.462330014	0.359549969	0.270089984	0.218700007	0.177570000	0.153360024	0.134730011	0.120150022	0.108360007	0.105840005	0.109800003	0.112050012	0.107280001	0.101250008	8.28000009E-02	7.30800033E-02	7.71300048E-02	8.27099979E-02	8.07299986E-02	7.55999982E-02	7.44300038E-02	7.20000044E-02	6.75000027E-02	6.89400062E-02	7.64100030E-02	8.46000016E-02	9.27899927E-02	9.67500135E-02	0.101880006	0.103409998	0.107280001	0.106920004	0.107910000	0.121770002	0.133740008	0.137790009	0.151380002	0.170190006	0.179460004	0.205290020	0.235350043	0.287189990	0.314730018	0.324989974	0.342809975	0.395280033	0.449010015	0.459449977	0.460979998	0.470070004	0.503730059	0.547470093	0.580139995	0.627659976	0.662309945	0.672569990	0.692460060	0.758340001	0.852210045	0.909900010	0.945900023	1.02645004	1.12661994	1.19259000	1.27845001	1.40453994	1.50381017	1.56780005	1.68470991	1.87749016	2.18385029	2.54564977	2.84651971	3.11454034	3.43719006	4.12622976	4.59287977	4.61808014	6.26949072	8.57295036	6.43347025	3.53087997	7.28739023	10.5889492	8.54198933	5.11281013	1.61109006	2.72385001	3.70908022	3.58838987	2.54880023	2.57733011	3.58623028	4.30443001	4.66172981	5.47982979	5.56748962	4.29399014	3.07359028	2.84949017	2.64527988	2.26961994	2.48598003	2.62475991	2.85443997	3.29967046	3.60756016	3.13766980	2.97485995	3.78459024	5.28624010	8.89406967	12.1167002	10.4779797	8.42039967	8.56745911	6.90956974	5.50674009	6.10460997	6.23232031	5.92173004	6.46317005	6.84909058	6.77385044	7.12898922	7.33518028	7.19720984	7.23123026	7.30215073	7.15292978	6.90561056	6.88985968	7.06041002	6.81623936	6.77033901	7.00875044	6.93135023	6.85655975	7.03151941	6.98184013	6.81704998	6.84062958	6.69275951	6.42105007	6.53849983	6.77655029	6.55731058	6.15374947	5.89472961	5.49693012	4.96116018	4.75217962	4.69278002	4.34133005	4.01004028	3.90491986	3.63977981	3.30785990	3.16827035	3.05991006	2.92337990
0.00000000	2.78621984	2.84588981	3.03047991	3.35385013	3.50090957	3.58028984	4.17698956	5.42088032	6.12864017	6.17382002	7.21997976	7.18290043	6.10496950	6.22349930	7.26318073	6.26048994	4.51692009	4.27005005	4.88042974	4.89654016	4.77432060	4.80680990	4.22846985	3.29913020	2.84607005	2.85741019	2.95668006	2.82077980	2.64168024	2.45321989	2.05155015	1.65699017	1.40156996	1.19924986	1.04247010	1.35431993	1.81647003	1.88199008	1.42829990	0.957329988	0.744210064	0.493110061	0.227160007	0.117000006	8.41500014E-02	0.107820012	0.164519995	0.219150007	0.272430003	0.276119977	0.310950011	0.378720045	0.473759979	0.598590016	0.720450044	0.869670033	1.00673997	1.08738005	1.20590997	1.35018003	1.35333014	1.53369009	1.66760993	1.73052001	1.80990005	1.90746009	1.96659005	2.14668012	2.29094982	2.31443977	2.39453983	2.42432976	2.40984011	2.59145975	2.66210985	2.70369005	3.00257993	3.33485985	3.68874002	4.01642990	4.13505030	4.33431005	4.66073942	4.88609934	5.12198973	5.41296005	5.60555983	5.88122988	6.39296961	6.58484983	6.75899982	7.39836025	7.70724010	6.80976057	6.70040989	8.41275024	9.60399055	8.86184978	8.05571842	8.02539062	7.65800953	6.43554020	4.83795023	3.38058019	2.93282962	2.52846003	2.96910000	2.84445000	3.15981007	4.21821022	5.19299984	5.84072971	6.66864014	8.45226097	8.20745945	6.37316990	6.48638964	7.52625084	6.37019968	5.55497980	6.56793022	8.26082993	7.66466999	7.34804964	7.59609032	7.81848001	9.00728989	11.1503696	11.2573795	10.9564209	13.7412910	14.0802288	10.5760803	8.97984028	9.42029953	10.5038099	13.1316290	14.8986902	14.6934900	14.5801802	14.9249697	13.0666513	10.7583303	9.91322899	9.25164032	8.89281082	9.32391071	10.0123196	10.8818102	11.2568417	10.6421404	10.4879704	11.0376902	11.1417303	10.8627310	10.6667099	10.8816299	11.4317999	11.7054901	11.7968397	12.0941992	11.8845005	11.2668295	11.0556908	10.5630302	9.58086014	9.28907967	9.15587997	8.63424015	8.44181919	8.23446083	7.59555054	7.23518991	7.12917042	6.84801054	6.58350039	6.39665985	6.07518005	5.85413980	5.73075008	5.29280996	4.90014029	4.51610994	4.07889032	3.71096992	3.31236005	2.97063017	2.67615008	2.30868030	1.98189008	1.75671029	1.53377998	1.29222012	1.10358012	0.877320111	0.689130008	0.610200047	0.507870018	0.441990048	0.398610055	0.347130030	0.296729982	0.264870018	0.233549997	0.191159993	0.148499995	0.121049993	0.118440010	0.117630005	0.110250011	0.115470007	0.114210002	0.107009999	9.09000114E-02	7.21799955E-02	6.02100007E-02	5.50800040E-02	5.15700020E-02	4.85100038E-02	5.12100011E-02	5.50800003E-02	5.42700030E-02	5.63400052E-02	5.89499995E-02	6.12000078E-02	6.40799999E-02	6.17399998E-02	6.89399987E-02	7.56000057E-02	7.57800043E-02	8.06400031E-02	8.49599987E-02	9.09000039E-02	9.75600109E-02	0.103140011	0.115290016	0.137160003	0.159390002	0.183780000	0.197910026	0.212940022	0.232740015	0.243450001	0.257220000	0.288269997	0.316260010	0.340020001	0.363060027	0.370080024	0.392399997	0.433889955	0.460079968	0.510659993	0.547920048	0.565469980	0.599939942	0.632250011	0.683369994	0.732600093	0.759599984	0.812249959	0.908010125	0.996840060	1.09521008	1.25963998	1.37160015	1.41596985	1.54215002	1.74798012	1.95903015	2.22678018	2.50883985	2.70062995	3.08870959	3.78701997	3.69584990	3.68478012	6.66431999	8.42723942	5.17680025	5.23853970	14.9820290	13.5006313	5.83406973	1.09323001	2.38490987	5.91876078	3.92193007	2.96450996	3.30353999	3.94452000	4.27328968	4.13648987	4.23747015	4.85919046	4.48298979	3.18087006	2.88494992	3.39812970	3.28922987	2.70261025	3.00303006	4.06700993	5.00669956	5.17022991	5.00688028	4.32665968	3.59415007	3.66875982	4.49594975	6.55551004	9.00260925	9.99207020	8.76024151	9.27468014	8.88111019	6.60032988	5.89598989	6.65153933	6.97436953	7.11369038	7.40115023	7.27991915	6.86987972	6.80444956	6.89931011	6.74306965	6.69771004	6.93405008	6.70194101	6.24320984	6.41519976	6.29792976	6.00947952	6.11775017	6.13125038	5.92370987	5.90607023	6.00155926	5.81984997	5.69457006	5.80653095	5.74650002	5.59035015	5.77458048	5.74748945	5.25626945	4.97528982	4.78269005	4.39047003	4.00905037	3.79233027	3.58055997	3.35231996	3.17834997	3.04082990	2.98386002	2.92707014	2.82959986	2.79206991
-1.00000000	3.03542972	3.09753013	3.25745988	3.66677999	3.97853971	4.03568983	4.46508074	5.72579956	6.64659071	7.46342993	8.98793888	9.54189014	8.10684013	6.98354959	7.08345079	6.00749969	4.92182970	5.29046965	6.43544960	6.41843987	5.98788023	5.72589016	4.96916962	3.95063996	3.56120968	3.71736002	3.87197995	3.67119002	3.99446988	4.05719948	2.56500006	1.15658987	1.19186997	1.34441996	1.18296003	1.32462001	1.71990001	1.70892000	1.40670002	1.04930997	0.721709907	0.417959988	0.163710013	7.07399994E-02	8.16300064E-02	0.120690010	0.147060007	0.174869999	0.223380014	0.250200003	0.313109994	0.416069955	0.548910081	0.706229985	0.823230028	0.947070003	1.10034001	1.22030997	1.38059998	1.56563985	1.64223003	1.90466988	2.00583005	2.02517986	2.09394002	2.15243983	2.22056985	2.46626997	2.64725995	2.63016009	2.65823984	2.72610021	2.77217984	2.94534016	3.00456023	3.06486011	3.39147019	3.59783983	3.85946989	4.16744947	4.38237000	4.73093987	5.10911942	5.35688972	5.64057016	6.09173965	6.49016953	6.76988983	7.16192961	7.46936989	7.56729031	7.95708036	8.76321030	8.57267952	7.49348974	7.44219017	9.13076973	10.4611502	9.96353912	9.03221989	8.96678925	8.23715973	6.65172052	4.31226015	3.39039016	3.49362016	3.57236981	2.78819942	2.57318997	3.63149953	5.12433004	6.22691965	7.32923937	8.09918976	7.18056059	6.39324045	7.39314032	5.94908953	4.15314007	6.39441013	11.7893705	12.0726004	7.46325016	5.55660009	7.35048008	10.1033993	12.0751190	13.2003012	12.6590395	13.5598507	16.0193710	14.3535614	10.5526800	11.1277800	10.4922895	8.45936966	8.75709057	10.7709293	12.2641201	12.1171494	14.1895790	17.1437416	17.7101994	16.3885498	14.4126911	12.4171190	10.8853207	10.1435394	10.8946800	12.4378195	12.5029793	11.8555193	11.8706408	12.0246305	12.2330694	12.2003117	11.9315710	12.2564697	12.9245396	13.0853691	13.0822201	13.1843700	12.8893509	12.2620487	11.6794796	11.0383196	10.5254107	10.0495796	9.55421925	9.38753986	9.06641960	8.43021011	8.07516003	7.82261896	7.34688044	7.02117062	7.00929070	6.79338026	6.50205040	6.25895977	5.84811020	5.42060995	4.99634981	4.67549992	4.36905003	3.96881986	3.59892011	3.36330032	3.00933027	2.60856009	2.26368022	1.87398005	1.52127004	1.26674998	1.03509009	0.906660080	0.792720020	0.650340021	0.560609996	0.527940094	0.517320096	0.468180001	0.419940025	0.380160034	0.306989998	0.229680017	0.202860013	0.213930011	0.231570005	0.217080012	0.200520009	0.185040027	0.167580023	0.146429986	0.123300008	8.22600052E-02	6.71399981E-02	6.38099983E-02	6.56999946E-02	6.71400055E-02	6.74099997E-02	6.67800009E-02	6.98399991E-02	7.36199990E-02	7.64100030E-02	7.96499997E-02	8.53200033E-02	9.96299982E-02	0.103680000	0.103950009	0.116549999	0.122490004	0.124200001	0.138870016	0.159569994	0.172440007	0.195570007	0.212400004	0.216270015	0.221040010	0.227789998	0.238229990	0.263700008	0.297539979	0.333719969	0.347760022	0.388260007	0.449909985	0.473940045	0.497610033	0.548370004	0.604259968	0.642059982	0.654480100	0.685800016	0.765360057	0.785699964	0.815670013	0.885600030	0.952830017	1.01133001	1.09539008	1.19457006	1.31472003	1.49715006	1.65536988	1.71152985	1.77669001	1.94777989	2.08872008	2.27412009	2.47725010	2.52243018	2.91878986	3.41315961	2.91870022	3.11274004	6.60158968	7.16183996	3.37283993	6.02037048	16.8905697	14.0214596	3.36464977	0.703620017	6.11162996	7.89029980	3.13964987	3.01617002	5.12118006	5.83244991	4.98429012	4.18086004	3.85676980	3.76919985	3.42954016	3.35888982	3.81330013	3.94209027	3.82490993	4.10039997	4.58720970	5.66460037	6.93486023	6.85809040	6.23744965	5.59305000	4.64255953	4.08267021	4.34223032	5.39279985	6.42635918	7.15445948	7.15635014	8.21475029	10.3064404	10.1618099	8.53712940	8.07848930	8.39060974	8.39457130	8.45190048	8.34794903	7.66214991	7.52408981	7.99524117	7.82190084	7.45289946	7.82424068	7.84835958	7.24257040	7.14771032	7.18578005	6.84198093	6.75855017	6.83270931	6.50547028	6.15276003	6.14006948	6.08858967	5.84523010	5.80617046	5.90211010	5.75234985	5.58702040	5.59844923	5.21514082	4.82031012	4.66011000	4.42746019	4.07214022	3.78252029	3.62511015	3.49208999	3.28004980	3.11300993	3.12777019	3.16647005	3.08880019	3.01715994
-2.00000000	3.26277018	3.44322014	3.67524052	4.04550028	4.52186966	4.62158966	4.74714041	5.93262005	6.81534004	6.57279015	8.23355961	10.8349209	9.96875954	7.33508968	6.87465048	6.60330009	5.97582006	6.36570072	7.56279087	7.76025057	7.15967989	6.54263973	5.80634928	5.13998985	5.02109957	4.88871002	4.31217003	4.09149027	5.15276957	5.37156010	3.81590986	1.67300999	1.20096004	1.53828001	1.22112000	1.28807998	1.16343009	0.911610067	1.24226999	1.33893001	0.728820026	0.280799985	8.61300007E-02	5.02200015E-02	6.33599982E-02	9.38700065E-02	0.124289989	0.181979999	0.265589982	0.315990001	0.404550046	0.549900055	0.713519990	0.930240035	1.11123002	1.33127999	1.57202995	1.65590990	1.77974999	1.98072004	2.19240022	2.46132040	2.63358021	2.66157007	2.71125007	2.74400997	2.79809999	3.07746005	3.32126999	3.32099986	3.28724957	3.34602022	3.48534012	3.65418005	3.77532005	3.84506989	4.06052971	4.19021988	4.41405010	4.66614008	4.88654995	5.19561005	5.62481976	5.99238062	6.33104992	6.71372986	7.07445002	7.49942970	7.93638039	8.42418003	8.75736046	8.63694000	8.90478039	9.69344997	9.54000092	8.41724968	8.84448051	10.8057604	10.8784809	9.69614983	10.3423500	9.69155979	8.16380978	5.49441004	3.82841992	3.83471990	3.62259007	2.89638019	2.81141996	3.49821043	4.50063038	5.31863976	6.15968943	6.22269011	5.88888025	7.10541058	7.98390007	5.08562994	4.47480059	11.7755098	13.8036604	10.5817499	8.10530949	5.86278105	8.98344040	14.0041800	14.6396694	13.2324295	13.1886911	16.0542889	15.7504501	11.5077600	10.0151100	12.1069794	7.67339993	5.40476990	5.40224934	8.32472992	10.0615511	7.89254999	9.05192947	13.7141104	16.0248604	16.5618896	18.1818008	20.1867313	20.5702209	17.9291706	15.0760813	14.4920683	14.5379686	14.5678492	14.6129408	14.1237898	14.2140608	14.8230886	14.5399504	14.2054205	14.7348900	14.9249697	14.8232698	15.2072086	15.1882200	14.2219810	13.7766600	13.4765100	12.6248398	11.8738804	11.5873194	11.1212101	10.6023598	10.1781902	9.77336979	9.20223045	8.68185043	8.42984962	8.25452995	7.98722935	7.69481945	7.41717005	7.04043007	6.76052952	6.47361040	6.09399033	5.68079996	5.20973921	4.67604017	4.33143091	3.98475003	3.51629996	2.99970007	2.45286012	2.03301001	1.69380009	1.41264009	1.31562006	1.17657006	0.991080165	0.927090049	0.914580047	0.873720050	0.778860092	0.715499997	0.656550050	0.560609996	0.466559947	0.435329944	0.456930071	0.459990025	0.416160047	0.369450063	0.310680002	0.276390016	0.265049994	0.236790016	0.180989996	0.169649988	0.173069999	0.171090007	0.171450019	0.161909997	0.147330016	0.148589998	0.155340001	0.165689990	0.169290021	0.187830016	0.200880021	0.207270011	0.220770016	0.240030006	0.261000007	0.268559992	0.291420013	0.311849982	0.322109997	0.346230030	0.349920005	0.338670045	0.350099981	0.376199991	0.400139928	0.427949995	0.464759976	0.500039995	0.527580023	0.597330034	0.711360037	0.771210015	0.789930046	0.824039996	0.878939986	0.906480014	0.959040046	0.993510008	1.07055008	1.11150014	1.15911007	1.20726001	1.28033996	1.36691999	1.50795007	1.66589999	1.79847026	1.94696999	2.10618019	2.16656995	2.13200998	2.17025995	2.22093010	2.40281987	2.65923023	2.73213005	2.96586013	3.09816003	2.41163993	2.79297018	5.44940948	5.11127901	2.26269007	6.03792000	13.2619486	10.8135900	2.22164989	2.31965995	9.57842827	6.50312996	2.78603959	4.63760948	6.84270000	5.96096992	5.00489998	4.75002003	4.58414984	4.28939962	3.96126008	4.37444973	4.89159060	4.35770988	4.26077986	5.55741024	6.16356039	6.20594978	6.87185955	6.86664009	6.33950996	6.21513033	5.76054001	5.24448013	5.37884951	5.78223038	6.03630018	6.20702982	6.64452028	7.47152996	9.18953991	10.9298697	9.25389004	7.80092955	7.95231104	8.70722961	9.60146999	10.3022995	9.73214912	8.94978046	9.22697926	9.45810032	9.13148975	9.11933899	9.13446045	8.69562054	8.51958084	8.54217052	8.23976994	8.00333977	7.82523060	7.64315987	7.29513025	6.99596977	7.09460926	6.99461985	6.54794979	6.59321928	6.64046955	6.13350010	5.88816023	5.66072989	5.14988995	4.76180983	4.47308969	4.20912027	3.94325972	3.67092013	3.48057008	3.40262985	3.32936978	3.24306011	3.29885983	3.30399013	3.30911994
-3.00000000	3.39911985	3.71565032	3.98439026	4.17932987	4.70546961	5.08464050	5.01470995	5.74046993	6.55874968	5.87510967	5.96637011	8.70425892	9.60831070	7.64451075	6.72894049	7.19891977	6.56550026	6.06636047	6.62624931	7.41330051	7.34679031	6.98894930	6.60330009	6.38864994	6.58062029	5.89122009	4.56111002	4.49909973	6.06536961	6.50925016	5.31936026	3.18852043	2.13830996	2.26611018	2.11544991	1.99890006	1.38708007	1.11672008	1.74023998	1.72521019	0.727559984	0.207719997	9.05400068E-02	5.77800050E-02	5.48099987E-02	8.40600058E-02	0.123840012	0.220500007	0.322020024	0.387629986	0.523799956	0.749069989	1.00772989	1.32812989	1.65222001	2.01798010	2.35448980	2.52252007	2.70720005	2.94300008	3.04290009	3.21102023	3.52845001	3.58524036	3.63186002	3.64760995	3.66327000	3.80412006	3.96279001	4.04288960	4.06818008	4.14944983	4.23269987	4.36715984	4.48919964	4.53185987	4.66469955	4.78250980	5.05818033	5.32809019	5.68529940	6.00318050	6.37145996	6.74856043	7.10244036	7.34363985	7.64513969	8.11466980	8.37683964	8.72216988	9.53802013	9.69875908	9.29565048	9.67724991	10.4885998	9.99530983	9.31634998	10.6609497	11.6839790	10.9870205	10.9795504	10.9041309	8.42472076	6.47504997	5.46759033	4.10813999	3.38534999	3.00995994	4.16781044	5.04936028	5.01759005	4.68162012	4.81166983	5.41260004	5.84046030	6.84980965	6.45461988	4.78970957	6.90984011	12.0124798	9.68301105	7.93800068	5.44383001	6.82640934	10.0833302	14.2164001	13.1779804	10.4152498	10.8135891	12.6353703	11.3144398	8.55053997	9.44927883	8.52740955	5.69357967	5.04782963	9.54819012	16.8401699	18.9920712	16.5264282	13.6324797	11.2144499	8.90396976	8.63432980	10.5827389	14.1306305	19.3068924	21.9842110	19.6942501	17.1261902	17.0181007	18.7624817	20.1324596	18.7314320	17.1933289	17.6217289	17.6377487	16.8687897	16.8646507	17.0654411	16.9421406	17.2912483	17.3547001	16.6345196	16.2507610	15.9210901	14.8784418	14.2521296	13.9663811	13.2175798	12.6970196	12.4942493	11.9630709	11.1872702	10.6854296	10.3338003	9.93725967	9.66942024	9.38097095	8.96156883	8.44407082	8.39816952	8.31311989	7.95231009	7.40007019	6.93053961	6.41285992	5.85701942	5.36175060	4.77296972	4.08419991	3.38859034	2.92608023	2.56950021	2.18852997	2.05776000	1.92023993	1.70181012	1.63116002	1.59830999	1.43307006	1.28780997	1.23723006	1.13894999	1.02177012	0.940860033	0.915480018	0.920069993	0.892080069	0.804960072	0.708750010	0.587700009	0.578520060	0.579780042	0.551609993	0.525510013	0.538650036	0.508680046	0.478709996	0.495090008	0.492119998	0.446220011	0.426870048	0.448019981	0.451800019	0.451259971	0.490499973	0.501209974	0.517770052	0.545940042	0.562320113	0.576269984	0.614879966	0.675270081	0.683279991	0.683010042	0.717749953	0.707040012	0.670319915	0.677789986	0.703170002	0.731429994	0.786239982	0.802170038	0.827639997	0.893339992	0.978929937	1.06083000	1.11852002	1.13913012	1.12428021	1.11474001	1.14983976	1.25567997	1.26548994	1.27754998	1.39671004	1.46745002	1.47528005	1.56663001	1.66625988	1.82340002	2.03561997	2.17827034	2.27754021	2.37149978	2.45340014	2.47392011	2.45727015	2.46581984	2.53719020	2.78576994	3.01365018	3.13272023	3.01769996	2.41344023	2.66831994	4.12398005	3.90960002	3.05819988	7.94906950	10.6267500	6.39441013	1.53485990	4.76225996	9.14220047	3.83877015	3.32738996	7.48620033	7.62128973	5.12937021	5.47263002	5.65650034	4.95720005	4.91948986	4.58784008	4.34349012	4.71005964	4.36878014	4.21344042	5.25455999	6.00416946	6.01514959	6.71714973	7.09361982	6.88319969	7.00856972	7.14221954	7.11575985	7.42589998	7.40051985	6.93809986	6.64388990	6.69275999	6.93764973	7.78400946	9.15615082	8.11529922	6.90291071	6.74154043	7.51149035	9.69047928	12.1835699	12.2882395	11.0758505	10.2525311	10.2527103	10.1402102	9.81890965	9.69398975	9.70146084	9.41094017	9.10764027	9.06939030	8.84798908	8.21006966	8.20548058	8.18082047	7.59681034	7.58313036	7.76060963	7.11909008	6.79526997	6.82109976	6.21899939	5.74316978	5.51510954	5.09354973	4.66172981	4.25843954	3.93741012	3.75767994	3.47985005	3.18122983	3.13785005	3.12822008	2.96919012	3.03218985	3.23415017	3.38580012
-4.00000000	2.88999009	3.23847008	3.49991989	3.47211003	3.79043984	4.39416027	4.61934042	4.94703007	5.64687014	5.56200027	5.03720999	5.64947987	7.38503981	6.77088022	5.82849026	5.75621986	5.69744968	5.12999964	5.25878954	5.66478062	5.92956018	6.40008020	6.53301001	5.87555981	5.54246998	5.29505968	4.45536041	4.55642986	5.85098982	6.51365995	5.15618992	3.67109990	3.65544009	3.81959963	3.34592962	2.80664992	2.14496994	2.08601999	2.19185996	1.48788011	0.608040035	0.320849985	0.161909997	8.73900056E-02	9.03599858E-02	0.107549995	0.170370013	0.314910024	0.479880005	0.634590089	0.888029933	1.23939002	1.67894995	2.29454994	2.85714006	3.18545985	3.49541998	3.74940014	4.06898975	4.45850992	4.57649946	4.63896036	4.87395000	4.86161995	4.68467999	4.65335989	4.71896982	4.76451015	4.86405039	5.00679016	5.09517002	5.19408035	5.33699989	5.39072990	5.53121996	5.62184954	5.73219013	5.87645960	6.03441000	6.27632999	6.54515934	6.84153032	7.06167030	7.30781984	7.72263002	8.17101097	8.60624981	8.89955997	8.96714973	8.97587967	9.58500004	10.3971605	10.3843803	10.0547104	10.5552893	10.9583998	10.2032099	10.5084009	12.1922102	12.6576900	11.7979202	10.9249201	9.62378979	8.04032993	8.20925903	5.08283949	3.02732992	2.94290972	4.73831987	5.90697002	6.36453056	6.26570988	6.55965042	7.81055975	7.77690125	6.73307991	5.56848049	6.29757023	10.7373600	12.6516600	5.50278044	4.19031000	3.71097016	8.24750996	10.1591091	11.6543703	11.2291193	9.62370014	9.52191067	9.76761055	8.73692989	9.22023106	14.3183699	12.4141502	8.57592010	7.18568897	15.2737198	22.4538288	25.3121395	24.1019993	20.2376709	13.9799700	9.83546925	10.1218510	9.90981007	9.02240944	13.3424997	20.2380295	20.9164505	21.5335808	23.1290989	22.2601490	20.7463493	19.4153404	18.3769207	18.9747009	19.7282696	19.2734089	19.1870995	19.5390911	19.2569408	19.1715279	19.3688107	18.9628220	18.6092091	18.2364311	17.6117420	16.9833603	16.4257202	15.6380396	15.0468302	14.7515402	14.0697002	13.4379883	13.0429802	12.5564394	12.1347895	11.9404812	11.5454702	10.9404898	10.3802395	10.1399403	10.0079107	9.68697071	9.34974003	8.98622990	8.44802952	7.82100058	7.18397999	6.39126015	5.53184986	4.84047031	4.35114002	3.91598988	3.48705006	3.20706010	2.98305011	2.76840019	2.60837984	2.47176003	2.26971006	2.09546995	1.95498002	1.80369020	1.71323991	1.66752005	1.61028004	1.58526003	1.53998995	1.44621003	1.29869986	1.16630995	1.20986998	1.22597992	1.16909993	1.18215001	1.20509994	1.12076998	1.10015988	1.13093996	1.07486987	1.00413001	0.999719918	0.974249959	0.951929927	1.05191994	1.06902003	1.05138004	1.05660009	1.08963001	1.11456001	1.11752987	1.18737006	1.25073004	1.24587011	1.25883007	1.26423001	1.19367003	1.18440020	1.17756009	1.09412992	1.08863997	1.17486012	1.22418010	1.25721002	1.36880994	1.41084003	1.37727010	1.38977993	1.39877999	1.36521006	1.31678998	1.36412990	1.44936001	1.44063020	1.46223021	1.59309006	1.66392004	1.70666993	1.84896016	2.00196004	2.11815023	2.28572989	2.40021014	2.42000985	2.39741969	2.47355986	2.59829998	2.73617983	2.73474026	2.69621992	2.74986029	2.90628004	3.01500010	2.96891952	2.61224985	2.61837006	3.41036987	3.87359953	4.57640982	9.66006088	8.99522972	3.52575016	1.16819990	5.89319944	7.73621988	2.98755002	4.16591978	9.30158997	7.63074064	5.01084042	6.57666016	6.77331018	5.27535057	5.62653017	5.50539017	4.43295002	4.71879005	5.34240007	5.01138020	5.03747988	5.73354006	6.52931976	7.44984007	8.10540009	8.39385033	8.52398968	8.57601070	8.84753990	9.31472969	9.28584003	8.67014980	7.94268036	7.21592999	6.86916018	7.69634962	9.01548004	8.53325939	7.55918932	6.59988022	6.43751955	7.40051985	9.56978893	10.8515701	10.9929600	11.4803095	10.9443598	10.0344601	9.36612034	9.36162090	9.60947990	9.37079906	8.75294971	8.69606972	8.74260044	8.05256939	7.76196003	7.79588938	7.30557013	6.95052004	6.87816000	6.47747993	6.08958006	5.83523989	5.45201969	5.15726995	4.85801983	4.39416027	4.07771969	3.69368982	3.17303991	2.90943003	2.71169996	2.44205999	2.32388997	2.32119012	2.28933024	2.32001996	2.50254035	2.71908021
-5.00000000	1.77857995	1.94202006	2.14344001	2.21508002	2.36367011	2.85561013	3.37815046	3.64832973	4.13684988	4.43420982	4.22045994	3.93417025	5.11533022	5.58639050	5.36679029	4.70708990	5.25465012	5.35040998	5.57963991	5.01831007	4.30560017	4.92381001	5.46380997	4.52061033	3.98511004	4.50764990	4.20912027	3.68379021	4.14800978	4.68233967	3.89591980	3.57372022	4.60683012	4.74596977	3.44808006	2.57067013	2.50812006	2.91312003	2.20266008	0.856889904	0.540089965	0.596610010	0.327149987	0.169829994	0.159660012	0.213569999	0.305640012	0.553499997	0.941130042	1.27611005	1.66068006	2.23820996	3.03021002	4.05891037	4.81328964	5.13746977	5.41296005	5.59844971	5.71616983	5.99561977	6.20163059	6.44733047	6.69141054	6.62328053	6.35265064	6.17165995	6.10497046	6.11252975	6.11244011	6.12314987	6.12972021	6.21395969	6.49583960	6.80471945	6.98822975	7.12260056	7.29243040	7.51635027	7.56576014	7.47126055	7.35758972	7.36649990	7.49528980	7.70499039	8.05796909	8.45559025	8.78661060	8.96319008	9.29564953	9.58680058	9.68814087	10.2061796	10.9698296	10.9787397	10.9821596	11.7576895	11.4653702	10.6683302	11.4080400	12.8820601	12.6861305	11.5531206	11.2895098	11.1400194	8.99891949	5.47812033	3.62439013	3.79475999	4.65102005	4.99184990	5.95151949	6.12909031	5.95008039	7.08776903	7.62452841	7.16921997	7.40708971	9.63512897	13.5872107	12.1846504	4.96458054	2.87810993	4.17968988	7.76547003	9.29745007	10.5408907	12.0857410	12.1763706	11.8894491	10.7911797	9.69884968	12.6062098	19.7536507	19.0962906	11.6137800	7.21584082	10.1079903	14.3484287	15.6861916	18.3897915	17.3467808	13.2951593	14.0858107	19.5879612	21.8384113	17.8684196	17.2653294	18.1053886	14.6695518	19.9948502	28.9863911	22.0311890	14.9734783	14.0017490	16.6530590	19.0043983	20.2834797	20.3736591	20.5931683	21.1356030	21.0143681	20.8908901	21.2274895	21.0110416	20.3519707	20.1935692	20.0285091	19.3699799	18.4901390	17.7664509	17.2729797	16.7624111	16.1620197	15.7176895	15.2849712	14.8422594	14.5769405	14.2521305	13.6017895	13.0797005	12.6639004	12.1352406	11.6713791	11.5036201	11.2396488	10.7077503	10.0902596	9.64323044	9.18081093	8.45172024	7.64964008	6.86493015	6.27947950	5.77547979	5.27472019	4.63797045	4.24565983	4.00517988	3.70574999	3.37004995	3.17619014	3.08465981	2.91959977	2.77605009	2.73707986	2.62178993	2.47743011	2.44169998	2.33559012	2.16765022	2.08485007	2.06945992	1.96829998	1.96236026	1.97091007	2.02031994	1.93077028	1.84679997	1.86606014	1.78596008	1.60911000	1.62926996	1.68353987	1.54548001	1.50048006	1.67210984	1.60154998	1.49922001	1.46349013	1.47158992	1.52873993	1.57509005	1.55277002	1.50822008	1.56086993	1.65177000	1.57140005	1.42901993	1.44044995	1.49750996	1.45098007	1.48347008	1.53459013	1.49768996	1.52099991	1.57653010	1.56879008	1.55744994	1.57014000	1.55592000	1.55762994	1.56689990	1.55565012	1.56203997	1.59812999	1.62701988	1.66652989	1.70181000	1.79856002	1.96109998	2.09340024	2.17583990	2.25792027	2.35422015	2.36484003	2.34432006	2.41740012	2.48076010	2.55555010	2.59767032	2.68865991	2.73420000	2.81502008	2.85497999	2.84958005	2.58794975	2.56157970	3.14307022	3.62133002	3.91059017	7.46658087	7.10019016	3.77666998	1.64348984	5.04864025	8.17757988	4.35753012	4.23629999	7.94097042	7.58178043	5.47154999	6.32591963	6.93126011	6.12909031	6.43166971	6.71301031	5.97447014	5.96411991	6.57351017	6.50888968	6.19668055	6.59295034	7.04754019	7.33752012	7.84430981	8.64791965	9.12131977	9.34020042	9.87255001	10.4517002	10.3392000	9.79614067	9.06830978	8.23680019	8.01090050	8.80064964	9.58086014	8.89289951	7.74809933	6.44705963	5.60061073	5.27517033	5.95854044	7.12151909	8.73792076	11.2632303	11.7075605	9.91512012	8.66285896	8.44497108	8.52723026	8.57195950	8.06184006	7.56584978	7.58052063	7.28181076	6.73596001	6.49682999	6.21684027	5.70015001	5.32124996	5.11416006	4.95306015	4.56272984	4.14188957	3.99131989	3.57210016	3.08780956	2.85128999	2.61926985	2.21525979	1.88954997	1.70892000	1.50947988	1.35548997	1.30977011	1.37600982	1.42875016	1.44747007	1.64457011
-6.00000000	0.933659971	0.986940026	1.08432007	1.27530003	1.31615996	1.58921993	2.09079003	2.39075994	2.64726019	2.94605994	2.91032982	2.73734999	2.97702003	4.62789011	6.36624050	5.94521999	4.82949018	4.88349009	6.13134003	6.21377945	4.60637951	4.41306019	4.91157007	4.26311970	3.97835970	4.82760000	4.58109045	3.20949030	3.28238988	3.93002987	4.12478971	4.10256004	4.92704964	4.76001024	3.21326995	2.26980019	2.52360010	2.98179007	2.02167010	0.837000072	0.848430097	1.05273008	0.643500030	0.425879985	0.378540039	0.480960041	0.643500030	1.12851000	1.75743008	2.33604002	3.06936026	4.04271030	5.15348959	6.17147970	6.90146923	7.26552057	7.49556017	7.44318008	7.35147047	7.34301043	7.54533052	7.70093966	7.97075939	8.15219975	8.15616035	7.96949959	7.61562014	7.46316004	7.44642019	7.41446924	7.35272980	7.44929981	7.68645048	7.86636019	7.94888973	8.16641998	8.36801910	8.54117966	8.70300007	8.69633961	8.60741997	8.58878994	8.67123032	8.77248001	8.76897049	8.82711029	8.88758945	8.77707005	9.13644028	9.79901981	9.83016014	9.65250015	10.5309896	11.0465107	10.9471502	11.5403395	12.1769991	11.5125294	10.6925402	11.8079996	13.5127811	12.8735991	12.0074396	11.2774496	8.66628075	6.95268011	5.28353977	6.81749964	5.70662975	4.59513044	4.85180950	4.76478004	3.61107039	3.67586970	4.49099970	5.84640026	8.44262981	10.7669697	12.0600901	10.9563293	6.56784010	4.64705944	5.44032001	6.88292980	8.33148098	11.2932901	13.6956606	13.8708897	14.2129803	13.7286901	12.5133295	13.7818794	17.1937809	18.1735191	14.5491295	8.91477013	6.42924023	6.81066036	6.38864994	6.39234018	7.13070011	7.98137999	14.6486683	23.7304802	24.1798496	18.2982597	16.3156509	14.2390795	9.49707031	10.9478693	23.0640297	19.9646988	11.0404797	10.3271399	15.6129293	19.1542473	19.9198799	20.4073200	20.6833496	21.1183205	21.3441296	21.5285397	21.8848515	21.8713512	21.0721512	20.9051075	20.8737907	20.4298191	19.7370911	19.3504486	18.9316807	18.4049091	18.0606594	17.7983093	17.2411213	16.7650185	16.5580196	16.0541096	15.2971201	15.0848093	14.8842897	14.4368086	14.0078697	13.7796297	13.4275494	12.7702799	12.0638704	11.6874008	11.3002195	10.6344900	9.90738010	9.10719013	8.36325073	7.86302996	7.17453003	6.35651970	5.66234970	5.37353992	5.01857996	4.50135040	4.16511011	4.02606010	3.92436004	3.91491008	3.91941023	3.80717969	3.64365005	3.59612966	3.31289983	3.02256012	2.98511958	2.91978002	2.71179008	2.64518976	2.69459987	2.71205997	2.57354999	2.46663022	2.36799002	2.19203997	2.04102015	2.11247993	2.11455011	1.96766996	2.02643991	2.07630038	1.86759007	1.79631007	1.80324018	1.64907002	1.64735985	1.76688015	1.76922011	1.72530019	1.73987985	1.76876998	1.71954000	1.68380976	1.69749010	1.68363011	1.67391002	1.73475003	1.72422016	1.69370985	1.69919991	1.64394009	1.58957994	1.63116026	1.66797006	1.64124012	1.65978014	1.68885005	1.62576008	1.61180985	1.65770996	1.62369001	1.52603996	1.60407007	1.75671005	1.88549995	1.94301009	2.01177001	2.07342029	2.08071017	2.13417006	2.25107980	2.32046986	2.32713008	2.31237030	2.37617993	2.44917011	2.53728008	2.58416986	2.77595973	2.81853008	2.59496999	2.51945996	2.82888007	2.44925976	1.60145986	3.08186984	6.02604008	8.53748989	4.26212978	2.59910989	6.85880947	7.18757963	4.20848989	5.36930990	8.27334023	7.92918015	6.25788021	6.67989016	7.19226027	6.71993971	7.00118971	7.83360004	7.66277981	7.05374956	7.28207970	7.50869989	7.54425001	7.61165905	7.48340940	7.60302019	8.38916969	9.03024006	9.31293011	9.92385006	10.5665388	10.5240602	9.97721958	9.74105930	9.46151924	9.38861942	9.89478016	9.87642002	8.80020046	7.69689035	6.83594942	5.93019009	5.02884007	4.99823952	5.46740961	5.93964005	8.69579887	11.3359499	9.86994076	8.04212952	7.38702011	7.23212957	7.13015985	6.86934042	6.16293001	5.80715942	5.73975039	5.28390026	4.80653954	4.59630013	4.29192019	3.88232994	3.61215019	3.46553969	3.13892984	2.78594995	2.49939013	2.18259001	1.91916001	1.68857980	1.51235998	1.34451008	1.16117990	0.990540087	0.848790050	0.747269988	0.686160028	0.723420024	0.738359988	0.719280005	0.824760020
-7.00000000	0.483300060	0.511650026	0.588959992	0.669780076	0.701280057	0.827460051	1.07100010	1.34027994	1.60218000	1.81052995	1.80045009	1.79909992	1.78011012	2.98179007	6.47442007	7.69553995	4.72608042	4.01048994	5.73291016	6.83478022	5.08401060	4.11515999	4.58585978	4.67666960	4.82319021	5.73174047	5.09786987	3.78216004	4.00868988	4.80951023	5.12657976	4.40244007	4.52151012	4.41350985	3.65552998	3.10257006	3.10436964	2.70737982	1.80990005	1.54727995	1.76643014	1.68191993	1.06146002	0.846270025	0.939240038	1.17332995	1.54188013	2.25864029	3.04479003	3.93551993	5.16005993	6.53669977	7.67276907	8.27900982	8.50166988	8.57537937	8.44182014	8.17623043	8.14815044	8.08838940	8.09613037	7.94762993	8.19098949	8.44371033	8.70317936	8.70659924	8.79777050	8.96121025	8.99559116	9.10233021	9.14607048	9.15371990	9.22103977	9.15174007	9.21510029	9.38618946	9.56754017	9.62162876	9.73836040	9.79461098	9.85626030	9.89658070	9.90711021	9.98099995	9.82529926	9.54548931	9.48402023	9.41787052	9.12411022	9.48032951	9.85418987	9.80657959	10.1816998	10.6516800	10.4540396	10.4192095	11.3242502	12.0190506	11.1843891	10.8414907	12.6341095	13.4444704	12.4001999	11.8354492	11.1260710	11.0913305	12.7382393	11.2121992	9.23472023	6.16239023	6.05213976	6.54525042	5.37560940	4.69286966	4.42844963	4.78268957	6.99533987	8.89407063	9.18225002	9.34397984	8.09531975	6.94169998	7.15473032	8.14598942	9.76887035	11.7333908	11.5452900	11.0692806	12.5564394	13.8132000	13.3797598	12.7502098	12.8021402	14.5512896	17.0572510	17.0438404	16.5202198	16.2558002	13.0032883	8.72073078	6.21413994	4.54337978	6.47478056	10.7459097	11.4979496	10.7273693	11.5843506	16.6656609	9.72521973	7.61291933	13.8354311	18.0558910	11.9204998	11.7674990	16.9945202	19.0141220	18.9603004	19.5469208	19.8469791	19.9160099	20.1251736	20.3348694	20.5864201	20.9188805	20.7198887	20.5947895	20.4760799	20.4266682	20.4209080	20.2642174	19.7999115	19.4043579	19.1565018	18.6999302	18.2878189	18.1479607	18.0105286	17.6722202	17.3407497	17.2116013	16.6136398	16.3512001	16.1053181	15.6929398	15.2683201	14.9485493	14.4520206	13.9329901	13.3639202	12.5815506	11.8515606	11.1480293	10.5009308	9.88983059	9.18557930	8.37800980	7.68681049	7.12125015	6.77583027	6.32169008	5.79645014	5.40963030	5.31413984	5.21639967	5.04531002	4.90149021	4.78863001	4.66145992	4.40441990	4.09599018	3.94847965	3.78215981	3.57129025	3.39254999	3.24657011	3.14037013	3.14846992	3.08853006	2.84777999	2.65410018	2.64249039	2.55357003	2.31795025	2.34135008	2.51091027	2.36367011	2.17647004	2.23641014	2.17188001	1.97990990	1.99547994	2.05586982	2.07819009	2.15936995	2.11895990	1.98927009	2.05767012	2.18672991	2.06280017	1.86201024	1.81674027	1.87434006	1.86309004	1.86183012	1.87614024	1.78658998	1.71657026	1.68345022	1.66743016	1.65716994	1.72043991	1.69740009	1.62909019	1.67346013	1.64709008	1.54143012	1.48868990	1.58714998	1.64916015	1.74276006	1.78641009	1.80486000	1.82070005	1.82511020	1.91114974	1.99439967	1.97928011	1.97487009	2.01825023	2.04957008	2.06325006	2.11329007	2.20904994	2.49849010	2.64636016	2.53728008	2.45915985	2.66993999	1.83807003	0.657000065	0.817739964	5.06555986	10.3212900	8.82476997	1.73232007	3.32838011	11.6326809	6.68465996	3.95900989	7.67222977	10.5653706	7.65944958	7.00164032	8.50481987	7.71660042	7.11729097	8.68509007	8.92826939	8.04887962	8.42040062	8.49150085	7.96005011	8.69004059	9.58310986	9.58508968	9.75527954	9.70443058	9.29178047	9.47124004	10.0506601	10.0539894	9.58976936	9.81711006	10.0648794	9.42165089	9.03833866	9.21320915	8.55018044	7.87175989	7.88687992	7.37135983	5.92011023	5.25698996	5.12297964	5.07735014	6.91173029	9.82655907	9.21932983	7.04160070	6.34266043	6.23204994	5.70096016	5.34762001	4.84722042	4.31613016	4.10921955	3.82095027	3.38193035	3.05981994	2.84184003	2.64059997	2.42676020	2.15397000	1.95138013	1.76373005	1.52126980	1.33307993	1.29068983	1.11905992	0.953280091	0.824670076	0.685890019	0.564390004	0.502830029	0.448560029	0.402840018	0.414900005	0.441269994	0.408060014	0.428849995
-8.00000000	0.300240010	0.318960011	0.346500009	0.351000011	0.375300020	0.436860055	0.538739979	0.714330077	1.01583016	1.23111010	1.27116001	1.43793011	1.40120995	1.43118000	3.82275009	7.62309074	4.92695999	3.63023996	5.25123024	6.61652994	5.05574942	4.21829987	4.98573017	5.33934021	5.24448013	5.08113050	4.87476015	5.02470016	5.39136028	5.21738958	4.93650007	4.47371960	4.22459936	3.99411011	4.34294987	4.76307011	4.25655031	3.01284003	2.18772006	2.26917005	2.45403004	2.25665975	1.54376984	1.37835002	1.50290990	1.85445011	2.46635985	3.21686983	4.10094023	5.33115005	6.47244024	7.46945953	8.50202942	8.95653057	8.94384003	8.80064964	8.40410995	8.09622002	7.95356941	7.81037951	7.66557026	7.76114988	7.86059952	8.06120968	8.30825996	8.59850979	9.12312126	9.65313053	9.85329056	9.92736053	10.0935001	10.0905294	10.2059097	10.3084192	10.3244390	10.3785295	10.5879602	10.7640905	10.9926004	10.8456297	10.6944313	10.6676102	10.5326996	10.3766394	10.0858498	9.66168022	9.70100975	9.81161880	9.47186947	9.23886013	9.77625084	10.2074404	10.1475906	10.5610495	10.8122396	10.0409403	10.0580406	11.2313700	11.5360193	10.6037989	10.5862503	11.3819399	11.9084396	12.7007999	12.7717209	12.0619793	10.9058409	8.69849968	6.64685965	6.27642012	7.56927013	8.38413048	8.46234035	8.10963154	6.93566990	5.88338995	6.56118011	8.34308910	8.33273888	7.90667963	7.59213018	7.39655972	8.36532021	10.6192799	11.8874693	10.5495300	8.24175072	8.27324963	9.84797955	11.1583805	11.8150206	12.0905104	11.6057701	11.7357302	12.9784498	14.2083893	16.7624989	21.0704384	20.3879700	14.2717505	11.2251596	7.71795034	5.33141994	3.54258013	2.31912017	2.67191982	5.71112967	8.83026028	11.6812801	7.55333948	8.90315914	14.1530390	14.4137697	15.0030899	16.6076984	16.4380512	16.3964691	17.3204098	17.7643795	17.7012901	17.7726593	17.8909187	17.9902802	18.5762691	19.0411186	19.0475998	18.8752499	19.2271500	19.5395393	19.6105499	19.4104786	19.2842102	19.1201401	18.7329578	18.6235180	18.6421509	18.3699017	18.0794697	18.0588589	17.8089294	17.1512108	17.1945019	17.3351707	16.9329605	16.4711704	16.1501408	15.6755695	14.8754702	14.4174604	14.0632181	13.5190802	12.9782696	12.6416693	12.0727797	11.2655697	10.7097301	10.1208601	9.46340942	9.02943039	8.80866051	8.28782940	7.58591986	7.21709967	6.78726006	6.31601906	6.19965029	6.04674053	5.69780922	5.61185932	5.59521008	5.23647022	4.73795938	4.51413012	4.31378984	3.93659997	3.79134011	3.88916993	3.82284021	3.53213978	3.45095992	3.38211036	3.12930012	2.96019030	3.01499987	2.88918018	2.70152998	2.68533015	2.61773968	2.32001996	2.24334002	2.35746002	2.27033997	2.19663000	2.34648013	2.38130975	2.31471014	2.32605004	2.28465009	2.10105014	2.04804015	2.11464000	2.07260990	1.96020007	1.94031012	1.80567002	1.69910991	1.69199991	1.61424005	1.53710997	1.59957004	1.65213001	1.55727005	1.55303991	1.55951989	1.41965985	1.38725996	1.55042994	1.55448008	1.48275018	1.48464012	1.46997011	1.40831995	1.39986014	1.47492003	1.59020996	1.61000979	1.61676002	1.66365016	1.69380009	1.61036992	1.65519023	1.79378998	1.85804999	1.89108014	2.02832985	2.15523005	2.08062005	2.37348008	1.91591966	0.595260024	0.190530002	2.17700982	8.65412998	14.8977900	4.17860985	1.30013990	12.0304794	13.4923506	4.32530975	4.72049999	8.15742016	7.52634001	6.55199957	8.62217903	9.28565979	8.01908970	7.99668026	8.49554920	8.85707951	9.71955013	9.41715050	8.44317055	9.50607014	11.0045700	11.4308996	11.3631306	10.6788607	9.67608070	9.46160984	10.0205994	10.0160103	9.29817009	9.43955994	9.63413906	8.41905022	7.74287987	8.66276932	8.37693024	7.28369999	7.36397982	7.14285040	5.73659992	4.88168955	4.72292995	5.05538988	6.55713034	8.83629036	8.34813023	5.92469978	5.22675037	5.61293983	5.02343988	4.24538994	3.95865011	3.44592047	2.95074010	2.65670991	2.39940000	2.09466004	1.87199998	1.73906982	1.64096999	1.43198991	1.26899993	1.20887995	1.06326008	0.905580103	0.897120059	0.823590040	0.655739963	0.555390000	0.457919985	0.380609989	0.362430006	0.346949995	0.320220023	0.329220057	0.359280050	0.341190040	0.286199987
-9.00000000	0.260370016	0.264330000	0.270090014	0.277110010	0.303660005	0.335970044	0.349559993	0.443610013	0.696510017	0.840060055	0.886860013	1.28583014	1.32129014	1.00376999	1.85607004	6.01839018	5.06925058	3.76488018	5.02163982	6.39377975	5.29316998	4.46634007	5.06223011	5.29235983	4.63491011	3.93525004	4.58279991	6.46353006	6.71327972	5.02749014	4.61186981	5.16635990	4.77954054	3.85974002	4.10633993	4.30190992	3.80033970	3.29534984	3.04334998	3.15297008	2.64897013	2.56680012	2.31822014	2.23578024	2.20869017	2.32146001	2.79449964	3.38813972	4.33413029	5.77745962	6.74396992	7.24959040	7.96365023	8.57915974	8.76825047	8.61894035	8.33633995	8.23338032	8.19557953	7.77573061	7.74432039	7.76862001	7.80074978	7.90712929	8.20205975	8.40014935	8.70470905	9.16200066	9.47484016	9.70316982	9.84969044	9.97578049	10.2906904	10.5487194	10.5312595	10.5223494	10.7775908	11.0921412	11.3792400	11.2092295	11.0980797	11.1558590	11.1007795	11.0541601	10.9604702	10.3834801	9.70433998	9.71522999	9.89558983	9.71729946	9.90764999	10.3809595	10.1569500	10.2308407	10.8300591	10.4494505	9.62604046	10.0403099	10.8980103	10.7749815	10.0888205	9.47402859	9.47304058	10.6411505	11.6283607	10.5037193	8.64639091	6.92063999	6.47360992	7.46576929	7.64837933	6.21999025	5.47794008	6.28865957	6.59672976	6.05727005	7.05357075	9.16425037	9.48843002	8.46341991	8.03213978	8.40249062	9.63918018	11.4311695	11.7114305	9.23282909	7.29090023	7.91360998	9.33624077	10.1245508	10.8758707	12.1743002	12.5708389	11.7394190	10.1096992	8.17721939	7.26461935	7.80102015	8.62901974	9.43793964	10.7245798	10.6515903	9.28367996	8.39672947	6.12585068	4.88205004	6.76403999	8.87309933	11.1832190	12.6150312	8.26865959	9.56348991	12.6570606	13.3931704	13.0311003	13.3703098	14.2596893	14.6686497	14.6892586	14.6883612	14.7547789	14.9660091	15.4045801	15.8658295	16.2568798	16.6987782	17.0324097	17.3625298	17.5728607	17.6420708	17.8424988	18.1912498	18.3140087	18.1809883	18.0455399	17.8460102	17.3502007	17.1392403	16.9742718	16.7116489	16.5116711	16.8205509	16.8243313	16.9164906	16.8539410	16.5194092	16.0651798	15.7395592	15.5658607	15.2512207	14.8931999	14.5648813	14.3341208	13.8855600	13.0937405	12.4921808	12.2861700	11.7298794	11.3533201	11.0745897	10.6101894	9.88101006	9.27116966	8.63172054	8.05130959	7.88723993	7.66169977	7.22511005	6.98256016	6.66782999	6.43221045	6.28712988	5.83910990	5.38649988	5.00274038	4.92227983	4.84316969	4.56146955	4.40550041	4.35761976	4.13423967	3.93876028	3.92985010	3.88529992	3.41577005	3.25422001	3.35268021	3.00383973	2.56562996	2.57237983	2.64743996	2.48796010	2.45978999	2.53458023	2.54627991	2.54754019	2.46474004	2.20076990	2.09825993	2.20392013	2.13993025	1.93788004	1.89045024	1.87694991	1.65725994	1.60037994	1.62360001	1.55322027	1.48616993	1.51299000	1.52072978	1.47248995	1.40688002	1.32137990	1.18980002	1.25703013	1.44405007	1.43243992	1.33100998	1.27296007	1.18017006	1.08755994	1.09341002	1.13220000	1.10889006	1.12176013	1.23057020	1.31129992	1.36422002	1.31894982	1.32696009	1.42146003	1.42307997	1.27449000	1.37511015	1.64745009	1.43792999	1.57563007	1.88271010	0.917100012	0.149130002	0.370080084	6.12477064	14.0373898	11.3003101	1.59281993	4.52493000	16.3297806	8.98838997	3.64112997	5.25347996	6.67998075	5.53508949	6.29595041	8.52732086	8.58185959	7.62911987	7.55136013	8.19683933	9.09584999	9.74817085	10.1158190	10.2698097	9.98495960	10.1891689	10.8105307	10.6938896	10.1893511	10.1027699	10.3504505	10.1822395	9.54323959	9.48771095	9.62091064	8.42633915	7.54343987	8.23850918	8.15283012	6.44165993	5.68268967	5.53841972	4.63715982	3.77468967	3.68109035	4.56974983	5.77287054	7.45731020	7.10000992	5.00966978	4.37939978	5.02334976	4.45184994	3.61971021	3.36275983	2.96109009	2.39409018	1.98441005	1.75401020	1.50714016	1.30832982	1.19736004	1.13094008	1.00458002	0.901170075	0.889920056	0.807479978	0.725399971	0.641160011	0.620549977	0.542789936	0.453330040	0.386189967	0.332369953	0.284130007	0.261629999	0.277199984	0.292950034	0.317609996	0.311489999	0.274500012
-10.0000000	0.214469999	0.225809991	0.241110012	0.233010024	0.250290006	0.255149990	0.227700025	0.291779995	0.448379993	0.502200007	0.612090051	1.08333004	1.24515009	0.980910003	2.01690006	7.60247946	6.40683031	4.12893009	5.16096020	7.01613045	6.23069954	5.08338022	5.09390974	5.21270990	4.77531004	4.60242081	5.65037966	7.15608072	6.71345997	5.19003010	5.37930059	6.60339022	6.09497976	4.72806025	4.26257992	3.80825996	3.57930017	4.06511974	4.42188025	4.05188990	3.01338005	2.72538018	3.36681008	3.45582008	2.99691033	2.85470963	3.61116004	4.47434998	5.46407986	6.97103930	8.35343933	9.02762985	9.03663063	8.72928047	8.67951012	8.67743969	8.42084980	8.58681011	8.92494011	8.69373035	8.56097984	8.40096092	8.03223038	7.98470974	8.34965992	8.53316975	8.60391045	8.86905003	9.27980995	9.60300064	9.89873981	10.0117798	10.2660294	10.5784197	10.6396208	10.7010002	10.8764095	10.8247499	11.0997000	11.1845694	10.9735203	11.1020403	11.2020292	10.9983606	10.9506598	10.8016195	10.2626095	9.98145103	10.1499300	9.85526943	9.70802975	10.1277895	10.1240997	9.65412045	9.75528049	10.1230202	9.90575981	9.62252903	9.92718029	10.3100405	10.2506390	9.27746964	7.97472000	7.58096981	8.62650013	9.31860065	9.20267868	9.24038982	9.61424923	9.61829948	8.87039948	7.12899065	5.94755983	5.71995068	5.80940962	6.37371016	7.78878021	8.97290897	8.88164997	8.51553059	8.63558960	8.62892914	9.06281948	10.2820511	10.7739897	8.91855049	7.04826021	7.48124981	9.15182877	10.4142599	11.1302996	11.9008799	12.2058001	11.9805307	11.3736610	10.6544704	10.0929604	9.35027981	8.58474064	8.78859043	9.86796093	9.89892006	10.1673908	14.2910099	15.5919609	11.8537207	8.49294090	8.79318047	8.69400120	8.63459969	7.47287989	7.28279972	9.78057003	10.5523195	10.2209387	11.3011198	12.4206295	12.3547506	12.3230696	12.7314005	12.6380701	12.6675911	13.2405310	13.5193491	13.8758383	14.7814198	15.3007212	15.4863911	15.6712503	15.8468409	16.1288090	16.3114185	16.5748501	16.8459320	16.7315407	16.4434490	16.1625595	16.0427704	15.8003101	15.7004995	15.8678999	15.8225403	15.7863588	16.0925388	16.4260788	16.2389698	16.1717415	16.2189903	16.2227707	15.9708614	15.6826792	15.2337599	14.7805204	14.6303997	14.1389999	13.3875008	13.0110292	12.9000597	12.6697493	12.4430408	12.0603600	11.5235100	10.9217701	10.2753897	9.67634964	9.18405056	8.82368946	8.60489941	8.36334038	7.87634993	7.75556993	7.94744968	7.39665079	6.51122952	6.30819035	6.08661079	5.65209055	5.40143967	5.40638971	5.34824944	5.10029984	4.88096952	4.74975014	4.31972980	3.82436991	3.89987993	3.78315020	3.41972995	3.29696989	3.25440001	2.96289015	2.84822989	3.04299021	2.95919991	2.72358012	2.67254996	2.54006982	2.37717009	2.38752007	2.31129003	1.95965981	1.78523982	1.88046002	1.81836009	1.69586992	1.63485014	1.53503990	1.42442989	1.38617992	1.34712005	1.28538013	1.25334001	1.24442995	1.15253997	1.11167991	1.14254999	1.19016004	1.15488005	1.12698007	1.11807013	1.03616989	0.928170085	0.842579961	0.790919960	0.746639967	0.785609901	0.901710033	1.02330005	1.12923002	1.10034001	0.953369915	0.914489865	0.972269952	0.892260015	0.914580047	1.16315997	1.07847011	0.799470067	1.34910011	1.09494019	0.281970054	0.108630009	1.77993011	9.54837036	16.3604717	5.61825037	1.98143995	10.1196899	18.3292198	9.34118938	6.91389036	9.09926987	7.66421938	5.58963013	7.01847076	8.96318913	9.23066902	9.19853973	8.61722946	8.34173965	9.60146999	11.4835501	11.0805292	9.45072079	9.33255005	10.3086014	10.5193806	10.4315395	10.1715298	9.69425964	9.53234959	9.68039989	10.0146608	10.1112299	9.31023026	7.71749973	6.90227985	6.85421991	5.91840029	4.81194019	4.53329992	4.17591000	3.41603994	3.16421986	4.32063007	5.60591984	6.11828947	5.74595976	4.63544941	4.11956978	4.14297009	3.65895009	3.10706997	2.84723973	2.58389997	2.23829985	1.90278018	1.51955998	1.28420985	1.12823999	0.958049953	0.858960032	0.829259932	0.765450001	0.700920105	0.727200031	0.678690016	0.585089982	0.548009932	0.534240007	0.455400020	0.410490036	0.397079974	0.351270050	0.282510012	0.254790008	0.255870014	0.243809983	0.264240026	0.240209997
-11.0000000	0.189449996	0.188370004	0.186030000	0.193049997	0.206640005	0.201329991	0.213659987	0.266940027	0.332010001	0.373860031	0.551970005	0.904950023	1.04589009	1.05219007	3.64959002	11.6748905	8.85833931	5.47965002	5.93810892	7.75133991	7.19775009	5.84909964	5.83353043	6.27930021	6.45434999	6.63884974	7.06068039	6.75422955	5.58809948	5.40873003	6.33536959	6.75846004	5.80355930	5.03829050	5.15843916	5.27237988	5.44292974	5.25546026	4.67864990	4.28498983	3.81725979	3.66119981	4.91805029	5.29740000	4.39181995	4.28444958	5.87132978	7.10657978	7.39070988	8.11719036	9.64124966	11.0524502	10.6972198	9.10457993	8.78166008	9.31949997	8.88777065	8.48690987	8.92530060	9.05570889	8.75816917	8.71370983	8.36891937	8.31591034	8.58635902	8.61191940	8.68391991	8.87966919	9.00566959	9.12617874	9.35316086	9.60984039	9.87362957	10.0513792	10.1780996	10.3292990	10.6598701	10.4849110	10.4749203	10.5622206	10.3306494	10.3431597	10.5480909	10.3759203	10.1843100	10.1785507	9.95066833	9.65664005	9.50328064	9.32048988	9.20196056	9.58076954	9.78065968	9.57266998	9.15002918	9.33858013	9.79154968	9.69155979	9.35162926	9.15417004	9.11970043	9.04067993	8.37881947	7.32752991	7.16661024	7.81065035	8.18478012	8.43696022	8.90207958	8.83692074	8.25282001	7.70661020	7.18848038	6.69860983	6.65343046	7.00199938	7.35336018	7.40267992	7.33743000	7.92062950	8.23112965	7.66314077	7.78500080	9.01313972	9.75914955	8.75294971	7.44326973	7.42599010	8.45711899	9.58193970	9.99917984	9.72467995	9.31328964	8.49960041	8.10404968	8.61093044	10.0019693	11.1577492	10.9723492	10.9955711	11.5605907	9.66968918	6.51681042	6.48531008	11.1496496	11.4144306	7.84584045	5.76917982	5.66469002	6.79607964	6.81453037	7.55982018	9.15164948	9.48231030	9.18918037	9.98738956	10.7273703	10.7063990	10.9344597	11.3576393	11.1460514	11.1352491	11.4548397	11.6026201	11.9822397	12.8384104	13.3929005	13.7954702	14.2477198	14.4819012	14.6649590	14.6791792	14.8741207	15.1609497	15.1484404	15.0003901	14.8941002	14.6855688	14.3512211	14.4580507	14.8815889	14.9206495	14.7455101	15.1083908	15.5130281	15.4036808	15.3375292	15.5533514	15.7108498	15.8174105	15.9960594	15.7199411	15.0713110	14.5274401	14.2959595	13.6305914	13.1427011	13.1156111	12.9525299	12.7678490	12.6472492	12.3887691	11.8402205	11.2225494	10.8389702	10.3647604	9.96605968	9.84969044	9.52371025	8.89677048	8.80929089	8.88588047	8.37881947	7.74567032	7.44453001	7.03782034	6.69734955	6.63957024	6.55289984	6.38451004	6.27966022	6.06294012	5.51691008	4.88637018	4.75371027	4.72770071	4.11065960	3.79017019	3.95190001	3.75488997	3.26196051	3.20138979	3.30560994	3.07908010	2.85470986	2.72033978	2.52890992	2.51639986	2.58831000	2.35017014	2.09555984	2.07494974	2.04111028	1.81458008	1.71648014	1.61649013	1.40417993	1.28826010	1.27475989	1.19097006	1.12049985	1.07405996	0.998369873	0.895319998	0.957870007	0.959310114	0.862560034	0.862379968	0.908910036	0.909630060	0.860670090	0.759060025	0.637290001	0.559169948	0.522630036	0.529020011	0.564570069	0.597149968	0.704970062	0.731880069	0.613709927	0.569970012	0.631079972	0.578339934	0.522719979	0.667439997	0.754109979	0.516510010	0.621090055	0.942930102	0.506250024	8.57700035E-02	0.171810001	5.92937946	16.1953220	15.5572195	2.86379981	3.86261964	12.8627100	13.2477303	8.81783962	11.4562798	11.7555313	7.72055960	6.55749035	7.92800999	9.28962040	10.1909704	10.0302296	9.06182957	9.25730991	10.2712498	10.1188803	10.1139288	10.9205999	11.0072699	10.1943903	9.95246983	9.43821049	8.55332947	8.85510063	10.0397692	10.4331598	10.2334509	9.90287876	7.78742981	5.83460999	5.97825003	5.99373007	4.86531019	4.26645041	4.38479996	3.98096991	3.63906026	4.36373949	5.41323042	5.01615000	4.31775045	4.17429018	4.05036020	3.46868944	2.91842985	2.70260978	2.44044018	2.18934011	1.98351026	1.74816000	1.35387003	1.11680996	1.01852989	0.892710030	0.775799990	0.773820043	0.728640079	0.610649943	0.601019979	0.585179985	0.511110008	0.480870008	0.486720026	0.457020074	0.426689982	0.431550026	0.391410053	0.323370010	0.291600019	0.285569996	0.238860011	0.208170012	0.179009974
-12.0000000	0.150480002	0.138510004	0.143010005	0.166410014	0.206909984	0.220950007	0.248760015	0.290789992	0.320490032	0.361260027	0.562770069	0.785070002	0.859230042	1.09763992	4.93064976	12.0978003	9.08909988	6.62498951	6.90209961	8.07489014	7.46487045	6.47334003	6.58197021	6.96744013	6.97482014	7.06733942	7.10172033	6.07994986	5.15105963	5.81499052	6.83586025	5.74883986	4.28705978	4.24161005	4.87440014	5.76962948	6.24482965	5.33187008	4.17600012	4.39371014	4.73931026	4.92435026	6.20360994	6.89157009	6.46371031	7.02828026	9.15318012	9.79515076	8.90684986	7.67178011	7.23401976	9.16299057	11.0821505	9.92726994	8.79029942	9.33119965	9.26117992	8.46891022	8.53892994	8.60687923	8.26128006	8.31239986	8.40509892	8.33787060	8.56755066	8.60651970	8.65943909	8.75591946	8.69958019	8.76618004	9.04446030	9.16209030	9.35370064	9.56394005	9.54539967	9.46665096	9.61524010	9.66753101	9.54269981	9.80523014	9.91890049	9.95940018	10.2869997	10.3887005	10.0924206	9.81359959	9.60885048	9.22904968	9.00459003	9.15812969	9.20798874	8.93772030	8.83493996	9.06399059	8.97182941	8.82558060	8.93033981	9.05228996	9.00440979	8.65295982	8.14319992	8.17496967	8.45423985	7.92207003	7.28172016	6.85404062	6.32016039	5.83775997	5.70095968	5.61707973	5.66540956	5.98076963	6.12828016	5.98635054	5.87411976	5.97563934	5.99940014	6.11855984	6.36506987	6.70599031	6.69014931	6.44066954	6.62508011	7.39799976	7.95789003	7.76151037	7.46513987	7.28325033	7.30341053	7.59276009	7.90920019	7.68374968	7.27406931	5.79680967	5.43779993	4.98518991	5.26130962	6.07779074	6.87906027	8.81667042	10.9833307	10.7828999	7.31168985	4.42143011	5.66315937	8.45802021	8.75925064	7.88831997	7.31060982	7.80786037	9.02403069	9.39204025	9.24389935	8.73855019	8.60552979	8.88417053	9.09036064	9.29393959	9.63171005	9.73692036	9.58473015	9.77805042	10.0417500	10.0389595	10.3553104	10.8654299	11.2513504	11.8372498	12.5898304	13.0427990	13.2840004	13.3523998	13.3344917	13.5397806	13.7353497	13.7782793	13.5565205	13.1751003	12.8691902	12.8343592	13.3129797	13.6174507	13.7628002	14.0761786	14.2717505	14.4913492	14.7017698	14.8410006	15.0740089	15.2718296	15.4000797	15.4530907	15.1310692	14.4756899	14.0660095	13.6958399	13.2721205	13.0609789	12.9251699	12.7600212	12.5887508	12.5665197	12.2331591	11.6613903	11.3610592	11.0930405	10.8130503	10.5176706	10.1545200	9.51876068	9.21914959	9.07461071	8.89416027	8.75583076	8.32949924	7.70256090	7.57314014	7.63911057	7.33788061	7.01964045	7.02134991	6.85673952	6.31089020	5.88204002	5.71662045	5.35050011	4.73453999	4.43636990	4.29966021	4.01183987	3.82328987	3.74787021	3.36230969	3.05811000	3.11687970	2.93939996	2.63510990	2.69792986	2.67813015	2.35737014	2.29851007	2.31147027	2.07729006	1.80728996	1.71189022	1.57437003	1.39139998	1.28295004	1.18034995	1.00926006	0.925469995	0.876689970	0.777329922	0.686069965	0.724860013	0.716849983	0.644129992	0.654390037	0.642240047	0.609479964	0.616500080	0.554760039	0.428940088	0.358560055	0.348750025	0.338130027	0.317879975	0.343529999	0.391140014	0.443970054	0.433080018	0.393299967	0.438660055	0.434430033	0.323909998	0.356580049	0.470520020	0.402570039	0.271709979	0.511920035	0.495450020	0.128789991	1.79999974E-02	0.947700083	12.9009609	18.7589722	5.98553991	3.14873981	5.07420015	5.83515072	4.02687025	6.80390978	10.6916399	9.59768963	7.29855013	6.24221992	6.27893925	7.52435970	9.02978992	9.84807014	9.68777943	8.64747047	8.23589993	9.69452953	11.1267900	10.5752697	9.29727077	9.13212013	8.93016052	8.59589958	9.20097065	10.0248299	9.73079967	9.33263969	9.64413071	8.38628960	5.98509026	5.97636032	6.07500029	4.82940006	3.85460997	4.35429049	5.17850971	5.11514997	4.85325050	4.72617006	3.99068999	3.46419001	3.72537017	3.67335057	3.00464988	2.49344993	2.19933009	1.93571997	1.72026002	1.50317991	1.30374002	1.03698003	0.843839943	0.780659974	0.726660073	0.660420001	0.636839986	0.604080021	0.499680042	0.443340033	0.421920031	0.387539983	0.351000011	0.352890015	0.338490039	0.330749989	0.329130024	0.315090001	0.294300020	0.284850001	0.266580015	0.224099994	0.184050009	0.151110008
-13.0000000	0.101340003	0.103499994	0.104309998	0.126720011	0.151649997	0.169290006	0.186930016	0.229319990	0.232920006	0.293579996	0.523800075	0.707490027	0.864990056	1.53783011	5.93820000	10.2002401	7.90956020	6.91721964	7.49987984	7.83683920	7.02575970	6.27245998	6.16229963	6.12153053	5.66298008	5.30865049	5.37849045	5.28209972	5.37119961	6.47747993	7.01279974	5.19867039	4.20767975	4.50774002	4.55166006	4.50711012	4.79447985	4.63886976	4.41162014	5.13953972	5.21415043	4.76072979	6.11469030	7.64937067	8.49591064	10.7354698	12.3281107	11.9466896	11.4610500	8.85698986	5.71284008	6.38442039	10.1546106	10.7005501	8.50751972	8.56764030	9.23678970	8.44227028	8.19981003	8.23949909	7.76421022	7.70714951	7.91919041	7.86815977	8.15238094	8.37764931	8.40374947	8.55620956	8.67095947	8.93321896	9.24723053	9.26640034	9.25712967	9.59040070	9.44513988	8.99567986	9.16919994	9.39150047	9.25361919	9.48618031	9.65691090	9.60498047	9.83331013	10.1988001	10.2289495	9.92772102	9.64322948	9.35046005	9.06138039	9.02583027	9.06165123	8.73719978	8.50607967	8.53172970	8.60309982	8.34902954	7.99020004	7.95419979	8.25768089	8.49545956	8.06345940	7.51527023	7.34012985	7.15193939	6.82757950	6.59538031	6.08994007	5.46327019	5.06601000	4.75191021	4.53231001	4.32846022	4.12145996	4.00626040	4.22091007	4.64040041	5.06196022	5.25266981	5.35625982	5.43275976	5.46714020	5.39289045	5.55399036	5.89913988	6.20901012	6.40287066	6.42941999	6.18237019	5.93676043	5.81805038	6.22872019	6.49430990	5.80059004	4.85045958	3.96449995	3.43151999	3.86181021	4.73030996	5.42303944	6.84909058	8.04132080	8.65881062	7.53785992	5.24159956	5.34734964	7.86059999	9.88676929	10.5744600	9.82664967	9.06120014	9.62486935	9.54882050	8.40914917	7.98101950	8.28431988	8.39367008	8.32725048	8.65602016	8.85455990	8.73396015	8.76068974	8.95014095	8.98596001	9.08316040	9.37386036	9.55251122	9.64296055	10.1852999	10.8599396	11.2923002	11.6708403	11.9025011	11.7331209	11.5775995	11.8893595	12.2624998	12.0998688	11.8182602	11.8006201	11.8257303	11.9771099	12.2652006	12.5798397	12.6511192	12.9241810	13.3607702	13.8015900	14.1638412	14.4586811	14.4084597	14.0514307	14.3519402	14.6910610	14.2283697	13.6688414	13.5665102	13.3008299	12.7140303	12.6424799	12.6415787	12.5538301	12.6200695	12.4801197	11.9463301	11.4585304	11.1147299	11.0060101	10.7867699	10.4774399	10.0763998	9.75753021	9.34101105	9.05588913	9.02447987	8.70921040	8.24246979	8.10791969	7.94474983	7.63038063	7.46720982	7.24815035	6.90101957	6.72048044	6.53535032	6.00021029	5.46947956	5.26859999	5.11505985	4.66289997	4.28642988	4.32180023	4.11282015	3.53520012	3.33081007	3.32370019	2.97674990	2.76776981	2.89520979	2.68748999	2.34755993	2.30696988	2.15262008	1.94400012	1.92258012	1.81431007	1.56006002	1.36377001	1.22309995	1.05857992	0.900449991	0.819450021	0.753030002	0.668700039	0.655650079	0.679860055	0.629369974	0.556650043	0.516510010	0.451889932	0.405809999	0.413639963	0.379799992	0.299430043	0.276840001	0.258839995	0.219599992	0.217620045	0.263069957	0.257040024	0.281969994	0.302940011	0.288180023	0.261720031	0.286829978	0.244170010	0.220230013	0.312930018	0.338400006	0.233279988	0.264509976	0.472230017	0.196739987	1.48500009E-02	5.76900020E-02	4.78754950	9.58679962	8.52983952	8.23311043	12.1098595	11.8975487	6.84801006	4.62671995	6.54632998	8.93528938	9.34551048	7.66044044	6.09470940	5.98751926	6.87573004	8.43389988	9.63630009	9.08495998	7.91235018	8.09640026	8.64989948	8.50409985	8.53226948	9.04473019	9.01638031	8.97569942	9.60381031	9.36846066	8.08965015	7.93476009	9.27999020	8.88768005	6.34293079	5.72489977	5.61888027	4.65174055	3.83121014	4.33071041	5.51690960	5.55462027	4.27284050	3.61097980	3.31308007	3.27834010	3.53529024	3.32316017	2.68812013	2.23992014	1.78146005	1.60505998	1.48158014	1.23975003	1.03374004	0.866340041	0.692369998	0.574829996	0.539730012	0.530189991	0.537119985	0.567629993	0.497250050	0.404190004	0.358919978	0.333000004	0.283050001	0.257490009	0.246419996	0.230670020	0.209970012	0.214649990	0.224370018	0.209070012	0.183150008	0.183780000	0.156330004	0.117540002
-14.0000000	9.17100012E-02	9.59399939E-02	9.89100039E-02	0.115470000	0.127350017	0.140220001	0.143190011	0.136350006	0.151470020	0.240840003	0.439470023	0.638639927	1.02879000	2.82627034	9.08306980	9.71370029	7.37856007	6.82362032	7.05770969	6.66512966	6.15006018	5.72741985	5.31639051	5.28174019	4.99194050	4.33575010	4.23539972	4.67496014	5.11901999	5.58639050	5.47856998	4.54571962	5.21450996	6.25283957	5.52186012	4.44410992	4.43304014	4.85891962	5.43608999	6.09875965	5.29650021	4.38210011	6.24212980	8.37495041	10.2070799	13.8592806	13.3185606	12.3248711	13.6313982	10.8239393	6.49214983	5.57550001	8.84601021	10.6830902	8.53649998	8.32122040	9.46070957	8.35091972	7.72551060	8.16497993	7.73433018	7.43139029	7.58160019	7.58159971	7.80299950	8.06651974	7.86600018	7.87085915	8.02620029	8.16209984	8.41427994	8.52146912	8.37800980	8.49203968	8.60579967	8.48007011	8.54703045	8.70273113	8.73548985	8.90297985	9.17990971	9.26883030	9.19097996	9.25434113	9.36044979	9.27764988	9.22698021	9.22383022	8.92160988	8.59797001	8.63117981	8.80892944	8.83817959	8.49600029	8.23293018	7.97589016	7.66241980	7.49403000	7.50482941	7.64810991	7.59302998	7.18452072	6.71300983	6.40188026	6.08049059	5.81004047	5.44482040	4.97196007	4.64472008	4.42035007	4.11677980	3.76398015	3.50433016	3.50208020	3.84650970	4.28471994	4.57019997	4.66191006	4.52979040	4.50549030	4.52880001	4.44438028	4.60962009	4.97537994	5.25681019	5.35949993	5.08473015	4.63355970	4.43456936	4.25394011	4.48550987	4.69161034	3.92372990	3.22479010	2.97054029	2.98619986	4.45634985	5.05584049	5.60411978	6.27516031	5.99193001	5.38884020	5.02523947	4.18104029	4.10516977	5.75531960	7.64136028	8.84601021	8.77418900	8.09055042	8.13195038	8.32958984	7.78167057	7.75268984	8.09405994	8.08713055	8.02161026	8.25092983	8.31338978	8.26515007	8.33571053	8.44001961	8.36864948	8.51075935	8.90468884	8.96318913	8.75051975	9.16604996	9.55341053	9.84339046	10.2177896	10.4085903	10.3785295	10.3161612	10.5710392	10.9014301	10.9397707	10.8158398	10.7874002	10.7996397	11.0050211	11.3596201	11.6143198	11.7580500	11.9359798	12.1857290	12.2009430	12.4415989	12.8789997	12.8543396	12.6738005	13.1393700	13.7529001	13.5811796	13.3448400	13.2298203	12.8439903	12.3690596	12.2073298	12.2767191	12.4418707	12.5543709	12.5522108	12.0584707	11.4560099	10.9350901	10.7665195	10.7777700	10.6522207	10.4634895	10.2005091	9.59895039	9.16946983	9.02295017	8.86994934	8.76951027	8.50824070	8.07695961	7.79948997	7.63884020	7.13313007	6.74361038	6.82658958	6.77267981	6.20649004	5.81894970	5.50871992	5.25816011	4.88735962	4.56866980	4.35474014	3.95712018	3.65976000	3.56840992	3.24585009	2.82762003	2.80007982	2.82482982	2.49147010	2.33577013	2.35664988	2.04857993	1.92437994	1.99583995	1.71657002	1.39644003	1.25721002	1.10691011	0.974790037	0.910619974	0.815310001	0.711270034	0.677609980	0.691560030	0.646740019	0.593910038	0.525510073	0.417959958	0.344250023	0.310140014	0.301319987	0.273780018	0.257489979	0.261539996	0.225449994	0.184589997	0.189720020	0.207809985	0.187289998	0.194039986	0.224279985	0.201959997	0.178650007	0.196199998	0.209250003	0.169649988	0.200070009	0.268020004	0.236070022	0.183509991	0.318779975	0.223470017	3.66299972E-02	4.68000025E-03	0.103589997	3.99581981	7.74935961	14.1967802	19.5181198	21.7530918	18.8630104	11.0404806	5.08904982	6.22601986	9.54323959	9.69344997	8.47557068	7.56774044	5.98823977	5.75730038	8.16821957	9.58247948	8.20242023	7.22250032	7.34327984	8.14014053	9.21986961	9.70695114	8.71389008	8.24975967	9.04428101	8.87976074	7.56224966	7.53893995	8.88597107	8.69148064	6.08057976	5.10327053	4.92029953	4.79232025	4.61556005	5.02425003	6.17237997	5.74902010	4.07357979	3.29454017	3.16593003	3.39912009	3.49676991	3.02247000	2.49993014	2.13399005	1.70028007	1.47428989	1.40085006	1.20617998	0.984780133	0.834389985	0.652770102	0.530010045	0.515609920	0.509400010	0.521010041	0.556290030	0.520200014	0.388260007	0.316350013	0.267210007	0.236790001	0.200610012	0.180810004	0.170549989	0.154530019	0.156779990	0.166230008	0.163440004	0.172440007	0.198090002	0.168929994	0.111690007
-15.0000000	0.124740005	0.119070016	0.105030008	9.75600034E-02	0.115110002	0.132570013	0.130500004	0.115649998	0.133379996	0.220679983	0.366299987	0.529649973	1.01412010	4.06683016	9.28367996	7.99739933	6.61733961	6.94664955	6.16437054	4.98618031	4.90319967	5.03379011	4.56498003	4.64858961	4.82013035	4.17635965	3.94533038	4.47470999	4.63923025	4.08402014	3.39561033	3.08727026	4.05558062	5.20730972	5.02776003	4.69989014	5.11263037	5.47245073	5.82435036	5.93432999	4.91094017	4.67226028	7.04690933	9.02249908	11.0826902	14.0098495	11.0638790	9.31545067	10.9996195	10.4476490	7.08345032	5.72769022	7.73045969	9.82754993	8.11728001	7.97121048	9.30267048	8.15516949	7.34634018	8.02809048	7.66926003	7.24338007	7.75448942	7.80318022	7.79579973	7.79904032	7.33841991	7.06922960	7.00533009	6.81596947	7.10063982	7.64487028	7.68806934	7.37937021	7.39601994	7.40808010	7.36515045	7.44857979	7.66683006	7.84853983	8.07362938	8.44461060	8.60642910	8.60489941	8.54063988	8.48646069	8.49230957	8.66403008	8.66366959	8.31338978	8.14112949	8.36180878	8.62388897	8.39583111	7.86977959	7.45433998	7.29404974	7.23492050	7.02593994	6.89679050	6.84107971	6.62876987	6.33437967	5.95404053	5.45867920	5.03576994	4.53132010	4.06647015	3.68001008	3.48579001	3.45159006	3.40506005	3.29706001	3.33386993	3.60630012	3.93777037	4.07889032	4.05567026	3.97197056	4.05216026	3.96810055	3.82842016	3.97971034	4.18391991	4.20434999	4.12496948	4.00337982	3.31442976	2.79729009	2.69054985	2.76570010	2.69243979	2.07828021	1.79910004	1.88513994	2.10240030	3.24261022	4.25159979	5.02335024	5.49513054	5.11568975	4.27607965	3.60737991	3.08988023	2.79711008	4.27328968	6.61832952	7.50230980	6.99290991	6.96789026	6.95816994	7.22888947	7.53812981	7.51590061	7.41761971	7.44848967	7.55666971	7.62695932	7.67322016	7.70957994	7.84008026	7.99388981	8.05895996	8.14347076	8.44757938	8.53649998	8.42057991	8.72073078	8.91080952	9.06119919	9.20609951	9.35910034	9.55502987	9.74367046	9.88344002	9.96858025	10.1527195	10.2590094	9.97820950	9.97074032	10.2864599	10.5202799	10.7173805	11.1461391	11.2649393	11.2006807	11.1546001	11.1695404	11.3131800	11.3862610	11.6298895	12.0184202	12.2849112	12.3711300	12.5217009	12.3619490	12.0494699	11.8836908	11.7798309	11.7731695	11.9092512	11.9870987	11.9259892	11.7214203	11.2940102	10.7748013	10.4921093	10.5726595	10.7132387	10.6197300	10.1657696	9.61857033	9.30249023	9.02754116	8.85176945	8.75735950	8.42436028	7.96671009	7.71263981	7.39089012	6.85223961	6.74559021	6.76107025	6.49781990	6.29054976	6.25733995	5.60520029	5.13027000	5.03181028	4.83416986	4.38849020	3.99104977	3.82904983	3.59208012	3.18357015	2.93768978	2.91168022	2.62736988	2.20499992	2.21048999	2.25261021	1.94202006	1.89207006	1.85472000	1.53359997	1.37844002	1.32533991	1.13049006	1.03095007	1.00125003	0.838439941	0.722700000	0.720360100	0.656729996	0.562500000	0.525600016	0.459089994	0.385019988	0.344160020	0.320580006	0.292680025	0.261180013	0.261090010	0.253439963	0.221129999	0.207720011	0.201150000	0.184499994	0.183780015	0.162360013	0.136170000	0.139860004	0.159029990	0.155340016	0.185579985	0.171540007	0.138870001	0.180900007	0.206370011	0.135900006	0.133560002	0.219960004	7.69500062E-02	5.03999973E-03	3.78000014E-03	0.122670010	4.02705002	9.02061081	11.6334896	16.2302399	22.0813217	18.7645493	7.72353029	4.70943022	6.87537003	7.14384031	7.73135900	9.24713993	7.06437063	4.58982038	6.02666998	7.82379007	6.78906012	6.22034931	7.28819942	8.65737057	9.47834969	9.20655060	7.64901018	7.14635992	8.62569046	9.59193134	8.83701038	8.14301968	8.20125008	7.63982964	6.09236956	5.32521009	5.08310986	5.44049978	5.54076052	5.41575050	6.18228006	5.75118017	4.33916950	3.61944032	3.34133983	3.47859025	3.38669968	2.84273982	2.43225002	2.20022988	1.81466973	1.54682994	1.41587996	1.29681003	1.12670994	0.932760000	0.743580043	0.640799940	0.593549967	0.540449977	0.529649973	0.539460063	0.473490030	0.390690029	0.298169971	0.227789998	0.193590000	0.170460001	0.162899986	0.163890004	0.155880004	0.148769990	0.146070004	0.145980000	0.180000022	0.196380034	0.182430029	0.136440024
-16.0000000	0.110609993	9.81000066E-02	0.102150001	9.09000039E-02	9.23400000E-02	0.102870010	0.104400001	9.67499986E-02	0.115380004	0.182250008	0.290970027	0.459810048	0.827099979	4.13883018	6.37632036	4.50117016	4.68297005	6.29145002	5.23008013	3.52799988	3.70187998	4.25457001	3.77370024	3.43989015	3.59684992	3.54176998	3.74768972	4.15575027	3.98133016	3.55869007	3.43800020	3.03264022	2.51901031	2.47976995	3.01626015	4.10706043	5.49144077	5.70276022	5.19695950	4.73886013	4.31775045	4.80167961	6.93477011	8.52210045	10.5203695	11.9483109	8.51210976	6.35309982	7.61814022	7.53498030	6.67404032	6.35309935	7.97094011	9.19719028	7.30494070	7.10729933	8.24454021	7.47729015	7.17975044	7.81497002	7.17345047	6.79284000	7.35759020	7.29449987	7.13673019	7.10694027	6.61643982	6.24735022	6.28496981	6.39360046	6.78014994	7.25192976	7.27514935	6.87996054	6.75072002	6.70869017	6.65685034	6.72803926	6.94853973	6.98687983	6.99462032	7.28865004	7.61076021	7.70849991	7.63461065	7.64208031	7.70094061	7.81379986	7.97166061	7.67555952	7.53147030	7.56215954	7.70957994	7.76196051	7.39494038	6.87978077	6.59330988	6.52905035	6.42699003	6.25770044	5.90409040	5.53463984	5.21729994	4.92551994	4.62770987	4.32126045	4.02335978	3.70340991	3.40929008	3.11723995	3.03632998	2.95488000	2.85056996	2.91392994	3.20418024	3.48876023	3.53844023	3.46266007	3.53889036	3.72393012	3.62331033	3.39300036	3.59010029	3.53745008	3.04046988	2.85785961	3.28157997	2.78262019	1.73907018	1.46736014	1.61973000	1.59659994	1.36530018	1.35368991	1.50102007	1.56744015	1.98756015	3.14262009	3.88440037	4.32665968	4.26303005	3.76668000	2.89331985	2.29382992	2.41694999	3.64157987	7.01117945	8.36054897	6.51006031	6.03693008	5.86386013	5.90670061	6.51077986	6.46560001	6.28686047	6.65244007	6.83325052	6.79580975	6.97130919	7.15958977	7.17398977	7.23410988	7.33634996	7.42841959	7.59627008	7.70481110	7.90056038	8.23913956	8.37324047	8.38980007	8.41689014	8.46054077	8.62631989	8.90955067	9.04401016	8.96175003	9.27027035	9.75474072	9.72297001	9.68777943	9.79101086	9.68076038	9.69560909	10.2184210	10.4217300	10.3352394	10.4841003	10.4684401	10.3274994	10.3085098	10.5680695	10.6496105	10.6929903	11.0528097	11.2612495	10.9639807	10.7832603	10.9861202	11.1759300	11.0814314	11.3695202	11.6439304	11.4355812	11.2180500	10.9807196	10.5509701	10.4089508	10.4578199	10.6303501	10.6324196	10.1794491	9.57293892	9.28188038	9.06984043	8.77157974	8.55801010	8.21195984	7.92971992	7.79193020	7.42275047	6.96185970	6.95996952	6.71139050	6.12009001	6.12513065	6.28028965	5.69664001	5.35481977	5.24898005	4.85945988	4.49000978	4.29803991	3.98349047	3.55841970	3.27986979	3.17033982	3.00987005	2.65769982	2.39274001	2.33747983	2.09889007	1.84536004	1.89801013	1.79829001	1.54034984	1.48698008	1.38258004	1.16712010	1.13751006	1.07324994	0.869849980	0.815939963	0.802439988	0.644579947	0.558000028	0.530819952	0.442350030	0.410670012	0.400409967	0.351270020	0.310050011	0.291060001	0.276659995	0.258029997	0.240930006	0.237240002	0.218249992	0.181529999	0.192960009	0.177570015	0.117090002	0.119700000	0.159570009	0.130229995	0.138240010	0.168929994	0.115740001	9.68400016E-02	0.146699995	0.110249989	5.88600039E-02	0.140490010	0.153270006	3.88799980E-02	2.06999993E-03	9.63000022E-03	0.179909989	1.06578004	3.31469989	7.87842035	13.7176218	16.3807201	12.0180607	8.72081947	8.11872005	4.98915005	4.39838982	7.81047010	8.08514977	5.04000044	4.40955019	5.40287971	4.89339018	5.10057020	6.63749981	7.62245989	7.72812080	7.69625998	7.29836941	7.32194948	8.55783081	9.65925026	9.37701035	8.10855007	6.98301029	6.68961000	6.87618017	6.47757006	5.89086008	6.03621006	5.85665989	5.40683985	6.17571020	6.08841085	4.80267000	4.05881977	3.70035005	3.56192994	3.24179983	2.87720990	2.53772998	2.25171018	1.91132998	1.65518987	1.43198991	1.34712005	1.28025007	1.10466003	0.930240035	0.837449908	0.707399964	0.571680009	0.540089965	0.521189988	0.430649966	0.385109991	0.309420019	0.225269988	0.189539999	0.189269990	0.174329996	0.164609998	0.169019997	0.156239986	0.142109990	0.146249995	0.169830039	0.157049984	0.132390022	0.117090002
-17.0000000	9.43200067E-02	7.96499997E-02	7.12800026E-02	6.57900050E-02	6.26399964E-02	6.94799945E-02	7.11000040E-02	6.91200048E-02	8.49599987E-02	0.131220013	0.220049992	0.448560029	0.851669967	4.53969002	5.86269045	3.15620995	3.03857994	4.74416971	4.36194038	2.80682993	2.81889009	3.39218998	3.08699989	2.56401014	2.50785017	2.78739023	3.18167996	3.10410023	2.77659011	3.03156018	3.97665000	4.39704037	3.95028019	2.97279000	2.59586978	3.60314989	5.02613974	4.97258997	4.08788967	3.85416031	4.19858980	4.80123043	6.47955036	7.98183012	9.38888931	10.2686405	8.25362968	6.50546980	5.85918045	6.38127041	7.62723017	7.34481001	8.18613052	8.00981998	6.41744995	6.79437065	7.64432955	6.81012058	6.59133005	7.18847990	6.65531969	6.30935955	6.57243013	6.29235029	6.08615971	6.22565985	5.91839981	5.50053024	5.55578995	5.88744020	6.17606974	6.32636976	6.26399994	6.12585020	6.04962015	6.04520988	6.02496004	6.03035927	5.99904013	5.96286011	5.99445009	6.17571020	6.38361025	6.59223032	6.74298000	6.84243011	6.93387032	7.00461006	6.89508009	6.49341011	6.32249975	6.41699982	6.65370035	6.65009975	6.43994999	6.07698011	5.80418968	5.55912066	5.45408964	5.31144047	4.97871017	4.59117031	4.23998976	3.98187017	3.76955986	3.59937048	3.60135007	3.51090002	3.29417968	2.94507003	2.74130988	2.59290004	2.53917027	2.67597008	2.94174004	3.17997003	3.22200012	3.11517000	3.13317013	3.22758031	3.07872009	2.83059025	2.93337011	2.55150008	1.99592996	1.77587998	1.99008012	1.75265992	1.21616995	1.06605005	1.23282015	1.26557994	1.20195007	1.19196010	1.22166002	1.19789994	1.37987995	2.05785012	2.48913002	2.79405022	2.92419004	2.82959986	2.29229999	1.86830997	2.15460014	2.80206013	6.18605995	8.21619034	6.27921009	5.57676029	5.22549009	4.85775042	5.19471025	5.29848003	5.37515974	5.80806017	5.89986038	5.78232002	6.01604939	6.29729986	6.26939917	6.33438015	6.47613001	6.51653957	6.62192965	6.71561956	6.87816000	7.10910034	7.24509001	7.26434946	7.34373045	7.53165007	7.71092987	7.89831018	8.10945034	8.07705021	8.21897984	8.53271961	8.68976974	9.04697990	9.22437096	9.10106945	9.08693981	9.49293041	9.59120941	9.57915020	9.65394020	9.68525982	9.60318089	9.50570965	9.49463940	9.48266983	9.64152050	10.0668592	10.2065401	9.91584110	9.83997059	10.0757704	10.3259697	10.3999510	10.7539196	11.0436306	10.9501200	10.8766804	10.6716604	10.3240805	10.4574614	10.5725689	10.5480909	10.5032692	10.2320995	9.62549973	9.20772076	8.93016052	8.62487984	8.52192020	8.26272011	8.00162983	7.89390039	7.57602024	7.20729017	7.17435026	6.86790037	6.42374992	6.36839962	6.18192053	5.82641983	5.73857975	5.36859035	4.65893984	4.48748970	4.46391010	4.05243015	3.72141004	3.58119011	3.36168003	3.07296014	2.85363007	2.75301003	2.52522016	2.13255000	2.00079012	2.05739975	1.89620984	1.66454995	1.54899013	1.33245015	1.17341995	1.21490991	1.10186994	0.923670053	0.944100022	0.869309962	0.671039999	0.644490004	0.622889996	0.478079975	0.467280000	0.457739949	0.370529979	0.333809972	0.326970011	0.296189994	0.290069997	0.278459996	0.250650018	0.240659997	0.221130013	0.206909999	0.198629990	0.154890016	0.138239995	0.157140002	0.124830000	0.112860002	0.143100008	0.108180001	6.82199970E-02	9.48600098E-02	9.29700062E-02	4.64400016E-02	5.14800027E-02	0.146880001	0.141120002	4.74300012E-02	5.75999962E-03	6.75000018E-03	1.58399995E-02	0.111779995	1.47834003	5.95422029	9.63306046	10.8321304	12.3460207	13.5134106	8.26380062	3.48588014	4.40684986	6.38657951	5.15303993	4.07655001	4.61636972	4.90571976	5.03946018	5.71049976	6.07967997	6.44219971	7.31231976	8.26947117	8.32905006	7.92207003	8.08983040	8.26091957	7.43462992	6.55658960	7.01729965	8.03195953	7.52832031	6.46460915	6.00200939	5.60655022	5.32539034	6.28821039	6.43572044	5.14340973	4.36203003	4.17645025	3.78216004	3.28392029	3.08870983	2.79260969	2.31632996	2.02139997	1.74221992	1.41155994	1.31894994	1.32885003	1.20276010	1.04535007	0.940229952	0.769140005	0.584190011	0.541800022	0.499859959	0.414719969	0.371970028	0.342000008	0.271260023	0.242189974	0.237690002	0.212579995	0.179100007	0.174060002	0.153809994	0.143460006	0.166499987	0.177210018	0.144000009	0.114479996	0.104130015
-18.0000000	9.75600034E-02	7.41599947E-02	5.33699989E-02	4.49099988E-02	4.11300026E-02	4.32900004E-02	4.35599983E-02	3.89700010E-02	4.67999987E-02	7.52400011E-02	0.147330016	0.326160014	0.646470010	3.18735027	5.33141947	3.37580991	2.36961007	3.11705971	3.39300013	2.66013002	2.42918992	2.57453990	2.50325990	2.38185000	2.42082000	2.56761026	2.62161016	2.29923010	2.04560995	2.39354992	3.09834003	4.03577995	4.99193954	5.26328993	4.24484968	3.97035027	4.59755993	4.69917011	4.05072021	4.25934029	4.45239019	4.73040009	6.66873074	8.35533047	7.79436016	8.60453987	9.08595085	7.36839056	6.75332975	6.68970013	7.73432970	8.02385998	7.65630007	6.32817030	5.56973982	6.73452044	7.29864025	6.36335993	6.08624935	6.54947996	6.22403955	5.98211956	5.93900967	5.59719038	5.39505005	5.42024994	5.22918034	4.96071005	4.91553020	5.08742952	5.25708008	5.40089989	5.42510986	5.39747953	5.26427984	5.22728968	5.21676016	5.17311001	5.11757994	5.14574957	5.31971979	5.54724026	5.79797983	6.07625961	6.18803978	6.26823044	6.43455029	6.48809958	6.08525991	5.42007017	4.98933029	5.07743979	5.22261000	5.03280020	4.91264963	4.82435989	4.68710995	4.44195032	4.31604004	4.30172968	4.16961002	3.88683009	3.60935974	3.42845988	3.30677986	3.29904056	3.32289028	3.20570993	2.94507027	2.54510975	2.28168011	2.18573999	2.25720000	2.47068000	2.62781978	2.76354003	2.80718994	2.74356008	2.62035012	2.62440014	2.55465007	2.33793020	2.21841025	1.57437015	1.33820987	1.08378005	0.899370074	0.863909900	0.826380074	0.852750003	0.983700037	1.07549989	1.11438000	1.08027005	0.936450064	0.815579951	0.936630011	1.28871012	1.37375998	1.40310013	1.61793005	1.77615011	1.70064008	1.60055995	2.01959991	2.43909025	4.44663000	6.22628975	5.81426954	5.93973017	5.45363998	4.72419024	4.75739956	4.78394985	4.76576948	5.01237011	5.21667004	5.13305998	5.16312075	5.27489996	5.38596010	5.57045984	5.69591999	5.61923981	5.89850950	6.25671005	6.21378040	6.13332033	6.27183008	6.41564941	6.59240961	6.90282011	6.91955996	6.95114899	7.22150993	7.31438971	7.01423979	6.69051027	6.66728973	7.56134987	8.14238930	8.43453026	8.63631058	8.84592056	8.92926025	8.97003078	8.90379047	8.90451050	9.01962090	8.93115044	8.64737988	8.66619015	9.07388973	9.34830093	9.35630989	9.44550037	9.54891014	9.55764008	9.51992989	9.66230965	9.79973984	9.80891991	9.87633038	10.1300402	10.1024103	9.95246983	10.2398405	10.3861799	10.2591000	10.2509098	10.1470499	9.76059055	9.44684982	8.99747944	8.53776073	8.41877937	8.22879028	7.98029995	7.77258015	7.50761890	7.21701002	7.09298944	6.87113953	6.76475954	6.70257044	6.24527979	5.95098019	5.98022985	5.51654959	4.84407043	4.74021006	4.56821966	4.18284035	4.10769033	4.06574965	3.73500013	3.47309995	3.26835012	2.91158986	2.58030009	2.39264989	2.27358007	2.14371014	1.94858980	1.78569007	1.65905988	1.45223999	1.30913997	1.26999009	1.09196997	0.988649964	1.02581990	0.899819970	0.739620030	0.777599990	0.728639960	0.554399967	0.576449990	0.555840015	0.426240027	0.413190037	0.405720025	0.341639996	0.346769989	0.337049991	0.272429973	0.273690015	0.282240003	0.222930014	0.210240006	0.222210005	0.174959987	0.163529992	0.148049995	0.120150000	0.117899999	0.105389990	7.65900016E-02	6.63300082E-02	6.86699972E-02	4.86000031E-02	2.73599997E-02	4.31099981E-02	0.116999991	9.81900021E-02	7.27200061E-02	4.79699932E-02	1.30499993E-02	6.48000045E-03	0.120690003	1.67435992	5.26842022	7.16714954	8.85204029	12.8502884	12.3100214	5.68548012	2.78145003	3.90086985	4.47173977	4.20677996	4.85352039	5.64425993	5.26670980	4.90121984	5.42862082	6.63111019	7.62479973	8.36658001	8.03160000	6.78212976	6.77817059	7.89776945	8.59787941	7.90272045	7.88570976	8.36370087	7.62965965	6.58727932	5.96942997	5.41079950	5.22360039	5.71392012	6.05573940	5.30091000	4.62510014	4.57029009	4.06736994	3.42666006	3.32523036	3.09338999	2.46581984	2.20922995	1.90476012	1.49904001	1.35657001	1.33731008	1.22868001	1.07379007	0.938519895	0.787679970	0.639719963	0.582840025	0.529739976	0.466380000	0.422549933	0.400769979	0.353249997	0.320219994	0.294389993	0.278909981	0.243000001	0.206100002	0.183689997	0.177480012	0.190350011	0.190080032	0.154440001	0.126360014	0.110789999
-19.0000000	0.107099995	8.40599984E-02	5.32799996E-02	3.97800021E-02	3.25799994E-02	2.95199994E-02	2.45699994E-02	1.90800000E-02	1.98900010E-02	3.49199958E-02	7.86600038E-02	0.167219996	0.343980014	1.00619996	2.54843998	3.10175991	2.44889998	2.35359001	2.65518022	2.54798985	2.26889992	2.02185011	2.01528001	2.21552992	2.26682997	2.19167995	2.09277010	2.08700991	2.46977997	2.68316984	2.38896012	2.60289001	3.89142013	5.15790033	4.56992960	4.13982010	5.17697954	5.67711020	4.66451979	4.40279961	4.14584970	4.41693020	6.96564007	8.24030972	5.83569002	6.34337997	9.08765984	7.78364992	8.37440968	6.14573956	6.22980022	8.30547047	7.56306028	5.67611980	5.40809965	6.37479019	6.40701008	5.98950005	6.23978996	6.38792992	5.92784977	5.71580935	5.37443972	5.12612963	5.02119017	4.82931042	4.66253996	4.60485029	4.50351000	4.42566013	4.47651052	4.60395002	4.71852016	4.77108049	4.72445965	4.67172003	4.72806025	4.65614986	4.68702030	4.80276012	4.95971966	5.13584995	5.38911009	5.49270010	5.35464001	5.45067072	5.72553015	5.66091013	5.21280003	4.61043024	4.12631989	4.06538963	4.01165962	3.86774969	3.87414002	3.87135005	3.74912977	3.57903028	3.49811959	3.56597972	3.50073028	3.26925039	3.05136037	2.99798989	3.01653004	2.98845029	2.95757985	2.81898022	2.59353042	2.24496007	1.93833005	1.85193014	1.98693001	2.15424013	2.22462010	2.26682997	2.28609014	2.28492022	2.17539001	2.21238017	2.32172990	2.14614010	1.56096005	1.10133004	1.09035003	0.845550001	0.637560010	0.633870006	0.686789989	0.694620073	0.708480000	0.780929983	0.897840083	0.952109993	0.844740033	0.682110012	0.666449964	0.770760000	0.851130009	0.856350064	1.00179005	1.18305004	1.18287003	1.20618010	1.74294007	1.97909987	2.44701028	3.33548999	3.89987993	5.20604992	5.69123983	4.89636040	4.76127005	4.61151028	4.23476982	4.26788998	4.65191984	4.75937986	4.67307091	4.71780014	4.90113020	5.06168985	5.05206060	5.01101971	5.42222977	6.03332996	5.98536015	5.90976000	5.95007992	6.00462008	6.13206053	6.30530977	6.27407980	6.15455961	6.25103951	6.44193029	6.13674021	5.60906935	5.58566999	6.39954042	7.02710962	7.39601994	7.68122959	7.88246965	8.15579987	8.34642029	8.28054047	8.27856064	8.45541000	8.39762974	8.12088013	8.15166092	8.51102924	8.68976974	8.64270020	8.98983002	9.18108082	8.96751022	8.83106899	8.81595039	8.73098946	8.57888985	8.78543949	9.14544010	9.28170109	9.33273029	9.61209011	9.76508999	9.92997074	10.0703707	9.92114925	9.70812035	9.77093983	9.36908913	8.70632935	8.40474033	8.28981018	8.15435982	7.94304037	7.65072012	7.41681004	7.32384014	7.12818003	6.87095976	6.70751905	6.43751955	6.20829010	6.10757971	5.64758968	5.16663027	5.02658987	4.63419008	4.26437998	4.31190014	4.17546034	3.90086985	3.88404012	3.61377025	3.02678990	2.81177998	2.75471997	2.42423987	2.21399999	2.12561989	1.98648012	1.81511998	1.62288010	1.46223009	1.31751001	1.17449999	1.12085998	1.09080017	0.981180012	0.890820086	0.928800046	0.804870009	0.682559967	0.701550007	0.642240047	0.512009978	0.524610043	0.500490010	0.414449960	0.419400007	0.397709996	0.311129987	0.313650012	0.330929995	0.257850021	0.245700002	0.263700008	0.201600000	0.166319996	0.171090007	0.142920002	0.109980002	0.101250008	8.49599987E-02	5.66100031E-02	4.50900048E-02	4.48199995E-02	2.81699989E-02	1.44900000E-02	2.34900024E-02	5.20199984E-02	6.36300072E-02	0.100709997	8.10900033E-02	3.42000020E-03	1.46700004E-02	0.364320010	2.41415977	4.91624975	5.29604959	8.19836903	13.5846910	8.70542908	3.39318037	3.21993017	4.31478024	3.80492997	4.06061983	5.05053043	4.74398947	4.16538000	5.06960964	6.35418081	6.41024971	6.41646004	6.34635019	6.10451984	7.22754002	9.02375984	10.2261591	8.76356983	7.40213966	7.24410057	7.35578966	7.37478018	6.63335991	5.48433018	5.19371986	5.26518011	5.93216944	5.73110962	4.98141050	4.80042028	4.36419010	3.79188013	3.62691021	3.32397032	2.74049997	2.45798993	2.18600988	1.81124997	1.62728989	1.52388000	1.37546992	1.23228002	1.05641997	0.907199979	0.807569981	0.711989999	0.607409954	0.573570013	0.544409990	0.501390040	0.480240077	0.437849998	0.363960028	0.344249994	0.328859985	0.260910004	0.227970004	0.223379984	0.200700000	0.180270016	0.175590008	0.151469991	0.115110002
-20.0000000	0.130499989	0.101429999	6.96600080E-02	4.94999997E-02	3.48300003E-02	2.23200005E-02	1.41299991E-02	1.10700000E-02	1.03500001E-02	1.81800015E-02	4.90500033E-02	9.77400094E-02	0.179730013	0.339929998	0.763199985	1.91403008	2.56715989	2.32326007	2.14299011	2.17304993	2.13353992	1.85822988	1.81962025	1.93365026	1.78830016	1.56951022	1.49471998	1.69227016	2.35566020	2.73492026	2.28213000	2.03228998	2.77164006	3.48633027	3.41306996	3.64194012	5.24088001	5.62392044	4.31892014	4.17905998	3.97314000	4.20210028	6.63920975	7.53201008	4.89303017	4.75497007	7.90011024	7.76384974	9.03590965	6.04592991	6.23781013	7.82982016	6.75296974	5.20281029	5.62508965	6.10928965	5.62247992	5.76431990	6.31448984	6.03522015	5.64291000	5.76684046	5.38289976	5.05925989	4.99023008	4.72590017	4.50648022	4.40766001	4.23288012	3.98060989	3.87143993	3.84786010	3.81573033	3.97827005	4.20263958	4.23170996	4.20749998	4.15953016	4.16465998	4.31468964	4.54805994	4.75316954	4.87944031	4.76829004	4.56713963	4.68728971	4.87782001	4.62743998	4.29047966	3.95756984	3.68909979	3.59109020	3.55922985	3.43611026	3.41262007	3.33405018	3.17160010	2.97485995	2.88873005	2.97782993	2.94776988	2.73113990	2.54033995	2.52666044	2.56562996	2.51622009	2.56175995	2.46132016	2.22569990	1.95651007	1.65375006	1.55025005	1.70190001	1.85418010	1.97505021	2.00574017	1.99251008	1.99467003	1.99242008	1.89504004	1.96128011	1.77390003	1.11069000	0.825480044	0.788309991	0.660059988	0.570509970	0.587430000	0.605159998	0.538469970	0.492659986	0.529200017	0.608939946	0.693270087	0.733680010	0.683460057	0.606870055	0.579150021	0.607230067	0.669149935	0.766710043	0.777599990	0.732690036	0.794160008	1.12545002	1.33020008	1.38536990	1.74635983	2.39904022	3.92850041	5.57675982	5.21270990	4.61474991	4.51988983	4.12217999	3.89844012	4.10480976	4.25366974	4.25439024	4.37561989	4.53384018	4.58289051	4.45788050	4.66640949	5.07878971	5.46471024	5.61680984	5.57675982	5.49657011	5.48189974	5.54499006	5.63859034	5.68089056	5.53436947	5.39567947	5.47929001	5.50557041	5.31999016	5.32989025	5.77188015	6.15770960	6.33203983	6.53444958	6.90848970	7.36713028	7.67177916	7.78598976	7.97454071	8.10675049	8.03241062	7.89894056	7.87202930	7.93574953	7.98363018	8.02313995	8.19845963	8.37855053	8.39015961	8.30006981	8.07578945	7.97616005	7.99785042	8.21214008	8.42255974	8.52759075	8.69760036	8.91018009	9.03519058	9.36161995	9.54513073	9.44568062	9.35387993	9.46530056	9.35406017	8.97470951	8.66763020	8.51777935	8.41913986	8.21132946	7.82477951	7.58663988	7.66224003	7.64154005	7.17417002	6.76035023	6.58746004	6.46740055	6.16212034	5.79942036	5.39127016	5.11541939	4.70780993	4.44078016	4.36833048	4.06026030	3.87719965	3.99978018	3.70386028	3.25125003	3.22199965	3.07493973	2.57706022	2.39921999	2.39859009	2.09177995	1.82744992	1.74969006	1.62144005	1.48833001	1.42587006	1.32435000	1.17945004	1.09169996	1.03112996	0.986579955	0.904139996	0.872820020	0.841410100	0.706050038	0.619019985	0.621719956	0.568080008	0.499590039	0.491670042	0.453510016	0.382140011	0.362879992	0.358199984	0.304289997	0.292320013	0.271530032	0.219510019	0.193499997	0.194220021	0.168030009	0.130679995	0.108270004	8.56800079E-02	5.59800006E-02	3.75300013E-02	3.42900045E-02	2.65499987E-02	1.68299992E-02	1.53899984E-02	1.43999998E-02	8.82000104E-03	4.05000038E-02	5.90400063E-02	5.40000014E-03	3.23999999E-03	0.102240004	1.21877992	3.57290983	4.88115025	6.95771980	13.9819498	10.7676010	4.82903957	4.01454020	4.59863949	3.30587983	2.98719025	4.06836033	4.25771999	4.12865973	4.86072016	5.48010063	5.08805990	5.01614952	5.62733984	6.47009993	7.39197016	8.20151997	8.54424000	7.52580023	6.59150982	6.87366009	8.18181038	8.82054043	6.89967012	5.54381990	5.30586004	5.71922970	6.31178951	6.05070019	5.33916044	4.97997046	4.51800013	4.13675976	3.91644001	3.53565001	3.11210990	2.87298012	2.49164987	2.17754984	2.03652024	1.83896995	1.63701010	1.51559997	1.28762996	1.10106003	1.03868985	0.905669987	0.726480007	0.702629983	0.664830029	0.549899995	0.556020081	0.535950005	0.414990008	0.384840012	0.386280000	0.310680002	0.263339996	0.275040001	0.230759993	0.187469989	0.192959994	0.170010015	0.136799991
-21.0000000	0.158219993	0.123300008	9.23400074E-02	7.21799955E-02	4.96799983E-02	2.63700001E-02	1.45799993E-02	1.26000009E-02	1.32300006E-02	1.48500009E-02	3.16799991E-02	5.92200011E-02	0.101070009	0.191610023	0.274049997	0.813780129	2.01590991	2.43197966	2.06748009	2.00780988	2.02625990	1.87191010	1.79073012	1.70730019	1.42029011	1.22283006	1.24146008	1.28061008	1.44828010	1.77723014	1.88847017	1.97567999	2.41982985	2.73933005	2.70657015	3.23945999	4.63554001	4.64894962	3.62852955	4.14242983	4.13540983	3.95505047	5.53032064	6.65496016	4.51197004	4.32945061	5.66172028	6.77816963	7.74513006	6.03944969	7.45397949	7.26948023	5.75108957	4.79447985	5.72067070	5.97096014	5.26293039	5.58134985	6.00110960	5.42574024	5.28318071	5.87673044	5.61771011	5.18714952	5.14674044	4.88070011	4.49451017	4.32036018	4.13918972	3.94740009	3.83634019	3.68522978	3.50189972	3.70592952	3.83814025	3.78170991	3.73032022	3.70277977	3.69828033	3.78189015	4.06269026	4.29615021	4.38282013	4.26807022	4.08176994	4.14224958	4.25565004	4.01210976	3.68946004	3.40812016	3.25448990	3.28931999	3.25971007	3.11715007	2.95838976	2.83707023	2.67624021	2.48130012	2.38139987	2.42846990	2.38194013	2.23200011	2.13579011	2.13524985	2.13812995	2.15046000	2.26044011	2.12174988	1.76409018	1.50453007	1.34387994	1.30068004	1.46007001	1.67903996	1.83320999	1.82304013	1.65527987	1.61073017	1.69650006	1.70369995	1.62278998	1.42506003	1.02276003	0.729359984	0.577260017	0.504810035	0.477990001	0.489780009	0.477630079	0.424800009	0.418950021	0.463409990	0.491039991	0.514079988	0.572579980	0.617940009	0.612630069	0.537390053	0.503010035	0.502290010	0.546930015	0.537750006	0.532620072	0.580680013	0.695880055	0.828630030	1.02897000	1.42821014	2.09213996	3.06279016	5.48567963	5.83020020	4.59765005	4.36815023	4.35087013	4.06304979	3.88250971	3.89879990	4.00697994	4.13531971	4.12659025	4.02245998	4.07348967	4.39056015	4.62447023	4.53068972	4.78764009	4.89267015	4.84974003	4.88502026	4.93578053	4.91643047	4.91579962	4.92804003	4.86387014	4.85604000	4.96907997	5.07428980	5.13864040	5.38839006	5.51591969	5.66784000	5.78862047	6.13935041	6.54461956	6.76952982	7.06328964	7.40034008	7.62417030	7.60896015	7.53381014	7.43832016	7.25445032	7.10558987	7.26174021	7.46964025	7.64414978	7.98948050	8.01360035	7.66322994	7.61841011	7.72119045	7.79408979	7.73153973	7.80740976	8.06643009	8.28810024	8.39933872	8.61462021	8.75942993	8.69741917	8.82855034	8.90009975	8.89524078	8.80947018	8.82711029	8.72253036	8.51435947	8.27460003	7.92467976	7.66061974	7.67798996	7.68096066	7.28622007	6.81930017	6.51402044	6.27902985	6.09138060	5.97203970	5.65452051	5.30532026	4.97699976	4.76442003	4.51899004	4.24602032	4.17321014	4.16042995	3.80943036	3.58514953	3.57911992	3.22065020	2.77820992	2.70656967	2.63141990	2.20598984	2.00537992	2.04624009	1.89036000	1.75419021	1.71333003	1.50965989	1.30283999	1.30428004	1.25171995	1.06686008	1.03428006	1.03454995	0.917910039	0.829530060	0.816300035	0.766709983	0.660239935	0.614339888	0.571319997	0.499590039	0.466739982	0.421379954	0.343800008	0.312299997	0.307080030	0.253260016	0.238410011	0.237960011	0.200790018	0.173250005	0.173250005	0.150299996	0.109079994	8.05500001E-02	5.26500009E-02	3.26699987E-02	2.39400007E-02	2.52000019E-02	3.07800006E-02	1.86300017E-02	1.97999994E-03	2.15999992E-03	1.28699997E-02	3.41999996E-03	1.07999996E-03	5.22000007E-02	0.894959986	3.44267988	6.20153999	10.3156204	15.6146402	10.7611198	5.55750036	5.30892038	5.24025011	3.39363027	2.83266020	3.79475951	4.54293013	5.06906939	5.19749975	4.97025061	4.69827032	5.05953026	6.01038027	6.63479996	6.20091009	5.77179003	6.15240002	7.20872974	7.90542030	8.46801090	9.46358967	8.44758129	5.74658966	4.79916048	5.22179985	6.36245918	6.60617971	6.03980970	5.73785973	5.43762016	4.78331995	4.44833994	4.29552031	3.78764987	3.46068001	3.30173969	2.78496003	2.48877001	2.37608981	2.10411000	1.84823990	1.77947986	1.55411994	1.29689991	1.22589004	1.09800005	0.879839897	0.857790053	0.837719977	0.648270011	0.612720013	0.607589960	0.491939932	0.433259994	0.424799979	0.358830005	0.319499999	0.317249984	0.276389986	0.233370021	0.226259992	0.206100032	0.167040005
-22.0000000	0.210239992	0.160380021	0.127439991	0.109439999	7.21800029E-02	4.07700054E-02	2.35799979E-02	1.61100011E-02	1.50299994E-02	1.31399995E-02	1.44899990E-02	3.02399993E-02	6.38099983E-02	0.105660014	0.151920006	0.283680022	1.17189002	2.71781993	2.44880986	1.91520011	2.00609994	1.91682017	1.70774996	1.48527002	1.26126003	1.26954007	1.49489999	1.47186005	1.19736004	1.25478005	1.61334014	1.99305010	2.21490002	2.46293998	2.66687989	3.20390987	4.18319988	4.05035973	3.33252001	3.94784975	3.91526985	3.41784000	3.82841992	4.54797029	4.26770973	5.16491985	4.76567984	6.04799986	5.88753033	6.11433029	7.96139956	7.20341921	5.69096994	4.94045973	5.59773016	5.55246019	5.02595997	5.40233994	5.63516998	4.99904966	4.91642952	5.48837948	5.24744987	4.96683025	4.95053959	4.62465000	4.24853992	4.15088987	4.14287996	4.09212017	3.97223997	3.69189024	3.47391009	3.47093964	3.42593980	3.34529972	3.52646971	3.57011986	3.40190983	3.27644968	3.45663023	3.64796996	3.65786982	3.67983007	3.59765983	3.58650017	3.69711018	3.52997971	3.27834034	3.11805034	3.00779986	3.04226995	2.95226979	2.74833012	2.47589993	2.28743982	2.12633991	1.95551991	1.86929989	1.92194998	1.98800993	1.96695006	1.85039985	1.81035006	1.84211993	1.84265995	1.95209992	1.81962013	1.50795007	1.24137008	1.13040006	1.13804996	1.31913006	1.55403006	1.56888008	1.43414998	1.32480013	1.34496009	1.51326013	1.55988014	1.36890006	1.13922000	0.927540064	0.701370001	0.531000018	0.447750032	0.415350020	0.405900002	0.384210050	0.363060027	0.413190007	0.517679989	0.556560040	0.522180021	0.541170001	0.567089975	0.612720013	0.551429987	0.445500016	0.401039988	0.423000008	0.479970008	0.532710075	0.554400027	0.580320001	0.644850016	0.785340071	1.14741004	1.69577992	2.42630982	4.35383987	5.55192041	4.91507959	4.35330009	4.13703012	3.87989974	3.79251003	3.87909031	3.95766020	3.91347003	3.72329974	3.66533995	3.79701042	3.96423006	3.99042010	3.77001023	3.80906987	4.15619993	4.41189003	4.41386986	4.36679983	4.30272007	4.29947948	4.47723007	4.56839991	4.54671001	4.67532063	4.79402971	4.83183002	5.00580025	5.00894976	5.16563988	5.28794956	5.51663971	5.76539993	5.91029978	6.25743008	6.59574080	6.69338989	6.64775944	6.72884941	6.79760933	6.72434998	6.53219986	6.53192997	6.67458010	7.00065041	7.54812002	7.61066914	7.41240025	7.47548962	7.52327967	7.42986012	7.27154970	7.21773005	7.31051970	7.56944990	7.78706980	7.92036009	7.94772053	7.96976948	8.24948978	8.36828995	8.30412006	8.40896988	8.61983967	8.64441013	8.50356007	8.44406986	8.27532005	8.07254982	7.91073036	7.75466967	7.48511982	7.19405985	6.57791996	6.08922005	5.99733019	5.91453028	5.62545013	5.37525034	5.19434977	4.89797974	4.54113007	4.39496946	4.34313059	4.19247055	4.00463963	3.92517018	3.82239008	3.40488005	3.14153981	3.15656972	2.89196992	2.49470997	2.44773006	2.43990016	2.15289021	1.99458027	1.93202996	1.69371009	1.56860995	1.65645003	1.49994004	1.24857008	1.22498989	1.13679004	0.956519961	0.909360051	0.952560008	0.823949993	0.727019966	0.736649990	0.629010081	0.502740026	0.522900045	0.481950015	0.349920005	0.333090007	0.338040024	0.254160017	0.263429999	0.273600012	0.207089990	0.187200025	0.203850001	0.180540010	0.137790009	0.114839993	7.91100040E-02	4.76099998E-02	3.02400049E-02	2.92500034E-02	3.25800069E-02	2.92499997E-02	1.14299990E-02	9.89999971E-04	2.33999989E-03	8.10000056E-04	1.80000003E-04	1.96199995E-02	0.455669999	2.69370008	6.54164934	14.1907492	17.6941795	9.66518974	5.13666010	6.07157993	5.73866987	3.76874995	3.20480990	3.58317018	4.12568998	4.97303963	5.07798004	4.43331003	4.25259018	4.91075993	5.60420990	5.66882992	5.01200962	4.96052980	6.21036053	8.75699997	9.92870998	8.76834011	7.66476059	6.05150986	4.63662004	4.08195019	5.24150991	6.77394009	6.73415995	6.19388962	6.26949024	5.94810057	5.16015005	4.89464998	4.70528984	4.09176016	3.82626009	3.65579987	3.12876010	2.76038980	2.67956996	2.38958979	2.08611012	2.01626992	1.81241989	1.56356990	1.47402000	1.35153008	1.11573005	1.03112996	1.03248012	0.857430100	0.717570007	0.676259995	0.594720006	0.522090018	0.484739989	0.448650002	0.404999971	0.368460000	0.342360020	0.317520022	0.278999984	0.239759997	0.223199978
-23.0000000	0.234719992	0.200700000	0.157859996	0.129599988	9.65700001E-02	6.89399987E-02	3.97800058E-02	2.25000028E-02	1.62000004E-02	1.03500010E-02	6.21000025E-03	1.26000000E-02	3.85200009E-02	5.36400042E-02	6.59700036E-02	0.120330013	0.652319968	1.79406011	1.54052985	1.32578993	1.66346991	1.82744992	1.61082006	1.45907998	1.40921998	1.46933997	1.66148996	1.78020012	1.65672004	1.88738978	2.57264996	2.37006021	2.01348019	2.24459982	2.78550005	3.33747029	3.93552041	3.63708019	3.04109979	3.21452975	3.06746984	2.79513001	2.65284014	2.76264024	3.44646001	5.99031067	5.70375013	7.02585030	7.49060965	7.05194998	7.28055000	6.38028002	5.47254038	5.15745020	5.42915964	5.08247995	4.75361967	5.25015020	5.35347033	4.70403004	4.67648983	5.06160021	4.75389004	4.65794992	4.76874065	4.44321012	4.12982988	4.15997982	4.14971972	4.02624035	3.79305005	3.33377981	2.97477031	2.88576007	2.98124981	3.09473944	3.38184023	3.38751030	3.10725021	2.87477994	2.95650029	3.11399984	3.12714028	3.29040003	3.31182003	3.25449014	3.17610002	3.03137994	2.93903971	2.88369012	2.84120989	2.86001992	2.78819990	2.62458014	2.30507994	1.99115992	1.77191997	1.64151013	1.61585987	1.73421001	1.89369011	1.86677992	1.68606007	1.59731996	1.58895004	1.66221011	1.72844994	1.65509999	1.44576001	1.19511008	1.07163000	1.05462003	1.18755007	1.38860989	1.34036994	1.21310997	1.14336002	1.11572993	1.19942999	1.24595988	1.10664010	0.932760000	0.841680050	0.763110042	0.674640000	0.529560030	0.431459993	0.399509996	0.382140040	0.386189997	0.436950028	0.520380020	0.585269988	0.526859999	0.524699986	0.487620056	0.495810032	0.429479986	0.365850031	0.306090027	0.325169981	0.387270004	0.483750045	0.530280054	0.558990002	0.649439991	0.724770010	0.896849990	1.24019992	1.82061005	2.83509040	4.21146011	4.94469023	4.97403049	4.15818024	3.38967013	3.30723000	3.55716038	3.64653015	3.58892989	3.57930017	3.58965015	3.57524991	3.59388018	3.64896011	3.55985975	3.51287985	3.72321010	3.92669988	3.91445994	3.87630010	3.89178038	3.97808981	4.22180986	4.39353037	4.35914993	4.33943987	4.41054010	4.46066999	4.42286968	4.44887972	4.58433008	4.67910004	4.84586954	5.10615063	5.30342960	5.60879993	5.85449982	5.90193033	5.96259022	6.18776989	6.36443996	6.33258009	6.23961067	6.30243063	6.42905951	6.63407993	7.03836060	7.09046984	7.09875011	7.22339964	7.22042942	7.08560991	6.96834040	6.80111980	6.61122084	6.75755978	7.07787037	7.29557991	7.40205050	7.44659996	7.59437943	7.80912018	7.90011024	7.84862995	7.99164009	8.21304035	8.41949940	8.51931000	8.43867016	8.35074043	8.27513981	8.03096962	7.74953985	7.50114012	7.09019995	6.41105986	6.16391993	5.78852987	5.30270958	5.18166018	5.21775007	4.93055964	4.60412979	4.53752995	4.38687038	4.11804056	4.03722048	4.01705980	3.87846041	3.71033955	3.64751959	3.50216985	3.22388983	3.01094985	2.86820984	2.61576009	2.36204982	2.30481005	2.22705007	1.96452010	1.83366001	1.84076989	1.66985989	1.43171990	1.38572991	1.25090992	1.03050005	1.00404000	0.980459929	0.837360084	0.779219985	0.801720023	0.705059946	0.574469984	0.581129968	0.545219958	0.442439944	0.415080011	0.395639986	0.289890021	0.293579996	0.286830038	0.231120020	0.213390008	0.210419998	0.178470001	0.160469994	0.143909991	8.93700048E-02	5.53500019E-02	4.49100025E-02	3.39300036E-02	3.15000042E-02	3.99600044E-02	2.68200021E-02	1.26000005E-03	6.30000024E-04	3.60000005E-04	8.10000056E-04	1.03499992E-02	0.156060010	1.41093016	4.69881010	13.8710709	15.7275019	7.44417000	4.62482977	6.32430029	5.66783953	3.73805976	3.39560986	3.30245972	3.24180007	3.98655009	4.46030998	3.93597007	3.90248990	4.60214996	5.03487015	5.25645065	5.36615944	5.59304953	6.56820011	8.46629906	8.36298084	6.60249043	4.73751020	4.15673971	3.93534017	4.41270018	5.86574936	7.04952049	6.91226959	6.73875046	6.79869032	6.27155876	5.47415972	5.20452023	5.12198973	4.55877018	4.18184996	4.03560019	3.64535975	3.17511010	2.99609971	2.77641010	2.43711019	2.26736999	2.11283994	1.91096997	1.79306984	1.71657002	1.53144014	1.31624997	1.22850001	1.05372000	0.851579905	0.739350080	0.696690023	0.649260044	0.568530023	0.537119985	0.498059988	0.413460046	0.381600022	0.372689992	0.314909995	0.281969994	0.271259993
-24.0000000	0.235349983	0.190169990	0.199259996	0.156599998	0.109619997	8.58599991E-02	6.09299988E-02	3.06900013E-02	2.60099992E-02	1.57499984E-02	5.13000041E-03	8.19000043E-03	2.29500011E-02	2.75400002E-02	3.33900005E-02	8.55900049E-02	0.448830038	1.05299997	0.730350018	0.721259952	1.23587978	1.61982000	1.51073992	1.46978998	1.57257009	1.62161994	1.66085994	1.79270995	1.92167985	2.63699985	3.61197019	2.95479035	1.90439999	2.17188001	3.05595016	3.59946012	3.64590025	3.09834003	2.63097000	2.46950984	2.33523011	2.40489006	2.19330001	1.91880000	2.20175982	4.00932026	5.15853024	5.92775965	8.44271946	8.57601070	6.49430990	5.15925026	4.78737020	4.86737967	4.97096968	4.71131992	4.63022947	4.97160006	4.91876984	4.57010984	4.68513060	4.71258020	4.42583990	4.49261999	4.62599993	4.38119984	4.12460995	4.10237980	4.08537054	3.92021990	3.75642014	3.34430981	2.95460987	2.88189006	2.88467979	3.02471995	3.19554019	3.04820991	2.85074997	2.66445017	2.70359993	2.82509995	2.97045016	3.08690977	3.03830981	3.03003001	2.94120002	2.75273991	2.65859962	2.65239000	2.72870994	2.73734975	2.68056011	2.54547000	2.33810997	2.08034992	1.83771002	1.63818002	1.55042994	1.63916993	1.79505002	1.79486990	1.64744997	1.50003004	1.43118000	1.36035001	1.38942015	1.40606999	1.36026001	1.15640998	1.01646006	0.978210032	0.991350055	1.01691008	1.02419996	1.06443000	0.988110065	0.881999969	0.917459905	1.00818002	1.01051998	0.918900073	0.875970006	0.888300002	0.830069959	0.678060055	0.508590102	0.427320033	0.414360017	0.438120008	0.440550029	0.410219997	0.400950015	0.402300000	0.372690052	0.384840012	0.349380016	0.308699995	0.290610015	0.267660022	0.285030007	0.360450029	0.445140004	0.499410063	0.540089905	0.649439991	0.851040065	1.03040993	1.31103003	1.70775008	2.25008988	3.08718014	4.15412998	4.87647009	4.42475986	3.15395999	2.80133986	3.10545015	3.22568989	3.18608999	3.37913990	3.54608989	3.49640989	3.31010985	3.37391996	3.38687992	3.25601983	3.24980998	3.28923011	3.28941011	3.35916042	3.55508995	3.80727005	4.01724005	4.05539989	3.99464965	3.89690971	3.91193986	3.93344998	3.82661986	3.83238006	3.84281993	4.03749037	4.34366989	4.67361021	4.86801004	5.02308035	5.20398045	5.44239044	5.61968946	5.79860973	6.05628014	6.19173002	6.15194941	6.19001961	6.28173065	6.39693022	6.60348034	6.54327011	6.56316042	6.66422987	6.68718052	6.70751953	6.66647959	6.46127987	6.21018076	6.17777967	6.35616016	6.72930002	7.00190926	7.11063004	7.10685015	7.17399025	7.37307072	7.35930014	7.23780012	7.46793032	7.94375992	8.20899010	8.18406010	8.10054016	8.05563068	7.90704012	7.78023005	7.58753967	7.19127035	6.58521032	6.20190001	5.86566019	5.36741972	5.17616987	5.10065985	4.88393974	4.69998026	4.64237976	4.45059013	4.26609039	4.27158022	4.09256983	3.85137010	3.90599990	3.94163990	3.69062972	3.55544996	3.50279999	3.15638995	2.78604007	2.74643970	2.73429012	2.45222998	2.23578000	2.17943978	2.05928993	1.87416005	1.77903008	1.59461999	1.42632008	1.29627001	1.21635008	1.06361997	0.977849960	0.900899947	0.816389978	0.744570017	0.732059956	0.708029985	0.620279968	0.560429990	0.491939992	0.409320027	0.340739995	0.316080004	0.282240003	0.251370013	0.252719998	0.208710015	0.165600002	0.173160002	0.165150002	0.118800014	8.39699954E-02	5.98499924E-02	3.85200083E-02	3.21300030E-02	3.36600058E-02	1.43999998E-02	2.61000008E-03	3.60000005E-04	4.50000021E-04	1.26000005E-03	1.12499995E-02	0.124560006	0.865980029	2.98799992	9.92646122	10.0146599	4.66712999	4.49324989	6.55028963	5.21423960	3.48741007	3.63770986	3.66128993	3.22118974	3.47193003	4.01607037	4.22675991	4.69575071	5.45570946	5.61663055	5.67170954	6.37172937	6.22151995	6.03279018	6.62022018	5.03135967	3.49632001	2.92167020	3.39569998	4.16601038	5.23862982	6.43931961	7.10244036	7.33554077	7.38323975	7.05798006	6.46829987	5.91686964	5.43338966	5.12747955	4.71275949	4.34051991	4.25231981	4.12064981	3.71070027	3.37023020	3.23027992	2.98826981	2.68434000	2.54069996	2.41317010	2.16252017	2.04273009	2.03579998	1.78595984	1.55718005	1.41218996	1.15532994	0.890640020	0.838079989	0.782280028	0.660509944	0.609479964	0.578339994	0.470610023	0.420209974	0.400860012	0.343529999	0.311310023	0.301950008
-25.0000000	0.285660028	0.220680013	0.223739982	0.201600000	0.136170015	0.102780007	8.09100047E-02	4.44599986E-02	3.11400015E-02	2.52900012E-02	1.28699988E-02	1.18799992E-02	2.36699991E-02	2.18699984E-02	2.50200015E-02	7.10100010E-02	0.403559983	0.860939980	0.595439970	0.530009985	0.954089940	1.38159013	1.28492999	1.18836010	1.38941991	1.76643002	2.26179004	2.43072009	2.36708975	3.19310999	4.53627014	3.71591997	2.18898010	2.27583003	3.50361013	4.30919981	3.33629990	2.42810988	2.25683999	2.14919996	1.97045982	2.09654999	1.90917003	1.57023013	1.57257009	1.94021976	2.65724993	3.38300967	6.60798025	7.79697037	5.95646954	5.05692005	4.84082985	4.83606005	4.65983963	4.39821005	4.44312000	4.65686941	4.42845011	4.25601006	4.49819994	4.42575026	4.23584986	4.34123945	4.42755032	4.26320982	4.07924986	3.97179031	3.80528998	3.65957999	3.61286974	3.47156978	3.30804014	3.21488976	3.10319996	3.14217019	3.13460994	2.89845014	2.80737019	2.70395994	2.64410996	2.70503998	2.76443982	2.73581982	2.67551994	2.79063010	2.81799006	2.64356995	2.56346965	2.56148982	2.59910989	2.46051002	2.36475015	2.33919001	2.30571008	2.22741008	2.07126021	1.84446025	1.65303004	1.62450004	1.64349008	1.66329002	1.61909997	1.51767004	1.36458004	1.24038005	1.19331002	1.17638993	1.15325999	1.08864009	1.04931009	0.985050082	0.837900102	0.776160002	0.806670010	0.920159996	0.979920030	0.894959927	0.905489981	1.00656009	1.02726007	0.987030089	0.949950099	0.955980003	0.920790017	0.793889999	0.601380050	0.486810058	0.509220004	0.555750012	0.509759963	0.391500026	0.323190033	0.333000034	0.353520006	0.309600025	0.269820005	0.250110030	0.250200003	0.254160017	0.274230003	0.329669982	0.379980028	0.435960025	0.539640009	0.661859989	0.875609994	1.25288999	1.60928988	1.90710020	2.06523013	2.41362000	3.05712008	3.85839033	4.20435047	3.38922000	2.74599004	2.88945007	3.06485987	3.01850986	2.99619007	3.01563001	2.98439980	2.92364979	3.01716018	3.03848982	2.89412999	2.83896017	2.91771007	2.88747025	2.93921995	3.19878054	3.45132017	3.58929062	3.63563991	3.62933993	3.56490016	3.55851007	3.61548018	3.61241984	3.51990008	3.42225003	3.49226999	3.82418990	4.08717012	4.33413029	4.49469042	4.77026987	5.09733009	5.35319948	5.49126005	5.56902027	5.66874027	5.80131006	5.91767979	6.02406025	6.05475044	6.06374979	6.09326982	6.14088058	6.12720013	6.18345022	6.36722994	6.37434101	6.15438032	6.03783035	6.01371002	5.97806978	6.09381056	6.52590036	6.82217979	6.78752995	6.68024921	6.64649963	6.62948990	6.60357046	6.71688032	7.07147980	7.51563025	7.79931068	7.86338997	7.90298986	7.74009037	7.53111029	7.37559032	7.34364033	6.99579000	6.44733000	6.06239986	5.66846991	5.27301025	5.07329988	4.85729980	4.62770987	4.44429016	4.18545008	4.08042002	4.16150999	4.03964996	3.84732008	3.96908998	3.96198010	3.76946974	3.78566980	3.94379997	3.48777032	3.13119006	3.15233970	2.89322996	2.46527982	2.43818998	2.45267987	2.20302010	2.12894988	2.10780001	1.72763991	1.47068989	1.51425004	1.43685007	1.21761000	1.13346004	1.10915995	0.930240035	0.882900000	0.940320015	0.849420071	0.735029995	0.678330004	0.589590013	0.445770025	0.408780009	0.378089994	0.288630009	0.266399980	0.278640002	0.232649997	0.184770003	0.164250016	0.135810003	0.125459984	0.124289997	7.56900087E-02	3.37500051E-02	2.48400029E-02	1.40399989E-02	7.64999958E-03	5.48999989E-03	1.88999996E-03	2.42999988E-03	2.79000006E-03	2.96999998E-02	0.398340017	1.57473004	4.09779024	8.90487099	7.23420000	3.57876039	4.70322037	6.44175053	4.68161964	3.05945992	3.62070012	4.11903000	3.67478991	3.57543039	4.10382032	4.81985998	5.79330063	6.32556009	5.92397976	5.90237999	6.28460932	5.87988043	5.05313969	3.95874000	3.15081000	2.72223020	2.99682021	3.83300972	4.51773024	5.30451059	6.16454983	6.84009075	7.51590109	7.77545977	7.18425035	6.68484116	6.41636992	5.59485006	5.03694010	4.94244003	4.55804968	4.27481985	4.31198978	4.17869997	3.76164007	3.72338986	3.74048996	3.35880017	3.14433026	3.02210999	2.63484001	2.37375021	2.40057015	2.20815015	1.89099014	1.76904011	1.50047994	1.18421996	1.05372000	0.973710001	0.825389981	0.728640020	0.653580010	0.548459947	0.484290034	0.471599996	0.379170001	0.326700002	0.325529993
-26.0000000	0.339390010	0.266759992	0.259199977	0.251819998	0.188280016	0.143460006	0.114300013	7.46999979E-02	5.20199984E-02	3.60899977E-02	1.83599982E-02	1.62899997E-02	2.13299990E-02	1.82699990E-02	2.09700000E-02	5.92199974E-02	0.333719999	0.828090012	0.771479964	0.659070015	0.828629911	1.06695008	1.08603013	1.04903996	1.25567997	2.17386007	3.77207994	4.08618021	3.45698977	3.85677028	5.34987020	5.29722023	2.95497012	2.60459995	3.38579988	3.66498017	2.65419006	1.98314989	2.10374999	2.19275999	1.92006004	1.79207993	1.78443003	1.57076991	1.30697989	1.34883010	1.62891018	2.61638999	4.79367018	5.69043016	5.27868032	4.97826004	4.83219004	4.70816946	4.40693998	4.15619993	4.26149988	4.35941982	4.31478024	4.28147984	4.20858002	4.00329018	3.81672025	3.87927008	3.89745021	3.73581004	3.65859008	3.62232018	3.50405979	3.34583998	3.30398965	3.34943986	3.34853983	3.25664997	3.12002993	3.08790016	3.03137994	2.84490013	2.76875997	2.76884985	2.71106982	2.71170020	2.74761009	2.67714024	2.54304004	2.58840013	2.64447021	2.53106999	2.39985037	2.35431004	2.12310004	1.93373990	1.91483998	1.95984006	2.05415964	2.10114002	2.08350015	1.98126018	1.81800008	1.70946002	1.58364010	1.54314005	1.53774011	1.41524994	1.22426999	1.10645998	1.05651009	0.984600127	0.975870013	0.985230088	0.982170045	0.959490001	0.822600007	0.738720000	0.728280008	0.804690063	0.952650130	1.01826000	1.02815998	1.07757008	1.08081019	1.02582002	0.969750047	0.925200045	0.938790023	0.859770000	0.681750000	0.544679999	0.550800025	0.632250011	0.611640036	0.503190041	0.408870012	0.383040011	0.370530039	0.312299997	0.276570022	0.257220030	0.247140005	0.274859995	0.311130017	0.318870008	0.347400010	0.434700012	0.559529960	0.613799989	0.745470047	1.03950012	1.40400004	1.61082017	1.62891006	1.98116994	2.69424009	3.52296019	4.38912010	3.77630997	2.81403017	2.75039983	2.97080994	2.99772000	2.82635999	2.70593977	2.70333004	2.64546013	2.74023008	2.86721992	2.77478981	2.67660022	2.70557976	2.76488996	2.86028981	2.98251009	3.12174010	3.22073984	3.22983027	3.19094968	3.17736006	3.25521016	3.43169999	3.50756979	3.45338988	3.36338973	3.34376979	3.45555043	3.57903004	3.74138999	3.96648002	4.22739029	4.55318975	4.94711971	5.12459993	5.06754017	5.18868017	5.34644985	5.52851963	5.74749041	5.78042936	5.56730986	5.57180977	5.70158958	5.73596954	5.77125025	5.85278988	5.95494032	5.96024990	5.86917019	5.71806049	5.60204983	5.61510038	5.93316031	6.25697947	6.22358942	6.14546967	6.15302944	6.13458014	6.21863985	6.24023962	6.22691965	6.44922018	6.84396029	7.08578920	7.22403002	7.43246984	7.35876036	7.05140972	7.18092012	7.29657030	6.80049038	6.36137962	5.96573925	5.60132980	5.40666008	5.20775986	4.84757996	4.50800991	4.22622013	3.97269058	3.85767007	3.90843010	3.81788969	3.84020996	3.78108025	3.61368012	3.76722002	3.87369013	3.59981990	3.36618018	3.33431983	3.01697993	2.70953989	2.76731968	2.63682008	2.22858000	2.22669029	2.30778003	1.95911992	1.77759004	1.88451004	1.60712993	1.30382991	1.24938011	1.18358994	1.02833998	1.02257991	1.06668007	0.921960056	0.811889946	0.824759960	0.715499997	0.583469987	0.566100061	0.485100001	0.340380013	0.314549983	0.293490022	0.234899998	0.220770016	0.197190002	0.135269985	0.126450002	0.129419997	7.43400082E-02	4.69800010E-02	3.41100022E-02	1.14300000E-02	2.24999990E-03	4.14000032E-03	5.94000006E-03	6.57000067E-03	5.76000009E-03	8.69399980E-02	0.930239916	3.20688009	7.59293938	11.0247297	7.71641922	3.96828032	4.41828012	5.54606962	4.32962990	3.02588987	3.52349997	4.04171991	3.60854983	3.58982968	4.15970993	4.77774000	5.24249983	5.28227997	5.05593014	5.42430019	5.31639004	4.79439020	4.08302975	3.43305016	3.11138988	3.20193005	3.73292971	4.17276001	4.36526966	4.98762035	5.90489960	6.55416012	7.16381979	7.41860962	7.07418060	7.00568962	6.98417997	6.12521887	5.40440989	5.42726946	4.86188984	4.27013969	4.55364037	4.65246010	4.18292999	4.05008984	4.09968042	3.74022007	3.47328019	3.40191007	3.00006008	2.68982983	2.75517011	2.58696008	2.24496007	2.13866997	1.95029974	1.54053009	1.34586000	1.28979003	1.07036996	0.932579935	0.884249985	0.734040022	0.605700016	0.575999975	0.498239994	0.401489973	0.388799995
-27.0000000	0.470430017	0.370799989	0.324540019	0.308250010	0.255060017	0.210240006	0.158490002	0.109440006	7.89299980E-02	5.96700050E-02	4.15799990E-02	3.36600021E-02	2.96100024E-02	1.74599998E-02	1.55699998E-02	5.29200025E-02	0.175050005	0.449910015	0.640439987	0.650160015	0.693630040	0.835739970	1.06866014	1.34091008	1.67409003	2.62503004	4.06691980	4.23360014	3.51827979	3.75435019	4.96790981	5.88194990	3.65913010	2.60703015	2.96262002	2.86371017	2.13336015	1.84950006	2.07125998	2.18673015	1.94769001	1.72853994	1.78461003	1.94993997	1.85030985	1.81142998	2.23091984	3.32981968	4.42737007	4.61313009	4.39173031	4.25088024	4.18076992	4.08869982	3.94379973	3.93677974	4.00211954	4.03245020	4.06332016	4.03200054	3.71168971	3.47246981	3.40803003	3.42917991	3.40443039	3.31208992	3.27672005	3.24495029	3.21390009	3.22181988	3.16943979	3.02274036	3.03534007	3.12102008	3.06720018	3.04749012	3.10202980	2.90709019	2.69315982	2.77397966	2.83185005	2.82051015	2.82492018	2.70792007	2.51909995	2.47293019	2.45969987	2.39093995	2.33145022	2.22255015	1.91412008	1.69073999	1.66814995	1.67876995	1.71359980	1.79217005	1.87974012	1.88964009	1.86542988	1.77336013	1.60965014	1.52739000	1.50407994	1.41705000	1.25568008	1.10645998	1.01960993	0.889200091	0.846989989	0.829530060	0.807030022	0.776880085	0.770040035	0.766890049	0.746369958	0.783630013	0.903059959	0.995940030	1.05156004	1.10619009	1.12112999	1.13300991	1.13787007	1.06605005	0.980010152	0.875970125	0.746730030	0.620910048	0.567359984	0.572760046	0.581760049	0.585900009	0.555390000	0.461879998	0.370530009	0.309780002	0.262349993	0.236249998	0.219149977	0.250560015	0.319410026	0.349469990	0.351900011	0.444330037	0.634860039	0.703080058	0.703350067	0.821970046	1.09206009	1.21922994	1.15425014	1.62747002	2.57021999	3.83606982	4.93893003	4.18211985	2.86100984	2.58704996	2.79980993	2.95649981	2.87262011	2.76669002	2.65347004	2.59028983	2.76093006	2.84723997	2.85183048	2.70153022	2.69954991	2.76291013	2.77046990	2.72978997	2.78585982	2.94587994	2.94047999	2.80817986	2.77136993	2.97935987	3.21939015	3.28572011	3.34817982	3.34764028	3.32135987	3.31577969	3.29463005	3.39830995	3.60927010	3.81303000	4.07069969	4.55057955	4.93577957	5.00337029	5.00453997	5.08131027	5.30181026	5.51412010	5.53193998	5.32431030	5.27381992	5.38470030	5.39325047	5.40675020	5.39073038	5.36904001	5.42222977	5.45804977	5.44707060	5.42106009	5.56119013	5.60627985	5.67045021	5.71293020	5.80211973	5.79383993	5.81381989	6.07355976	6.02055025	5.77260017	5.86278057	6.12711000	6.29513931	6.51897049	6.79824018	6.76736927	6.60825014	6.73379993	6.95331001	6.78140974	6.47855997	6.19497013	5.82480001	5.68314028	5.53761005	5.19885015	4.88258982	4.52637005	4.06070995	3.78107977	3.74517012	3.76443005	3.78531003	3.75974989	3.79619980	3.78035998	3.73760986	3.59387970	3.50424004	3.41882992	3.31965017	3.23577023	3.10275006	2.74617028	2.42154002	2.40714002	2.43990016	2.16333008	2.13795018	2.15711999	1.81935012	1.55223000	1.52991009	1.38591003	1.18529987	1.19988000	1.15155005	0.936900020	0.862199962	0.857879996	0.699749947	0.613349974	0.642509997	0.507780015	0.394289941	0.406709999	0.348749995	0.257940024	0.264149994	0.241110027	0.164070010	0.144450009	0.124830008	7.70399943E-02	6.57900050E-02	5.37300035E-02	1.05300006E-02	5.76000009E-03	5.40000014E-03	5.94000053E-03	6.30000001E-03	5.94000006E-03	0.127440006	1.13949013	4.38957024	8.56880951	9.19026089	6.67017031	4.20398951	3.94802999	4.59810019	4.20651007	3.53708982	3.79449010	3.85775948	3.56579971	3.75795007	4.26995993	4.51089001	4.60827017	4.74821949	5.11263037	5.89608002	5.26049995	4.03010988	3.61196995	3.50144958	3.43017006	3.09627008	3.27294016	3.75021005	4.16412020	5.07528019	6.11513996	6.48539972	6.75135040	7.05492020	6.92801952	6.97806072	7.33896065	6.93279028	6.19190979	5.93045950	5.39046001	4.53186035	4.63535976	4.88582993	4.44807005	4.12802982	4.15781975	3.87404990	3.65760016	3.67857003	3.41729999	3.08160019	3.05559015	2.89223981	2.48705983	2.42657995	2.39580011	2.08800006	1.80873001	1.62656999	1.35324013	1.18304992	1.10663998	0.933209956	0.753299952	0.709290028	0.660780013	0.555659950	0.514980018
-28.0000000	0.584820032	0.484470040	0.414450020	0.379170030	0.325259984	0.271349996	0.200520009	0.145530000	0.115830012	9.30600017E-02	7.17299953E-02	5.90400025E-02	4.84200008E-02	3.91499996E-02	2.96999961E-02	3.61800008E-02	6.84000030E-02	0.171900004	0.330929965	0.454320014	0.513270020	0.624059975	0.961199999	1.49544013	1.95129001	2.20904994	2.45718002	2.92400980	3.64229989	3.96009016	4.92623997	5.28759003	3.85317016	3.30083990	3.11445022	2.58750010	2.08305001	1.93553996	2.02032018	2.10798025	2.09015989	2.03894997	1.99133992	2.12525988	2.50190997	2.92896008	3.27365994	3.56409001	3.63680983	3.63681006	3.62151003	3.67838979	3.72905993	3.71411991	3.70907974	3.76002002	3.75867009	3.67893028	3.76362038	3.80276990	3.63194990	3.42477036	3.29183984	3.24098992	3.22928977	3.16359019	3.05909991	2.98502994	2.96504998	2.98674011	2.97287989	2.89818001	2.79935980	2.73095989	2.70072007	2.74833012	2.80628991	2.70297027	2.62611008	2.67480016	2.79450011	2.83212018	2.79135036	2.68046975	2.52332973	2.40345001	2.35601997	2.30930996	2.24963999	2.13003016	1.88883007	1.72998011	1.62611997	1.55771995	1.52235007	1.52073002	1.58498991	1.68047988	1.72538996	1.67679012	1.58391023	1.50974989	1.50803995	1.43622005	1.27304995	1.06757998	0.927450061	0.847440004	0.812430024	0.750239968	0.693270028	0.664200008	0.670590043	0.673650026	0.682740033	0.764460027	0.903509974	0.996210039	1.05506992	1.12598991	1.19537997	1.21203005	1.25073004	1.20078003	1.10177994	0.969659984	0.812070012	0.661320031	0.563220024	0.523980021	0.514980018	0.520380080	0.512010038	0.453599989	0.371160030	0.314910024	0.258480012	0.224280015	0.223560005	0.240660012	0.289530039	0.346769989	0.389880002	0.458460003	0.617220044	0.775619984	0.814320147	0.881370068	1.08261013	1.14930010	1.04876995	1.48049998	2.43215990	3.50522995	4.31450987	4.09041023	3.17619014	2.59442973	2.56104016	2.68119001	2.71017003	2.72502017	2.77910972	2.79665995	2.75355005	2.69828987	2.68794012	2.61711001	2.64348006	2.70485973	2.68181992	2.57130003	2.57723999	2.71773005	2.76209998	2.67525005	2.62493992	2.69001007	2.88251996	3.13650012	3.21723008	3.23909974	3.28193998	3.28526998	3.24467993	3.21939015	3.31254029	3.49875021	3.74507999	4.06142998	4.38291025	4.59522009	4.70052004	4.81724977	4.97304010	5.10407972	5.19164991	5.16248989	5.14601994	5.17976999	5.18318987	5.12918997	5.05160952	4.97367048	4.98392963	5.07105017	5.19786024	5.42754030	5.65047026	5.65712976	5.61393023	5.61393023	5.60087967	5.49566984	5.52582026	5.73075008	5.79743958	5.75010014	5.79006004	5.93091011	6.07652998	6.24338961	6.39333010	6.34022951	6.10667992	6.14538002	6.24113989	6.31116009	6.41025019	6.26426983	5.90103006	5.67746973	5.52590990	5.31117010	5.06942940	4.76936913	4.33421993	3.98250008	3.81941986	3.75930023	3.67641020	3.97359037	4.15376997	4.06016970	3.89142036	3.70871997	3.56094003	3.44555974	3.38633990	3.32748008	3.18654013	2.99808025	2.83527017	2.71575022	2.48904014	2.29868984	2.32254004	2.16162014	1.90026009	1.82564998	1.74590993	1.53882003	1.37213993	1.29600000	1.19600999	1.06668007	0.983250022	0.891269982	0.733949959	0.656099975	0.666809916	0.534959972	0.473940015	0.498869985	0.442439973	0.376019984	0.343979985	0.293669999	0.233820006	0.190980002	0.137879997	9.40499976E-02	9.32399929E-02	6.66900054E-02	1.71900000E-02	8.54999945E-03	5.76000009E-03	5.22000063E-03	2.33999989E-03	1.56599991E-02	0.298979998	1.76688015	4.02777004	4.89320993	4.74444008	4.43664026	3.65399957	3.55733991	4.04630995	3.86873984	3.49352980	3.77235007	3.65355015	3.56039977	3.97403979	4.40883017	4.52447987	4.69817972	5.23638010	5.97654009	6.39332962	5.64785957	4.31568003	3.55859995	3.59189987	3.35385036	2.97566986	3.31641006	3.95604014	4.47183037	5.23331976	6.02171946	6.36596966	6.64739990	7.04573965	7.09082985	6.95196009	7.23366022	7.24149084	6.69249010	6.29586029	5.82651043	5.05736971	4.78925991	4.68252039	4.34150982	4.10850000	4.07753992	3.99141002	3.88511968	3.86630964	3.72267032	3.44465995	3.34647012	3.14225984	2.70188975	2.56068015	2.55437994	2.33882999	2.15784001	2.01239967	1.74528003	1.52631009	1.41002989	1.24695003	1.05399001	0.947700083	0.853200018	0.715949953	0.630629957
-29.0000000	0.696510017	0.613979995	0.549000025	0.485819966	0.407700002	0.351089954	0.289349973	0.212939993	0.162629992	0.136619985	0.109710000	8.33400041E-02	7.33499974E-02	7.34399930E-02	6.13799952E-02	4.88699973E-02	5.69700003E-02	9.87300053E-02	0.242549986	0.411480039	0.466560006	0.500940025	0.705060005	1.10133004	1.45089006	1.52955008	1.72422004	2.75679040	4.83965969	6.07571983	7.04232025	5.42411995	3.99572992	3.60413980	3.07106996	2.35386038	1.96668005	1.91691005	1.98297000	2.03634000	2.11724997	2.19681001	2.14415979	2.09438992	2.27124000	2.52773976	2.63249993	2.71035028	2.81582999	2.97836971	3.20336986	3.32576990	3.37112999	3.41180968	3.48335981	3.58982968	3.58218002	3.43665004	3.44799018	3.58298993	3.54006004	3.57273006	3.48920965	3.37508988	3.21678019	3.05540967	2.90564990	2.78189993	2.73123002	2.77164006	2.82240009	2.80656004	2.68578029	2.53413010	2.40182996	2.45682001	2.45718026	2.41470003	2.42765999	2.44916987	2.58327007	2.77011013	2.84210992	2.75156975	2.55393004	2.34440994	2.21291995	2.18376017	2.18258977	2.06081986	1.86732006	1.71998990	1.59768009	1.49642992	1.42884004	1.39806008	1.40670002	1.47959983	1.56096017	1.56465006	1.49084997	1.40679002	1.36800003	1.32678008	1.22363997	1.06280994	0.946890056	0.867780030	0.809909999	0.745559990	0.657090008	0.598140061	0.572130024	0.576359987	0.621360004	0.720180094	0.886680007	1.03130996	1.10150993	1.16360998	1.22453988	1.26998997	1.26414013	1.21581006	1.13165998	1.01997006	0.908820033	0.787500024	0.651780009	0.540449977	0.487350017	0.458730012	0.423630029	0.383940041	0.350190014	0.314550042	0.248219997	0.213930011	0.235170007	0.255329996	0.275850028	0.313830018	0.382319987	0.466200024	0.579869986	0.750870049	0.921780050	1.08036005	1.21896005	1.16748011	1.10052001	1.75644016	2.72385001	3.47742033	4.03812027	3.96377993	3.30866981	2.70989966	2.41704011	2.39093995	2.48633981	2.58758998	2.75634003	2.89872026	2.79009008	2.59911013	2.60513973	2.59811997	2.60973001	2.68461013	2.65752006	2.53548002	2.52900028	2.63078976	2.69550014	2.70026994	2.67390013	2.62251019	2.68127990	2.91897011	2.94452977	2.93580008	3.01364994	3.17897987	3.24647999	3.20822978	3.21156001	3.32000995	3.49172997	3.73436975	3.95433044	4.08158970	4.20677996	4.39488029	4.53212976	4.56119967	4.67144966	4.78800011	4.87295961	4.97744989	5.00355005	4.97744989	4.91003990	4.83488989	4.83659935	4.84920025	4.85423994	4.99662018	5.24484015	5.42483997	5.53554058	5.60114908	5.65469933	5.54076052	5.49891043	5.60807991	5.60367060	5.55147028	5.60879993	5.74847984	5.89094973	5.99048996	6.01686001	5.99516964	6.00651026	5.98301983	5.89949989	5.80310965	5.84927988	5.80635023	5.62851048	5.47415972	5.31908989	5.14296007	4.98357010	4.83867073	4.55714989	4.24422026	4.05225039	3.82905030	3.64689016	3.92085004	4.14602995	3.97943997	3.87638998	3.78278971	3.61305022	3.48128986	3.48137999	3.42674971	3.24819016	3.18132019	3.19005036	2.91267014	2.49912000	2.46879005	2.48184013	2.24171996	2.14677000	2.13948011	2.00898027	1.78137016	1.61541009	1.50975013	1.37799001	1.26585007	1.17864001	1.02464998	0.822239995	0.781920016	0.783270061	0.649979949	0.598410010	0.597509921	0.530099988	0.487170041	0.438929975	0.348839968	0.283590019	0.246959999	0.178380013	0.124559999	0.117270008	8.04600045E-02	2.63700001E-02	1.81799997E-02	1.06199998E-02	4.32000030E-03	1.53000001E-03	5.89500032E-02	0.632520020	2.33738995	3.69216013	3.34467006	3.38777995	3.77747989	3.18311954	3.19365001	3.77342987	3.42224979	3.06908989	3.42539978	3.48174000	3.37472963	3.71250010	4.07429981	4.25493002	4.51979971	4.84865999	5.01750040	4.89753008	4.39496994	3.51368999	3.06045008	3.15063000	3.05999994	2.95452023	3.52728009	4.26473999	4.62779999	5.11091995	5.82785988	6.26337004	6.57495022	7.00200033	7.10271025	6.87851954	6.90705013	7.00551081	6.60924006	6.27416945	6.04502964	5.44653034	4.96719027	4.79394007	4.56255054	4.28148031	4.11533976	4.02065992	3.95324993	3.96603012	3.94694996	3.72770977	3.55958986	3.39974976	2.93292022	2.66795993	2.59992003	2.48237967	2.34917974	2.25198007	2.08484983	1.90727997	1.79162991	1.64529002	1.43946004	1.27259994	1.10978997	0.934829891	0.813689947
-30.0000000	0.887219906	0.762210071	0.670859993	0.576720059	0.483120054	0.418860018	0.366390020	0.299249977	0.230850011	0.183149993	0.148680001	0.117360003	9.93599892E-02	0.106290005	0.103320017	8.19000080E-02	7.52400011E-02	0.123030007	0.223290011	0.410939991	0.478799999	0.473399997	0.544320047	0.766980052	1.04174995	1.25765991	1.74032998	3.25682998	5.78249979	7.79157019	8.13086987	5.18561983	3.75624037	3.33404994	2.75364017	2.26691985	2.07306027	1.99322999	1.91384995	1.86552000	1.91574013	2.00826001	2.01437998	1.96496999	1.97001004	2.08835983	2.22956991	2.47149014	2.67804003	2.89556980	3.09663010	3.17744994	3.18113995	3.18879032	3.26160002	3.36410999	3.38508010	3.30263972	3.24135017	3.29148030	3.33152962	3.45041966	3.47580004	3.43178988	3.26529002	3.02642989	2.78883028	2.59785008	2.47724986	2.48031020	2.57714987	2.67210007	2.65590000	2.51010013	2.36520004	2.36556005	2.29886985	2.25081015	2.24675989	2.26107001	2.32659006	2.47401023	2.56652975	2.53637981	2.42838001	2.27114987	2.12436008	2.07945013	2.05226994	1.93167007	1.77308989	1.71207011	1.60794008	1.47554994	1.33704007	1.27377009	1.29042006	1.36386001	1.41470993	1.37691009	1.29032993	1.22741997	1.19394004	1.16964006	1.13589001	1.06470013	0.971639991	0.883799911	0.810269952	0.744210064	0.654209912	0.570329964	0.530640006	0.537750006	0.590220034	0.687330067	0.849960029	1.00332010	1.10339999	1.19268012	1.24947000	1.26350999	1.21895993	1.16649008	1.08297002	0.979379952	0.912869990	0.870120049	0.776520073	0.647280037	0.550980031	0.499500006	0.447569996	0.410400033	0.378630042	0.323370010	0.255419999	0.237420008	0.273959994	0.308340043	0.307980031	0.345960021	0.438840061	0.543240070	0.637110054	0.789750040	1.03293014	1.25207996	1.26495004	1.20500994	1.35530996	2.45025015	3.54896998	3.97214985	4.17006016	4.03361988	3.48740959	2.94777012	2.60108995	2.46680975	2.50928998	2.56374002	2.58327007	2.71665001	2.78649020	2.65095019	2.51000977	2.51154017	2.52954006	2.52405000	2.46437979	2.41362023	2.41244984	2.43764997	2.44944024	2.46735001	2.50668001	2.50938010	2.55734992	2.69108987	2.76254988	2.77056003	2.83175993	2.99042988	3.11075974	3.12200999	3.13712978	3.18447018	3.28797007	3.46194005	3.65030980	3.75182986	3.78342009	3.86801982	4.00176001	4.13100004	4.32981014	4.51070976	4.65363026	4.79214001	4.80033064	4.75874996	4.75623035	4.77945042	4.74776983	4.66920042	4.59611988	4.61969995	4.74453020	4.92606020	5.19362974	5.37893963	5.45013046	5.39523029	5.38505983	5.40854979	5.42717981	5.40954018	5.42385006	5.49234009	5.63300991	5.75711966	5.74127960	5.66666985	5.79482985	5.92784977	5.74325943	5.51933956	5.36777973	5.21892023	5.17346954	5.16654015	5.11866045	4.98860979	4.82013035	4.67910004	4.47363043	4.23504019	4.11335993	3.93840003	3.71673012	3.82635045	3.89286017	3.78450012	3.72573018	3.73257017	3.65480995	3.55265951	3.53690982	3.45635986	3.24899983	3.17808008	3.21893978	3.04992008	2.85552001	2.87631011	2.73419976	2.45834994	2.42514014	2.41749024	2.23245025	2.04687023	1.93707001	1.80107987	1.65509987	1.55780983	1.42262995	1.21077001	1.05056977	0.996840000	0.888569951	0.818910003	0.812250078	0.700739980	0.577259958	0.557820022	0.505350053	0.393480033	0.350369990	0.332550019	0.241470024	0.166320011	0.142650008	8.13599974E-02	4.43700030E-02	3.93299982E-02	2.42099985E-02	6.56999974E-03	2.79000006E-03	0.111060001	0.939150035	2.42505002	2.67552018	2.36259007	3.45798016	4.21182013	2.96585989	2.70944977	3.48462009	3.19185019	2.86082983	3.36924028	3.48795033	3.27105021	3.35106015	3.55481982	3.74102974	3.88170004	3.72267008	3.33566999	3.04946995	2.89961982	2.86496997	2.80925989	2.94804001	3.02921987	2.98629022	3.42405009	4.02452993	4.37660980	4.84991980	5.57226038	6.07590008	6.34671021	6.58656025	6.65838003	6.54839993	6.60573006	6.69563961	6.38837910	6.23240995	6.15564013	5.67854977	5.23160982	5.05646992	4.84811974	4.52817011	4.31459999	4.19490004	4.06287003	4.00859928	3.98483992	3.78440976	3.53348994	3.39488983	3.13181996	2.81151009	2.71889997	2.67210007	2.56887007	2.49714017	2.36240983	2.14019990	1.97397006	1.88279998	1.74815989	1.55259001	1.34477997	1.16487002	1.02158999
-31.0000000	1.10007012	0.988110006	0.821430087	0.677250028	0.570869982	0.502649963	0.450180054	0.396360010	0.339659989	0.274679959	0.217620030	0.184230000	0.165960014	0.158220008	0.145349994	0.127350003	0.114390001	0.133919999	0.188730001	0.323280007	0.457559973	0.541889966	0.619110048	0.809100032	1.16424000	1.58922005	2.20274997	3.52223992	5.39216948	6.83766031	5.89536047	3.77297997	3.08474994	2.81402993	2.47932005	2.27627993	2.22425985	2.16161990	2.00817013	1.83888006	1.78416002	1.87173009	1.93608010	1.85732996	1.84590006	1.91970003	2.06891990	2.32703996	2.62421989	2.86083007	3.04245019	3.18825006	3.26069999	3.21884990	3.17627978	3.19445992	3.24953985	3.28544998	3.23208022	3.17394018	3.12263989	3.18932986	3.26799011	3.30677986	3.28400993	3.17690969	2.95272017	2.68524003	2.47004986	2.36592007	2.38194013	2.46348000	2.48760009	2.36807990	2.22398996	2.18826008	2.17620015	2.17512012	2.19266987	2.16369009	2.16981006	2.20355988	2.25234008	2.27996993	2.25332975	2.17260027	2.07927012	2.00709009	1.93085992	1.86300004	1.72872007	1.70973027	1.66211987	1.56284988	1.39716005	1.28924990	1.27070999	1.29869998	1.30949998	1.25199008	1.16009998	1.09916997	1.07946002	1.03823996	1.02582002	1.01952004	0.998730063	0.928799987	0.864090025	0.791909933	0.704519987	0.625050068	0.574019969	0.563400030	0.600210011	0.671760023	0.790470004	0.909540057	1.01069999	1.12382996	1.26198006	1.32039011	1.26477015	1.21635008	1.12689006	1.01511002	0.945719957	0.920520008	0.851669967	0.729539990	0.618210018	0.552780032	0.491400003	0.461790025	0.451440036	0.367920011	0.295560032	0.287369996	0.334170043	0.377460003	0.397080034	0.451799989	0.553679943	0.625320017	0.680129945	0.828810096	1.09359002	1.30464005	1.28141999	1.26819015	1.62341988	2.67480016	3.80583024	4.14242935	4.26906013	4.06088972	3.48192024	2.95848012	2.67623973	2.55509996	2.52054000	2.48030972	2.44988990	2.57094002	2.75039983	2.70369005	2.53863025	2.46807003	2.40236998	2.31101990	2.25764990	2.22912002	2.23272014	2.28951001	2.35872006	2.39597988	2.43945003	2.50694990	2.58083987	2.60126972	2.61143994	2.65356016	2.67507005	2.77425003	2.92644024	2.97683978	2.96873975	2.96612978	3.02796006	3.18465018	3.36474013	3.49694967	3.58154988	3.64976978	3.72519016	3.85920000	4.10688019	4.35069036	4.48893023	4.55120993	4.54329014	4.49514008	4.46454000	4.49028015	4.50567055	4.47605991	4.42539024	4.39604950	4.41215992	4.54598999	4.76244020	4.93866014	5.11290026	5.18670034	5.27975988	5.39280033	5.46624041	5.47244978	5.43257999	5.36093998	5.37750006	5.52473974	5.58396053	5.55956984	5.70555019	5.87655020	5.70042038	5.52573013	5.31764984	5.06339979	4.98347998	4.99968052	4.98600006	4.92264032	4.78628969	4.55877018	4.32188988	4.14278984	4.07889032	3.95837975	3.81284976	3.84489012	3.83067012	3.75119996	3.73554015	3.77009964	3.70971036	3.57435012	3.44870996	3.33738041	3.18374991	3.12119961	3.10292983	3.06099010	3.12084007	3.12642002	2.81339979	2.56311011	2.58498001	2.52513003	2.29535985	2.16630006	2.11535978	1.99700999	1.89810014	1.83528006	1.67147994	1.44558001	1.40823007	1.32354009	1.11023998	1.05552006	1.05030000	0.865439892	0.687780023	0.656820059	0.584100008	0.466110021	0.447659969	0.431190014	0.306989998	0.223020017	0.203040004	0.114660002	7.65000060E-02	8.29800069E-02	4.38300036E-02	1.61099993E-02	1.02600008E-02	0.147959992	1.03293002	2.12175012	1.66797006	1.76831996	3.85155010	4.84721947	3.02085018	2.39624977	3.12452984	3.19886994	3.03633022	3.44898033	3.53744984	3.34395003	3.40587020	3.56004000	3.59919000	3.49226999	3.18833971	2.75985003	2.48165989	2.61477017	2.89539003	2.84336996	2.85768008	2.87387991	2.86173034	3.18554974	3.63906026	4.01291990	4.49495983	5.14916992	5.66567993	5.94747019	6.18750048	6.32366991	6.22934961	6.27911997	6.39278984	6.28731012	6.27714062	6.23124027	5.81373024	5.36093998	5.17365026	4.93722010	4.61745024	4.40405989	4.30118990	4.20380974	4.13451004	4.08284998	3.89141989	3.60629988	3.53286004	3.43700981	3.09015012	2.89170027	2.83932018	2.74509001	2.63411999	2.52045012	2.29689002	2.04462004	1.89801002	1.80458999	1.65960002	1.46169007	1.34181011	1.21796989
-32.0000000	1.26135015	1.18467009	1.02797997	0.832320035	0.704069972	0.621539950	0.543060005	0.486000001	0.454589993	0.398070008	0.328410000	0.292139977	0.277650028	0.244799986	0.198270023	0.195660010	0.184320018	0.170369998	0.198540017	0.285030007	0.491400033	0.708750010	0.859319985	1.09152007	1.56249011	2.19357014	2.90114975	3.78539991	4.70295000	4.64616013	3.34494019	2.71953034	2.69136000	2.58092999	2.41803002	2.35728002	2.35223985	2.29382968	2.18096995	2.08026004	2.02464008	2.03247023	2.05191016	1.96704018	1.94517004	2.00771999	2.07486010	2.22633004	2.48742008	2.71053004	2.91428995	3.10661983	3.21722984	3.19356012	3.13316989	3.12624002	3.20678997	3.33422971	3.29129982	3.14388013	3.09420013	3.15899992	3.25178981	3.28202987	3.26951981	3.21767998	3.05856013	2.81402993	2.58209991	2.43080997	2.36700010	2.38356018	2.39174986	2.29787993	2.17593002	2.11445999	2.08656001	2.08728004	2.12363982	2.11293006	2.08341002	2.05182004	2.07765007	2.13578987	2.13840008	2.06990981	1.99052989	1.91979003	1.85634005	1.81511998	1.74168003	1.70262003	1.67229009	1.63008010	1.53107989	1.41894007	1.34549987	1.30761003	1.27502990	1.20357001	1.10412002	1.02995992	0.992160082	0.943020046	0.920790017	0.913410008	0.947699964	0.963899970	0.932490110	0.860849917	0.780569971	0.710009933	0.652140021	0.631709993	0.675450027	0.746100008	0.799740016	0.900450051	1.01556003	1.10934007	1.24236000	1.34684980	1.39176011	1.38249004	1.28303993	1.13885999	1.05129004	0.999719977	0.922410011	0.812340081	0.696960032	0.611099958	0.526860058	0.493200004	0.508229971	0.431010008	0.376380026	0.367020041	0.402750045	0.435780048	0.465120018	0.521820009	0.585359991	0.599219978	0.640080035	0.836189985	1.15190995	1.35719991	1.35630012	1.45701003	1.79874003	2.42792988	3.13812017	3.64887023	4.02902937	3.99825025	3.44799042	2.90754008	2.60909986	2.45259023	2.38410020	2.35188007	2.40731978	2.53800011	2.68676996	2.67858005	2.61431980	2.50020027	2.40399027	2.30633998	2.25071979	2.24820018	2.28726006	2.36276960	2.43467999	2.43449998	2.42198992	2.49362993	2.59434009	2.60360980	2.51963997	2.52801037	2.56301999	2.63988018	2.81249976	2.88566995	2.86775994	2.83365011	2.83670998	2.91528010	3.05937004	3.24818993	3.41487002	3.47337008	3.53285956	3.65984988	3.82769990	4.04135990	4.13180971	4.13153982	4.12874985	4.12064981	4.10202026	4.08347988	4.10399961	4.19669962	4.24610996	4.19939995	4.18589973	4.22009993	4.29695988	4.45077038	4.72103977	4.87728024	4.94099951	5.05043983	5.19209957	5.28561020	5.33943033	5.31333017	5.24150991	5.26049995	5.34860992	5.45300961	5.63741922	5.81453991	5.72319031	5.55497980	5.35535955	5.06853008	4.90680027	4.88051987	4.84911013	4.83128977	4.81401014	4.66794014	4.38119984	4.11461973	4.00949955	3.90906000	3.76281023	3.82806015	3.80925012	3.70998001	3.69818997	3.74354982	3.72077990	3.61152005	3.44204998	3.28365064	3.22335052	3.24954033	3.21866989	3.13857007	3.12633014	3.02454019	2.78055000	2.70981002	2.78081989	2.62916994	2.38302016	2.27421021	2.18852997	2.06369996	2.04273009	2.07585001	1.92969000	1.70352006	1.70766008	1.64736009	1.37088001	1.29870009	1.25397003	1.01411998	0.859049916	0.825480044	0.694260001	0.556110024	0.546300054	0.504360020	0.354599983	0.298980027	0.301949978	0.166769996	0.105390005	0.131580010	7.62300044E-02	3.57300006E-02	3.14100012E-02	0.197370023	1.11276007	2.03499007	1.41084015	1.55178010	3.71555972	4.77035999	2.99124002	2.21337008	2.82834005	3.23613024	3.28571987	3.51440978	3.55410004	3.46535993	3.54653978	3.58668017	3.44195986	3.21848989	2.98745990	2.71089005	2.56013989	2.73627019	2.94993019	2.85974979	2.80880976	2.86101007	2.84696984	3.09329987	3.47454023	3.78549004	4.13333988	4.60241985	5.05457973	5.37407970	5.67989969	5.91380978	5.89517975	5.85702038	5.90966940	5.89311028	5.89257002	6.04080057	5.87024975	5.54129982	5.29487991	5.03730011	4.74155951	4.52150965	4.38948011	4.23846006	4.14314938	4.13126945	4.00986004	3.80637002	3.72527981	3.65039992	3.33036017	3.10734010	2.99430013	2.85542989	2.73339009	2.64302993	2.45429993	2.20131016	2.01068997	1.87199998	1.71170998	1.56626987	1.46744990	1.35233998
-33.0000000	1.46124005	1.37340009	1.24200010	1.05804002	0.940049946	0.831689954	0.708390057	0.616320014	0.575549960	0.530999959	0.472770005	0.431729972	0.413099945	0.360989988	0.287910014	0.288990021	0.290610015	0.283859968	0.322200030	0.400320023	0.620640039	0.934380054	1.15893006	1.38707983	1.80188990	2.34270000	2.90249991	3.46724987	3.71808028	3.22937989	2.69721007	2.66336989	2.67948008	2.53314018	2.49101996	2.51999998	2.49831009	2.40498018	2.31722999	2.28617978	2.30102992	2.31983995	2.25846004	2.17133999	2.14929008	2.23668027	2.28887987	2.36933994	2.52017975	2.66867995	2.75535035	2.84211016	2.93570995	2.98763967	3.01599002	3.03372002	3.09950995	3.21309018	3.22586989	3.12137985	3.13163996	3.16692042	3.20202017	3.20391011	3.17402983	3.08024979	2.93804979	2.77596021	2.63943005	2.53449011	2.45411992	2.40416980	2.36087990	2.30193019	2.21391010	2.17170000	2.15693998	2.14568996	2.09295011	2.02364993	1.96856999	1.94490004	1.96407008	1.99440002	1.98548996	1.94220006	1.88640010	1.83177006	1.77507019	1.72484994	1.70019007	1.62396026	1.59057009	1.60173011	1.59534001	1.52037013	1.42569005	1.34388018	1.27602005	1.20042014	1.10916007	1.02591002	0.970830023	0.932400048	0.909630060	0.870570004	0.878130019	0.918810129	0.924300015	0.892800033	0.849780023	0.807569981	0.754919946	0.733320057	0.783720016	0.863369882	0.933120012	1.07262015	1.23120010	1.31759989	1.33469999	1.35818994	1.44360006	1.49102998	1.42479002	1.28214002	1.16298008	1.07324994	0.970920086	0.849510014	0.737549961	0.648179948	0.572849989	0.537839949	0.575910032	0.508050025	0.489690006	0.477180004	0.507690012	0.524520040	0.534240007	0.553319991	0.564839959	0.576810002	0.674460053	0.916920006	1.18476009	1.33397996	1.43343008	1.72457993	2.12372994	2.40768003	2.74320006	3.29904008	3.85181999	3.89529014	3.48210001	3.09545970	2.84841013	2.61909008	2.44079995	2.36619020	2.41173005	2.51900983	2.61944985	2.63141990	2.59703970	2.50128007	2.43351007	2.36555982	2.30499005	2.25666022	2.24667025	2.27591991	2.30904007	2.30309987	2.32451987	2.41380024	2.49579000	2.52936006	2.52108002	2.51279998	2.55150032	2.60360980	2.71196985	2.80188012	2.82582021	2.81843972	2.80404019	2.81771994	2.88755989	3.02535009	3.20517039	3.28364968	3.31397986	3.40955973	3.50586009	3.63275981	3.65687990	3.71664000	3.77405977	3.84084010	3.86774993	3.82689023	3.79323006	3.82581019	3.86162996	3.85154963	3.83921981	3.82797027	3.80807996	3.90708017	4.24872017	4.55058002	4.70889044	4.76028013	4.81454992	4.86522007	4.92102003	4.99806023	5.03747988	5.08130980	5.15637016	5.24835014	5.36877012	5.52581978	5.52015018	5.45778036	5.23097992	5.03828955	4.93128014	4.86297035	4.79987955	4.77467966	4.78817987	4.72850990	4.52799034	4.27356005	4.11092997	3.98357987	3.86684990	3.83067036	3.75731993	3.66218996	3.61331987	3.60396004	3.59945989	3.57524991	3.49172974	3.34340978	3.26933980	3.31244993	3.34682989	3.27491999	3.17934012	3.05343032	2.89116025	2.85084009	2.85444021	2.69324994	2.50092030	2.41245008	2.26223993	2.08629012	2.06604004	2.10158992	2.00060987	1.84670985	1.84536004	1.77686989	1.54179013	1.53072000	1.45665002	1.16073000	1.01195991	0.976049960	0.825389981	0.695880115	0.673559964	0.578339994	0.410490006	0.381959975	0.385650009	0.207990006	0.129060015	0.182970002	0.128160015	7.08300024E-02	6.73200116E-02	0.207269996	0.963449895	1.75661993	1.27700996	1.30841994	3.02796006	4.10777998	2.76075006	2.07540011	2.67983985	3.30354023	3.36590981	3.40595984	3.56480980	3.64085984	3.73005009	3.61260009	3.27645016	2.94425988	2.78091002	2.72106028	2.71178985	2.83436990	2.89548016	2.85839987	2.99070024	3.21020985	3.15954018	3.20139027	3.45077991	3.66020989	3.90851974	4.23783016	4.52771997	4.81140041	5.16411018	5.43420029	5.48549986	5.48558998	5.53787994	5.53796959	5.49485970	5.63409042	5.65092039	5.54391003	5.35212040	5.11695004	4.90275002	4.72463989	4.56606007	4.39506006	4.27365065	4.21991968	4.12677002	3.96026969	3.86028028	3.78459001	3.53619003	3.28472996	3.14739013	2.96028018	2.81349015	2.72519994	2.59460998	2.40786004	2.23154974	2.05110002	1.85732996	1.73231995	1.64844000	1.53396010
-34.0000000	1.68030012	1.60371006	1.46807981	1.29527998	1.18350005	1.07396996	0.924839973	0.794969976	0.713339984	0.648090005	0.594449997	0.564750016	0.537120044	0.484110028	0.432810009	0.425789982	0.406890005	0.435150027	0.527760029	0.623789966	0.793889999	1.06028998	1.25010002	1.39085996	1.59795010	1.79838002	1.95588005	2.17512012	2.41830015	2.50397992	2.54259038	2.61684012	2.53620005	2.43864012	2.52189016	2.65869021	2.67281985	2.56427979	2.47617030	2.44709992	2.44340992	2.44719005	2.41307998	2.39552999	2.36375999	2.40569997	2.44620013	2.45591998	2.53008008	2.62970996	2.63997006	2.62746024	2.67849016	2.77838969	2.85794997	2.88414001	2.92202997	3.01823974	3.04577994	2.91897011	2.95514989	2.97404981	2.96828985	2.92400980	2.93265009	2.87766027	2.76633000	2.66751003	2.61729002	2.59082985	2.55311990	2.49002981	2.43440986	2.37447000	2.25693011	2.16125989	2.14038014	2.13875985	2.08187985	1.97964001	1.89728999	1.87541986	1.88703001	1.87550998	1.82727003	1.78074002	1.77614999	1.79459989	1.75995004	1.69946992	1.65987003	1.57797015	1.51668012	1.51559997	1.52837992	1.49931002	1.43460000	1.37124026	1.32318008	1.27881002	1.21959007	1.14111006	1.06182003	1.00583994	0.966690004	0.931769967	0.901530027	0.908189952	0.900269985	0.879389942	0.873180091	0.867959917	0.838259995	0.819539964	0.866790056	0.957149982	1.04418004	1.20437992	1.35125995	1.39112997	1.42686009	1.39778996	1.45503008	1.51443017	1.47717011	1.36440003	1.21491003	1.08585000	0.963449895	0.850229979	0.771839976	0.703980029	0.624239981	0.575010061	0.611370027	0.614339948	0.578970075	0.616590023	0.608669996	0.617850065	0.615420043	0.590849996	0.571139991	0.611189961	0.743940055	0.915929973	1.02284992	1.08261013	1.30734003	1.86173975	2.46969008	2.65779018	2.84202003	3.33234024	3.72762012	3.67389011	3.49596000	3.44888973	3.35988021	3.05522990	2.67750025	2.44179010	2.40894008	2.48795986	2.62584019	2.63573980	2.49687004	2.34333014	2.31659985	2.33064008	2.26853991	2.12975979	2.04425979	2.08565998	2.23307991	2.40669012	2.54340005	2.61999035	2.55456018	2.46275997	2.43531013	2.50397992	2.55293989	2.63979006	2.69406009	2.77065015	2.81681991	2.83077002	2.85066009	2.87837982	2.92499995	3.00330019	3.10211992	3.10751987	3.07430983	3.19437003	3.30641985	3.40568995	3.35204983	3.33027029	3.41487026	3.56957984	3.67199969	3.65544009	3.59361005	3.54383969	3.49712992	3.48642015	3.48318005	3.51495004	3.50919008	3.53061008	3.76866007	4.07609987	4.34474993	4.47533989	4.50036001	4.48082972	4.51197004	4.60269022	4.68873024	4.80591011	4.95188999	5.02658987	5.03550005	5.09166002	5.10048008	5.11677027	5.00301027	4.92686987	4.85793018	4.76109028	4.67991018	4.65453005	4.65210009	4.62590981	4.53888035	4.35437965	4.19291973	4.07951975	4.02147007	3.92850041	3.84335971	3.74237990	3.67254019	3.58910990	3.51216006	3.47157001	3.46536016	3.42243004	3.33053970	3.29210973	3.27473974	3.25512004	3.26511002	3.17438984	2.97774005	2.85903001	2.83815002	2.72303987	2.59658980	2.52404976	2.38185000	2.19438004	2.09402990	2.05730987	1.99080002	1.92978013	1.90881002	1.80242991	1.62720001	1.67867994	1.61811006	1.34640002	1.17152989	1.07828987	0.923400044	0.831779957	0.820079923	0.699209988	0.522450030	0.501929998	0.482400030	0.277379990	0.175949991	0.231480002	0.194580019	0.148320004	0.144810006	0.230130032	0.700380027	1.31508005	1.12076998	1.07270992	2.07504010	2.87766004	2.27087998	2.03688025	2.74968004	3.44826007	3.41532016	3.31505990	3.48732018	3.63338995	3.66668987	3.51701975	3.20309997	2.92401004	2.82014990	2.85686994	2.92014027	3.00554991	3.03048015	3.00798011	3.16790986	3.48246002	3.51225019	3.43943977	3.53583002	3.64437008	3.82419038	4.06188011	4.23386955	4.37679005	4.59738016	4.84334993	5.00579977	5.08328962	5.18094015	5.22044992	5.16942024	5.17283964	5.20578003	5.22585011	5.17221022	5.04855013	4.89167976	4.74605989	4.61690998	4.47677994	4.34763002	4.26690006	4.21730995	4.13432980	4.02875996	3.87729001	3.67010975	3.46968007	3.34268975	3.15063000	2.94957018	2.81817007	2.73069000	2.62980008	2.50848007	2.34171009	2.12994003	1.95012009	1.83284986	1.74789000
-35.0000000	1.87353003	1.80116999	1.69343996	1.50884998	1.36556995	1.26332986	1.13607001	1.00871992	0.899280012	0.797670066	0.717750013	0.673559964	0.634769976	0.601469994	0.604799926	0.618210018	0.587969959	0.603179991	0.700920045	0.806670010	0.899909973	0.985679924	1.04184008	1.11401999	1.23623991	1.34999979	1.45827019	1.64889002	1.93005002	2.15144992	2.29931998	2.40318012	2.39436007	2.40074992	2.54484010	2.72151017	2.76282001	2.71034980	2.69055009	2.67705011	2.60694003	2.51819992	2.47166991	2.49308991	2.49578977	2.56833005	2.63384986	2.55590987	2.52683997	2.57957983	2.58263993	2.54825997	2.56526995	2.63016009	2.68199992	2.68766999	2.70845985	2.79657006	2.86974001	2.82204008	2.78829026	2.75814009	2.68811989	2.63195992	2.65427995	2.68119025	2.64420009	2.57733011	2.53287005	2.51810980	2.52486014	2.52639008	2.50740004	2.45385003	2.35385990	2.23415995	2.15315986	2.07801008	2.03418016	1.97468984	1.91573989	1.86210012	1.81961989	1.80117023	1.78676999	1.76363993	1.76553011	1.79982007	1.81016982	1.75743008	1.68804014	1.62287998	1.53566992	1.45763993	1.42685997	1.41804004	1.40346014	1.38293993	1.36440003	1.34802008	1.33910990	1.32209992	1.27745998	1.19573998	1.10295010	1.06938004	1.03859997	0.989550054	0.950580001	0.908280075	0.887579978	0.895590007	0.902970016	0.902340055	0.929609954	0.998910129	1.08512998	1.22345984	1.30752015	1.29078019	1.32623994	1.34657991	1.39373994	1.43009996	1.42101002	1.35954010	1.27745998	1.18188000	1.04984999	0.909810066	0.816389978	0.757619977	0.688499987	0.640260041	0.644130051	0.677609980	0.663839996	0.715589941	0.721620023	0.694530010	0.691919982	0.673380077	0.650070012	0.672390044	0.745380044	0.801629961	0.817650020	0.918540001	1.32075000	2.02391982	2.69270992	2.91051006	2.94947982	3.30120015	3.47795987	3.40866017	3.49227023	3.69566989	3.65669990	3.28625989	2.81502032	2.50371027	2.42396998	2.48327994	2.56887007	2.54663992	2.35341001	2.24271011	2.29067993	2.33766007	2.24063993	2.08700991	2.06387997	2.22749996	2.49498010	2.74086022	2.89413023	2.95056057	2.84741974	2.64410996	2.46339011	2.47571993	2.58021021	2.71961999	2.78523016	2.83419013	2.86919999	2.87774992	2.91149998	2.94668984	2.99096990	3.07134008	3.12686992	3.10976982	3.06765032	3.09149981	3.20499039	3.33071995	3.29841018	3.18798018	3.16592979	3.30291033	3.43574977	3.41046023	3.30740976	3.23487020	3.22263002	3.23703003	3.26880002	3.34683013	3.36528039	3.33557987	3.41406035	3.56796002	3.75191998	3.93713999	4.07358027	4.14629984	4.20596981	4.27103996	4.32404995	4.44050980	4.61853027	4.74822044	4.73193026	4.73139048	4.72805977	4.73408985	4.75892973	4.77359962	4.74848986	4.65875959	4.52663994	4.41512966	4.33395004	4.28328037	4.25573969	4.19085026	4.07015944	3.98601007	3.98429990	3.95477962	3.90464997	3.79997993	3.73653007	3.67209005	3.58190989	3.50153947	3.44636965	3.40299034	3.34376955	3.28175998	3.16655993	3.09860992	3.16197014	3.11219978	2.93616009	2.81925011	2.84759998	2.79279017	2.66787028	2.58191967	2.50047016	2.36888981	2.21984982	2.10203981	2.03076005	2.02436996	1.99278009	1.84167004	1.67894995	1.70405984	1.66490996	1.49490023	1.35180008	1.21302009	1.05309010	0.969660044	0.948599994	0.838710070	0.687689960	0.668070018	0.625679970	0.407519996	0.281969994	0.302939981	0.296640038	0.333269984	0.393210024	0.467460036	0.789389968	1.24127996	1.15335000	1.04409003	1.50209999	1.93580997	1.79189992	1.90161002	2.61279011	3.13560009	3.10968041	3.10832977	3.27050996	3.36023974	3.30246019	3.20103025	3.05720997	2.93715000	2.94210029	3.04110003	3.09914970	3.13829994	3.17736006	3.15017986	3.18482995	3.36924005	3.47237992	3.54303002	3.66291022	3.71664000	3.79115987	3.94389009	4.09536028	4.18896008	4.28579998	4.44887972	4.61564970	4.71095991	4.77629995	4.81446028	4.78853989	4.75487995	4.71006012	4.75128031	4.81283998	4.80708027	4.74695969	4.67396975	4.58118010	4.46283007	4.35042000	4.27769947	4.24206018	4.20218992	4.10345984	3.93623996	3.78027010	3.62204981	3.46211958	3.30200982	3.14756989	3.01689005	2.92130995	2.85570002	2.79585004	2.67317986	2.46311998	2.24981999	2.06297994	1.95138013
-36.0000000	2.09942985	1.96092021	1.84437001	1.70882988	1.55997002	1.43810999	1.33721995	1.25685000	1.16594994	1.05219007	0.959579945	0.914309978	0.882449985	0.841949999	0.827639997	0.871740103	0.904319942	0.899099946	0.932399929	1.00997996	1.08648014	1.11662996	1.13849998	1.20600009	1.31570995	1.47203994	1.68281996	1.90179002	2.07188988	2.17502975	2.34351015	2.53098011	2.65545011	2.71071005	2.76191974	2.78090978	2.74509025	2.74914002	2.81528997	2.85227990	2.80188012	2.70063019	2.63124013	2.62143016	2.64780021	2.71530008	2.78297997	2.71080017	2.62439966	2.62017012	2.63600993	2.61737990	2.61306000	2.63366985	2.62565994	2.58389997	2.56229973	2.60325003	2.71187997	2.78514004	2.75723982	2.68010998	2.55608988	2.46717000	2.45951986	2.50730991	2.53205991	2.49713993	2.44044018	2.40453005	2.40966010	2.44341016	2.46113992	2.45267987	2.43782997	2.38221002	2.30544019	2.19879007	2.08952999	2.01726007	1.97459996	1.92087007	1.86038995	1.83482993	1.83672011	1.82565022	1.81251001	1.82070005	1.83122993	1.81386006	1.76543999	1.72106993	1.62387013	1.52118003	1.43577003	1.40724003	1.42767000	1.45691991	1.45835996	1.43693984	1.41912007	1.41075003	1.39959002	1.34622002	1.26296985	1.22976005	1.23011994	1.17647994	1.08279002	0.998280048	0.950850010	0.940499961	0.963809907	0.986580014	1.00044000	1.03077006	1.09628999	1.18430996	1.24281013	1.26971996	1.27952993	1.28276992	1.30536008	1.31040001	1.32579005	1.33515000	1.31607008	1.27125013	1.18926013	1.07252991	0.952920079	0.852930069	0.764640033	0.707670033	0.684450090	0.679410040	0.701639950	0.732959986	0.781830013	0.788039982	0.778140008	0.799019992	0.811800003	0.821069956	0.838620007	0.869489968	0.974879980	1.25981998	1.83078003	2.47653008	2.78199005	2.81699991	2.85786033	3.08357978	3.18545985	3.22325993	3.44754004	3.66264009	3.55365014	3.20489979	2.88054013	2.66255999	2.52152991	2.45726991	2.46465015	2.42505002	2.37870002	2.40749979	2.44368005	2.36673021	2.20112991	2.10716987	2.19690013	2.36591983	2.44476008	2.46753001	2.53476000	2.70557976	2.85830998	2.83184981	2.66472006	2.53025985	2.59425020	2.73347998	2.87549996	2.93228984	2.95290017	2.97098994	2.99034023	3.02219987	3.05423999	3.09113979	3.12570000	3.15044999	3.14352012	3.13983011	3.18644977	3.31047034	3.33557987	3.22388983	3.08772016	3.10751987	3.20408988	3.19689012	3.08556008	3.00267029	3.03849030	3.11966991	3.19041014	3.28599072	3.26060963	3.20517015	3.24531007	3.28616977	3.36860991	3.47499013	3.59855986	3.74858999	3.89376020	3.99032998	4.03632021	4.11263990	4.25043011	4.41548967	4.50917959	4.53509998	4.50297022	4.46247005	4.45608044	4.52834988	4.58891964	4.54059029	4.42106962	4.28885984	4.16591978	4.04514074	3.95783997	3.90753031	3.88151979	3.84048009	3.85848022	3.85334992	3.82949996	3.76335001	3.71736002	3.68505001	3.60692954	3.52277970	3.45474005	3.39840031	3.35484004	3.31262994	3.20958018	3.09510016	3.07610989	3.03659987	2.90862012	2.82455993	2.81123996	2.76371980	2.65958977	2.58218980	2.54384995	2.49012017	2.40651011	2.31048012	2.20662022	2.13696003	2.07134986	1.92609000	1.80980992	1.73448002	1.67085004	1.57283986	1.49742007	1.38834000	1.24109995	1.13283014	1.05750000	0.954720020	0.854009986	0.817919970	0.759689987	0.588060021	0.470610023	0.468990028	0.512010098	0.699930072	0.933030069	0.918090105	0.972630024	1.11761999	1.06667995	1.10385001	1.46294999	1.70144999	1.58598006	1.72791004	2.26727986	2.58947992	2.69468999	2.89953017	2.99681997	2.91897011	2.84480977	2.79234004	2.76606011	2.78612995	2.91951013	3.06783009	3.12137985	3.17267990	3.25412989	3.27401972	3.23378992	3.22874999	3.29750991	3.42369008	3.57444000	3.68657994	3.77937007	3.89600992	4.02101994	4.11110973	4.18013954	4.28184032	4.40054989	4.49648952	4.56020975	4.54580975	4.49658012	4.47992945	4.38264036	4.39056015	4.46822929	4.49504948	4.50557995	4.51556969	4.51106977	4.45023012	4.34664011	4.26473999	4.22360992	4.19175005	4.11029959	3.96296954	3.81447005	3.64239025	3.45905995	3.33368993	3.24251986	3.14946008	3.05811024	3.00806999	2.99096966	2.91960001	2.76066017	2.58336020	2.38986015	2.24424005
-37.0000000	2.35934997	2.20068002	2.04983997	1.91799009	1.80999005	1.69371009	1.58436000	1.51919997	1.46627998	1.40247011	1.35962999	1.35782993	1.35711002	1.30698001	1.25964010	1.28438997	1.33641005	1.34855998	1.37322009	1.44854999	1.55979002	1.64915979	1.70883000	1.74392986	1.77435005	1.84410000	1.95318007	2.05757999	2.14992023	2.27916002	2.55951023	2.87774992	3.09537005	3.18482971	3.15432024	3.02499008	2.88350987	2.83490992	2.86982989	2.88630009	2.86028981	2.83283997	2.81159973	2.80592990	2.80602002	2.81376004	2.82735014	2.78757024	2.75040007	2.73572993	2.74230003	2.73114014	2.70206976	2.65931988	2.58678007	2.51064014	2.46131992	2.45303988	2.53088999	2.65823984	2.70413995	2.67336011	2.58281994	2.48058009	2.43108010	2.42577004	2.44944000	2.44151998	2.39705992	2.35008001	2.32839012	2.32703996	2.33135986	2.37330008	2.41712999	2.44250989	2.41398001	2.34729004	2.25720000	2.17242002	2.11149025	2.04795027	1.98944998	1.94858992	1.91889000	1.88253009	1.84464002	1.84275019	1.86903000	1.84310997	1.81106997	1.78235996	1.73727012	1.68057013	1.58967006	1.52181005	1.49967003	1.50542986	1.51425004	1.51020002	1.49804997	1.48391998	1.45880997	1.40201998	1.35378003	1.35305989	1.37583005	1.34189999	1.25558996	1.15074003	1.07612991	1.03365004	1.02978003	1.04715002	1.06470013	1.08341992	1.12346995	1.17413998	1.21761000	1.27700996	1.32812989	1.32093000	1.31372988	1.32461989	1.37043011	1.39211988	1.37205005	1.32578993	1.28151000	1.22867990	1.13625002	1.01097000	0.892800093	0.818910003	0.773819923	0.734849989	0.720809937	0.735120058	0.785070002	0.864900053	0.929610014	0.970380068	1.02447009	1.07946002	1.14642000	1.28780997	1.55763006	1.92060006	2.32236004	2.52296996	2.44205999	2.44341016	2.75760007	3.05405998	3.11858964	3.13370991	3.27726007	3.42512989	3.36410975	3.14675999	2.99142003	2.85939002	2.62386012	2.39462996	2.35700989	2.44484997	2.53331995	2.57471991	2.48876977	2.31498003	2.17332006	2.16692972	2.25738001	2.34972024	2.35403991	2.36204982	2.46663022	2.60963988	2.74328995	2.83770013	2.78936982	2.58714008	2.53152013	2.62943983	2.83220959	2.94749975	3.02201986	3.08429980	3.12794995	3.17357969	3.18357038	3.14108992	3.07943988	3.07934976	3.12030005	3.18599987	3.18608999	3.24072003	3.25700998	3.18194985	3.07134008	3.03488994	3.08871007	3.09599972	3.00177002	2.90915990	2.93777990	3.04110003	3.14046001	3.18392992	3.14577007	3.12551999	3.15251994	3.19625998	3.26330972	3.28005004	3.29579997	3.37364984	3.55211997	3.74237990	3.83679008	3.86496019	3.93093014	4.07933998	4.19598007	4.26617956	4.29408026	4.23629999	4.18526983	4.21353006	4.29327011	4.32827950	4.29344988	4.22036982	4.11884975	3.99140978	3.86990976	3.77847004	3.74445057	3.74399996	3.78153038	3.79368019	3.73445988	3.68486977	3.62898016	3.58091974	3.54806995	3.49415994	3.41532016	3.34737015	3.33170986	3.34268999	3.31280994	3.26529002	3.18915009	3.10355997	2.98440003	2.88531017	2.82609010	2.77749014	2.70170999	2.64194989	2.58309007	2.51495981	2.47437000	2.47355986	2.43180013	2.31587982	2.19788980	2.07314992	1.97189999	1.85085011	1.78343999	1.68623996	1.60523999	1.51793993	1.41129005	1.31193006	1.21166992	1.10411990	1.01250005	0.951029956	0.889559925	0.818459988	0.746459961	0.753120005	0.928800046	1.31472015	1.61442006	1.26864016	0.885600030	0.754649997	0.744480014	0.968129992	1.39445996	1.60730994	1.54854012	1.71234000	2.17160988	2.53799987	2.85705018	3.14937019	3.02778006	2.75724006	2.65661979	2.61458969	2.62062001	2.70801020	2.87874007	3.00564027	3.06071997	3.13839030	3.23433018	3.29012990	3.28787971	3.30578995	3.35528946	3.38642979	3.43025994	3.53087997	3.70376992	3.85677004	3.97584009	4.06088972	4.10408974	4.14504004	4.21064997	4.28202009	4.39145994	4.42754984	4.37103033	4.31306982	4.24620008	4.21155024	4.25195980	4.26122999	4.23576021	4.25177956	4.30469990	4.31963968	4.27247953	4.19562006	4.13343000	4.10273933	4.02272987	3.87783003	3.74004006	3.56931019	3.42621017	3.31587029	3.22353005	3.13586974	3.07458019	3.03822017	3.01553988	2.98440003	2.92311001	2.81520009	2.67012000	2.49938989
-38.0000000	2.56095028	2.46572995	2.30300999	2.16297007	2.06702995	1.97054994	1.86984003	1.80494988	1.76183999	1.72160995	1.70955014	1.72422004	1.74105012	1.72575009	1.66922998	1.61307013	1.60911000	1.64573991	1.68777001	1.75167000	1.85004008	1.94318998	1.98747015	1.97559011	1.93446004	1.90448999	1.91024995	1.95885015	2.10861015	2.35988998	2.68614006	3.07386017	3.35735965	3.43485022	3.43565989	3.37041020	3.26258993	3.15161991	3.08105969	3.03426003	2.99339962	2.96990991	2.94272995	2.91267014	2.86667991	2.81349015	2.76560998	2.74563026	2.77686024	2.79818964	2.79513001	2.76452994	2.70792007	2.63331008	2.54097009	2.43639016	2.34954023	2.31534004	2.35880995	2.47670984	2.60433006	2.63502002	2.62125015	2.57687998	2.53799987	2.51658010	2.50056005	2.46429014	2.41083002	2.37123036	2.35404015	2.32416010	2.28078008	2.28033018	2.33568001	2.41398001	2.44683003	2.40687013	2.38257003	2.34045005	2.28636003	2.22921014	2.16351008	2.12346005	2.11013985	2.08124995	2.02410007	1.97459996	1.94742012	1.91781020	1.88811016	1.86642003	1.84247994	1.82592010	1.78100991	1.71855009	1.66679990	1.63152003	1.60947001	1.59470999	1.58508003	1.58921993	1.57347000	1.52684999	1.46546996	1.43352008	1.44648004	1.43919003	1.40102994	1.32371998	1.24937999	1.19682002	1.16496015	1.15910995	1.17720008	1.20780003	1.24965012	1.28664005	1.29816008	1.32668996	1.38257992	1.41210020	1.41741002	1.45691991	1.53315008	1.55753994	1.53261006	1.47213006	1.41354001	1.36710000	1.30023003	1.19825995	1.08621001	1.00287008	0.949589968	0.884970009	0.832500041	0.803430080	0.817200065	0.902339995	1.03968012	1.14524996	1.19510996	1.32164991	1.51973999	1.64898002	1.81746006	1.94516993	2.06028008	2.01762009	1.98441005	2.27996993	2.74140024	2.99610019	3.01689005	3.04136968	3.13488030	3.24224973	3.22865987	3.10238981	2.99088001	2.88305998	2.71403980	2.58750010	2.57804990	2.58461976	2.55267000	2.50641012	2.45600986	2.39165974	2.31030011	2.27105999	2.30516982	2.47050023	2.76992989	3.10517979	3.32298017	3.18816018	2.85821986	2.75327992	2.70125985	2.57714987	2.44548011	2.49867010	2.70566964	2.91384006	3.02786994	3.05999994	3.10212016	3.18248987	3.23019028	3.20670009	3.13335013	3.11499000	3.11633992	3.12066007	3.09573007	3.09276009	3.06980991	3.06855011	3.07952976	3.07269025	3.08097005	3.06009007	2.96964002	2.88837004	2.91482997	2.98854041	3.07529998	3.06081009	3.02463007	3.06747007	3.13785028	3.21669006	3.28301954	3.29643011	3.25557017	3.22704005	3.31037974	3.47273993	3.58758020	3.61736989	3.65696979	3.75723004	3.85343957	3.94650006	3.98348999	3.97952986	3.98267984	3.97485042	3.99950981	4.05603027	4.08986998	4.06880999	3.98573995	3.85298991	3.72105026	3.62708998	3.57803988	3.58190989	3.61971021	3.68928027	3.66569996	3.61673999	3.55221009	3.47948980	3.47516990	3.48137999	3.41910028	3.33197999	3.29363990	3.32360959	3.34655976	3.35394001	3.30858016	3.19274974	3.09222007	2.99124002	2.93669987	2.87171960	2.78954983	2.72088003	2.66714978	2.58129001	2.51513958	2.48696995	2.42649007	2.31758976	2.24954987	2.19042015	2.09322000	1.97325003	1.91042972	1.81143010	1.68588006	1.59912002	1.53288007	1.44909000	1.34280002	1.25549996	1.20015001	1.13220000	1.07450998	1.10132992	1.12094998	1.12238991	1.49210989	2.16018009	2.30013013	1.42254007	0.718290031	0.472229987	0.476279974	0.716309965	1.08899999	1.30608010	1.38654006	1.64457011	2.07782984	2.46600008	2.86352992	3.18177009	3.00150013	2.81861997	2.69739008	2.68452001	2.71404004	2.79864025	2.91672039	3.00006008	3.04469991	3.11958003	3.20967007	3.24198008	3.20795989	3.26997018	3.36122990	3.38381982	3.38778019	3.46023011	3.56858993	3.68684983	3.81545997	3.94299006	4.02003002	4.02408028	4.02119970	4.07609987	4.14927006	4.20911980	4.23036003	4.20056963	4.12299013	4.09761047	4.11282015	4.11614990	4.09454966	4.07484007	4.08195019	4.10714960	4.12938023	4.14144039	4.10652018	4.02984047	3.93300033	3.83859015	3.71132946	3.58137012	3.44501996	3.32676029	3.22632003	3.13118982	3.06710982	3.01823974	2.95911002	2.91554999	2.90384984	2.87928009	2.77389002	2.64681005
-39.0000000	2.67516017	2.64950991	2.55149984	2.44044018	2.33702993	2.23541999	2.12588978	2.02905011	1.96677005	1.92195010	1.88451004	1.86579001	1.86848986	1.84950006	1.80873001	1.72611010	1.65258014	1.62486005	1.64789999	1.70423996	1.74698997	1.75778997	1.75410008	1.75041008	1.74321008	1.75724995	1.81241989	1.93995011	2.13858008	2.40686965	2.68784976	2.97981048	3.27401996	3.53664017	3.69017982	3.69711018	3.64121985	3.55454993	3.46779013	3.40020013	3.36555004	3.32486987	3.23982000	3.14505005	3.04326010	2.92328978	2.81483984	2.77640986	2.76578999	2.75606990	2.75732994	2.74292994	2.68991995	2.61045003	2.52675009	2.43485999	2.35440016	2.31596994	2.32641006	2.38229990	2.50334978	2.60774994	2.64914989	2.64906001	2.64411020	2.64815998	2.64240003	2.59388995	2.52720022	2.49542999	2.48471999	2.46015000	2.41452003	2.34720016	2.30742002	2.35521007	2.41091990	2.42792988	2.42631006	2.40587997	2.38608003	2.38221002	2.35125017	2.31642008	2.31039000	2.31281996	2.29743004	2.23353004	2.14622998	2.07585001	2.03381991	2.01024008	1.97927988	1.95047987	1.93940997	1.92069018	1.89342010	1.84590006	1.80054009	1.76192999	1.72295988	1.71152997	1.71827984	1.70117998	1.64556015	1.57985997	1.52937007	1.50911999	1.50767994	1.47492003	1.43729997	1.39688993	1.35503983	1.32759011	1.33380008	1.37286007	1.41120005	1.42596006	1.42857003	1.45188010	1.53314996	1.58282995	1.62233984	1.66166985	1.70144999	1.71971989	1.70846999	1.67139006	1.62107992	1.56474006	1.49553001	1.41290998	1.31805003	1.23461998	1.18988991	1.12472999	1.06209004	0.992970049	0.942390084	0.957690001	1.05066001	1.18269002	1.29924011	1.43811011	1.57950008	1.63349998	1.60227001	1.51767004	1.49958014	1.58472002	1.87515008	2.35260010	2.72547007	2.80403996	2.82438016	2.97809982	3.16349936	3.25610995	3.22209001	3.08483982	2.92445993	2.82239985	2.81889009	2.85704994	2.78927994	2.56752014	2.39715004	2.42226005	2.51945996	2.53287005	2.41739988	2.28303003	2.24586010	2.39940000	2.72303987	3.18068981	3.49668002	3.42666006	3.00834012	2.47023010	2.41883993	2.48175001	2.46698976	2.46185970	2.61099005	2.88468027	3.03534007	2.98350024	2.98386025	3.07961965	3.16070986	3.17609978	3.17123985	3.17241025	3.15269995	3.11526012	3.06369019	2.99870968	2.93993998	2.95379996	3.04163980	3.09401989	3.06324005	3.02723980	2.98278022	2.93130016	2.93669987	2.99187016	3.01184988	2.98034978	2.93813968	2.96324992	3.07088971	3.19491005	3.26592016	3.28292990	3.27897000	3.26420975	3.28535986	3.33783007	3.37095022	3.39767981	3.45410991	3.51818967	3.55851030	3.58578014	3.61826992	3.63968992	3.71682000	3.76443028	3.77981997	3.79737020	3.82472992	3.85677004	3.85200000	3.74499011	3.59271002	3.46914029	3.39354014	3.36374974	3.39434958	3.46823978	3.56651998	3.60908985	3.58434010	3.51260996	3.45833993	3.44123983	3.40604997	3.33251977	3.25962019	3.22874999	3.25314021	3.33450007	3.36158967	3.30534029	3.23109007	3.15719986	3.09437990	3.01374006	2.89574981	2.77181983	2.70476985	2.64285016	2.57571006	2.49830985	2.38877988	2.30300999	2.28195000	2.21409035	2.08880997	1.97306991	1.91628003	1.86516011	1.77129006	1.72583997	1.68191993	1.58931005	1.46718001	1.39067996	1.37430000	1.31678987	1.31534994	1.40328002	1.48607993	1.58994007	2.07081008	3.05486989	3.00141025	1.60055995	0.663389981	0.362880051	0.361260027	0.527940035	0.759690046	0.907469988	1.09026003	1.44530988	1.84086013	2.07989955	2.34306002	2.66508031	2.72924972	2.68307996	2.64446998	2.69765997	2.79062986	2.89701009	3.00015020	3.03497982	3.05325007	3.16034961	3.34052992	3.44259000	3.36627007	3.33315015	3.32712030	3.33207011	3.39776993	3.52341008	3.60701990	3.64869022	3.71060967	3.84858012	3.96530986	3.98789978	3.96369004	3.99194980	4.02803993	4.03334999	4.05990028	4.05881977	3.98600984	3.94083023	3.96017981	3.96936035	3.97044015	3.97197008	3.97781992	3.98195982	3.98997021	4.01796007	4.03739977	4.01399994	3.97304988	3.93597007	3.84371972	3.69702005	3.54861021	3.40964985	3.27951002	3.15270019	3.06089997	2.99574018	2.91717029	2.87189984	2.87325001	2.86649990	2.80070996	2.71071005
-40.0000000	2.76822019	2.74049997	2.68569016	2.61953998	2.55581999	2.46474004	2.34351015	2.25288010	2.19987011	2.14605021	2.08431005	2.03084993	1.97820008	1.89719999	1.80899990	1.72980011	1.65707994	1.60856998	1.59210002	1.60127997	1.60587001	1.57319999	1.55565000	1.56798005	1.59660006	1.64699996	1.75509000	1.93311000	2.14308023	2.35952997	2.57687998	2.82465005	3.13317013	3.48687029	3.78593993	3.91589999	3.93201017	3.88800025	3.82868981	3.77649021	3.71231985	3.62987971	3.54078031	3.47319007	3.37887001	3.21416974	3.04740000	2.97225022	2.92275000	2.85669017	2.81906986	2.79954004	2.75283003	2.65193987	2.55591011	2.51010013	2.47445989	2.44250989	2.43324018	2.45601034	2.54322004	2.62746000	2.69612980	2.72312999	2.71665001	2.70648026	2.70297003	2.69865012	2.69523001	2.67750001	2.64285016	2.60307002	2.57336998	2.53053021	2.44404006	2.39508009	2.40047979	2.39849973	2.38796973	2.39076018	2.41496992	2.45942998	2.47184992	2.45340014	2.43909001	2.44871998	2.46743989	2.43189001	2.37779999	2.31471014	2.26395011	2.23361993	2.19861007	2.14461017	2.11572003	2.11995006	2.10950994	2.06801987	2.01644993	1.98647988	1.94670010	1.91124010	1.90422010	1.89819002	1.86786008	1.80936003	1.74294007	1.68209982	1.65122998	1.62674987	1.61064005	1.59057009	1.56572974	1.53746998	1.51271999	1.52657998	1.56905997	1.61082006	1.63493979	1.64366996	1.68830991	1.75527012	1.83662987	1.88928008	1.89045000	1.88046002	1.88001001	1.84860003	1.79946005	1.75968003	1.70144999	1.61154008	1.52145004	1.46754014	1.41317987	1.33875000	1.28124011	1.22345996	1.15650010	1.09466994	1.08899999	1.16793001	1.27385998	1.38455999	1.48455012	1.53071988	1.48076999	1.36413002	1.33757997	1.48427999	1.83239996	2.25639009	2.53151989	2.59146023	2.70207000	2.97738004	3.19643974	3.27474022	3.23109007	3.11264968	2.93796015	2.82329988	2.83661985	2.82906032	2.67110991	2.43729019	2.38968015	2.53592992	2.58705020	2.49372005	2.46113992	2.50569010	2.49912000	2.33037019	2.19006014	2.35998011	2.82168007	3.01563001	2.63474989	2.20499992	2.23641014	2.53700995	2.56139994	2.48048997	2.56949997	2.83941007	3.03759003	3.03731990	3.02283025	3.07457995	3.13127995	3.13380003	3.09833980	3.06746984	3.12182999	3.15935993	3.09186029	2.98907971	2.90943003	2.88666010	2.94498014	3.02921987	3.04001999	3.02012992	3.00752974	2.98917007	2.96783972	2.96864986	2.92671013	2.85678005	2.78613043	2.77182007	2.85228014	2.97836995	3.03354001	3.08195996	3.12848997	3.16755033	3.22217989	3.27842999	3.27689958	3.25989008	3.27969003	3.30956984	3.30596995	3.26718020	3.26673007	3.33576012	3.43233013	3.53817010	3.60270000	3.62357998	3.62988043	3.64329004	3.66659999	3.61385989	3.48398995	3.35439038	3.27608991	3.25593019	3.24945021	3.24656963	3.36653996	3.48227978	3.52385998	3.49038029	3.44456983	3.40263009	3.32109022	3.24477029	3.20255995	3.17394018	3.13281012	3.15395975	3.23172021	3.28302026	3.26079011	3.21309018	3.17943001	3.13514996	3.02670002	2.88504004	2.74950004	2.62790990	2.53755021	2.46807003	2.39147997	2.33846998	2.29328990	2.21030998	2.11320019	2.04065990	1.99503005	1.93518007	1.85750985	1.84796989	1.82627988	1.72574985	1.61432993	1.58021998	1.59318006	1.52756989	1.52748013	1.66959000	1.84580994	2.08908010	2.78405952	3.99464965	3.68073010	1.88504994	0.721080005	0.386370033	0.415800005	0.537389994	0.624689996	0.685980022	0.868949950	1.18709993	1.47672009	1.57356000	1.69470012	2.00349021	2.22704983	2.32506013	2.42729998	2.60577011	2.81088018	2.99403000	3.12993026	3.17024994	3.17186999	3.24738002	3.41937017	3.52962017	3.52764010	3.54483032	3.54393005	3.49226999	3.47031021	3.55616999	3.68172002	3.74166012	3.80879998	3.88394976	3.93255019	3.93470979	3.91365004	3.94839001	3.97953010	3.96341991	3.97440028	3.96485972	3.86459970	3.75300026	3.74400043	3.75821996	3.77676010	3.80825996	3.83076000	3.82823992	3.82454991	3.84201002	3.84740996	3.84939003	3.87675023	3.93336010	3.96252012	3.84290981	3.69710994	3.56571007	3.43214989	3.29777980	3.19671011	3.13596010	3.07062006	2.99465990	2.93903995	2.91213012	2.88189006	2.82113981
-41.0000000	2.90097022	2.88018012	2.86992002	2.84301019	2.79450011	2.71782017	2.61909008	2.53511977	2.47563004	2.41713023	2.36033988	2.29472995	2.20968008	2.10429001	1.99241996	1.88703001	1.80035996	1.75995004	1.72512007	1.68606031	1.63944006	1.60245001	1.59119999	1.61010003	1.65285015	1.72268987	1.83465016	1.99043989	2.18232012	2.36690998	2.55105019	2.78010011	3.05496025	3.35555983	3.63662982	3.82554007	3.96548963	4.01534986	3.95820022	3.88323021	3.82229996	3.75966024	3.73833060	3.75758982	3.76182008	3.68333983	3.47949004	3.33404946	3.22019982	3.10608029	2.98197007	2.90520000	2.89575005	2.84130001	2.74599004	2.65436983	2.60549998	2.60046005	2.59326005	2.59218001	2.62970996	2.70089960	2.74706984	2.77380013	2.78793049	2.80187988	2.81439018	2.84553027	2.89476013	2.91951013	2.91302991	2.87856007	2.83481979	2.78270984	2.71232986	2.64500999	2.59506011	2.55636001	2.52180004	2.49093008	2.48490000	2.51316023	2.54681993	2.56392002	2.56652999	2.59739995	2.62250996	2.59694982	2.55285001	2.52801013	2.51127005	2.52126002	2.49623990	2.44502997	2.39913011	2.37636018	2.34828019	2.28771019	2.22308993	2.18349004	2.17170000	2.14847994	2.13938975	2.14416003	2.12373018	2.07828021	2.02230000	1.94345999	1.86840010	1.81557000	1.80009007	1.80747008	1.81511998	1.81017005	1.79937005	1.79630995	1.80531013	1.84112990	1.93140006	1.96874988	1.96884024	1.98179996	2.01231003	2.03543997	2.04245996	2.04183006	2.03886008	2.02599001	2.00366998	1.98395991	1.93887019	1.84275007	1.74015009	1.66068017	1.59111011	1.52081990	1.44918001	1.40391016	1.36791015	1.30527008	1.23921001	1.26189005	1.40013003	1.60830009	1.80864012	1.94544005	2.07224989	1.86110997	1.70378995	1.70018995	1.84527004	2.11877990	2.36979008	2.53052998	2.74571991	2.97467995	3.15441012	3.25430965	3.26898026	3.23163009	3.13767004	2.99042964	2.84156966	2.71575022	2.63871002	2.63979006	2.72294998	2.74940991	2.61485982	2.51388001	2.89736986	3.41667008	3.40083003	2.75921988	2.10132003	1.90403986	2.15639973	2.39049006	2.33594990	2.20481992	2.39670014	2.67453003	2.62584019	2.53052998	2.62233019	2.90898013	3.10724974	3.11129999	3.15548992	3.23415017	3.24729013	3.11904025	3.04712987	3.05325007	3.08402991	3.11138988	3.10436988	3.02156997	2.91743994	2.92239022	2.96235013	2.99160004	2.99708986	2.98340988	2.96063972	2.93724012	2.91905999	2.91690016	2.91770983	2.85867000	2.76282001	2.72457027	2.76434970	2.83400989	2.86812019	2.90259027	2.93454003	2.95209002	2.99330974	3.05325007	3.11508012	3.15612030	3.18555021	3.20390987	3.19607997	3.17088032	3.12111020	3.12524986	3.17538023	3.25143027	3.32244015	3.37509012	3.44141984	3.53412008	3.63060021	3.66965985	3.56976008	3.45141006	3.35150981	3.28617001	3.23811007	3.19463992	3.20526004	3.28382993	3.40542006	3.44537997	3.43160987	3.40667963	3.34106994	3.23766017	3.14595008	3.07008004	3.00843000	2.99673009	3.02670002	3.07557011	3.10203004	3.12425995	3.16962004	3.21516013	3.17106009	3.06882000	2.93247032	2.76003003	2.56905031	2.47248006	2.43089986	2.36807990	2.29140019	2.22515988	2.17701006	2.15613008	2.09717989	2.03310013	1.99718988	2.00663996	1.97927999	1.86930001	1.81017017	1.83069015	1.83689988	1.75112998	1.76147997	1.92708004	2.14911008	2.54691005	3.50792980	5.02164030	4.46750975	2.30733013	0.897300065	0.498420000	0.586620033	0.724590003	0.743130028	0.727919996	0.834840059	1.10052013	1.27566004	1.32813001	1.45349991	1.67247021	1.88774991	2.05208993	2.22336006	2.48013020	2.72439003	2.91950989	3.06711030	3.15800977	3.21803975	3.32640004	3.44465995	3.51549006	3.56373000	3.65076041	3.71366978	3.68576956	3.65552998	3.70899010	3.79052997	3.78783035	3.80115008	3.82670975	3.80447984	3.76128006	3.78188992	3.84975004	3.88844967	3.92715025	3.98717999	4.01940060	3.94110012	3.81393003	3.71637011	3.66102028	3.64860010	3.68666983	3.73751998	3.73463964	3.69341993	3.66074991	3.65714979	3.67029047	3.73500013	3.83310008	3.93201017	3.93578982	3.84444022	3.76119018	3.68343019	3.57560992	3.49299002	3.45095992	3.38660979	3.27780008	3.17231989	3.07926035	3.00437999	2.95263004
-42.0000000	3.15215993	3.13793993	3.10967994	3.06611967	3.00266981	2.93130016	2.86686015	2.79972005	2.73933005	2.68587017	2.63618994	2.59658980	2.55465007	2.46590996	2.35889983	2.26061988	2.17053008	2.08367991	2.01681018	1.95776987	1.89782989	1.85228992	1.85021985	1.89387012	1.95003009	2.01690006	2.10798001	2.23154998	2.36322021	2.49903011	2.67137980	2.87550020	3.08277011	3.28779006	3.49029016	3.64562988	3.77604008	3.82374048	3.79106998	3.71007013	3.63987041	3.61673999	3.64373994	3.72141004	3.83831978	3.92858982	3.88403988	3.75579000	3.60188937	3.44619012	3.29102969	3.16754985	3.10139990	3.04038000	2.96567988	2.86847973	2.79278994	2.75184035	2.73950982	2.74149036	2.75445008	2.78397012	2.82555008	2.83616996	2.83077002	2.83994985	2.89619994	2.99258995	3.06792021	3.07341027	3.04758000	3.04208970	3.06081009	3.07953000	3.04587030	2.97909021	2.92814994	2.88773990	2.83527017	2.77253985	2.73329997	2.69621992	2.67705011	2.69208026	2.73375010	2.76741004	2.78955007	2.79468012	2.77821016	2.75589013	2.73392987	2.72726965	2.73131990	2.70782995	2.67066002	2.63349009	2.59767008	2.55636001	2.48543978	2.41253972	2.36807990	2.35224009	2.36213994	2.37905979	2.38806009	2.38176012	2.35062003	2.29949999	2.21516991	2.13543010	2.08070993	2.06640005	2.08836007	2.11778998	2.12346005	2.10942006	2.09618998	2.11455011	2.19528008	2.26458001	2.30570984	2.31426001	2.29814982	2.27015996	2.23587012	2.20914006	2.19798017	2.18943000	2.19653988	2.21426988	2.17682981	2.07900000	1.97171998	1.87829983	1.79784012	1.72295988	1.67058015	1.61658001	1.56663001	1.51011002	1.45008004	1.43595004	1.56501007	1.86758995	2.24648976	2.57012987	2.74760985	2.54547000	2.21058011	1.98206985	1.96920002	2.19231009	2.50928974	2.64518976	2.78550005	2.93013000	3.05054975	3.14360976	3.25620008	3.33342028	3.28986049	3.13092017	2.92526984	2.83562994	2.88251996	2.93274021	2.89332008	2.81205010	2.82815981	3.17610002	3.96440983	4.36706972	3.90753031	3.18528008	2.61467981	2.14550996	2.00411987	2.14245009	2.33225989	2.45655012	2.52674985	2.58588004	2.57489991	2.57760000	2.68641019	2.89872003	3.05081987	3.09302998	3.17367005	3.24890995	3.24333024	3.12804008	3.03308988	3.05837989	3.07782006	3.07097983	3.07746005	3.02859020	2.95335007	2.95047021	3.00609016	3.02508020	2.97261000	2.92824006	2.89655995	2.86298990	2.84688020	2.84354997	2.88935995	2.84021997	2.76408029	2.75768995	2.78594995	2.78657985	2.76588011	2.78145003	2.84706020	2.88891006	2.89466977	2.89566016	2.92355990	2.98115993	3.05298018	3.10149002	3.10526991	3.11535001	3.09411025	3.09942031	3.09419990	3.09069014	3.10626006	3.15152979	3.22415996	3.30372000	3.40289998	3.50981998	3.56201982	3.48380995	3.36258030	3.28230023	3.24288034	3.20895004	3.17609954	3.14684987	3.17852998	3.24720001	3.31694961	3.35178018	3.33539987	3.26412034	3.17313027	3.08933997	3.01436996	2.98475981	3.00644994	3.02607012	3.02022004	3.02930975	3.08727002	3.16952991	3.21605992	3.18330002	3.08915973	2.94011974	2.78559017	2.66544008	2.55348015	2.43981028	2.34306002	2.28221989	2.25278997	2.23649979	2.17673993	2.12184024	2.11644006	2.12687993	2.07396007	2.02653003	2.04030013	2.06082010	2.02256989	1.96839011	2.07152987	2.21228981	2.39040017	2.89466977	4.24106979	6.30710983	5.46984053	2.79737997	1.05524993	0.541980028	0.621810019	0.777600050	0.796500027	0.775889993	0.861209929	1.06515002	1.25442004	1.28592002	1.37952006	1.53755999	1.71494997	1.89242995	2.08205986	2.29508996	2.50434017	2.71791005	2.90655017	3.08502007	3.22731018	3.33881974	3.41982007	3.48903012	3.59108973	3.73085976	3.75839972	3.75750041	3.74777985	3.76938009	3.80997014	3.82032013	3.83157015	3.83498979	3.76749015	3.65705991	3.61521006	3.68811011	3.79953003	3.90618014	3.99033022	4.02255011	3.98583007	3.92534995	3.87540007	3.79511976	3.71934009	3.70413017	3.71573997	3.70286965	3.67937970	3.63933015	3.58082986	3.51413989	3.52313995	3.66579008	3.84506965	3.95801997	3.96152973	3.90554976	3.84722996	3.77676010	3.72051001	3.69270015	3.65741992	3.55958962	3.44420981	3.35312986	3.28256989	3.21831012
-43.0000000	3.34044003	3.29049015	3.25854015	3.20544004	3.10365009	2.97981000	2.91123009	2.91546011	2.91726017	2.89350009	2.85552001	2.82005978	2.81087971	2.79900002	2.75571012	2.67515993	2.57822990	2.48904014	2.40156007	2.32587004	2.26197004	2.21201992	2.20248008	2.23325992	2.28032994	2.33297992	2.39544010	2.49075007	2.61116982	2.72528982	2.84481001	2.99070001	3.16170001	3.32955003	3.44592023	3.51117015	3.56616020	3.61845040	3.63654017	3.60297012	3.55401015	3.54824996	3.57227993	3.60350990	3.64689016	3.71573973	3.78504014	3.76577997	3.70511985	3.63014984	3.55167031	3.47913027	3.41136003	3.31884003	3.21434975	3.11723995	3.01032019	2.92940974	2.89431000	2.90240979	2.93697000	2.96712017	2.96901011	2.96622014	2.94776988	2.93354988	2.94975019	3.00132012	3.06360006	3.09132004	3.07665014	3.06513000	3.09123015	3.15225005	3.19176030	3.19653010	3.13695002	3.07854009	3.06890988	3.06549001	3.03075004	2.99214005	2.95451975	2.93201995	2.93733025	2.95343971	2.95559978	2.94578981	2.92311001	2.89818001	2.91789007	2.92401028	2.90079021	2.84886026	2.82483053	2.84436011	2.86326003	2.85219002	2.80250978	2.72267985	2.63402987	2.56851006	2.56310987	2.55852008	2.56122017	2.57850003	2.59326005	2.59002018	2.55060005	2.49894023	2.42855978	2.36718011	2.34288001	2.35988975	2.37987018	2.38652992	2.39966989	2.43360019	2.48066998	2.54655004	2.62268996	2.67497993	2.66598010	2.60379028	2.54439020	2.48706007	2.44142985	2.40426016	2.38634992	2.38742995	2.36150980	2.29913998	2.22048020	2.13074994	2.03444982	1.93635011	1.85436010	1.79838002	1.74609017	1.69470000	1.65015006	1.61820006	1.65933001	1.87605000	2.29491019	2.80592990	2.94849014	2.72096992	2.48247004	2.29859996	2.27970004	2.50776005	2.72996998	2.70890999	2.74320006	2.86568999	2.99735975	3.10868979	3.21255016	3.26151013	3.24692988	3.19463968	3.13199997	3.08916020	2.99510980	2.91059995	2.98719001	3.34619975	4.09409952	5.03009987	4.95188951	3.83814001	3.14226007	2.89944005	2.37825012	1.87344003	1.84886992	2.07143998	2.28104997	2.33379006	2.25945020	2.36187005	2.51712012	2.63979006	2.72942996	2.84319043	2.99655008	3.10014009	3.15630007	3.18950987	3.19779038	3.13505983	3.06899953	3.05765986	3.09689999	3.13460994	3.11282992	3.03794980	3.01922989	3.01265979	3.01706982	3.02751017	3.01473022	2.98547983	2.96504974	2.92814994	2.87882996	2.83877993	2.83311009	2.77469993	2.75562000	2.76506996	2.78531981	2.77865982	2.71205997	2.71340990	2.79575992	2.87910008	2.91843009	2.90546989	2.85471010	2.86254001	2.94246006	3.02940011	3.06360006	3.04047012	3.03479981	3.04785013	3.06675005	3.08520007	3.09726000	3.10554004	3.12453008	3.16035008	3.19499993	3.21956992	3.28653002	3.34314013	3.34710002	3.29975986	3.22407007	3.15963006	3.13595963	3.15197968	3.13803005	3.13271999	3.17141986	3.23819971	3.28806019	3.27959967	3.21614981	3.14198971	3.09186029	3.07340980	3.04316998	3.00339007	2.97710991	2.96955013	2.97728992	2.99735999	3.03111005	3.07133985	3.08474970	3.03632998	2.92535996	2.81781006	2.73410988	2.63618994	2.53719044	2.47364998	2.43387008	2.34360003	2.26385999	2.21058011	2.18295002	2.14766979	2.08710003	2.09727001	2.20419002	2.27502012	2.23290014	2.20310998	2.38662004	2.52980995	2.77272010	3.57903004	5.46965981	7.91207933	6.46442938	3.15819001	1.12635005	0.526679993	0.526139975	0.619020045	0.653129995	0.696599960	0.844290078	1.07405996	1.28546989	1.34082007	1.39050007	1.51083004	1.67012990	1.83123004	2.00870991	2.20473003	2.39310002	2.58453035	2.79531002	3.02940011	3.23334002	3.39092994	3.49038005	3.52107000	3.52863002	3.63725996	3.74481010	3.76109982	3.71961021	3.68442011	3.67758012	3.67137003	3.68352008	3.71754003	3.72797990	3.69234014	3.63086987	3.65067005	3.75911999	3.89348984	3.98519969	3.97602010	3.87980986	3.84903002	3.87792015	3.87468004	3.84057021	3.80808020	3.76074004	3.68298006	3.62393999	3.59738994	3.57120013	3.50756979	3.46814990	3.55391979	3.71916008	3.87837005	3.97701001	4.00769997	4.00922966	3.97422004	3.92733002	3.89915991	3.87512994	3.77883005	3.65030956	3.55130982	3.48776984	3.42846012
-44.0000000	3.37067986	3.32504964	3.31010962	3.27320981	3.19976997	3.10211992	3.02453995	3.01031995	3.03912020	3.07188010	3.06720018	3.02858996	3.02102995	3.03381038	3.02066994	2.95991969	2.85714006	2.74203014	2.66219997	2.60108995	2.54825974	2.50856996	2.49210000	2.49885011	2.51900983	2.56905007	2.65688992	2.75589013	2.84759998	2.95407009	3.05405974	3.17726994	3.29597998	3.37383032	3.41612983	3.44988012	3.49857020	3.58884025	3.69252014	3.73652983	3.71268010	3.68316031	3.67083001	3.65777993	3.62304020	3.58101034	3.59658003	3.64274979	3.67407012	3.67766976	3.65867996	3.61926007	3.55338001	3.48101997	3.40695000	3.32054996	3.22388983	3.12884998	3.06963015	3.04920006	3.06603026	3.10949993	3.15071988	3.14864993	3.15386987	3.14271021	3.10994983	3.08447981	3.08420968	3.11175013	3.15864015	3.20957994	3.25376987	3.28518009	3.34233022	3.40334988	3.41280007	3.36123013	3.28878021	3.26322007	3.27276015	3.28302026	3.26034021	3.20409012	3.13199997	3.08682013	3.07647014	3.07835984	3.06737995	3.02967000	2.99150968	2.99780989	2.99258995	2.94822025	2.90340018	2.90781021	2.97224975	3.03641987	3.05630994	3.03290987	2.97530961	2.90312982	2.83329010	2.79234004	2.77559996	2.77829981	2.79791999	2.80800009	2.80269003	2.76011968	2.71304989	2.66913009	2.64050984	2.63618994	2.63429976	2.64347959	2.67092991	2.70468020	2.77136993	2.79827976	2.82473993	2.85984015	2.87136006	2.84256005	2.81465983	2.80538988	2.76533985	2.71592999	2.66868019	2.62593031	2.55563998	2.48732996	2.43252015	2.37266994	2.28896999	2.16441011	2.05613995	1.97252989	1.92339003	1.89639008	1.88819993	1.88145006	1.86633015	1.93139994	2.13381004	2.42855978	2.71160984	2.70188975	2.59929013	2.60622001	2.71871996	2.81222987	2.76687026	2.64104986	2.70531011	2.87234998	3.02121019	3.10508990	3.17718005	3.21048021	3.18204021	3.15512967	3.17169023	3.16916990	3.11814022	3.24117017	3.85442996	5.14043999	6.59861946	6.77988052	4.79645967	3.24513006	2.46951008	1.97216988	1.64006996	1.67805004	1.92609000	2.12543988	2.16377997	2.08241987	2.10573006	2.36061001	2.54204988	2.68425012	2.77569008	2.84381986	2.95109987	3.04397988	3.07044005	3.08529019	3.12038994	3.11093998	3.09707975	3.07602024	3.07602000	3.11013007	3.14019012	3.12011981	3.11526012	3.11246991	3.11535001	3.10247993	3.08070016	3.06107998	3.03434968	2.98664975	2.92274976	2.86910987	2.81988001	2.76965976	2.74517965	2.75778008	2.78442001	2.77406979	2.69981980	2.67659998	2.70899987	2.76084018	2.81979012	2.83293009	2.79468012	2.76822019	2.78433013	2.85273004	2.95181990	2.99645996	2.99483991	2.98755002	2.99997044	3.03075027	3.07755017	3.09906030	3.07430983	3.07845020	3.11553001	3.16574979	3.20967054	3.26043010	3.28905010	3.26780987	3.20201993	3.12939000	3.10175991	3.11886001	3.11129999	3.10508990	3.12110996	3.16052985	3.20705986	3.23559022	3.21569991	3.16061974	3.11697006	3.11337042	3.10482001	3.03336000	2.96946001	2.95092010	2.97026992	2.99196005	2.99403000	3.01302004	3.05171990	3.07808995	3.03705001	2.96603990	2.89529967	2.83059001	2.77128005	2.69901037	2.59479022	2.49732018	2.43243027	2.39490008	2.35908008	2.28050995	2.19096017	2.20922995	2.29841995	2.38805985	2.43855023	2.49155998	2.61818981	2.72375965	3.22946978	4.67649031	7.08947945	8.99720955	6.41600990	2.86911011	1.01403010	0.538379967	0.531989992	0.592109978	0.615599990	0.689130008	0.880380034	1.10996997	1.27241993	1.34756994	1.41399002	1.53017998	1.68947995	1.87622988	2.09672999	2.30247021	2.47184992	2.66372991	2.87928033	3.08015990	3.24819016	3.38085008	3.49371004	3.56967020	3.57632995	3.57173967	3.69773984	3.80456996	3.84839988	3.82230020	3.77774978	3.75903034	3.75137997	3.74166012	3.74283004	3.76631999	3.79323006	3.78630018	3.80168986	3.86190009	3.92849970	3.93489027	3.84453011	3.76578021	3.76443005	3.77846980	3.78180003	3.78459001	3.78594017	3.74327993	3.66813016	3.59855986	3.54995990	3.51395988	3.51242971	3.59342980	3.72159028	3.82698035	3.89880013	3.99365997	4.09220982	4.15718937	4.17806959	4.14891005	4.06592989	3.91662002	3.75174022	3.62384987	3.53438973	3.45608997
-45.0000000	3.49830008	3.44448018	3.41118002	3.39804006	3.38292003	3.33548999	3.27995992	3.26627994	3.28670979	3.33018017	3.34278011	3.32333994	3.29453993	3.26663971	3.24557996	3.19751954	3.13082981	3.06395984	2.99789977	2.93571019	2.88837004	2.85722995	2.84328008	2.83239031	2.82744026	2.86127996	2.92257023	2.98169994	3.02993989	3.10914016	3.22334981	3.34926009	3.44942999	3.49118996	3.47625017	3.45032978	3.47831988	3.57579017	3.71762991	3.81411028	3.84371996	3.83868003	3.81537032	3.77702999	3.73220992	3.67938018	3.63690019	3.62718010	3.65769005	3.68594980	3.69935989	3.69594002	3.67613983	3.64221001	3.60152984	3.55139995	3.47696972	3.37716031	3.28661990	3.21183014	3.16818023	3.16511989	3.18915033	3.20993996	3.23630977	3.25682998	3.24521995	3.20174980	3.18140984	3.20759988	3.27113986	3.34997988	3.42503977	3.49821043	3.55689001	3.59091020	3.60683990	3.60440993	3.54392982	3.46742988	3.41954970	3.42126012	3.43871999	3.42360020	3.35402966	3.24872971	3.17772007	3.15441012	3.14567995	3.13470030	3.12668991	3.10481977	3.09572983	3.07664990	3.04326010	3.01824021	3.04479003	3.10959005	3.19391990	3.24621010	3.20912981	3.13748980	3.06836987	3.01535988	3.00788999	2.99186993	2.96568012	2.95155001	2.96109009	2.97666025	2.95056009	2.93355036	2.91743994	2.89943981	2.88045001	2.88467979	2.89359021	2.89979982	2.93831992	3.00293994	3.01689005	3.01832986	3.03137994	3.05748010	3.06035972	3.04838967	3.02832007	2.99862003	2.95110035	2.89629030	2.83301997	2.76101995	2.69531989	2.66336989	2.58524990	2.47148991	2.34252000	2.22677994	2.14163995	2.09070015	2.06964016	2.08098006	2.09501982	2.10834002	2.17574978	2.29697990	2.44295979	2.56616998	2.70351005	2.81115007	2.84300995	2.78145003	2.67875981	2.66858983	2.77794003	2.94200993	3.04253983	3.06152987	3.14090991	3.24369001	3.25179005	3.14216995	3.08501983	3.18321013	3.49659014	4.12451982	5.31117010	6.99741030	7.28414965	6.05907011	4.15691996	2.75786972	1.96929002	1.63431025	1.69533002	1.99745989	2.20643997	2.16819000	2.06748009	2.07837033	2.24379015	2.45078993	2.55375004	2.61197996	2.70558000	2.85534024	2.95065022	2.98277998	2.97071981	2.94560981	2.96837997	3.02714992	3.08124018	3.12408018	3.15179992	3.12390018	3.08519983	3.06342030	3.07449007	3.11750984	3.16034985	3.16908002	3.14190006	3.09653974	3.06801009	3.04604983	3.00636005	2.95164013	2.89403987	2.82609010	2.81699991	2.84228992	2.87523007	2.87658000	2.80979991	2.77407002	2.78126979	2.81807995	2.83652997	2.80943990	2.78019023	2.76822019	2.76452994	2.79108000	2.87379003	2.94515991	2.97818995	2.98304963	2.98826981	2.97405005	3.00294018	3.05838013	3.10185003	3.09798002	3.08844018	3.11435986	3.15647984	3.16935015	3.18734980	3.20381999	3.19473004	3.15099001	3.10482001	3.10671020	3.09203982	3.06351018	3.05244017	3.09293985	3.15693021	3.20184016	3.20363998	3.14946032	3.08420992	3.06324005	3.07961988	3.09131980	3.02399993	2.97369003	3.00689983	3.07565975	3.11822987	3.09680986	3.06233978	3.05279994	3.06135011	3.05856013	2.99871016	2.92302012	2.86235976	2.80592990	2.72609997	2.65977025	2.63744998	2.61791992	2.56464005	2.47112989	2.40092993	2.39219999	2.42081976	2.47463989	2.58309007	2.69621992	2.76209998	2.96882987	3.75371981	6.14574051	8.68716049	8.41284084	5.33466005	1.81412995	0.750779986	0.560069978	0.661859989	0.779850006	0.829259932	0.873900056	0.984600008	1.13994002	1.26665998	1.33569014	1.43982005	1.56500995	1.69937980	1.85931015	2.08997989	2.35259986	2.57058001	2.73726010	2.87397003	2.99996996	3.13415956	3.28410029	3.44492984	3.59441996	3.65957999	3.68846989	3.74445009	3.86846972	4.02075005	4.04460049	4.00230074	3.95199013	3.92544007	3.90861011	3.90312028	3.91688967	3.93399000	3.93129015	3.91400981	3.92624998	3.95685005	3.96872997	3.93425989	3.87440968	3.83211017	3.80105972	3.76758003	3.73959017	3.72555041	3.70961976	3.68225980	3.65066981	3.62835002	3.62825966	3.66236997	3.74021983	3.86802006	3.94038010	3.98879981	4.04837990	4.13549995	4.22442007	4.25394011	4.21794033	4.12460947	3.98484015	3.84237003	3.71592021	3.61998034	3.55518031
-46.0000000	3.58785009	3.56679010	3.53546977	3.50342965	3.48263979	3.49370980	3.52709985	3.54050994	3.56103015	3.60035968	3.60639000	3.57570004	3.54015017	3.50720978	3.46355987	3.38733006	3.32298017	3.28392005	3.25790977	3.22560024	3.19391966	3.16763973	3.14576983	3.11687994	3.07692003	3.05774975	3.05846977	3.06908965	3.10292983	3.15665984	3.27905965	3.45078015	3.59874010	3.65679026	3.62699986	3.56804919	3.52341032	3.54032993	3.64527011	3.76848006	3.85703993	3.91112995	3.92742014	3.90527987	3.84642005	3.79116011	3.74427009	3.70647001	3.71267962	3.71753979	3.72662997	3.73590016	3.73140001	3.69503999	3.65310025	3.63483000	3.62439013	3.57137990	3.48830986	3.40686011	3.34593010	3.30696011	3.27455974	3.27942038	3.28374028	3.26942992	3.23676014	3.21884990	3.23811007	3.27906013	3.31784964	3.33719993	3.38444996	3.47129989	3.56642985	3.63960004	3.67055988	3.66272950	3.64616990	3.62519979	3.61277962	3.62474990	3.64886999	3.65526032	3.63267016	3.57497978	3.49010968	3.41045976	3.34098029	3.28238964	3.25322986	3.23955011	3.21929979	3.19230008	3.16322994	3.13595963	3.12453008	3.15296984	3.20247006	3.23594999	3.21156001	3.17394018	3.15503979	3.14855981	3.14963984	3.15531015	3.14397001	3.13127995	3.11966991	3.11120987	3.11958003	3.13514972	3.13992000	3.11525965	3.07466984	3.05802011	3.06503987	3.07178974	3.07341003	3.12498021	3.16485000	3.16746020	3.15873003	3.17241025	3.20634007	3.24405003	3.26808023	3.26573992	3.21875978	3.16548014	3.11958027	3.05864978	2.98970985	2.93013000	2.86766982	2.76336002	2.64275980	2.53881001	2.42243981	2.31444001	2.24252987	2.22129011	2.23992014	2.26215005	2.28384018	2.32406998	2.39516997	2.49326992	2.60082006	2.68055987	2.68712997	2.63070011	2.66013002	2.81376004	2.97494984	3.06909037	3.06467986	3.03354001	3.09149981	3.20103002	3.25701022	3.20219994	3.11858988	3.25817966	3.69315004	4.44896984	5.59646988	6.20657969	5.60969973	4.34087992	3.03416991	2.22002983	1.97036994	2.08223987	2.31183004	2.39498997	2.22372007	2.06090999	2.06963992	2.23235989	2.40929985	2.45807981	2.50406981	2.61035991	2.76443982	2.89368010	2.93535018	2.92311001	2.89889979	2.88233995	2.89457989	2.96532011	3.04083014	3.08753967	3.14415002	3.15143991	3.14621997	3.14055014	3.14784002	3.18059993	3.21624017	3.20121002	3.17565012	3.14252996	3.12533998	3.12290978	3.09735012	3.04515004	2.99348998	2.94272971	2.94884968	2.95127988	2.95650005	2.98368025	2.98863029	2.96469021	2.94651008	2.93201995	2.92401004	2.89170027	2.83931994	2.80457997	2.79612041	2.80692005	2.85794973	2.91104984	2.94794989	2.97449994	3.01220989	3.05747986	3.07692003	3.08835006	3.09672022	3.08907008	3.07700992	3.08150983	3.10869002	3.13038015	3.15369034	3.20103025	3.25233006	3.27249002	3.23711991	3.18402004	3.13352990	3.08403015	3.04848027	3.04515004	3.05469036	3.06288004	3.07925987	3.09572959	3.06252027	3.03263998	3.03903008	3.07764030	3.10760999	3.06593966	3.04046988	3.06503963	3.11282969	3.12210011	3.09284997	3.07556987	3.08267975	3.09509993	3.06009007	3.00726008	2.96171999	2.91896987	2.84895015	2.79143977	2.77146029	2.74634981	2.70090008	2.65193987	2.62962008	2.62152004	2.61981010	2.64519000	2.74517989	2.82644987	2.92544985	3.38849974	4.80194950	8.20223999	10.0197001	8.07839966	4.03020000	1.17846000	0.631530046	0.639719963	0.805139959	0.915839970	0.904049993	0.931050003	1.06082988	1.20752990	1.28366995	1.32866991	1.41444004	1.53314996	1.66671014	1.82078993	2.04569983	2.30615997	2.52980995	2.69747996	2.83427978	2.98457980	3.15081000	3.31937957	3.48398995	3.61890006	3.71978998	3.79170012	3.85226989	3.91319990	3.97790956	3.99383998	3.98880005	3.98195982	3.98663974	3.99348021	3.99600005	3.99834037	3.99671984	3.99680996	3.96945024	3.94803047	3.96027040	4.00166988	4.00958967	3.98637009	3.95990968	3.91724968	3.86000991	3.78953981	3.71438956	3.66012001	3.62069988	3.58749008	3.57659984	3.60099006	3.65660977	3.73230004	3.81734991	3.85856986	3.91365027	3.98079014	4.06385994	4.15619993	4.20839977	4.19705963	4.13441992	4.02767944	3.89124012	3.77000999	3.68027973	3.62186980
-47.0000000	3.64365005	3.62852979	3.59981990	3.56651998	3.53304005	3.52233005	3.54608989	3.57821989	3.61385965	3.65183997	3.66129017	3.63951015	3.60800982	3.57083964	3.52845001	3.47724009	3.41603971	3.36995983	3.34232998	3.33099008	3.32892013	3.31479001	3.28274989	3.23063993	3.18221998	3.16728044	3.17016006	3.16863012	3.16620040	3.21291018	3.33270025	3.53123999	3.71006989	3.80087996	3.78144002	3.73607993	3.69854999	3.68324995	3.70008016	3.75623989	3.82094979	3.86964011	3.89331007	3.87459016	3.82500029	3.78314972	3.75039005	3.72087026	3.72267008	3.75272989	3.76820993	3.76226997	3.73509026	3.67830038	3.62565017	3.60594010	3.61916995	3.62591982	3.59694004	3.55616999	3.52026010	3.49406981	3.45222020	3.41126990	3.37355971	3.33243012	3.27636003	3.23234987	3.23540998	3.26384974	3.28328967	3.28364992	3.32217002	3.42072010	3.54167962	3.64401007	3.72042012	3.75840020	3.79070973	3.81842971	3.83544016	3.85658979	3.88143015	3.89691019	3.88971019	3.83615947	3.76109982	3.69737983	3.62907004	3.54311967	3.43638015	3.36455989	3.31964993	3.29372978	3.26744986	3.22200036	3.16836023	3.14126992	3.15485978	3.18402004	3.17798996	3.17393994	3.19374013	3.21741009	3.23324990	3.25530005	3.27195001	3.27995992	3.27357006	3.26214004	3.28761029	3.32126999	3.32892013	3.30137992	3.26150966	3.24341965	3.25620008	3.26754022	3.26690984	3.28139973	3.30552030	3.30435014	3.28356028	3.27735043	3.32514024	3.38633990	3.45302963	3.49875021	3.49677014	3.45411015	3.39218998	3.31893015	3.25449038	3.19419003	3.12633014	3.02525997	2.91716981	2.83463979	2.76695991	2.66157007	2.54861999	2.44430995	2.36393976	2.32299018	2.31210017	2.31588006	2.32694983	2.32803011	2.37320995	2.44782019	2.52692986	2.60694027	2.75219989	2.93741989	3.06350970	3.10319948	3.09356952	3.09159017	3.12839985	3.19202995	3.25278020	3.26150990	3.24558020	3.32909989	3.56894994	3.96782994	4.42737007	4.48118973	3.97070980	3.23099995	2.64554977	2.44169998	2.56527019	2.66949010	2.56616998	2.26278019	2.05056000	2.08791018	2.25962996	2.43431997	2.46366000	2.43495011	2.53296018	2.72430015	2.89736986	2.94003010	2.90663981	2.87252998	2.86550999	2.90645981	2.96171999	3.01851010	3.08781028	3.14928007	3.19031978	3.21354008	3.22766995	3.24629998	3.27024007	3.29246998	3.29705977	3.25458002	3.20516968	3.19338012	3.20301008	3.21407986	3.22181988	3.20237994	3.14909983	3.09015012	3.07764006	3.06800985	3.05027986	3.04298949	3.03344989	3.02660990	3.00752997	2.98241997	2.97351003	2.97090006	2.94623995	2.90178013	2.86182022	2.85111022	2.86623001	2.89863038	2.93427014	2.95397997	2.97683978	3.03650999	3.09753013	3.11597991	3.08655000	3.06414008	3.05613017	3.04856992	3.05036998	3.08033991	3.11300993	3.15522003	3.21803999	3.28283978	3.29048991	3.25494003	3.20624995	3.15161991	3.10527039	3.06846023	3.03462005	3.02121019	3.03237009	3.08159995	3.08727002	3.04668021	3.00006032	2.98359013	3.04020000	3.09249020	3.11561990	3.12570000	3.13227010	3.14666986	3.15054011	3.15125990	3.15404987	3.14567995	3.13497019	3.13767028	3.12308979	3.06917977	2.96010017	2.89161015	2.89431000	2.89925981	2.87316012	2.84589028	2.87541008	2.92076993	2.95002007	2.97269988	3.02823019	3.05091023	3.27105021	4.23909044	6.48413992	10.5443106	10.9602003	7.49844074	3.07682991	0.997469962	0.839610040	1.00026000	1.16621995	1.13580000	0.981360018	0.971009910	1.14209998	1.32912004	1.38374996	1.38267004	1.44503999	1.56789005	1.69307995	1.82475007	2.00205016	2.21949005	2.41821003	2.58543015	2.75706005	2.97674990	3.19122005	3.35141969	3.47345996	3.59891987	3.72014999	3.79925990	3.84533978	3.90897012	3.98340011	4.01246977	3.98834991	3.94856977	3.92390990	3.92058015	3.91302013	3.90518999	3.91509008	3.93813014	3.93110991	3.90914989	3.90419984	3.93587995	3.97467017	3.99636006	4.01553011	4.01561975	3.98744988	3.92615986	3.83093953	3.74427032	3.68414998	3.62663984	3.58245039	3.57975006	3.61331964	3.66246009	3.66669011	3.62898040	3.64221025	3.70017004	3.77945995	3.85055971	3.91023016	3.97674012	4.03353024	4.05062962	3.99050951	3.87513018	3.75966024	3.67785001
-48.0000000	3.67901993	3.64275002	3.61593008	3.58694983	3.55634975	3.55167031	3.55895996	3.56958008	3.58290005	3.59045982	3.58298993	3.55536008	3.52763987	3.50864983	3.49343967	3.47508025	3.43844986	3.41549993	3.39876008	3.38130021	3.37662029	3.38165998	3.37526989	3.33666015	3.28508997	3.25782013	3.26843977	3.29481006	3.30894017	3.33783007	3.42072010	3.59091020	3.70025969	3.73751974	3.71393991	3.70053005	3.71915984	3.75363016	3.77118015	3.76488018	3.76253963	3.78144002	3.78503990	3.76767015	3.73572016	3.69531012	3.65966988	3.63284993	3.62078977	3.63123035	3.66254997	3.68370008	3.69567013	3.68559003	3.66524982	3.65543985	3.66606021	3.66506982	3.63717031	3.59721017	3.56256008	3.55095005	3.51719999	3.46689010	3.40874982	3.36086988	3.31947041	3.28986001	3.28283954	3.28679991	3.29256010	3.31955981	3.38894987	3.48362994	3.59001017	3.70322990	3.81788969	3.90446949	3.95045972	3.93110967	3.84326982	3.79232979	3.80735970	3.84533978	3.82931995	3.75552011	3.64103985	3.56786990	3.54536986	3.54293990	3.53069997	3.47211003	3.43700981	3.41892004	3.40433979	3.36806965	3.33044982	3.30002999	3.28382969	3.27411008	3.26447964	3.25998020	3.26826024	3.28347015	3.29516983	3.29589009	3.31784987	3.34044003	3.36645007	3.40208983	3.45546007	3.50738978	3.51432014	3.45564008	3.38219976	3.34385991	3.35636997	3.36627007	3.38525987	3.41046000	3.43394971	3.44493008	3.45023990	3.45851994	3.47903991	3.50586009	3.53330994	3.58308005	3.63276029	3.64428020	3.62124038	3.56121039	3.49623013	3.44547033	3.39309001	3.31560016	3.21920991	3.13559985	3.07088995	3.01968026	2.94003010	2.82059979	2.68281007	2.56463981	2.48688006	2.43639016	2.40210009	2.38148999	2.41199994	2.49228001	2.60613012	2.69675970	2.79485989	2.89314008	2.97764993	3.02967024	3.09185982	3.16071010	3.19842005	3.21246004	3.24665999	3.29318976	3.32973003	3.35744977	3.42458987	3.58659005	3.75749993	3.72104979	3.49362016	3.18356991	3.08213997	3.08348989	3.04208970	2.79053974	2.44575000	2.24459982	2.27412009	2.47059011	2.59911013	2.60243988	2.48706031	2.49272990	2.61819005	2.77199984	2.85633016	2.83788013	2.82545972	2.83059001	2.84264994	2.86685967	2.92004991	2.99007010	3.09311986	3.17024994	3.21632957	3.25223994	3.30345011	3.32333994	3.33863997	3.36798024	3.38175035	3.34557009	3.27528000	3.23883009	3.25440025	3.28175998	3.32783961	3.36230993	3.33360004	3.25890017	3.17790031	3.12957025	3.07107019	3.03345037	3.03165030	3.03344989	3.02525973	3.01994991	3.03218961	3.05594993	3.06711006	3.04568982	3.00492001	2.96910000	2.94462013	2.93373013	2.94597006	2.95569015	2.97566986	3.01157975	3.03641987	3.05495954	3.05009985	3.03569984	3.02669978	3.01275015	2.99097013	3.01554012	3.05262017	3.08448052	3.10950017	3.14388013	3.19626021	3.23909998	3.24467969	3.21029973	3.18005991	3.15845942	3.13937974	3.12128973	3.12084007	3.14487028	3.13685989	3.07710004	3.00590992	2.96441984	3.00050998	3.06225014	3.12696028	3.16934991	3.17402983	3.17402983	3.17826033	3.19149017	3.19779015	3.19662023	3.20931029	3.23414993	3.21759009	3.14694023	3.02850008	3.00591016	3.04776025	3.08277011	3.05901027	3.02931023	3.06873012	3.13920021	3.18402004	3.21336007	3.27419996	3.37247992	3.94533014	5.69358063	8.73882008	13.0293007	11.5081205	6.83568001	2.55914998	1.17657006	1.32695997	1.65923989	1.88406003	1.69469988	1.35701990	1.26072001	1.41453004	1.56086993	1.57185006	1.53162014	1.55943000	1.72196996	1.84031999	1.92816007	2.02428007	2.18367004	2.33316016	2.46662998	2.63718009	2.87793016	3.12884998	3.32361007	3.43305016	3.53196025	3.62799001	3.70844984	3.75146985	3.82797003	3.92237997	3.99087024	3.96728992	3.92012978	3.88106966	3.85667992	3.82256985	3.78333020	3.76110005	3.78647995	3.80960989	3.81609011	3.81357002	3.84281969	3.87054014	3.88736987	3.89943004	3.93894005	3.97412992	3.97737002	3.93174028	3.85929012	3.78170991	3.70448995	3.64040995	3.62213993	3.63834000	3.66479993	3.60675001	3.53681970	3.49704027	3.51575994	3.56355000	3.59631014	3.63698983	3.73068023	3.86307025	3.97260022	4.02750015	3.99347949	3.89744949	3.78008986
-49.0000000	3.67461014	3.60980964	3.55626011	3.51647973	3.50009966	3.51872993	3.55193996	3.56624985	3.54852009	3.52061987	3.49100971	3.45572972	3.41775012	3.38390970	3.35960984	3.35241008	3.34935021	3.34800005	3.34880996	3.34989023	3.34692001	3.34836006	3.35321999	3.33962989	3.30560994	3.27887988	3.27788973	3.29696965	3.30614972	3.31596017	3.34817982	3.46743011	3.52232981	3.51116991	3.46463990	3.48380995	3.53717995	3.60477018	3.64905024	3.65877032	3.66102052	3.67452002	3.68253016	3.66831017	3.63537002	3.59666967	3.57714009	3.55878019	3.54176974	3.52764010	3.52763963	3.54194975	3.56580019	3.59136033	3.61700988	3.64481997	3.66794968	3.64958978	3.60629988	3.55832982	3.51971960	3.49523997	3.45437980	3.41252995	3.37878013	3.35709023	3.34061980	3.33251977	3.33684015	3.33611989	3.32792974	3.33404994	3.38994002	3.46356010	3.54743981	3.65309954	3.81365967	3.91085982	3.92030954	3.82337999	3.66930008	3.56004000	3.52674007	3.53520012	3.50352025	3.41838026	3.30551982	3.25800037	3.30183005	3.39650989	3.49424982	3.51134992	3.50342965	3.48281980	3.45878983	3.43871975	3.42324018	3.40848017	3.39228010	3.37454987	3.35861993	3.35511017	3.35762978	3.35321999	3.33881998	3.31334996	3.32144952	3.35168958	3.39804006	3.45491982	3.50855970	3.55364966	3.55751991	3.49803019	3.41621995	3.36455989	3.36636019	3.38516998	3.41225982	3.45060015	3.50189996	3.55257010	3.59729981	3.62070012	3.61277986	3.58919978	3.58155012	3.61197019	3.68027997	3.74274015	3.77217007	3.76397991	3.69828033	3.61322999	3.53825998	3.49623013	3.45636034	3.39966011	3.32864976	3.25044012	3.17439032	3.08826017	2.99565005	2.90141988	2.81079006	2.72735977	2.65382981	2.64636016	2.66480994	2.68821001	2.71854019	2.71394992	2.72429991	2.76713991	2.85534000	2.96973014	3.07809019	3.16476011	3.22038007	3.25611019	3.28004980	3.28644013	3.30417013	3.30966020	3.33711004	3.44897985	3.57660007	3.59441972	3.49739981	3.32828999	3.21209979	3.07728004	2.86335015	2.61233997	2.48166037	2.51568007	2.67839980	2.75210977	2.69028020	2.57417989	2.49381018	2.59254003	2.68748999	2.74103999	2.73221993	2.72222996	2.77415991	2.84625006	2.86272001	2.83662009	2.84841013	2.92499995	3.02930975	3.11012983	3.16718984	3.21687007	3.29921961	3.34952998	3.38913012	3.43502998	3.47094011	3.45069003	3.38264990	3.31218004	3.29561996	3.33368993	3.40632010	3.46608019	3.46409988	3.40056014	3.28940988	3.20660996	3.13596010	3.08043003	3.05252981	3.06674981	3.07907963	3.09023976	3.10265994	3.12660003	3.15666008	3.17132998	3.13479042	3.09537029	3.06459045	3.03876019	3.01769996	2.98440003	2.97404981	3.00960016	3.05883002	3.09294009	3.10518003	3.09590983	3.06909013	3.02778006	2.97593999	2.97170997	3.01373982	3.05982018	3.06494999	3.07494020	3.10554028	3.15414000	3.19886994	3.19607973	3.18716979	3.19058967	3.21092963	3.21731973	3.20048976	3.17205000	3.15368986	3.12840009	3.09546018	3.06351018	3.06323981	3.08609986	3.11039972	3.12929988	3.15234017	3.16647005	3.18005991	3.19337988	3.21075010	3.23927999	3.28535986	3.30354023	3.28131008	3.22830009	3.15999007	3.16134024	3.18735003	3.19166946	3.16134000	3.18348002	3.26295018	3.34880996	3.38948989	3.42945004	3.54473996	3.76785040	4.74075031	7.11315060	10.6864204	15.0506983	12.0796194	6.91038036	2.70720005	1.52262008	1.62665987	1.95489001	2.24612999	2.12751007	1.76211011	1.56572986	1.62755990	1.73358011	1.75662005	1.76399994	1.84976983	2.04335999	2.16135001	2.21616006	2.25009012	2.34314990	2.43044996	2.49011993	2.58552003	2.76615000	2.97485995	3.17331052	3.29606962	3.37598991	3.43386006	3.47688007	3.50550008	3.55805969	3.63789010	3.72771001	3.76416039	3.76443005	3.75048018	3.73113012	3.70079970	3.66578984	3.63420010	3.63069010	3.63599992	3.63609004	3.62843966	3.67703986	3.73031998	3.77009964	3.78809953	3.82410049	3.87674999	3.92499018	3.92291975	3.87135005	3.80970001	3.74102998	3.66714025	3.62672997	3.61611009	3.61601996	3.55410004	3.48002982	3.42630005	3.41505027	3.42135000	3.41847014	3.43638039	3.53033996	3.68657994	3.82796979	3.91553974	3.90591002	3.84371972	3.76074004
-50.0000000	3.51297021	3.49794030	3.46985984	3.43997979	3.42512989	3.44897985	3.47624993	3.47247005	3.42719984	3.37500000	3.33629990	3.30488968	3.27951002	3.24998975	3.22370982	3.21740985	3.22208977	3.22776008	3.24053979	3.26178026	3.28346992	3.29409003	3.29354978	3.28940988	3.28994989	3.29130006	3.28995013	3.28239036	3.26412034	3.24152994	3.22893000	3.28995013	3.30183029	3.26952028	3.22235990	3.24198008	3.29255986	3.35690975	3.41946006	3.47076035	3.51711011	3.56301022	3.57201004	3.55392003	3.52079988	3.47391009	3.48588014	3.50379038	3.51360011	3.50766015	3.50280023	3.50873995	3.52224016	3.53025007	3.52953005	3.53312969	3.55148983	3.55985999	3.55311012	3.53699970	3.51620984	3.50135994	3.46643972	3.42413998	3.39039016	3.38093996	3.37662005	3.37058973	3.37544990	3.38228989	3.37239003	3.35052013	3.34529972	3.36176968	3.40127993	3.46509004	3.63159013	3.77082014	3.82013988	3.74201941	3.60693002	3.48894024	3.41271019	3.37104011	3.31856990	3.24926996	3.18545985	3.18950987	3.26565003	3.37535977	3.47634029	3.48344994	3.46446013	3.43656039	3.41541004	3.40002012	3.38589001	3.37050009	3.35448027	3.35448003	3.37616992	3.41226006	3.43637991	3.43673992	3.41018987	3.35367012	3.33890986	3.35745001	3.39669013	3.43791008	3.44826007	3.45375013	3.44970012	3.43215036	3.40155029	3.38229012	3.40398026	3.42684007	3.44088006	3.45744014	3.48722982	3.54824972	3.60629988	3.64230013	3.64580989	3.63555002	3.64544988	3.68144989	3.75678015	3.84137964	3.89754009	3.91959023	3.87306023	3.77189994	3.65147996	3.55013990	3.53196001	3.51008987	3.47129989	3.40182018	3.30317998	3.23352003	3.17979002	3.12173986	3.04938006	2.96846986	2.88179970	2.84489989	2.81753993	2.77649999	2.71961975	2.68163991	2.71134019	2.79846001	2.91348004	2.99403000	3.06351018	3.13785005	3.22488046	3.32045984	3.39128995	3.39038992	3.34619999	3.32676005	3.34053016	3.38193011	3.39156008	3.32901001	3.20877028	3.05568004	2.91906023	2.81492996	2.74832988	2.73024011	2.74418998	2.75337029	2.72492981	2.60271001	2.50244975	2.48417997	2.57130003	2.70756006	2.75247002	2.74185014	2.72240996	2.75822997	2.83059001	2.91167998	2.94227982	2.92221022	2.91410995	2.94146991	2.99897981	3.06107974	3.12533998	3.19715977	3.26340008	3.31505990	3.35889006	3.42098999	3.51611996	3.55185008	3.52359009	3.46310997	3.42728996	3.43233037	3.47994018	3.55095005	3.58875012	3.57255006	3.49857020	3.43161035	3.36770988	3.28941011	3.20462990	3.16574979	3.14216995	3.12372017	3.11391044	3.13640976	3.18680978	3.24036026	3.23217010	3.20103025	3.17042994	3.14792991	3.11741996	3.08285975	3.05783987	3.05909991	3.09159017	3.11633992	3.13919997	3.15719962	3.15926981	3.13650012	3.08501983	3.04118967	3.05045986	3.08780980	3.11084986	3.09294033	3.09141040	3.11112022	3.15540004	3.20444989	3.21344995	3.19742990	3.19770026	3.22146010	3.23370004	3.21615005	3.19131017	3.17177987	3.15891027	3.15369010	3.15873003	3.15792012	3.15819001	3.17033982	3.19140005	3.21237016	3.22226977	3.22397971	3.23387980	3.25628996	3.29427004	3.31902003	3.32441998	3.32378983	3.33071995	3.33756018	3.32253027	3.29012990	3.27303004	3.34116054	3.42972016	3.50549984	3.57200980	3.67379999	3.82364988	4.00680065	4.89087009	7.19397068	10.7762394	15.2805605	12.5870399	7.60031986	3.31415987	1.76166022	1.60380006	1.85345995	2.26772976	2.33324981	2.02976990	1.79306996	1.75652993	1.87002003	1.98855007	2.10429001	2.24847007	2.40300012	2.46554995	2.48552990	2.51585984	2.58453012	2.61648011	2.60172009	2.60748005	2.69019008	2.80655980	2.92086005	2.99151015	3.04596019	3.09906030	3.15746975	3.20616007	3.26483989	3.32693958	3.38643003	3.43358994	3.46643996	3.48417020	3.48803997	3.48101997	3.47012997	3.46599007	3.47921991	3.50550008	3.53465986	3.55887008	3.58578014	3.61241984	3.63770986	3.65778017	3.68541002	3.73184991	3.79233027	3.83354974	3.83282971	3.80430007	3.75443983	3.68684983	3.62511015	3.57704973	3.54617977	3.50891995	3.46248007	3.41802001	3.38346004	3.34934974	3.30965996	3.28410006	3.32198977	3.41982055	3.52485013	3.61305022	3.61368012	3.57299995	3.53178024
-51.0000000	3.32612991	3.34296012	3.34907985	3.34547997	3.33648014	3.33189011	3.32145000	3.30084014	3.26771998	3.22712994	3.18932986	3.15350986	3.13802958	3.13001990	3.12767982	3.13055992	3.13910985	3.15296984	3.17528987	3.20346022	3.23666978	3.25827003	3.26033998	3.25241995	3.25322986	3.26330972	3.27356982	3.26862025	3.24189019	3.20841002	3.18491983	3.19562984	3.16701007	3.11904025	3.08456993	3.09914994	3.14936996	3.21506977	3.28112984	3.33386993	3.37851000	3.42422986	3.45330024	3.45330024	3.43169999	3.39623976	3.39074969	3.39587975	3.41270971	3.43314004	3.44609976	3.46661973	3.49064994	3.50658011	3.50910020	3.50514007	3.50396967	3.50999999	3.51486015	3.52385998	3.53816986	3.54005980	3.51872969	3.47921991	3.43539000	3.40641022	3.38427019	3.36545992	3.36068988	3.37104011	3.38013005	3.37841988	3.36573029	3.34601998	3.33288002	3.33720016	3.41460013	3.54302979	3.64553976	3.66119981	3.58982992	3.49128008	3.41270995	3.35061002	3.28841972	3.23405981	3.20111990	3.22209001	3.27851987	3.33944988	3.38039994	3.37463999	3.37094998	3.37104011	3.37229991	3.36248994	3.34638000	3.32702971	3.31739998	3.33711004	3.39146996	3.46554017	3.50045943	3.48462009	3.42774010	3.38012981	3.35646009	3.35601020	3.37149000	3.38418031	3.38481021	3.38562012	3.37896037	3.36537027	3.35097027	3.35402989	3.38364029	3.40776014	3.40011001	3.38913035	3.39830971	3.45275998	3.51098990	3.55887032	3.58623004	3.59828973	3.62997007	3.70340991	3.81500983	3.91617012	3.97025990	3.98267984	3.94074011	3.85442996	3.74526024	3.62916040	3.56742024	3.52476001	3.48759007	3.43692017	3.35817027	3.31406999	3.29301023	3.26727033	3.22695017	3.17798972	3.11508012	3.06378007	3.01022983	2.94560981	2.87279987	2.83869004	2.86694980	2.95082998	3.01554012	3.01833010	3.01679993	3.06324005	3.16043997	3.26655006	3.37455010	3.46068001	3.48075008	3.48228002	3.48200965	3.45239973	3.36078000	3.22748995	3.12615013	3.06360006	3.04163980	3.03372002	3.06386995	3.08015990	2.99394011	2.82311964	2.62134004	2.51045990	2.53637981	2.64302993	2.77335000	2.83131003	2.83490992	2.83454990	2.87424016	2.93220019	2.96639991	2.98484993	3.01581025	3.05379009	3.07719016	3.04991984	3.03390002	3.05702996	3.13217998	3.20463014	3.23118019	3.24576020	3.28257012	3.36816001	3.50271034	3.60684013	3.65841031	3.65382028	3.61962008	3.59306979	3.60359979	3.65651989	3.70980000	3.72221994	3.68451023	3.62484002	3.56895018	3.48281980	3.37751985	3.29795980	3.24423027	3.20138979	3.16655993	3.16268992	3.19607997	3.25259995	3.26411986	3.23855972	3.21426010	3.22361994	3.21156001	3.19238997	3.16988969	3.14459968	3.12966013	3.11057997	3.10670972	3.13532996	3.18320966	3.22092032	3.19770026	3.14370012	3.11094022	3.10733986	3.13001990	3.12164998	3.12434983	3.13883972	3.17888999	3.23252964	3.24801040	3.21777058	3.19248033	3.19914031	3.23046017	3.25377011	3.23855996	3.20462966	3.18735003	3.19644022	3.21912003	3.22650003	3.22739983	3.23306990	3.24252009	3.24575996	3.23964000	3.24684000	3.27465010	3.29922009	3.31470013	3.32874012	3.36033034	3.40488005	3.45599985	3.47039986	3.46148992	3.44717979	3.44924998	3.46320009	3.45897007	3.48218966	3.60836983	3.80268002	3.96170974	3.97926044	4.46309996	6.09749985	9.23894978	13.4741716	12.4950600	8.49320889	4.06251001	2.13353992	1.64366996	1.81737006	2.23848009	2.40813017	2.26250982	2.08097982	2.02130985	2.10005999	2.22218990	2.36105990	2.50461006	2.60531998	2.61935997	2.59974003	2.61278987	2.67434978	2.71151996	2.70017982	2.67479992	2.69172001	2.74239016	2.78964019	2.80251002	2.83049989	2.88468003	2.95730972	3.01067996	3.07142997	3.13721991	3.19365025	3.20822978	3.21740985	3.22830009	3.23595023	3.24360013	3.25845003	3.27131987	3.30309010	3.35106015	3.40271997	3.45204020	3.49083018	3.51395988	3.51387024	3.51278996	3.52538967	3.56498981	3.62429976	3.67443013	3.69963002	3.70638013	3.70124984	3.67460990	3.62160015	3.56463003	3.52215004	3.49154949	3.44987965	3.40748978	3.35510993	3.29328012	3.22991991	3.18113995	3.16673994	3.19527006	3.24710989	3.30642033	3.33171010	3.32937002	3.32145000
-52.0000000	3.18429041	3.18221998	3.18726015	3.20220041	3.22155023	3.22028971	3.19283962	3.15801001	3.13452005	3.11723995	3.10130978	3.08205009	3.06459022	3.05208015	3.04830027	3.04127979	3.04028988	3.04964972	3.07341003	3.09726000	3.12030005	3.14001012	3.15116978	3.15350986	3.15261030	3.15981007	3.16926003	3.17331004	3.17006993	3.16043997	3.15440989	3.15116978	3.11922002	3.08258986	3.05846977	3.06512976	3.11237979	3.17718029	3.24071980	3.28094983	3.30903006	3.34025979	3.37212014	3.39056993	3.38768983	3.35951996	3.32450986	3.30434990	3.29814005	3.30623984	3.31812000	3.33269978	3.35582995	3.38390946	3.40424991	3.41396999	3.42413998	3.43790984	3.45824981	3.49596000	3.53852987	3.55796957	3.55220985	3.52502990	3.49623013	3.47435999	3.45411062	3.42486024	3.40109968	3.40020013	3.41405988	3.41972995	3.41064000	3.38129997	3.34116006	3.30768037	3.29274011	3.33539987	3.39164996	3.42495012	3.41208029	3.37302017	3.34259987	3.31181955	3.27392960	3.24152970	3.22766995	3.24296999	3.25593019	3.25989008	3.25989032	3.27393031	3.30903006	3.35780978	3.40479016	3.42207026	3.42342019	3.41234994	3.40091968	3.40631986	3.43304992	3.47750998	3.49667978	3.47291994	3.39875984	3.34376955	3.31496978	3.30777001	3.31676984	3.31533003	3.32135987	3.33936024	3.35619020	3.34773016	3.32549977	3.32234979	3.33377981	3.34251022	3.33045006	3.32802010	3.34925985	3.39786005	3.46032023	3.49766994	3.51656985	3.52161002	3.54266977	3.62600994	3.76775956	3.88260031	3.91545010	3.88790989	3.82139993	3.75704980	3.70215011	3.65499043	3.59964013	3.53124022	3.45023990	3.36960006	3.32172036	3.31218004	3.32910013	3.36005998	3.39390016	3.42036009	3.42315006	3.39840031	3.34493971	3.26709008	3.16772985	3.08330989	3.03408003	3.05028033	3.05604029	3.04118991	3.03083992	3.06044984	3.10148978	3.13073993	3.19904995	3.32208014	3.46742988	3.58227015	3.60872984	3.55967975	3.44619036	3.31713009	3.25773025	3.25305009	3.27609015	3.28383017	3.28122020	3.21903014	3.06134963	2.87243986	2.72537994	2.73734999	2.84454012	2.94795012	2.98728013	2.96657968	2.97944999	3.02804995	3.11058021	3.16601992	3.16395020	3.14928031	3.18519020	3.24432015	3.26601005	3.18645000	3.10842013	3.09429002	3.16395020	3.22704053	3.26151013	3.28941011	3.35142016	3.42684054	3.49847984	3.57434988	3.65733027	3.71438980	3.72410989	3.69800973	3.67685986	3.68108964	3.71690965	3.74084997	3.72789049	3.67506051	3.62466025	3.54545999	3.45753002	3.37788010	3.31587029	3.25494027	3.19401002	3.15684009	3.16368008	3.20804977	3.23081994	3.22965026	3.22731018	3.24557996	3.26060963	3.25971007	3.23991013	3.20363998	3.17429996	3.14424014	3.12182999	3.12506986	3.15576005	3.20670009	3.21363044	3.17898011	3.13271976	3.10428023	3.12291002	3.15269995	3.18149996	3.21020985	3.25296021	3.29319024	3.30309033	3.26673031	3.22533011	3.20120978	3.22218013	3.25520992	3.27203989	3.26645994	3.27671981	3.29642987	3.31532979	3.31938004	3.31064987	3.29535007	3.28356028	3.28509021	3.29508018	3.32406020	3.36222005	3.38516998	3.38129997	3.36339021	3.37796998	3.41757011	3.46670985	3.48228002	3.50909972	3.55077004	3.58631992	3.53331017	3.44069982	3.43439984	3.63644958	3.90699005	4.06421995	3.91535997	4.12703991	5.29020023	8.05698013	11.9115896	12.6298819	10.0205994	5.41835976	3.08259010	2.04039001	1.89270020	2.07944989	2.18808031	2.18196011	2.18718004	2.25890994	2.35431004	2.40471005	2.45240998	2.53421998	2.64428997	2.68659019	2.66057992	2.62853980	2.63654995	2.68524027	2.72124004	2.74149013	2.76093006	2.78676009	2.80746007	2.80961990	2.80826998	2.82302999	2.86460996	2.90538001	2.96972990	3.04560018	3.10878015	3.12426019	3.12723017	3.12921000	3.13190985	3.13226986	3.13577962	3.13838959	3.15440965	3.18978000	3.24818993	3.31190991	3.36311984	3.39012003	3.37869048	3.36392999	3.35709023	3.37536001	3.42395997	3.47219992	3.50550008	3.52187991	3.54123044	3.56454062	3.56940031	3.53789997	3.49802995	3.45680976	3.40667963	3.35852981	3.30075002	3.23424006	3.17592025	3.12479997	3.08997035	3.08537984	3.10230017	3.13011003	3.15710998	3.17583013	3.18446994
-53.0000000	3.08726978	3.08528996	3.08088017	3.08340001	3.09591007	3.09366012	3.07070971	3.03831005	3.01635003	3.00626969	3.00239992	3.00779986	3.00878978	2.99888992	2.98053002	2.97188997	2.96846986	2.97017980	2.98098016	2.98484993	2.98152018	2.97603011	2.98143029	2.99736023	3.02193022	3.04218030	3.04893017	3.04713011	3.04803014	3.05874014	3.07773018	3.10058999	3.10212016	3.09302998	3.08295012	3.07826996	3.09050989	3.12515974	3.17096972	3.20624995	3.23207974	3.25799990	3.28059006	3.30047989	3.31019998	3.30003023	3.27555013	3.25791001	3.24774027	3.24828029	3.25430989	3.25097990	3.24305987	3.24494982	3.25637984	3.27068973	3.29273987	3.32405996	3.35987973	3.39767957	3.43457961	3.45527959	3.46022987	3.45375013	3.45510006	3.46401000	3.46886992	3.44745016	3.41739035	3.40290022	3.42009020	3.44438982	3.45311999	3.42774010	3.37896013	3.32702994	3.28085995	3.24782991	3.21344995	3.18239999	3.16268992	3.16134000	3.16808963	3.17879963	3.17844009	3.17429972	3.18320966	3.20435977	3.22227001	3.23549962	3.24180007	3.25323009	3.28274989	3.32738996	3.37914014	3.41964006	3.46293020	3.49821019	3.50775003	3.50405979	3.50270987	3.50513983	3.49433994	3.46023011	3.39084005	3.32550001	3.28221011	3.25772977	3.25160980	3.25619984	3.26141977	3.28275013	3.31713009	3.32361007	3.30758977	3.29930997	3.29697013	3.28778958	3.26753998	3.26357985	3.28076982	3.32208014	3.37716007	3.41144991	3.43430996	3.45087004	3.47670007	3.54392982	3.66345000	3.75893998	3.77675986	3.74039984	3.67379999	3.62133026	3.59172010	3.58731031	3.56274009	3.52026010	3.45393014	3.37077022	3.32838011	3.32981992	3.35763001	3.39200974	3.42962956	3.47111988	3.50423980	3.51260996	3.49110007	3.43655992	3.33386993	3.22641015	3.14037013	3.12327003	3.13424969	3.13992000	3.13397980	3.11715007	3.08727026	3.04956031	3.06585002	3.16529989	3.33143997	3.54041982	3.64085984	3.64302015	3.56139016	3.45986986	3.38462996	3.33234024	3.30363011	3.28509045	3.25332022	3.18249011	3.07359004	2.97648001	2.92526984	2.97197986	3.05486965	3.12444019	3.15728998	3.14892006	3.17123985	3.21174002	3.24944997	3.25907993	3.26151013	3.28149009	3.33540010	3.38130021	3.37491035	3.28662014	3.21282005	3.18735003	3.19688988	3.20823002	3.23819995	3.29615998	3.39003015	3.43089056	3.44492984	3.47597980	3.55833006	3.64203024	3.69485974	3.67766953	3.63095975	3.59405994	3.59702969	3.60980964	3.62681985	3.64382982	3.64157987	3.58307981	3.50135994	3.42090011	3.34665012	3.27014995	3.19158030	3.13011003	3.10769987	3.12696028	3.13461018	3.13650012	3.14442015	3.16511965	3.22092009	3.25098038	3.25269008	3.22614002	3.19419003	3.16565990	3.13011026	3.09843040	3.09581971	3.12912011	3.16592979	3.16647005	3.13794017	3.09590960	3.10059023	3.11733031	3.13722014	3.16817999	3.22551012	3.28779006	3.32532048	3.31479049	3.28581023	3.25584030	3.26051998	3.28472996	3.30705023	3.31227016	3.31767011	3.32378983	3.33062983	3.35115004	3.37437034	3.39129019	3.39668989	3.39281988	3.40118980	3.42882013	3.45879054	3.46499991	3.44042969	3.39056993	3.37374020	3.38625002	3.41289020	3.42234015	3.46653008	3.54131985	3.61665010	3.58983040	3.50055003	3.47309995	3.65039992	3.90005994	4.01931000	3.81131983	3.87386966	4.72509003	6.90650988	10.2504597	11.7116098	10.6964989	7.19504929	4.67361021	3.13137007	2.44250989	2.14596009	1.97198999	1.93634987	2.11689019	2.39651990	2.63249993	2.66679001	2.60207987	2.58939028	2.67218995	2.75094008	2.74364972	2.69523001	2.66273975	2.70359993	2.76057005	2.80656004	2.83149004	2.84346032	2.84211016	2.82410979	2.79179978	2.77038002	2.78135991	2.81754017	2.88845992	2.96460009	3.00780034	3.01643991	3.01517987	3.01653004	3.02058005	3.01607990	3.00311995	2.98889995	2.99628019	3.02742004	3.08448005	3.15971971	3.21587968	3.24233985	3.22676992	3.20796013	3.19553971	3.19985986	3.23207998	3.27482986	3.30794978	3.32765985	3.35699987	3.40784979	3.45950985	3.46625996	3.43818021	3.38661003	3.33521962	3.28877974	3.23757005	3.17556000	3.11111999	3.06197977	3.03417015	3.03147006	3.03768015	3.03983998	3.03642011	3.04344010	3.06180000
-54.0000000	3.00528026	3.02013016	3.01185012	2.99025011	2.96595001	2.94633031	2.92851019	2.91771007	2.91635990	2.91608977	2.91275978	2.91924024	2.92670989	2.92779016	2.91681027	2.91132021	2.91429019	2.92329001	2.93346000	2.93526006	2.92311001	2.89521027	2.86614013	2.85219002	2.85678005	2.87487006	2.89080000	2.90393996	2.91582012	2.94075012	2.97998977	3.03174019	3.08763003	3.12372017	3.13407016	3.12165022	3.10319996	3.09446979	3.10634995	3.12425995	3.13029003	3.13020015	3.14046001	3.15881991	3.18302989	3.21443987	3.22307992	3.21804023	3.20795989	3.20066977	3.18663001	3.17339993	3.16151977	3.15522003	3.15737987	3.16836023	3.19563031	3.23243999	3.26978993	3.29291987	3.29652023	3.29508018	3.29607010	3.30939007	3.32405996	3.34098005	3.35358000	3.35457015	3.34538960	3.33863997	3.35105991	3.37293005	3.38795996	3.38480997	3.36734986	3.33153009	3.27195024	3.18761992	3.10580993	3.03587985	2.99330997	2.98394966	2.99717975	3.02552962	3.04199982	3.05261970	3.08195972	3.12317991	3.17987990	3.23450971	3.27122974	3.30173993	3.33189011	3.35907030	3.38778019	3.43124986	3.48560977	3.53663993	3.56373000	3.57056975	3.56850004	3.55454993	3.52097988	3.46535993	3.38372993	3.31334996	3.26430011	3.23711991	3.23090982	3.23487020	3.24773979	3.26330972	3.26852989	3.25799990	3.23613000	3.22271991	3.21660018	3.20985007	3.19590044	3.19976997	3.21605992	3.24152970	3.27887964	3.31271958	3.35375977	3.40173006	3.44240999	3.48542976	3.54221988	3.59379005	3.62807965	3.65237999	3.65327954	3.64256978	3.62835002	3.61080003	3.55598974	3.49416018	3.42638993	3.37049961	3.36239982	3.37229991	3.39272976	3.39830947	3.38157010	3.36276007	3.35061002	3.36338997	3.38777971	3.39992952	3.35708976	3.29273987	3.23657990	3.23576999	3.24413991	3.23603988	3.19896007	3.13947010	3.08915997	3.06648016	3.09834027	3.17889023	3.30390024	3.50378990	3.68613005	3.79907990	3.81626987	3.73319983	3.61898994	3.49317002	3.38571000	3.32082009	3.26610017	3.20256019	3.13929009	3.10050011	3.09221983	3.11274004	3.15368986	3.21677971	3.30471015	3.33873010	3.32838011	3.28958988	3.24351001	3.23217010	3.25484991	3.29624987	3.33243012	3.34997988	3.33612037	3.30174017	3.28841972	3.28292990	3.23415017	3.16493964	3.15755963	3.21227980	3.29912996	3.31884003	3.31478977	3.33791995	3.42818999	3.52619982	3.58254004	3.56975985	3.53034019	3.49253988	3.45761991	3.43683004	3.44690967	3.48857999	3.52187991	3.50225997	3.45015001	3.39282012	3.35781002	3.32018995	3.26213980	3.18464994	3.12317991	3.09816003	3.07962036	3.06243014	3.05766034	3.07602024	3.15090036	3.20354986	3.23099971	3.22686005	3.20426989	3.18590999	3.15693021	3.11003995	3.07493997	3.07935023	3.11598015	3.13902020	3.13055992	3.07862997	3.05091000	3.04227018	3.04587007	3.07404017	3.13334990	3.20499015	3.26529026	3.29022026	3.29247022	3.28248024	3.27122998	3.26942992	3.27491999	3.27348018	3.26817012	3.26654983	3.27060008	3.29525995	3.34592986	3.39435029	3.41613007	3.40560031	3.40794039	3.43314004	3.48210001	3.51350999	3.49658990	3.43098021	3.38634014	3.37058997	3.37365007	3.37482023	3.40308022	3.45932984	3.52664971	3.54051018	3.49721980	3.47139001	3.57795000	3.75821996	3.86757016	3.75137997	3.69855022	4.01652002	5.04476976	6.98246956	8.51012993	9.19664955	8.47484970	6.90965986	5.24681997	3.84732032	2.88503981	2.25485992	2.01150036	2.19951010	2.56904984	2.89404011	2.93985033	2.81709003	2.75130010	2.82113981	2.92922997	2.94687009	2.90178013	2.83833003	2.82743979	2.85615015	2.89394999	2.91320992	2.91348004	2.89790988	2.83986020	2.77731013	2.73771000	2.73042035	2.75121021	2.79063010	2.83319998	2.85875988	2.86703992	2.87792993	2.89610982	2.90537977	2.89160991	2.86316991	2.84724021	2.85326982	2.87684965	2.91707993	2.97089982	3.01121950	3.03534007	3.04794002	3.05801988	3.07223988	3.09006000	3.11535001	3.15387011	3.18258023	3.19437003	3.21732020	3.27023983	3.34664989	3.38768959	3.37860012	3.32117987	3.26295042	3.21255040	3.16386008	3.10905004	3.04695010	2.99898028	2.97684002	2.97900009	2.97738004	2.95875001	2.93426991	2.93067002	2.95497012
-55.0000000	2.89566016	2.89457989	2.88620973	2.87343001	2.86415982	2.85453010	2.84463000	2.84103036	2.84472013	2.84787011	2.84354997	2.83527017	2.83698010	2.84039998	2.84220004	2.83743000	2.83662009	2.83995008	2.84148002	2.84580016	2.84679031	2.83248019	2.80323029	2.76966000	2.74347019	2.73024011	2.74122024	2.77272034	2.82060003	2.86794019	2.91690016	2.96658015	3.02319002	3.06719995	3.09536982	3.11012983	3.11480975	3.10914016	3.10167003	3.10409999	3.09869981	3.08249974	3.06737995	3.07548022	3.10311007	3.15008998	3.17690992	3.17861986	3.15999007	3.13064981	3.10346985	3.08555984	3.07799959	3.07242012	3.07638001	3.09393001	3.12228012	3.15549016	3.18933010	3.22289991	3.24305987	3.26448011	3.28815007	3.30894017	3.32901001	3.34214997	3.33881998	3.32613015	3.31037998	3.29669952	3.28265977	3.27321005	3.27176976	3.27887988	3.29300976	3.28059006	3.23316002	3.14621973	3.07206011	3.01553988	2.98268986	2.96360993	2.96315980	2.98025990	2.99762988	3.03623986	3.09338975	3.15837002	3.20544004	3.25242019	3.29805017	3.32981992	3.35294986	3.36518979	3.37859988	3.40703988	3.44519997	3.48137999	3.51377964	3.52034998	3.50477982	3.47435975	3.42962980	3.37040997	3.30111003	3.25169992	3.21029973	3.17924976	3.17321992	3.17709017	3.19166994	3.20705986	3.20859003	3.19490981	3.17537975	3.16358995	3.17592001	3.19788027	3.22316980	3.24090004	3.25503016	3.26591992	3.28013992	3.29409027	3.31649995	3.36366010	3.42062974	3.46409988	3.48075008	3.49533010	3.53132987	3.58559990	3.63896990	3.68045998	3.70314002	3.70611024	3.61988974	3.51800990	3.41118002	3.34601998	3.31874990	3.31839013	3.33828044	3.34782028	3.33342028	3.30740976	3.28544998	3.27788973	3.28941011	3.31245017	3.30884981	3.28472948	3.25728011	3.27123046	3.27600026	3.26006985	3.21264005	3.15153003	3.10527015	3.10167003	3.14154005	3.21057010	3.30885053	3.45420003	3.66056943	3.84587979	3.98348999	3.94965005	3.84039021	3.67208982	3.49748993	3.37032008	3.29579997	3.26511025	3.25557017	3.27141023	3.29534984	3.31326008	3.31802964	3.34809017	3.41451001	3.44583035	3.41055036	3.32973003	3.28005004	3.28833008	3.32982016	3.34916973	3.31955981	3.27266979	3.24881983	3.25808954	3.29183984	3.29553032	3.24152994	3.16853976	3.15207005	3.18455958	3.21083951	3.20813990	3.20867991	3.25917006	3.34395027	3.41198993	3.43098021	3.41162968	3.38958001	3.38157010	3.38166022	3.34521031	3.31614041	3.30345011	3.30839992	3.29525995	3.27438021	3.27636003	3.30947995	3.34151959	3.32909989	3.26303983	3.18681002	3.13631988	3.11291981	3.10104036	3.10373998	3.12381029	3.18608999	3.23810983	3.27572989	3.28112960	3.26960993	3.25178981	3.22208977	3.17996979	3.14235020	3.12255025	3.11831999	3.12030005	3.11805010	3.10328960	3.06512976	3.03390002	3.01536012	3.05603981	3.11390972	3.17537975	3.21390009	3.24026990	3.25872016	3.27393031	3.28877997	3.29102993	3.29481006	3.30497980	3.32153988	3.33143997	3.33135009	3.32432961	3.32495999	3.32873988	3.33423018	3.33404994	3.35808015	3.41972995	3.50784039	3.56157017	3.55554032	3.49866033	3.44187021	3.40452003	3.38499022	3.37392020	3.36816001	3.37653017	3.42108011	3.44888997	3.45483017	3.47139001	3.55761003	3.72959995	3.90329981	3.98529005	3.91940975	3.84479976	3.87251973	4.47048044	5.41637993	6.59169006	7.69257069	8.12420940	7.56072092	5.62373972	4.03217983	2.99645996	2.58101988	2.61081004	2.89431000	3.11670017	3.12893987	2.97009015	2.88072014	2.91276002	3.05252981	3.11841011	3.10670996	3.02255988	2.96855998	2.94966006	2.95190978	2.95245004	2.93535018	2.89089012	2.80989003	2.73906016	2.69559002	2.68002009	2.68289995	2.69370008	2.71152020	2.72627997	2.73861027	2.75895000	2.79143977	2.82194972	2.81852961	2.79296970	2.77676988	2.78189993	2.79927015	2.82537007	2.83319998	2.83724999	2.84535003	2.88396001	2.91860986	2.95010996	2.97764993	3.00744033	3.03893995	3.06117010	3.07196975	3.08664012	3.12380981	3.19086003	3.25196981	3.27491999	3.25539017	3.22056007	3.18951011	3.15549016	3.10778999	3.05901027	3.01553988	2.98574996	2.97089982	2.95415998	2.92662001	2.89629006	2.88233995	2.88225007
-56.0000000	2.79999018	2.79468012	2.80080009	2.81772017	2.83481979	2.83202982	2.81250000	2.79233980	2.77722001	2.76894021	2.76039028	2.74608016	2.74346972	2.75480986	2.77694988	2.77857018	2.76696014	2.74203014	2.73015022	2.72583008	2.72718000	2.72339988	2.71296024	2.69577026	2.67461991	2.66436005	2.67309022	2.69892001	2.74382997	2.79368997	2.84553003	2.89547992	2.93571019	2.96613026	2.99933982	3.02975988	3.05648994	3.07304978	3.07881021	3.07610989	3.06315017	3.04010987	3.00815988	2.98341012	2.98151994	3.00528002	3.03506994	3.06431985	3.08069968	3.08411980	3.08204985	3.08285999	3.08159995	3.07242012	3.06107998	3.06845975	3.09788990	3.14271021	3.16854024	3.18789029	3.20516992	3.23613000	3.26637006	3.29436016	3.31452012	3.31497002	3.28968000	3.25574970	3.23009992	3.22119021	3.21876001	3.20462990	3.19950008	3.20247006	3.20238018	3.15917993	3.09303021	3.02057981	2.97710991	2.95299006	2.94192028	2.92895985	2.91113973	2.90339971	2.91960001	2.97980976	3.05883026	3.13281012	3.17439008	3.20274019	3.21920991	3.23207998	3.23153996	3.22281003	3.23504996	3.26753998	3.31794000	3.36870003	3.40640998	3.41081977	3.38715005	3.34583998	3.28518009	3.21794987	3.15783024	3.12146997	3.09735012	3.08817029	3.08430004	3.08151031	3.08313012	3.09068990	3.09546018	3.08925009	3.07854009	3.08196020	3.11643028	3.17385006	3.22217989	3.24882007	3.25665021	3.24072003	3.22910976	3.22064996	3.23234987	3.26232004	3.31235981	3.36284995	3.38445020	3.38777995	3.39893985	3.42891002	3.47930980	3.53816986	3.60980940	3.65705991	3.65030980	3.58361959	3.49883962	3.41910005	3.34692001	3.29148006	3.25881004	3.24657011	3.24035978	3.23414969	3.22712994	3.22047019	3.22623014	3.23801994	3.24674988	3.21758986	3.20769000	3.22713017	3.25530028	3.26411986	3.24621010	3.21075010	3.17295027	3.14631033	3.14325023	3.17223024	3.24036002	3.34430981	3.51288009	3.68684983	3.82131004	3.82661986	3.75200987	3.64086032	3.53861976	3.47498941	3.44447994	3.45348001	3.49425006	3.54167986	3.56039977	3.53988004	3.48632979	3.45635962	3.45932984	3.48777008	3.45726013	3.38075972	3.33954000	3.32766008	3.33306003	3.32207990	3.28031993	3.23135996	3.20616007	3.21813011	3.23882985	3.24116993	3.20787001	3.19437027	3.20417976	3.21785975	3.18815994	3.15233994	3.15018010	3.19220996	3.24054003	3.26124001	3.25071025	3.22416019	3.21642017	3.23649001	3.25008011	3.23045993	3.19427991	3.17276978	3.15621018	3.13344002	3.10634995	3.11292005	3.17052007	3.25899005	3.31065011	3.28302002	3.21029997	3.15404987	3.13235998	3.13596010	3.16358995	3.21444011	3.27501011	3.31676984	3.31757975	3.29607010	3.27338982	3.25268960	3.22955990	3.19868994	3.16206002	3.12642002	3.10373998	3.09671998	3.09564018	3.08538032	3.05468988	2.99070024	2.94848990	2.95326018	3.02346039	3.09708023	3.15827990	3.20732999	3.24918008	3.27662992	3.29058003	3.28562999	3.27987003	3.28652978	3.31326008	3.33612013	3.34772992	3.34268975	3.32864976	3.32333994	3.33773994	3.34664989	3.35376000	3.37077022	3.40740013	3.43593025	3.44168997	3.42810035	3.40929008	3.39407992	3.38192987	3.36554980	3.34862971	3.33863974	3.37031984	3.40181994	3.43548036	3.47670007	3.53349018	3.63842988	3.77873993	3.92948985	4.00094986	3.98538017	3.83751011	3.86820030	4.15214968	4.84865999	5.78096962	6.58313990	6.71732998	5.81957960	4.67639971	3.73409986	3.26087976	3.21074986	3.32666993	3.38795996	3.26772046	3.08673024	2.92886996	2.95857000	3.03506994	3.09978008	3.09483004	3.05684996	3.01806021	2.99007010	2.97305989	2.93669987	2.87172031	2.78928018	2.71566010	2.66507983	2.64627004	2.64996004	2.66310024	2.68380022	2.70818996	2.72403002	2.72114992	2.70774007	2.70179987	2.71466994	2.72915983	2.73212981	2.73041987	2.73059988	2.74436998	2.75678992	2.75570989	2.74527025	2.73996019	2.75076032	2.77199984	2.79629993	2.83049989	2.87820005	2.92329001	2.95146012	2.96361017	2.96810985	2.98565984	3.01976991	3.05748034	3.08403015	3.10004997	3.10751987	3.10212016	3.08835030	3.06621003	3.03318000	2.99717999	2.96442008	2.94074988	2.91573000	2.89134002	2.87163019	2.84822989	2.82384014
-57.0000000	2.74383020	2.74436998	2.75786996	2.78018975	2.78568006	2.76326966	2.71862984	2.69100022	2.68695021	2.69567990	2.69262004	2.66643000	2.63430023	2.62250996	2.62656021	2.63655019	2.62890005	2.61711001	2.60945988	2.60946012	2.60406017	2.58948016	2.57499003	2.56410027	2.56779003	2.59847999	2.63547015	2.66616011	2.68632030	2.72618985	2.78198981	2.83689022	2.88117027	2.90816998	2.92419004	2.94192004	2.96378994	2.97080994	2.96406007	2.94713998	2.92932010	2.91869998	2.91113997	2.88665986	2.86785007	2.85893965	2.87891960	2.91158986	2.95586991	2.99042988	3.01599002	3.03093004	3.04712987	3.05603981	3.06116962	3.07322955	3.10382986	3.14747977	3.18185997	3.18150020	3.15638995	3.14306998	3.13884020	3.14909983	3.16116023	3.16637993	3.15441012	3.12264037	3.09780002	3.08925009	3.08564997	3.07629013	3.06108022	3.03138018	2.98826981	2.93040013	2.87234998	2.83248019	2.81970000	2.82465029	2.83337998	2.83382988	2.82239985	2.80620003	2.80682993	2.84624982	2.92356014	3.01148987	3.07359028	3.11949015	3.15485978	3.16394997	3.16215014	3.14630985	3.13802981	3.14577007	3.17690992	3.21650982	3.24044991	3.23927951	3.22505999	3.19041014	3.14243984	3.09510016	3.05613017	3.02832031	3.03462005	3.04344034	3.04740000	3.04118967	3.03767967	3.03641987	3.02156997	3.00114012	2.98998022	3.00455999	3.03497982	3.06756020	3.08619022	3.10086036	3.11598015	3.13074017	3.14469004	3.16350007	3.19230032	3.21723008	3.23442030	3.25376987	3.25836015	3.24846005	3.24341989	3.27204013	3.32703018	3.40011001	3.47858977	3.55068016	3.58469987	3.58199954	3.54312015	3.47544026	3.39876008	3.32469010	3.26996994	3.24539995	3.24018002	3.22704005	3.20292020	3.17600989	3.16989017	3.17457008	3.18428993	3.17385006	3.17123985	3.17925024	3.20508003	3.21669006	3.20580006	3.18932986	3.17052007	3.16332006	3.18078017	3.22496986	3.28680015	3.35574007	3.45284963	3.56553030	3.61800003	3.61736989	3.56355023	3.50901008	3.48740983	3.51764965	3.56480980	3.61800003	3.66650987	3.70394969	3.69512987	3.65210986	3.59523010	3.58452010	3.61638021	3.60845995	3.56346011	3.48065996	3.42044973	3.37211967	3.33089972	3.28796983	3.26438999	3.26393986	3.26834965	3.25511980	3.22632003	3.19050002	3.16980004	3.17060995	3.20345974	3.20670009	3.16808987	3.12939000	3.10886979	3.11210990	3.11669993	3.10221004	3.07070994	3.04056001	3.03093004	3.03371978	3.02516985	3.00041986	2.96675992	2.98763990	3.01031995	3.03021026	3.03354025	3.05568004	3.12119961	3.21714020	3.29220033	3.30372024	3.25061989	3.18834019	3.14892006	3.15548992	3.18536997	3.22767019	3.25304985	3.26457000	3.25340986	3.21407986	3.16962004	3.12993002	3.10104012	3.08861995	3.08213997	3.06324005	3.03813004	3.01914001	3.02355003	3.01509023	2.99160004	2.92607999	2.87981987	2.86614013	2.92338014	2.99825978	3.07151961	3.11885977	3.15117002	3.17735982	3.19706988	3.20229006	3.20057988	3.21101952	3.22704005	3.24260998	3.25386000	3.25584006	3.25259972	3.27077985	3.29733014	3.31649995	3.31452012	3.30408025	3.29436016	3.28338003	3.29535007	3.32108998	3.33584976	3.33558011	3.32208014	3.30786014	3.30002952	3.30299973	3.31910968	3.34853983	3.39524984	3.44762993	3.46697998	3.45626998	3.45068979	3.50594974	3.60845971	3.77225971	3.87242985	3.94191003	3.86603999	3.91940975	4.09463978	4.33475971	4.46967030	4.38263988	4.11218977	3.83274007	3.66974998	3.63159037	3.60161996	3.51728964	3.31928992	3.14037037	2.99844027	3.00896978	3.02912998	3.05162978	3.04506016	3.03786016	3.05153990	3.08825970	3.08573985	3.02148008	2.93274021	2.84211016	2.76525021	2.70692992	2.67930007	2.67300010	2.69126987	2.71440005	2.73528004	2.72457004	2.69567966	2.65517974	2.61783004	2.60469007	2.61917996	2.64095998	2.65886974	2.67012000	2.68632007	2.69882989	2.70873022	2.67326999	2.64455986	2.63024998	2.64527988	2.67732000	2.72474980	2.77424979	2.81771994	2.84679008	2.85731983	2.85642004	2.85435009	2.85857987	2.86541986	2.87108994	2.89476013	2.90969992	2.90700030	2.89584017	2.88773990	2.88314986	2.87667012	2.86109996	2.83697987	2.81142020	2.79603028	2.78811026	2.77713013	2.76191998
-58.0000000	2.62232995	2.59631991	2.58057022	2.57904005	2.58327007	2.58255029	2.57544017	2.57499003	2.58263993	2.58965993	2.58129001	2.54915977	2.50559998	2.47761011	2.46105027	2.45196009	2.44665003	2.44133997	2.44143009	2.45718002	2.46995997	2.47419024	2.47715998	2.49237013	2.52549028	2.57814026	2.62350011	2.65221024	2.65094995	2.65032005	2.65788007	2.68793988	2.71440005	2.73401999	2.73672009	2.74347019	2.76471019	2.79270005	2.80034995	2.79216003	2.80142999	2.82770991	2.85965991	2.87936974	2.88405013	2.87640023	2.86893010	2.86659002	2.86821032	2.86677003	2.85651016	2.83823991	2.83553982	2.85597014	2.89493990	2.93183970	2.96577001	2.99799013	3.02273989	3.03561020	3.03750014	3.03821993	3.05036974	3.08231974	3.13559985	3.17537999	3.17537999	3.13964987	3.08367014	3.02391005	2.97612000	2.92923021	2.87766027	2.82212996	2.78037000	2.75121021	2.76426005	2.78226018	2.80206013	2.81268024	2.82968998	2.85416985	2.86568999	2.86181998	2.85489011	2.87090993	2.92688990	3.00329995	3.07106996	3.09717035	3.08898020	3.04622984	3.00203991	2.95658994	2.91654015	2.88494992	2.86667991	2.85795021	2.86397982	2.87892008	2.89125013	2.90385008	2.91563988	2.92473030	2.93193007	2.93769002	2.94209981	2.94686985	2.95460987	2.96649003	2.97656989	2.97908998	2.97062993	2.96522999	2.97801018	3.01167011	3.04956007	3.07467008	3.05982018	3.04695010	3.04461026	3.06980991	3.10292983	3.14261985	3.17411995	3.19490981	3.19788003	3.18608999	3.17087984	3.16691995	3.18122983	3.22442985	3.28346992	3.33521986	3.37103987	3.39758992	3.40695000	3.40731001	3.39255023	3.36042023	3.32523036	3.29471993	3.27330017	3.27600002	3.29246998	3.29445004	3.26835012	3.22461009	3.17043018	3.13596010	3.12255025	3.12048030	3.11391020	3.10014009	3.08025002	3.05261993	3.01959014	2.99178004	2.98223996	3.00986981	3.08348989	3.20184016	3.32892013	3.41072989	3.47255993	3.52637959	3.56156969	3.56912971	3.53717947	3.47931004	3.44960999	3.47877026	3.53880024	3.60009003	3.63815999	3.64787984	3.62133002	3.58064985	3.56642985	3.58379984	3.62474966	3.61223984	3.56796002	3.48723006	3.42162037	3.37941027	3.36240005	3.33710957	3.31964993	3.31830001	3.32882977	3.30434966	3.25196981	3.19490981	3.15908980	3.14063978	3.15647984	3.15125990	3.11957979	3.08402967	3.05621982	3.03488994	3.00006008	2.96352005	2.93148017	2.90258980	2.88009024	2.85948038	2.83472991	2.80548000	2.77361989	2.80304980	2.84445000	2.89998031	2.96262002	3.03039002	3.10680056	3.18546033	3.24206996	3.25458026	3.21993041	3.15917993	3.10229993	3.09024000	3.10247993	3.12669015	3.12074995	3.10760999	3.08537984	3.05522966	3.02093983	2.98835993	2.96595001	2.95514989	2.95110011	2.95164013	2.93372989	2.90636992	2.90159988	2.90826011	2.91734982	2.91878986	2.91681004	2.91455984	2.92995000	2.94057012	2.94075036	2.93823004	2.95505953	2.99762988	3.05540991	3.11876965	3.17816997	3.21408010	3.22515011	3.21857977	3.19860005	3.17772007	3.15260983	3.13703990	3.13416004	3.15026999	3.17708993	3.20894980	3.23882961	3.26394010	3.28085995	3.29265022	3.29247022	3.27123022	3.23406005	3.21389985	3.20814013	3.22145963	3.24593997	3.28310990	3.34080005	3.41450977	3.46994972	3.48605990	3.46301985	3.45077991	3.46860003	3.53753996	3.61493993	3.68982005	3.61386037	3.53601027	3.48200989	3.55122042	3.67272019	3.79800010	3.84291053	3.77415013	3.61899018	3.44700003	3.29264998	3.15855026	3.04443026	2.97746992	2.94605994	2.98548007	3.01239014	3.01562977	2.99519992	2.98835993	3.01670980	3.06449986	3.08385015	3.05612993	3.00086999	2.94407988	2.88873005	2.81546998	2.74499989	2.68046999	2.63853002	2.61359978	2.60774994	2.59335017	2.57543993	2.55122995	2.51819968	2.49561000	2.49381018	2.51145005	2.53367996	2.55293989	2.57372999	2.59857011	2.62962008	2.59874988	2.56067967	2.52108002	2.52260995	2.54852986	2.59541988	2.64329982	2.68227005	2.70495009	2.71566010	2.70449996	2.68343973	2.67110991	2.67327023	2.68775988	2.70882010	2.71341014	2.69747996	2.67443991	2.66282988	2.67164993	2.68487978	2.68361974	2.66192985	2.63267994	2.61674976	2.61467981	2.63115001	2.63403010
-59.0000000	2.51460004	2.48967004	2.46923995	2.45988011	2.47653008	2.50523996	2.53152013	2.53233004	2.51163006	2.48003960	2.44997978	2.42531991	2.40821981	2.41370988	2.42585993	2.44106984	2.43467999	2.42324996	2.41119003	2.41532993	2.43620992	2.47194004	2.50182009	2.52872992	2.55888009	2.59443021	2.60946012	2.60684991	2.59011006	2.57048988	2.55401993	2.53925991	2.52882004	2.52377987	2.53161025	2.55770993	2.60856009	2.66535020	2.70801020	2.72754002	2.73510027	2.74220991	2.75283003	2.76435018	2.77479005	2.78306985	2.78702998	2.79711008	2.81348991	2.82762003	2.82942033	2.82051015	2.82555008	2.84256005	2.85794997	2.86082983	2.86434007	2.87190008	2.89098001	2.90456963	2.91312003	2.91500998	2.92868996	2.96009970	3.01094985	3.05702996	3.07457995	3.05378962	3.00797987	2.95037985	2.89035010	2.83491039	2.78801990	2.76426005	2.75994015	2.76453018	2.80197024	2.82870007	2.83463979	2.80700970	2.77928996	2.76695991	2.76444006	2.76542997	2.77145982	2.78225970	2.82410979	2.88251972	2.91879010	2.91069007	2.86641026	2.77821040	2.70071983	2.64311981	2.61594009	2.60460019	2.60855985	2.61899972	2.63682008	2.66112018	2.68497014	2.71017003	2.73743987	2.77524018	2.80719018	2.83184981	2.84075999	2.84913015	2.85984015	2.87370038	2.88584995	2.89170003	2.89475989	2.90303993	2.92086005	2.94606018	2.97449994	2.99754000	2.99421000	2.98449016	2.97621012	2.98709989	2.98692012	2.97315001	2.95091987	2.93769002	2.94389987	2.96387982	2.99474978	3.03245997	3.07350016	3.10635018	3.13281035	3.15396023	3.15801048	3.14685035	3.16557026	3.18366003	3.19706988	3.18878984	3.16646981	3.14189982	3.13766980	3.15792012	3.18582010	3.19814992	3.18149996	3.14675999	3.09276009	3.05234957	3.02732968	3.03650999	3.05675983	3.08574009	3.09672046	3.09474015	3.08015990	3.05918980	3.05144978	3.07215023	3.11580014	3.18492007	3.26303983	3.33171010	3.38094020	3.41702986	3.45888019	3.49407029	3.51306033	3.50612998	3.50037003	3.50928020	3.52638006	3.54770994	3.55733967	3.53807998	3.50243998	3.46967983	3.46527004	3.46661973	3.46824026	3.41685009	3.35735989	3.29616022	3.27150011	3.26313019	3.26429987	3.25737023	3.24927020	3.24594021	3.25223994	3.25494027	3.24963021	3.22911000	3.19751978	3.15917993	3.13263011	3.11400008	3.10085988	3.07898998	3.04758000	3.00176954	2.94236994	2.88782978	2.84850001	2.81934023	2.79855013	2.78082013	2.76426005	2.74445987	2.72222996	2.74409962	2.77794003	2.82771015	2.89404035	2.95965028	3.01689005	3.06414008	3.09671998	3.10914016	3.10122013	3.06666017	3.02157021	2.98323011	2.96342993	2.95244980	2.94371986	2.93399954	2.92391992	2.92031980	2.91482997	2.91005993	2.91285014	2.90879989	2.89116001	2.86262989	2.82896996	2.79809976	2.78936982	2.80359006	2.83193994	2.84814000	2.86082983	2.86947012	2.86443019	2.84966993	2.83085990	2.82824993	2.85443997	2.90808010	2.97072005	3.02309990	3.05945992	3.07394981	3.06998968	3.05460000	3.06818986	3.06729031	3.04811978	3.02066994	3.00671983	3.01886964	3.04820991	3.08322001	3.10914016	3.12263989	3.12272978	3.12020969	3.13362002	3.14982009	3.16799998	3.15701985	3.15900016	3.17331028	3.17411995	3.17096996	3.17718005	3.20975995	3.27410984	3.34664989	3.38921976	3.37104011	3.31551027	3.24765015	3.21561050	3.21480012	3.28490996	3.38552999	3.52133989	3.63897014	3.69512987	3.62214017	3.43476009	3.19427991	2.97036004	2.80467010	2.72708988	2.71106982	2.76119995	2.82653999	2.89394999	2.92194009	2.91464996	2.86713004	2.82248998	2.80413008	2.81700015	2.83077025	2.82096004	2.78369999	2.73815989	2.70216012	2.67057014	2.62170005	2.54952002	2.45744991	2.41523981	2.39949012	2.41263008	2.42252994	2.42891979	2.42324996	2.39912987	2.38032007	2.37663007	2.37320995	2.37402010	2.38320017	2.41010976	2.45493007	2.51064014	2.50118995	2.48075986	2.44899011	2.43270016	2.43504000	2.46203995	2.49345016	2.51919007	2.54078984	2.56887007	2.57633996	2.56428003	2.54033995	2.52099013	2.51010013	2.52026987	2.51712012	2.49300027	2.45385003	2.42810988	2.42639971	2.43198013	2.43504000	2.42999983	2.41839004	2.41964984	2.43530989	2.46707988	2.49398994
-60.0000000	2.36025000	2.37662983	2.38203001	2.37447000	2.37645006	2.38256979	2.38742995	2.38499999	2.36259007	2.32721996	2.29733992	2.29193974	2.30498981	2.33756995	2.37069011	2.40192008	2.40183020	2.40057015	2.39876986	2.40317988	2.41073990	2.41784978	2.41622996	2.40821981	2.40047979	2.40174007	2.40317988	2.40732002	2.41920018	2.43810010	2.45970011	2.45978999	2.46239996	2.47220993	2.48724008	2.51028013	2.54214001	2.57427001	2.59496975	2.59614015	2.58138013	2.55176997	2.51891994	2.50127983	2.49884987	2.50874972	2.56437016	2.62655997	2.69541001	2.74553990	2.78558993	2.81079030	2.82231021	2.82969046	2.84355021	2.86362028	2.87649012	2.88522005	2.91429019	2.92068005	2.90438986	2.85299993	2.80790997	2.77235985	2.76578975	2.76812983	2.76794982	2.75598001	2.75273991	2.76038980	2.76039004	2.74454999	2.72322011	2.70872998	2.69505024	2.68083000	2.69000983	2.68722010	2.66319013	2.61963010	2.57931018	2.54943013	2.52558017	2.51037025	2.50955987	2.52045012	2.55968952	2.61459017	2.66967010	2.69865012	2.70612001	2.69198990	2.68830013	2.69936991	2.72556019	2.75660992	2.78909969	2.82158995	2.84363985	2.85101986	2.85048008	2.83067966	2.80385995	2.80710006	2.84066987	2.89340973	2.93048978	2.94560957	2.93210983	2.89412999	2.84633970	2.79665995	2.75949001	2.73977995	2.72988009	2.71710014	2.71269011	2.72601008	2.77919984	2.83364964	2.88441014	2.89007974	2.88440990	2.86191010	2.82779980	2.80349994	2.80700970	2.83761001	2.89376998	2.95802975	3.00761986	3.03767991	3.05460000	3.05190015	3.05298018	3.06081033	3.12884998	3.20193005	3.26565003	3.26259017	3.22614002	3.16808987	3.11850023	3.08502007	3.06342006	3.04172993	3.01779032	2.99574018	2.99835014	3.00518990	3.01238990	3.02840996	3.05054998	3.08051991	3.10356021	3.13227034	3.16331983	3.18131995	3.17951989	3.16719007	3.16250992	3.17313004	3.19211984	3.21120000	3.22793984	3.24746990	3.26240969	3.28589988	3.32126975	3.36482978	3.40398002	3.42297006	3.41784000	3.40442991	3.38715029	3.36051035	3.34359002	3.33837008	3.34331989	3.34016991	3.32774973	3.26402974	3.20984983	3.17052007	3.14748001	3.13065004	3.12012029	3.11040020	3.10184979	3.09599996	3.09555006	3.11049032	3.13488007	3.15333009	3.14523005	3.11589003	3.09429026	3.07313991	3.05046010	3.01374006	2.98251009	2.95749021	2.92527032	2.88135004	2.83221006	2.78963971	2.74986005	2.71367979	2.68145990	2.66912985	2.67317986	2.71520996	2.76065969	2.80935001	2.84625006	2.88269997	2.91914988	2.94786000	2.96226001	2.96351981	2.95910978	2.94093013	2.91689992	2.90195990	2.89224005	2.88125992	2.85507011	2.83977008	2.84066963	2.84786987	2.84958005	2.84669971	2.86091995	2.86992025	2.86155009	2.83778977	2.81627989	2.80790997	2.82096004	2.83770013	2.85183024	2.83410001	2.81636977	2.80529976	2.81250024	2.82059979	2.83112979	2.85038972	2.86775994	2.87270999	2.86011004	2.83392000	2.80782008	2.80448985	2.80862999	2.81421018	2.85084009	2.88477015	2.90781021	2.92004991	2.92859960	2.93462992	2.94002986	2.93993998	2.93787003	2.93967009	2.95019984	2.97333002	3.02885985	3.07260013	3.09978008	3.09096003	3.07844996	3.06198001	3.05756998	3.05270982	3.03255010	2.98863006	2.94929981	2.92841983	2.91806960	2.92661977	2.94677997	2.97674990	2.99996996	3.01671004	3.10158014	3.19059038	3.27609015	3.29409003	3.23243999	3.05721021	2.82636023	2.62791014	2.52962995	2.54159999	2.63871002	2.75562000	2.84256005	2.89161015	2.91716981	2.87153983	2.80034995	2.70818996	2.64582014	2.60928011	2.60180998	2.59775996	2.56931996	2.51558995	2.46437979	2.42541003	2.39444995	2.36177993	2.31839991	2.26647019	2.24793005	2.23929000	2.24045992	2.24550009	2.24550009	2.24073005	2.24388027	2.26071000	2.28294015	2.29085994	2.28374982	2.27466011	2.28357005	2.31047988	2.34792018	2.37761998	2.38193965	2.35836005	2.34747005	2.34917998	2.35961986	2.35664988	2.36231995	2.38409996	2.40641999	2.42100000	2.42046022	2.38193989	2.34521985	2.31714010	2.30435991	2.29544997	2.29211998	2.28654003	2.27493000	2.25819016	2.25971985	2.27745008	2.29482007	2.29563022	2.29761004	2.30507994	2.31525016	2.33459997
-61.0000000	2.13543010	2.14551020	2.15234995	2.15280032	2.14209008	2.13461995	2.14119005	2.16008997	2.19123006	2.21894979	2.23082995	2.22254992	2.20212007	2.17611003	2.16963029	2.18087983	2.19546008	2.21048999	2.22434998	2.23064995	2.22803974	2.21651983	2.20058990	2.19330001	2.19815993	2.21103001	2.22930026	2.25260997	2.28519011	2.31398988	2.33819985	2.35313988	2.36348987	2.36771989	2.36249995	2.35152006	2.33766007	2.32695007	2.32856989	2.34584999	2.38040996	2.44026017	2.50856996	2.56212020	2.59335017	2.60820031	2.59965014	2.58948016	2.57345986	2.54070020	2.51028013	2.49291015	2.49353981	2.51388001	2.55096006	2.59884000	2.66147995	2.72547007	2.77857018	2.81403017	2.83824015	2.85552001	2.87072992	2.88386965	2.88503981	2.87621975	2.84940004	2.80611014	2.75939989	2.71187997	2.65949988	2.60090995	2.54114985	2.49362993	2.45726991	2.42747998	2.43693018	2.46177006	2.50766993	2.56490993	2.61404991	2.64473987	2.66400003	2.66733003	2.66049004	2.65535998	2.66426992	2.68253994	2.70729017	2.73734999	2.77037978	2.81429982	2.85425997	2.87792969	2.85371995	2.81429982	2.77271986	2.74112964	2.72708988	2.72708988	2.73464990	2.74725008	2.76165009	2.77947021	2.79980993	2.82203984	2.80854011	2.77785015	2.72942996	2.68667984	2.65590000	2.64861012	2.66336989	2.68325996	2.69316030	2.68874979	2.67822003	2.66921997	2.67453003	2.71116018	2.77208996	2.83949995	2.89970994	2.93966985	2.94533992	2.93984985	2.92886996	2.91123033	2.91141009	2.93831992	2.98214984	3.02255964	3.04982996	3.05891991	3.05298018	3.03354025	3.04964995	3.07854009	3.12003016	3.15251994	3.17429996	3.18266988	3.19193983	3.19446015	3.18302989	3.15215969	3.11958003	3.08933973	3.05990982	3.02453995	2.98439980	2.92499971	2.87909985	2.85569978	2.85614967	2.86740017	2.88522005	2.89934969	2.91644979	2.94065976	2.96982002	2.99754024	3.02489996	3.05396986	3.07709980	3.09806967	3.11256003	3.14082003	3.18060017	3.20805001	3.22074008	3.21327019	3.20309997	3.17970014	3.14882994	3.12110996	3.11570978	3.12578964	3.14234996	3.14549971	3.13334990	3.11868024	3.11103010	3.11337018	3.12435007	3.13326025	3.13092017	3.11166024	3.08141994	3.04434013	3.00338984	2.97702003	2.96613026	2.95722008	2.94974995	2.93993998	2.93337011	2.92599010	2.91249013	2.87910032	2.84400010	2.81943011	2.80880976	2.80610991	2.79521990	2.75895023	2.71106982	2.66328001	2.61863971	2.59613991	2.59335017	2.62565994	2.66498995	2.70764995	2.73546004	2.75517011	2.76723027	2.77010989	2.76588011	2.76021028	2.75849986	2.75480986	2.74697995	2.73114014	2.72016001	2.71458006	2.72268009	2.73303008	2.74400997	2.75364017	2.76191998	2.77280974	2.79566979	2.82410979	2.84138989	2.83472991	2.82258010	2.81322002	2.81493020	2.81394005	2.80836010	2.79540014	2.78595018	2.78369999	2.78675985	2.78496003	2.77047038	2.73995972	2.71142983	2.69378996	2.68524003	2.69631004	2.71763992	2.73509979	2.74256992	2.74293017	2.75022006	2.75130010	2.74491024	2.74113011	2.75021982	2.77245021	2.79755974	2.81699991	2.83779001	2.87558985	2.91915035	2.95848012	2.99079013	2.98818016	2.95802999	2.91329980	2.87397003	2.85642028	2.91149998	2.98664975	3.03813004	3.01464009	2.93642998	2.85155988	2.80413008	2.83023000	2.90034008	2.97918010	3.00950980	3.00105000	2.97423005	2.93400002	2.88036013	2.84832025	2.81736016	2.76767993	2.68568993	2.63600969	2.64392996	2.67552018	2.71574998	2.75363994	2.76147008	2.74950004	2.72204995	2.66544008	2.59757996	2.52279019	2.44691992	2.38185000	2.34765005	2.34575987	2.35547996	2.35457993	2.33019018	2.29986024	2.26907992	2.22966003	2.19203997	2.15865016	2.13093019	2.10788989	2.08853984	2.06046009	2.03796005	2.03103018	2.03832006	2.06423998	2.10042000	2.13578987	2.15451002	2.16171002	2.16944981	2.18546987	2.20922995	2.22281981	2.22858000	2.23056006	2.22894001	2.23182011	2.23541999	2.22830987	2.21634007	2.20473003	2.18933988	2.18798995	2.19707990	2.20014000	2.18393993	2.15405965	2.15864968	2.16728973	2.18177986	2.19023991	2.19294000	2.19006014	2.18726993	2.18825984	2.19410992	2.20050025	2.18916011	2.16702032	2.14785004	2.13750005
-62.0000000	2.10824990	2.11985993	2.12877011	2.13030005	2.12039995	2.10519004	2.09213996	2.09727001	2.11931992	2.13669014	2.13975000	2.12408996	2.08656001	2.03858995	2.02518010	2.02517986	2.04560995	2.05622983	2.05857015	2.04731989	2.03201985	2.01410985	2.00898004	2.02536011	2.06478000	2.10051012	2.12589002	2.14145994	2.15216970	2.15622020	2.17071033	2.19564009	2.20887017	2.21787000	2.22362995	2.23073983	2.24576998	2.27574015	2.32578015	2.39552975	2.48291993	2.56797004	2.62557030	2.64428997	2.63411999	2.59757996	2.55626988	2.52566981	2.51297998	2.52477002	2.54574013	2.57184005	2.59956002	2.61521983	2.61809993	2.61602974	2.61306000	2.61035991	2.63033986	2.66057992	2.70567036	2.75544000	2.80836010	2.86236000	2.91006017	2.93147993	2.90636992	2.82572985	2.73618007	2.64914989	2.57129979	2.52440977	2.49488997	2.47302008	2.46113968	2.46230984	2.48607016	2.52018023	2.56427979	2.61881995	2.68406987	2.73672009	2.76623988	2.77191019	2.75516987	2.72754025	2.70540023	2.68992043	2.68002033	2.67381024	2.66867995	2.64033008	2.59298992	2.50919986	2.42207980	2.34431982	2.29725003	2.28581977	2.31381011	2.36142015	2.42207980	2.48147964	2.52495003	2.55689979	2.56860018	2.56598997	2.53052998	2.49039006	2.45393991	2.43792009	2.44260001	2.48328018	2.54015994	2.60351992	2.65751982	2.67497993	2.66292000	2.62683010	2.58867002	2.55987024	2.55231023	2.56122017	2.61198020	2.67407966	2.73932981	2.77550960	2.77190971	2.73879004	2.71961999	2.73420000	2.77740002	2.83616972	2.89637995	2.93049002	2.94345021	2.90583014	2.86065006	2.82672000	2.81376004	2.82896996	2.85930014	2.90726995	2.97252011	3.03884983	3.09537005	3.12219000	3.11102986	3.07044005	2.99655008	2.91581988	2.84247017	2.77892995	2.73311996	2.70927000	2.70162010	2.71502995	2.72637010	2.73366022	2.74149013	2.75364017	2.76957011	2.79018021	2.81177998	2.83724976	2.85551977	2.86425018	2.90312958	2.95649981	3.02813983	3.08070016	3.09527993	3.08943009	3.07034969	3.04748988	3.03155994	3.02337003	3.02292013	3.02346015	3.02103019	3.01536012	3.00726008	3.00258017	3.00249004	3.01059008	3.01509023	3.00942016	2.98530006	2.96289015	2.94543028	2.92085981	2.88540006	2.83904982	2.81322002	2.80106974	2.81006980	2.81852984	2.81663990	2.80566001	2.78703022	2.75660992	2.72996998	2.71710014	2.70936036	2.70395994	2.69765997	2.69271016	2.68767023	2.67002988	2.64914989	2.63024998	2.61953998	2.61801004	2.63088012	2.64546013	2.65680027	2.67021012	2.67984009	2.67650986	2.65743017	2.62836027	2.60504985	2.58804011	2.57508039	2.56580997	2.55860996	2.55176997	2.54960990	2.56473017	2.57858992	2.59010983	2.60279989	2.62629008	2.66751027	2.71691990	2.76309013	2.78261995	2.77038026	2.73582006	2.70405006	2.67939019	2.67110991	2.67065978	2.67722988	2.68253994	2.68190980	2.66283011	2.63745022	2.60838032	2.59056020	2.58606005	2.59029007	2.61135006	2.63546991	2.64366007	2.63466001	2.60631013	2.59551001	2.59190989	2.60199022	2.61972022	2.65266013	2.68425012	2.70638990	2.71493983	2.73275995	2.76201010	2.80160999	2.82986975	2.83464003	2.82078004	2.79683995	2.75471997	2.73492026	2.76713991	2.82518983	2.88422990	2.89818001	2.86254025	2.79027009	2.75832009	2.77253985	2.82284999	2.83697987	2.82320976	2.74265981	2.65374017	2.56896019	2.53476000	2.54673004	2.60576987	2.68002009	2.76264024	2.83698010	2.87487006	2.85479999	2.74715996	2.58623981	2.47076988	2.40039015	2.39849997	2.42496014	2.46149993	2.43449974	2.37257981	2.24594998	2.12472010	2.03526020	2.01302981	2.05281019	2.12949014	2.17430997	2.18403006	2.15820003	2.11706996	2.06999993	2.03102970	2.00015998	1.99286997	1.98458993	1.97676015	1.96704018	1.95470977	1.93976998	1.93526995	1.94228995	1.95156014	1.96164000	1.97055006	1.99835980	2.03174996	2.06909990	2.08772993	2.08115983	2.06361008	2.04633021	2.04435015	2.05173016	2.06379008	2.06172013	2.05370998	2.04632998	2.05874991	2.07972002	2.09322000	2.09969997	2.10194993	2.09979010	2.09817004	2.10663009	2.11968017	2.13299990	2.13093019	2.12093997	2.11382985	2.11473012	2.12103033	2.12112021	2.12084985	2.12013006	2.11554003
-63.0000000	2.08484983	2.07603002	2.06712008	2.06208014	2.04570007	2.01870012	1.98360002	1.94696999	1.91240990	1.88082016	1.85553014	1.83636010	1.82969999	1.82834995	1.85021996	1.87236011	1.89197981	1.89116991	1.87172997	1.83384013	1.80693007	1.80603015	1.82106018	1.84842014	1.87713003	1.89584994	1.91060996	1.92203987	1.95534003	2.02464008	2.10914993	2.19789004	2.24235010	2.27780986	2.30894995	2.34566998	2.39291978	2.44665003	2.49290991	2.52405024	2.50083017	2.43431997	2.33550000	2.24757028	2.18691015	2.20320010	2.26052976	2.38193989	2.52846003	2.68857002	2.82618022	2.92338037	2.97450018	2.98440003	2.96361017	2.93598008	2.90772033	2.87856030	2.85075045	2.81250024	2.76677990	2.70296979	2.64015007	2.59109998	2.55843019	2.55770993	2.56733990	2.57966995	2.59253979	2.59577990	2.59046984	2.59578013	2.60829020	2.62530017	2.63124013	2.62304997	2.59254003	2.55194998	2.49425983	2.45106006	2.43800998	2.42847013	2.42280006	2.42190003	2.42136002	2.42225981	2.43557978	2.46644998	2.51136017	2.53341007	2.53854012	2.49597025	2.44242024	2.38391995	2.36115003	2.37771010	2.43576026	2.50937986	2.58065987	2.63403010	2.66049027	2.66354990	2.65446019	2.64330006	2.65437031	2.67965984	2.71845007	2.74077010	2.74653006	2.72601008	2.67758989	2.57957983	2.47491002	2.37969017	2.31174016	2.29392028	2.31722999	2.36852980	2.42802000	2.47355986	2.48633981	2.45430017	2.45844007	2.47950006	2.53502989	2.59641004	2.65437031	2.70009017	2.74077010	2.77920008	2.82140994	2.87208009	2.93462992	2.98953032	3.03417039	3.06333017	3.09095979	3.09761953	3.10175991	3.09842992	3.06117010	3.00869989	2.94812989	2.89656019	2.85282040	2.80602026	2.75247025	2.69316030	2.65626001	2.63403010	2.64842987	2.67246008	2.70539999	2.72906971	2.74266005	2.74536014	2.73816013	2.72052002	2.69693995	2.67767978	2.66912961	2.67101979	2.67651010	2.67561007	2.67048001	2.66624999	2.68929005	2.72321987	2.76803970	2.80592990	2.82896996	2.84328008	2.85606003	2.87208009	2.88630009	2.89908004	2.91131997	2.91797996	2.91636014	2.91095996	2.90429997	2.89017010	2.87585998	2.86263013	2.85596991	2.85012007	2.82339001	2.79153013	2.75841022	2.73213005	2.70953989	2.68604994	2.68028998	2.69055009	2.71835995	2.73626995	2.72250009	2.69991016	2.67579031	2.66661024	2.66381979	2.65707016	2.64123011	2.61891007	2.59938002	2.58731985	2.58110976	2.58020997	2.58030009	2.57471991	2.55672002	2.53034997	2.52206993	2.52261019	2.54322028	2.55870008	2.56689000	2.56787992	2.56148982	2.55122995	2.54330993	2.53521013	2.52477002	2.50884008	2.48481011	2.46195006	2.44260001	2.44169998	2.44376993	2.44872022	2.45322013	2.46779990	2.50388980	2.55185986	2.60333991	2.63897991	2.64600015	2.62872005	2.60271001	2.57894993	2.57418013	2.57499027	2.57553029	2.56733990	2.55752993	2.55204010	2.55086994	2.55347991	2.55897021	2.55590987	2.54133034	2.51450992	2.48093987	2.43701982	2.40884972	2.40740991	2.43080997	2.46717000	2.52774000	2.57435989	2.59091997	2.58759022	2.57625008	2.57202029	2.58309007	2.60280013	2.61197996	2.61594009	2.62242007	2.63618994	2.65904999	2.67768025	2.69216967	2.68775988	2.65175986	2.59164000	2.51243973	2.44754982	2.41109991	2.41793990	2.44817996	2.48930979	2.47148991	2.41991997	2.34576011	2.29752016	2.31317997	2.37996006	2.48481011	2.61828017	2.73923993	2.81024981	2.83608007	2.81376004	2.77659035	2.75913000	2.76264024	2.78811002	2.79729009	2.76759005	2.69541001	2.59983015	2.45573997	2.29310989	2.09223008	1.91240990	1.78569019	1.74338996	1.77299988	1.84220994	1.89882016	1.92627001	1.92023993	1.90377009	1.88558996	1.87524009	1.86948001	1.88001001	1.88199008	1.87559998	1.86452997	1.85084999	1.83599997	1.82385004	1.81260002	1.80243015	1.79622018	1.79234993	1.81529999	1.85057998	1.90700996	1.94040000	1.94102991	1.92104983	1.89755988	1.89333010	1.90161002	1.92113996	1.93985999	1.95120001	1.95362997	1.95614994	1.96191001	1.97676015	1.99377000	2.01059985	2.01600003	2.01744008	2.02374005	2.03876996	2.05956006	2.06487012	2.05848002	2.04983997	2.04588008	2.04930019	2.06406021	2.07909012	2.08898997	2.08871984
-64.0000000	1.96280992	1.92438018	1.88963997	1.86785984	1.85184002	1.84005010	1.82132983	1.79694009	1.76895022	1.74771011	1.73520005	1.73124003	1.72998011	1.73016012	1.72809005	1.72251010	1.71000004	1.69488013	1.69209003	1.70028007	1.73150992	1.76616001	1.79820013	1.80900002	1.80089986	1.78758013	1.79694009	1.83645010	1.93148994	2.05271983	2.16143990	2.25198007	2.25260997	2.23550987	2.19698977	2.18636966	2.20373988	2.23568988	2.25918007	2.26593018	2.23956013	2.19717002	2.19500995	2.23686004	2.36457014	2.52063012	2.69648957	2.81519985	2.88935995	2.89142990	2.87495995	2.85327005	2.85578990	2.89412999	2.96270990	3.04848003	3.13469982	3.19545007	3.23352003	3.22037983	3.18878961	3.07890010	2.97477007	2.88737988	2.82410979	2.79990005	2.81817007	2.85147023	2.86812019	2.84156990	2.77730989	2.68109989	2.57696986	2.49300027	2.42550015	2.38446021	2.35818005	2.34072018	2.31668997	2.29914021	2.31138015	2.33073020	2.36133003	2.40489006	2.45502019	2.50083017	2.54465985	2.58867025	2.62952995	2.66679001	2.68155003	2.68991971	2.69720984	2.73528004	2.82743979	2.94479990	3.06575990	3.15287995	3.17330980	3.12381005	3.01220989	2.87288976	2.76713991	2.69541001	2.68803000	2.71592975	2.77893019	2.83464026	2.87280011	2.85137987	2.78469014	2.64780021	2.50208998	2.36367011	2.27699995	2.25792027	2.30409002	2.41271996	2.55969000	2.68235993	2.79261017	2.79612017	2.79728985	2.79836988	2.82230973	2.87720990	2.95308018	3.04047012	3.12210011	3.17367029	3.19572020	3.19761038	3.19356012	3.19284010	3.20976019	3.25817990	3.34466982	3.45501018	3.54518986	3.59711981	3.55077004	3.46194029	3.32424021	3.18689966	3.05630970	2.94119978	2.83698010	2.73716998	2.65347004	2.57966995	2.54609990	2.52486014	2.53034997	2.53584003	2.54358029	2.54097009	2.52756000	2.50964999	2.49902987	2.50218010	2.52990007	2.57166028	2.61540031	2.65275002	2.67093015	2.68442988	2.69478011	2.70648003	2.71880984	2.72996998	2.73500991	2.72547007	2.71295977	2.69936991	2.69126987	2.69180989	2.70395994	2.71755004	2.72961020	2.72942996	2.72565007	2.71692014	2.70764995	2.69928002	2.69558978	2.70063019	2.70341992	2.69783974	2.67551970	2.64870000	2.62178993	2.60198998	2.58903003	2.59803009	2.60802007	2.61189008	2.59901977	2.57489991	2.54646015	2.52629995	2.53439999	2.54348993	2.54807997	2.54304004	2.52935982	2.51171994	2.49452972	2.47797012	2.46644998	2.45726991	2.44035006	2.42315984	2.41191006	2.40786004	2.41785002	2.42747974	2.43287992	2.42739010	2.41469979	2.40120006	2.40066004	2.40786004	2.40623999	2.39553022	2.36690998	2.33541012	2.30661011	2.28923988	2.28347969	2.29869008	2.31714010	2.33271003	2.35476017	2.38473010	2.42118025	2.45124006	2.46833992	2.47770000	2.48211002	2.48426986	2.48733020	2.49146986	2.49021006	2.47400975	2.46177006	2.45744991	2.46699023	2.48301005	2.49497986	2.48661017	2.45933986	2.43053985	2.40569997	2.38688993	2.38140011	2.39742017	2.42387986	2.45231986	2.45646000	2.44458008	2.41398001	2.39301014	2.39481020	2.42217016	2.47212029	2.52629995	2.55780005	2.55798006	2.53799987	2.50856972	2.51909995	2.53574991	2.54735994	2.52927017	2.45906973	2.37735009	2.30751014	2.28951001	2.31894016	2.38274980	2.42072988	2.43054008	2.36754012	2.29680014	2.27024984	2.31129003	2.43341994	2.56743002	2.68694997	2.70594001	2.67426014	2.58623981	2.56743002	2.66939974	2.93588996	3.26619005	3.55149031	3.62754059	3.52755022	3.22550988	2.85875988	2.54637003	2.25045013	2.01086974	1.81160986	1.67814004	1.61046004	1.59966004	1.62585008	1.65690005	1.68128991	1.68318009	1.67688000	1.67229009	1.67697001	1.69893014	1.72259998	1.74366009	1.74312007	1.73051977	1.70964003	1.69856989	1.70901000	1.73241007	1.76256001	1.78343999	1.78605008	1.77048004	1.75904989	1.75472987	1.77714002	1.80378008	1.82475007	1.83861005	1.84239018	1.85103023	1.86146998	1.86939001	1.87100995	1.86515999	1.85535014	1.84608006	1.84410000	1.84887004	1.86966002	1.88829017	1.90170002	1.91277015	1.92357004	1.94498992	1.96856999	1.98774016	1.99403989	1.98792005	1.98251987	1.98584986	2.00312996	2.01455975	2.01806998	1.99530005
-65.0000000	1.94094002	1.91708994	1.89431989	1.86893988	1.84634984	1.82393980	1.80152988	1.78515017	1.77516007	1.77354002	1.77471006	1.77596998	1.77291000	1.75805998	1.73618984	1.70675993	1.69379985	1.69298995	1.72008014	1.75653005	1.79387999	1.82141995	1.82897985	1.81926012	1.80009007	1.79738998	1.82691002	1.89206994	1.98476994	2.05830026	2.07180023	2.04246020	1.94274020	1.87137008	1.82879996	1.86255014	1.93256998	2.01357007	2.07666016	2.11769986	2.19051003	2.29356003	2.50946999	2.78109026	3.09320998	3.36249018	3.44429994	3.34925985	3.13047004	2.87613010	2.71044016	2.66724014	2.73212981	2.86470008	3.01284003	3.13937974	3.23721004	3.28409982	3.29769015	3.32028008	3.34250975	3.39326954	3.43187952	3.42791986	3.40803027	3.34584022	3.28536034	3.20481038	3.09852004	2.95901990	2.79999018	2.62979984	2.47410011	2.36663985	2.30120993	2.28617978	2.29607987	2.32083011	2.33774996	2.35782003	2.38130999	2.42369986	2.49255013	2.56662011	2.63466001	2.67489004	2.68757987	2.66796017	2.62772965	2.57534957	2.53322983	2.51999998	2.54853010	2.59802985	2.67084002	2.71043992	2.70720005	2.63618994	2.53268981	2.41163993	2.32388997	2.26412988	2.25629997	2.27258992	2.27862000	2.27654982	2.20472980	2.12670016	2.05011010	2.00672984	2.03031015	2.11896014	2.26512003	2.41191006	2.54663992	2.60316014	2.61324000	2.58138013	2.54339981	2.54744983	2.55798006	2.60604000	2.65266013	2.70567036	2.75732994	2.79495001	2.82924008	2.85443997	2.88404989	2.90582991	2.93246984	2.94966006	2.95163989	2.94947982	2.92427993	2.91627002	2.92761016	2.96396995	3.02444983	3.08898020	3.14433026	3.18608999	3.20841002	3.21605992	3.20624971	3.17124009	3.10536003	2.99294996	2.85173988	2.68821001	2.54376006	2.43405008	2.38490987	2.38311028	2.41578007	2.46069002	2.49741006	2.51478004	2.51865005	2.51081991	2.51505017	2.52810001	2.55104995	2.57400012	2.59470010	2.61135006	2.63015985	2.64770985	2.67839980	2.71089005	2.74274993	2.75381970	2.74427986	2.71367979	2.67768002	2.64681005	2.62367988	2.61557984	2.61413980	2.59946966	2.57904005	2.54780984	2.52090001	2.50731015	2.50559998	2.52233982	2.54151011	2.56149006	2.56931996	2.56383014	2.54304004	2.52162004	2.50208998	2.49111009	2.48255992	2.47842002	2.48148012	2.48120999	2.47437000	2.46788979	2.46618009	2.46132016	2.45303988	2.44430995	2.43467999	2.42982006	2.42306995	2.41227007	2.40120006	2.38742995	2.37051010	2.35619974	2.34890985	2.35421968	2.36663985	2.37005997	2.36213994	2.34152985	2.31507015	2.28456020	2.26791024	2.26079988	2.26304984	2.26655984	2.25611997	2.23604989	2.20211983	2.18213987	2.17439985	2.18511009	2.20814991	2.23425031	2.25369024	2.27007008	2.29256988	2.31371999	2.32802987	2.33081985	2.32902002	2.31849003	2.30669999	2.30696988	2.30661011	2.30867982	2.30579996	2.29779005	2.29887009	2.29805994	2.28788996	2.27555990	2.27150989	2.28860998	2.31660008	2.35142994	2.36897993	2.37150002	2.33864999	2.28987002	2.24181008	2.19779992	2.18501997	2.19375014	2.23829985	2.29562998	2.35818005	2.39867997	2.39930987	2.35836029	2.29725003	2.23532987	2.20968008	2.19969010	2.19366002	2.18106008	2.16548991	2.17305017	2.20202994	2.25900006	2.32299018	2.38239002	2.36564994	2.29499984	2.21732998	2.15774965	2.19482994	2.28672004	2.44196963	2.56616998	2.60918999	2.54682016	2.47428012	2.47095013	2.67228007	3.05397010	3.56778002	3.90105033	3.95568037	3.74480987	3.38706040	2.91266990	2.40678000	2.05100989	1.73564994	1.57410002	1.46430004	1.44270003	1.45835996	1.49903989	1.53359997	1.54403996	1.53594005	1.52189994	1.50605989	1.50236988	1.50984001	1.53314984	1.57094991	1.60866010	1.63053012	1.64052010	1.63305008	1.63016999	1.63808978	1.66481996	1.70379007	1.74005997	1.75877988	1.75563002	1.73475003	1.70433009	1.70154011	1.70855999	1.72997987	1.75265992	1.77263999	1.78955996	1.79621994	1.78874993	1.77678001	1.76508021	1.76301003	1.76886010	1.78982997	1.81809008	1.84950006	1.87767017	1.88126993	1.87749004	1.86795008	1.87154996	1.89134991	1.91816998	1.94282997	1.95813000	1.97423995	1.98432004	1.98756003	1.98522007	1.97658002	1.96056008
-66.0000000	1.74860990	1.75454998	1.75635004	1.73457003	1.70613015	1.65851998	1.61405993	1.57670999	1.55285990	1.54277992	1.54197001	1.54781997	1.55915987	1.57292986	1.59074998	1.61010015	1.64033997	1.66922987	1.68515980	1.68731999	1.64717984	1.60487998	1.55700004	1.54403996	1.56851995	1.64646006	1.75608003	1.85976017	1.96146011	1.94616008	1.91339993	1.85678995	1.81665015	1.88622010	1.99646997	2.22237015	2.40677977	2.52027011	2.53376985	2.44719005	2.42226005	2.43314981	2.58065987	2.77415991	2.92023015	3.06063008	2.88873005	2.71278000	2.50973988	2.38076973	2.47220993	2.62233019	2.86784983	3.01967978	3.07790995	3.02975965	2.91879010	2.77622986	2.62277985	2.56274986	2.51811028	2.62827015	2.73033023	2.77145982	2.77397990	2.66004014	2.55006003	2.44727993	2.38931990	2.37555003	2.41217971	2.48004007	2.53242016	2.58038998	2.56121993	2.53323007	2.47562981	2.41524005	2.32856989	2.24099994	2.14748979	2.07845998	2.05308008	2.06253028	2.10653996	2.14802980	2.18987989	2.17754984	2.14856982	2.10258007	2.05461001	2.06766009	2.08125019	2.09925008	2.09259009	2.00933981	1.89126015	1.71566999	1.57707000	1.47527993	1.48823988	1.56870008	1.72979987	1.91816986	2.00645971	2.08223987	1.91501987	1.74347997	1.54106998	1.39383006	1.41272998	1.53630006	1.83455992	2.13930011	2.44863009	2.52162004	2.45250010	2.21211004	1.91601002	1.77434993	1.65393007	1.77921009	1.91034007	2.08413005	2.22372007	2.25872993	2.26269007	2.21363997	2.19312000	2.20158005	2.29175997	2.43125987	2.55240011	2.66697001	2.65634990	2.62664986	2.54799008	2.47374010	2.42792988	2.39345980	2.39490008	2.41038013	2.44665003	2.47796988	2.50371003	2.52306008	2.53988981	2.53403997	2.52180004	2.50424981	2.48804998	2.50829983	2.53548026	2.60531998	2.67489004	2.74482012	2.78801990	2.78766012	2.74814987	2.66859007	2.58722973	2.50523996	2.45178032	2.40696001	2.38176012	2.35836005	2.34603000	2.33820009	2.36853004	2.40912008	2.47581005	2.53700995	2.58920979	2.61530995	2.61584997	2.60018992	2.57643008	2.56247997	2.55204010	2.55140996	2.55132008	2.52359986	2.49372005	2.45240998	2.41488028	2.38985991	2.37842989	2.38985991	2.40920997	2.43630004	2.45367002	2.46761990	2.46176982	2.44989014	2.42406011	2.39552999	2.39921999	2.40210032	2.40948009	2.41362000	2.40966010	2.39571023	2.36420989	2.33576989	2.31039023	2.29958987	2.29626012	2.29410028	2.29275012	2.28303003	2.27169013	2.25972009	2.25207019	2.26574993	2.28014994	2.29598999	2.30661011	2.30786991	2.30120993	2.28717017	2.27726984	2.27168989	2.27753997	2.28860998	2.28312016	2.27430010	2.24162984	2.20940995	2.18916011	2.17395020	2.17269015	2.17350006	2.17737007	2.18690991	2.20310998	2.21670008	2.22930002	2.22615004	2.21760011	2.19167995	2.16504025	2.16810012	2.17097998	2.18646002	2.19833994	2.19600010	2.19060016	2.18159986	2.17691994	2.17718983	2.19086981	2.21219969	2.23424983	2.25639009	2.23244977	2.20202994	2.14803004	2.10087013	2.10537004	2.11805987	2.15784001	2.18943000	2.21040010	2.21678996	2.20823979	2.18168998	2.14407015	2.11077023	2.07836986	2.06397009	2.05254006	2.04713988	2.03993988	2.02392006	2.01690006	2.03634000	2.05784988	2.08413005	2.08413005	2.06010008	2.00780988	1.94022000	1.95074987	1.98575985	2.14514995	2.32046986	2.46375012	2.58633018	2.56274986	2.56976986	2.67056990	2.91717029	3.40434027	3.85478997	4.26870012	4.28390980	4.06152010	3.59153986	3.03965998	2.47689033	1.91232002	1.63007987	1.37925005	1.35279000	1.34505010	1.39338005	1.42640996	1.43603981	1.43748009	1.43171990	1.44314981	1.46655011	1.47725999	1.48446012	1.45880997	1.42865992	1.43900990	1.45413017	1.50416994	1.54952991	1.58093989	1.59840012	1.59399009	1.59138012	1.59047985	1.60019994	1.61478007	1.63223994	1.65095985	1.65825009	1.66464007	1.66742992	1.66986001	1.67237997	1.67453992	1.67777991	1.68102014	1.68435013	1.69191015	1.70405996	1.72052991	1.74023986	1.77272999	1.80846000	1.83780003	1.86669004	1.84950006	1.82916009	1.79307008	1.76805007	1.77480018	1.78803003	1.81269002	1.82772005	1.83177006	1.81674016	1.79055011	1.77012002	1.75041008	1.74779999
-67.0000000	1.44962990	1.45476007	1.45961988	1.46186996	1.46340001	1.46609986	1.47474003	1.49102986	1.51029003	1.52900994	1.54314005	1.54386008	1.54665005	1.55141997	1.56581998	1.58921993	1.61387992	1.63089001	1.61585987	1.58354998	1.52658010	1.49184000	1.48967993	1.54988992	1.65653992	1.80359995	1.95885015	2.02887011	2.06774998	1.98675013	1.88919008	1.91870999	1.97198999	2.18700004	2.41802955	2.66156983	2.79530978	2.75328016	2.59298992	2.35889983	2.21588993	2.18906999	2.28024006	2.39156985	2.45483994	2.34980989	2.12877011	1.89612007	1.72656012	1.68686986	1.83177006	2.04632998	2.29544997	2.40399003	2.37609029	2.24954987	2.07314992	1.90602005	1.74492002	1.66823995	1.60272002	1.65294015	1.69703996	1.68686998	1.65527987	1.56843007	1.51380002	1.52567995	1.62315011	1.81719005	2.07585001	2.35296011	2.53656030	2.58704996	2.47409987	2.31038976	2.09582996	1.94175005	1.80755997	1.72656000	1.68632996	1.68561018	1.72898996	1.79891992	1.88397002	1.94238007	1.97909999	1.93815005	1.87199998	1.79568005	1.71692991	1.71197987	1.70747995	1.70991004	1.68884993	1.58660996	1.45493996	1.27980006	1.13327992	1.03068006	1.02717006	1.11087000	1.28465998	1.51200008	1.68713999	1.82348990	1.76768994	1.63484991	1.44522023	1.28574002	1.24064994	1.29365993	1.46880007	1.68092990	1.90151989	1.95614994	1.90908027	1.73951995	1.53719997	1.48131001	1.44594002	1.65662992	1.86723018	2.06819987	2.21273994	2.19239998	2.12049007	1.99340999	1.90026009	1.86245990	1.90917003	2.01690006	2.12003994	2.20535994	2.19393015	2.15964031	2.08413005	2.03048992	1.99484992	1.96955991	1.94760001	1.90232992	1.84049988	1.76247001	1.68668997	1.66067994	1.67148006	1.76562011	1.88883007	2.06774998	2.25486016	2.36511016	2.46447015	2.48409009	2.49263978	2.48957992	2.48714995	2.48859000	2.49065995	2.49182963	2.50325990	2.52027011	2.54952002	2.56751990	2.58155966	2.56203008	2.53313994	2.46644998	2.40705013	2.35242009	2.32757998	2.32973981	2.35583997	2.38329005	2.40345001	2.40254998	2.38887000	2.37176991	2.35421991	2.36798978	2.38635015	2.41047001	2.42982006	2.41875005	2.40120006	2.36133003	2.32560015	2.30706000	2.30445004	2.32452011	2.35124993	2.38473010	2.39418006	2.38526988	2.36079001	2.32217979	2.29644012	2.27898002	2.27844000	2.28851986	2.30022001	2.30858994	2.30202007	2.28717017	2.26647019	2.24801993	2.23082995	2.21903992	2.20941019	2.20284033	2.19672012	2.18835020	2.18025017	2.17584014	2.17485023	2.18547010	2.19672012	2.20851016	2.21580005	2.21553016	2.20968008	2.19797993	2.19285011	2.18763018	2.17413020	2.15775013	2.12769008	2.10420012	2.08565998	2.06802011	2.05101013	2.03778005	2.02850986	2.02544975	2.03283000	2.04083991	2.04893994	2.05398011	2.05884004	2.05911016	2.05695009	2.06856012	2.08052993	2.08620000	2.08647013	2.07783031	2.06856012	2.06361008	2.07017994	2.08628988	2.10356998	2.11833000	2.12399983	2.11950016	2.08377004	2.05263019	2.04507017	2.06027985	2.11158013	2.15505004	2.19149995	2.19005990	2.15306997	2.10779977	2.06369972	2.04677987	2.04614997	2.07648015	2.11185002	2.12463021	2.13524985	2.10023975	2.06738997	2.04659986	2.03885984	2.06289005	2.08475995	2.08961987	2.06883001	2.02184987	1.99503005	2.01374984	2.13408017	2.33747983	2.60072994	2.79090023	2.88909006	2.85758972	2.75220013	2.76264024	2.92913985	3.21039009	3.63653994	3.95045948	4.12001991	4.04082012	3.80006981	3.30524993	2.72906995	2.18231988	1.64043009	1.51667988	1.42190993	1.52990997	1.61316001	1.58751011	1.50651026	1.37070012	1.26621008	1.22481000	1.25585997	1.35008991	1.43748009	1.49535000	1.48824000	1.41489005	1.35585010	1.32309008	1.34703004	1.40534997	1.47464991	1.52765989	1.54889989	1.54052997	1.51344001	1.49723995	1.49309993	1.51973999	1.55807996	1.59092999	1.62243009	1.61487007	1.60613990	1.58372998	1.56690001	1.57050002	1.58904004	1.62693012	1.66194010	1.68525004	1.69515002	1.69263005	1.69155002	1.69686007	1.69704008	1.70090997	1.68947995	1.67651999	1.65591002	1.63611019	1.62792015	1.61352003	1.59822011	1.57913995	1.55457008	1.52568007	1.49472010	1.47320998	1.45628989	1.45187998
-68.0000000	1.76903999	1.77354002	1.77938998	1.79541004	1.82016003	1.87254012	1.93680024	2.01591015	2.08826995	2.13705015	2.16099000	2.14335012	2.10789013	2.05802989	2.00519991	1.96443009	1.92465007	1.89251995	1.86353993	1.84779000	1.85327995	1.91069996	2.00420976	2.13750029	2.26278019	2.32452011	2.32344007	2.19672012	2.03552985	1.88082004	1.72764003	1.83735013	1.95857990	2.15846992	2.31299996	2.27375984	2.13840008	1.90260005	1.67516983	1.56420004	1.59039009	1.85742009	2.20257020	2.50587010	2.76552010	2.47157979	2.13660002	1.73735988	1.37808001	1.22490001	1.15955997	1.21643996	1.30500007	1.36440003	1.38510001	1.34262002	1.27313995	1.19439006	1.12085998	1.10772014	1.10196006	1.17044997	1.23506999	1.25990999	1.27079999	1.25460005	1.24803019	1.28529000	1.37088001	1.52217007	1.68993008	1.82412004	1.90673995	1.79658008	1.64466000	1.47356987	1.31246984	1.30103993	1.32012010	1.43046010	1.56194997	1.69694996	1.81701016	1.90152001	1.94076002	1.91106009	1.83240008	1.68039000	1.50975013	1.36196995	1.21608007	1.18493998	1.15758002	1.16639996	1.16766000	1.12860000	1.06209004	0.958499968	0.847079933	0.753120065	0.692640007	0.705059946	0.756629944	0.872370064	0.999990046	1.09466982	1.18197012	1.16262007	1.13219988	1.08234000	1.04966998	1.07379007	1.13616002	1.24172997	1.34522998	1.39860010	1.41804004	1.38950992	1.35756004	1.39877987	1.44972003	1.61927998	1.77714002	1.85499012	1.88892007	1.80963004	1.69010985	1.55663991	1.43702984	1.36196995	1.31867993	1.30931997	1.30653012	1.28375995	1.25595009	1.22751009	1.20203996	1.22193003	1.24848008	1.29176998	1.32749999	1.32813013	1.30716002	1.26296997	1.22795999	1.24118996	1.29734993	1.44000006	1.60848010	1.79118001	1.97567999	1.99277973	2.00043011	1.92915010	1.86453009	1.85678995	1.89783001	2.01582003	2.17466998	2.35142994	2.52260971	2.65509009	2.76281977	2.81619000	2.85524988	2.86370993	2.86577988	2.81960988	2.76317978	2.68137002	2.60090995	2.53935003	2.49623990	2.48048997	2.47059011	2.45007014	2.41740012	2.35682988	2.29031992	2.24118018	2.19537020	2.21796012	2.24414992	2.28977966	2.32893014	2.33604002	2.32695007	2.29887009	2.26754999	2.24532008	2.23569012	2.24775004	2.26782012	2.28860998	2.30588984	2.28915000	2.26764011	2.23865986	2.21211004	2.20544982	2.20734000	2.22345018	2.23974013	2.24486995	2.23920012	2.22021008	2.19546032	2.17440033	2.15469003	2.14317012	2.13101983	2.12696981	2.12220001	2.11949968	2.11662006	2.11473012	2.11518002	2.12184000	2.12823009	2.13192010	2.12787008	2.11230016	2.09187007	2.06666994	2.03948998	2.01284981	1.98755991	1.97531998	1.96551001	1.96613991	1.96991992	1.97549999	1.98045003	1.97891998	1.97441995	1.97018981	1.96793997	1.97424018	1.98360014	1.99701011	2.01132011	2.01060009	2.00808001	1.99241984	1.97423995	1.95534015	1.94229007	1.94481003	1.95560992	1.97171998	1.98908985	1.99800003	2.00097013	1.99044001	1.97765994	1.98692989	1.99772978	2.03327990	2.06397009	2.06648993	2.05011010	1.99745989	1.94039989	1.90323007	1.89404988	1.93031991	1.98342001	2.02968001	2.06000996	2.00304008	1.93329000	1.85921991	1.79865003	1.83608985	1.90124989	2.01357007	2.11293006	2.14560008	2.13768029	2.09628010	2.07863998	2.16899991	2.32479000	2.60307026	2.89394999	2.96828985	3.01193976	2.79882026	2.60325027	2.56184983	2.58813000	2.71053004	2.86767006	3.02822995	3.14613032	3.15827990	3.06332994	2.74832988	2.36348987	1.94454014	1.51964998	1.53639007	1.57194018	1.74294007	1.86741006	1.76489997	1.57851017	1.34559000	1.14372003	1.05777001	1.06190991	1.17567003	1.32155991	1.43541002	1.53161991	1.46718001	1.39337993	1.32768011	1.27944005	1.30815005	1.35765004	1.42092001	1.47114003	1.48338008	1.47303009	1.44818997	1.42424989	1.42217994	1.42785001	1.44791996	1.46925008	1.46196008	1.45521009	1.45493996	1.46124005	1.48706996	1.52091014	1.55691016	1.58814013	1.59984004	1.60110009	1.59344995	1.58445001	1.58651996	1.59074998	1.60100996	1.61001003	1.61172009	1.60929000	1.58841002	1.56203997	1.52954996	1.50336003	1.49921989	1.51262999	1.55159986	1.60128009	1.65437984	1.70468998	1.73834991
-69.0000000	2.02338004	1.98503995	1.94544005	1.89972007	1.85877001	1.83590996	1.82438982	1.82852995	1.83698988	1.83969021	1.83897007	1.83132005	1.82286000	1.81502998	1.80720019	1.79145002	1.77237010	1.73799014	1.70928001	1.71413994	1.74599981	1.83689988	1.94147980	2.03102994	2.06307006	1.96911013	1.80638993	1.58201993	1.35999000	1.28286004	1.22435999	1.43405998	1.64051986	1.81926000	1.92465007	1.79010010	1.57427990	1.33325994	1.14282000	1.09359002	1.18287003	1.48734009	1.85732985	2.17655969	2.44763994	2.16341996	1.83743989	1.43280005	1.05993009	0.856980026	0.724139929	0.685979962	0.688679934	0.710009992	0.726029992	0.711990058	0.683280051	0.644219995	0.609119952	0.621720016	0.642149985	0.714690030	0.787589967	0.853019953	0.907560050	0.928260028	0.933299959	0.923760056	0.917370021	0.928709984	0.948960066	0.966690004	0.977670014	0.961110055	0.941850066	0.985139966	1.03932011	1.18314004	1.32660019	1.44297016	1.53135014	1.55565012	1.54143012	1.49309981	1.41705000	1.31445003	1.19412005	1.05128992	0.906120002	0.790109992	0.678960025	0.648629963	0.624329984	0.639990032	0.660240054	0.673560023	0.673200011	0.641340017	0.589409947	0.522630036	0.458460033	0.421559989	0.403559983	0.429929972	0.466470003	0.526679993	0.586979985	0.635309994	0.677880049	0.698490024	0.715680063	0.736739993	0.765000045	0.809460104	0.857699990	0.898380041	0.932399988	0.950669885	0.964529932	0.984240055	1.00512004	1.02590990	1.04183996	1.02078009	0.987569928	0.935999990	0.881100059	0.832590044	0.791279972	0.760319948	0.733679950	0.704609990	0.675269961	0.643500030	0.611639977	0.604079962	0.599129975	0.627029955	0.657989979	0.697770000	0.735750020	0.765720010	0.791190028	0.814680040	0.851040065	0.922590017	1.02087009	1.16442001	1.31453991	1.42199993	1.52297997	1.50408018	1.48671007	1.49094009	1.52648997	1.66329002	1.84805989	2.07818985	2.29392004	2.43756008	2.51028013	2.47950006	2.41001987	2.33091021	2.25414014	2.26602006	2.28815985	2.36411977	2.43710995	2.46987009	2.48517013	2.47347021	2.46168017	2.47067976	2.49408007	2.53080034	2.55545998	2.52333021	2.46761966	2.35484982	2.23515010	2.16998982	2.11697984	2.14542007	2.18997002	2.25072002	2.29787993	2.29985976	2.27393985	2.22677970	2.18016005	2.16153026	2.16197991	2.20238996	2.25036001	2.27672982	2.29760981	2.26574993	2.22839999	2.18096995	2.13866997	2.11815000	2.10653996	2.10150003	2.09565020	2.08287001	2.06648993	2.04434991	2.02302003	2.00978994	1.99719000	1.99944007	2.00214005	2.01231003	2.02302027	2.03265023	2.04363012	2.06046009	2.08160996	2.10635996	2.12805009	2.13858008	2.14191008	2.12804985	2.11013985	2.07890987	2.04830980	2.02148986	1.99907994	1.99449015	1.99673998	2.00457001	2.01113987	2.00771999	1.99719000	1.98026991	1.96109986	1.95263994	1.94733000	1.95425987	1.96073985	1.95362997	1.94553018	1.93446004	1.92626989	1.92410994	1.92833996	1.94148004	1.95678008	1.96893001	1.97450995	1.96803010	1.95668983	1.94894981	1.94327998	1.96443009	1.98693001	2.00781012	2.01879001	1.98882008	1.94850016	1.90260017	1.86731994	1.86209989	1.87695014	1.90827012	1.93221009	1.89891005	1.84113014	1.72413003	1.60073996	1.57473016	1.56393003	1.67832005	1.80782986	1.93527007	2.01375008	1.97495997	1.88621986	1.79144990	1.74303007	1.83257985	1.99376988	2.26034999	2.53340983	2.55491996	2.54583001	2.33604002	2.14155006	2.08251023	2.10168004	2.25918007	2.45834994	2.63762999	2.79288006	2.90978980	2.92851019	2.66490006	2.31020999	1.88397002	1.44747007	1.40328002	1.38329995	1.54332006	1.68633008	1.68668997	1.60451996	1.42001987	1.22454000	1.09647000	1.03599000	1.08449996	1.17873001	1.30796993	1.43631005	1.43091011	1.41246009	1.33740008	1.26918006	1.25343013	1.26072001	1.30311000	1.35072005	1.38177001	1.39662004	1.38761997	1.36790991	1.34577000	1.32704997	1.33424997	1.34549999	1.37321997	1.40174997	1.43541002	1.46610010	1.48212004	1.49075997	1.49004006	1.48662007	1.48509014	1.49148011	1.51749003	1.55232012	1.59579003	1.63979995	1.65860987	1.67381990	1.65158999	1.62450016	1.58715010	1.55583000	1.54917002	1.56636000	1.61783993	1.69128001	1.78145981	1.87335002	1.94418001	2.00204992	2.01600003
-70.0000000	1.37637007	1.31336999	1.25018990	1.18745995	1.12760997	1.06712997	1.00440001	0.951569974	0.909540057	0.882450044	0.880470037	0.897299945	0.943740010	1.00898993	1.06919992	1.11599994	1.14452994	1.10799003	1.07199001	1.04310000	1.02788997	1.05120003	1.09035003	1.11231017	1.10556006	1.03950012	0.935280085	0.827369988	0.749880016	0.740520000	0.808380067	0.997559905	1.20141006	1.40823007	1.54719007	1.47843003	1.35872996	1.18205988	1.00934994	0.914669991	0.883710027	0.954719961	1.07037008	1.16207993	1.22571003	1.12022996	0.962640047	0.777060032	0.611100018	0.507510006	0.439200014	0.418769985	0.413010001	0.414000005	0.408509970	0.379709989	0.341549993	0.309240013	0.280440003	0.281250000	0.295740008	0.335340023	0.387180001	0.438660026	0.468900025	0.477630049	0.458010018	0.407969981	0.364859968	0.336869985	0.332370043	0.362879992	0.418050021	0.549090028	0.696690023	0.920249999	1.15686011	1.33001983	1.40391004	1.39770007	1.27152002	1.11879003	0.976769984	0.850229979	0.758699954	0.693989992	0.644490004	0.602639914	0.558720052	0.515520036	0.472679973	0.448109984	0.427320004	0.428759992	0.438930064	0.453869998	0.470880032	0.473850012	0.461880028	0.435420007	0.400139987	0.366929978	0.344339997	0.337590009	0.340920001	0.360630035	0.383309990	0.409229994	0.433710009	0.449369997	0.461430013	0.472499996	0.483569980	0.499949962	0.520830035	0.540450037	0.557280004	0.566549957	0.562410057	0.549000025	0.532079995	0.507150054	0.486360013	0.468899995	0.455130011	0.455040008	0.458729982	0.470609993	0.485100001	0.494729966	0.499139994	0.490319997	0.472050011	0.451439977	0.430470020	0.418769985	0.416429996	0.423359990	0.432810009	0.444779992	0.457650006	0.470430017	0.488070041	0.515700042	0.553499997	0.610740006	0.680760026	0.753839970	0.825839996	0.867240012	0.898289979	0.908009946	0.940230012	1.01069999	1.14552009	1.33974004	1.55654991	1.78326011	1.89990008	1.87343991	1.78785002	1.63395000	1.47509992	1.39320004	1.33253992	1.42569005	1.55862010	1.75013983	1.96317005	2.12553000	2.16431999	2.17637992	2.16125989	2.15144992	2.19401979	2.27547002	2.38031983	2.47679996	2.51919007	2.44187999	2.34756017	2.19843006	2.05893016	2.01006007	2.00097013	2.04606009	2.13632989	2.19690013	2.22551990	2.21804976	2.16845989	2.11239004	2.07774019	2.06838012	2.08404016	2.11806011	2.14929008	2.14622998	2.13425994	2.09583020	2.05551004	2.02968001	2.01455998	2.01447010	2.02643991	2.03624988	2.04245996	2.04138017	2.02508998	2.00978994	1.98926997	1.97397006	1.96379995	1.96155000	1.95696008	1.94688010	1.93752003	1.93140006	1.92788994	1.92887998	1.93220997	1.93769991	1.94220006	1.93527007	1.92383993	1.90071011	1.86713994	1.83311987	1.80783010	1.79559004	1.78767014	1.78992009	1.79109001	1.78811991	1.78362012	1.77795005	1.77353990	1.77488995	1.78056002	1.78991985	1.79937005	1.80423009	1.80612004	1.81125009	1.82043016	1.83446991	1.84833002	1.86416996	1.87550998	1.87901998	1.87865996	1.87398005	1.86830986	1.87299001	1.88109004	1.92194998	1.96821022	2.00645995	2.03409004	2.03796005	2.02463984	2.01689982	2.01905990	2.03201985	2.04056978	2.04299998	2.01825023	1.95173991	1.88442004	1.83123004	1.78001988	1.88073003	1.98495007	2.11913991	2.23658991	2.25693011	2.14307976	1.97658002	1.79846990	1.66815007	1.65455997	1.73997009	1.95129001	2.23856997	2.41245008	2.37546015	2.28798008	2.01816010	1.78640997	1.75536001	1.81989002	2.06253004	2.40345001	2.70630002	2.96936989	3.13847995	3.16062021	2.96990991	2.51090980	1.97586012	1.53198004	1.28177989	1.14390004	1.21463990	1.31877005	1.47951019	1.57679999	1.53593993	1.43432999	1.29663002	1.14633000	1.08332992	1.07360995	1.11528003	1.19951999	1.25153995	1.28700006	1.28808010	1.26972008	1.25451016	1.25307012	1.27431011	1.30626011	1.34721017	1.38141012	1.39221001	1.39463997	1.38104999	1.36395001	1.36916995	1.38267004	1.41263998	1.44171011	1.46466005	1.46114993	1.43999994	1.41705000	1.39283991	1.38923991	1.41155994	1.45269001	1.52163005	1.59246004	1.63458014	1.66931999	1.63755012	1.58913004	1.52504992	1.47158992	1.43693995	1.45808983	1.50200987	1.57041001	1.64943004	1.69298995	1.70891988	1.68641984	1.62008989	1.54772997	1.46358001
-71.0000000	0.825300038	0.814590096	0.806490064	0.812789917	0.825929999	0.820439994	0.788580060	0.756179988	0.721799910	0.701729894	0.716220021	0.745020032	0.815759957	0.901170015	0.957240045	0.988560081	0.989730060	0.905489981	0.823050022	0.753210008	0.696869969	0.683910012	0.702630043	0.730350018	0.767880023	0.781559944	0.763379991	0.734940052	0.700290024	0.664739966	0.704429984	0.770129979	0.865170002	0.994590044	1.09116006	1.08773994	1.05786002	0.961109996	0.840779960	0.736020029	0.640889943	0.581849992	0.549719989	0.521279991	0.495360017	0.471599996	0.427859992	0.384840012	0.352800012	0.330660015	0.316709995	0.318149984	0.314729959	0.305370003	0.288719982	0.257759988	0.220229968	0.197009996	0.177299991	0.176849991	0.193860009	0.212130010	0.236159995	0.253260016	0.234810010	0.206370011	0.168119997	0.122040018	9.63900089E-02	8.91000107E-02	0.104310006	0.148860008	0.221579999	0.400860012	0.601649940	0.836819947	1.07712007	1.18674004	1.14452994	1.06713009	0.886859953	0.723509967	0.603359997	0.510209978	0.468000025	0.458550006	0.470700026	0.498060048	0.515160024	0.510390043	0.503459990	0.469709992	0.437310040	0.413550019	0.394739956	0.385199964	0.386009991	0.386280030	0.385830015	0.382409990	0.372419983	0.360000014	0.349559993	0.339659989	0.333000004	0.330390006	0.327690005	0.324360043	0.321839988	0.317609996	0.314639986	0.315360010	0.319050014	0.328230023	0.344159991	0.357840002	0.370079994	0.378539979	0.375750005	0.369179994	0.359099925	0.348839998	0.343710005	0.345779985	0.351000011	0.365309983	0.379710019	0.395009965	0.408869982	0.414180011	0.414899975	0.408959985	0.398070008	0.387359977	0.376650006	0.366839975	0.359189987	0.351630032	0.343800008	0.337050021	0.332729995	0.331019968	0.336149991	0.351000011	0.369720012	0.395819992	0.424350023	0.441720009	0.455849975	0.462149978	0.463319987	0.471330047	0.501840055	0.543600082	0.631260037	0.729810059	0.832679927	0.939690053	0.971459985	0.927540004	0.875430048	0.812880039	0.767970026	0.822690010	0.899910033	1.16793001	1.50273013	1.84166992	2.18772006	2.43198013	2.37356997	2.29472995	2.16342020	2.02950001	1.99430990	2.02167010	2.12922001	2.29491019	2.41127992	2.42514014	2.42469001	2.22768021	2.03912997	1.91520000	1.83402002	1.81907988	1.89558005	1.97379017	2.05415988	2.10744023	2.09259009	2.05056000	2.00232005	1.95065987	1.93517983	1.95029986	1.97108996	2.00322008	2.03066993	2.03399992	2.03012991	2.02212000	2.00996995	2.00717998	2.01267004	2.01590991	2.01510000	2.01122999	1.99035001	1.96667981	1.93715990	1.90772998	1.88639987	1.87506008	1.86345017	1.85130000	1.83923995	1.82456994	1.80962992	1.79207993	1.77533984	1.76003993	1.74770999	1.73600996	1.72800004	1.71936011	1.71854997	1.71765006	1.72493994	1.73690999	1.75194001	1.77254987	1.79702985	1.82853007	1.86030006	1.89305997	1.92680991	1.95219004	1.97442019	1.98009014	1.97100031	1.95453000	1.91700006	1.88037002	1.84644008	1.81656015	1.79676008	1.78560007	1.77606010	1.77120006	1.77138007	1.77902985	1.79045999	1.81665003	1.84508979	1.89387000	1.95021009	2.00429988	2.05505991	2.10042000	2.12651992	2.14604998	2.15306997	2.15117979	2.13569999	2.10995984	2.07143998	2.02193999	1.99395001	2.00735998	2.02599001	2.12949014	2.22462010	2.24900985	2.22812986	2.14001989	1.95722997	1.81890011	1.75175989	1.74950993	1.87523997	2.05353022	2.26449013	2.48714995	2.44179010	2.16431999	1.86597013	1.53737986	1.25667000	1.20429003	1.23642004	1.41236985	1.69685996	1.97720993	2.25477004	2.46510005	2.58624005	2.61657000	2.32172990	1.95695996	1.61865020	1.29672003	1.11212993	1.08981001	1.11977983	1.30770016	1.45611000	1.50164998	1.48752010	1.37619007	1.19979012	1.08774006	1.01934004	1.00179005	1.06667995	1.14200997	1.23119998	1.31336999	1.33929002	1.33506000	1.32183003	1.29573011	1.28304005	1.28834999	1.29698992	1.30473006	1.31166005	1.29996002	1.28187001	1.26765001	1.25685000	1.24641001	1.23327005	1.21985996	1.20357001	1.19340014	1.20843005	1.24443007	1.30761003	1.39994991	1.48472989	1.55897999	1.61091006	1.57473016	1.51892984	1.41308999	1.29276001	1.21373999	1.18466997	1.18457997	1.27242005	1.35773993	1.43793011	1.50209999	1.48509002	1.41723001	1.30527008	1.16154003	1.02860999	0.925199986
-72.0000000	0.721080005	0.751139939	0.781919956	0.824040055	0.870659947	0.893159926	0.867060006	0.837719977	0.801449955	0.767159998	0.766080022	0.783180058	0.818640172	0.866160035	0.903689981	0.891269922	0.865979970	0.797219992	0.719190001	0.658980012	0.633690000	0.634860039	0.680129945	0.745019972	0.813510001	0.871920049	0.884340048	0.847170055	0.788309991	0.705060005	0.633149981	0.591480017	0.574739993	0.577799976	0.604080021	0.616590023	0.620909989	0.603540003	0.565199971	0.514079988	0.459359974	0.408690006	0.364410013	0.332099974	0.308159977	0.291240007	0.281970024	0.273780018	0.270900011	0.269730002	0.266309977	0.263339996	0.252719998	0.233820006	0.213750020	0.191249996	0.170100003	0.162990004	0.160290003	0.167760015	0.181530014	0.191429988	0.183780000	0.173789993	0.139230013	9.92700011E-02	6.76800013E-02	4.68899980E-02	3.71700004E-02	4.17599976E-02	5.91299981E-02	0.109620005	0.179010019	0.316619992	0.486270010	0.646830022	0.753120065	0.812609971	0.763739944	0.687690020	0.592649996	0.505259991	0.442800015	0.407970011	0.397350013	0.414629996	0.448109984	0.476099998	0.494100004	0.494369984	0.471599966	0.434879959	0.393480003	0.353970021	0.320670009	0.296999991	0.281159997	0.273779988	0.269459993	0.266939998	0.264689982	0.261180013	0.256500006	0.251100004	0.243270025	0.235799998	0.228599995	0.221220002	0.214829996	0.210869983	0.210239992	0.214469999	0.221129999	0.232649997	0.246959984	0.260280013	0.272070020	0.281879991	0.286019981	0.287459999	0.287280023	0.288269997	0.290250003	0.294750005	0.298260033	0.299789995	0.300150007	0.296550006	0.289889991	0.281969994	0.273600012	0.266219974	0.262620002	0.260099977	0.259289980	0.259020001	0.256319970	0.251639992	0.246149987	0.240299985	0.235709995	0.236609980	0.240749985	0.252900004	0.269190013	0.286200017	0.301949978	0.312929958	0.313469976	0.310680002	0.305370003	0.304110020	0.308519989	0.323280007	0.347130030	0.373139977	0.399420023	0.424169987	0.435690016	0.440549999	0.456570029	0.476459980	0.569429994	0.718559980	0.953460038	1.36089003	1.79172015	2.16315007	2.50164008	2.63618994	2.53133988	2.38626003	2.17115998	1.98567021	1.90710008	1.87983012	1.98611987	2.16387010	2.30499005	2.38680005	2.46006036	2.26709986	2.07809997	1.92681015	1.80234003	1.73645997	1.77956998	1.83240008	1.90881002	1.98468006	2.00015998	1.98495007	1.95785999	1.92293990	1.89899993	1.92789006	1.96245003	2.00150990	2.03751016	2.04957008	2.01528001	1.97171998	1.91196001	1.84887004	1.80468023	1.77066016	1.74573016	1.73439002	1.72215009	1.71630001	1.71116996	1.71494997	1.72700989	1.75203001	1.79820001	1.85247016	1.92087007	1.99431002	2.06081986	2.12093997	2.16809988	2.20157981	2.22876000	2.23704004	2.24442005	2.25270009	2.26899004	2.28825021	2.31840014	2.35080028	2.38563013	2.42235017	2.46266985	2.50505996	2.54006958	2.56526971	2.58443999	2.57427001	2.55554986	2.51009989	2.44511986	2.37554979	2.29508996	2.21885991	2.16584969	2.12435985	2.09996986	2.09520006	2.08575010	2.06946015	2.04867005	2.01222014	1.97081995	1.94661009	1.93122005	1.92969000	1.96722019	2.00835013	2.07747006	2.15478015	2.23037982	2.30498981	2.36133003	2.39454007	2.41154981	2.39219975	2.35493970	2.30318999	2.24873996	2.20535994	2.15127015	2.10771012	2.04039001	1.93896008	1.82420993	1.70477998	1.59884989	1.56726003	1.60127997	1.73826003	1.95947993	2.14290023	2.27511001	2.32370996	2.06235003	1.69334996	1.36980009	1.07792997	0.867779970	0.822870016	0.824759901	0.925379992	1.06560016	1.21625996	1.37690997	1.56510007	1.77201009	1.92591000	1.89845991	1.83447015	1.61576998	1.35638988	1.18034995	1.11789000	1.10097003	1.22687995	1.34748006	1.40156996	1.40984988	1.33586991	1.19115007	1.07513988	1.00854003	0.969030023	1.02131999	1.09683001	1.17369008	1.23534000	1.26621008	1.22705996	1.17593992	1.11734998	1.06497002	1.03644013	1.03140008	1.03697991	1.05767989	1.07720983	1.08359993	1.08648002	1.08413994	1.07532001	1.06712997	1.07280004	1.08881998	1.13292003	1.20788991	1.29779994	1.40390992	1.49967015	1.54709983	1.57104003	1.50920999	1.38528013	1.25307000	1.11203992	0.972990036	0.937349975	0.931949973	0.976230025	1.07828999	1.17233992	1.24784994	1.29131997	1.25361001	1.17540002	1.06875002	0.945809960	0.847169995	0.782009959
-73.0000000	0.505979955	0.504270017	0.503640056	0.506429970	0.511920035	0.507330000	0.480419964	0.450000018	0.423180014	0.398430020	0.386999995	0.390689999	0.401579976	0.416789979	0.432630032	0.435780019	0.424439996	0.407070011	0.387809992	0.374309987	0.376289994	0.395549983	0.431280017	0.475290000	0.523079991	0.562680006	0.570330024	0.554580033	0.516329944	0.457650006	0.396090001	0.352259964	0.315809995	0.294120014	0.296370000	0.302309990	0.314009994	0.329399973	0.332460016	0.325709999	0.315090001	0.295919985	0.274230003	0.255690008	0.238499999	0.223739982	0.215279996	0.207359999	0.199259982	0.191609979	0.183599994	0.171630010	0.159119993	0.146159992	0.135539994	0.127799988	0.126090020	0.129059985	0.133649990	0.140670016	0.147690028	0.140940011	0.127620012	0.111599989	8.61300007E-02	6.24599978E-02	4.85999994E-02	3.96900028E-02	4.08600010E-02	5.32800034E-02	7.61400014E-02	0.131580010	0.198719993	0.288000017	0.396180004	0.500129998	0.525240064	0.545939982	0.530550003	0.486539960	0.446399987	0.410129964	0.380609989	0.368640006	0.370709985	0.379350007	0.391049981	0.399060011	0.394110024	0.377460003	0.352620006	0.320759982	0.287280023	0.257399976	0.233190000	0.214920014	0.202769980	0.195209980	0.190080002	0.185220003	0.181620002	0.176220015	0.170190006	0.165419996	0.159390002	0.153090000	0.150840014	0.148589998	0.148770005	0.150480002	0.154890001	0.161370009	0.169110000	0.175590008	0.182700008	0.188550010	0.191880018	0.194130003	0.193769991	0.193680003	0.192869991	0.192419991	0.192690000	0.191609994	0.189720005	0.185939997	0.180179998	0.172260001	0.165600002	0.159209996	0.154260010	0.152999997	0.154800013	0.157499999	0.161190018	0.166769996	0.167940021	0.167940006	0.166679993	0.164519981	0.163529992	0.166679993	0.171539992	0.182970002	0.199440002	0.216899991	0.233640015	0.250380009	0.259020001	0.263249993	0.268379956	0.267209977	0.269459993	0.273959994	0.281340003	0.287639976	0.293940008	0.300599962	0.314729959	0.338490009	0.377370030	0.448109984	0.551519990	0.718020022	0.954179943	1.23227990	1.51632023	1.77399004	1.95390010	1.98872995	1.96317005	1.88216984	1.76669991	1.70090985	1.69865990	1.72475994	1.83824992	1.98657024	2.08367991	2.13588023	2.18411994	2.03975987	1.89765000	1.78713012	1.71378016	1.67139006	1.70721006	1.76345992	1.81610990	1.86209989	1.88225996	1.86362994	1.83195007	1.80755985	1.79198980	1.79135990	1.83060002	1.86687005	1.88361013	1.86939001	1.83339000	1.77453005	1.70441985	1.65708005	1.63872004	1.63782001	1.67660999	1.73232007	1.79388011	1.86092997	1.92905998	1.95677996	1.98666000	2.01654005	2.05082989	2.09430003	2.16189003	2.23874998	2.32218003	2.41398025	2.49561024	2.55825019	2.61548996	2.64240026	2.65095019	2.65895987	2.65040994	2.64356995	2.64176989	2.64230990	2.64482999	2.65094995	2.65932012	2.65409994	2.63393998	2.60433006	2.55599976	2.49336004	2.43504000	2.37428999	2.30958009	2.29958987	2.29302001	2.31129026	2.37096000	2.43351007	2.49966002	2.56976986	2.57732987	2.52188969	2.44331980	2.30076003	2.13533998	1.99844980	1.88513994	1.77723014	1.78740013	1.80242991	1.86678016	1.98648012	2.11032033	2.24775028	2.38634992	2.49776983	2.58462000	2.64797997	2.66922021	2.67255020	2.64789009	2.60180998	2.55023980	2.46546006	2.37311983	2.27096987	2.16026998	2.05991983	1.99547982	1.95830989	1.97325015	2.05721998	2.15513992	2.22641993	2.28060007	2.22920990	2.04461980	1.84374011	1.66311002	1.49265003	1.38716996	1.37124002	1.36719000	1.39139998	1.42479014	1.48446012	1.57121992	1.67777991	1.81169987	1.94175017	1.89863992	1.73978996	1.52252996	1.32624006	1.15523994	1.07738996	1.10186994	1.16738999	1.25873995	1.34531999	1.34531999	1.25343001	1.14120007	1.02680993	0.922860026	0.866699994	0.867060006	0.877590001	0.918360054	0.954540014	0.974160075	0.957509935	0.938249946	0.916199982	0.892979920	0.894869924	0.922499955	0.962010026	1.03014004	1.10888994	1.17657006	1.23624003	1.29401994	1.29942000	1.30752003	1.31760001	1.32858014	1.34694004	1.37250006	1.40022004	1.40318990	1.37042999	1.31372988	1.22625005	1.10196006	0.985140085	0.883080006	0.781740010	0.748529971	0.746460080	0.767970026	0.830789924	0.898920059	0.949410021	0.990629971	0.986850083	0.929250002	0.860310018	0.774089992	0.680490017	0.607950091	0.555930018
-74.0000000	0.246420011	0.232109994	0.219239995	0.206459984	0.196020007	0.183870018	0.167400002	0.150930017	0.137070000	0.126809999	0.119250014	0.119879998	0.123659998	0.130500004	0.138600007	0.148050010	0.149220005	0.150839999	0.151560009	0.151289999	0.153000012	0.161910012	0.173160002	0.187919989	0.205650002	0.219509989	0.226709992	0.230579987	0.225180000	0.210150018	0.196740016	0.185400024	0.174239993	0.168660000	0.173249990	0.179010004	0.188910007	0.201150015	0.206729993	0.207810000	0.206460014	0.198360011	0.187470004	0.175949991	0.163440004	0.151020005	0.142289996	0.133650005	0.124739990	0.116909996	0.109169990	0.102959998	9.71099958E-02	9.54000056E-02	9.58500057E-02	9.83700007E-02	0.105479993	0.113490000	0.120509997	0.127170011	0.133650005	0.126540005	0.118620008	0.108810000	9.52200070E-02	8.37000012E-02	7.92900026E-02	7.73999989E-02	8.68500024E-02	0.106920011	0.135990009	0.187289998	0.247050002	0.305729985	0.364950001	0.423630029	0.427050024	0.429839998	0.421019971	0.398609996	0.376739979	0.357660025	0.339570045	0.329040021	0.324809998	0.321120024	0.315539986	0.309599966	0.297810018	0.282059997	0.265320003	0.247140005	0.229410008	0.213930011	0.204570010	0.195390001	0.189180002	0.184139997	0.177480012	0.170279995	0.164069995	0.155790001	0.147149995	0.140310004	0.134999990	0.129600003	0.129240006	0.128430009	0.128430009	0.129869998	0.131760001	0.133200005	0.134459987	0.134819999	0.134819999	0.133739993	0.132210016	0.130230010	0.128430009	0.127439991	0.126719996	0.126450002	0.126990005	0.126809999	0.125009999	0.124289997	0.121859998	0.119340003	0.116640002	0.116279997	0.115739994	0.117450006	0.119339995	0.121860005	0.123839997	0.126179993	0.124650009	0.123659991	0.121499993	0.119790010	0.119340003	0.121859998	0.126090005	0.134280011	0.145080000	0.156690001	0.169200003	0.181799993	0.191610008	0.197729990	0.203939974	0.204300001	0.205200002	0.207000002	0.209249988	0.213839993	0.224099994	0.236969993	0.261089981	0.296279997	0.340379983	0.409589976	0.487080008	0.588599980	0.709110081	0.832409918	0.952919960	1.07181001	1.17458999	1.25442004	1.34280002	1.45493996	1.57509005	1.71414006	1.87047005	2.00006986	2.05451989	2.08214998	2.01933002	1.88657987	1.74744010	1.61586010	1.49048996	1.42092001	1.42190993	1.44413996	1.52738988	1.63170004	1.70243990	1.73951972	1.75778973	1.72403979	1.67138994	1.63187993	1.60326016	1.57401013	1.59750009	1.61991000	1.63710010	1.64762998	1.65303004	1.64889002	1.64015996	1.66230011	1.71575999	1.78812003	1.91412020	2.05847979	2.19473982	2.32676983	2.45573997	2.46267009	2.46492004	2.43693018	2.36862016	2.31363010	2.29275012	2.28456020	2.30958009	2.36645985	2.42450976	2.48769021	2.55321002	2.60576987	2.64924002	2.69234991	2.70197988	2.71278024	2.72151017	2.72987986	2.73662996	2.73896980	2.74013996	2.71961975	2.67632985	2.62854004	2.56562972	2.49723005	2.44187999	2.39661002	2.35098004	2.38103986	2.41460991	2.47743011	2.57958007	2.67506957	2.75318956	2.82554984	2.80314016	2.68533015	2.54537988	2.34306002	2.11967993	1.92519009	1.75427997	1.58598006	1.55357993	1.52693999	1.54295993	1.61613011	1.69434011	1.78740013	1.88595009	1.95444012	1.99386024	2.02518010	2.03642988	2.03966999	2.06270981	2.10060000	2.14029002	2.21688008	2.29229999	2.35035014	2.38437009	2.39777994	2.35385990	2.28941989	2.19977999	2.08467007	1.97631001	1.88990998	1.80953991	1.76021981	1.73493004	1.71234000	1.76787007	1.82591987	1.89918005	1.99565983	2.07603002	2.11616993	2.14118981	2.15559006	2.15783978	2.12345982	1.98351002	1.80576003	1.59128988	1.34748006	1.10205007	0.997469962	0.899460018	0.873989940	0.943470001	1.01673007	1.09943998	1.18602002	1.18008006	1.08072007	0.981540024	0.878039956	0.772560000	0.724409938	0.719819963	0.719640017	0.787860036	0.857789993	0.916560113	0.963270009	1.00026000	1.01115000	1.01177990	1.01646006	1.02546012	1.04157007	1.07883012	1.12473011	1.16711998	1.20798004	1.24974000	1.23461998	1.21967995	1.18971002	1.14246011	1.09332001	1.03562999	0.975600004	0.915120006	0.854729950	0.796680033	0.744750023	0.693719983	0.666180015	0.654569983	0.644580007	0.676800013	0.708840013	0.738089979	0.763200045	0.775709987	0.751140058	0.712620020	0.655740023	0.578700006	0.504720032	0.435959995	0.370170027	0.319770008	0.283229977
-75.0000000	0.147870004	0.147960007	0.147960007	0.148230016	0.145799994	0.144270003	0.139769986	0.130050004	0.122039996	0.116820008	0.113399997	0.110160001	0.112949997	0.117810003	0.121770009	0.124920003	0.127349988	0.129510000	0.122849993	0.116099991	0.110880010	0.106559999	0.103049994	0.101520002	0.104040019	0.106650010	0.111330010	0.118440017	0.123930007	0.129420012	0.135000005	0.140940011	0.144900009	0.150119990	0.155340001	0.157860011	0.160650000	0.161189988	0.156240001	0.152009994	0.144629985	0.134910002	0.124200001	0.115019999	0.105840005	9.63900015E-02	9.19799954E-02	8.68500024E-02	8.41500089E-02	8.26200023E-02	8.20799991E-02	8.31599981E-02	8.72999951E-02	9.06299949E-02	9.79200006E-02	0.107460000	0.117630005	0.130050018	0.142829999	0.155159995	0.164159998	0.171720013	0.177210003	0.176129997	0.174330011	0.172890007	0.174510002	0.176220000	0.185849994	0.203579992	0.223200023	0.249120012	0.279630005	0.309150010	0.327149987	0.342450023	0.353340030	0.348210037	0.342809975	0.334529996	0.323100001	0.313109994	0.303570002	0.295380026	0.288179994	0.281340003	0.273960024	0.267569989	0.258299977	0.247679994	0.237780020	0.227610007	0.216000006	0.205559999	0.195749998	0.185040012	0.175590008	0.164879978	0.155159995	0.145080000	0.135810003	0.126540005	0.119610019	0.114480004	0.109170012	0.107010007	0.106380001	0.106289998	0.106019996	0.106109999	0.105660006	0.103859998	0.102780007	0.100439996	9.79200006E-02	9.58500057E-02	9.53999907E-02	9.45899934E-02	9.47699919E-02	9.61200073E-02	9.83700082E-02	0.101520002	0.102870010	0.104849994	0.106020004	0.104759999	0.103499994	0.101880006	9.98100042E-02	9.80100036E-02	9.57599953E-02	9.31499898E-02	9.22500044E-02	9.09899920E-02	8.97299945E-02	8.82000029E-02	8.83800015E-02	8.95499885E-02	9.06300023E-02	9.51300040E-02	9.98099968E-02	0.105569996	0.112140000	0.119430006	0.124830000	0.126809999	0.130140007	0.129960001	0.127530009	0.125190005	0.122400001	0.120239995	0.120059997	0.127170011	0.134460017	0.147060007	0.169650003	0.193230003	0.221669987	0.258480012	0.296279997	0.334440023	0.374400020	0.415800005	0.472229987	0.531360030	0.593279958	0.724949956	0.858330011	1.04427004	1.39392006	1.74924004	2.12759995	2.53422022	2.94389987	3.03650999	2.93076015	2.82006025	2.49498010	2.11347008	1.73150992	1.55052006	1.36988986	1.23632991	1.28321993	1.33299005	1.41452992	1.54233003	1.66463995	1.70873988	1.69361997	1.67111981	1.61594999	1.55205011	1.49084997	1.50182998	1.52523005	1.55304015	1.62027001	1.68732011	1.73924983	1.75913990	1.77767992	1.78866005	1.79270995	1.79775000	1.83257997	1.87902009	1.92438006	1.99251008	2.06181002	2.11491013	2.16099000	2.20211983	2.24676013	2.31983995	2.39732981	2.48804998	2.59847999	2.71259975	2.79953980	2.87198973	2.94533992	2.98250985	3.00878978	3.03705001	3.06927013	3.10185027	3.13776016	3.18672013	3.23522997	3.27879000	3.31245017	3.34431005	3.33684015	3.30002999	3.26214004	3.19760990	3.12660003	3.05648971	3.00761962	2.97035980	2.93697000	2.93382001	2.93552995	2.93003964	2.91167974	2.89107013	2.82447004	2.71187973	2.59695005	2.46069002	2.31642008	2.17521000	2.06667018	1.96325994	1.87713003	1.80008996	1.72899008	1.65933013	1.57688987	1.49706006	1.41461992	1.32758999	1.23570001	1.17170990	1.12220991	1.07307005	1.09502995	1.13741994	1.17989993	1.30778992	1.43568003	1.56393003	1.69821012	1.82952011	1.88873994	1.84022999	1.78578019	1.65383995	1.46709001	1.28322005	1.17117000	1.08981001	1.01411998	1.05911994	1.12409997	1.19591999	1.33028996	1.46601021	1.57094991	1.60370994	1.63368011	1.59624004	1.48878002	1.37583005	1.22688007	1.06397998	0.900629997	0.813419938	0.737999976	0.688769996	0.738539994	0.797130108	0.871920049	0.961470127	1.05084002	1.07621992	1.00755000	0.927539885	0.844649971	0.759419978	0.673380017	0.676529944	0.703529954	0.732509971	0.843479991	0.956340015	1.05066001	1.06991994	1.08836997	1.06722009	0.985590041	0.903509974	0.839340031	0.789119959	0.741600037	0.737010062	0.747630060	0.758160055	0.778140008	0.793079913	0.804509938	0.798570037	0.789839983	0.777329981	0.755280018	0.732780099	0.717660069	0.710639954	0.703800023	0.712620020	0.728370011	0.745289981	0.764730036	0.784619987	0.804509938	0.784260094	0.761579990	0.726570010	0.653399944	0.575910032	0.498689979	0.423899978	0.347489983	0.289439976	0.244439989	0.199709997	0.178740010	0.162899986
-76.0000000	0.148230016	0.163439989	0.178379998	0.193049997	0.199529991	0.205019996	0.207539976	0.200969979	0.191339999	0.183420002	0.177659974	0.172260001	0.167939991	0.167759985	0.167940006	0.169110000	0.165779993	0.162900001	0.158759996	0.150839984	0.142829984	0.135989994	0.130679995	0.125099987	0.121949993	0.122489996	0.124649994	0.126450002	0.130770013	0.135450006	0.140579998	0.143009990	0.144539997	0.145530015	0.143369988	0.139590010	0.135720000	0.128700003	0.120510004	0.112230010	0.103320003	9.28800032E-02	8.46900046E-02	7.79400021E-02	7.29000047E-02	6.84000030E-02	6.83100000E-02	6.81300014E-02	6.86699972E-02	7.08300024E-02	7.46100023E-02	7.83000067E-02	8.27099979E-02	8.82000029E-02	9.47699994E-02	0.103950001	0.113400005	0.123930000	0.137339994	0.151649997	0.165869996	0.181169987	0.196470007	0.211589977	0.223379984	0.235890001	0.246060014	0.252359986	0.257849991	0.262170017	0.263790011	0.265049994	0.266219974	0.266759992	0.266399980	0.265499979	0.266400009	0.266849995	0.268020004	0.268380016	0.269100010	0.270179987	0.269190013	0.268380016	0.266850024	0.263520002	0.258570015	0.253529996	0.244800001	0.235710010	0.227520004	0.214200005	0.200610012	0.186570004	0.171899989	0.155610010	0.141209990	0.126450002	0.113580003	0.102779992	9.40499976E-02	8.64900127E-02	8.10000077E-02	7.83900023E-02	7.74900019E-02	7.67700002E-02	7.77600035E-02	7.86600038E-02	7.91100040E-02	7.95600042E-02	7.89299980E-02	7.84800053E-02	7.70400017E-02	7.48799965E-02	7.28999972E-02	7.09199980E-02	7.00199977E-02	6.96600080E-02	7.03800023E-02	7.21799955E-02	7.36199990E-02	7.52399936E-02	7.74900019E-02	7.96499997E-02	7.98300058E-02	7.83899948E-02	7.77599961E-02	7.59600028E-02	7.34400004E-02	7.08300024E-02	6.78600073E-02	6.46200031E-02	6.21900000E-02	6.06599972E-02	6.09300025E-02	6.05699979E-02	6.54300004E-02	7.06500039E-02	7.68599957E-02	8.71199965E-02	9.81900096E-02	0.107010007	0.114030004	0.119070001	0.121230014	0.116370000	0.108539999	0.100350000	9.24300104E-02	8.54100063E-02	7.81200007E-02	8.08200017E-02	8.53200033E-02	9.42300037E-02	0.115470000	0.141570017	0.170460016	0.208259985	0.247679994	0.284220010	0.310319990	0.331560016	0.354330003	0.380699992	0.408419997	0.437309980	0.542070031	0.653760016	0.799019992	1.10529006	1.45719004	1.83771002	2.29113030	2.77470016	3.15288019	3.24720001	3.22218013	3.14010000	2.77605009	2.35115981	1.92725992	1.73817003	1.54988992	1.39752007	1.42218006	1.48041010	1.54170001	1.60793996	1.67588985	1.70666993	1.65582001	1.57229984	1.49175000	1.43018997	1.37448013	1.32389998	1.39130998	1.45782006	1.53296995	1.63187993	1.73322010	1.80729008	1.82025003	1.80702007	1.78127992	1.72574997	1.65987003	1.60245013	1.58354998	1.57401001	1.56438005	1.64619005	1.72629011	1.81871998	1.96344006	2.12273979	2.27250004	2.40030026	2.51981997	2.60892010	2.62188005	2.60325027	2.57454014	2.49974990	2.41353011	2.32721996	2.25908995	2.18988013	2.12859011	2.10438013	2.08880997	2.08116007	2.09510994	2.11698008	2.13705015	2.15694022	2.17638016	2.19285011	2.19717002	2.20130992	2.20617008	2.19708014	2.18916011	2.18070006	2.16522002	2.14650011	2.13110995	2.12516999	2.12021995	2.12777996	2.17278004	2.23128009	2.28923988	2.35151982	2.41739988	2.48363996	2.43692994	2.39238000	2.32568979	2.15936995	1.96974015	1.77839994	1.58048987	1.38005996	1.19673002	1.05875993	0.939960003	0.835380018	0.807930052	0.796679974	0.784980118	0.876870036	0.968940079	1.06676996	1.19582999	1.33227003	1.43937004	1.47744000	1.49111998	1.46610022	1.35405004	1.21041000	1.07604003	0.970649958	0.872099996	0.782820046	0.785880029	0.790650010	0.799019992	0.808379948	0.815759957	0.810179949	0.784169972	0.744389951	0.702180028	0.664200008	0.627210021	0.597059965	0.608219981	0.633689940	0.659699976	0.754920065	0.856800079	0.947790086	0.988740087	1.01988006	1.02365994	0.955259979	0.852930129	0.758610010	0.682200015	0.613979995	0.558449984	0.571589947	0.599129975	0.627839923	0.684720039	0.741149962	0.783900082	0.763469934	0.730260015	0.693180025	0.647100031	0.598410070	0.567000031	0.573930025	0.596160054	0.630180061	0.707399964	0.793980002	0.880560040	0.962010026	1.04256010	1.11015010	1.11716998	1.11123002	1.09836006	1.06622994	1.02743995	0.991710007	0.959670007	0.930330098	0.900000095	0.867420077	0.831960022	0.797939956	0.733860075	0.666719973	0.598320007	0.524160028	0.446489990	0.374939978	0.315360010	0.261360019	0.213929981	0.184139997	0.161549985	0.143279985	0.141839996	0.145259991
-77.0000000	0.149670020	0.159210011	0.169110000	0.179009989	0.179639995	0.178470001	0.176760003	0.168840006	0.157499984	0.146699980	0.138870001	0.131219998	0.123929992	0.122219995	0.119879998	0.118799992	0.120239995	0.121409997	0.122849993	0.123480000	0.124290004	0.125910014	0.125640005	0.124739997	0.125639990	0.124740005	0.123660006	0.123300001	0.122219995	0.121230006	0.119790003	0.117630012	0.115199998	0.112679996	0.108630002	0.104309998	0.100440010	9.51300114E-02	8.68499950E-02	7.95600042E-02	7.44300038E-02	6.91200048E-02	6.47099987E-02	6.21900000E-02	5.90400025E-02	5.72400019E-02	5.66999987E-02	5.67900017E-02	5.76900020E-02	5.92200011E-02	6.14699982E-02	6.30000010E-02	6.57899976E-02	6.98399991E-02	7.38900006E-02	7.96499997E-02	8.51399973E-02	9.25199986E-02	0.102329999	0.113310002	0.124199994	0.140130013	0.156600013	0.173700005	0.191880018	0.209880009	0.225000009	0.235620007	0.245790005	0.251010001	0.250650018	0.247770011	0.243450016	0.237240016	0.231030017	0.225360006	0.224280015	0.222570002	0.221669987	0.223289967	0.225179985	0.227790013	0.229950011	0.231300011	0.230130002	0.228060007	0.224820003	0.220049992	0.212490007	0.204929993	0.197279990	0.185670003	0.172979996	0.160919994	0.145079985	0.130679995	0.117630005	0.106020018	9.04500037E-02	7.93799981E-02	7.29000047E-02	6.75900057E-02	6.31799996E-02	6.17400035E-02	6.12000003E-02	6.11099973E-02	6.12899996E-02	6.10200018E-02	6.18300028E-02	6.16500042E-02	6.12000003E-02	6.09299988E-02	6.06599972E-02	5.84100038E-02	5.73300011E-02	5.69700003E-02	5.64300008E-02	5.60699999E-02	5.62499985E-02	5.66100031E-02	5.80500066E-02	5.84100038E-02	5.89499995E-02	5.96700013E-02	6.02100007E-02	6.04800023E-02	6.05700016E-02	5.97600006E-02	5.85000031E-02	5.74199967E-02	5.66099994E-02	5.57999946E-02	5.54400012E-02	5.71500026E-02	5.83200045E-02	5.96700050E-02	6.49800003E-02	7.03800023E-02	7.68600032E-02	8.40600133E-02	9.12600011E-02	9.72899944E-02	9.92700011E-02	9.81899947E-02	9.45899934E-02	8.84699896E-02	8.26200023E-02	7.54199997E-02	7.14600012E-02	6.72299936E-02	6.48000017E-02	7.40699992E-02	8.46899971E-02	0.101789996	0.140760005	0.183690012	0.232920021	0.295109987	0.364680022	0.420659989	0.451710045	0.471060008	0.488700002	0.494910032	0.498240024	0.503910005	0.557819903	0.612270057	0.682019949	0.822960019	0.979200006	1.15191007	1.36746013	1.60073996	1.80053997	1.91798997	2.00232005	2.06000996	1.99053013	1.89270008	1.79559004	1.72350001	1.65113986	1.59858000	1.63565993	1.69119012	1.73376012	1.74069011	1.73385000	1.70298004	1.61046004	1.49319017	1.38401997	1.30680001	1.23750007	1.16586006	1.20393014	1.24037993	1.28816998	1.38591015	1.49517000	1.59489012	1.67210996	1.74050987	1.78964996	1.79154003	1.77416980	1.75293005	1.71648014	1.67624998	1.63638008	1.62144005	1.60613990	1.59344995	1.59767985	1.60442996	1.60407007	1.58481002	1.55853009	1.51640987	1.43432987	1.33641005	1.23578990	1.11887991	0.999270022	0.878759980	0.789120018	0.700649977	0.618390024	0.568349957	0.525780022	0.494819999	0.490500003	0.497700036	0.512099981	0.546570003	0.590759993	0.634319961	0.685439944	0.736380041	0.787320018	0.829349995	0.870570064	0.911520004	0.948960066	0.986490011	1.03130996	1.09277999	1.16180992	1.24371004	1.35476995	1.47905993	1.60145998	1.71521997	1.82798994	1.94003987	1.94184005	1.94391000	1.93211997	1.85462999	1.76300991	1.66689003	1.55952001	1.44674993	1.34073007	1.25019002	1.16577005	1.08738005	1.04318988	1.00475991	0.966690004	0.988470018	1.01115000	1.03842008	1.08981001	1.14615011	1.19619000	1.22786999	1.25144994	1.25667012	1.21652997	1.15785003	1.09845006	1.03239000	0.964800119	0.897840023	0.862110019	0.827369928	0.792809963	0.762390018	0.731790066	0.702990055	0.676259995	0.650519967	0.630450010	0.626940012	0.630900025	0.639360011	0.671940029	0.710370064	0.749789953	0.770850003	0.791729987	0.802980006	0.766259968	0.718379974	0.669240057	0.615599990	0.559980035	0.513000011	0.487440020	0.470609993	0.458370000	0.467459977	0.481500000	0.495720029	0.502020001	0.508679986	0.512639999	0.500310004	0.483930051	0.477540016	0.490500033	0.510659993	0.551699996	0.640799999	0.750959933	0.866340041	1.01214015	1.16369987	1.31705999	1.39499998	1.47213006	1.52639997	1.47096002	1.39203000	1.29977989	1.17396009	1.03401005	0.904139936	0.798120022	0.701639950	0.609210014	0.546029985	0.487080008	0.428849995	0.386460006	0.343710035	0.301860005	0.265770018	0.231210023	0.200970009	0.178739995	0.158219993	0.140399992	0.133559987	0.130499989	0.128250003	0.135629997	0.142560005
-78.0000000	0.167580009	0.165419996	0.162809998	0.160830006	0.155969992	0.149489984	0.142649993	0.135809988	0.128969997	0.122219995	0.115830004	0.111510001	0.108270004	0.104849987	0.104219995	0.104310006	0.103770003	0.104490004	0.106110007	0.107550010	0.108360000	0.109170012	0.109530002	0.109169997	0.107730001	0.106289998	0.105389997	0.102689996	0.100529999	9.84599963E-02	9.66599956E-02	9.48599949E-02	9.26100016E-02	8.99100080E-02	8.92800018E-02	8.72099996E-02	8.56800005E-02	8.28000009E-02	8.06400031E-02	7.82100037E-02	7.43400007E-02	7.06500039E-02	6.74099997E-02	6.40799999E-02	6.05699979E-02	5.68800010E-02	5.42699993E-02	5.22900000E-02	5.15699983E-02	5.13899997E-02	5.14799990E-02	5.28300032E-02	5.38199991E-02	5.63399978E-02	5.96699975E-02	6.31799996E-02	6.77699968E-02	7.29900002E-02	7.97400028E-02	8.62200037E-02	9.67499986E-02	0.107100002	0.117809996	0.131040007	0.145530015	0.161370009	0.175590008	0.188549995	0.202590004	0.214380011	0.222210005	0.228599995	0.234809980	0.235439971	0.234540015	0.233730003	0.231210008	0.227160007	0.224550009	0.219690010	0.213749990	0.208619982	0.203490004	0.197819993	0.191430002	0.184950009	0.179460004	0.172799990	0.166319996	0.159390002	0.152190000	0.144359991	0.135720000	0.126269996	0.116460003	0.106830008	9.58499983E-02	8.66700038E-02	7.80300051E-02	7.13699982E-02	6.44399971E-02	5.78700006E-02	5.51699959E-02	5.24699986E-02	5.06699979E-02	4.89600003E-02	4.85099964E-02	4.79699969E-02	4.77000028E-02	4.80599999E-02	4.79700007E-02	4.81499955E-02	4.79699969E-02	4.89600003E-02	4.93200012E-02	4.94999997E-02	4.99500036E-02	4.99499999E-02	5.02200052E-02	5.07600009E-02	5.09399995E-02	5.15700020E-02	5.15699983E-02	5.21099977E-02	5.23800068E-02	5.35500050E-02	5.43600060E-02	5.51699996E-02	5.64299971E-02	5.77799976E-02	5.89499995E-02	6.10200018E-02	6.20100014E-02	6.38100058E-02	6.61500096E-02	6.84900060E-02	7.17300028E-02	7.44300038E-02	7.69499987E-02	7.82999992E-02	8.01900029E-02	8.07299912E-02	7.83899948E-02	7.53299966E-02	7.30800033E-02	7.23600015E-02	7.11900070E-02	7.11900145E-02	7.23600015E-02	7.54200071E-02	7.80300051E-02	9.15300027E-02	0.114750005	0.139680013	0.173160017	0.235440001	0.300599992	0.363600016	0.423449993	0.482129991	0.540450037	0.538560033	0.507689953	0.476099998	0.444240004	0.416970015	0.389340013	0.370169997	0.414180011	0.459809989	0.513629973	0.600210011	0.706499934	0.812520027	0.901350021	0.977760077	1.05390000	1.10556006	1.12356007	1.13364005	1.14471006	1.22984993	1.31327999	1.39292991	1.45214987	1.49723995	1.54179013	1.57023013	1.57824016	1.58634007	1.57446003	1.53045011	1.47599995	1.42316997	1.37456989	1.32840002	1.28321981	1.26944995	1.27791011	1.28673005	1.30049992	1.32300007	1.34586000	1.37771988	1.42703986	1.48328996	1.53585005	1.55043006	1.55331004	1.55582988	1.51631999	1.44081008	1.36728001	1.28618991	1.18764007	1.08882010	0.993870020	0.907200038	0.823049963	0.739440024	0.667079985	0.600300014	0.533610046	0.480330050	0.438480020	0.397980005	0.361529976	0.341100007	0.320039988	0.299970031	0.285210013	0.275220007	0.264779985	0.257849991	0.254430026	0.250110030	0.252000004	0.262529999	0.275039971	0.290339977	0.325709999	0.362159997	0.402029991	0.463679969	0.534690022	0.607499957	0.690209985	0.788489997	0.886950016	0.968850017	1.02996004	1.08666003	1.13156998	1.12454998	1.10502005	1.08566999	1.04967010	1.00709999	0.965070009	0.931049943	0.909449935	0.887939930	0.877049863	0.881189942	0.890549898	0.900089979	0.911880016	0.925830007	0.937889993	0.937349916	0.931410074	0.923579931	0.908460081	0.882630050	0.855360091	0.828989923	0.800100029	0.770040035	0.742950022	0.723689973	0.707309961	0.692099929	0.690569997	0.699750006	0.709019959	0.724859953	0.758610070	0.790740013	0.821339965	0.837989986	0.853649914	0.861209929	0.840599954	0.795509994	0.751680017	0.700919986	0.644219995	0.586440027	0.533519983	0.491580009	0.452249974	0.412469983	0.391050011	0.373679996	0.357389987	0.355229974	0.365130007	0.375030011	0.397080004	0.432810009	0.471689969	0.508769989	0.544049978	0.578249991	0.614880025	0.607140005	0.591479957	0.574559987	0.545580029	0.505080044	0.464039981	0.438749969	0.439739972	0.444600016	0.460079998	0.503369987	0.557730019	0.612990022	0.670589983	0.729809999	0.789209962	0.802800000	0.762300074	0.720809996	0.671220064	0.593460023	0.512820005	0.436950028	0.374490023	0.319410026	0.264330029	0.231120005	0.210419968	0.190620005	0.177120000	0.172979996	0.169200003	0.164879993	0.164699987	0.164069995	0.164609998	0.164790004	0.164519995	0.165420011	0.164429992	0.164250001	0.163800001	0.164250001	0.165690005	0.166319996
-79.0000000	0.201150000	0.193949997	0.185760006	0.178380013	0.173519999	0.169200018	0.166140005	0.162990004	0.161730006	0.161279991	0.160290003	0.159480006	0.157860011	0.156780005	0.155160010	0.152910024	0.150930017	0.146970004	0.143640012	0.140489995	0.137160003	0.133380011	0.129870012	0.126900017	0.123480007	0.120870002	0.117450006	0.114480004	0.112499990	0.110429995	0.107729994	0.105119996	0.103590004	0.102240004	9.98999998E-02	9.80999991E-02	9.66599956E-02	9.45900008E-02	9.18000117E-02	8.96400139E-02	8.58600140E-02	8.18099976E-02	7.88400024E-02	7.46100098E-02	7.11000040E-02	6.68700039E-02	6.29099980E-02	5.97600006E-02	5.66999987E-02	5.51699996E-02	5.41799963E-02	5.43600023E-02	5.44500016E-02	5.60699999E-02	5.75099960E-02	5.89499958E-02	6.21900037E-02	6.57900050E-02	6.93000033E-02	7.31699988E-02	7.86599964E-02	8.55900049E-02	9.17100087E-02	9.92700011E-02	0.107819997	0.117090009	0.126179993	0.136800006	0.147060007	0.157049999	0.165689990	0.175049990	0.182519987	0.187470004	0.191249996	0.195029989	0.195570007	0.192510009	0.190169990	0.185939997	0.178739995	0.171270013	0.163350001	0.154530004	0.145439997	0.136889994	0.128790006	0.120870002	0.112860009	0.106650010	0.100349993	9.46799964E-02	8.87399986E-02	8.27100053E-02	7.69500062E-02	7.18200058E-02	6.58800006E-02	6.07500039E-02	5.57999983E-02	5.11199944E-02	4.76999991E-02	4.40100022E-02	4.25699987E-02	4.08600010E-02	3.95100005E-02	3.88800018E-02	3.91500033E-02	3.96000035E-02	3.98700014E-02	4.08600010E-02	4.17600013E-02	4.27499972E-02	4.37400043E-02	4.53600027E-02	4.65300009E-02	4.73399982E-02	4.81499992E-02	4.81499992E-02	4.91399951E-02	4.89599966E-02	4.86900024E-02	4.87800017E-02	4.88700084E-02	5.01300059E-02	5.03100082E-02	5.18400073E-02	5.36400042E-02	5.55300005E-02	5.81400022E-02	6.03899956E-02	6.27299994E-02	6.56099990E-02	6.77699968E-02	6.94800019E-02	7.19100088E-02	7.33500049E-02	7.39800036E-02	7.54199997E-02	7.63200000E-02	7.58699998E-02	7.56900012E-02	7.50600025E-02	7.52400011E-02	7.47900009E-02	7.59599954E-02	7.75800049E-02	8.10900033E-02	8.46900046E-02	9.29699987E-02	0.101610005	0.111060001	0.128339991	0.154890016	0.180450007	0.212669998	0.261720002	0.311580002	0.359909981	0.400229990	0.437130004	0.474480003	0.480779976	0.470880002	0.461340010	0.451979995	0.444779992	0.440460026	0.442529947	0.485370040	0.530460000	0.585000038	0.659430087	0.747089922	0.831510007	0.878760040	0.900000036	0.921779990	0.910170019	0.862020016	0.808200002	0.753839970	0.721799910	0.690299988	0.662850022	0.661410034	0.680849969	0.701010048	0.734670103	0.786240101	0.839969993	0.891720057	0.937799990	0.981719971	1.02356994	1.01276994	0.995309949	0.972899914	0.942299962	0.905130029	0.869669914	0.845369935	0.845009923	0.843479991	0.851040006	0.874170065	0.901979923	0.930329978	0.953369915	0.974879980	0.995309949	0.990540028	0.962909997	0.934020042	0.895229995	0.827910066	0.758879960	0.693000019	0.633509994	0.575910032	0.521730006	0.483659983	0.455130041	0.428220034	0.411659986	0.404909998	0.399239987	0.395999998	0.401760012	0.406350046	0.410130054	0.412740022	0.414539993	0.416160017	0.413819999	0.407700002	0.400680006	0.396089971	0.392850012	0.389880002	0.390960008	0.413550019	0.441989988	0.476460010	0.545310020	0.631169975	0.721350014	0.819179952	0.925830007	1.03085995	1.10088003	1.12769997	1.14525008	1.14066005	1.07054996	0.985499859	0.901260078	0.823769987	0.747810006	0.674279988	0.618119955	0.588329911	0.558989942	0.539279997	0.539910018	0.546840012	0.556020021	0.576180041	0.602910042	0.630360007	0.648809969	0.661229968	0.670319974	0.666899979	0.636210024	0.604890049	0.568260014	0.525870025	0.483029962	0.442169994	0.412829995	0.390150011	0.368099988	0.364499986	0.372240037	0.381870002	0.397529989	0.432630002	0.467730016	0.502290010	0.530910015	0.559080005	0.581759989	0.577979982	0.551429987	0.523440003	0.481859982	0.428220004	0.373140037	0.324539989	0.291420013	0.260369986	0.233999997	0.229859978	0.232109994	0.236880004	0.261810005	0.302579999	0.343800038	0.403289974	0.483480006	0.566820025	0.639450014	0.682919979	0.718649983	0.754020035	0.704340041	0.634230018	0.562770009	0.493469983	0.425970018	0.360449970	0.307170033	0.277649999	0.251729995	0.231750026	0.222930014	0.219150007	0.216270015	0.212219998	0.207989991	0.203669995	0.194310009	0.179460019	0.163440004	0.149220005	0.136079997	0.122040011	0.109800011	0.104490012	0.101789996	9.97200012E-02	0.102780007	0.109439999	0.117899999	0.128429994	0.143820003	0.160740003	0.177030012	0.193949983	0.211860001	0.226080000	0.235080004	0.241919994	0.247679994	0.247050002	0.241740003	0.235800013	0.229320005	0.219510004	0.210240021
-80.0000000	0.173700005	0.171090007	0.168569997	0.164969996	0.163529992	0.165959984	0.168389991	0.170010000	0.171900004	0.173880011	0.176130012	0.178110018	0.176040024	0.173160002	0.170910001	0.168300018	0.163350016	0.159570009	0.154799998	0.150479987	0.147239998	0.143819988	0.140760005	0.138330013	0.137249991	0.135989994	0.134819999	0.134279996	0.133379996	0.133469999	0.133200005	0.131400004	0.129869998	0.127799988	0.124919996	0.121770009	0.118169993	0.114299990	0.110429995	0.106200002	0.101790003	9.76500139E-02	9.40500125E-02	8.91000032E-02	8.55000094E-02	8.25300068E-02	7.83900023E-02	7.55999908E-02	7.22699985E-02	7.02000037E-02	6.84000030E-02	6.62400052E-02	6.54300004E-02	6.51600063E-02	6.47100061E-02	6.39900044E-02	6.44399971E-02	6.47999942E-02	6.54300004E-02	6.59700036E-02	6.69599995E-02	6.92100078E-02	7.12800026E-02	7.30800107E-02	7.56900012E-02	7.90200084E-02	8.24400038E-02	8.50499943E-02	8.90100002E-02	9.20700058E-02	9.58499983E-02	0.100350000	0.102870002	0.104939997	0.107730009	0.109529994	0.109169997	0.107280008	0.106290005	0.105210006	0.101160005	9.64799970E-02	9.29699913E-02	8.82900059E-02	8.38799998E-02	7.82999992E-02	7.34400004E-02	6.88500106E-02	6.53399974E-02	6.21900000E-02	5.80499992E-02	5.57999983E-02	5.36400005E-02	5.08500002E-02	4.88699973E-02	4.72499989E-02	4.48200032E-02	4.36500050E-02	4.21199985E-02	4.14899997E-02	4.06799987E-02	3.98700014E-02	3.95100005E-02	3.97800058E-02	3.97800021E-02	4.02300060E-02	4.07700017E-02	4.15799990E-02	4.27500010E-02	4.40999977E-02	4.50000018E-02	4.67100032E-02	4.77900021E-02	4.84200008E-02	4.83300015E-02	4.85100038E-02	4.93200049E-02	4.91400026E-02	4.88700047E-02	4.92300019E-02	4.97700013E-02	5.06700054E-02	5.20200022E-02	5.35500087E-02	5.53500056E-02	5.82300089E-02	6.07500039E-02	6.33600056E-02	6.64200112E-02	6.83100075E-02	7.11899996E-02	7.38900080E-02	7.43400082E-02	7.47000054E-02	7.47000054E-02	7.43400156E-02	7.30800107E-02	7.27200061E-02	7.07399994E-02	6.99300021E-02	7.00200051E-02	7.03800023E-02	7.13699982E-02	7.39800036E-02	7.85700083E-02	8.45100060E-02	9.03600082E-02	0.101340003	0.114479989	0.128880009	0.143010005	0.166770011	0.191430017	0.216810018	0.243180007	0.274859995	0.306629986	0.337229997	0.360090017	0.374940008	0.389249980	0.403109998	0.412650019	0.419850022	0.428310007	0.439740002	0.478709936	0.518939972	0.559889972	0.616140068	0.703530014	0.792089939	0.879929960	0.942929924	0.979829967	1.01690996	1.05110991	1.00637996	0.934830010	0.864539981	0.794250011	0.736200035	0.676169991	0.618480086	0.570690036	0.559979975	0.548370004	0.536579967	0.537570000	0.551340044	0.565290034	0.579240024	0.584100008	0.585359991	0.586350024	0.586530030	0.560790002	0.534599960	0.508499980	0.483749986	0.464129955	0.446669996	0.429030001	0.422910005	0.426600009	0.432449996	0.438480020	0.450720042	0.464760005	0.479429990	0.493560016	0.494010031	0.494910032	0.495000064	0.490769982	0.475379974	0.460260034	0.446130008	0.436140001	0.430020005	0.424170017	0.421020031	0.431100041	0.447749972	0.463409960	0.480959952	0.508679986	0.536759973	0.564119995	0.586169958	0.597060084	0.608129978	0.616769969	0.610109925	0.590219975	0.568439960	0.547829986	0.528389990	0.509130001	0.491040021	0.471420050	0.498329967	0.523800015	0.550710022	0.587520003	0.660149992	0.734580040	0.808829963	0.870750010	0.918899953	0.966600001	1.01510990	1.00529993	0.968490064	0.929610014	0.891810000	0.828089952	0.758430064	0.689129949	0.625680029	0.581580043	0.538829982	0.498240024	0.472680032	0.465840012	0.463050038	0.461250007	0.476550013	0.498059988	0.522360027	0.546660006	0.552510023	0.557460010	0.561329961	0.557729959	0.534240007	0.510299921	0.484019995	0.456300020	0.426869988	0.398070008	0.367920011	0.352080017	0.340469986	0.329399973	0.319949985	0.328860015	0.337410003	0.347130001	0.357119948	0.364409983	0.372779995	0.379979998	0.375029981	0.356580019	0.338669986	0.320849985	0.299520016	0.278370023	0.256860018	0.235620007	0.234720007	0.234270006	0.233640000	0.239220008	0.265860021	0.293130010	0.319680005	0.350279987	0.385470003	0.421469986	0.457110018	0.454319984	0.438119978	0.423269987	0.407790035	0.368010014	0.329040021	0.290789992	0.256229997	0.233730003	0.212400004	0.191339999	0.177750006	0.173160002	0.168660015	0.164249986	0.162450016	0.161459997	0.160380021	0.158940002	0.156509995	0.155250013	0.151740000	0.149130002	0.148499995	0.147330001	0.145800009	0.148499995	0.154349983	0.159659997	0.164879993	0.176040009	0.188639998	0.202140018	0.215820014	0.229049996	0.243180007	0.257489979	0.267300010	0.266130000	0.264779985	0.263339996	0.257490009	0.243900001	0.231210023	0.218070015	0.206819996	0.195659995	0.184499994
-81.0000000	0.144810006	0.145889997	0.146970004	0.148499995	0.149939999	0.151559979	0.152729988	0.154259995	0.155610010	0.154980004	0.153449997	0.151740000	0.149759993	0.146880001	0.142740011	0.139770001	0.135360003	0.132389992	0.129329994	0.127440006	0.125820011	0.125640005	0.125639990	0.125100002	0.125999987	0.127980009	0.130319998	0.132569999	0.134280011	0.135270000	0.137069985	0.138599992	0.138779998	0.137429997	0.135899991	0.133469999	0.131760001	0.127800003	0.123570003	0.119880006	0.116190001	0.111870006	0.108180009	0.103949994	9.94499996E-02	9.63000059E-02	9.31499973E-02	9.02699977E-02	8.64899978E-02	8.39699954E-02	8.22599903E-02	8.02799985E-02	7.80299976E-02	7.64099956E-02	7.43400007E-02	7.20899999E-02	7.09199980E-02	6.90300018E-02	6.80400059E-02	6.66000023E-02	6.57900050E-02	6.51599988E-02	6.46199957E-02	6.37200028E-02	6.31799996E-02	6.26400039E-02	6.21900037E-02	6.16500042E-02	6.14700019E-02	6.17400035E-02	6.15600049E-02	6.19200058E-02	6.21900037E-02	6.14700019E-02	6.12000041E-02	6.08400032E-02	6.03000037E-02	5.91300018E-02	5.75999953E-02	5.59800006E-02	5.43600023E-02	5.25600053E-02	5.09400070E-02	4.95899990E-02	4.75199968E-02	4.59900014E-02	4.44600023E-02	4.33800034E-02	4.24800031E-02	4.19399999E-02	4.14000005E-02	4.14000042E-02	4.18500006E-02	4.14000005E-02	4.18500043E-02	4.18500043E-02	4.23000008E-02	4.29299995E-02	4.39200029E-02	4.47300039E-02	4.51800041E-02	4.61700037E-02	4.69800048E-02	4.85099964E-02	4.89600003E-02	4.96799983E-02	5.01299985E-02	5.14799990E-02	5.21100052E-02	5.22900075E-02	5.27400076E-02	5.26500084E-02	5.24700060E-02	5.26499972E-02	5.22000007E-02	5.20200022E-02	5.22900037E-02	5.26500046E-02	5.30100055E-02	5.40900044E-02	5.52600026E-02	5.80500066E-02	6.09300062E-02	6.36299998E-02	6.74099997E-02	7.00200051E-02	7.39800036E-02	7.70399943E-02	7.94699937E-02	8.02800059E-02	8.10000002E-02	8.08200017E-02	7.99200088E-02	7.60500059E-02	7.29900077E-02	6.95699975E-02	6.54300004E-02	6.35399967E-02	6.12000041E-02	5.86799979E-02	5.83200008E-02	5.97600006E-02	6.24600016E-02	6.57899976E-02	7.00200051E-02	7.98300058E-02	9.19800028E-02	0.104580000	0.116730005	0.137340009	0.160379991	0.183510005	0.206639990	0.233459994	0.262259990	0.290340006	0.318060011	0.340649992	0.359369963	0.376199991	0.391679972	0.404550016	0.415710002	0.424890041	0.435420007	0.460350037	0.486450016	0.514079988	0.548009992	0.605159998	0.668609977	0.731700003	0.797490001	0.863550067	0.929069996	0.995490134	1.04652011	1.04877007	1.03653014	1.02392995	1.01124001	0.963179946	0.915120006	0.867240012	0.822600007	0.793259978	0.765809953	0.738270044	0.712530017	0.690840006	0.668520033	0.645929992	0.621089995	0.591479957	0.559710026	0.526770055	0.494010001	0.462150007	0.431459993	0.403470010	0.378450006	0.360720009	0.345149994	0.332370013	0.324360013	0.322109997	0.321930021	0.322560012	0.324450016	0.326790005	0.329850048	0.332729995	0.335250020	0.333900005	0.333450019	0.332549989	0.331650019	0.331919968	0.333269984	0.335070014	0.338220000	0.347580016	0.359909981	0.371789992	0.384750009	0.405629992	0.426059961	0.447929978	0.466290027	0.479699969	0.490679979	0.500940025	0.506340027	0.498059958	0.485369980	0.472049981	0.460260034	0.448740005	0.438120037	0.429030001	0.422280073	0.440189987	0.458100021	0.476010054	0.503729999	0.550890028	0.604080021	0.656729996	0.707039952	0.752129972	0.796499908	0.840420008	0.874440014	0.859229982	0.833220005	0.809009969	0.781740010	0.725310028	0.664020002	0.602279961	0.543959975	0.497340024	0.458190024	0.420839995	0.389069945	0.374490023	0.370260000	0.369720012	0.371520042	0.384750009	0.399690002	0.417150021	0.434520036	0.443699986	0.452250034	0.460260034	0.463050038	0.456930041	0.446489990	0.435690016	0.422549993	0.405000001	0.386909962	0.368910015	0.351269990	0.341459960	0.331379980	0.321929991	0.313559979	0.310950011	0.309330016	0.307439983	0.305010021	0.300509989	0.294569969	0.289169997	0.283320010	0.274770021	0.266670018	0.258120000	0.250290006	0.246240020	0.241830006	0.238049984	0.233820006	0.232920006	0.231839985	0.230670005	0.228599995	0.225630000	0.222929999	0.219060004	0.216000006	0.211589992	0.205020010	0.199980006	0.196199998	0.196919993	0.197009996	0.197279990	0.200700015	0.208980009	0.218970016	0.229049996	0.239400029	0.252539992	0.266760021	0.280530006	0.294210017	0.303479970	0.309959978	0.315990001	0.322559983	0.322019994	0.318419993	0.315090001	0.310769975	0.304650009	0.299340010	0.292860031	0.286650032	0.279810011	0.273870051	0.267749995	0.261450022	0.254160017	0.245880008	0.239040017	0.231839985	0.222029999	0.212129995	0.201060012	0.193409979	0.183870003	0.174960017	0.165869996	0.158759996	0.154079989	0.150839999	0.147510007
-82.0000000	0.166050017	0.166229993	0.167939991	0.169560015	0.169289991	0.169199988	0.165690005	0.162180007	0.158399999	0.154259995	0.149310008	0.143820018	0.137610003	0.133290008	0.128069982	0.124109991	0.120780006	0.117449999	0.115290001	0.114119999	0.113580003	0.114569999	0.114750005	0.116460003	0.118080005	0.119340010	0.122400001	0.125100002	0.126269996	0.128790006	0.130230010	0.132030010	0.132660016	0.133200005	0.132479995	0.132210001	0.131760001	0.129599988	0.127710000	0.125729993	0.123299986	0.121049993	0.117089994	0.114750005	0.110880002	0.108899996	0.105929993	0.102509998	9.94499996E-02	9.63000059E-02	9.37800109E-02	9.17100012E-02	8.92800018E-02	8.67599994E-02	8.44200030E-02	8.30700025E-02	8.13599899E-02	7.99200013E-02	7.82100037E-02	7.73100108E-02	7.65000060E-02	7.53300041E-02	7.45199993E-02	7.35300034E-02	7.30800033E-02	7.27199987E-02	7.17299953E-02	7.01999962E-02	6.94800019E-02	6.84000030E-02	6.79500028E-02	6.68700039E-02	6.56999946E-02	6.40799999E-02	6.25500008E-02	6.12899922E-02	5.97599968E-02	5.69699965E-02	5.53499982E-02	5.34600019E-02	5.08500002E-02	4.89600040E-02	4.78800014E-02	4.64400016E-02	4.55400050E-02	4.39199992E-02	4.34700027E-02	4.34700027E-02	4.29299995E-02	4.29300033E-02	4.32900004E-02	4.37400043E-02	4.41000015E-02	4.52700034E-02	4.52699997E-02	4.63500023E-02	4.76999991E-02	4.88699973E-02	5.03100008E-02	5.14799990E-02	5.25600016E-02	5.39099984E-02	5.53500019E-02	5.66999987E-02	5.68800010E-02	5.81400022E-02	5.76000027E-02	5.75999990E-02	5.72400019E-02	5.72400019E-02	5.67900054E-02	5.58900051E-02	5.57100065E-02	5.49000055E-02	5.52600063E-02	5.53500019E-02	5.62500060E-02	5.74200116E-02	5.94000071E-02	6.17400035E-02	6.33600056E-02	6.51599988E-02	6.76800013E-02	7.02000037E-02	7.32599944E-02	7.66799971E-02	7.79400021E-02	7.79399946E-02	7.73999989E-02	7.64099956E-02	7.62300044E-02	7.37999976E-02	6.95699975E-02	6.49800003E-02	6.12899922E-02	5.66999987E-02	5.52600026E-02	5.30100018E-02	5.07599972E-02	4.94100004E-02	4.92300019E-02	5.31900041E-02	5.71500026E-02	6.11999929E-02	6.67799935E-02	7.87499920E-02	9.36000124E-02	0.110520005	0.126900002	0.149400011	0.176309988	0.209700003	0.244260013	0.277830005	0.315090001	0.351720005	0.386550009	0.420119971	0.445859969	0.465030015	0.481410027	0.491669983	0.497879982	0.500849962	0.501839936	0.501929998	0.503729999	0.508320034	0.519389987	0.529739976	0.541079998	0.556379974	0.578069985	0.602639973	0.627030015	0.652680039	0.677609980	0.700559974	0.724139988	0.747359991	0.770489931	0.781469941	0.793349922	0.804869950	0.815399945	0.820709944	0.817739964	0.814139962	0.810360074	0.803970039	0.787500024	0.763379991	0.739350021	0.714960039	0.685980022	0.656189978	0.621989965	0.588419914	0.556650043	0.533520043	0.511829972	0.493199974	0.475019962	0.464489996	0.460619986	0.456929952	0.455219984	0.455669999	0.459089965	0.462419987	0.465750009	0.468090028	0.468540043	0.465570003	0.464129984	0.460889995	0.455219984	0.448829979	0.442260027	0.435780019	0.428850025	0.422280043	0.416970015	0.411840022	0.406800032	0.401580006	0.399150014	0.397710025	0.395280004	0.393119991	0.391049981	0.389880002	0.390329987	0.390509993	0.391859978	0.395729989	0.404639959	0.415079981	0.425520003	0.443340033	0.467820048	0.498599946	0.529020011	0.562229991	0.605430067	0.650520027	0.694890022	0.738359988	0.776700020	0.810810030	0.841679990	0.865529954	0.878580034	0.857699990	0.828539968	0.799739957	0.759150028	0.708839953	0.647819996	0.586619973	0.525959969	0.473039955	0.431369990	0.394290000	0.357389987	0.322109967	0.304380000	0.298799992	0.293489993	0.288630009	0.284940004	0.292320013	0.299700022	0.307799995	0.315090030	0.320670009	0.323909998	0.326790005	0.329850018	0.330750018	0.326070011	0.318150014	0.309419990	0.302039981	0.293489993	0.283950031	0.274050027	0.264330029	0.255240023	0.248490006	0.242729992	0.236609995	0.233010024	0.229590014	0.227340013	0.225810006	0.225089997	0.224550009	0.225000009	0.225180000	0.225360006	0.226170018	0.227250010	0.227069989	0.225899994	0.226169989	0.225359976	0.224009976	0.222750008	0.221490011	0.220590025	0.219240025	0.219690010	0.220050007	0.220230013	0.220229998	0.224369988	0.229230002	0.234719992	0.238769978	0.246059999	0.256680012	0.267660022	0.278909981	0.289260000	0.301499993	0.313470006	0.326069981	0.338220000	0.345420033	0.347490013	0.349020004	0.350730002	0.350639999	0.342000008	0.331200004	0.319950014	0.307709962	0.293309987	0.278549999	0.262260020	0.246509999	0.232290015	0.219960004	0.207810014	0.195030004	0.183959991	0.176399991	0.170729995	0.164429992	0.158759996	0.154709995	0.154079989	0.153359979	0.153269976	0.152549982	0.153540000	0.156780005	0.159390002	0.163259998
-83.0000000	0.200429991	0.197369993	0.192959994	0.190349996	0.186660007	0.182789996	0.176129997	0.169829994	0.161730006	0.155340001	0.149400026	0.143279999	0.137789994	0.132210016	0.126630008	0.121769994	0.120870009	0.120150007	0.118710004	0.118080005	0.117720008	0.118890010	0.121680006	0.123210005	0.125369996	0.127260000	0.130140007	0.132030010	0.134010017	0.136710003	0.138600007	0.139589995	0.139860004	0.140489995	0.140939996	0.140579984	0.140129983	0.138870001	0.137699991	0.135629997	0.134279981	0.131579995	0.128610000	0.126089990	0.123389997	0.120600007	0.117540002	0.114660002	0.110880010	0.107730009	0.104399994	0.102419995	0.100170001	9.74700004E-02	9.43199992E-02	9.24300030E-02	9.09900069E-02	8.86500105E-02	8.72999951E-02	8.60399976E-02	8.54999945E-02	8.45999941E-02	8.43300000E-02	8.35199952E-02	8.30700025E-02	8.25300068E-02	8.21700022E-02	8.10899958E-02	8.03700015E-02	7.92899951E-02	7.86599964E-02	7.64999986E-02	7.55099952E-02	7.29899928E-02	7.17300028E-02	7.02900067E-02	6.77699968E-02	6.53399900E-02	6.38099983E-02	6.19199984E-02	6.04799986E-02	5.89500032E-02	5.76900020E-02	5.65200001E-02	5.57099953E-02	5.43599986E-02	5.40900044E-02	5.45400046E-02	5.40900007E-02	5.34600019E-02	5.39100058E-02	5.44500053E-02	5.53500056E-02	5.67900017E-02	5.71500063E-02	5.79600073E-02	5.90400025E-02	5.99399954E-02	6.12899922E-02	6.20999970E-02	6.21899925E-02	6.31799996E-02	6.36299998E-02	6.35399967E-02	6.38099983E-02	6.40799999E-02	6.30900040E-02	6.21900037E-02	6.18300028E-02	6.08399995E-02	6.05699979E-02	6.02099933E-02	5.97599968E-02	5.93100004E-02	5.87700009E-02	5.86800016E-02	5.94900064E-02	6.12900034E-02	6.29100055E-02	6.34500012E-02	6.46200031E-02	6.59700036E-02	6.74999952E-02	6.87600002E-02	7.01999962E-02	7.12800026E-02	7.01100007E-02	6.83099926E-02	6.63300008E-02	6.56099990E-02	6.43500015E-02	6.16499968E-02	5.76000027E-02	5.48099950E-02	5.13000004E-02	4.86000031E-02	4.73400019E-02	4.68000025E-02	4.66200002E-02	4.59899977E-02	4.70700040E-02	5.08500002E-02	5.66099994E-02	6.23699985E-02	6.78599998E-02	7.57800043E-02	9.26100016E-02	0.111870013	0.130860001	0.150480017	0.169649988	0.206910014	0.244530007	0.282059997	0.319680005	0.355230004	0.384210020	0.411480010	0.437849998	0.465119988	0.484200001	0.482759982	0.474749982	0.467640013	0.459179997	0.451619983	0.440819949	0.430289984	0.419580013	0.408869982	0.400770009	0.399239957	0.399959981	0.400500000	0.401220024	0.403739989	0.413639933	0.426239967	0.439110011	0.451259971	0.463499993	0.483209997	0.502380013	0.523080051	0.543060005	0.562140048	0.576090038	0.590130091	0.604440033	0.618480027	0.628560007	0.627210021	0.622440040	0.617130041	0.612720013	0.607770026	0.591749966	0.576539993	0.560249984	0.545489967	0.532530069	0.524160028	0.519390047	0.513630033	0.507420003	0.504089952	0.508949935	0.516509950	0.523439944	0.530819952	0.537479997	0.545490026	0.553590000	0.561509967	0.569790006	0.575820029	0.576810062	0.575460017	0.574830055	0.574110031	0.571410000	0.564300001	0.555480003	0.547649980	0.537930012	0.529380083	0.521100044	0.513180017	0.504630029	0.496710062	0.490590036	0.491040021	0.493650019	0.497159988	0.499860018	0.506430030	0.522810042	0.543060064	0.563760042	0.584370077	0.605070055	0.639360011	0.673380017	0.707939982	0.742049992	0.775079966	0.801899970	0.827730000	0.852479994	0.877949953	0.895139992	0.890910029	0.879299998	0.866339982	0.854009926	0.841679990	0.793619931	0.744749963	0.696240067	0.648270011	0.601019979	0.561869979	0.523079991	0.485100001	0.447750002	0.414359987	0.394019961	0.377730042	0.362700015	0.346320003	0.331470013	0.326790005	0.321930021	0.317520022	0.313110024	0.308430016	0.302580029	0.297900021	0.292229980	0.287909985	0.281340003	0.271889985	0.262620002	0.252270013	0.243089989	0.233730003	0.225539982	0.217620000	0.209069997	0.201689988	0.194670007	0.191610008	0.188640013	0.186300009	0.184859991	0.183239982	0.185399994	0.190080002	0.194220021	0.198269993	0.202679992	0.210330009	0.218520001	0.226980001	0.235349998	0.243450001	0.250019997	0.256230026	0.262440026	0.269100010	0.274410009	0.276300013	0.277380019	0.278910011	0.279720008	0.280890018	0.277470022	0.273960024	0.271439999	0.267389983	0.263610005	0.259560019	0.255599976	0.251460016	0.247500002	0.244079992	0.239850000	0.236789986	0.233549982	0.230580002	0.227070004	0.222029999	0.216629982	0.211319983	0.207449988	0.202050000	0.195840016	0.189720005	0.183509991	0.177389994	0.172889993	0.170189992	0.167489991	0.165419996	0.162720010	0.161369994	0.162810013	0.165330008	0.167219996	0.168840006	0.171000019	0.174869999	0.178920001	0.183149979	0.187019989	0.190980002	0.193050012	0.194310009	0.196830019	0.198090002
-84.0000000	0.200790003	0.194310024	0.187200010	0.181170017	0.174690008	0.168299988	0.161639988	0.155699998	0.149130002	0.142829999	0.138329998	0.132749990	0.128699988	0.124920003	0.121680014	0.119070008	0.119159997	0.118799999	0.119250007	0.120510004	0.122040004	0.123930007	0.126990005	0.130590007	0.134100020	0.136350006	0.139680028	0.143370017	0.145800009	0.148860008	0.151650012	0.152370021	0.152999997	0.154170007	0.155070007	0.155250013	0.154799998	0.153630003	0.151380002	0.149399996	0.147780001	0.144089997	0.141839996	0.137879997	0.134639993	0.131489992	0.128249988	0.123839997	0.120150000	0.117000006	0.112950005	0.109980009	0.106650010	0.103050008	0.100350007	9.82800052E-02	9.59400088E-02	9.37800035E-02	9.11700055E-02	8.88300017E-02	8.69399980E-02	8.60399976E-02	8.52300003E-02	8.43299925E-02	8.31599981E-02	8.25299993E-02	8.20799991E-02	8.18099976E-02	8.13599974E-02	8.07300061E-02	8.04600045E-02	8.01000074E-02	7.95600042E-02	7.94700012E-02	7.91099966E-02	7.87499994E-02	7.80300051E-02	7.68600032E-02	7.68600032E-02	7.67700002E-02	7.65900016E-02	7.70400017E-02	7.71299973E-02	7.69499913E-02	7.63199925E-02	7.63199925E-02	7.64999986E-02	7.67699927E-02	7.73099959E-02	7.72200003E-02	7.77600035E-02	7.71300048E-02	7.76700005E-02	7.83899948E-02	7.76700005E-02	7.74900019E-02	7.73999989E-02	7.67700002E-02	7.62300044E-02	7.59600028E-02	7.49699995E-02	7.40699992E-02	7.29000047E-02	7.16399997E-02	7.12800026E-02	6.98399991E-02	6.84000030E-02	6.75000027E-02	6.61500022E-02	6.55200034E-02	6.54300004E-02	6.52500018E-02	6.48899972E-02	6.49800003E-02	6.48000017E-02	6.56099990E-02	6.67800009E-02	6.77699968E-02	6.89400062E-02	6.97500035E-02	7.18199983E-02	7.22699985E-02	7.29900002E-02	7.37100020E-02	7.44299963E-02	7.51499981E-02	7.38899931E-02	7.19999969E-02	6.99300021E-02	6.81300014E-02	6.59700036E-02	6.39900044E-02	6.07500076E-02	5.83200045E-02	5.39099984E-02	5.17499968E-02	5.02199978E-02	4.86900024E-02	4.78800014E-02	4.71599959E-02	4.75200005E-02	4.90500033E-02	5.15700020E-02	5.44500016E-02	5.72400019E-02	6.12900071E-02	6.92100003E-02	7.89300054E-02	8.86499956E-02	9.79200080E-02	0.107460007	0.125009999	0.144630000	0.162990004	0.181079999	0.199170008	0.215910003	0.233099997	0.251369983	0.269639999	0.283500016	0.290250003	0.294030011	0.299160004	0.303299993	0.309780002	0.311939985	0.313919991	0.317160010	0.321570009	0.327869982	0.337949991	0.349289984	0.360630006	0.372330040	0.387989968	0.407070011	0.427859992	0.449369997	0.470519960	0.491399974	0.514800012	0.537479997	0.560790002	0.584010005	0.606509984	0.624240041	0.633870006	0.641789973	0.649259984	0.655020058	0.653490007	0.648900032	0.636389971	0.622709930	0.608579993	0.588059962	0.566459954	0.545489967	0.524609983	0.504179955	0.484829932	0.466380060	0.447569996	0.431459963	0.419669986	0.413279980	0.410400033	0.406980038	0.403109998	0.399329990	0.411120027	0.421110034	0.432000041	0.443159997	0.454500049	0.467729956	0.485549986	0.505349994	0.525419950	0.544409990	0.560699940	0.577350020	0.596070051	0.617129982	0.637199998	0.655199945	0.673289955	0.691019952	0.706769943	0.723509967	0.742590070	0.762030005	0.781740010	0.798840046	0.812340081	0.827099979	0.842939973	0.857160032	0.873539925	0.889110029	0.895590007	0.902610064	0.910260022	0.916740060	0.923399985	0.924300015	0.920790017	0.916379988	0.911610007	0.904139996	0.890640020	0.873000085	0.855360150	0.835740030	0.817380071	0.782280028	0.748259962	0.714600027	0.682109952	0.649710000	0.617489994	0.585900009	0.554310024	0.522989988	0.495719969	0.472139984	0.450449973	0.428940028	0.407970011	0.386729985	0.371609986	0.357299984	0.342629999	0.327780008	0.312839985	0.299610019	0.286289990	0.274320006	0.262890011	0.249839976	0.237780005	0.226350009	0.216090009	0.205289990	0.195299998	0.187920004	0.181439996	0.173519984	0.167849988	0.163440004	0.161100000	0.159300014	0.157679990	0.156510010	0.156690001	0.159569994	0.163529992	0.167309999	0.171270013	0.175229996	0.182340011	0.190080002	0.198000014	0.205469996	0.213029996	0.219330013	0.226170003	0.231389999	0.238500029	0.243540019	0.246240035	0.247950003	0.247860000	0.248129979	0.248399973	0.243719995	0.239130005	0.234899998	0.229770020	0.224099979	0.218880013	0.212849990	0.206549987	0.201150000	0.195659995	0.190260008	0.185939997	0.181260020	0.175860003	0.172260016	0.169830009	0.167760000	0.165419996	0.163619995	0.161729991	0.161639988	0.162360013	0.163350001	0.165420011	0.167580009	0.170369998	0.174510002	0.178289995	0.182249993	0.186209992	0.191069990	0.196740001	0.201419994	0.204929993	0.207810000	0.209969997	0.211590007	0.214560002	0.216360003	0.216179997	0.212849990	0.209699988	0.206729993	0.203309998
-85.0000000	0.169649988	0.163890004	0.158129990	0.153809980	0.148319989	0.142919987	0.138150007	0.134010002	0.130049989	0.126359999	0.123300001	0.119879998	0.116100006	0.115019999	0.114300005	0.113670006	0.114030004	0.113040008	0.112949997	0.114389993	0.116640002	0.119339995	0.121860005	0.124200009	0.126720011	0.129960001	0.132390007	0.135540009	0.137700021	0.140310004	0.143640012	0.144720003	0.146249995	0.147150010	0.147600010	0.148410007	0.148680001	0.147869989	0.146609992	0.145439997	0.143460006	0.140760005	0.139500007	0.136979997	0.134369999	0.131130010	0.128430009	0.125190005	0.121500008	0.118530005	0.115830004	0.113400012	0.109890006	0.107280001	0.104580000	0.102240004	0.100439996	9.85499918E-02	9.55800042E-02	9.34199914E-02	9.16199982E-02	9.08100009E-02	9.00000036E-02	8.91000032E-02	8.83800015E-02	8.82899910E-02	8.74799937E-02	8.71199965E-02	8.72099996E-02	8.72999951E-02	8.77500027E-02	8.80200043E-02	8.78399983E-02	8.79300013E-02	8.85600001E-02	8.91899988E-02	9.00899991E-02	9.05399919E-02	9.11699980E-02	9.15300027E-02	9.17100012E-02	9.20699984E-02	9.20699984E-02	9.21600014E-02	9.24300030E-02	9.26100016E-02	9.18899924E-02	9.16199982E-02	9.10800025E-02	9.10800025E-02	9.14399996E-02	8.98199975E-02	8.84700045E-02	8.77500102E-02	8.67599994E-02	8.55899975E-02	8.43300000E-02	8.33400041E-02	8.17200020E-02	8.01899955E-02	7.92899951E-02	7.81200007E-02	7.69499987E-02	7.54199922E-02	7.49699920E-02	7.37999976E-02	7.29899928E-02	7.29900002E-02	7.26300031E-02	7.30800033E-02	7.43400007E-02	7.55100027E-02	7.69499987E-02	7.80299902E-02	7.95599893E-02	8.19000006E-02	8.34299922E-02	8.49599987E-02	8.72099996E-02	8.96400064E-02	9.20700133E-02	9.35100093E-02	9.51300114E-02	9.48600024E-02	9.58500057E-02	9.55800116E-02	9.48600024E-02	9.39600021E-02	9.21600014E-02	9.00899991E-02	8.64900053E-02	8.27099979E-02	7.84800053E-02	7.48800039E-02	6.85800090E-02	6.54300004E-02	6.08400032E-02	5.75099960E-02	5.33699989E-02	5.14799990E-02	4.96799983E-02	4.71599996E-02	4.59000021E-02	4.50899974E-02	4.47300002E-02	4.49099988E-02	4.53599989E-02	4.68000025E-02	4.82399985E-02	4.97699976E-02	5.21099940E-02	5.58900014E-02	6.00300021E-02	6.44400045E-02	6.95699975E-02	7.46100023E-02	8.11799988E-02	8.91000032E-02	9.81899947E-02	0.106380008	0.115110010	0.125459999	0.137789994	0.151919991	0.166320011	0.181979999	0.196379989	0.211769998	0.232830003	0.258210033	0.283410013	0.309150010	0.334710032	0.360269994	0.390059978	0.424710006	0.461699933	0.498059988	0.534419954	0.571049988	0.606779993	0.635399938	0.662580013	0.690389991	0.717660010	0.745110035	0.768239975	0.775799990	0.773010015	0.769230068	0.765450001	0.762840033	0.757799983	0.739799976	0.713519990	0.687780023	0.661410034	0.634770095	0.607770026	0.582029998	0.556739926	0.532260001	0.507420003	0.482670009	0.460170001	0.442799985	0.431190014	0.422729999	0.414630026	0.407070011	0.400590003	0.403920025	0.407160044	0.418320030	0.431820005	0.444690019	0.460709959	0.482220024	0.505620003	0.533609986	0.566910028	0.600119948	0.633599997	0.672569990	0.712799966	0.751949966	0.793259978	0.833399951	0.874170005	0.912510037	0.949769974	0.986850023	1.01780999	1.04210997	1.06460989	1.07990992	1.09259999	1.10493004	1.11348009	1.10997009	1.10430002	1.08494997	1.06623006	1.04642987	1.02680993	1.00313997	0.973979950	0.940499961	0.904589891	0.869489968	0.834029973	0.799560010	0.766259968	0.730619967	0.695429981	0.659429967	0.623430014	0.588779986	0.557640016	0.530100048	0.502380013	0.475200027	0.447750032	0.420929998	0.397619992	0.377370000	0.359189987	0.340469986	0.321659982	0.303029984	0.284489959	0.272520006	0.260010004	0.247770011	0.235169992	0.223200008	0.211950019	0.203040004	0.195660010	0.188280001	0.181080014	0.173700005	0.167219996	0.162630007	0.159480006	0.155970007	0.152820006	0.149760008	0.146790013	0.145800009	0.146430001	0.146250010	0.146609992	0.146969989	0.148320004	0.150839999	0.153449997	0.156240001	0.158850014	0.161910012	0.164609998	0.168930009	0.173610002	0.176579997	0.179730013	0.182610005	0.185580000	0.187560007	0.189990014	0.191249996	0.192420006	0.193230003	0.194040000	0.192329988	0.191159993	0.190080002	0.187559992	0.185579985	0.183599994	0.180360004	0.177210003	0.173519984	0.170549989	0.167490005	0.164340019	0.161820009	0.159030005	0.157050014	0.154800013	0.152999997	0.151290014	0.151470006	0.150839999	0.152009994	0.151829988	0.152909994	0.153540000	0.155969992	0.158760011	0.162000000	0.164700001	0.168119997	0.171360001	0.175139993	0.178739995	0.181710005	0.186299995	0.188909978	0.191880003	0.191880003	0.192149997	0.192149997	0.192870006	0.192960009	0.192149997	0.188729987	0.185399994	0.181620002	0.177570000	0.173339993
-86.0000000	0.134910002	0.133110002	0.131489992	0.129419997	0.127260000	0.125909999	0.124470003	0.123029999	0.121770002	0.120600000	0.119969994	0.119249992	0.118079998	0.117809996	0.117989995	0.118440002	0.118260004	0.119160004	0.119430006	0.119880006	0.120870002	0.122130007	0.124559999	0.125730008	0.126450002	0.128519997	0.129690006	0.130950004	0.132119998	0.133469984	0.135720000	0.136710003	0.137160003	0.137880012	0.137880012	0.137610003	0.138239995	0.138330013	0.138600007	0.137610003	0.136170015	0.135360003	0.134280011	0.133020014	0.131940007	0.129690006	0.128069997	0.126090005	0.124560006	0.122760013	0.120600015	0.118620008	0.116550006	0.115019992	0.113580003	0.111510001	0.109800003	0.107909992	0.106649995	0.105930001	0.103859998	0.102329999	0.100709997	9.91800055E-02	9.82799977E-02	9.73799974E-02	9.62999910E-02	9.56699923E-02	9.47699919E-02	9.38699916E-02	9.40499976E-02	9.37800035E-02	9.28800032E-02	9.23400074E-02	9.18900073E-02	9.09000039E-02	9.08100009E-02	9.08100009E-02	9.02699977E-02	9.00000036E-02	8.99100006E-02	8.94600078E-02	8.90100077E-02	8.85600075E-02	8.79300013E-02	8.73000026E-02	8.65800008E-02	8.57699960E-02	8.53200033E-02	8.41500014E-02	8.31599981E-02	8.24399963E-02	8.24399963E-02	8.25299993E-02	8.21700022E-02	8.21700022E-02	8.18099976E-02	8.16299990E-02	8.23499933E-02	8.21699947E-02	8.24400038E-02	8.28900039E-02	8.33399966E-02	8.38800073E-02	8.46000016E-02	8.60399976E-02	8.72999951E-02	8.88300017E-02	9.08100083E-02	9.19800028E-02	9.38699991E-02	9.64800045E-02	9.93599966E-02	0.101700000	0.103590004	0.105570003	0.107370012	0.109890006	0.112320006	0.114390001	0.118350007	0.119159989	0.118619993	0.116909988	0.115919992	0.115109988	0.114389993	0.113399997	0.111510009	0.106830008	0.101880006	9.66600031E-02	9.17999968E-02	8.63100067E-02	8.11799988E-02	7.64999986E-02	6.98399991E-02	6.60600066E-02	6.12900034E-02	5.71499988E-02	5.33699989E-02	4.96799983E-02	4.63499986E-02	4.40099984E-02	4.17599976E-02	4.04999964E-02	3.86999995E-02	3.76200005E-02	3.58199999E-02	3.51000018E-02	3.31199989E-02	3.46499979E-02	3.51899937E-02	3.61799933E-02	3.66299935E-02	3.83399948E-02	4.08599973E-02	4.33799960E-02	4.58100028E-02	5.12100011E-02	5.50799929E-02	6.07499965E-02	6.88500032E-02	7.69499987E-02	8.61300007E-02	9.38699991E-02	0.106559999	0.120329998	0.137340009	0.156780005	0.175949991	0.195840001	0.214560017	0.235530019	0.260999978	0.288899988	0.317610025	0.345510006	0.373949975	0.402209997	0.430019975	0.451619983	0.471960038	0.493380010	0.514079988	0.534960032	0.554670036	0.567629993	0.570690036	0.570509970	0.570779979	0.571319997	0.570959985	0.569249988	0.561959982	0.553229988	0.540719986	0.527850032	0.514440000	0.501659989	0.489689976	0.478889972	0.468540013	0.457289994	0.446849972	0.436589956	0.429119945	0.426149964	0.422999978	0.421110004	0.417960018	0.420480013	0.422459990	0.431820005	0.443880022	0.455850005	0.467819989	0.479790002	0.493379951	0.513270020	0.538289964	0.563579917	0.589139998	0.614340007	0.640259981	0.664469957	0.689400017	0.714960039	0.739979923	0.765629947	0.790560007	0.815219998	0.833400071	0.841140032	0.846089959	0.850049913	0.854459941	0.859140038	0.858960032	0.845640004	0.831329942	0.810090005	0.789480031	0.768690050	0.747540057	0.721620023	0.692279994	0.663659930	0.633960009	0.603359997	0.573930025	0.545939982	0.518760026	0.491310060	0.465030015	0.437849998	0.413459986	0.388799965	0.368550003	0.349739999	0.331110001	0.312299997	0.293579996	0.276659995	0.263520002	0.252269983	0.241109982	0.230220005	0.218790010	0.208079994	0.197549999	0.192510009	0.188370019	0.184860021	0.179910004	0.176400006	0.171990007	0.169650003	0.168480009	0.168840006	0.168660000	0.168840006	0.169650003	0.169739991	0.171539992	0.172799990	0.174509987	0.176579997	0.178830013	0.180810004	0.183960006	0.187290013	0.190530002	0.192780018	0.194670007	0.197279990	0.199799985	0.202769995	0.205200002	0.208079994	0.210869998	0.211139992	0.211769998	0.211319998	0.211409986	0.211319998	0.211050004	0.211320013	0.210329995	0.206639990	0.203759998	0.199980021	0.197009996	0.193230003	0.190799996	0.187200010	0.182610020	0.178110003	0.173880011	0.169290006	0.165510014	0.160740018	0.157050014	0.153899997	0.150570005	0.148049995	0.144719988	0.141569987	0.138779998	0.136260003	0.133740008	0.133019999	0.132479995	0.131039992	0.130860001	0.130589992	0.130769998	0.130679995	0.131219998	0.131489992	0.132749990	0.134010002	0.135450006	0.136079997	0.136800006	0.138329998	0.139950007	0.140939996	0.141389996	0.142470002	0.142740011	0.143010005	0.143010005	0.143369988	0.143010005	0.141660005	0.140489995	0.139049992	0.137519985	0.135809988
-87.0000000	0.124110006	0.124020003	0.124650002	0.125370011	0.125820011	0.126540005	0.126809999	0.127350003	0.128340006	0.128430009	0.128880009	0.129960015	0.130950004	0.131489992	0.131669998	0.133469999	0.133919984	0.134369999	0.135179996	0.136259988	0.137699991	0.138239995	0.139319986	0.140129998	0.140849993	0.141479999	0.142470002	0.142829999	0.143639997	0.144630000	0.145799994	0.145620003	0.145619988	0.145170003	0.144899994	0.145259991	0.145259991	0.145260006	0.145169988	0.144449994	0.143730000	0.142829999	0.142470002	0.140759990	0.139949992	0.139409989	0.137880012	0.136710003	0.135629997	0.134010002	0.133110002	0.131219998	0.130050004	0.128969997	0.127260000	0.126090005	0.123930007	0.122579999	0.121139996	0.119070001	0.117899984	0.116909996	0.115380004	0.113489993	0.112949997	0.111419998	0.110429995	0.108989999	0.107910000	0.107280001	0.106110007	0.105300002	0.104580007	0.103680007	0.102959998	0.101970010	0.101070002	0.100170001	0.100080006	9.95400101E-02	9.89100114E-02	9.88200083E-02	9.89100114E-02	9.80100110E-02	9.80100110E-02	9.75600109E-02	9.73800048E-02	9.78300050E-02	9.78300050E-02	9.80100110E-02	9.78300050E-02	9.83700082E-02	9.84600112E-02	9.90000069E-02	0.100080013	0.101250015	0.102240004	0.102960005	0.103950001	0.105209999	0.106650002	0.107910007	0.109980002	0.111150004	0.112590000	0.113760002	0.115830004	0.118260004	0.119879998	0.122310005	0.123930007	0.125459999	0.127349988	0.128519997	0.129600003	0.131039992	0.131399989	0.133019999	0.134549990	0.136079997	0.137519985	0.135629997	0.133380011	0.131579995	0.129330009	0.127350017	0.125550002	0.123480000	0.120959997	0.117179997	0.113039993	0.109259985	0.104849987	9.99900028E-02	9.60300043E-02	9.18000042E-02	8.77500027E-02	8.36099982E-02	7.93799981E-02	7.51500055E-02	7.21800029E-02	6.87600002E-02	6.53399974E-02	6.33599982E-02	6.11099973E-02	5.96700013E-02	5.75099960E-02	5.56199998E-02	5.36400005E-02	5.18400036E-02	4.91400026E-02	4.97700013E-02	5.04000038E-02	5.04000038E-02	5.05799986E-02	5.08500040E-02	5.14800027E-02	5.16600013E-02	5.22900037E-02	5.40900044E-02	5.57999983E-02	5.86800016E-02	6.12900034E-02	6.49800003E-02	6.79500028E-02	7.10100010E-02	7.65900016E-02	8.21699947E-02	8.85599926E-02	9.37800035E-02	0.100350015	0.107190013	0.113490000	0.121770009	0.132119998	0.141300008	0.150749996	0.160740003	0.170280010	0.179550022	0.188460022	0.197550014	0.206999987	0.216449991	0.224730000	0.233009994	0.242190003	0.251820028	0.258749992	0.263249993	0.268469989	0.273510009	0.277740002	0.282599986	0.286559999	0.291330010	0.291509986	0.292499989	0.293130010	0.294299990	0.294569969	0.295109987	0.295560002	0.296550006	0.297269970	0.298260003	0.299159974	0.299699992	0.300329983	0.301769972	0.302669972	0.306809992	0.310950011	0.314729989	0.318869978	0.322739989	0.327239990	0.331649989	0.338039994	0.344609976	0.351179987	0.358199984	0.365040004	0.371790022	0.379080027	0.385830015	0.391320020	0.397080034	0.402660042	0.409230024	0.414360017	0.419400007	0.424080044	0.425340056	0.424350023	0.423269987	0.421380013	0.419759989	0.418139994	0.416699976	0.415619999	0.408060044	0.400500000	0.392490029	0.384120017	0.376290023	0.368460000	0.359910011	0.351989985	0.342629999	0.333719999	0.324989974	0.315180004	0.305729985	0.296460003	0.286920011	0.278459996	0.270810008	0.262980014	0.255239993	0.247679994	0.241109997	0.234180003	0.228960007	0.225000024	0.221310005	0.217349991	0.213570014	0.209070012	0.205019996	0.201510012	0.201510027	0.201960012	0.202500015	0.202860013	0.203040004	0.202679992	0.203759998	0.204839990	0.206640005	0.208439991	0.211319998	0.213480011	0.215999991	0.218610004	0.221670002	0.225269988	0.228149995	0.230939984	0.234539986	0.237059981	0.239489987	0.241559982	0.243449986	0.243989989	0.245699987	0.246689990	0.248039991	0.249299988	0.251010001	0.251639992	0.249300003	0.247139990	0.244530007	0.243000001	0.240300000	0.238139987	0.235979989	0.233279988	0.229139999	0.224549994	0.220049992	0.215639994	0.210510001	0.205650002	0.200610012	0.196290016	0.191160008	0.186210021	0.180630028	0.176220015	0.171180010	0.167040005	0.162810013	0.158760011	0.155519992	0.152190000	0.148139998	0.144180000	0.140760005	0.136529997	0.135539994	0.133560002	0.131939992	0.129419997	0.127890006	0.125550002	0.123839997	0.123299994	0.121410005	0.120600007	0.120509997	0.119970001	0.119339988	0.119249992	0.118890002	0.118620001	0.118620001	0.119250000	0.119430006	0.119970009	0.120420009	0.120150000	0.121050000	0.121500000	0.121859998	0.121859998	0.122309998	0.123119995	0.123660006
-88.0000000	0.130140007	0.130500004	0.130860001	0.132300004	0.132930011	0.133470014	0.134460002	0.135000005	0.135270000	0.136080012	0.136530012	0.137070015	0.137520015	0.138510004	0.139589995	0.140220001	0.141300008	0.142110005	0.142829999	0.143549994	0.144270003	0.144989997	0.145259991	0.146160007	0.147060007	0.147510007	0.147600010	0.147870004	0.148050010	0.149130002	0.149760008	0.149939999	0.150030002	0.150300011	0.149939999	0.150300011	0.150660008	0.150479987	0.150299996	0.150299996	0.149580002	0.149220005	0.149310008	0.149580002	0.148860008	0.148140013	0.147600010	0.147600010	0.146790013	0.146880016	0.146610007	0.146070018	0.145530000	0.144810006	0.144000009	0.142920002	0.141930014	0.141570017	0.141120017	0.140760005	0.140670016	0.140400007	0.139860019	0.139500022	0.139140010	0.138780013	0.138330013	0.137700021	0.137700006	0.136979997	0.136890009	0.136260003	0.136440009	0.136260003	0.135900006	0.136620000	0.136800006	0.136620000	0.136710003	0.135900006	0.136080012	0.136800006	0.137250006	0.137790009	0.138150007	0.138960004	0.139680013	0.140040010	0.140850008	0.141750008	0.142649993	0.143730000	0.144719988	0.145800009	0.146970004	0.147780001	0.149130002	0.149850011	0.151110008	0.151830018	0.153450012	0.154440016	0.155520007	0.156780005	0.158130005	0.159659997	0.160919994	0.162359983	0.163079992	0.163890004	0.164519995	0.165510014	0.165420011	0.166140005	0.167040005	0.167130008	0.166949987	0.167399988	0.168479994	0.168749988	0.168300003	0.166859984	0.165689990	0.164429992	0.162449986	0.161189988	0.159839988	0.158040002	0.155969992	0.154980004	0.153720006	0.152010009	0.149309993	0.147510007	0.144989997	0.142649993	0.140220001	0.137789994	0.134999990	0.132479995	0.131129995	0.128700003	0.127890006	0.125729993	0.124559999	0.123389997	0.121860005	0.119970009	0.118800007	0.117810011	0.117000014	0.116550006	0.116280004	0.115470007	0.115110002	0.114390008	0.114030004	0.114300005	0.114660002	0.114660002	0.115470000	0.116820000	0.117899999	0.119250000	0.120329991	0.120869994	0.122219995	0.123839997	0.125459999	0.126990005	0.128970012	0.131310001	0.133920014	0.136260003	0.138870016	0.141660020	0.144000009	0.146339998	0.149579987	0.152099982	0.154169992	0.157319993	0.160469994	0.163619995	0.166140005	0.168660000	0.171270013	0.173969999	0.178109989	0.180179983	0.182789996	0.185670003	0.187289983	0.189810008	0.192600027	0.194670007	0.196290001	0.199079990	0.201690003	0.203400016	0.205650002	0.207630008	0.209519997	0.211860001	0.213569999	0.215369985	0.217349991	0.218699977	0.220049992	0.221849993	0.223199993	0.225359991	0.227069974	0.228509992	0.230219990	0.231479973	0.233279988	0.234720007	0.235890001	0.237689987	0.239309996	0.240209997	0.241560012	0.242369995	0.243810013	0.245160013	0.245610014	0.247410014	0.248850018	0.249660015	0.250019997	0.250649989	0.250470012	0.250649989	0.250829995	0.251280010	0.251010001	0.251189977	0.251459986	0.251639992	0.251729995	0.250470012	0.249119997	0.247950003	0.246600002	0.245430008	0.243990004	0.242999986	0.241650000	0.240839988	0.239309981	0.237779990	0.236159980	0.234360009	0.233009994	0.231659994	0.229679987	0.229050010	0.226890013	0.225990012	0.224910006	0.223559991	0.222479984	0.222209990	0.221220002	0.220859990	0.220229998	0.220319986	0.219689995	0.219599992	0.219059989	0.219599992	0.219509989	0.220679998	0.221760005	0.221580014	0.222570017	0.223650023	0.224010006	0.224640012	0.225180000	0.226259992	0.226979986	0.227969989	0.228780016	0.229680017	0.230580017	0.231930017	0.233009994	0.233460009	0.232740015	0.232650012	0.232920021	0.232380018	0.231570020	0.231209993	0.230670005	0.230400011	0.230669990	0.229859993	0.229230002	0.226889998	0.224639997	0.222929999	0.220410004	0.218160018	0.215639994	0.213569999	0.211409986	0.208979994	0.206279993	0.203940004	0.201420009	0.198360011	0.195210010	0.191609994	0.188459992	0.185309991	0.182070002	0.178199992	0.175769985	0.172530010	0.169829994	0.167579994	0.164609984	0.162089989	0.159570009	0.157319993	0.154440016	0.152820006	0.150480002	0.148320004	0.146789998	0.145080000	0.142740011	0.140939996	0.139410004	0.137520000	0.136260003	0.135089993	0.133379996	0.132839993	0.132300004	0.131579995	0.130949989	0.130410001	0.129780009	0.128969997	0.128519997	0.128160000	0.127710000	0.127800003	0.127980009	0.127980009	0.128250018	0.128610015	0.128880009	0.129150003	0.129780009	0.130140007
-89.0000000	0.151740000	0.151740000	0.151920006	0.152280003	0.152099997	0.152549997	0.152549997	0.152819991	0.152910009	0.153000012	0.152730003	0.152910009	0.153000012	0.153540000	0.153899997	0.154440001	0.154170021	0.154080003	0.154170021	0.154800013	0.155250013	0.155700013	0.155880019	0.156240016	0.156780019	0.157140017	0.157230020	0.157140017	0.157590017	0.157590002	0.158220008	0.158760011	0.159030005	0.159570009	0.159480020	0.159840018	0.160380021	0.160740018	0.160740018	0.160830021	0.161280021	0.161730006	0.161910012	0.162269995	0.162269995	0.162540019	0.162540019	0.162450016	0.162720010	0.163080007	0.162720010	0.163170010	0.163620010	0.163980007	0.164160013	0.164520010	0.164700016	0.165060014	0.164880008	0.165059999	0.165330008	0.165959999	0.166679993	0.166950002	0.167309999	0.167850003	0.167940006	0.168300003	0.168479994	0.169470012	0.170010015	0.169740006	0.170190006	0.170640007	0.170730010	0.171269998	0.171629995	0.172440007	0.172710001	0.173070014	0.173430011	0.173880011	0.174240008	0.174330011	0.175499991	0.176489994	0.176939994	0.177299991	0.178109989	0.179010004	0.179550007	0.180269986	0.181169987	0.181529999	0.182520002	0.183059990	0.183150008	0.183870003	0.184770003	0.185850009	0.186570004	0.187199995	0.187559992	0.188549995	0.189179987	0.189359993	0.190170005	0.191429988	0.191790000	0.192330003	0.192509994	0.192510009	0.193319991	0.193679988	0.194580004	0.195030004	0.195120007	0.195570007	0.196470007	0.196380004	0.196740001	0.196649998	0.196469992	0.196380004	0.196020007	0.196020007	0.195659995	0.195570007	0.195209995	0.196200013	0.196200013	0.195750013	0.195750013	0.195840016	0.195030019	0.194850013	0.194580004	0.194670022	0.193680003	0.193590000	0.193320006	0.193049997	0.192779988	0.192779988	0.192240000	0.192149997	0.192149997	0.192059994	0.191969991	0.192059994	0.192510009	0.192149997	0.192060009	0.192240000	0.191790000	0.191430002	0.191609994	0.191969991	0.192240000	0.192509994	0.192420006	0.193049997	0.193230003	0.193590000	0.193859994	0.194309995	0.194759995	0.194669992	0.195030004	0.195569992	0.196019992	0.196649998	0.197459996	0.198359996	0.199349999	0.199979991	0.200609997	0.201239988	0.201240003	0.202319995	0.202679992	0.203309998	0.203850001	0.204390004	0.205019996	0.205740005	0.206640005	0.207450002	0.208170012	0.208799988	0.209339991	0.209790006	0.210330009	0.210780010	0.211860016	0.212130010	0.212760016	0.213300020	0.213750005	0.214019999	0.214830011	0.215820014	0.216000021	0.217080027	0.217350021	0.217890009	0.218430012	0.218789995	0.218970001	0.219059989	0.219779983	0.220049992	0.220319986	0.221039996	0.221670002	0.221849978	0.222029984	0.222029984	0.221939981	0.222299993	0.222569987	0.222569987	0.222659990	0.222749993	0.222839996	0.223109990	0.222929999	0.223560005	0.224010006	0.223199993	0.222929984	0.222839996	0.222390011	0.222299993	0.222479999	0.222120002	0.221849993	0.221939996	0.221220002	0.221399993	0.221040010	0.220230013	0.219600007	0.219600007	0.219420001	0.219150007	0.218700007	0.218159989	0.217979997	0.217979997	0.217889994	0.217349991	0.217259988	0.216629997	0.216449991	0.216270000	0.216179997	0.215910003	0.215369999	0.214829996	0.214379996	0.213929996	0.213749990	0.213479981	0.212759987	0.212489992	0.211949989	0.212039992	0.212039992	0.211949989	0.211769998	0.211679980	0.210509986	0.210239992	0.210329980	0.209879979	0.209519982	0.209160015	0.208800018	0.208350003	0.208080009	0.207720011	0.206820011	0.206190005	0.206190005	0.206100017	0.205830023	0.205470011	0.204390019	0.203940034	0.202950016	0.202590019	0.202140018	0.201960012	0.200790018	0.199620038	0.198900029	0.198180020	0.198090017	0.197280020	0.196560025	0.195480019	0.194490016	0.193590000	0.192510009	0.191340014	0.190350011	0.189270020	0.188460007	0.187920004	0.186570004	0.185039997	0.184589997	0.183509991	0.181619987	0.180179998	0.179189995	0.178110003	0.177209988	0.176039994	0.174959987	0.173519999	0.172169998	0.171539992	0.170820013	0.169650003	0.168750003	0.168030009	0.166950002	0.165960014	0.165330008	0.164700001	0.163620010	0.162809998	0.162000000	0.160649985	0.159840003	0.158849999	0.158580005	0.158130005	0.157590002	0.156779990	0.156690001	0.156509995	0.155519992	0.155340001	0.154890001	0.153990000	0.153359994	0.152909994	0.152909994	0.152729988	0.152819991	0.152549997	0.152009994	0.151559994	0.151559979	0.151469991	0.151559994	0.151560009
-90.0000000	0.193049997	0.193049997	0.193049997	0.193049997	0.193049997	0.193049997	0.193049997	0.193049997	0.193049997	0.193049997	0.193049997	0.193049997	0.193049997	0.193049997	0.193049997	0.193049997	0.193049997	0.193049997	0.193049997	0.193049997	0.193049997	0.193049997	0.193049997	0.193049997	0.193049997	0.193049997	0.193049997	0.193049997	0.193049997	0.193049997	0.193049997	0.193049997	0.193049997	0.193049997	0.193049997	0.193049997	0.193049997	0.193049997	0.193049997	0.193049997	0.193049997	0.193049997	0.193049997	0.193049997	0.193049997	0.193049997	0.193049997	0.193049997	0.193049997	0.193049997	0.193049997	0.193049997	0.193049997	0.193049997	0.193049997	0.193049997	0.193049997	0.193049997	0.193049997	0.193049997	0.193049997	0.193049997	0.193049997	0.193049997	0.193049997	0.193049997	0.193049997	0.193049997	0.193049997	0.193049997	0.193049997	0.193049997	0.193049997	0.193049997	0.193049997	0.193049997	0.193049997	0.193049997	0.193049997	0.193049997	0.193049997	0.193049997	0.193049997	0.193049997	0.193049997	0.193049997	0.193049997	0.193049997	0.193049997	0.193049997	0.193049997	0.193049997	0.193049997	0.193049997	0.193049997	0.193049997	0.193049997	0.193049997	0.193049997	0.193049997	0.193049997	0.193049997	0.193049997	0.193049997	0.193049997	0.193049997	0.193049997	0.193049997	0.193049997	0.193049997	0.193049997	0.193049997	0.193049997	0.193049997	0.193049997	0.193049997	0.193049997	0.193049997	0.193049997	0.193049997	0.193049997	0.193049997	0.193049997	0.193049997	0.193049997	0.193049997	0.193049997	0.193049997	0.193049997	0.193049997	0.193049997	0.193049997	0.193049997	0.193049997	0.193049997	0.193049997	0.193049997	0.193049997	0.193049997	0.193049997	0.193049997	0.193049997	0.193049997	0.193049997	0.193049997	0.193049997	0.193049997	0.193049997	0.193049997	0.193049997	0.193049997	0.193049997	0.193049997	0.193049997	0.193049997	0.193049997	0.193049997	0.193049997	0.193049997	0.193049997	0.193049997	0.193049997	0.193049997	0.193049997	0.193049997	0.193049997	0.193049997	0.193049997	0.193049997	0.193049997	0.193049997	0.193049997	0.193049997	0.193049997	0.193049997	0.193049997	0.193049997	0.193049997	0.193049997	0.193049997	0.193049997	0.193049997	0.193049997	0.193049997	0.193049997	0.193049997	0.193049997	0.193049997	0.193049997	0.193049997	0.193049997	0.193049997	0.193049997	0.193049997	0.193049997	0.193049997	0.193049997	0.193049997	0.193049997	0.193049997	0.193049997	0.193049997	0.193049997	0.193049997	0.193049997	0.193049997	0.193049997	0.193049997	0.193049997	0.193049997	0.193049997	0.193049997	0.193049997	0.193049997	0.193049997	0.193049997	0.193049997	0.193049997	0.193049997	0.193049997	0.193049997	0.193049997	0.193049997	0.193049997	0.193049997	0.193049997	0.193049997	0.193049997	0.193049997	0.193049997	0.193049997	0.193049997	0.193049997	0.193049997	0.193049997	0.193049997	0.193049997	0.193049997	0.193049997	0.193049997	0.193049997	0.193049997	0.193049997	0.193049997	0.193049997	0.193049997	0.193049997	0.193049997	0.193049997	0.193049997	0.193049997	0.193049997	0.193049997	0.193049997	0.193049997	0.193049997	0.193049997	0.193049997	0.193049997	0.193049997	0.193049997	0.193049997	0.193049997	0.193049997	0.193049997	0.193049997	0.193049997	0.193049997	0.193049997	0.193049997	0.193049997	0.193049997	0.193049997	0.193049997	0.193049997	0.193049997	0.193049997	0.193049997	0.193049997	0.193049997	0.193049997	0.193049997	0.193049997	0.193049997	0.193049997	0.193049997	0.193049997	0.193049997	0.193049997	0.193049997	0.193049997	0.193049997	0.193049997	0.193049997	0.193049997	0.193049997	0.193049997	0.193049997	0.193049997	0.193049997	0.193049997	0.193049997	0.193049997	0.193049997	0.193049997	0.193049997	0.193049997	0.193049997	0.193049997	0.193049997	0.193049997	0.193049997	0.193049997	0.193049997	0.193049997	0.193049997	0.193049997	0.193049997	0.193049997	0.193049997	0.193049997	0.193049997	0.193049997	0.193049997	0.193049997	0.193049997	0.193049997	0.193049997	0.193049997	0.193049997	0.193049997	0.193049997	0.193049997	0.193049997	0.193049997	0.193049997	0.193049997	0.193049997	0.193049997	0.193049997	0.193049997	0.193049997	0.193049997	0.193049997	0.193049997	0.193049997	0.193049997	0.193049997	0.193049997	0.193049997	0.193049997	0.193049997	0.193049997	0.193049997	0.193049997	0.193049997	0.193049997	0.193049997	0.193049997	0.193049997
