xmlns:cpt=http://iri.columbia.edu/CPT/v10/
cpt:nfields=1
cpt:field=precip, cpt:T=2026-01/03, cpt:S=2025-12-01, cpt:nrow=181, cpt:ncol=360, cpt:row=Y, cpt:col=X, cpt:units=millimeters per day, cpt:missing=-999.00000000000000               
	0.00000000	1.00000000	2.00000000	3.00000000	4.00000000	5.00000000	6.00000000	7.00000000	8.00000000	9.00000000	10.0000000	11.0000000	12.0000000	13.0000000	14.0000000	15.0000000	16.0000000	17.0000000	18.0000000	19.0000000	20.0000000	21.0000000	22.0000000	23.0000000	24.0000000	25.0000000	26.0000000	27.0000000	28.0000000	29.0000000	30.0000000	31.0000000	32.0000000	33.0000000	34.0000000	35.0000000	36.0000000	37.0000000	38.0000000	39.0000000	40.0000000	41.0000000	42.0000000	43.0000000	44.0000000	45.0000000	46.0000000	47.0000000	48.0000000	49.0000000	50.0000000	51.0000000	52.0000000	53.0000000	54.0000000	55.0000000	56.0000000	57.0000000	58.0000000	59.0000000	60.0000000	61.0000000	62.0000000	63.0000000	64.0000000	65.0000000	66.0000000	67.0000000	68.0000000	69.0000000	70.0000000	71.0000000	72.0000000	73.0000000	74.0000000	75.0000000	76.0000000	77.0000000	78.0000000	79.0000000	80.0000000	81.0000000	82.0000000	83.0000000	84.0000000	85.0000000	86.0000000	87.0000000	88.0000000	89.0000000	90.0000000	91.0000000	92.0000000	93.0000000	94.0000000	95.0000000	96.0000000	97.0000000	98.0000000	99.0000000	100.000000	101.000000	102.000000	103.000000	104.000000	105.000000	106.000000	107.000000	108.000000	109.000000	110.000000	111.000000	112.000000	113.000000	114.000000	115.000000	116.000000	117.000000	118.000000	119.000000	120.000000	121.000000	122.000000	123.000000	124.000000	125.000000	126.000000	127.000000	128.000000	129.000000	130.000000	131.000000	132.000000	133.000000	134.000000	135.000000	136.000000	137.000000	138.000000	139.000000	140.000000	141.000000	142.000000	143.000000	144.000000	145.000000	146.000000	147.000000	148.000000	149.000000	150.000000	151.000000	152.000000	153.000000	154.000000	155.000000	156.000000	157.000000	158.000000	159.000000	160.000000	161.000000	162.000000	163.000000	164.000000	165.000000	166.000000	167.000000	168.000000	169.000000	170.000000	171.000000	172.000000	173.000000	174.000000	175.000000	176.000000	177.000000	178.000000	179.000000	180.000000	181.000000	182.000000	183.000000	184.000000	185.000000	186.000000	187.000000	188.000000	189.000000	190.000000	191.000000	192.000000	193.000000	194.000000	195.000000	196.000000	197.000000	198.000000	199.000000	200.000000	201.000000	202.000000	203.000000	204.000000	205.000000	206.000000	207.000000	208.000000	209.000000	210.000000	211.000000	212.000000	213.000000	214.000000	215.000000	216.000000	217.000000	218.000000	219.000000	220.000000	221.000000	222.000000	223.000000	224.000000	225.000000	226.000000	227.000000	228.000000	229.000000	230.000000	231.000000	232.000000	233.000000	234.000000	235.000000	236.000000	237.000000	238.000000	239.000000	240.000000	241.000000	242.000000	243.000000	244.000000	245.000000	246.000000	247.000000	248.000000	249.000000	250.000000	251.000000	252.000000	253.000000	254.000000	255.000000	256.000000	257.000000	258.000000	259.000000	260.000000	261.000000	262.000000	263.000000	264.000000	265.000000	266.000000	267.000000	268.000000	269.000000	270.000000	271.000000	272.000000	273.000000	274.000000	275.000000	276.000000	277.000000	278.000000	279.000000	280.000000	281.000000	282.000000	283.000000	284.000000	285.000000	286.000000	287.000000	288.000000	289.000000	290.000000	291.000000	292.000000	293.000000	294.000000	295.000000	296.000000	297.000000	298.000000	299.000000	300.000000	301.000000	302.000000	303.000000	304.000000	305.000000	306.000000	307.000000	308.000000	309.000000	310.000000	311.000000	312.000000	313.000000	314.000000	315.000000	316.000000	317.000000	318.000000	319.000000	320.000000	321.000000	322.000000	323.000000	324.000000	325.000000	326.000000	327.000000	328.000000	329.000000	330.000000	331.000000	332.000000	333.000000	334.000000	335.000000	336.000000	337.000000	338.000000	339.000000	340.000000	341.000000	342.000000	343.000000	344.000000	345.000000	346.000000	347.000000	348.000000	349.000000	350.000000	351.000000	352.000000	353.000000	354.000000	355.000000	356.000000	357.000000	358.000000	359.000000
90.0000000	0.523545861	0.523545861	0.523545861	0.523545861	0.523545861	0.523545861	0.523545861	0.523545861	0.523545861	0.523545861	0.523545861	0.523545861	0.523545861	0.523545861	0.523545861	0.523545861	0.523545861	0.523545861	0.523545861	0.523545861	0.523545861	0.523545861	0.523545861	0.523545861	0.523545861	0.523545861	0.523545861	0.523545861	0.523545861	0.523545861	0.523545861	0.523545861	0.523545861	0.523545861	0.523545861	0.523545861	0.523545861	0.523545861	0.523545861	0.523545861	0.523545861	0.523545861	0.523545861	0.523545861	0.523545861	0.523545861	0.523545861	0.523545861	0.523545861	0.523545861	0.523545861	0.523545861	0.523545861	0.523545861	0.523545861	0.523545861	0.523545861	0.523545861	0.523545861	0.523545861	0.523545861	0.523545861	0.523545861	0.523545861	0.523545861	0.523545861	0.523545861	0.523545861	0.523545861	0.523545861	0.523545861	0.523545861	0.523545861	0.523545861	0.523545861	0.523545861	0.523545861	0.523545861	0.523545861	0.523545861	0.523545861	0.523545861	0.523545861	0.523545861	0.523545861	0.523545861	0.523545861	0.523545861	0.523545861	0.523545861	0.523545861	0.523545861	0.523545861	0.523545861	0.523545861	0.523545861	0.523545861	0.523545861	0.523545861	0.523545861	0.523545861	0.523545861	0.523545861	0.523545861	0.523545861	0.523545861	0.523545861	0.523545861	0.523545861	0.523545861	0.523545861	0.523545861	0.523545861	0.523545861	0.523545861	0.523545861	0.523545861	0.523545861	0.523545861	0.523545861	0.523545861	0.523545861	0.523545861	0.523545861	0.523545861	0.523545861	0.523545861	0.523545861	0.523545861	0.523545861	0.523545861	0.523545861	0.523545861	0.523545861	0.523545861	0.523545861	0.523545861	0.523545861	0.523545861	0.523545861	0.523545861	0.523545861	0.523545861	0.523545861	0.523545861	0.523545861	0.523545861	0.523545861	0.523545861	0.523545861	0.523545861	0.523545861	0.523545861	0.523545861	0.523545861	0.523545861	0.523545861	0.523545861	0.523545861	0.523545861	0.523545861	0.523545861	0.523545861	0.523545861	0.523545861	0.523545861	0.523545861	0.523545861	0.523545861	0.523545861	0.523545861	0.523545861	0.523545861	0.523545861	0.523545861	0.523545861	0.523545861	0.523545861	0.523545861	0.523545861	0.523545861	0.523545861	0.523545861	0.523545861	0.523545861	0.523545861	0.523545861	0.523545861	0.523545861	0.523545861	0.523545861	0.523545861	0.523545861	0.523545861	0.523545861	0.523545861	0.523545861	0.523545861	0.523545861	0.523545861	0.523545861	0.523545861	0.523545861	0.523545861	0.523545861	0.523545861	0.523545861	0.523545861	0.523545861	0.523545861	0.523545861	0.523545861	0.523545861	0.523545861	0.523545861	0.523545861	0.523545861	0.523545861	0.523545861	0.523545861	0.523545861	0.523545861	0.523545861	0.523545861	0.523545861	0.523545861	0.523545861	0.523545861	0.523545861	0.523545861	0.523545861	0.523545861	0.523545861	0.523545861	0.523545861	0.523545861	0.523545861	0.523545861	0.523545861	0.523545861	0.523545861	0.523545861	0.523545861	0.523545861	0.523545861	0.523545861	0.523545861	0.523545861	0.523545861	0.523545861	0.523545861	0.523545861	0.523545861	0.523545861	0.523545861	0.523545861	0.523545861	0.523545861	0.523545861	0.523545861	0.523545861	0.523545861	0.523545861	0.523545861	0.523545861	0.523545861	0.523545861	0.523545861	0.523545861	0.523545861	0.523545861	0.523545861	0.523545861	0.523545861	0.523545861	0.523545861	0.523545861	0.523545861	0.523545861	0.523545861	0.523545861	0.523545861	0.523545861	0.523545861	0.523545861	0.523545861	0.523545861	0.523545861	0.523545861	0.523545861	0.523545861	0.523545861	0.523545861	0.523545861	0.523545861	0.523545861	0.523545861	0.523545861	0.523545861	0.523545861	0.523545861	0.523545861	0.523545861	0.523545861	0.523545861	0.523545861	0.523545861	0.523545861	0.523545861	0.523545861	0.523545861	0.523545861	0.523545861	0.523545861	0.523545861	0.523545861	0.523545861	0.523545861	0.523545861	0.523545861	0.523545861	0.523545861	0.523545861	0.523545861	0.523545861	0.523545861	0.523545861	0.523545861	0.523545861	0.523545861	0.523545861	0.523545861	0.523545861	0.523545861	0.523545861	0.523545861	0.523545861	0.523545861	0.523545861	0.523545861	0.523545861	0.523545861	0.523545861	0.523545861	0.523545861	0.523545861	0.523545861	0.523545861	0.523545861	0.523545861	0.523545861	0.523545861	0.523545861	0.523545861	0.523545861	0.523545861	0.523545861	0.523545861	0.523545861	0.523545861
89.0000000	0.549614906	0.550260723	0.550933182	0.551634490	0.552276731	0.552965045	0.553585649	0.554232240	0.554860055	0.555408716	0.556012809	0.556675196	0.557185650	0.557364225	0.557509661	0.557659447	0.557847381	0.557912886	0.558141112	0.558237612	0.558415413	0.558473051	0.558550060	0.558630764	0.558810055	0.558779061	0.558781207	0.558898568	0.558977008	0.559074223	0.559095144	0.559147656	0.559103787	0.559103072	0.559114575	0.559074223	0.559156299	0.559038997	0.559084296	0.558992803	0.559042573	0.559040427	0.558914363	0.558853209	0.558749497	0.558694065	0.558621407	0.558557928	0.558419764	0.558288038	0.558267176	0.558097184	0.557879031	0.557765305	0.557605445	0.557449222	0.557374358	0.557162642	0.556957424	0.556863129	0.556652188	0.556462824	0.556129456	0.555668592	0.555112064	0.554664254	0.554201961	0.553698003	0.553163052	0.552650392	0.552051365	0.551531494	0.550951183	0.550408304	0.549853921	0.549222410	0.548556447	0.548020780	0.547402322	0.546801150	0.546155334	0.545549095	0.544844151	0.544247329	0.543526590	0.542967856	0.542245686	0.541510582	0.540874124	0.540262818	0.539542079	0.538829982	0.538170516	0.537427425	0.536819041	0.536186874	0.535465419	0.534786463	0.534092367	0.533384621	0.532724380	0.531960428	0.531327605	0.530627012	0.529936552	0.529241741	0.528657138	0.527965188	0.527241588	0.526595056	0.525933385	0.525325716	0.524769783	0.524435759	0.523995817	0.523544431	0.523174286	0.522684038	0.522382319	0.521921515	0.521486640	0.521123052	0.520704746	0.520305097	0.519940138	0.519498706	0.519111395	0.518745601	0.518397152	0.518000364	0.517677128	0.517258763	0.516985178	0.516669810	0.516251504	0.515907347	0.515622199	0.515267253	0.514890015	0.514572501	0.514364421	0.513986409	0.513717830	0.513336957	0.513158381	0.512858868	0.512531996	0.512354136	0.511976182	0.511778116	0.511454165	0.511277735	0.511037230	0.510803998	0.510560632	0.510308623	0.510194838	0.509891748	0.509714603	0.509588599	0.509429455	0.509094000	0.508929074	0.508792341	0.508508623	0.508050740	0.507588446	0.507262290	0.506833136	0.506445825	0.505995095	0.505660295	0.505229771	0.504955471	0.504570961	0.504182160	0.503815711	0.503426850	0.503161192	0.502860248	0.502400875	0.502138853	0.501815557	0.501542628	0.501219332	0.500799596	0.500558436	0.500202000	0.499952197	0.499703079	0.499385566	0.499142200	0.498805910	0.498479784	0.498219848	0.497948408	0.497705758	0.497445136	0.497151434	0.496868402	0.496596962	0.496388882	0.496054083	0.495835900	0.495529175	0.495393842	0.495098650	0.494814962	0.494626313	0.494351983	0.494100749	0.493842274	0.493609667	0.493410945	0.493148148	0.492931455	0.492699623	0.492518187	0.492237329	0.492049426	0.491765738	0.491587222	0.491366863	0.491160214	0.490928411	0.490769297	0.490520179	0.490329325	0.490205497	0.490091771	0.490024805	0.489815295	0.489726007	0.489684224	0.489576966	0.489545316	0.489368886	0.489354491	0.489335060	0.489271700	0.489272445	0.489230633	0.489188164	0.489242852	0.489117622	0.489240706	0.489346564	0.489463180	0.489556819	0.489682078	0.489777833	0.489849091	0.490026921	0.490003169	0.490214139	0.490299106	0.490467578	0.490560472	0.490832627	0.490934163	0.491019160	0.491155922	0.491284788	0.491556257	0.491651297	0.491923451	0.492145211	0.492258966	0.492456973	0.492624730	0.492907673	0.493076175	0.493361264	0.493517518	0.493683100	0.493967503	0.494205832	0.494457841	0.494688243	0.494983464	0.495191514	0.495497525	0.495707035	0.495891362	0.496289492	0.496522069	0.496733755	0.497070014	0.497413486	0.497697830	0.497958452	0.498324275	0.498595715	0.498859882	0.499212712	0.499717444	0.500324368	0.500901103	0.501404405	0.502022147	0.502650023	0.503202975	0.503771067	0.504380882	0.504913688	0.505541503	0.506097376	0.506661057	0.507345140	0.508073032	0.508944273	0.509744108	0.510635495	0.511443377	0.512300134	0.513164163	0.514105916	0.514890730	0.515906632	0.516734600	0.517600775	0.518469095	0.519288480	0.520253956	0.521082699	0.521930873	0.522757471	0.523630798	0.524537981	0.525334358	0.526227891	0.526948571	0.527901113	0.528698862	0.529536963	0.530491650	0.531256318	0.532061279	0.532941878	0.533728778	0.534553945	0.535382628	0.536168873	0.536965966	0.537729859	0.538515389	0.539218128	0.540065467	0.540885627	0.541617811	0.542383909	0.543144941	0.543858469	0.544564068	0.545335948	0.546071053	0.546854436	0.547567189	0.548219502	0.548921525
88.0000000	0.588348031	0.589562654	0.590757132	0.591858745	0.592987001	0.594169259	0.594555855	0.594872653	0.595209599	0.595450103	0.595679045	0.595966339	0.596154928	0.596311212	0.596447229	0.596528590	0.596592009	0.596679866	0.596697867	0.596646011	0.596584082	0.596519291	0.596381724	0.596277356	0.596098781	0.595977843	0.595733762	0.595513403	0.595178664	0.594874084	0.594591141	0.594160557	0.593825042	0.593450546	0.592962444	0.592545569	0.591958106	0.591504514	0.591089785	0.590673566	0.590160191	0.589698732	0.589048564	0.588492692	0.587800086	0.587078631	0.586301804	0.585517645	0.584773898	0.584303021	0.583957434	0.583611071	0.583183408	0.582677960	0.582110643	0.581532478	0.580855668	0.580289066	0.579515040	0.578802943	0.578007340	0.577210307	0.576453567	0.575468659	0.574514627	0.573567152	0.572620332	0.571610868	0.570545971	0.569508493	0.568372309	0.567257047	0.566144645	0.564939380	0.563798189	0.562654078	0.561355889	0.560026109	0.558631420	0.557282150	0.555951655	0.554578543	0.553268135	0.551936865	0.550533652	0.549226046	0.547850847	0.546531856	0.545140803	0.543776393	0.542443693	0.541081488	0.539650083	0.538380027	0.537037909	0.535677791	0.534304082	0.532890022	0.531525612	0.530167699	0.528899729	0.527578592	0.526403546	0.525072992	0.523815870	0.522612035	0.521376491	0.520238161	0.519048750	0.517833352	0.516798019	0.515654683	0.514656007	0.513578176	0.512593925	0.511541307	0.510669351	0.509682953	0.508760631	0.507985890	0.507137716	0.506411254	0.505615652	0.504948258	0.504234016	0.503509700	0.503102124	0.502936542	0.502747178	0.502484441	0.502421081	0.502294362	0.502182782	0.501992643	0.501920640	0.501865208	0.501791775	0.501782417	0.501636267	0.501458347	0.501038611	0.500577152	0.500104845	0.499674261	0.499321461	0.498932630	0.498357356	0.498032600	0.497496933	0.497098774	0.496678323	0.496316135	0.495843112	0.495433420	0.495015115	0.494638532	0.494251847	0.493896216	0.493558556	0.493222326	0.492786705	0.492460549	0.492099851	0.491839170	0.491474122	0.491160214	0.490759909	0.490528077	0.490255237	0.489942670	0.489648968	0.489029020	0.488413453	0.487761885	0.487198085	0.486557990	0.486056864	0.485398054	0.484883279	0.484392226	0.483814120	0.483238786	0.482745618	0.482231528	0.481781512	0.481277525	0.480816692	0.480314195	0.479906678	0.479448766	0.479077905	0.478671134	0.478303224	0.477892786	0.477568775	0.477234006	0.476857454	0.476510406	0.476295859	0.475989848	0.475736409	0.475507438	0.475318044	0.475045204	0.474792480	0.474563509	0.474381328	0.474153131	0.473975301	0.473661363	0.473461926	0.473200530	0.472939193	0.472656250	0.472499281	0.472196877	0.472004622	0.471637398	0.471293300	0.471177340	0.470866323	0.470633775	0.470284581	0.470004499	0.469784141	0.469429195	0.469177186	0.468859673	0.468610585	0.468380898	0.468329757	0.468139678	0.468003601	0.467929453	0.467824310	0.467786133	0.467826486	0.467846632	0.467875451	0.467909247	0.467995703	0.468149781	0.468359977	0.468457222	0.468676776	0.468873352	0.469100863	0.469395369	0.469576061	0.469835967	0.470193833	0.470491201	0.470705748	0.471126974	0.471480489	0.471869260	0.472300559	0.472646862	0.473106951	0.473536104	0.474004805	0.474499434	0.475011379	0.475567907	0.476051003	0.476637810	0.477125287	0.477706313	0.478154898	0.478783488	0.479308307	0.479893684	0.480417848	0.481049299	0.481509387	0.482064486	0.482620358	0.483113527	0.483642012	0.484232426	0.484640658	0.485205859	0.485856742	0.486630708	0.487481028	0.488222629	0.488946944	0.489688575	0.490479112	0.491137236	0.491970241	0.492657810	0.493400902	0.494198620	0.494878292	0.495621383	0.496469527	0.497402608	0.498446673	0.499497145	0.500598729	0.501646340	0.502743661	0.503876150	0.504929483	0.506121159	0.507265210	0.508415759	0.509537518	0.510760784	0.512208045	0.513694823	0.515180886	0.516661167	0.518245161	0.519667923	0.521237552	0.522696972	0.524206817	0.525765598	0.527367592	0.528950870	0.530367136	0.531988561	0.533530831	0.535047829	0.536726117	0.538162529	0.539786160	0.541376650	0.542825997	0.544450283	0.545955122	0.547477186	0.549025178	0.550681174	0.552074432	0.553941369	0.555658579	0.557365656	0.559055567	0.560885072	0.562466860	0.564039409	0.565767348	0.567329764	0.568973541	0.570474029	0.572003245	0.573488653	0.575020134	0.576473773	0.577879906	0.579335093	0.580700219	0.581998348	0.583328187	0.584753752	0.585946798	0.587165058
87.0000000	0.638125181	0.640103102	0.642062843	0.644003987	0.645143747	0.646053851	0.646986902	0.647849500	0.648571670	0.649357915	0.650028288	0.650635183	0.651116252	0.651618719	0.652122736	0.652438045	0.652656972	0.652859330	0.652990341	0.653040051	0.653119981	0.652940631	0.652793765	0.652635396	0.652417958	0.652206302	0.651841938	0.651504219	0.651106119	0.650667608	0.650280237	0.649681211	0.649118900	0.648391724	0.647690415	0.646914959	0.646128774	0.645248830	0.644326568	0.643353820	0.642285347	0.641318440	0.640147686	0.639035285	0.637996376	0.636940837	0.635789514	0.634476960	0.633085191	0.631524265	0.629868209	0.628161848	0.626370490	0.624545217	0.622478843	0.620481610	0.618341744	0.616100430	0.613783419	0.611436248	0.608954430	0.606453061	0.603852510	0.601276338	0.598906040	0.596537292	0.594117403	0.591606736	0.589038491	0.586450756	0.583790362	0.581032157	0.578298271	0.575416803	0.572587907	0.569642365	0.566814959	0.563759267	0.560749650	0.557835817	0.555690229	0.554209232	0.552722394	0.551203191	0.549799204	0.548332512	0.546837091	0.545474827	0.544050694	0.542488337	0.541074991	0.539657295	0.538172603	0.536775112	0.535301328	0.533800840	0.532197356	0.530560791	0.528845012	0.527253091	0.525553226	0.523738801	0.522043228	0.520274162	0.518546164	0.516744733	0.514879167	0.513006449	0.511136651	0.509220719	0.507293284	0.505331278	0.503618360	0.502578735	0.501437545	0.500307143	0.499114066	0.497979373	0.496860474	0.495673925	0.494634956	0.493451297	0.492333859	0.491262466	0.490139276	0.489044160	0.487933189	0.486832321	0.485775352	0.485030115	0.484787524	0.484703273	0.485079885	0.485460699	0.485783994	0.486067653	0.486413270	0.486654490	0.486789852	0.486968398	0.487103045	0.487154156	0.487187266	0.487291723	0.487229049	0.487239093	0.487166405	0.487082869	0.486945361	0.486727178	0.486629963	0.486442804	0.486181438	0.485732883	0.485118747	0.484505355	0.483896881	0.483279854	0.482707441	0.482053638	0.481498569	0.480892301	0.480365992	0.479717284	0.479182273	0.478587627	0.478135467	0.477589697	0.477068394	0.476604760	0.476207316	0.475775987	0.475219429	0.474634081	0.474028528	0.473388493	0.472832590	0.472070873	0.471523672	0.470864832	0.470203936	0.469722956	0.469033211	0.468462229	0.467846662	0.467226714	0.466570050	0.466107160	0.465479255	0.465057343	0.464492142	0.464011222	0.463739038	0.463278234	0.463089585	0.462814540	0.462523669	0.462323517	0.462044150	0.461793602	0.461550236	0.461265117	0.460941106	0.460648090	0.460468829	0.460195929	0.459859669	0.459642202	0.459412575	0.459048271	0.458836585	0.458531320	0.458304465	0.457922876	0.457433313	0.457014203	0.456467032	0.455911189	0.455450416	0.454916179	0.454489917	0.453839034	0.453306258	0.452756166	0.452308357	0.451815099	0.451375902	0.450853199	0.450329036	0.449871808	0.449290067	0.448891938	0.448326021	0.447962403	0.447425276	0.446922004	0.446454704	0.445980966	0.445457548	0.445058644	0.444573373	0.444138497	0.443654656	0.444126248	0.444648951	0.445414305	0.446241587	0.447025687	0.447896868	0.448776722	0.449706256	0.450641513	0.451503366	0.452514946	0.453390479	0.454319298	0.455315739	0.456332386	0.457273453	0.458271384	0.459548622	0.461275935	0.462952793	0.464691609	0.466379285	0.468136787	0.469794244	0.471586317	0.473311424	0.475025058	0.476793319	0.478470951	0.480147094	0.481897444	0.483729810	0.485354900	0.487101614	0.488225520	0.489093840	0.489900976	0.490759909	0.491443217	0.492298573	0.493096352	0.493893355	0.494700491	0.495444238	0.496188730	0.496856868	0.497601360	0.498209029	0.498870701	0.499709517	0.500559151	0.501423836	0.502734959	0.504072011	0.505460143	0.506864905	0.508175254	0.509472728	0.510948718	0.512385845	0.513767481	0.515203893	0.516649723	0.518106282	0.519621849	0.521101415	0.522630692	0.524130464	0.525664806	0.527137220	0.528647006	0.530281425	0.531971276	0.533778489	0.535574853	0.537468433	0.539372921	0.541334152	0.543294013	0.545294881	0.547652900	0.550337076	0.553037763	0.555680871	0.558401763	0.560981512	0.563567758	0.566290796	0.568797171	0.571343064	0.573968887	0.576432705	0.578989387	0.581612349	0.584028721	0.586578250	0.588934064	0.591417372	0.593816400	0.596206844	0.598497093	0.600855827	0.603411913	0.605990946	0.608568490	0.610981882	0.613514185	0.615848422	0.618269801	0.620669544	0.622954071	0.625245869	0.627491534	0.629699051	0.631910145	0.634029806	0.636143088
86.0000000	0.682799041	0.684068382	0.685083628	0.687314093	0.689956546	0.692538559	0.695039034	0.697418630	0.699827671	0.702015817	0.704184473	0.706261694	0.708225906	0.710220277	0.711987853	0.713803709	0.715414345	0.716757894	0.716873765	0.716957331	0.716885269	0.716844201	0.716736257	0.716507971	0.716161668	0.715762734	0.715299070	0.714789331	0.714242160	0.713583350	0.712900877	0.712094426	0.711309612	0.710552216	0.710647166	0.710712016	0.710668802	0.710608304	0.710525513	0.710408926	0.710280061	0.709966779	0.708939373	0.707528889	0.705988824	0.704173744	0.702089906	0.699854374	0.697334409	0.694586873	0.691610396	0.688458264	0.684968472	0.681089759	0.676816523	0.672439635	0.667984307	0.663973927	0.660389781	0.656648636	0.652968705	0.649126112	0.645312250	0.641475320	0.637590945	0.633533776	0.629565120	0.625397742	0.621307433	0.617211401	0.613317609	0.609971762	0.606528044	0.603047550	0.599574268	0.596149266	0.592519641	0.589129925	0.585508347	0.582059503	0.578433633	0.574871778	0.572124958	0.570494890	0.568764746	0.566959679	0.565171182	0.563294888	0.561429381	0.559597671	0.557603240	0.555699587	0.553708076	0.551737368	0.549360752	0.546936452	0.544507921	0.542098761	0.539563656	0.537163198	0.534681380	0.532200992	0.529778898	0.527420104	0.524852633	0.522424102	0.520323813	0.518347442	0.516450226	0.514553785	0.512647212	0.510801852	0.508998930	0.507209778	0.505596280	0.503901362	0.502380013	0.500870883	0.499404281	0.498564720	0.497841835	0.497131199	0.496479571	0.495853215	0.495025247	0.494208038	0.493369937	0.492605299	0.492040128	0.491396397	0.490825415	0.490286857	0.489766300	0.489345878	0.488607824	0.487931758	0.487134695	0.486296654	0.485614806	0.484838665	0.484200716	0.483559906	0.482952982	0.482337385	0.481852114	0.481204063	0.480692893	0.480178803	0.479589850	0.479056299	0.478519201	0.477883458	0.477317512	0.476771742	0.476258427	0.475695312	0.475117207	0.474578649	0.474215746	0.473985374	0.473619580	0.473369032	0.473042160	0.472718149	0.472424388	0.472110480	0.471774250	0.471504956	0.471219867	0.470800102	0.470579028	0.470191687	0.469879210	0.469586879	0.469080716	0.468664557	0.468258470	0.467786163	0.467459321	0.467020035	0.466628402	0.466274172	0.465833545	0.465487152	0.465050131	0.464703083	0.464294910	0.463926941	0.463382661	0.462826103	0.462344378	0.461875677	0.461275190	0.460711449	0.459999382	0.459444225	0.458915770	0.458396614	0.457818508	0.457263350	0.456657857	0.456164628	0.455631137	0.455003262	0.454226375	0.453532338	0.452800065	0.452076495	0.451429933	0.450841695	0.450185031	0.449637115	0.449089944	0.448599577	0.448158979	0.447696000	0.447276950	0.446860820	0.446484268	0.445939928	0.445246577	0.444294006	0.442963481	0.441849619	0.440639287	0.439575791	0.438542634	0.437429547	0.436505735	0.435574770	0.434674799	0.433762550	0.432915837	0.432139665	0.431396633	0.430932969	0.430752248	0.430769503	0.430765212	0.430801183	0.430925786	0.431130290	0.431480199	0.431839436	0.432233989	0.432775438	0.433310419	0.433879226	0.434568942	0.435678452	0.437061608	0.438395798	0.439925045	0.441420466	0.442985743	0.444387585	0.445875168	0.447424561	0.448943734	0.450484604	0.452108145	0.453600019	0.455850035	0.458794802	0.461812317	0.464659929	0.467614084	0.470612168	0.473618835	0.476531237	0.479476780	0.482313603	0.485321790	0.488245666	0.491116315	0.493189216	0.494942397	0.496627212	0.498283148	0.499836206	0.501238108	0.502660096	0.503972650	0.505188704	0.506254315	0.507175922	0.508054316	0.508757055	0.508895278	0.509506583	0.510029316	0.510701001	0.511431098	0.512134552	0.512917936	0.513819396	0.514584661	0.515532255	0.516546726	0.517583489	0.518661320	0.519825578	0.520620465	0.521418214	0.522390962	0.523420513	0.524676979	0.525998175	0.527386308	0.529013515	0.530879736	0.532753944	0.534827530	0.537048697	0.539406717	0.541796386	0.544332922	0.546876013	0.549884140	0.555279136	0.560464561	0.565587342	0.570398450	0.575134575	0.579733908	0.584009290	0.588116825	0.592158258	0.595950484	0.599578559	0.603120983	0.606462479	0.609593034	0.612800658	0.616458297	0.620062530	0.623512089	0.626892388	0.630023003	0.633201063	0.636237383	0.639110148	0.641863465	0.644641936	0.647395253	0.650907338	0.654122114	0.657214582	0.659918904	0.662642658	0.665260553	0.667692721	0.669923961	0.671942830	0.673895478	0.675705552	0.677291751	0.678857684	0.680305660	0.681603849
85.0000000	0.754819870	0.753291249	0.751950026	0.755273521	0.758363008	0.761454046	0.764364243	0.767208219	0.769826114	0.772475719	0.774949014	0.777358115	0.779694498	0.781822085	0.783623517	0.785016000	0.786252201	0.787261009	0.788136423	0.788852215	0.789492965	0.789896905	0.790310264	0.790435374	0.790393710	0.790163279	0.789060950	0.786662638	0.784334183	0.782283604	0.780358374	0.778660536	0.777233481	0.776027501	0.774990022	0.774214566	0.773720622	0.773429036	0.773470759	0.773712754	0.773494601	0.772202194	0.770860732	0.769111931	0.767134786	0.765092134	0.762732744	0.760016918	0.757231236	0.754238129	0.750946283	0.747447133	0.743777215	0.739493251	0.734265327	0.728974044	0.723580539	0.717899740	0.711685419	0.705597103	0.699219346	0.692775369	0.686427116	0.679875195	0.673861742	0.669064283	0.664274156	0.659582615	0.654954553	0.650401175	0.646015644	0.641624391	0.637202919	0.633094549	0.629441261	0.626327991	0.623287380	0.620187819	0.617106974	0.614090860	0.611064732	0.607916176	0.604764700	0.601675212	0.598488510	0.595259964	0.591906965	0.588541687	0.585140407	0.581684411	0.578174353	0.574714839	0.571143568	0.567967653	0.564850032	0.561574101	0.558349907	0.555078208	0.551674068	0.548457146	0.545065224	0.541807890	0.538505971	0.535186768	0.532031775	0.528876007	0.525566161	0.522424042	0.519234478	0.516115427	0.512931645	0.509775817	0.507333577	0.504894257	0.502736449	0.500682950	0.498585641	0.496781260	0.495058298	0.493550599	0.492194146	0.491042912	0.489911735	0.488925368	0.487953335	0.487096548	0.486213148	0.485280722	0.484454185	0.483762980	0.483027846	0.482495010	0.481803149	0.481225669	0.480724543	0.480333567	0.479873478	0.479072154	0.478396833	0.477675319	0.476867527	0.476249754	0.475620478	0.474971741	0.474349678	0.473672181	0.473136485	0.472711653	0.472153693	0.471628815	0.471283197	0.471116900	0.470980078	0.470969260	0.470872790	0.470549494	0.470348656	0.470077902	0.469891429	0.469678313	0.469459385	0.469302475	0.468884140	0.467885524	0.466880411	0.465949416	0.465037197	0.464157343	0.463257372	0.462419271	0.461599916	0.460835278	0.460020274	0.459236115	0.458595365	0.458040982	0.457482934	0.456970334	0.456562817	0.456186205	0.455744892	0.455422312	0.455199838	0.454919040	0.454757035	0.454666317	0.455147296	0.455545396	0.455924183	0.456382811	0.456857294	0.457318068	0.457821369	0.458429039	0.458887666	0.459549367	0.460061312	0.459547192	0.457747936	0.455913335	0.454247296	0.452590585	0.451017350	0.449489504	0.448014945	0.446577132	0.445287615	0.443936169	0.442731619	0.441591144	0.440637112	0.440205842	0.439547777	0.438949436	0.438301414	0.437471300	0.436692983	0.435890138	0.434969991	0.433891416	0.432822973	0.431627035	0.430287123	0.428899705	0.427307785	0.425821692	0.424378067	0.423038155	0.421527594	0.420228750	0.419060141	0.418402821	0.417795837	0.417085946	0.416558862	0.415992260	0.415420562	0.414673924	0.414214581	0.413624167	0.413038790	0.412552804	0.412986964	0.414350629	0.415795654	0.417293310	0.419011921	0.420676559	0.422545701	0.424364418	0.426273108	0.427970856	0.429676563	0.431470096	0.433323354	0.435135603	0.437078178	0.438993335	0.440938830	0.442971379	0.445018351	0.447048724	0.449218094	0.451995820	0.456459135	0.460942566	0.465425283	0.470013142	0.474539757	0.479120374	0.483721942	0.488309771	0.492832065	0.497368813	0.502251863	0.506895840	0.511579454	0.516344428	0.520874619	0.525335014	0.529852331	0.534069359	0.538244605	0.542319834	0.545076668	0.547158241	0.549015164	0.550462306	0.551638067	0.552776396	0.553665638	0.554420888	0.554942846	0.555360496	0.555562854	0.552076578	0.547636330	0.543358803	0.539367855	0.535749137	0.532163501	0.528931439	0.525984466	0.523284435	0.520861685	0.518829107	0.516985178	0.518953681	0.522033155	0.525453150	0.529840052	0.536032856	0.542527914	0.549264967	0.556262612	0.563493609	0.570877910	0.578654647	0.586564541	0.594737291	0.603110135	0.613502622	0.624558270	0.636209309	0.648162723	0.660537362	0.669946373	0.677595556	0.685083568	0.692563653	0.699870884	0.707132220	0.714328527	0.721291661	0.728344798	0.735116363	0.741823196	0.748335660	0.754959643	0.759297609	0.761977434	0.763120055	0.763718426	0.764199317	0.764462173	0.764503241	0.764430523	0.764260530	0.763842940	0.763350487	0.762672246	0.762324452	0.762198508	0.761893153	0.761399209	0.760721028	0.759900331	0.758813798	0.757709324	0.756267130
84.0000000	0.832763553	0.830511391	0.829389632	0.832713127	0.835946620	0.839038372	0.842005491	0.844820619	0.847481728	0.850018263	0.852541924	0.854807734	0.857077956	0.859281182	0.861462772	0.863453567	0.865398228	0.867381811	0.869253874	0.871055305	0.872658074	0.874419153	0.872283578	0.867966473	0.863063335	0.857970774	0.852931440	0.847965658	0.843073249	0.838295281	0.833600163	0.828978419	0.824841440	0.823890209	0.822769940	0.821398318	0.819834471	0.817960322	0.815896749	0.813649714	0.813149273	0.812869191	0.812645316	0.812319815	0.812040508	0.813666940	0.814826131	0.815297008	0.815314353	0.814753473	0.813651800	0.809514046	0.803876400	0.797621071	0.790714800	0.783089280	0.774927378	0.766095161	0.756705582	0.746610463	0.737932324	0.731362998	0.724691570	0.718163252	0.711511135	0.704959154	0.698244512	0.691665828	0.685010195	0.681259692	0.677678406	0.673811316	0.669944167	0.665868998	0.661741138	0.657498896	0.653093994	0.650016010	0.647050321	0.643844128	0.640657485	0.637455583	0.634132087	0.630756021	0.627036452	0.622786343	0.618457019	0.614164293	0.609771609	0.605319142	0.600785315	0.596216857	0.592148900	0.588104665	0.583956718	0.579859912	0.575711966	0.571456790	0.567287982	0.562908232	0.557490230	0.552166581	0.546928525	0.541730106	0.536765695	0.531820774	0.527055144	0.522516191	0.518269718	0.514072776	0.509964466	0.505996525	0.501908362	0.498020381	0.494197190	0.490404993	0.488224864	0.486704886	0.485206544	0.483654976	0.482230097	0.480723828	0.479242772	0.477914423	0.476449192	0.475229502	0.474223673	0.473274738	0.472321451	0.471383989	0.470569670	0.469598383	0.469028860	0.468537152	0.468119472	0.467656583	0.467121601	0.466631293	0.466097027	0.465791047	0.465444773	0.465249598	0.465068907	0.465027124	0.464397818	0.463697284	0.462900221	0.462221980	0.461442918	0.460731596	0.460091531	0.459414780	0.458511084	0.457661569	0.456833512	0.456141621	0.455371201	0.454729676	0.453963608	0.453292578	0.452684850	0.451985061	0.451416939	0.450780481	0.450107992	0.448734254	0.447436094	0.446177512	0.444932640	0.443705738	0.442646652	0.441401064	0.440344781	0.439200699	0.437983215	0.436842084	0.435713053	0.434568942	0.433543682	0.432509750	0.431511849	0.430569381	0.429724097	0.428934246	0.429225117	0.429633379	0.430093437	0.430599600	0.431281418	0.431876153	0.432652324	0.433437824	0.434371680	0.435249329	0.435430825	0.435481966	0.435647517	0.435648203	0.435571909	0.435356647	0.434998065	0.434537977	0.434007347	0.433450103	0.433535069	0.434036195	0.434477508	0.434861273	0.435137063	0.435535938	0.435711622	0.435805947	0.435975850	0.435982347	0.435840458	0.435185999	0.434099525	0.432817966	0.431521147	0.430305868	0.428953677	0.427561194	0.426062196	0.424648076	0.423062652	0.421473622	0.419901848	0.418194026	0.416465998	0.414745927	0.413247615	0.411804676	0.410377681	0.408975095	0.407622963	0.406365812	0.405118793	0.404593915	0.404323936	0.404133141	0.403911322	0.403891176	0.403766632	0.403660774	0.403515399	0.403544843	0.403819233	0.404970527	0.406031728	0.407108873	0.408146381	0.408982307	0.409634650	0.410323679	0.410888910	0.411949426	0.414421886	0.416864902	0.419492841	0.422185659	0.425026089	0.427884459	0.430892646	0.433857590	0.437869459	0.442763299	0.447737753	0.452655345	0.457655042	0.462766320	0.467946738	0.473323643	0.478899390	0.485279262	0.491934240	0.498985946	0.506327033	0.514020205	0.522234678	0.530908585	0.540170610	0.549371481	0.556669414	0.563838482	0.571184635	0.575795531	0.578451633	0.581203401	0.583862364	0.586385310	0.587183774	0.581758559	0.576236188	0.570796549	0.565256178	0.559809387	0.554358184	0.548929453	0.543438733	0.537897646	0.533328474	0.529827833	0.526986718	0.524715841	0.523071349	0.522283673	0.522119522	0.523187935	0.525188148	0.527849257	0.531033874	0.534346521	0.538935184	0.544792295	0.551797867	0.560280263	0.569833934	0.580763578	0.592892706	0.606252253	0.621015847	0.635569870	0.650028229	0.662523806	0.676670432	0.692230284	0.709267616	0.727603972	0.747351408	0.768471062	0.790968239	0.814659119	0.836333990	0.842296302	0.847702086	0.852467775	0.856555164	0.860224307	0.863064706	0.863705516	0.862864494	0.862372816	0.862017870	0.861220777	0.859931290	0.858685613	0.857343614	0.856012225	0.854589641	0.852984071	0.851443887	0.849759161	0.847987235	0.846424103	0.844644904	0.843019962	0.841079533	0.839163601	0.837173581	0.835055292
83.0000000	0.896934271	0.892935395	0.889867425	0.889834285	0.889635623	0.889529765	0.889402390	0.889280617	0.889379978	0.889531255	0.889908493	0.896862209	0.903473318	0.909740210	0.915668666	0.921094596	0.926053226	0.930623055	0.934505343	0.939949155	0.945269287	0.949042082	0.951203585	0.951410115	0.949713111	0.946148336	0.941432357	0.938543022	0.938113213	0.937686205	0.936444223	0.934329629	0.931332946	0.927331924	0.922438085	0.916706860	0.909949005	0.903130591	0.898788869	0.895667791	0.897428215	0.898727059	0.899779022	0.900203764	0.900323391	0.900015831	0.899240375	0.897965312	0.895272553	0.891349196	0.887429535	0.883015990	0.878024876	0.872701943	0.866802990	0.860382676	0.853667259	0.845806301	0.835056782	0.824055851	0.813032687	0.801626444	0.790184855	0.778666377	0.766294599	0.758112431	0.751438737	0.744805455	0.738310337	0.731823802	0.725369036	0.719146073	0.712943375	0.706553280	0.700037956	0.693141878	0.686026812	0.678652585	0.671747744	0.667519927	0.663269103	0.659049153	0.654636264	0.650250733	0.645827055	0.642587066	0.639802098	0.637002051	0.634141386	0.631217480	0.628256142	0.624160051	0.618301451	0.612297356	0.606336415	0.600351810	0.594331145	0.588358879	0.581366122	0.574171185	0.566983402	0.559752524	0.552481174	0.545230806	0.538010657	0.531079233	0.524383247	0.517862856	0.511545599	0.505533636	0.499762058	0.494939536	0.491724014	0.488424242	0.485279977	0.482335925	0.479558855	0.476950288	0.474529654	0.472613752	0.470831782	0.469334185	0.467922181	0.466797590	0.465812653	0.465143055	0.464585751	0.463570535	0.461874247	0.459977031	0.458079129	0.456496507	0.454988897	0.453545988	0.452163607	0.451072067	0.450076312	0.449793398	0.449490249	0.449449927	0.449585259	0.449740082	0.449881911	0.449950308	0.450182170	0.450169206	0.450318247	0.450424790	0.450558007	0.449356318	0.448286414	0.447341740	0.446199089	0.445183218	0.444008887	0.442828059	0.441706359	0.440614820	0.439976871	0.439452708	0.438842148	0.438386381	0.437909782	0.437441736	0.436998934	0.436592191	0.435448796	0.434237063	0.432996482	0.431740075	0.430545598	0.429276973	0.428128541	0.426962912	0.425464541	0.423588246	0.421755105	0.420056611	0.418312103	0.416568220	0.414892077	0.413249791	0.412023604	0.411380619	0.410839230	0.410378397	0.409988135	0.409625262	0.409434468	0.409340173	0.409255922	0.409875840	0.410463363	0.411078960	0.411811918	0.412526876	0.413238227	0.414031655	0.414853245	0.415764004	0.417134166	0.418622404	0.420029283	0.421356231	0.422844499	0.424165666	0.425509900	0.426908851	0.428211361	0.428724021	0.428805351	0.428849995	0.428621024	0.428011239	0.427320004	0.426630229	0.426061422	0.425571084	0.425069988	0.424627215	0.423539281	0.422468632	0.421317369	0.420155257	0.418109030	0.415984333	0.414055437	0.412191391	0.410546184	0.409006059	0.407579064	0.406247735	0.405183613	0.404133856	0.403104216	0.402138740	0.401171774	0.400245130	0.399575531	0.398623705	0.397876322	0.397175014	0.396462947	0.395563722	0.394369185	0.393257499	0.392042875	0.390764892	0.389255047	0.387925208	0.387568086	0.387140423	0.386771768	0.386969775	0.387141109	0.387231857	0.387355685	0.389412731	0.393553436	0.397574633	0.401535362	0.405393124	0.409165949	0.412955284	0.416694969	0.414550096	0.412054569	0.409677148	0.407405525	0.405213088	0.403212190	0.401356101	0.399773508	0.398369551	0.397324085	0.396643668	0.396380872	0.396651596	0.397502631	0.398906648	0.411415935	0.424627960	0.438854396	0.453795820	0.467911422	0.481354564	0.494670957	0.504381597	0.506738186	0.508927643	0.510908425	0.512646496	0.514093697	0.515329182	0.516219795	0.514835954	0.509630382	0.504745960	0.500085413	0.495948255	0.492007703	0.488529354	0.485236824	0.482523143	0.472097546	0.461224109	0.452193111	0.445258051	0.440259099	0.437238723	0.436307758	0.437471986	0.440699041	0.444732487	0.448743612	0.453085214	0.457862377	0.465521723	0.475656480	0.487649560	0.501572132	0.517321467	0.534933329	0.554492176	0.576372981	0.599158823	0.622200966	0.645680189	0.669527292	0.693708539	0.718202889	0.742981732	0.768180251	0.793619215	0.819319725	0.845294356	0.871601760	0.881190002	0.884288847	0.888870895	0.894318402	0.900758207	0.908189952	0.916381478	0.925425410	0.935219526	0.936153412	0.935300887	0.933892548	0.932089686	0.929741740	0.926987052	0.923811853	0.920196772	0.916950226	0.914163828	0.911197484	0.907958090	0.904511511	0.900856018
82.0000000	0.970256865	0.962515414	0.956020296	0.955378830	0.954604030	0.953578055	0.952363431	0.951032877	0.949408650	0.947594881	0.975044906	1.00172377	1.02685320	1.05016828	1.07152200	1.09101093	1.10802531	1.12760866	1.14734447	1.16468489	1.17947018	1.19159997	1.20094919	1.20730817	1.20844078	1.19683146	1.18840468	1.18331504	1.18254030	1.18159842	1.17877817	1.17394996	1.16382456	1.13807297	1.11491859	1.09409106	1.07591987	1.06048870	1.04784274	1.03865683	1.03272271	1.02653134	1.01870644	1.00987339	1.00000441	0.989125192	0.977269650	0.964453638	0.956385255	0.952236712	0.948726714	0.944231033	0.938615024	0.933859408	0.930026114	0.926032245	0.919128239	0.913326502	0.908661664	0.905204058	0.902794361	0.901358545	0.891655147	0.874599159	0.857480347	0.840379655	0.821648180	0.801542163	0.786451697	0.780636966	0.774264932	0.767467499	0.760290444	0.752863646	0.743674994	0.733231425	0.722478211	0.711424768	0.700254679	0.688835502	0.682484329	0.677080810	0.671525300	0.665955424	0.660307705	0.654541194	0.648807824	0.642934084	0.637109220	0.631195188	0.625446677	0.619215846	0.612811446	0.606389046	0.600081801	0.593720615	0.586167812	0.574099958	0.562645435	0.551581204	0.541084290	0.531244099	0.527201295	0.526793718	0.525134146	0.522336185	0.518169522	0.512459278	0.505540788	0.499015480	0.492961675	0.487397522	0.482589364	0.478595525	0.474809766	0.471420020	0.468066961	0.464870870	0.461694956	0.458681077	0.455755651	0.453944176	0.452319860	0.450660974	0.449112236	0.447771579	0.446492165	0.445371091	0.444504976	0.444166571	0.443683475	0.443295360	0.442878485	0.442511290	0.442077130	0.441727191	0.441275746	0.440699786	0.440058976	0.439746499	0.439533353	0.439528316	0.439619035	0.439806968	0.440225273	0.440519065	0.440880507	0.441200852	0.441336274	0.441488147	0.441624254	0.441968411	0.440992057	0.439337552	0.437702417	0.436088145	0.434519261	0.432809263	0.431246907	0.429751456	0.429077506	0.428294152	0.427495718	0.426776409	0.425998807	0.425247133	0.424513429	0.423077047	0.421370625	0.419799566	0.418222070	0.416665435	0.415138334	0.413689703	0.411825627	0.409633189	0.407457322	0.405361474	0.403358400	0.401315033	0.399293989	0.397803575	0.396966934	0.396046788	0.395254791	0.394528329	0.393793225	0.393028527	0.392441750	0.393007696	0.393582225	0.394190639	0.394778877	0.395427585	0.395969033	0.396557271	0.397668988	0.399281770	0.400970131	0.402643442	0.404593945	0.406509131	0.408450186	0.410461903	0.412012070	0.413406014	0.414580315	0.415721506	0.416822433	0.417817414	0.418665558	0.419492871	0.419746310	0.418811738	0.417448759	0.416098773	0.414851725	0.413575917	0.412200004	0.411006242	0.409763485	0.408504963	0.407118231	0.405857533	0.404742211	0.403692484	0.402794629	0.402019203	0.401408643	0.400747001	0.399954259	0.399096757	0.398215473	0.397504777	0.396849573	0.396664560	0.396452904	0.396200895	0.395657301	0.395166963	0.394631296	0.394055992	0.393469930	0.392891049	0.392282605	0.391434491	0.390542418	0.389703631	0.389019579	0.388386041	0.387776166	0.387243360	0.387033880	0.386897057	0.386351287	0.385873199	0.385460645	0.385115743	0.384980381	0.385507494	0.385989130	0.386510402	0.386940986	0.387399614	0.387862593	0.382852793	0.373434454	0.363981634	0.354555368	0.345260173	0.336136311	0.327083021	0.316962004	0.306925178	0.297159821	0.287804157	0.278645039	0.269801289	0.264754087	0.266302794	0.268157512	0.270371526	0.273091674	0.278667361	0.286410242	0.294152409	0.301821113	0.310014695	0.318646103	0.327848405	0.337433755	0.347535372	0.357081115	0.365284801	0.372324944	0.377951741	0.382363230	0.385359138	0.386760920	0.383400708	0.375162482	0.366119981	0.355077356	0.343836010	0.332520455	0.321225852	0.310077369	0.303037196	0.297640800	0.292421520	0.287217349	0.282158643	0.277230948	0.272358745	0.275300622	0.283037037	0.298175037	0.313368469	0.328435212	0.343554467	0.358621180	0.373599380	0.388619989	0.403696060	0.429270476	0.453997433	0.478113145	0.502629876	0.527250230	0.552269518	0.577671826	0.603140473	0.630393088	0.660975099	0.692859590	0.725914836	0.760016918	0.796648264	0.840213478	0.886282563	0.925896227	0.947459519	0.968415141	0.988740027	1.00840461	1.02756751	1.04604924	1.06402898	1.06438684	1.05762684	1.05012715	1.04192424	1.03316474	1.02374637	1.01386511	1.00507390	0.998822212	0.992094457	0.985052884	0.977758527
81.0000000	1.07246590	1.06397855	1.05695999	1.07465339	1.09205854	1.10877764	1.12461185	1.13930798	1.15240824	1.18176472	1.21995509	1.25853550	1.29613602	1.33245075	1.36778903	1.38995147	1.36806202	1.35150981	1.34098923	1.33711278	1.34040248	1.35169780	1.36446261	1.37180233	1.37622464	1.37739968	1.37514746	1.36926794	1.35957384	1.33676410	1.30146909	1.26851761	1.23792624	1.20967269	1.18422580	1.16130233	1.14985156	1.15417945	1.15806317	1.15961409	1.15268981	1.14533424	1.13708735	1.12826741	1.11817801	1.10496533	1.08918500	1.07068312	1.05019987	1.02800882	1.00431931	0.978984773	0.952216506	0.924178302	0.934876144	0.953670979	0.973643839	0.994786561	1.01699936	1.04027975	1.04877794	1.04793990	1.04329443	1.03519583	1.02383935	1.00753701	0.977495730	0.949409902	0.923099041	0.898801267	0.876350880	0.863442779	0.849200368	0.832250893	0.812565386	0.790316641	0.773813546	0.759213388	0.744218707	0.729002893	0.713425040	0.704123259	0.696074426	0.687943459	0.679596484	0.671316504	0.681457698	0.692975581	0.704549551	0.715666354	0.723797977	0.707360387	0.690719724	0.674126565	0.657510459	0.638564467	0.611112237	0.584165573	0.557982743	0.532460153	0.513592601	0.510521770	0.509086072	0.509513736	0.511863172	0.515264392	0.514112413	0.511241734	0.506109595	0.498640329	0.488988012	0.482097596	0.475882530	0.469941109	0.464448929	0.459106565	0.455178946	0.453304052	0.451459438	0.449730724	0.448013514	0.446463406	0.445330083	0.444555372	0.443684131	0.442826658	0.441997916	0.441156238	0.440206587	0.438832104	0.437218577	0.435587823	0.434160739	0.433090806	0.431994230	0.430817753	0.429769397	0.428915501	0.428031355	0.427286148	0.426794410	0.426879346	0.426985919	0.427100390	0.427175313	0.427403510	0.427676380	0.428828418	0.429941535	0.431131661	0.432254195	0.433468819	0.434676945	0.435880095	0.436425090	0.434884369	0.433282316	0.431585282	0.429959536	0.428233713	0.426502824	0.424836010	0.423003584	0.421272725	0.419503659	0.417818159	0.415961981	0.414106578	0.412370652	0.410346001	0.408565462	0.406708539	0.404855996	0.403013527	0.400664926	0.398150653	0.395615518	0.393140137	0.390692145	0.388174325	0.386236072	0.385116488	0.384257495	0.383302063	0.382424384	0.381564021	0.380738884	0.381260902	0.381983012	0.382762074	0.383586496	0.384321630	0.385125130	0.386058241	0.387943923	0.389895111	0.391740471	0.393647045	0.395498097	0.397230476	0.399053544	0.400289029	0.401711017	0.402970314	0.404427588	0.405840933	0.407257974	0.408710867	0.409173846	0.409193993	0.409152240	0.408889443	0.408291101	0.407538712	0.406658143	0.405537128	0.403733522	0.401461929	0.399385422	0.397408307	0.395701230	0.394125134	0.392784506	0.391529500	0.390409201	0.390219867	0.390764177	0.391432285	0.391874403	0.392663509	0.393256813	0.394158959	0.394976139	0.395845205	0.396411866	0.396033823	0.395427585	0.393783122	0.392250240	0.390608668	0.388982177	0.387296617	0.385650009	0.383947223	0.382286191	0.380709320	0.379008025	0.377480894	0.376105666	0.374736279	0.373466164	0.372199684	0.371034712	0.370080024	0.370419830	0.370490432	0.370545149	0.370595545	0.370440722	0.370020956	0.367158979	0.364256620	0.361169279	0.358127296	0.355078071	0.349935085	0.336776376	0.323783308	0.310957938	0.298303187	0.285767287	0.272682726	0.258181930	0.243756697	0.229339451	0.214889050	0.200387508	0.190792814	0.188222393	0.185731202	0.182891518	0.179984868	0.178438321	0.182430714	0.191535115	0.200494066	0.208824471	0.216754556	0.224099994	0.229896009	0.233321026	0.237532318	0.242740110	0.248603776	0.255534470	0.263265103	0.260802716	0.257294148	0.253792793	0.250169039	0.246081606	0.240968868	0.236432135	0.235699207	0.233603299	0.229946375	0.224771753	0.218139112	0.209799364	0.201021135	0.198493913	0.199491128	0.204636246	0.210291103	0.216588244	0.223315209	0.230644807	0.238151535	0.244974971	0.251454949	0.259094864	0.273314863	0.287207276	0.301193267	0.314886928	0.328583509	0.343596250	0.359834403	0.377141774	0.407635212	0.438496530	0.469660312	0.501080394	0.532804310	0.564708948	0.596980095	0.647164762	0.715363979	0.789009809	0.863011420	0.937285960	1.01178944	1.08661819	1.12479842	1.14489496	1.16379428	1.18188000	1.19901168	1.21513820	1.23036838	1.21513319	1.19829381	1.18043280	1.16148102	1.14158380	1.12085998	1.10595095	1.09757817	1.08925128	1.08087766
80.0000000	1.20445704	1.21606839	1.22768772	1.28166544	1.33916330	1.39530241	1.44963861	1.50173366	1.54245675	1.53001153	1.51902926	1.51049304	1.50530899	1.50419664	1.48415041	1.41557908	1.34161556	1.27614462	1.21493590	1.15828693	1.14815378	1.19106793	1.22999251	1.26492262	1.29539156	1.32104456	1.33220088	1.32463586	1.31839561	1.31348729	1.30996585	1.29732764	1.27763355	1.26210237	1.24857938	1.23666549	1.22665966	1.21844590	1.21213508	1.20852506	1.21505392	1.22128558	1.22720551	1.23293602	1.23824954	1.24340463	1.24818051	1.24519324	1.24237645	1.23134184	1.21214879	1.18483555	1.14938712	1.13673234	1.12999606	1.12491286	1.10381186	1.07971632	1.06459558	1.06965721	1.07445610	1.07902503	1.08330917	1.08352721	1.07408023	1.06904030	1.06805313	1.07941258	1.08786464	1.07915914	1.06393683	1.04259086	1.01566732	0.977696657	0.937203825	0.896235108	0.854860306	0.819958329	0.798306525	0.776135504	0.753417373	0.730154157	0.722666264	0.715855718	0.709172606	0.702390969	0.701879025	0.704550982	0.707151651	0.709769487	0.722823858	0.752808988	0.781277776	0.807157457	0.826720476	0.763119340	0.700990558	0.640608430	0.582418740	0.550492585	0.530889809	0.511662960	0.492940098	0.479214013	0.484256864	0.490708083	0.498536617	0.508202612	0.509157300	0.501940072	0.492686689	0.483670831	0.474654257	0.468099326	0.462545305	0.457356960	0.452507764	0.448001295	0.444920421	0.442743093	0.440803438	0.440028012	0.439421773	0.438881040	0.438141614	0.437253058	0.436259508	0.435303390	0.434149921	0.432912230	0.431865335	0.430492342	0.429006219	0.427214146	0.425347954	0.423192233	0.420916349	0.420749962	0.420939356	0.421180576	0.421419591	0.421506763	0.421652853	0.421769530	0.422760248	0.424113840	0.425707906	0.427538902	0.429155290	0.430757970	0.432455003	0.433994412	0.435499907	0.436915427	0.438458472	0.439736396	0.439865232	0.437574953	0.435165852	0.432809979	0.430319518	0.427832633	0.425337851	0.422724247	0.420174003	0.417640299	0.415051937	0.412475049	0.409572035	0.406429172	0.403179854	0.400075227	0.396849602	0.393678725	0.391235769	0.388887107	0.386563689	0.384193450	0.381787211	0.379583299	0.378748775	0.377794117	0.376883298	0.375739902	0.374618173	0.374157339	0.375561357	0.376963913	0.378388792	0.379617125	0.380769849	0.381887287	0.383335918	0.384842902	0.386459261	0.388100177	0.389928252	0.391757041	0.392505109	0.393113494	0.393894702	0.394810557	0.395888418	0.397030324	0.397552311	0.397635102	0.397607744	0.397604167	0.397428483	0.397175044	0.397218227	0.396788388	0.395770282	0.394497365	0.392890304	0.390984476	0.388761848	0.386143237	0.383671463	0.383597314	0.383947194	0.384100556	0.384467751	0.384919196	0.385495216	0.385984778	0.386592478	0.386951029	0.386824310	0.386624157	0.386260569	0.385925025	0.385707587	0.385396540	0.384981871	0.384443998	0.383733332	0.382966578	0.381030470	0.378738731	0.376232386	0.373719573	0.371233463	0.368616253	0.366132975	0.363548875	0.360798478	0.358264804	0.355523020	0.353308320	0.352437824	0.351693362	0.351023734	0.350552887	0.350287944	0.348297834	0.345301926	0.342265695	0.339030743	0.335664719	0.330821276	0.323343366	0.316154122	0.309132010	0.302410066	0.295935810	0.283895999	0.271813691	0.259746492	0.247803107	0.235814407	0.224037349	0.212312892	0.200389668	0.188341916	0.176270396	0.166964397	0.167699516	0.167911202	0.167641208	0.166592166	0.165330008	0.173104554	0.182455197	0.191547364	0.200371683	0.208946899	0.214387909	0.212557673	0.210447371	0.208428472	0.206256956	0.204149529	0.196438313	0.185909748	0.176114872	0.167040721	0.158835605	0.152508959	0.160450548	0.171105117	0.180315346	0.187994868	0.194092557	0.198599041	0.195005521	0.185941443	0.176763579	0.167248070	0.158900395	0.153366491	0.150045127	0.157160863	0.164316252	0.171325445	0.178218722	0.184937045	0.191535830	0.198787659	0.203918397	0.209828869	0.217113853	0.225820079	0.235781997	0.247076616	0.260583848	0.277987689	0.299296826	0.324454337	0.352319777	0.382497102	0.415167153	0.453624517	0.505403280	0.558831573	0.613712847	0.670071602	0.736266971	0.807536185	0.887582958	0.962619841	1.02937102	1.08799636	1.13881898	1.18231058	1.20870137	1.22582304	1.24481666	1.26535165	1.28761554	1.31113946	1.30938125	1.28283703	1.25508463	1.22840929	1.20272124	1.17793941	1.17498732	1.18341720	1.19349802
79.0000000	1.51627529	1.60831654	1.70078039	1.79772055	1.89425659	1.98832178	2.08006549	2.16928577	2.18364620	2.11414886	2.04077315	1.96263361	1.87950516	1.79997909	1.75536931	1.71360493	1.67552996	1.64210618	1.61413133	1.60289931	1.59475100	1.58684170	1.58162105	1.57892251	1.54902673	1.48100185	1.42155862	1.37134933	1.33093071	1.30093622	1.31027758	1.32079029	1.32840657	1.33414781	1.33624005	1.33413911	1.33758295	1.34379435	1.35084450	1.35885394	1.36104476	1.35917723	1.37884533	1.42828488	1.47459745	1.51781631	1.55837095	1.59262276	1.61679530	1.63081360	1.63512075	1.62971282	1.58805799	1.52004886	1.43651152	1.33768725	1.22383070	1.15786362	1.13873100	1.12613690	1.12004209	1.12010765	1.16213334	1.21223080	1.26662099	1.32519889	1.36245751	1.36936307	1.36658669	1.35198998	1.32248604	1.25524223	1.18553400	1.11357868	1.04309714	0.990743041	0.936856031	0.881796241	0.830995262	0.804504931	0.778103232	0.751888096	0.730629444	0.721758306	0.712548018	0.703491807	0.696044147	0.690961659	0.685955524	0.681173980	0.687597871	0.703398228	0.720990777	0.740934730	0.738980651	0.723733187	0.703689873	0.677679121	0.645836413	0.613796413	0.582291365	0.551320553	0.536322236	0.525114715	0.514639437	0.505252123	0.500880241	0.499895990	0.501320899	0.502413094	0.498847693	0.492384225	0.485449225	0.478283763	0.470684856	0.463163048	0.456330985	0.449910015	0.444187433	0.440667361	0.438791007	0.437063038	0.435492009	0.433992267	0.433195204	0.433387458	0.433489680	0.433406144	0.433135450	0.432593316	0.432296664	0.432299495	0.432305992	0.432357848	0.431972623	0.430714041	0.429490089	0.428294152	0.427212745	0.426264495	0.425424963	0.426052779	0.426720947	0.427363217	0.428335935	0.429466337	0.430620492	0.432852477	0.434949815	0.436834067	0.438657105	0.440333277	0.441778302	0.442764014	0.443756878	0.444553941	0.445065826	0.445458204	0.442499787	0.439400882	0.436216325	0.433072060	0.429958075	0.427175283	0.424501181	0.421914279	0.419328719	0.416654617	0.413552880	0.409078807	0.404728562	0.400351673	0.395939529	0.391804576	0.389912397	0.387923777	0.385952353	0.383932799	0.381953508	0.381574780	0.381448776	0.381388307	0.381258011	0.381127745	0.381577015	0.382548243	0.383490682	0.384500176	0.385398716	0.386192888	0.386900634	0.387568802	0.388353586	0.388976425	0.389765531	0.390419275	0.390985191	0.391664922	0.392546892	0.393607467	0.394735694	0.394806951	0.394346893	0.393958092	0.393341035	0.392754972	0.392027736	0.391487032	0.390920401	0.390743285	0.390427917	0.389740318	0.388732314	0.387190789	0.386424005	0.385627687	0.384603798	0.383802474	0.383243740	0.382538885	0.381817430	0.381162256	0.380708665	0.380738914	0.381050617	0.381102443	0.381127656	0.380884320	0.380590588	0.379920214	0.378848881	0.377523333	0.375770122	0.373643935	0.371201754	0.369379461	0.367985517	0.366819859	0.365650564	0.365042895	0.365271837	0.362750381	0.359866083	0.356545419	0.352731586	0.348590881	0.346129209	0.344432175	0.342953295	0.341833651	0.340903461	0.338137925	0.334188730	0.329744875	0.324955434	0.319834799	0.313830018	0.307016641	0.300355941	0.293847859	0.287489504	0.283035606	0.279367954	0.275622457	0.271699905	0.267919928	0.260029435	0.250804782	0.241733521	0.232514650	0.223305821	0.214945912	0.206663758	0.198231846	0.189736560	0.180984244	0.189493909	0.198745191	0.207138956	0.214669436	0.221219987	0.233445600	0.245388225	0.256780088	0.267394304	0.277336091	0.265903205	0.253908008	0.242747992	0.232733503	0.223752230	0.209712967	0.193735451	0.177086160	0.159705356	0.141840726	0.130935609	0.130800962	0.134991363	0.140458316	0.147134885	0.155075774	0.161076948	0.162439197	0.158973843	0.150664315	0.137305439	0.124169759	0.123211436	0.123434633	0.124763764	0.127244875	0.130780086	0.135755271	0.142282084	0.146073595	0.151094168	0.154967040	0.157862872	0.159616083	0.162315354	0.168182641	0.174771369	0.190530002	0.208678320	0.227423519	0.246743277	0.266765028	0.289501935	0.318802357	0.365284771	0.416990161	0.473912686	0.535897434	0.602889836	0.675883412	0.761726856	0.837594032	0.906778812	0.971913576	1.03290045	1.08381176	1.12450755	1.17201102	1.22628677	1.28668392	1.35298800	1.36790562	1.35623527	1.33782411	1.30982828	1.28119671	1.25813234	1.25156307	1.24848437	1.24829566	1.25071836	1.25513566	1.33780324	1.42581737
78.0000000	1.98483479	2.15865350	2.33157468	2.44921112	2.51198435	2.57229161	2.63106060	2.68891406	2.62752676	2.51662230	2.40965843	2.30819488	2.21396184	2.17148614	2.13332987	2.09149408	2.04515576	1.99350941	1.97095168	1.94363785	1.91083336	1.87200367	1.82570541	1.75005722	1.67226338	1.59222603	1.50958300	1.42427671	1.48882401	1.55276775	1.60355306	1.64062023	1.66366220	1.62724173	1.56938684	1.52296269	1.48881376	1.46712744	1.46120608	1.52699625	1.59553587	1.66465509	1.73625135	1.81031191	1.88558280	1.93065560	1.96545029	1.99508107	2.03334284	2.08037734	2.13614798	2.15197182	2.06912589	1.97613871	1.87327373	1.76061821	1.63738215	1.52006483	1.41322100	1.33155215	1.29558027	1.32351339	1.34506428	1.36040401	1.37579620	1.43164945	1.48572648	1.53795230	1.57092547	1.52386272	1.45557940	1.38634562	1.30283070	1.20635569	1.11535859	1.02926457	0.967305541	0.914088309	0.863902748	0.821813047	0.799174726	0.776877820	0.754832149	0.737828672	0.722591996	0.706917584	0.693017900	0.685514867	0.678169370	0.670772910	0.668287396	0.667658865	0.667199552	0.666709960	0.666382968	0.667481065	0.670173883	0.656334698	0.635293424	0.613054037	0.592757940	0.587047696	0.579395533	0.569497705	0.551981509	0.532038987	0.515636683	0.501842856	0.498787224	0.498323560	0.497129768	0.495232582	0.488171518	0.480472535	0.472908974	0.465454817	0.460447907	0.455671459	0.450254887	0.445193291	0.441359282	0.439112902	0.437806100	0.437148690	0.437201291	0.437045038	0.436453909	0.436025530	0.435785741	0.435588479	0.435555339	0.435971498	0.436298400	0.436466843	0.436727524	0.436918318	0.437407196	0.437924147	0.437778026	0.437744170	0.438059539	0.438594460	0.439505249	0.440878332	0.442563087	0.444268823	0.445780784	0.447392166	0.449015766	0.450864702	0.452414870	0.453731745	0.454921901	0.455944330	0.455562025	0.454591483	0.453208357	0.451604933	0.449886948	0.446903259	0.443675518	0.440439820	0.437148720	0.433702081	0.430851579	0.428126425	0.425243497	0.422395885	0.419220746	0.415022403	0.410786659	0.406607032	0.402257502	0.398441494	0.395879030	0.393301457	0.390667707	0.388182968	0.387014389	0.387358546	0.387529910	0.387624949	0.387663811	0.388196647	0.388941109	0.389864862	0.390520126	0.391256630	0.392052948	0.392914802	0.393834949	0.394712627	0.395532727	0.395887673	0.395899206	0.395804912	0.395639300	0.395248353	0.395364970	0.396485269	0.397941142	0.399071515	0.399618000	0.399756253	0.398550987	0.397146255	0.395899892	0.394757330	0.393960983	0.393520296	0.393329501	0.393192738	0.392808229	0.392357528	0.391656250	0.390787184	0.388794988	0.386668086	0.384739190	0.383082509	0.381636024	0.380514234	0.379971355	0.379005104	0.378088534	0.377423286	0.377185673	0.376724154	0.375843585	0.374881685	0.373697281	0.371853352	0.370437801	0.368040264	0.365852147	0.364007533	0.362522155	0.361502618	0.361540109	0.362076461	0.362705022	0.364285439	0.365763575	0.362076491	0.357216448	0.352105916	0.346892416	0.341583163	0.337172389	0.331724882	0.325467348	0.318358094	0.312047273	0.310057908	0.308475345	0.307376623	0.306935281	0.303604573	0.298960537	0.294287026	0.289771944	0.284924895	0.278172731	0.271261454	0.264532328	0.257732630	0.251804888	0.246690705	0.241567224	0.236421362	0.231161043	0.225732967	0.220243677	0.214534089	0.208699197	0.215914309	0.236633047	0.257501513	0.278351277	0.299409866	0.330928564	0.359511822	0.386247605	0.410587907	0.412923604	0.369367212	0.329074532	0.292306334	0.259243935	0.241881117	0.232305855	0.221354634	0.209000155	0.195140168	0.196619764	0.196146727	0.194292009	0.193451747	0.191356555	0.210018948	0.228929743	0.241848722	0.248555511	0.248891771	0.243744493	0.234557986	0.233938083	0.229844868	0.220540315	0.206036642	0.190822318	0.178744316	0.170046717	0.164545193	0.173432872	0.174249366	0.168171123	0.162808567	0.158324406	0.154699206	0.152778253	0.159809038	0.168632641	0.177708954	0.186915591	0.196228802	0.205796883	0.229561195	0.258331686	0.293031335	0.329421580	0.367479354	0.408291817	0.482062310	0.557345569	0.634039223	0.712159216	0.789260447	0.858415723	0.929888606	1.01079440	1.10070431	1.19939542	1.29009020	1.33226061	1.36164808	1.37931347	1.38579047	1.37755799	1.34865868	1.32397699	1.30316544	1.28583777	1.28623319	1.34270930	1.40284932	1.46624768	1.53235936	1.63610709	1.81054294
77.0000000	2.32167315	2.44837570	2.57049990	2.67469716	2.74202347	2.80952215	2.87680531	2.94314981	2.85310292	2.73002911	2.60373664	2.47347641	2.35634184	2.26903534	2.18560195	2.10720181	2.03506184	1.99423230	1.96449482	1.94345868	1.93257427	1.92045903	1.88124549	1.83088148	1.76838279	1.68941092	1.76877153	1.91526496	2.05142975	2.17643428	2.29002905	2.20563197	2.08382487	1.94760942	1.81757450	1.70411479	1.70632577	1.72234368	1.73883748	1.75563991	1.77684903	1.83550179	1.88656402	1.93723500	1.98752773	2.03752947	2.08784008	2.12361932	2.15626526	2.18696189	2.21574378	2.22397184	2.21899533	2.17744207	2.10832477	2.00667834	1.86651289	1.74161088	1.63206148	1.55539882	1.53839529	1.51617241	1.52760017	1.52893150	1.48006582	1.42218065	1.35557270	1.34571457	1.34679389	1.34460366	1.30623484	1.21455574	1.13370824	1.06302238	1.00256836	0.947837532	0.898349047	0.863041639	0.835954547	0.811344981	0.791805625	0.778134227	0.765339851	0.753584385	0.743346691	0.733435929	0.723808765	0.713747501	0.703619301	0.693289459	0.672795355	0.651798725	0.631586134	0.620186329	0.612004340	0.604167879	0.592655778	0.578069270	0.563901126	0.558277905	0.570860684	0.582270443	0.591532528	0.558483064	0.518891752	0.472435206	0.448104978	0.447888225	0.448890448	0.450807124	0.451395363	0.451564580	0.451542228	0.453356624	0.456395030	0.457912803	0.455316484	0.452222645	0.449309528	0.446317196	0.442859054	0.439841509	0.437973857	0.437221467	0.437013358	0.436791569	0.436091065	0.435512900	0.434780657	0.434057057	0.435494155	0.438166112	0.440784693	0.443318397	0.445939213	0.447935790	0.448160410	0.448798299	0.450208783	0.452234894	0.454824030	0.456626862	0.457423955	0.456994116	0.456658572	0.456552029	0.457640618	0.459360719	0.461443663	0.463896006	0.466462791	0.468236178	0.469846100	0.471188933	0.472533137	0.471494168	0.467763126	0.463906109	0.459830165	0.455664217	0.451522768	0.447226554	0.443090886	0.438762963	0.434244245	0.429505199	0.424689114	0.419893205	0.415019542	0.411755025	0.408356667	0.405086398	0.401775867	0.399639636	0.398580492	0.397386730	0.396005750	0.394705445	0.395688981	0.396684021	0.397521347	0.398205340	0.399158627	0.400267482	0.401031375	0.402017772	0.402708232	0.403202862	0.403818488	0.404646456	0.405318230	0.406029612	0.406164974	0.406126082	0.406058401	0.405833036	0.405505419	0.405506164	0.405946076	0.406888604	0.407892942	0.407905906	0.406910151	0.405821532	0.404623449	0.403317392	0.402184099	0.401752830	0.401337355	0.400865763	0.400528073	0.400330812	0.399009645	0.396871209	0.394473583	0.391904652	0.389245659	0.386729985	0.383808255	0.380800068	0.378055423	0.375906259	0.373677135	0.371315539	0.368981987	0.367065340	0.366424590	0.365345269	0.363931209	0.362193108	0.360097170	0.358765215	0.358356267	0.358893365	0.359938830	0.361188710	0.362098813	0.363641024	0.365796715	0.368429035	0.370708555	0.372133434	0.374536097	0.377224565	0.380360872	0.375383496	0.369504720	0.362975776	0.356052220	0.348981857	0.342528462	0.335976481	0.329626083	0.323595345	0.318974406	0.313722730	0.307938963	0.301884472	0.297493219	0.293313593	0.289174318	0.284922004	0.280100882	0.275187612	0.270462215	0.266081035	0.262553036	0.260113686	0.257628947	0.255051374	0.252043903	0.248777986	0.245241359	0.241608247	0.237457454	0.255344391	0.273354471	0.291083753	0.308651030	0.340178400	0.378349185	0.416568220	0.454286158	0.461977929	0.431688249	0.398599952	0.362474680	0.327263027	0.326023221	0.321402222	0.313207924	0.301258087	0.317221910	0.352271527	0.391245872	0.426827520	0.449269921	0.453584909	0.460499734	0.470127583	0.482590079	0.491009742	0.496187240	0.510343194	0.526730418	0.524025381	0.492279828	0.440449178	0.394703984	0.355098248	0.321769446	0.294793189	0.276656389	0.259922147	0.242395207	0.224120155	0.205053821	0.181435674	0.159596637	0.155180871	0.153682560	0.155254319	0.159727678	0.166862875	0.174011752	0.186579362	0.201804459	0.219836876	0.240646318	0.264409930	0.301435202	0.350719184	0.404269904	0.462042719	0.524026811	0.593662381	0.670664191	0.753187001	0.844447672	0.942030728	1.05250466	1.17661035	1.29648161	1.41248810	1.52445745	1.56362259	1.52842736	1.48814356	1.44391835	1.39509368	1.40504777	1.43263364	1.46541882	1.50268757	1.56342173	1.68355429	1.80573559	1.92932570	2.05402756	2.18911242
76.0000000	2.34331727	2.40332246	2.46114635	2.51782846	2.58299708	2.64852381	2.71436357	2.78144836	2.77647471	2.76278973	2.74626780	2.72585750	2.66549921	2.59077239	2.51198125	2.42840362	2.31386900	2.18416667	2.05886674	1.93899679	1.86155653	1.84453189	1.83129990	1.82244539	1.83943009	2.02335978	2.20048046	2.37166047	2.54204202	2.55589390	2.50963640	2.46363044	2.41782117	2.36721683	2.30364084	2.21395564	2.13649487	2.09103346	2.06764984	2.05007696	2.04695487	2.04039526	2.03684402	2.05230093	2.08318520	2.11981392	2.16156888	2.19683385	2.22180772	2.21922517	2.20804286	2.19523191	2.16397595	2.11481571	2.04768658	1.96426570	1.87362731	1.77694476	1.66955185	1.50012720	1.30723119	1.09137881	1.06665051	1.16081929	1.22276306	1.23802626	1.13801754	1.05552006	0.989786923	0.944673121	0.898603201	0.875563204	0.868719637	0.862372756	0.854503214	0.841198385	0.827670932	0.816744268	0.796346664	0.791838050	0.787388384	0.782598972	0.777915359	0.773375809	0.768556833	0.763517499	0.757370114	0.738888502	0.719734311	0.699639082	0.678378940	0.647470772	0.616497815	0.589433730	0.563473403	0.551581204	0.545014799	0.537297845	0.507754803	0.523656726	0.541167855	0.558967710	0.572024167	0.582176924	0.580801725	0.548188567	0.509146571	0.475085527	0.449539214	0.428356826	0.411814809	0.410379827	0.413823634	0.420047283	0.428451777	0.433764040	0.437618881	0.440781146	0.441275060	0.440367848	0.438361943	0.435661227	0.436278969	0.436655521	0.436551124	0.436173856	0.435742557	0.434276670	0.434363037	0.436078072	0.439433277	0.443682015	0.447842181	0.451166362	0.453062117	0.452286005	0.447477132	0.441799939	0.437563449	0.438865930	0.442272961	0.446430951	0.447939336	0.446199834	0.445286155	0.446733385	0.450465143	0.456067443	0.460554481	0.465435356	0.471021116	0.477225363	0.479172975	0.478313982	0.476750880	0.474580795	0.470514268	0.464503676	0.458434820	0.452306151	0.446524560	0.441504687	0.436571300	0.431699008	0.426819563	0.422321051	0.417849869	0.413291514	0.408798695	0.407623678	0.406792790	0.406011611	0.405107290	0.405119509	0.405201584	0.405328304	0.405307472	0.406880647	0.409299135	0.411583692	0.413656563	0.414518416	0.414275050	0.414253443	0.414451420	0.414766073	0.414223194	0.414068401	0.414158404	0.414861113	0.415378094	0.414946109	0.414524168	0.414485276	0.414316803	0.414072037	0.413394511	0.412475765	0.411312938	0.410008311	0.409683615	0.409511477	0.409186780	0.408744723	0.408943444	0.409106165	0.409297675	0.409034878	0.408494174	0.407642394	0.406408310	0.404795527	0.402959526	0.400801629	0.397697777	0.394606799	0.391749114	0.389247119	0.387003571	0.383575678	0.378965527	0.374335915	0.369776875	0.365356803	0.362633020	0.360334098	0.358043730	0.355549663	0.353213280	0.351244092	0.349597454	0.348024935	0.346622407	0.347922713	0.353684902	0.358713388	0.363001704	0.366708219	0.370718628	0.375007689	0.379145533	0.383328736	0.387483150	0.388897896	0.388375938	0.385944515	0.379270822	0.368020087	0.357840747	0.348477811	0.340753704	0.335496217	0.331197828	0.327586353	0.323866069	0.318345129	0.312801152	0.307102323	0.301654100	0.297136784	0.292928398	0.289007276	0.286659360	0.289429963	0.292057216	0.294655681	0.296267778	0.295169771	0.294163197	0.293156624	0.291794419	0.289615691	0.287657261	0.285873830	0.292577028	0.312196314	0.332738638	0.354273111	0.373495668	0.386508971	0.398031801	0.412527621	0.413290828	0.393157423	0.373109043	0.353214025	0.348436087	0.368657291	0.389643103	0.411687374	0.435900956	0.467039496	0.503092825	0.544371843	0.573268294	0.553090274	0.542485416	0.541846097	0.551550210	0.552105367	0.551645279	0.556891203	0.567990720	0.570903838	0.556024313	0.536997616	0.513728678	0.486073494	0.449028730	0.406415522	0.361921698	0.323046744	0.293871611	0.281612188	0.271187276	0.258875996	0.244395375	0.220286176	0.194563448	0.173522159	0.159266159	0.151590243	0.151184171	0.158482075	0.165520802	0.173087999	0.181301743	0.190041840	0.213350415	0.243504003	0.278426141	0.317234904	0.359143227	0.426062852	0.503920078	0.585757434	0.671621740	0.764480829	0.895186782	1.03905082	1.19505095	1.36296701	1.51121724	1.60924411	1.69575489	1.77121007	1.82864666	1.75788426	1.68824100	1.62343729	1.56308115	1.59613276	1.68509877	1.77863765	1.87634218	1.97440124	2.06258678	2.14232969	2.21451855	2.28044391
75.0000000	2.24284029	2.25743556	2.27220845	2.28716135	2.31881166	2.35592651	2.39414334	2.43351507	2.47489500	2.51751351	2.56135392	2.60582900	2.64162517	2.67400503	2.70173717	2.68686056	2.49539614	2.30351400	2.11672664	1.99470532	2.03497124	2.06125569	2.07223773	2.11229229	2.26912022	2.43961573	2.62540150	2.77079630	2.73579121	2.68511176	2.63105845	2.56899023	2.44126153	2.30154467	2.14949584	1.98440647	1.95134890	1.95371509	1.95055413	1.94188690	1.93946528	1.97240829	2.01580644	2.06763768	2.12831140	2.20944595	2.28015876	2.31862402	2.34648514	2.36319256	2.32629251	2.21960235	2.15781856	2.14123249	2.13154054	2.04819179	1.88924849	1.69287336	1.50645661	1.33693421	1.18612218	1.05038929	0.944368660	0.909833729	0.891506910	0.896497250	0.897724092	0.875710726	0.866614342	0.857805192	0.849957883	0.840986013	0.831799448	0.822610080	0.813608646	0.814081788	0.814334393	0.814500749	0.814357400	0.812540174	0.810686171	0.808746457	0.806151569	0.802261472	0.798566401	0.795086682	0.793085814	0.791145384	0.786871433	0.779430985	0.757514179	0.724206269	0.691233158	0.658491135	0.624198973	0.591574371	0.562102616	0.535993159	0.523166418	0.519227266	0.517951429	0.519698918	0.519455492	0.514997303	0.509764969	0.501500845	0.483125061	0.457556397	0.430900574	0.403193504	0.397627920	0.384593755	0.384392887	0.390136302	0.402006298	0.411374182	0.418705195	0.424972057	0.429811209	0.430985510	0.429561347	0.428501546	0.434568942	0.442167103	0.447632641	0.451060534	0.451524258	0.450518429	0.449341178	0.447844326	0.443265855	0.438918501	0.438496560	0.437850028	0.436842710	0.435879350	0.432411820	0.427227110	0.422487348	0.418068022	0.414478093	0.415449381	0.418340176	0.423022300	0.429374158	0.436382651	0.441807836	0.445832640	0.450138986	0.457244605	0.465508074	0.472759902	0.478825241	0.478868395	0.473863631	0.468630701	0.463476956	0.458165526	0.452875674	0.447508752	0.442249894	0.438048750	0.434517831	0.431255519	0.428305686	0.425037593	0.421781749	0.418507874	0.415313274	0.414673209	0.414330453	0.413836569	0.413335443	0.417689264	0.421806961	0.425705761	0.429266155	0.430170447	0.431207269	0.432036728	0.432549357	0.431434810	0.430305839	0.429051608	0.427223533	0.423881292	0.420738459	0.417574078	0.414872617	0.413519740	0.412526160	0.411919892	0.412582308	0.414798468	0.416698545	0.418329388	0.419597983	0.419837743	0.419693738	0.419137210	0.417856336	0.416581243	0.415503353	0.414641529	0.414015114	0.413554370	0.414126724	0.414862543	0.415260017	0.415408313	0.414921582	0.411824137	0.408065766	0.404016495	0.399912506	0.395791173	0.391948551	0.388195932	0.385084808	0.381585598	0.377730727	0.374021292	0.370069921	0.365428090	0.360556573	0.355277508	0.349733531	0.346777201	0.346559793	0.346539617	0.346705228	0.347996116	0.352940410	0.359331131	0.367640644	0.378620625	0.383012623	0.386069775	0.387976348	0.388753206	0.389821678	0.389907360	0.388627201	0.384395063	0.372668415	0.360516250	0.348569989	0.336866379	0.331946671	0.328289062	0.325699210	0.324087143	0.322494447	0.321361214	0.320343852	0.317643821	0.311167449	0.305111498	0.299643815	0.297841668	0.298751742	0.299663275	0.300585598	0.302461922	0.304472148	0.306347758	0.306840241	0.301926970	0.296937346	0.291721672	0.287172705	0.283368945	0.279301673	0.274937034	0.279138952	0.285895437	0.292454630	0.300574809	0.353872061	0.408805966	0.460744530	0.482458353	0.440261304	0.399586350	0.360684007	0.343967736	0.349913538	0.357382119	0.366626918	0.372431546	0.375774473	0.379248470	0.383044332	0.389790714	0.403726310	0.414453596	0.421811283	0.425498396	0.420538306	0.405750215	0.380926788	0.371609986	0.397334158	0.428597242	0.452645272	0.468392432	0.469951898	0.456971049	0.428899676	0.387768269	0.347291291	0.314760953	0.290288150	0.274099678	0.267729849	0.264691412	0.249013454	0.226815104	0.198053285	0.167762876	0.150937200	0.155221909	0.161035195	0.165124804	0.167427361	0.173452318	0.185459033	0.198691189	0.211265281	0.223167598	0.236169353	0.299087286	0.368206561	0.440678895	0.516513526	0.603392363	0.706039906	0.824646235	0.974521458	1.13167000	1.33427155	1.52128232	1.69077671	1.84347582	1.90092015	1.91284418	1.90554118	1.88564479	1.85652781	1.83905268	1.83572209	1.84561408	1.89823687	1.96928287	2.02979517	2.08068419	2.12202287	2.15921092	2.19432020	2.22424221
74.0000000	2.05745196	2.07366252	2.09344101	2.11637878	2.15115619	2.19448590	2.23743510	2.27991033	2.32535076	2.37080812	2.41584134	2.48150444	2.60253859	2.72029376	2.83411145	2.79378366	2.65777612	2.51070094	2.35097718	2.43076253	2.53041124	2.62270784	2.68774700	2.71451378	2.75910974	2.82309556	2.84336138	2.80254221	2.76339507	2.72613168	2.69988680	2.66126633	2.60017204	2.51532483	2.39968061	2.28205585	2.17056823	2.07056236	1.98983359	1.93074191	1.88919795	1.86577559	1.90881801	2.03202295	2.15621138	2.28136325	2.40124750	2.42098713	2.37900448	2.29835725	2.17897058	2.03049374	1.88883007	1.74238706	1.64534831	1.53565621	1.35986114	1.17552102	1.12234747	1.05836117	1.08649147	0.997886181	0.931627393	0.886374712	0.885736823	0.890596151	0.889885366	0.884008050	0.880578101	0.877627432	0.874933898	0.869761407	0.862339675	0.856295943	0.851398528	0.851759255	0.854797661	0.857763350	0.860568523	0.851960838	0.842842042	0.833421588	0.823122680	0.811987936	0.800607622	0.789029300	0.806714594	0.835111499	0.864928842	0.891545713	0.871047378	0.847913742	0.818303049	0.774403930	0.713738859	0.655351222	0.599315047	0.564090490	0.539281428	0.515843272	0.494038790	0.483805418	0.474040806	0.463415056	0.452800095	0.450947523	0.445152253	0.435406357	0.421401620	0.414391667	0.408021092	0.402539074	0.398003042	0.396892786	0.396296620	0.396800637	0.412755132	0.421588063	0.430787534	0.431015044	0.430871040	0.435994565	0.444242895	0.450715691	0.457022160	0.457283497	0.451105922	0.446346730	0.445707351	0.447989732	0.442252785	0.436867177	0.431656569	0.426448077	0.424028873	0.424679041	0.424680471	0.423948228	0.422217369	0.418991745	0.418561220	0.419514477	0.422540605	0.430570066	0.437398553	0.443121135	0.446629643	0.449885517	0.452789962	0.455495775	0.457442641	0.457955301	0.457798988	0.457114995	0.453050613	0.446703851	0.441591829	0.436601490	0.433984280	0.432003587	0.430485100	0.429184079	0.428661346	0.428117037	0.427667737	0.427498549	0.428076714	0.428536773	0.428975999	0.430253267	0.431509674	0.432431996	0.434530109	0.439325273	0.444031954	0.448632032	0.450010836	0.449188590	0.447929323	0.446253836	0.444537371	0.443810165	0.443211854	0.442816556	0.442659587	0.441642225	0.439620465	0.436297685	0.432285130	0.428390622	0.424645185	0.422186404	0.422312409	0.422843039	0.423571646	0.424388140	0.424954057	0.425245672	0.425150633	0.425268710	0.425823122	0.425663292	0.424962729	0.423611969	0.423002839	0.423036009	0.423774689	0.424406886	0.422311008	0.420266896	0.418508619	0.416222662	0.412805527	0.409410000	0.406008691	0.402678698	0.399180233	0.395803452	0.393981844	0.391864300	0.389559597	0.386058271	0.381062895	0.375667214	0.369661689	0.363900959	0.359949589	0.355978787	0.352236986	0.351119548	0.354973704	0.359643579	0.365031362	0.371203929	0.383786619	0.396802098	0.405485243	0.410009772	0.404049605	0.398254305	0.392734051	0.386373609	0.375383526	0.362923205	0.355024099	0.351838082	0.347322941	0.341876179	0.335277349	0.337905347	0.343166381	0.348174721	0.351947516	0.349767357	0.346705168	0.342837363	0.337379754	0.331346184	0.325249940	0.319926262	0.323076934	0.326191664	0.329011232	0.330625445	0.331138790	0.331397295	0.331255466	0.327762693	0.324223220	0.320587218	0.317989469	0.316238403	0.314698309	0.314172715	0.321184814	0.328888804	0.337664872	0.357521743	0.386655867	0.415636539	0.444921851	0.427006811	0.406511307	0.383124262	0.367410243	0.363784313	0.361395329	0.360308200	0.362296075	0.364612311	0.366867334	0.368627042	0.369391710	0.370826632	0.371884346	0.376555711	0.386825055	0.397306800	0.408166558	0.405665308	0.386456370	0.367043763	0.360242635	0.382372558	0.417649686	0.454654098	0.493401587	0.515695691	0.491315752	0.448537648	0.397596240	0.343992233	0.299108148	0.253981441	0.244531453	0.246344402	0.252956867	0.248628244	0.231790304	0.206750885	0.192952812	0.196092725	0.195161745	0.190427750	0.189533532	0.198181435	0.217090800	0.237817451	0.260048181	0.290487617	0.326453030	0.367724180	0.417751908	0.498335034	0.622073531	0.764899909	0.926086307	1.10753214	1.29558969	1.46045220	1.60267174	1.72583199	1.85205173	1.97311032	2.08929324	2.14387918	2.06117082	1.99606681	1.94760644	1.94412887	1.99887681	2.05508804	2.11282635	2.14702344	2.15862274	2.16445875	2.16116858	2.13504839	2.10659266	2.07823396
73.0000000	1.97743762	2.02102494	2.08824921	2.15632820	2.21869230	2.26316309	2.30743170	2.35138607	2.41678786	2.48576975	2.55378866	2.65909743	2.81710625	2.97405529	3.13017917	3.08563995	3.03675127	2.98476362	2.94615507	2.92262340	2.90195131	2.88757491	2.91261697	2.93670559	2.96278286	2.95551229	2.91640878	2.87322116	2.82550979	2.81271243	2.80996990	2.81608844	2.78546762	2.68703628	2.58252621	2.47183537	2.34129715	2.19882441	2.07003951	1.96231949	1.96685505	2.03609228	2.09930825	2.18659616	2.28443408	2.38776541	2.49097610	2.55245829	2.55684733	2.41365552	2.27362323	2.13105536	2.01463199	1.89786303	1.68168533	1.46905565	1.34144056	1.24986017	1.14715660	1.05876136	0.991106629	0.959369004	0.963159144	0.959748447	0.949470460	0.941367567	0.936237574	0.932350993	0.926822126	0.911532283	0.893161416	0.873013616	0.873803496	0.881240368	0.888344646	0.895615876	0.903988838	0.912780702	0.922076643	0.921422839	0.919914484	0.918219626	0.911312640	0.898254693	0.884364545	0.870156705	0.872952402	0.876589239	0.881461442	0.885003090	0.888668597	0.894413531	0.889143825	0.840234995	0.788822651	0.734799623	0.683668137	0.637411654	0.593606889	0.553718150	0.539712667	0.527640522	0.517613053	0.509432375	0.500065923	0.489954978	0.479027539	0.463372588	0.446944326	0.432149798	0.418896735	0.411125064	0.406531423	0.400834084	0.393805414	0.392860770	0.393823415	0.396116674	0.405021608	0.417986631	0.411763668	0.414963365	0.418957204	0.430745780	0.435031205	0.428743422	0.414357811	0.399963588	0.400799513	0.408796549	0.422457844	0.434915990	0.441527039	0.438652784	0.437272549	0.435548186	0.434097350	0.434017450	0.433167100	0.431616217	0.430087686	0.428399295	0.424679756	0.419063747	0.419124246	0.428904712	0.437221408	0.444061428	0.447330266	0.449499547	0.451103747	0.451668233	0.449929416	0.447980374	0.445791572	0.441506118	0.436813891	0.432013661	0.428179711	0.426828235	0.425288886	0.423496813	0.423350632	0.423735112	0.424470216	0.425883621	0.428460479	0.431111544	0.433679760	0.437763602	0.441861838	0.445904642	0.450925946	0.457034409	0.462817460	0.468359977	0.471075118	0.473617405	0.476105005	0.475934386	0.473995447	0.472034842	0.470289588	0.471891582	0.473179668	0.473965168	0.471630931	0.467083424	0.461990148	0.456469923	0.452861249	0.448770225	0.445447415	0.444543839	0.446681529	0.447469920	0.446816176	0.445266724	0.442775488	0.441979915	0.442910165	0.442133248	0.439601034	0.436406404	0.432465851	0.429971069	0.428408653	0.426355928	0.423956871	0.421649992	0.420362651	0.419117749	0.417281747	0.414966971	0.415815115	0.416384637	0.416359454	0.415681899	0.414136797	0.413287163	0.411476403	0.408564746	0.404594660	0.399606496	0.392731190	0.386624902	0.381775707	0.378211677	0.376526892	0.375560641	0.374524564	0.374040008	0.380632371	0.391034156	0.403211504	0.417011052	0.414148301	0.402959526	0.390061468	0.377930194	0.372342974	0.368731439	0.366957337	0.372502089	0.384893984	0.400466859	0.410272539	0.401902586	0.395624876	0.391317844	0.390451699	0.388166398	0.383768648	0.378013700	0.372899532	0.367579460	0.362170786	0.357666433	0.352534294	0.347464114	0.346373260	0.347598016	0.348792493	0.348394305	0.344538718	0.340715468	0.336743981	0.338114172	0.339466304	0.340774566	0.337687910	0.332072616	0.326152772	0.319849938	0.313470721	0.306923032	0.300702244	0.303435355	0.306963384	0.317170084	0.322557837	0.323971927	0.323898464	0.327712297	0.340963900	0.351035297	0.357851505	0.360358566	0.362581939	0.364894539	0.368218809	0.369912922	0.371432900	0.373298407	0.379784167	0.387221068	0.395312399	0.407779187	0.426868588	0.444677770	0.454089612	0.432905048	0.412282050	0.403568655	0.407067090	0.429824889	0.455524564	0.480238557	0.495235473	0.509965181	0.508971632	0.491861492	0.457832158	0.425530791	0.398046970	0.373831183	0.352751076	0.337089628	0.331346154	0.322819173	0.310391992	0.292938471	0.262815118	0.254965663	0.252326876	0.254682720	0.266428798	0.298229784	0.325563848	0.343961269	0.353483289	0.375530362	0.486652315	0.637390792	0.824561298	1.04491007	1.26871634	1.48808873	1.74262750	1.95825529	2.08599329	2.18561268	2.25802445	2.27919745	2.23283362	2.12685609	2.03207898	2.03161979	2.04729772	2.06455541	2.08440232	2.10273480	2.11084557	2.10954714	2.09360027	2.07526541	2.05398726	2.03016973	2.00806189	1.99073374
72.0000000	2.08416820	2.14345169	2.23259258	2.32096958	2.40835381	2.43018436	2.44824624	2.46368361	2.50053048	2.54424238	2.58793116	2.70810628	2.90026665	3.09145522	3.22520971	3.20820546	3.18922091	3.16833019	3.16609359	3.15448689	3.13225484	3.13485146	3.15673041	3.18900895	3.18761444	3.13610768	3.07600927	3.01646948	2.93540406	2.87195325	2.82722640	2.79314423	2.75833726	2.70729566	2.63714314	2.53284216	2.40021157	2.23791409	2.15782690	2.22092128	2.28841114	2.36049914	2.40405703	2.44781923	2.50620127	2.58231807	2.54557347	2.46790361	2.37373543	2.26073503	2.15734458	2.04729915	1.89414287	1.72363245	1.54873228	1.38302493	1.27808356	1.16847789	1.06743312	1.06231320	1.07732797	1.08184099	1.07170773	1.04147422	1.00920093	0.975043416	0.962578118	0.951970994	0.940251648	0.918312490	0.888704598	0.859596491	0.839552402	0.841445982	0.842934966	0.844467163	0.856305361	0.867660522	0.878915548	0.896241665	0.915512443	0.934968948	0.950140059	0.960597456	0.969745696	0.971883297	0.960670114	0.947825313	0.931483448	0.895208418	0.868011117	0.849401295	0.805386245	0.755357027	0.707497180	0.667357862	0.634165168	0.600439668	0.569192410	0.565330327	0.559837461	0.552525103	0.549771845	0.545399308	0.535988867	0.523824453	0.500419438	0.479380339	0.460472435	0.443215460	0.428044319	0.413385123	0.402050883	0.403800458	0.406816572	0.410081059	0.415113121	0.428513765	0.438899040	0.447644889	0.453474700	0.447025657	0.441253424	0.437168866	0.459822953	0.445548236	0.431304485	0.422949582	0.416895837	0.413346976	0.411427438	0.424514174	0.437401444	0.449071199	0.462996721	0.461013824	0.457765937	0.453377515	0.452936858	0.452746779	0.450011551	0.445036322	0.443361580	0.445624560	0.448985517	0.452464551	0.455701679	0.457243949	0.457210064	0.458136022	0.459298760	0.460564554	0.458948135	0.454214841	0.449404478	0.444347978	0.439997762	0.435669154	0.431245476	0.429384232	0.428378403	0.427579910	0.428260297	0.430209339	0.432072014	0.433615685	0.434756875	0.435847700	0.437273234	0.444690019	0.451932490	0.458920091	0.468201607	0.477611989	0.486497462	0.494372189	0.500862241	0.506119013	0.508970141	0.507617295	0.504275024	0.498744011	0.494982749	0.492040068	0.495821506	0.501425266	0.506291032	0.508467615	0.507587790	0.504473031	0.500034153	0.494408190	0.495508313	0.499948531	0.502819180	0.504335523	0.505562365	0.505247056	0.503520489	0.502663672	0.500106931	0.493862391	0.483939350	0.466430396	0.449124485	0.443192363	0.437912643	0.443157822	0.442583293	0.433933914	0.432799876	0.441702724	0.450911522	0.453022569	0.452885747	0.456855148	0.463937759	0.464189768	0.459076315	0.457755089	0.451080024	0.440125912	0.427140713	0.419836998	0.412358403	0.404519767	0.395575196	0.392314285	0.390900999	0.391217709	0.392405778	0.397124618	0.402387112	0.408134192	0.412756592	0.412132323	0.405757427	0.396077037	0.385621935	0.376287133	0.367893398	0.373163790	0.382813185	0.393163919	0.404583126	0.414108038	0.417951375	0.417564720	0.409739047	0.401430964	0.392747045	0.383406490	0.375720501	0.370069921	0.366529703	0.364266694	0.362822413	0.361408323	0.359461427	0.357505172	0.355927646	0.356075257	0.356398553	0.356533915	0.352835983	0.349189222	0.345522225	0.344422817	0.343543023	0.342539996	0.343538642	0.345311999	0.347345293	0.345882952	0.341595352	0.336396962	0.329333782	0.320523828	0.311575681	0.304914236	0.298946857	0.293388456	0.289657474	0.300081611	0.312500864	0.326893657	0.336321384	0.344601333	0.352795660	0.371591985	0.398527205	0.421975464	0.429916322	0.423192233	0.418218493	0.415115297	0.424332738	0.440436244	0.462617308	0.494294435	0.516893029	0.521187842	0.506468177	0.490696549	0.472855657	0.451028138	0.476511806	0.536984622	0.590663493	0.637267709	0.678401291	0.713270903	0.704059958	0.678870678	0.616635323	0.549390256	0.505093634	0.487451494	0.472225726	0.453763455	0.436457515	0.411726266	0.377215922	0.346620232	0.339318007	0.355635315	0.385632008	0.410868675	0.426314145	0.440103590	0.465761542	0.506882906	0.580269575	0.724752069	1.03573215	1.38612592	1.77532136	2.14661813	2.38099694	2.56591225	2.71095991	2.69260478	2.56394076	2.38827515	2.18571568	2.15506029	2.13134766	2.11440611	2.11631775	2.12391210	2.12744093	2.12496996	2.11267948	2.09924793	2.08251476	2.05022526	2.01935887	1.99202263	1.99899948	2.03904295
71.0000000	2.27018666	2.36087918	2.45448422	2.54746866	2.63888431	2.64809656	2.62122846	2.59167314	2.55407095	2.51110196	2.46731973	2.56982398	2.78746414	3.00581360	3.18643403	3.32059550	3.44309378	3.48452592	3.42864680	3.38232446	3.33128595	3.25752187	3.20179319	3.13421559	2.95077586	2.82060432	2.74905419	2.72454834	2.62535667	2.53996706	2.56856990	2.60047507	2.60171199	2.57225990	2.54249430	2.51511765	2.48303032	2.46547222	2.45197153	2.43976188	2.43062496	2.43999219	2.47412729	2.53078055	2.48277164	2.43224144	2.38046765	2.32451272	2.25622869	2.19187593	2.12978745	2.05101013	1.96954787	1.87804234	1.68507504	1.48648608	1.28249645	1.22542417	1.23016036	1.25055134	1.23865712	1.19643414	1.14943171	1.10443032	1.07631004	1.05148590	1.02876413	0.997907758	0.962998569	0.924514532	0.900969148	0.878337383	0.856244087	0.852049410	0.850839078	0.849576950	0.850459695	0.851767957	0.852858722	0.862717688	0.876568258	0.890316010	0.924254596	0.970392227	1.01593733	1.04736817	1.06480515	1.07811153	1.02067494	0.883932531	0.746815681	0.650045514	0.618092597	0.584825039	0.551990151	0.525599301	0.499068707	0.473326534	0.473358244	0.476801991	0.483792454	0.498724550	0.514901519	0.516954243	0.508454621	0.490531683	0.471985906	0.452867031	0.432568073	0.410389215	0.388409078	0.385461360	0.389223367	0.393425286	0.400290489	0.421463519	0.441432685	0.459416151	0.468861848	0.467872560	0.465172529	0.459998608	0.459916562	0.470423520	0.487869114	0.512585998	0.504306734	0.456132263	0.451000810	0.432067662	0.411276966	0.394525409	0.382067978	0.403453410	0.427444577	0.448421776	0.464075983	0.469031751	0.469502658	0.464788795	0.459621370	0.461381793	0.466083378	0.472194046	0.476131707	0.482673585	0.491317213	0.492579311	0.493884027	0.495725721	0.491900414	0.484765172	0.475801200	0.466607511	0.456739157	0.445825398	0.438152373	0.434914559	0.432056189	0.432109386	0.436484873	0.441054702	0.446387738	0.452519953	0.458627760	0.462965012	0.462741852	0.462275267	0.462029755	0.464828402	0.467843741	0.472245842	0.486874074	0.501188397	0.515081525	0.530678868	0.545672953	0.559668243	0.563967407	0.568523526	0.574536264	0.581461906	0.584740102	0.583722770	0.579233527	0.574528277	0.571498513	0.572788835	0.577879250	0.579877973	0.579128385	0.584732890	0.589318573	0.593575954	0.594594002	0.594424069	0.594035268	0.589101791	0.573373497	0.563818336	0.559185863	0.550751805	0.542688489	0.539006412	0.523208857	0.515160739	0.518062294	0.531959057	0.553645432	0.545631886	0.541972816	0.545449674	0.554190457	0.557164133	0.559869826	0.566982687	0.578486145	0.532294512	0.494880527	0.478898615	0.484599620	0.493642062	0.475639194	0.459424078	0.445215613	0.433524966	0.425318390	0.419974566	0.413801998	0.420102030	0.426398396	0.431576639	0.434550911	0.437747031	0.440113664	0.441661000	0.434140503	0.426313460	0.423650920	0.423000723	0.424311817	0.426593542	0.429950148	0.430033684	0.425002337	0.415492564	0.401535332	0.386711270	0.371851921	0.363615125	0.355550379	0.347587913	0.350412458	0.354821742	0.360347033	0.364381194	0.368625611	0.373433053	0.370835274	0.366982549	0.363397688	0.365249485	0.368146062	0.371076465	0.370963454	0.370333433	0.369717121	0.367576510	0.365032107	0.362476110	0.358190656	0.353691369	0.348999858	0.353926808	0.360653728	0.367536277	0.367949516	0.366668642	0.363921136	0.356544733	0.348088324	0.338859379	0.333254874	0.329461187	0.326432168	0.321203530	0.316607773	0.314611912	0.325846076	0.346024841	0.367327452	0.395310968	0.420946598	0.440058947	0.451147676	0.453827500	0.452444434	0.447363377	0.457787544	0.490362525	0.529681683	0.574632764	0.620680332	0.667177916	0.711612046	0.705064297	0.699386418	0.710701168	0.714974403	0.735551298	0.777883649	0.814931214	0.794697821	0.755123794	0.696494877	0.623810828	0.568627894	0.532113850	0.514637291	0.505262852	0.459682554	0.412786841	0.368971914	0.332822144	0.344895095	0.374788076	0.410459071	0.452045500	0.495329797	0.531424105	0.564532518	0.594380140	0.718349040	1.02409053	1.38715410	1.78928268	2.22233605	2.60364676	2.90614438	2.99637151	2.96064472	2.86829019	2.71628189	2.52037716	2.34524608	2.19847822	2.17271376	2.17976832	2.18955398	2.19867826	2.20561194	2.21317768	2.20868707	2.16701555	2.12759995	2.09272957	2.09476447	2.09739161	2.10056543	2.18105483
70.0000000	2.50322390	2.60144949	2.68885064	2.75777149	2.82032275	2.81591058	2.72604513	2.63657880	2.58276725	2.56661224	2.55062604	2.72217011	3.03325486	3.33799791	3.55366588	3.72575521	3.90372634	3.81521082	3.64117384	3.47009683	3.13591099	2.78764057	2.48651290	2.20494390	1.91343009	1.61276102	1.47383213	1.36069548	1.22897303	1.28259647	1.49527788	1.72501779	1.98802090	2.20640540	2.35495830	2.43615746	2.42213988	2.40356588	2.38012695	2.35864592	2.34319162	2.32577896	2.28668666	2.26978922	2.27218819	2.21493959	2.13870239	2.09771657	2.00205803	1.95422196	1.94242978	1.96364093	1.87411904	1.78323829	1.70285761	1.56030345	1.43775940	1.35950398	1.34338963	1.32261264	1.29064465	1.23554444	1.16329253	1.09542024	1.04624856	1.01801085	0.990780532	0.966489792	0.948570490	0.934837937	0.917700410	0.899303019	0.884067118	0.877825439	0.878780186	0.879963160	0.879871011	0.878917694	0.877969444	0.888347566	0.905209899	0.921599269	0.960672259	1.00955021	1.05853033	1.12079513	1.18552244	1.24865341	1.15143263	1.01317322	0.862216651	0.749676943	0.651841938	0.560771286	0.499037772	0.444533765	0.394934416	0.370699912	0.352334142	0.337453932	0.345660508	0.358167589	0.374430239	0.397680491	0.415354341	0.424689144	0.424220413	0.416591287	0.403128743	0.389697850	0.386993527	0.384989768	0.383417934	0.394808412	0.408743292	0.426850557	0.442815840	0.453242898	0.462188154	0.469710708	0.469566017	0.467784733	0.469126076	0.474256843	0.486463696	0.492352545	0.483048707	0.452706456	0.393917769	0.404909253	0.349211514	0.319643289	0.335661083	0.359499604	0.386135280	0.411119252	0.429717571	0.441422611	0.436336547	0.420655698	0.408419311	0.410764337	0.432672501	0.458248287	0.484904855	0.496807903	0.508771479	0.520611823	0.524383247	0.526207685	0.526050031	0.512552857	0.499896020	0.488255769	0.478432804	0.469038934	0.460377336	0.462620914	0.463361740	0.462493449	0.460424870	0.458637834	0.457787514	0.461171538	0.464461207	0.469656736	0.481971562	0.494092017	0.505699158	0.516631007	0.527817607	0.539635658	0.552043378	0.564961672	0.569926798	0.569267988	0.570913196	0.579567611	0.591729820	0.600728393	0.617484272	0.642295420	0.661865056	0.669849098	0.665723562	0.661689341	0.663482130	0.670207679	0.676271498	0.682329595	0.691036582	0.702206671	0.710332572	0.674994230	0.652969420	0.644745588	0.634831905	0.613547266	0.584237516	0.560936868	0.541702092	0.525343716	0.512209415	0.506643891	0.506257951	0.510980427	0.515990913	0.511852324	0.509218574	0.521101475	0.549759567	0.577365816	0.593333304	0.598793805	0.586136878	0.561053514	0.523721516	0.473243773	0.441463679	0.431647211	0.446296304	0.468098670	0.483361214	0.489186019	0.481554002	0.479738891	0.485939503	0.486905783	0.476950318	0.473702371	0.477226079	0.477604091	0.474009126	0.475116462	0.485478729	0.499352396	0.514218986	0.521018624	0.512500346	0.494029433	0.479589105	0.472308457	0.461684138	0.447749287	0.431582391	0.415543675	0.398802251	0.381638139	0.366604567	0.354931951	0.349861681	0.344872087	0.342461526	0.348665774	0.354378223	0.359236121	0.363217682	0.367146701	0.369619936	0.371105999	0.372756273	0.375726223	0.379888594	0.383902550	0.387979180	0.392198384	0.396359980	0.394839376	0.391665578	0.388342083	0.381774962	0.374682248	0.367620528	0.370029598	0.372523665	0.375222266	0.377460033	0.379742384	0.381964356	0.382967323	0.382821143	0.379700631	0.373222828	0.366981864	0.364451766	0.362744659	0.355726808	0.350143939	0.351748079	0.355485588	0.378621340	0.419085383	0.456173241	0.479290336	0.490365356	0.502473593	0.510316551	0.505743861	0.499520183	0.503627777	0.524006605	0.550207376	0.583530486	0.693277180	0.794405520	0.858946323	0.792928874	0.707371950	0.651473999	0.641300380	0.677994490	0.712327659	0.744594514	0.756300271	0.715145051	0.639499664	0.559009373	0.484568655	0.424420536	0.401524574	0.377274245	0.357539028	0.337871552	0.324085653	0.375395060	0.548804820	0.695679784	0.781338990	0.807868004	0.900825083	0.994689345	1.18407965	1.38851285	1.63623452	2.10799646	2.63543677	3.17596173	3.59937811	3.63309622	3.42325401	3.20476818	2.96437407	2.70629692	2.43128729	2.30121064	2.27618122	2.26478243	2.27851558	2.30209923	2.32246947	2.33296990	2.33041096	2.31936765	2.30874348	2.29460955	2.28915930	2.29799294	2.32331681	2.34988642	2.40254998
69.0000000	2.71240544	2.80182981	2.89318275	2.93705010	2.97771502	3.00585222	2.96016192	2.91698623	2.93026972	3.05437326	3.17813396	3.42816496	3.78133774	4.13214397	4.17915487	4.13484335	4.10516500	3.63974690	3.15867662	2.68315268	2.21894860	1.75814545	1.42060304	1.31897521	1.18620718	1.08088779	1.02592075	0.960722685	0.958827615	0.991097271	1.00780714	1.10424244	1.28367710	1.49648249	1.60699904	1.63681626	1.62728286	1.78067315	1.95824087	2.10125875	2.13767719	2.06154943	1.98007059	1.92807806	1.85068083	1.75897288	1.77612770	1.70489097	1.63709140	1.56277156	1.53454685	1.50905967	1.47723699	1.44670236	1.41308129	1.38597834	1.35014832	1.30942154	1.27826858	1.24567771	1.21843374	1.20729816	1.17948890	1.12561846	1.06410587	1.01064968	0.956529379	0.895284712	0.875689864	0.867210507	0.855760276	0.864174247	0.877164483	0.891629279	0.897762239	0.905028582	0.911428511	0.915421009	0.919401109	0.936572373	0.963417530	0.990141869	1.02932930	1.07152128	1.11307609	1.19221997	1.27179646	1.33186603	1.30399346	1.27230835	1.18576872	0.999709904	0.820000768	0.665493131	0.535685718	0.417008162	0.353831053	0.315619916	0.277692497	0.268073261	0.268977612	0.272147059	0.298038244	0.326057762	0.353211850	0.377351999	0.395803422	0.408293992	0.410042167	0.403747976	0.397897929	0.398074329	0.402573586	0.407988012	0.414391667	0.422651529	0.431699753	0.441483110	0.450943172	0.459223181	0.463187516	0.461926788	0.459089279	0.457430422	0.467417538	0.464437425	0.435641080	0.381568342	0.319444567	0.292582095	0.278570890	0.262750298	0.272010952	0.288735837	0.310487002	0.329095423	0.342272907	0.349442631	0.354294002	0.357485741	0.365671486	0.378963351	0.397615671	0.424930334	0.449796230	0.477600455	0.506683469	0.535928488	0.558570266	0.552262366	0.543146431	0.533675492	0.529129446	0.525995255	0.525756240	0.524772048	0.522767544	0.514807224	0.504285097	0.493453443	0.489816725	0.486201584	0.481884480	0.482924908	0.483889014	0.488065690	0.502011359	0.515778482	0.524550974	0.528035760	0.531655133	0.533442199	0.536169589	0.541605592	0.537218630	0.526980937	0.517416477	0.557018638	0.593719184	0.636461318	0.715636730	0.783205867	0.828486681	0.841649055	0.851515174	0.845609009	0.819929481	0.800345540	0.788810432	0.783497453	0.781021416	0.776015282	0.758299649	0.733446002	0.712775588	0.711172819	0.691381454	0.653585732	0.628258288	0.604693413	0.569350779	0.557102859	0.530594707	0.523702085	0.519122899	0.509345233	0.493000567	0.477764636	0.481299132	0.490218461	0.504529953	0.514311850	0.520632029	0.530092120	0.542497635	0.532029569	0.488877833	0.450651616	0.417535186	0.428768665	0.461570412	0.489574045	0.511784613	0.509145081	0.499518722	0.491533905	0.491632551	0.492677987	0.500850022	0.512792647	0.517509401	0.514083564	0.506653905	0.517033398	0.525638163	0.534417808	0.540192246	0.548040271	0.557565808	0.532324076	0.502274156	0.478353590	0.457716256	0.439650714	0.423466563	0.406378806	0.389741033	0.392322928	0.398581892	0.401176810	0.400089592	0.395058960	0.386499584	0.383809716	0.387180001	0.389255017	0.390638888	0.391467601	0.391486347	0.397952616	0.403346151	0.407278091	0.410774380	0.413812816	0.418366790	0.424921662	0.431216657	0.432075590	0.430601060	0.428829849	0.421493739	0.414211661	0.408219844	0.405684739	0.403180569	0.403097063	0.405309588	0.406847537	0.409707367	0.412623376	0.415206730	0.417972952	0.418610156	0.416905910	0.416422784	0.419976741	0.426838338	0.431436986	0.433627933	0.428201973	0.418921202	0.421735704	0.452498406	0.490027696	0.517761350	0.534900963	0.548866808	0.560110331	0.556829333	0.551039040	0.548608303	0.589371860	0.658126056	0.738541424	0.825513899	0.833756387	0.760780752	0.611599684	0.500410080	0.503596067	0.523557365	0.602729917	0.699826300	0.768895209	0.725695133	0.642513633	0.554168165	0.465928584	0.425999552	0.383527428	0.338419437	0.359414607	0.542843938	0.753815472	0.992470324	1.29080093	1.58355141	1.82530522	2.01621532	2.06564927	2.03842878	2.06683040	2.21784902	2.58666420	2.81103039	2.91607547	3.17005634	3.43372107	3.69371581	3.59559608	3.31617451	3.00855827	2.73642850	2.54791808	2.39957356	2.31768942	2.30637074	2.29648328	2.29174685	2.29887152	2.31474972	2.33210683	2.34888172	2.37275004	2.39746618	2.42286992	2.45395875	2.50025487	2.55939317	2.62545466
68.0000000	2.83023047	2.94191122	3.05456567	3.13054562	3.17624116	3.22426748	3.27377248	3.33184695	3.41352057	3.58044624	3.74247026	3.94205618	4.18261003	4.42213202	4.33494186	4.17243719	3.91725087	3.17501354	2.46436501	1.94475889	1.58614767	1.19405591	1.08160841	1.05827844	1.03950441	1.04322374	1.03630531	1.03676534	1.08056378	1.12966919	1.17875516	1.24082637	1.32549262	1.34817779	1.35536683	1.36790574	1.36511934	1.33799255	1.39101052	1.43328524	1.46112335	1.47613883	1.46791220	1.33682108	1.30073333	1.33614779	1.42221022	1.49234474	1.52140951	1.46109092	1.39751709	1.34046793	1.29949915	1.30328000	1.32843602	1.36520493	1.39739180	1.39348805	1.32634223	1.24080408	1.22799170	1.26976395	1.31263697	1.24940872	1.14834023	1.04116893	0.929188073	0.808202147	0.714189649	0.712137640	0.720364332	0.751732528	0.799766600	0.846499681	0.866919577	0.883651614	0.897953033	0.902553141	0.907468557	0.929500580	0.966631711	1.00405729	1.05295682	1.10395229	1.16027641	1.23915827	1.31901979	1.36422646	1.37462187	1.38379979	1.32044184	1.21907520	1.09621727	0.906731248	0.719251931	0.560741782	0.458277106	0.368123025	0.318639606	0.294905543	0.276589453	0.285623282	0.304229528	0.322737843	0.350280017	0.376473576	0.400203347	0.405632883	0.411899745	0.415298134	0.413377196	0.414282233	0.417961389	0.419367611	0.419875920	0.422089934	0.426628828	0.433020234	0.441360742	0.449857473	0.454002470	0.453556061	0.449354857	0.451177210	0.456908375	0.466056734	0.447068185	0.379350007	0.317273766	0.264363110	0.242088497	0.243774727	0.242090628	0.259817034	0.274078786	0.276055902	0.284484237	0.299560338	0.305112213	0.306052566	0.307709277	0.335131884	0.371275932	0.413385838	0.454426557	0.496390343	0.535959423	0.563682973	0.590412199	0.604876995	0.609436810	0.615325749	0.613763988	0.607217014	0.599012673	0.593251944	0.587643862	0.581911206	0.576025903	0.570252180	0.552679956	0.528060973	0.502799809	0.492491454	0.482578546	0.483562082	0.507126927	0.530156910	0.569013834	0.611859620	0.646927893	0.629394531	0.606304109	0.585517645	0.581420183	0.580448151	0.602678895	0.631243467	0.672239542	0.778585672	0.892557383	0.995939255	1.04053688	1.07158256	1.07139599	1.02492011	0.989408910	0.947890103	0.902960598	0.869607329	0.860958755	0.864027321	0.863294423	0.891300261	0.933894038	0.965681314	1.01001954	1.10215795	1.10394943	1.05566621	0.988360524	0.910954714	0.869821191	0.885263801	0.846372247	0.754152417	0.657078445	0.658693433	0.631103754	0.582886815	0.539555788	0.546791017	0.525441587	0.488320589	0.468661726	0.463477701	0.447300017	0.449889123	0.464814007	0.485132396	0.520118654	0.561479747	0.572775841	0.563220084	0.536440313	0.537563503	0.544761360	0.555248201	0.568699956	0.583345413	0.583976865	0.567336977	0.542496979	0.512669563	0.513056874	0.517867148	0.504934549	0.488434315	0.472320706	0.451281577	0.442247778	0.441327572	0.445214897	0.454937041	0.473882377	0.499510080	0.513790548	0.526332259	0.525857806	0.510256767	0.494471490	0.480556101	0.469310403	0.460011572	0.462775677	0.465889692	0.470005214	0.479151398	0.488478243	0.486779749	0.476763099	0.465961695	0.467069030	0.469315469	0.473628253	0.482232213	0.490299076	0.490929812	0.487754643	0.484014958	0.464366168	0.444607198	0.431027263	0.427037030	0.422970444	0.427751273	0.435543865	0.443140537	0.448599637	0.453367472	0.453397661	0.449185699	0.446757823	0.452495486	0.456068903	0.454710245	0.458135277	0.462689281	0.458959699	0.436289757	0.418561935	0.408941269	0.420102715	0.452053428	0.508466184	0.563263178	0.612151921	0.607247233	0.599831223	0.595255613	0.676239133	0.743255258	0.803939044	0.945010781	1.06004882	1.13500583	0.915228724	0.657298803	0.457956672	0.428924173	0.424712151	0.438300729	0.493305087	0.557805657	0.593022227	0.604881287	0.596927524	0.535215616	0.479822397	0.688775063	0.775975704	0.919483900	1.20770991	1.75773442	2.31176019	2.74476075	3.24028420	3.56332326	3.64300418	3.47097588	3.08122778	3.04317522	3.10478020	3.11116099	3.14956284	3.33672118	3.56308198	3.81264615	3.90734935	3.67743754	3.32475615	2.96654487	2.67899132	2.47125888	2.34704590	2.24047351	2.17670774	2.16754055	2.15719843	2.16001582	2.19092560	2.23939300	2.28932858	2.34141827	2.39449096	2.43961358	2.48247886	2.52608562	2.62442732	2.72838306
67.0000000	2.74548388	2.85726523	2.97376084	3.08669734	3.17239189	3.26500440	3.39674735	3.56217337	3.73232269	3.94843102	4.16882229	4.30041027	4.29575682	4.28684807	4.09077692	3.86662197	3.46428370	2.60753608	1.74743927	1.43766427	1.32650995	1.21387756	1.18034995	1.14239168	1.14300859	1.17500687	1.20472062	1.21567822	1.23550487	1.24010360	1.21054471	1.19628429	1.21328139	1.25271797	1.30079877	1.36953783	1.43210864	1.47720540	1.46289325	1.40183640	1.29564154	1.18361294	1.25341916	1.26220894	1.29403067	1.32859433	1.36723328	1.41826892	1.45458794	1.47493291	1.43606234	1.39103997	1.34922528	1.38637793	1.43142903	1.47269154	1.45594668	1.42579365	1.37456214	1.31797016	1.26595080	1.25926912	1.25296628	1.22054112	1.09143865	0.969386458	0.870406508	0.808245361	0.759954989	0.752660632	0.753888249	0.762199223	0.798867345	0.834430337	0.856901526	0.871722043	0.886008918	0.898395121	0.910799205	0.931124210	0.958922684	0.986757874	1.02662778	1.06854475	1.12281048	1.19599271	1.27013111	1.30837035	1.33574820	1.34665644	1.30882466	1.26498306	1.16709626	1.03146839	0.884929657	0.748692036	0.612298787	0.500753522	0.437440336	0.380160004	0.356585056	0.357834935	0.361427724	0.384271175	0.408143520	0.428305715	0.430995584	0.433729470	0.434118241	0.425693542	0.418739736	0.415995121	0.416252911	0.417980909	0.418573469	0.419043571	0.420888245	0.423357099	0.428830564	0.437389195	0.448086947	0.455555499	0.453745425	0.450120211	0.447031438	0.451437831	0.427716732	0.371823132	0.309065074	0.256003201	0.231163219	0.224329680	0.218327031	0.219006717	0.223355532	0.242194325	0.254734576	0.260784000	0.260906398	0.266835600	0.281557471	0.299547374	0.341238946	0.379982173	0.414609849	0.454203367	0.497674793	0.534669816	0.565832853	0.605990887	0.635997534	0.662192583	0.679039896	0.672544122	0.667731583	0.657193661	0.640880644	0.623309016	0.614791453	0.605738878	0.589993179	0.568154871	0.546307921	0.512700498	0.478576809	0.481434464	0.539049625	0.594537854	0.730347872	0.874213159	0.982642949	1.01046085	1.02599573	1.00406945	0.962461412	0.922553241	0.988457799	1.05556381	1.13807523	1.24513197	1.34746480	1.36500335	1.37665808	1.38629436	1.29943728	1.22430027	1.17937505	1.14740777	1.09883809	1.04257441	0.997538388	0.964515626	0.919975698	0.926409543	0.974582613	1.01844287	1.07311463	1.12594116	1.15420818	1.23580801	1.36699486	1.47227180	1.42154920	1.38269532	1.32944322	1.30179167	1.22747540	1.05267382	0.922983110	0.859205425	0.789932191	0.694126785	0.604502618	0.526415110	0.498659790	0.459402502	0.408618003	0.414818645	0.473186880	0.527554750	0.577251375	0.624368846	0.656343400	0.668142736	0.640651703	0.628557086	0.642065704	0.674911380	0.701377213	0.720622838	0.693339109	0.674857438	0.665409565	0.645135880	0.619359136	0.581108332	0.541910112	0.499007553	0.462714493	0.439649969	0.415573925	0.425560325	0.449634194	0.471491992	0.502273440	0.533488333	0.559344232	0.566384375	0.564017057	0.552427173	0.536904693	0.525597155	0.524656117	0.526898205	0.531883478	0.538725615	0.546155274	0.548185647	0.547096312	0.539994955	0.522045374	0.505163491	0.504580319	0.511098444	0.516250849	0.515716612	0.515045524	0.506893694	0.494190007	0.481823981	0.468830884	0.455157340	0.445499986	0.439868897	0.434550971	0.440553635	0.446494997	0.455517352	0.468149751	0.479872108	0.478085011	0.474048674	0.473695189	0.483302146	0.495686829	0.510907710	0.522185087	0.526656985	0.517926991	0.505397499	0.486696959	0.460565329	0.427804559	0.428616703	0.448651433	0.492701799	0.674839437	0.806581438	0.858527958	0.877144277	0.925853789	1.06060243	1.24636674	1.40354002	1.41370130	1.27357769	1.03830850	0.841742694	0.685628653	0.538356960	0.440571606	0.403935134	0.447144479	0.480996668	0.492875308	0.489011735	0.722059965	1.31462717	1.87081993	2.27876329	2.50006175	2.61883211	2.63506103	3.12287855	4.15439224	5.58864307	6.97543240	6.20744133	5.46833897	4.90350819	4.55314541	4.31227779	4.16518784	4.16688299	4.22187757	4.14284039	4.05108023	3.83232284	3.46110606	3.10291719	2.82256556	2.53138518	2.32702565	2.19010806	2.14085364	2.22152829	2.21476173	2.14252782	2.15271711	2.16090798	2.17994332	2.21326995	2.24428368	2.28387094	2.32734895	2.37005353	2.41347337	2.45982695	2.53112531	2.64043784
66.0000000	2.65937901	2.76496863	2.91374660	3.06730509	3.26179433	3.48395109	3.70860767	3.90207911	4.09125042	4.23522806	4.35808659	4.43838549	4.41937876	4.39448547	3.74826956	2.99479342	2.35420465	1.87754679	1.39133382	1.32232761	1.28510118	1.28744924	1.33156002	1.36325526	1.36746573	1.37960780	1.38562977	1.37511504	1.36188066	1.31458616	1.26225221	1.21650398	1.18425667	1.15602481	1.16435230	1.19501781	1.26934636	1.33749938	1.42513120	1.49015450	1.31330585	1.31157708	1.34283590	1.37467146	1.38665950	1.40918612	1.45340073	1.49216831	1.50405836	1.47143233	1.41853249	1.36795962	1.34739792	1.34851313	1.40427351	1.47815001	1.54325366	1.51647413	1.49084711	1.43626893	1.31635511	1.16087544	1.06724656	0.993312001	0.930691481	0.882728636	0.853361249	0.833831310	0.817927897	0.811934650	0.814899564	0.815316498	0.842474878	0.873278618	0.898905635	0.917815745	0.936941028	0.960983992	0.984664083	1.00602651	1.02483582	1.04259241	1.04685557	1.05213106	1.09206712	1.15834677	1.22314024	1.27421427	1.32371640	1.31394684	1.26904094	1.22464085	1.15209079	1.07133412	0.982852638	0.883202314	0.771029234	0.670845687	0.575344086	0.508151591	0.472783685	0.446681499	0.457040846	0.472572714	0.484380007	0.484107107	0.487489700	0.480543107	0.464631140	0.448346198	0.438957363	0.431289375	0.426952034	0.420499414	0.415376604	0.411037892	0.404090643	0.401744902	0.404596090	0.416758358	0.429992646	0.440469384	0.438626140	0.431004941	0.417491257	0.422185689	0.410618871	0.377182811	0.327824622	0.282085210	0.245580465	0.218116805	0.228887290	0.241168350	0.252619207	0.266388446	0.273124814	0.275145859	0.272037596	0.280249208	0.289816558	0.287855268	0.283323586	0.303757191	0.320156664	0.348990470	0.410010487	0.481100380	0.555500865	0.629144669	0.685494006	0.707672179	0.729509771	0.734011948	0.735019207	0.722028255	0.682004988	0.639811337	0.604838908	0.570714474	0.549033165	0.545660615	0.542456686	0.572915494	0.602775395	0.681440413	0.807145238	0.928462267	1.10655081	1.28128815	1.40003991	1.47322452	1.53648067	1.53825915	1.53291297	1.53397226	1.55946887	1.61295772	1.77353716	1.95007956	1.91585028	1.77186084	1.66470838	1.52237082	1.39212859	1.33188403	1.35868609	1.36838889	1.37397158	1.35000658	1.28576231	1.13364136	1.02465796	0.974880695	0.967785835	0.921540260	0.868510842	0.892223954	0.944935858	1.01719654	1.05444431	1.06485915	1.19814980	1.29508710	1.34326231	1.32282007	1.22627521	1.09497833	0.978752255	0.921586990	0.863020837	0.802367985	0.781320930	0.725663543	0.647930861	0.579273820	0.557480931	0.553627491	0.546069622	0.566783965	0.625646889	0.685065627	0.721239090	0.724214852	0.730860472	0.742270291	0.773493111	0.796282530	0.802545071	0.793397427	0.774887800	0.742101848	0.711763144	0.677761257	0.645971000	0.626148701	0.620405972	0.587987244	0.556872487	0.533846140	0.517298400	0.500034988	0.500358284	0.510728419	0.513694823	0.522246957	0.524466693	0.522014439	0.525389731	0.528291404	0.529194236	0.530238211	0.533488989	0.541040421	0.549474478	0.549443483	0.546554863	0.541177213	0.532514155	0.524317682	0.519079685	0.513684034	0.509861469	0.506872833	0.503000677	0.494866073	0.486883402	0.474363387	0.458669484	0.445615172	0.451555192	0.457902730	0.453985184	0.445381194	0.441276491	0.450251281	0.458121598	0.462376803	0.467220247	0.474298537	0.482525289	0.489251524	0.491713256	0.494205892	0.505846083	0.533499837	0.563692331	0.574933708	0.579673469	0.575501740	0.572127879	0.564354002	0.561107516	0.555688798	0.570285320	0.735251009	0.918228209	1.05410814	1.11655295	1.14449906	1.20385230	1.31377184	1.48977649	1.73812377	1.91083312	1.92396080	1.63860691	1.32989109	1.07614362	0.901407599	0.789807618	0.684288740	0.593879044	0.553970158	0.618991256	0.949132085	1.54380035	2.66962552	4.18979788	4.99370527	5.33371973	4.44705105	3.91737533	3.95588756	4.60760593	5.45521355	6.08453131	6.21324348	6.09601402	5.69873142	5.32443714	5.03839111	4.95599890	4.78555346	4.54103231	4.33580017	3.87969995	3.31585217	2.90922499	2.65426636	2.52978325	2.44512510	2.52660847	2.69846869	2.85441399	3.00701404	2.85788369	2.57023740	2.23387146	2.20666242	2.18126655	2.18468142	2.21428800	2.22634721	2.26141405	2.29783440	2.33818340	2.40132236	2.47250891	2.56384516
65.0000000	2.79064369	2.88906550	3.08917165	3.33763266	3.60736036	3.90253067	4.19736099	4.36715031	4.49470139	4.53035593	4.49019670	4.39079666	4.11380577	3.84853148	3.12343287	2.29997230	1.75637448	1.55073524	1.35710132	1.36589324	1.37370729	1.31678712	1.23802841	1.20122206	1.22993922	1.25838363	1.33825457	1.40502536	1.42739499	1.41660213	1.39441168	1.33180273	1.26794016	1.23042095	1.20636725	1.18815410	1.21582377	1.25486565	1.29154682	1.36404777	1.37608719	1.40240800	1.43855500	1.47513330	1.50090623	1.51962852	1.54409468	1.55322850	1.53745198	1.50434291	1.44068050	1.38134956	1.34841740	1.35864639	1.36263597	1.45655417	1.61175883	1.73924434	1.63883936	1.50030732	1.27611279	1.06232107	0.917732179	0.895784438	0.862674534	0.855203748	0.856136858	0.863671720	0.887064517	0.912527323	0.899672449	0.887392163	0.900092900	0.929265857	0.957139909	0.982275784	1.00633395	1.02873027	1.05072629	1.07211971	1.09336615	1.11107516	1.09510422	1.07867730	1.10924053	1.16229594	1.22780228	1.30442262	1.37860203	1.34635615	1.29881728	1.22478187	1.13531828	1.05590880	1.00825846	0.956910193	0.883514822	0.794615805	0.704407692	0.637485802	0.572399974	0.547472179	0.540882707	0.539959729	0.533237040	0.527638316	0.515569627	0.499982357	0.486411840	0.482860774	0.479074329	0.472090304	0.456173986	0.440259844	0.421118617	0.401849985	0.389023930	0.389120430	0.393320888	0.400225699	0.417931914	0.431363553	0.437558383	0.433040410	0.428953707	0.430138111	0.424281597	0.405169219	0.357708961	0.310631752	0.275019109	0.267896175	0.273407757	0.284073114	0.283433735	0.274142891	0.256808877	0.256361753	0.246968612	0.264074385	0.272201747	0.265759915	0.260750175	0.266532481	0.306357116	0.355572015	0.427988857	0.506214738	0.585100114	0.673871756	0.766293824	0.789805412	0.799882531	0.792330503	0.752883136	0.705032587	0.664882541	0.624589205	0.596938312	0.576390266	0.577227592	0.613858283	0.648478746	0.751668453	0.851065993	1.01565576	1.21715343	1.42033672	1.66591585	1.94729674	1.84305620	1.65557098	1.55013919	1.51508319	1.50987387	1.58766997	1.64592218	1.76135397	1.89568436	1.98086572	1.96774983	1.93584383	1.75997889	1.55275786	1.42612696	1.53175962	1.65605831	1.69217861	1.70523345	1.70147443	1.51755702	1.32922649	1.27637279	1.33646107	1.36741304	1.42393899	1.55688477	1.55623746	1.42596877	1.39052522	1.40835297	1.36362088	1.33297706	1.28780425	1.24994946	1.25233841	1.18738091	1.07619405	0.962366343	0.895912528	0.858211160	0.826698899	0.804906011	0.792446434	0.770235121	0.726364791	0.658715010	0.618407309	0.605402648	0.617168844	0.645277679	0.687191725	0.723273814	0.755840898	0.785979390	0.825742781	0.884494066	0.894444466	0.880967557	0.880727768	0.853014171	0.790508926	0.719753742	0.668741703	0.607592165	0.560727358	0.592495203	0.622467399	0.624199688	0.628307998	0.643802464	0.616260231	0.574578702	0.548669517	0.534283936	0.522516251	0.527150154	0.533987999	0.535300553	0.533572555	0.533445120	0.538433254	0.541326225	0.547225177	0.552982330	0.553888798	0.547998488	0.541586161	0.540191472	0.540015101	0.537584424	0.531581044	0.522226036	0.503992081	0.485323906	0.476123780	0.468117356	0.466118634	0.469522059	0.471135616	0.465607435	0.459958345	0.454047829	0.446972400	0.450045377	0.466827124	0.485135257	0.502304375	0.517309964	0.514272928	0.507375360	0.508696556	0.518934906	0.525731742	0.542778492	0.557932317	0.562060058	0.563933492	0.573940754	0.585256279	0.596707165	0.625677109	0.659313381	0.705273092	0.887573540	1.05410802	1.14800763	1.21453857	1.30950296	1.38333666	1.44950104	1.63947880	2.01257706	2.32994747	2.30411887	2.11202931	1.90064812	1.57709587	1.30038989	1.08797252	0.942936480	0.799381435	0.665242553	0.534892380	0.583223760	1.11166430	2.44038153	4.11645746	5.97477770	7.48553181	8.34651089	7.51567745	6.11391735	5.53339529	5.93982601	6.25159216	6.54452848	6.74472904	6.43591404	6.02373743	5.77603149	5.63141489	5.29275036	4.78974390	4.28026056	3.91591001	3.81554556	3.59921360	3.42136812	3.20092487	3.19307637	3.55322599	4.15026760	4.46384382	4.49797869	4.22732687	3.80286741	3.35997868	2.98206139	2.66435289	2.59926987	2.48795867	2.41502309	2.38120270	2.32664895	2.33753467	2.33640194	2.40747261	2.53936148	2.68353128
64.0000000	3.24876237	3.37739253	3.56581092	3.93169832	4.30849648	4.48917150	4.57820272	4.45476770	4.21445847	3.93312383	3.61456060	3.30386305	2.90824699	2.49881315	2.10095334	1.72392905	1.52152419	1.50168252	1.48417199	1.48984563	1.49558175	1.36889136	1.23148870	1.20139849	1.22851300	1.27269650	1.38042426	1.49122655	1.53096473	1.55779922	1.51995444	1.44917715	1.38321292	1.34262645	1.31636739	1.32667708	1.31701756	1.30016947	1.40127468	1.43466687	1.45090854	1.46378160	1.48303294	1.51322830	1.54613674	1.58192778	1.59974921	1.60621274	1.58951509	1.54380035	1.50842893	1.47452343	1.44869483	1.42988181	1.40896499	1.39815211	1.52449048	1.65186286	1.64097726	1.43926919	1.23232603	1.11315823	1.01319337	0.955272198	0.926751614	0.917890608	0.939945638	0.964462280	0.962314546	0.956218302	0.959267557	0.968338072	0.983658254	1.00971365	1.03380120	1.05037558	1.06599820	1.07639360	1.08428395	1.09614372	1.11312866	1.12412810	1.10980439	1.09582627	1.08180797	1.06919575	1.11658609	1.20716143	1.29719293	1.37017941	1.42735326	1.29329705	1.16298723	1.07202601	1.00448644	0.948319197	0.900621355	0.847983599	0.771661460	0.690899730	0.633052051	0.599995434	0.574683845	0.560330689	0.550400436	0.538619041	0.520668030	0.506635189	0.506644547	0.504861832	0.506057024	0.505272210	0.497615069	0.475001276	0.446418703	0.415691257	0.400362492	0.389319837	0.388586879	0.391026974	0.407527149	0.426744729	0.433994383	0.429907650	0.425506294	0.418089598	0.407779217	0.390011042	0.366258949	0.338149428	0.304364860	0.290307581	0.298583269	0.307644486	0.297431290	0.281692803	0.260686100	0.252083540	0.279630721	0.270095050	0.259243220	0.244172871	0.262541503	0.297482401	0.347681552	0.409111202	0.470101684	0.546834230	0.623224795	0.782836497	0.966473281	1.04169309	1.00131989	0.940049946	0.819569588	0.698768616	0.660117567	0.632968545	0.700907111	0.832541049	0.961655021	1.08099651	1.19443238	1.31204093	1.42615950	1.52479291	1.63930035	1.66020775	1.57600009	1.51316214	1.38386226	1.22633493	1.19549012	1.18831539	1.32136548	1.54571831	1.74334037	1.96746504	2.17069054	2.15550947	2.08277059	1.99965012	1.85302007	1.67592895	1.64095497	1.64413011	1.65626419	1.68856549	1.72505593	1.65720606	1.54912245	1.48075759	1.47051001	1.51457977	1.54426026	1.60223103	1.59589291	1.50723135	1.47150648	1.59146142	1.62893939	1.58231449	1.45007205	1.28346908	1.17490101	1.18338764	1.11461616	1.00455260	0.958489954	0.887192667	0.821068525	0.830539465	0.838365197	0.806572020	0.759731770	0.703784883	0.616109014	0.560486138	0.563193321	0.565285683	0.582773030	0.638259828	0.704246402	0.760980189	0.776432157	0.807972431	0.843253911	0.867158651	0.885560393	0.889192820	0.891403913	0.876119792	0.819792747	0.753787458	0.691236019	0.629511833	0.569781363	0.596999586	0.624263048	0.639162004	0.636855841	0.622648120	0.589248717	0.557930171	0.543261588	0.537901223	0.539795518	0.557971954	0.578570366	0.577168524	0.575583816	0.574443340	0.573352575	0.573271215	0.573899031	0.573519588	0.574037313	0.575595379	0.578886509	0.582940102	0.580488443	0.565434754	0.550012350	0.528982580	0.508247972	0.499907523	0.495359987	0.497327060	0.506055593	0.512784004	0.512973368	0.511402309	0.516746163	0.520873189	0.514357209	0.504509032	0.502202928	0.513452888	0.525690734	0.530207276	0.532457292	0.561945617	0.594046116	0.610696077	0.620722115	0.632864892	0.614761949	0.583738565	0.587582588	0.600301385	0.628997028	0.679857135	0.732091665	0.965147078	1.21886420	1.34982431	1.40056407	1.41816533	1.39522970	1.42371583	1.74639094	2.22629619	2.67572284	2.77899909	2.84125090	2.69191289	2.35643888	1.90028226	1.57226908	1.47115004	1.34566557	1.12794328	0.889939427	0.787974477	1.04360187	1.59894001	2.65246511	4.73208714	7.37480497	9.66018867	9.13343239	7.98773432	6.85266876	6.30141163	6.22499847	6.31873083	6.06428623	5.75872135	5.42868662	5.18801975	4.96603489	4.73161364	4.45337915	4.32798481	4.21389818	4.26990747	4.44139290	4.61004829	4.70890951	5.10754490	5.59226036	5.83855104	6.13875008	6.11721897	6.00616646	5.49301529	4.70071697	4.09351015	3.79856229	3.66785860	3.48069119	3.17610216	2.89792895	2.74859285	2.61565948	2.51157451	2.51915193	2.55588198	2.80136967	3.06402612
63.0000000	3.60273170	3.81500268	4.05508327	4.56815815	5.16331434	5.27659559	4.97273254	4.56243610	3.90201616	3.17951560	2.63944149	2.06410670	1.69917679	1.40273058	1.33727038	1.37801516	1.42783570	1.48287380	1.50951898	1.46268070	1.42019784	1.37035656	1.30595469	1.34543240	1.40555811	1.44405508	1.47728872	1.51777232	1.56268954	1.61985457	1.68653238	1.71727347	1.64832056	1.57623625	1.56048191	1.60498095	1.62289214	1.57140708	1.57060874	1.54417813	1.51206553	1.48232722	1.52383041	1.57243538	1.61868095	1.65047908	1.68133616	1.67107320	1.62014544	1.55785978	1.53736711	1.52121174	1.50021422	1.47921562	1.47087371	1.50123322	1.55534542	1.54721665	1.47221625	1.31128561	1.15397716	1.03428721	0.999917984	0.974236310	0.996703207	1.02703464	1.04631054	1.05721915	1.06425142	1.07166898	1.08529127	1.10386586	1.11979234	1.13717091	1.15443003	1.16845846	1.18147027	1.18499100	1.18366265	1.18728650	1.19720674	1.19797778	1.17213774	1.14584839	1.11391556	1.08186126	1.10580337	1.14339387	1.22437656	1.33470070	1.40119135	1.38219833	1.32701325	1.19717419	1.07382667	0.987891018	0.918617725	0.851454735	0.782680988	0.723023951	0.681776643	0.640113175	0.616930544	0.587636650	0.560747504	0.544749081	0.540360749	0.543125510	0.542423487	0.548595369	0.554065228	0.558285117	0.551694155	0.538243949	0.511377871	0.477382302	0.446553349	0.435540944	0.424490392	0.435934097	0.453679919	0.462080896	0.459277928	0.457244605	0.447500885	0.436559021	0.426367462	0.401923418	0.363481194	0.329752088	0.290926814	0.262698472	0.273888737	0.287362099	0.293018401	0.280019522	0.276801825	0.281714380	0.292581350	0.295044512	0.294906944	0.313714772	0.352408320	0.423401743	0.503371418	0.543596447	0.564166784	0.641393304	0.749800742	0.865359366	0.991915226	1.07442510	0.988749385	0.906124234	0.806727648	0.710596085	0.786609352	0.931628227	1.15249026	1.43398643	1.67983854	1.85707366	1.99867165	1.93797863	1.88786650	1.60823178	1.34317732	1.13611400	0.934322357	0.865921736	0.930065036	1.07267261	1.41622555	1.61901772	1.98107350	2.32123399	2.48909116	2.63062739	2.65672517	2.58678269	2.54750037	2.31732559	2.07204628	1.96142828	1.86996257	1.78928566	1.72959554	1.70147455	1.67411721	1.63724756	1.59976876	1.54815924	1.51585639	1.50459480	1.45794606	1.47616494	1.53078628	1.52152288	1.62017930	1.81570029	1.87306046	1.77354586	1.65075409	1.51444149	1.41956997	1.36066532	1.29849195	1.21829832	1.16034973	1.12573159	1.07029521	1.07638407	1.05449831	0.951481462	0.891763210	0.801225364	0.687625170	0.623507798	0.580626011	0.533059955	0.545106232	0.560594201	0.581621766	0.631595552	0.684896350	0.748452961	0.801239014	0.845616221	0.876121223	0.924876690	0.968056500	0.994543970	0.996746421	0.885517955	0.786673427	0.710954666	0.653096855	0.593783259	0.606914699	0.624994516	0.628246844	0.621487439	0.613103032	0.584951758	0.559010148	0.555320919	0.555805385	0.563026309	0.573983967	0.584447801	0.593858182	0.604448676	0.608461201	0.612015128	0.608337998	0.600124300	0.595754623	0.596615016	0.598868608	0.605674088	0.611174166	0.595817268	0.580694377	0.565758705	0.550992966	0.543574810	0.539943874	0.546323061	0.565152466	0.584879041	0.608777285	0.632311940	0.648476720	0.665647864	0.645019174	0.614090860	0.595513403	0.586450040	0.583099246	0.585338473	0.591449022	0.616298437	0.647103608	0.650499105	0.651325762	0.670585632	0.700338244	0.725641906	0.726543367	0.723431587	0.723348737	0.742373228	0.888970315	1.07714522	1.25387049	1.40004075	1.52435374	1.50757778	1.46530282	1.80875945	2.30975938	2.73806548	2.95268989	3.11592150	3.12606096	3.08152294	2.98242497	2.72168279	2.35551381	2.08471680	1.88894808	1.73981225	1.54521215	1.33468199	1.35253513	2.12962222	3.39998412	5.20067883	7.29145670	9.00648880	8.90472221	7.93712854	6.94504452	6.11528873	5.47201109	5.09674215	4.88190317	4.71197128	4.51286173	4.32209587	4.44191742	4.56169319	4.62973213	4.61526585	4.50977945	4.44311953	4.46484089	4.66156197	4.81311893	5.11610460	5.56823492	5.70687008	5.61979437	5.49151897	5.18287611	4.93087721	4.74519253	4.44033527	4.21188784	4.02732658	3.82292151	3.61094618	3.41685128	3.26625919	3.06824541	2.83841300	2.82155824	2.97471809	3.18005133	3.40638351
62.0000000	4.03129768	4.36265421	4.86654377	5.40477419	5.99119663	6.39662695	5.86945152	5.30384684	3.81385040	2.23454142	1.65493286	1.30943954	1.24220586	1.28625405	1.35647297	1.43746495	1.48621535	1.49632716	1.48822618	1.44147885	1.41393101	1.47204280	1.52256155	1.54338062	1.56688118	1.57458305	1.57605910	1.57129192	1.56327629	1.62082946	1.74657953	1.85715580	1.87131178	1.82722104	1.69792271	1.59932017	1.65085566	1.72704589	1.70701647	1.65303719	1.60635948	1.59466755	1.59729850	1.62470877	1.67555439	1.71197486	1.71094763	1.69935834	1.65545642	1.59917116	1.56957483	1.55941260	1.53659165	1.51624537	1.50060177	1.52682483	1.61688948	1.67781603	1.53389740	1.37038970	1.21615064	1.07824540	1.03865397	1.03917885	1.05898893	1.09432936	1.11801159	1.12105072	1.12824368	1.16223550	1.19473481	1.19361746	1.19425249	1.20573866	1.21676755	1.23122740	1.24766779	1.25552583	1.25731659	1.25698030	1.25423503	1.24607515	1.22653294	1.20408344	1.17488015	1.14545012	1.14640057	1.15075088	1.21632910	1.28606558	1.33798313	1.37634182	1.33284962	1.23206389	1.12374282	1.01431584	0.914258182	0.832481325	0.746375024	0.725286245	0.701114416	0.703242004	0.705294728	0.687096715	0.654458404	0.624449492	0.606419265	0.596801460	0.615503550	0.637665868	0.651538074	0.655021429	0.649511933	0.637296438	0.613545895	0.579900920	0.548311710	0.528659284	0.528971791	0.537530422	0.544768572	0.532362938	0.519048691	0.494596779	0.461193115	0.440928727	0.442040414	0.439452708	0.411874563	0.372135609	0.345573366	0.325185120	0.318876475	0.317820251	0.315913677	0.305290073	0.309677780	0.336261600	0.358041614	0.371350110	0.347453266	0.408346593	0.490477651	0.599189758	0.730272949	0.788601637	0.759525180	0.757092953	0.800735772	0.825102687	0.878937900	0.926367879	0.947897971	0.980326176	1.06539047	1.17615235	1.54361010	2.05280924	2.33357382	2.38459611	2.43869114	2.49777341	2.45363474	2.09821391	1.75333750	1.32558692	0.900552928	0.866632998	0.820034683	1.02044523	1.23892784	1.89048541	2.78313828	3.35135651	3.63828254	3.67327142	3.22157288	2.94755769	2.79190922	2.61980581	2.48313951	2.34632444	2.23155737	2.14505577	2.05862617	1.96859002	1.87681341	1.83496678	1.79090726	1.76251674	1.73623765	1.70397854	1.68458104	1.67512178	1.75083327	1.83734429	1.78810143	1.70517600	1.72438705	1.70397151	1.70566630	1.72926867	1.59760141	1.35995460	1.50546384	1.57143879	1.56235468	1.87613344	1.87646961	1.62836266	1.71345961	1.73678327	1.84657252	1.89097774	1.62566066	1.23265362	1.30539823	1.13228858	0.798469901	0.792626441	0.701544225	0.604251325	0.584144652	0.549318969	0.593709111	0.687612236	0.779958665	0.848740280	0.929405570	1.04016674	1.15400732	1.25515795	1.13772881	0.952244639	0.870041490	0.802242041	0.719619811	0.642924011	0.581900358	0.611673117	0.636312962	0.637955308	0.625645399	0.609374166	0.600260377	0.602257669	0.609029233	0.613344193	0.616638243	0.618246019	0.634224236	0.654585123	0.665640712	0.663314402	0.656952560	0.649749577	0.643510044	0.639669597	0.634110451	0.632268667	0.630416155	0.620251238	0.607887328	0.596045494	0.584334671	0.580561161	0.584460020	0.600498021	0.632372320	0.656437695	0.662504435	0.667930305	0.666915834	0.666151881	0.679921150	0.694725156	0.680403650	0.657897115	0.650088727	0.647146106	0.651165128	0.660045624	0.665114403	0.665210187	0.669211149	0.681510925	0.697929859	0.765088499	0.822095275	0.838302553	0.835590959	0.871151090	0.952508211	1.05763972	1.20776820	1.35827637	1.42919719	1.47335827	1.79079330	2.24838281	2.71404862	3.11695766	3.44000793	3.43549871	3.41588736	3.39054179	3.35600853	3.32310724	3.15695953	2.85687804	2.55756021	2.37533975	2.27064896	2.28206754	2.26335382	3.06429982	5.41355658	8.55221176	9.98811531	9.21627998	8.45532608	7.30284929	6.04128981	5.00090790	4.58530807	4.39279985	4.17342806	4.16871977	4.29022646	4.42552900	4.53024960	4.58452797	4.61684752	4.59964085	4.68350220	4.76702690	4.82249784	4.84082937	4.84475946	4.77686787	4.69556236	4.74736452	4.74997282	4.72830486	4.66576529	4.60886335	4.54613400	4.45176411	4.32816458	4.25349092	4.08164167	3.93568206	3.82460976	3.67585921	3.48855853	3.25936365	3.12767148	3.40736842	3.67571473	3.87093091
61.0000000	4.36169958	4.33855820	4.93678665	5.59263659	6.14056396	6.65098810	6.09247112	5.18327522	3.76234126	2.14983368	1.49900901	1.48785114	1.51252413	1.57973337	1.63386285	1.66393435	1.63269782	1.51051378	1.43464673	1.45512950	1.50257158	1.62453008	1.72653770	1.75677466	1.77762175	1.77559054	1.77480507	1.79476428	1.80709350	1.77306545	1.75271821	1.79764473	1.88060474	1.92311347	1.88501763	1.80449641	1.77110279	1.76432908	1.75555599	1.75421810	1.71979868	1.68285453	1.67991924	1.68536794	1.68058085	1.69681895	1.69929361	1.68233120	1.65905941	1.64334822	1.64444757	1.64480042	1.60923243	1.56976128	1.53982651	1.52972054	1.59070528	1.67451477	1.62723172	1.42329955	1.23750138	1.13334918	1.05203450	1.06369269	1.08311260	1.11675239	1.15179777	1.15309000	1.15101075	1.17666078	1.21136248	1.23000395	1.23970318	1.23926330	1.23418367	1.23882413	1.24888408	1.25043702	1.24559999	1.24585283	1.25163579	1.25798547	1.26437831	1.26510048	1.25598526	1.23955703	1.20987439	1.20115376	1.27650166	1.35700774	1.41952538	1.47249067	1.34068549	1.21687782	1.09216082	0.969117880	0.893781364	0.825300753	0.776574731	0.745526135	0.737219512	0.756476581	0.776917458	0.775721490	0.754567862	0.701900601	0.659017444	0.665610552	0.686465979	0.722382486	0.758625150	0.793828070	0.838020980	0.835767329	0.778343022	0.711539268	0.638867557	0.563622475	0.548146129	0.569219768	0.594612002	0.596015275	0.567184329	0.520275593	0.488402694	0.475296497	0.454960108	0.443549484	0.430073291	0.399232775	0.392890334	0.398486167	0.409417182	0.424447894	0.428651273	0.425715148	0.420832783	0.418904662	0.436613739	0.472740471	0.494521171	0.526099741	0.591878831	0.663248181	0.780419409	0.878191173	0.925633490	0.983701408	0.970088303	0.933441937	0.892064154	0.859659851	1.03325689	1.32493758	1.86779153	2.54810667	2.87013173	2.88318586	2.64080238	2.12320995	1.79413724	1.72703803	1.67217040	1.62810075	1.58363497	1.60524487	1.65958571	1.95906162	2.20583105	2.52280879	2.82347441	3.33553743	4.01527643	4.11907721	4.16905165	3.96858025	3.61519814	3.25361466	2.94187760	2.71724486	2.54492521	2.41439748	2.39097810	2.34720659	2.26309252	2.16430330	2.07059455	2.00185061	1.98334646	1.97586942	1.94797516	1.89464533	1.86104572	1.93781018	1.99536479	1.94693828	1.84199607	1.69373155	1.54199743	1.44450438	1.83867407	2.01228499	1.95559418	2.09490275	2.21424842	2.72772360	3.32926154	3.70849013	3.71061635	3.48046827	3.52454829	4.56390619	5.39162731	5.19383717	5.47244692	5.46467543	4.61422920	4.04345846	3.64586687	2.77842379	1.91086626	1.63518250	0.999513447	0.803457379	0.742688656	0.625070870	0.741946340	0.833094716	0.962449849	1.12971246	1.17045939	1.17007124	1.19530213	1.09859478	1.02965546	0.953199387	0.838995814	0.738416910	0.708364785	0.703543663	0.709453404	0.695770562	0.668738842	0.644058704	0.657474458	0.687985241	0.705067217	0.698549747	0.691156864	0.704907417	0.715090334	0.727657855	0.740827441	0.724193335	0.703566015	0.700482965	0.702843130	0.699577212	0.693712831	0.686028957	0.676609159	0.665575206	0.653297782	0.640493989	0.625615954	0.636356175	0.679664850	0.704351544	0.699721932	0.692217350	0.679270327	0.670750618	0.674084187	0.676535070	0.678202569	0.679114103	0.669524372	0.660714447	0.665575266	0.669523656	0.684925199	0.699337423	0.695687771	0.691152453	0.703211725	0.717073202	0.743361890	0.785993755	0.848030448	0.913847089	0.958944976	0.993349433	1.04376602	1.10326898	1.18003833	1.33590531	1.46017599	1.59178531	1.78608894	2.21929693	2.81619382	3.40135455	3.71399903	3.81854463	3.78411484	3.73279738	3.69275546	3.70950246	3.76117921	3.90612483	4.04444456	3.83829260	3.68739939	3.66752577	3.92701626	4.62466145	5.85705233	7.65948439	8.89181805	8.23515606	7.13371134	5.85914850	5.02841759	4.46116161	4.12609768	4.12424088	4.14963722	4.20515919	4.29398727	4.38998985	4.46685266	4.57555389	4.68837595	4.80241013	4.89499855	4.96752548	5.03576231	5.01786566	4.95471907	4.87963963	4.78902149	4.73654127	4.73690796	4.73201418	4.70757723	4.61682653	4.50595474	4.39614677	4.28895617	4.21953154	4.17285824	4.09720039	3.98660111	3.84034371	3.72816586	3.77614141	3.90231848	4.04366016	4.20160913	4.32225370
60.0000000	3.92458653	4.03651428	4.50604868	5.31905222	5.93326616	6.26428890	6.04452562	5.03246164	3.92952108	2.74063182	1.95443869	1.77104306	1.65904188	1.78051245	1.84976983	1.81996202	1.75195503	1.60935688	1.52227581	1.54886174	1.60002005	1.70659590	1.80481184	1.87771237	1.89548290	1.78580594	1.69336450	1.65317237	1.64664638	1.75839770	1.83054531	1.82676446	1.82918155	1.88838148	1.95842087	1.91151059	1.86146498	1.81722534	1.80397439	1.81805241	1.83292556	1.82252014	1.79989707	1.79446173	1.77541482	1.74834859	1.75211918	1.75455010	1.74191618	1.70506084	1.67475808	1.66267359	1.63384569	1.57333672	1.52010798	1.57861578	1.67516339	1.70112741	1.67634940	1.47242725	1.22740555	1.11115575	1.05787802	1.06936133	1.11482644	1.14711702	1.16501260	1.17488158	1.18777752	1.22743297	1.28477883	1.30521894	1.29268956	1.27970576	1.26615024	1.25238240	1.23899114	1.22766685	1.21891677	1.22190332	1.23679161	1.25863695	1.28691721	1.30571985	1.31511950	1.30482149	1.27106714	1.25836492	1.27766597	1.36104119	1.50807464	1.56757164	1.50265586	1.36869264	1.16691613	1.00354683	0.913659096	0.856621444	0.826274872	0.793244123	0.778091073	0.774363637	0.826937973	0.863316059	0.850669205	0.817236006	0.778960049	0.755868256	0.769692957	0.814215660	0.892663181	1.03613102	1.16629779	1.11639392	1.02482355	0.897639811	0.772665083	0.667725146	0.581306398	0.552156508	0.583661556	0.613313258	0.627368391	0.603948295	0.560301840	0.557092786	0.551908076	0.534534454	0.516993165	0.486546457	0.480333626	0.511220872	0.545997620	0.563140035	0.560548067	0.550146937	0.532218218	0.540558696	0.587331295	0.652896702	0.730169296	0.808349788	0.904974461	0.971012175	1.03604472	1.09468877	1.11876261	1.11903560	1.11054957	1.06202030	1.05731571	1.10934365	1.38206089	1.88305867	2.24507451	2.44803977	2.33653116	1.90996206	1.56734049	1.30481136	1.25723231	1.43329406	1.79352868	2.31629968	2.61788917	2.80787683	3.03689957	3.21710992	3.22951746	3.09027028	3.19319081	3.50439048	3.74694920	3.85073233	3.86612844	3.63434172	3.38166070	3.20407701	3.01937222	2.94156432	2.83161664	2.73925638	2.64582157	2.58014011	2.51584053	2.43407106	2.32736182	2.24990129	2.21377683	2.18767595	2.15508080	2.12023449	2.13706064	2.20587897	2.26771212	2.27418566	2.17285037	2.04844761	2.06816983	2.63394165	3.14282894	3.36713862	3.44257331	3.25037289	3.12029862	3.55651426	4.52936888	5.67939949	6.29679060	5.34092522	5.02199745	5.66403961	6.72125816	7.49452162	7.32683086	7.45510149	8.33765888	7.65524387	8.17925262	9.44229698	7.15726614	5.18322563	4.09818220	3.01532984	1.77144182	1.52631295	1.04796576	0.946036160	0.934709072	0.887883842	0.902833879	0.896674275	0.942043662	0.964172184	0.995918393	0.984130561	0.897240222	0.810833693	0.771543324	0.776601374	0.774603367	0.747720063	0.739706397	0.748557389	0.749627233	0.745394349	0.732977271	0.712316155	0.695584059	0.708113551	0.742722392	0.767138362	0.782442749	0.781614006	0.763924301	0.754948854	0.753330946	0.748537242	0.741022587	0.734347463	0.730052650	0.725055814	0.719856739	0.705952823	0.675336182	0.669335723	0.708416641	0.730316162	0.722982228	0.712061942	0.694944739	0.687400520	0.697698057	0.701503217	0.693453610	0.684664547	0.675622106	0.672647059	0.679008901	0.690850079	0.713762641	0.724489987	0.708948731	0.706573427	0.737502515	0.763508201	0.777181745	0.798311591	0.848711491	0.911858380	0.951712608	0.975570440	1.01253235	1.06407356	1.22149587	1.41041374	1.56071949	1.62602782	1.75117826	2.09588337	2.60231042	3.27312136	3.88879347	3.96179867	4.01396608	4.02833319	4.03685188	4.02979898	4.13336182	4.30871534	4.49557972	4.58763456	4.63398838	4.68188190	4.83132887	5.30684566	6.03936052	7.02760506	6.95545244	6.36008310	5.68463898	5.03139448	4.36236048	4.19690180	4.10007000	4.10608292	4.21099567	4.30800581	4.40702581	4.52830267	4.66016865	4.75804996	4.83481550	4.92378855	4.99850798	5.00806141	5.00033092	4.97552013	4.92505074	4.89430618	4.88841009	4.91181755	4.91493988	4.81337261	4.68563175	4.56945992	4.47788525	4.40137911	4.35177231	4.32747269	4.30772400	4.32160616	4.31812668	4.35010338	4.35910559	4.19891548	4.12745953	4.06473017	3.99584937	3.92309737
59.0000000	3.53656578	3.74621820	3.95111227	4.56591702	5.09402800	5.56504822	6.09971285	5.10378075	4.14607716	3.37668324	2.65152979	2.18877935	1.81190586	1.82088494	1.80213916	1.72622168	1.65912700	1.63397956	1.63593650	1.69783556	1.75356722	1.79732740	1.84403026	1.89652121	1.91134942	1.87563312	1.85104954	1.84236336	1.85730028	1.90476716	1.93919480	1.95689154	1.94666195	1.93065333	1.94006455	1.94528151	1.84888220	1.79074073	1.81089723	1.85979652	1.85127926	1.82633388	1.82655430	1.86466050	1.89538848	1.88415217	1.85127544	1.81811869	1.78769958	1.75079226	1.72498381	1.70589519	1.66602683	1.61042547	1.55947471	1.55823755	1.67705286	1.74170530	1.64900386	1.51887238	1.28473198	1.10308826	1.08800423	1.09146249	1.15793633	1.22130430	1.25112605	1.28110754	1.29732835	1.32073784	1.34628201	1.35901940	1.34155369	1.32258236	1.30039132	1.27753913	1.25359845	1.23186958	1.21317482	1.20745659	1.21463990	1.23737907	1.27230918	1.30983770	1.34432065	1.35358191	1.34946501	1.32885432	1.30011690	1.31695473	1.37405884	1.47754073	1.56754160	1.48209047	1.32860589	1.13932288	0.951650679	0.860368311	0.817666531	0.811493278	0.806066632	0.854145408	0.931405604	1.00041258	1.02844799	0.977173209	0.898992062	0.899103642	0.946843207	0.991421998	1.07478940	1.21274781	1.31997383	1.33518589	1.16579950	1.02818656	0.910756111	0.738299549	0.596108854	0.544447422	0.571414351	0.631051183	0.652801633	0.651501358	0.663197041	0.677908123	0.690354705	0.698055089	0.690177619	0.636826277	0.631545126	0.661102593	0.691675186	0.730880618	0.707874537	0.669476211	0.650207520	0.659935415	0.725945115	0.899994910	1.14150894	1.35949171	1.51514435	1.31706715	1.12690806	1.24555027	1.32434285	1.37682056	1.38559043	1.29637659	1.24045920	1.21224236	1.28695822	1.55413938	1.70348823	1.70281434	1.57051718	1.28511357	1.08636928	0.967123389	1.23327923	1.75395596	2.60159707	3.62800002	3.61880136	3.16238761	3.10739160	3.22292399	3.24932671	3.26891947	3.29081035	3.35576749	3.33879399	3.32676625	3.29879069	3.23790765	3.15786076	3.05722594	3.01584983	2.99812055	2.96856475	2.91867423	2.85373592	2.77704072	2.71688986	2.66887307	2.62325859	2.55119896	2.47341657	2.40701032	2.35671973	2.32765627	2.30997014	2.30599952	2.30690885	2.36909175	2.40390992	2.52862144	2.88985968	3.38020039	3.75397205	4.37794209	3.74916339	2.93464088	2.56469464	3.53959274	4.73474789	5.16667986	5.08198786	4.90172243	4.81283951	5.38336945	5.84241629	5.53652811	5.20209360	5.42872810	5.73087454	5.97800541	6.49366951	7.94956255	9.58556557	8.90775299	8.17660904	8.51539707	6.62417364	4.75943613	3.71909285	2.36120415	1.41333473	1.21494532	0.933030665	0.965859830	1.06395626	1.14259028	1.15444076	1.05075359	0.908231080	0.803100944	0.754233837	0.733406365	0.729950428	0.720318258	0.722799361	0.729108691	0.737754524	0.739882052	0.729686856	0.725367606	0.723821700	0.723401308	0.764711261	0.813800871	0.836198628	0.850073755	0.838303208	0.825103521	0.820022345	0.813966572	0.806027830	0.797348857	0.789717615	0.784283757	0.789325178	0.784190893	0.746964693	0.723263085	0.734725475	0.743402839	0.747739434	0.746512592	0.736203551	0.732505620	0.738182127	0.737197220	0.728985608	0.721083581	0.713173032	0.709992051	0.710702658	0.724582791	0.746451318	0.757644475	0.754215121	0.764285088	0.787333667	0.807134390	0.827043831	0.847869158	0.870942950	0.918595374	0.973789871	1.00284410	1.01347792	1.10938823	1.27143204	1.44923544	1.68667912	1.89611208	1.83733261	1.94781804	2.45557427	3.13375401	3.60727715	3.92566371	3.98031211	3.96156812	3.98301744	4.07134199	4.20677233	4.39794159	4.62177229	4.86128521	5.17149830	5.17989111	5.22541380	5.43874598	5.49111176	5.41836405	5.20685863	5.00326252	4.67657042	4.53622198	4.28557110	4.12497663	4.12582684	4.21682167	4.36154652	4.50229025	4.61280203	4.67525673	4.76910353	4.86890841	4.88793898	4.89630938	4.93024206	4.90899563	4.86649990	4.81344700	4.80779743	4.88868189	4.95598173	4.99390650	4.93230915	4.81403065	4.64647722	4.45855331	4.39620495	4.39670467	4.42352867	4.48571062	4.54071474	4.57211924	4.54954576	4.25370884	3.90527725	3.75745201	3.43857098	3.27800369	3.15408397	3.28666687
58.0000000	3.05569816	3.35478473	3.48135829	3.65423751	3.82466364	4.15062237	4.59703207	4.25669670	3.62138319	3.04802656	2.53725219	2.32139945	2.21228695	2.16598821	2.11967850	1.89659452	1.67184365	1.58430684	1.54763639	1.71153140	1.83585525	1.88228953	1.91711795	1.93876565	1.95718527	1.97120309	1.94935119	1.91456282	1.88272369	1.85622537	1.88495350	1.91447580	1.95493031	1.97908270	2.01560831	1.86841857	1.73765385	1.74825644	1.78315699	1.81221914	1.81158984	1.82006490	1.85686350	1.90201974	1.92381334	1.94891047	1.89484334	1.85400271	1.82075679	1.78210807	1.79476261	1.82353473	1.79571104	1.72255540	1.65723610	1.62614369	1.66007888	1.69291437	1.60550857	1.44655931	1.27985036	1.13072836	1.09127152	1.09936941	1.14493680	1.19923127	1.21506047	1.22139001	1.27819729	1.33704937	1.35648143	1.37382543	1.36931980	1.36578882	1.35254598	1.33202088	1.29292917	1.26063788	1.23832870	1.22272134	1.21301794	1.21238708	1.21884549	1.28300405	1.36491704	1.41850221	1.45805323	1.44428325	1.43318021	1.39753437	1.36841846	1.36166894	1.38295293	1.38558316	1.35538423	1.24219799	1.11595464	1.03880012	0.988197803	0.984536588	0.960998476	0.948786438	0.975443780	1.03191686	1.05997741	1.01674592	1.01761782	1.16419458	1.25967526	1.22938204	1.20210183	1.20104289	1.29062450	1.17701566	1.02812541	0.957087398	0.896865129	0.792960465	0.714861393	0.670140743	0.676865518	0.740130484	0.734171033	0.718130171	0.728190720	0.749698579	0.780168951	0.731323421	0.672460556	0.635138631	0.625047088	0.662907541	0.734276175	0.750652552	0.739474535	0.747139692	0.744117856	0.740278780	0.901440740	1.22115815	1.56989670	1.70794499	1.52152550	1.44272447	1.37690568	1.33181059	1.29173839	1.31249070	1.33667064	1.36896348	1.40757048	1.44585705	1.46889651	1.44448638	1.43730581	1.46068120	1.34035051	1.05926120	0.923853576	0.890322506	1.36690843	2.06016397	3.30090594	4.64118528	4.08918667	3.37953949	3.31468558	3.26024508	3.12803292	3.02095461	3.01174402	3.02025008	3.00206184	2.99099731	3.01593399	3.01051784	2.95659018	2.92597556	2.95240951	2.96555924	2.97172880	2.96996760	2.95707321	2.91842985	2.87553811	2.82873511	2.78282499	2.73110533	2.66855836	2.61426449	2.59716392	2.56265044	2.53594995	2.50215840	2.49482965	2.53389955	2.61975956	2.75228333	2.86692548	2.86904025	2.88423443	2.89745498	2.73902774	2.99530435	3.35020399	3.79050279	4.39234781	4.93158627	4.34174347	3.94668007	3.82745957	3.71458650	3.53003907	3.68861532	3.79705405	3.93545938	4.19489145	4.32899284	4.77521992	5.22473478	5.92684364	6.82907248	7.62544584	8.81813908	10.6268473	9.02418900	6.94561243	5.38660908	3.61929178	1.96474886	1.55758750	1.13844025	1.30840337	1.45117855	1.38825369	1.19347858	1.00739884	0.879250288	0.814057171	0.779561341	0.781057417	0.795190275	0.802628636	0.783560157	0.767908812	0.778037667	0.787456095	0.793685555	0.802493989	0.824214935	0.864234805	0.909666002	0.923089027	0.916109204	0.903704345	0.887176752	0.870082557	0.850343049	0.853163302	0.865601301	0.862353384	0.855748773	0.853435576	0.849936247	0.823373973	0.800746620	0.795379698	0.792799234	0.798900485	0.803281009	0.804628074	0.799332500	0.788746953	0.777021885	0.764167011	0.750462472	0.738446355	0.734412313	0.732097447	0.753616154	0.776208997	0.801501811	0.829715073	0.867882252	0.886691511	0.884723783	0.891635060	0.906429589	0.927843153	0.975224137	1.03238857	1.07681191	1.11973608	1.20206952	1.29263401	1.35194468	1.45580900	1.69999492	1.84261751	1.90114927	2.08608627	2.62981176	3.26048803	3.65313697	3.88287377	3.96922731	3.99062443	4.02803802	4.09927654	4.25032711	4.41107845	4.57157373	4.67108536	4.80857038	4.87425232	4.86319733	4.86023760	4.82027388	4.68000507	4.55136299	4.44964647	4.33722115	4.27893925	4.24040556	4.30215597	4.43766356	4.60104656	4.68174314	4.72276020	4.76165104	4.72617769	4.69688368	4.70138788	4.71014786	4.71388865	4.71526194	4.79424858	4.88514185	4.98211861	5.06807804	5.14062166	5.14791346	5.09703684	4.91165066	4.72494984	4.57146215	4.44169569	4.43776655	4.49211931	4.55716515	4.59404707	4.64521742	4.84256077	4.79733038	4.27798510	3.72039008	3.03788114	2.54807997	2.46838593	2.60542083
57.0000000	2.60398459	2.99531317	3.10746336	3.17923307	3.17390394	3.13295484	3.08481359	3.01120281	2.82384157	2.62300038	2.43235302	2.38672209	2.46357369	2.50293255	2.49988174	2.19289398	1.83684158	1.70808268	1.62406659	1.77326572	1.89446545	1.95361555	1.95798028	1.90040028	1.92847550	2.01149058	2.00653291	1.97247100	1.89173234	1.81564772	1.87874055	1.95170188	2.05696940	2.06663251	1.97433424	1.81752050	1.75236344	1.75188100	1.77968013	1.78129077	1.76985943	1.77007890	1.77653301	1.84767842	1.89516246	1.89522350	1.89261138	1.87329161	1.86284804	1.86262417	1.86373591	1.86723495	1.86478639	1.79494131	1.73106003	1.74542534	1.77176881	1.70520341	1.59663951	1.40140450	1.20936596	1.10817146	1.03618300	1.04664171	1.06887019	1.10497320	1.14068103	1.18211186	1.22186375	1.25941253	1.27991951	1.29392564	1.31964695	1.34616387	1.35122824	1.34867883	1.31981182	1.30468309	1.30806720	1.30836093	1.30546010	1.28271389	1.25253797	1.28647661	1.33991134	1.46460319	1.55085051	1.50149226	1.44932258	1.39922273	1.37503076	1.36789548	1.32014155	1.26820076	1.22885931	1.21484005	1.19393706	1.15507948	1.12287235	1.11118758	1.06199718	1.00506020	0.957746863	0.953629255	1.02425826	1.06483746	1.17807412	1.34300947	1.40389204	1.41860580	1.25966072	1.12550974	1.02327538	0.931878686	0.841898859	0.768503487	0.699478507	0.651211143	0.634721041	0.590954483	0.583056688	0.541546524	0.523472369	0.552432954	0.558468699	0.574743629	0.567025959	0.532924592	0.513842344	0.489157945	0.513717830	0.582299292	0.660108328	0.732314110	0.823215604	0.835403740	0.831896007	0.864971280	0.980334044	1.30649543	1.48317623	1.45045793	1.41336358	1.38759339	1.34599400	1.30963397	1.27311766	1.30754232	1.36639524	1.43716180	1.50810277	1.55703318	1.58839118	1.55369020	1.48308253	1.34517741	1.18902540	1.01077485	0.975472569	1.01217818	1.89099789	2.91479611	3.82787657	4.55774498	3.96160412	3.45676613	3.27691388	3.13535309	3.01367092	2.95511174	2.95282722	2.92314959	2.88176179	2.87712002	2.88983083	2.89036226	2.87822080	2.91697288	2.95417762	2.97906208	2.99266624	2.98331809	2.97619414	2.97993517	2.97499037	2.96182871	2.94982195	2.88009930	2.81116438	2.79217219	2.79091501	2.77157974	2.76148152	2.77925038	2.78762531	2.75183296	2.77080417	2.67376471	2.52913594	2.56404233	2.69545174	2.75411367	3.02187514	3.28533697	3.54144788	3.99069619	4.21014595	3.86839581	3.41756129	3.32752109	3.22880197	3.17504525	3.20153904	3.21341109	3.29005289	3.43335676	3.56082582	3.75996399	3.93252778	4.11932039	4.41909885	4.62987137	5.49377346	6.36796331	7.46772957	8.76984978	9.19981861	8.09592342	7.02088022	5.02646828	2.85475802	2.35746074	1.74902904	1.72830892	1.65328264	1.41491735	1.17161143	1.05038130	0.944873214	0.915356874	0.933787465	0.937910855	0.949124813	0.935872555	0.914528131	0.915303588	0.902636588	0.878391385	0.843806863	0.851610959	0.863555074	0.887034297	0.899343431	0.907338977	0.917779684	0.906239510	0.892042518	0.868940592	0.865157783	0.881427586	0.891585410	0.896320045	0.903547466	0.911181569	0.889099240	0.866008043	0.839394748	0.826719105	0.848540902	0.864874840	0.874705017	0.870459974	0.855782628	0.846414030	0.837070525	0.814060807	0.790562212	0.777852058	0.773166239	0.793380976	0.816353977	0.842602313	0.885269523	0.954716384	0.990678906	0.985155106	0.966728926	0.955871224	0.975388348	1.00093675	1.05425644	1.11701369	1.17783725	1.24405491	1.27943134	1.30887640	1.42993951	1.61413491	1.80702281	1.85202217	1.95284879	2.26998448	2.81172180	3.36303997	3.76356745	3.93141699	4.01399040	4.08247805	4.12214470	4.16381741	4.23124695	4.27794266	4.34097958	4.33052206	4.30385303	4.33419800	4.31688786	4.30480289	4.36536598	4.37834120	4.37493181	4.32915831	4.32347870	4.37891436	4.48913527	4.61677170	4.72867155	4.82310677	4.79996014	4.71397257	4.63220549	4.61450481	4.58349514	4.60356188	4.66189051	4.74882030	4.85521793	4.98477793	5.12074709	5.23255253	5.24955130	5.25094748	5.14008570	4.97437143	4.75103235	4.52073765	4.48214865	4.50414181	4.57786989	4.68074799	4.64673662	4.54018164	4.75831461	5.19207382	4.93308306	4.39388943	3.57928061	2.58228731	2.30176449	2.24546695
56.0000000	2.42775583	2.73900747	2.92905736	2.93197989	2.87285423	2.78404784	2.77852654	2.81366849	2.72554183	2.64124513	2.43942618	2.26837540	2.25756860	2.23793411	2.22182488	2.09270811	1.92463350	1.85321665	1.81223989	1.94230866	2.05427670	2.11918736	2.12126184	2.05019212	1.98643887	1.92971361	1.92494309	1.92874825	1.93288982	1.93923569	1.96126127	2.00519347	2.07960129	2.10340786	2.00424671	1.88850582	1.82053649	1.81896544	1.81205201	1.77823019	1.77240241	1.77311671	1.79604566	1.83303583	1.81940472	1.74172688	1.78448379	1.81650448	1.81384194	1.82321048	1.81175697	1.80839503	1.74177003	1.67231226	1.71659374	1.74882042	1.78549278	1.76671505	1.60871899	1.39147067	1.14228582	1.01422143	0.964391053	0.993077278	1.04422891	1.08706748	1.12574232	1.14141667	1.15951025	1.18532801	1.19758606	1.19960785	1.20974898	1.21897006	1.21134317	1.20619655	1.21794045	1.24535024	1.29528713	1.33381224	1.36426616	1.38060439	1.38714266	1.35543799	1.36014342	1.49199975	1.58160019	1.56211340	1.34755123	1.11219633	1.17424297	1.28236675	1.37943220	1.39193356	1.26391816	1.10157049	0.940565467	0.892874181	0.925016403	0.939839780	0.950894654	0.944096446	0.911100209	0.962148190	1.04207969	1.04343772	1.07579601	1.08609617	1.15668142	1.22788441	1.17907047	0.921191692	0.717911184	0.610549927	0.502860963	0.441548616	0.376148880	0.363167316	0.359677464	0.375382066	0.364311337	0.346958637	0.359447032	0.358031541	0.405739456	0.420621842	0.410956562	0.408347309	0.394517541	0.419787407	0.451532811	0.487059891	0.578310430	0.671514511	0.762022078	0.854724228	0.955013037	1.07913744	1.27907646	1.47950923	1.47411287	1.37205374	1.33280706	1.35405004	1.40662956	1.44629776	1.44751477	1.47719371	1.52930808	1.57735717	1.62101948	1.60903215	1.58047354	1.48684251	1.40923870	1.35728848	1.21557450	1.01387596	1.01263106	1.06738341	2.42704082	3.70752478	4.61907911	4.84262466	3.97690201	3.43919873	3.13063002	2.99881434	2.91394877	2.91786623	2.92401934	2.90496969	2.88434887	2.87361860	2.87619829	2.89002752	2.90831327	2.94143057	2.98425078	3.02598286	3.03020430	3.02485943	3.01701450	3.00821257	3.00845146	2.99777627	2.96512151	2.93192792	2.91861129	2.90133333	2.91470981	2.91747737	2.91296387	2.93946981	2.85198641	2.78458524	2.80245733	2.72407675	2.72799587	2.89888048	3.10021257	3.33054972	3.52597475	3.39908051	3.36328912	3.32103729	3.30255365	3.25846672	3.18359613	3.09254313	3.05974197	3.03575921	3.09670591	3.14986682	3.21566200	3.30307841	3.42083478	3.50861239	3.55083895	3.63312769	3.76677418	4.04417562	4.34035826	4.97665024	5.82966328	6.88121796	8.58007240	10.0611668	9.54889393	8.87882519	6.28302240	3.77717686	2.90657234	2.06531215	1.91100955	1.98603797	1.73391128	1.54565430	1.40323675	1.17296207	1.11681509	1.03796208	1.03765893	1.03659844	1.06510317	1.06885731	0.981529176	0.900707066	0.865003705	0.849192500	0.841313481	0.830782831	0.821104527	0.846563756	0.884291708	0.888609588	0.888839185	0.872156143	0.861511648	0.864468038	0.868020535	0.874809325	0.879712582	0.883545876	0.879742861	0.875468850	0.866637349	0.864759564	0.882110953	0.887853622	0.880634904	0.879374862	0.880790412	0.889225960	0.896473467	0.881503880	0.860904694	0.834510982	0.832732558	0.853706181	0.878684402	0.905997574	0.950297773	0.989817083	1.04016030	1.08128667	1.05761957	1.04941583	1.06872272	1.08896410	1.11439800	1.16876221	1.25637484	1.30292201	1.33132815	1.35626471	1.38873327	1.65957344	1.96242476	2.09149623	2.08317614	2.24541712	2.53734183	2.96894288	3.49654913	3.68789268	3.84980655	4.03193665	4.06563616	4.08597851	4.10394573	4.12568855	4.11787128	4.08781147	4.08230114	4.06772423	4.10341358	4.15672398	4.23240137	4.30470371	4.34076643	4.38961411	4.42721653	4.45198774	4.48577499	4.61789656	4.75166988	4.83273172	4.83246946	4.79412508	4.70206976	4.63070679	4.60064840	4.57109404	4.58999395	4.68190050	4.80099726	4.91166878	5.01488113	5.14130211	5.26888514	5.22852755	5.17836046	4.99218941	4.84595776	4.73410940	4.65873480	4.64199305	4.62320805	4.66592264	4.69272470	4.59227324	4.49930286	4.88466120	5.14899302	4.52684593	3.96907067	3.01410270	2.33523870	2.35684299
55.0000000	2.29258800	2.42553544	2.65359545	2.67821550	2.71590209	2.68624210	2.69159555	2.74154091	2.68479681	2.50465155	2.34023857	2.19851184	2.08480906	1.98063505	1.95870388	1.97646415	2.06019783	2.07776880	2.04920006	2.03760934	2.01744151	2.00648952	1.99795103	1.99650598	1.96933973	1.92890871	1.90718496	1.89444661	1.91166842	1.93515062	1.96491683	2.00100303	2.03923368	2.11239433	2.04029059	1.94788945	1.91714120	1.90103638	1.84003699	1.80439126	1.79461586	1.80928445	1.85420287	1.86622047	1.83531392	1.75726724	1.70750725	1.70421922	1.66738105	1.66175497	1.71905553	1.78067386	1.78078818	1.66183984	1.61964512	1.64774299	1.70272362	1.77260554	1.55168998	1.24297416	1.04596639	0.914153099	0.943038106	0.997290730	1.07108212	1.09110308	1.07141757	1.07996619	1.09117663	1.10715556	1.11376584	1.11175191	1.10322583	1.09362817	1.07011724	1.04856479	1.05535650	1.08541453	1.15501463	1.22684610	1.29883683	1.39130354	1.47375858	1.48946333	1.51941884	1.58819175	1.82693887	2.14594412	1.70975518	1.23054409	1.01038611	1.01100171	1.29516912	1.55599558	1.70400822	1.49358022	1.19345617	1.00674927	0.880005658	0.813913226	0.751028419	0.703985035	0.696219862	0.765087128	0.826045930	0.838391066	0.736707568	0.634739041	0.801205993	1.01107943	0.921903849	0.671011865	0.483665764	0.321384251	0.289496869	0.259804785	0.259889781	0.256951421	0.294005513	0.316017389	0.320787340	0.330688804	0.340220869	0.369925231	0.399281740	0.403505951	0.398999512	0.402415216	0.406300306	0.431365669	0.469949037	0.502979040	0.505385280	0.542122543	0.730673313	1.01064742	1.19426119	1.28984690	1.33475697	1.33073354	1.41229069	1.40335560	1.39432335	1.39561701	1.49932516	1.61337817	1.65750051	1.69443285	1.71044135	1.71573257	1.71380377	1.68472087	1.64382482	1.55065167	1.53455627	1.64254892	1.52983439	1.28771067	1.50902271	1.91189075	3.32482958	4.45995569	5.18319845	4.82654953	3.73692465	3.36268306	3.15517902	3.13250494	3.05548406	2.93805194	2.89780188	2.89456654	2.89588332	2.89331698	2.92761040	2.96324134	2.99890661	3.01736665	3.02156091	3.03033876	3.02329946	3.02873397	3.03046536	3.04185247	3.05725908	3.05312967	3.02993202	3.01346207	2.99749827	2.98896122	2.98416591	2.95502830	2.93944120	2.97444534	2.92592454	2.98411274	3.06611156	3.10878372	3.17749763	3.18566513	3.28414464	3.35535860	3.26396608	3.20180178	3.21860671	3.20687866	3.16863394	3.12567425	3.10231972	3.06960917	3.05732965	3.09009027	3.13105106	3.21479797	3.29298782	3.34029245	3.37076211	3.37766767	3.42774630	3.50483036	3.61919022	3.74281359	3.94694304	4.29211044	4.76691294	5.48533726	6.25160933	8.22237873	10.1519918	9.65917015	9.15378094	6.45287466	3.45065165	2.50760174	1.67565954	1.75070453	1.99620426	2.05093718	2.26549220	1.90032399	1.47931123	1.31450260	1.13324606	1.10878921	1.07846570	1.02911043	0.935911536	0.842875957	0.820924580	0.835840821	0.831662655	0.822234929	0.824264586	0.844624043	0.875723004	0.885329366	0.870841444	0.856849015	0.845348418	0.862802625	0.877261698	0.869384110	0.864759624	0.866218388	0.880539000	0.899575174	0.908040226	0.913772166	0.912650406	0.909030259	0.902723014	0.904723167	0.909226716	0.911803603	0.908475816	0.886911154	0.875079334	0.868729711	0.880729198	0.900236130	0.950767219	0.998030961	1.05908406	1.10870349	1.14201283	1.15564537	1.15408230	1.17763841	1.20459676	1.23214972	1.25685501	1.28778338	1.33735693	1.38664949	1.42957592	1.46003127	1.55224228	1.74934220	2.01075554	2.31321764	2.45890093	2.47181058	2.50011158	2.54372835	2.81547713	3.10679412	3.43438125	3.71690369	3.91909480	4.05145741	4.10595846	4.10373545	4.08099985	4.06822777	4.06614351	4.07936764	4.10548925	4.20374346	4.28179121	4.35219669	4.42995024	4.48660135	4.49445105	4.50881767	4.58590841	4.65084553	4.69510078	4.76126814	4.80430937	4.73465538	4.67752886	4.62178087	4.57324982	4.53695631	4.51565552	4.52101278	4.62910461	4.72380257	4.79202223	4.84357691	4.97419167	5.06441641	4.99786568	4.97277308	4.90449190	4.86525488	4.80460358	4.72321272	4.66726398	4.62234783	4.58784294	4.39045095	3.98300529	3.54834127	3.71828365	3.73482943	3.56965160	3.30542302	2.76704216	2.45143366
54.0000000	2.21491027	2.20407534	2.37803030	2.53071523	2.68350768	2.77940536	2.85231972	2.85511613	2.80536175	2.66026688	2.51062059	2.33974862	2.19243169	2.04483151	2.01804852	2.02035451	2.12978959	2.12544060	2.00345111	1.91370392	1.84573925	1.81126726	1.79721713	1.81135154	1.85074472	1.90327609	1.91670036	1.91994631	1.89786017	1.88470137	1.87932527	1.92606759	1.98085177	2.03608942	2.01180243	2.00894189	1.97538328	1.91959119	1.85302663	1.79429615	1.80318666	1.82480764	1.87889850	1.89335597	1.84984696	1.81809652	1.76341462	1.68758917	1.61441636	1.60587144	1.72880995	1.81082308	1.87649488	1.80622733	1.71215856	1.76399565	1.82322013	1.74283767	1.52515090	1.19291329	0.999720097	0.924326599	0.978008449	1.05973411	1.10148621	1.11510658	1.09796762	1.10091102	1.09937871	1.06143117	1.01058412	0.970024347	0.948571205	0.954260707	0.962714136	0.973987997	0.965593457	0.975046337	1.01373923	1.10710001	1.22584331	1.35578227	1.47394788	1.56611371	1.66971660	1.78926468	2.23155522	2.63272452	2.20922852	1.60788953	0.965711534	0.877577722	1.06194675	1.56331861	1.95443988	1.79612648	1.59445798	1.17692435	1.01167190	0.933408737	0.884773374	0.740152776	0.647346914	0.636366189	0.631471634	0.603006482	0.490319282	0.472980231	0.573218644	0.673545659	0.725234389	0.538115084	0.323008597	0.272631586	0.255457431	0.270627826	0.284543276	0.307176471	0.335894406	0.344065726	0.354984462	0.353845417	0.361982167	0.377814233	0.391412884	0.399700820	0.404218853	0.418601513	0.443664014	0.462271720	0.490132123	0.509282589	0.523689151	0.607927680	0.742615938	1.06433713	1.38606346	1.46851850	1.48233962	1.57945466	1.66639531	1.56797135	1.52790761	1.50340962	1.56947923	1.69076586	1.78540993	1.86430395	1.89071703	1.89632154	1.88308644	1.84984279	1.81084526	1.76968348	1.77254653	1.84560895	1.84737384	1.82749820	3.04383874	3.92628241	4.43477297	4.48122978	4.31574965	3.98171687	3.50394058	3.21565247	3.00607371	2.94477272	2.96601820	2.95348692	2.92614245	2.91517663	2.93385553	2.92763972	2.96939158	3.02774334	3.09156132	3.11746144	3.11811209	3.06487393	3.03383875	3.05137801	3.07757354	3.11815214	3.13446379	3.13942170	3.13357139	3.11529088	3.10294890	3.11232376	3.07162881	2.99972534	3.08944464	3.17501307	3.15071607	3.27069068	3.21351624	3.18252802	3.22514629	3.19105530	3.19912195	3.18422365	3.16471314	3.16601205	3.18581271	3.19528389	3.19197798	3.19591784	3.17211962	3.13433528	3.12841702	3.19707799	3.27953529	3.33203697	3.33824992	3.36597300	3.38762951	3.38541698	3.39263988	3.45542049	3.55274343	3.63590217	3.74581218	3.88165092	4.32430696	4.79364252	5.43953037	6.18246937	8.23499870	10.4083223	10.2222528	9.67970467	6.68073320	3.14290738	2.14813638	1.33013451	1.65935683	2.04672599	2.72193909	3.29065990	2.53025436	1.88189065	1.44904256	1.13954985	0.992334187	0.884228408	0.792298794	0.756455719	0.747213840	0.741031885	0.737316012	0.762471378	0.803520679	0.855833769	0.884563982	0.910799325	0.909267902	0.909139693	0.902303278	0.902476847	0.901841044	0.886794508	0.884679079	0.918563724	0.951419532	0.979623318	0.989390135	0.992049813	0.978164673	0.969817638	0.966894507	0.964831650	0.963689804	0.959770799	0.950213611	0.932724655	0.921319962	0.911929667	0.932978868	0.964936793	1.02779067	1.10348427	1.17957461	1.21739841	1.24240685	1.24496126	1.25952768	1.29234231	1.32896161	1.36723614	1.38919604	1.40022647	1.44687235	1.49391806	1.54858756	1.61203027	1.68805218	1.81222057	1.98228753	2.12707448	2.30173516	2.54758835	2.75008988	2.72908449	2.67748284	2.82924581	3.09871078	3.47379541	3.81446362	4.04483414	4.14358234	4.18261909	4.20894146	4.21392632	4.22718048	4.28623295	4.36125088	4.40157747	4.43230104	4.47515011	4.47935963	4.51669312	4.57507992	4.64033842	4.71269417	4.74699879	4.74687195	4.70966578	4.68211937	4.64380360	4.60696316	4.54320431	4.53820086	4.55972481	4.54811525	4.52997828	4.51397705	4.59205580	4.65593624	4.68535662	4.67752028	4.77070570	4.81766510	4.83673239	4.86773682	4.80176210	4.69982815	4.61097860	4.55859518	4.58358097	4.61265278	4.21026325	3.72901320	3.31729579	3.10715103	3.18462658	3.31754589	3.43610740	2.99987292	2.37598038
53.0000000	2.04003882	2.14308429	2.31762838	2.55555868	2.73697710	2.85747552	2.82833934	2.76316929	2.74414849	2.71808362	2.57948780	2.36101604	2.17935801	2.14314485	2.17068315	2.22797227	2.12686491	2.00040483	1.85696781	1.80230761	1.78474677	1.76846540	1.75722480	1.77149451	1.79600966	1.82512665	1.81876683	1.81601202	1.82024622	1.83137977	1.84393430	1.88170266	1.92343676	1.97030163	1.99495578	2.02021933	2.03921127	1.96826196	1.89930689	1.87034631	1.86951160	1.90972018	1.97052193	1.92819464	1.91409051	1.91914916	1.85246575	1.72055304	1.63456345	1.60834742	1.67630899	1.76938927	1.85271692	1.92440712	1.90320909	1.93626142	1.99770927	1.86633444	1.54943728	1.24979687	1.02655303	1.01531160	1.04070890	1.09557509	1.14327645	1.19597185	1.25194252	1.27046227	1.22765625	1.12622035	0.996879637	0.892337739	0.818418205	0.804990292	0.821613610	0.850932002	0.868417323	0.893344998	0.929078639	1.03057408	1.16209722	1.32984936	1.39424467	1.31848335	1.29730976	1.32228649	1.72563612	2.03867698	2.13140392	1.74171674	1.14014864	1.08525681	1.09299088	1.29419780	1.31879008	1.10956538	0.949504316	0.820316136	0.906061649	1.01386595	1.22919548	1.26824474	1.01971138	0.736549854	0.551080823	0.475779593	0.417639613	0.430442601	0.456605315	0.519122839	0.499150038	0.383032084	0.317842573	0.277598172	0.279684007	0.296077669	0.313264072	0.330403715	0.330717623	0.321845055	0.348112106	0.357403696	0.403254718	0.426394075	0.408880085	0.398454487	0.407818794	0.420970321	0.450912952	0.488821685	0.522882700	0.572316527	0.613725841	0.682990491	0.834093332	1.06821358	1.20819736	1.25041103	1.30451763	1.45613956	1.53308094	1.47695470	1.46022916	1.55103981	1.59147429	1.70303619	1.83705258	1.96253848	1.99936736	2.02705693	2.04609466	2.09376931	2.14077950	2.16502547	2.14892125	2.09103036	2.13182068	2.40911770	3.65701318	4.41362858	4.74523497	4.31566143	3.74122953	3.51055074	3.32958603	3.17693114	3.12467051	3.08898497	3.08735704	3.09820175	3.10106421	3.12153554	3.18621516	3.17598772	3.15280080	3.18852735	3.22302818	3.24876070	3.22165585	3.17650914	3.14477348	3.13733506	3.12750936	3.16933393	3.23767948	3.24490738	3.20777583	3.23309803	3.22514796	3.24207997	3.28901529	3.32151985	3.47903419	3.30367446	3.11426282	3.09958625	3.11045051	3.09977794	3.10490012	3.15670538	3.20175147	3.21049881	3.18668342	3.19841743	3.21534991	3.27269006	3.31856203	3.34417605	3.33811402	3.30727196	3.30759335	3.32058597	3.36281919	3.40853190	3.43158340	3.44210434	3.44535899	3.43956113	3.45244241	3.50538325	3.55324531	3.61330032	3.68029523	3.82508039	3.96833682	4.42490005	5.00150251	5.74774313	6.67289305	8.88520622	11.2798843	10.6566477	9.65012550	6.14876842	2.66126537	1.80035853	1.13950729	1.57443476	2.19012976	3.45058727	3.75122547	2.98253512	2.29794121	1.39760995	1.11445057	0.864592552	0.736895502	0.669023275	0.694901466	0.694628656	0.684090674	0.693392336	0.716317892	0.771950841	0.818312407	0.865894318	0.935767472	1.00991011	0.990218163	0.962722123	0.925759494	0.897690237	0.894015372	0.991654575	1.04840779	1.06740367	1.06853759	1.06777942	1.07272732	1.07086396	1.06291807	1.04291785	1.02645576	1.03048193	1.02996719	1.02563000	1.00735986	0.999804199	1.02903259	1.06694281	1.11560106	1.22202933	1.32596648	1.38355851	1.40301657	1.39873028	1.42907250	1.45951700	1.47505617	1.49940789	1.54396594	1.56335831	1.57612264	1.61553752	1.66023803	1.74979520	1.84022427	1.95466912	2.07266021	2.18904924	2.35275912	2.58309197	2.84650493	2.98434877	2.87235355	2.79282951	3.05991769	3.44942427	3.69692445	3.91646624	4.07560301	4.20790482	4.27547312	4.30913496	4.42767048	4.54496241	4.65051031	4.70702505	4.70053864	4.68466711	4.68283176	4.68501472	4.69698620	4.82015038	4.87695742	4.86424637	4.84806347	4.83096170	4.77881861	4.69532299	4.70142269	4.72068977	4.71725225	4.71536493	4.69150734	4.63352442	4.64293575	4.65809298	4.70960426	4.72261477	4.72440529	4.76187420	4.80471468	4.80901337	4.79419804	4.71934271	4.52376461	4.33738422	4.37624264	4.45576906	4.59292412	4.34221363	3.74560189	3.29836178	3.07779193	3.35507703	3.71717429	3.34357405	2.67866945	2.25898695
52.0000000	2.29380178	2.26174903	2.25595737	2.59960532	2.77299547	2.87409377	2.97626829	3.13099718	3.14866424	2.99895167	2.51093769	2.08142567	1.67841220	1.82851207	1.99432874	2.08448410	2.00867033	1.89431143	1.89479005	1.90454602	1.92377305	1.86535299	1.79851615	1.78190565	1.77388191	1.77438462	1.77663684	1.79084587	1.82707500	1.83749259	1.84202206	1.88073063	1.91681933	1.97572899	2.00438571	1.99686038	1.99236822	1.96807897	1.92068565	1.90438843	1.91228902	1.92527211	1.94876218	1.94474733	1.92678916	1.89792585	1.78482163	1.66271043	1.59039056	1.60407591	1.63826573	1.68195748	1.71095550	1.71689618	1.75001621	1.80988276	1.81952202	1.77609384	1.48258221	1.26778376	1.14071107	1.11692953	1.11609292	1.13266659	1.16112518	1.21255696	1.27602017	1.31616867	1.27522147	1.19196928	1.08443880	0.976762056	0.883758962	0.813419998	0.753461957	0.698151529	0.697373986	0.726165414	0.802042544	0.944975495	1.13275003	1.47866321	1.56189394	1.38158715	1.18605959	1.08987188	1.30114508	1.61530638	2.03714728	1.85826957	1.54807413	1.21016800	0.958312750	0.757095873	0.677948415	0.609952331	0.589815319	0.642418623	0.740927577	0.750931919	0.782419682	0.847325504	0.837342739	0.703347802	0.603938162	0.554013371	0.497035444	0.452395469	0.432213873	0.429644138	0.400519431	0.371996641	0.333064795	0.299450874	0.291971505	0.300573379	0.317779899	0.340252548	0.345229179	0.357906967	0.382992476	0.459953278	0.525241435	0.518651307	0.527481377	0.463814676	0.433784872	0.426408499	0.423902899	0.458761692	0.525440156	0.594902158	0.678764880	0.784501910	0.894265890	1.05326927	1.11650121	1.04727888	1.09375405	1.30534410	1.37480044	1.33889186	1.49667263	1.54897642	1.62313271	1.72555268	1.86403966	2.00585318	2.05577564	2.11277318	2.17659235	2.28192306	2.39137745	2.49558449	2.53883600	2.54133224	2.62649107	2.92955685	3.77454090	3.91203213	3.71967983	3.45803881	3.28476548	3.25200891	3.19758105	3.14749622	3.21990943	3.27999735	3.32255673	3.32602406	3.33004546	3.36438227	3.38407731	3.40013075	3.39695358	3.39922738	3.42274022	3.45312285	3.44500184	3.40107179	3.34306812	3.32941937	3.34982657	3.45741630	3.51134562	3.53116965	3.53680682	3.49636245	3.49237299	3.48344278	3.47812343	3.45775390	3.40832233	3.33001375	3.26507473	3.21023798	3.20823526	3.18415976	3.21531630	3.24945378	3.25276494	3.26254106	3.30641866	3.33256030	3.37192559	3.42589331	3.47701335	3.53728819	3.58695936	3.55579209	3.50938869	3.48024035	3.46484590	3.48884368	3.53204632	3.53256607	3.51201534	3.53180099	3.58926558	3.62451077	3.65276289	3.66998529	3.72661924	3.81028986	3.93164778	4.07470417	4.48132229	4.95421791	5.80094767	6.87865877	8.78413105	10.7933321	10.2614880	9.50624180	5.98729563	2.85700488	1.77413392	1.06598091	1.31718397	1.95269108	2.87783194	3.11548090	3.37430382	2.16269922	1.26979208	1.00667799	0.814157248	0.661260962	0.655664444	0.662571311	0.672289908	0.679084539	0.679355323	0.709894776	0.753512383	0.817917824	0.903934717	1.00361800	1.03101981	1.04027832	0.991955519	0.966757655	0.957840502	1.03290033	1.09148180	1.12601388	1.13782465	1.14080894	1.13281417	1.12939847	1.12948704	1.11934018	1.11221504	1.11433029	1.11064613	1.10413730	1.11972606	1.13532841	1.15744686	1.18195343	1.22821128	1.35228312	1.47176635	1.58778429	1.65021193	1.67588782	1.68658638	1.69784009	1.69859385	1.68027842	1.66659343	1.70139813	1.73396528	1.77047777	1.82159865	1.89017200	2.07119823	2.21517873	2.35132980	2.48885703	2.62296915	2.74902201	2.95130944	3.07236457	3.04699826	3.09832835	3.27009320	3.51175380	3.73125601	3.89570761	4.03550005	4.13648939	4.24223995	4.38190126	4.53239584	4.78277349	4.97893429	5.05144739	5.01901960	4.95654345	4.95491123	4.97228193	5.05163431	5.10999632	5.05788231	4.99887419	5.03207588	5.06754446	5.04349518	4.96042824	4.90044832	4.93036985	4.96114302	4.88830709	4.82113409	4.78813314	4.83426237	4.89389896	4.92649269	4.95481825	4.96087265	4.95869160	4.93853474	4.90575027	4.80745268	4.63067627	4.41210794	4.26784611	4.25905466	4.54995775	4.66023159	4.15377426	3.68264937	3.25779366	3.45133996	3.87207055	3.98080730	3.76964712	3.00083613	2.55876207
51.0000000	2.85835385	2.87371349	2.85747457	2.91275072	3.04812098	3.18315315	3.28629565	3.38019395	3.28961611	3.18102407	2.78473258	2.47049332	2.09731102	2.07249999	2.08520699	2.07275915	1.99131107	1.81182086	1.72328115	1.68826234	1.82988858	1.94489348	2.03265429	1.95108902	1.90203321	1.89337754	1.89543021	1.89536834	1.89744413	1.87369061	1.84721398	1.86440384	1.92486179	1.98291755	2.05653811	2.05431986	2.00152373	1.95708811	1.91929615	1.91845858	1.91099370	1.89726698	1.86579156	1.86149240	1.84715199	1.77522337	1.65114999	1.53499734	1.52072501	1.53636920	1.52827549	1.52621782	1.54516101	1.54766726	1.55728292	1.58602190	1.56609583	1.47427344	1.34284472	1.21547091	1.16254222	1.11990666	1.08559227	1.08822310	1.11488760	1.18049335	1.19876468	1.17303693	1.09900153	1.04302299	1.04185307	1.04853523	1.04446006	0.928607702	0.793086350	0.641843975	0.585768998	0.571551859	0.620972693	0.766000032	1.01593578	1.55403423	1.93740487	2.16231036	1.93869364	1.72916853	1.61367691	1.48010623	1.39095724	1.24980474	1.12281978	0.942689478	0.657100081	0.453240693	0.405203760	0.448379278	0.515202522	0.548295140	0.557052493	0.514712870	0.482990384	0.463623822	0.581024170	0.619684577	0.584940255	0.492593765	0.406792819	0.406919509	0.413436979	0.499815375	0.508358181	0.474665791	0.412065357	0.368455678	0.321959496	0.301423669	0.318783581	0.348376334	0.362293959	0.370299578	0.402364105	0.463337302	0.507138491	0.521605432	0.479957044	0.457432568	0.457535535	0.440081984	0.427824765	0.453974426	0.546458364	0.632874191	0.704634488	0.810915768	0.924888968	1.07657051	1.17476571	1.09697485	1.18493855	1.39132226	1.51646399	1.45626116	1.55020177	1.80591273	1.98332655	1.85113084	1.89543080	2.02751923	2.13687134	2.22419882	2.28809094	2.40258670	2.51895022	2.62715983	2.83526111	3.06074524	3.19246769	3.22168803	3.26758027	3.30695176	3.25703883	3.11940145	3.08325028	3.09720612	3.14644885	3.21760154	3.32444048	3.42461300	3.51010752	3.53408456	3.55935097	3.59844470	3.63171220	3.64591789	3.60349417	3.56678843	3.54659033	3.55995941	3.56085300	3.53511143	3.55119324	3.59108853	3.64291000	3.72246552	3.70910740	3.66562867	3.67005014	3.67125344	3.66324854	3.64892578	3.63884616	3.61847949	3.58328509	3.51632285	3.44635224	3.40847945	3.38495088	3.38010836	3.39758348	3.42685008	3.43980646	3.45651984	3.47317910	3.49513936	3.52963090	3.56877255	3.62968135	3.71269155	3.76632452	3.74977231	3.69970989	3.65098810	3.61984754	3.63908887	3.64246917	3.64972115	3.67774630	3.72030997	3.76995206	3.79997802	3.79012752	3.78572965	3.78751016	3.85633373	3.95106125	4.06897068	4.21016645	4.48860073	4.83590603	5.74915934	6.98888159	8.83963871	11.0266981	11.0666552	10.6755991	7.27006149	4.81259346	2.71062446	1.72770774	1.19338417	1.63562620	2.10621881	2.75394750	2.62638855	1.59646177	1.14601529	0.898562133	0.756424069	0.686151326	0.712396085	0.722138464	0.713394701	0.710778236	0.732727468	0.777183056	0.827262044	0.879449069	0.944054663	0.987755716	1.02000451	0.994785845	0.981078506	0.976315022	1.05440187	1.13215542	1.18223000	1.20064533	1.20365202	1.18669820	1.17955375	1.17949247	1.17644763	1.18037295	1.18988633	1.20459533	1.22424841	1.25425935	1.29430282	1.33352995	1.35586870	1.39908171	1.48470688	1.60471523	1.72103393	1.79812813	1.84975123	1.88798261	1.94666553	1.97770178	1.97071004	1.97842324	1.99367940	2.02920580	2.06350708	2.15036726	2.25444746	2.39433336	2.58379626	2.82166123	2.93376160	3.01900315	3.07812810	3.14004111	3.18068290	3.17326331	3.17117929	3.37731981	3.63438296	3.87277412	4.03461885	4.16617393	4.27665520	4.34846592	4.44183159	4.72543383	5.03477716	5.29983664	5.42538881	5.47935629	5.43629360	5.37671852	5.38175917	5.33596182	5.31265831	5.32405806	5.39112568	5.41729593	5.39571333	5.34277058	5.23766375	5.17603445	5.13046551	5.03932667	4.91649914	4.84819889	4.84722137	4.93605852	5.09089470	5.19304991	5.17058754	5.16730499	5.14757872	5.08229208	4.99241924	4.81314898	4.53828716	4.26841116	4.05986834	4.05604506	4.06934309	4.06036377	3.80419946	3.49485469	3.35723615	3.45003200	3.73501635	3.67454028	3.34719229	3.08533764	2.95462227
50.0000000	2.99221277	2.95798302	3.01517415	3.14412498	3.54610991	3.93572950	4.06506252	3.59278488	3.07754064	3.00909257	3.12422848	3.51765513	2.95359254	2.54415965	2.17829728	2.06644273	2.00346255	2.03733945	2.06655908	2.09989643	2.17272305	2.08303928	1.89222562	1.89168334	1.95010996	2.05711699	2.04020572	1.99369800	1.92051578	1.86300290	1.81171870	1.76632631	1.77651274	1.86494040	1.92236114	1.97963572	1.97617960	1.94696939	1.90662122	1.87300730	1.87033820	1.85509157	1.78949583	1.74846315	1.71402562	1.61886024	1.51924109	1.46558797	1.44347763	1.38486814	1.32913792	1.31023800	1.33894873	1.39438081	1.43642807	1.44842184	1.42431486	1.33045983	1.22456729	1.11178446	1.04298043	0.999866128	0.999048293	1.02217329	1.06244934	1.13365293	1.16789472	1.11707926	1.01826441	0.933053792	0.965294600	1.02571070	1.08972144	0.995485008	0.869319379	0.711035252	0.618136585	0.555193424	0.534096062	0.621843100	0.822213352	1.25573409	1.77948928	2.27043867	2.33942175	2.19971418	1.87996769	1.34049594	0.881490231	0.575846612	0.595482469	0.577698469	0.418989599	0.329763591	0.297473729	0.371694952	0.429235935	0.459329724	0.403137356	0.343175024	0.321248144	0.352197379	0.437157393	0.494886249	0.500490725	0.402678013	0.375897616	0.390230626	0.505123913	0.595253527	0.563517332	0.512626290	0.423776835	0.357050896	0.309751898	0.295701087	0.294726938	0.302567035	0.309659064	0.324652314	0.370334178	0.448189199	0.485878319	0.473149449	0.442721546	0.429688096	0.444630235	0.455210626	0.461152047	0.486160547	0.544324994	0.634729624	0.705335796	0.790856659	0.892587543	0.948444545	0.916436136	0.993703723	1.21689355	1.47953224	1.51837134	1.28017724	1.48372269	1.78877163	1.94108975	1.88376856	1.95710254	2.10053229	2.19995809	2.30429220	2.40956879	2.53160763	2.64763570	2.75454736	2.95747280	3.14071774	3.22517014	3.27530169	3.25862265	3.17607260	3.15555382	3.14165282	3.17755151	3.18543816	3.15491629	3.28041553	3.44545412	3.60890174	3.69679689	3.74924588	3.81766248	3.84415054	3.84167814	3.84073567	3.82267213	3.75990248	3.71269870	3.70468497	3.69446826	3.67715025	3.71069908	3.75753403	3.81555510	3.86824894	3.88976812	3.87051201	3.86377645	3.88033867	3.86556411	3.82902265	3.82268381	3.82114005	3.76963902	3.70482039	3.62482786	3.58302259	3.59099483	3.57342315	3.60078120	3.62043595	3.62082696	3.61570168	3.59862328	3.62972069	3.68819618	3.75928307	3.84362745	3.90920472	3.93797660	3.94192910	3.86926413	3.80698729	3.80932784	3.82999396	3.84210777	3.83914018	3.84617138	3.89228249	3.92675328	3.92655683	3.92421603	3.91212368	3.89704728	3.95508528	4.03802156	4.12686920	4.20042372	4.34496641	4.59363985	4.85268164	5.83865643	7.16244984	9.31553078	11.7700748	12.3137417	11.3475018	9.60995674	7.86415195	4.68344212	3.14641905	1.69398212	2.00926876	2.34944487	2.88840675	2.23454309	1.35938668	1.07492614	0.884334207	0.780899048	0.811964154	0.848112464	0.855048954	0.834754288	0.804002404	0.815741301	0.837803423	0.873277187	0.912769258	0.940459728	0.953470111	0.964735210	0.978555560	0.982875586	1.07292461	1.17377067	1.22189331	1.25244725	1.27296937	1.27990592	1.28361309	1.28225219	1.25285172	1.26800573	1.32010710	1.33540499	1.34920442	1.37482190	1.42194963	1.47847092	1.54170656	1.59201646	1.64006555	1.72283828	1.81724679	1.91508472	1.97696245	2.03950930	2.11764526	2.21008801	2.28150058	2.28181458	2.26140499	2.27904701	2.32980323	2.37720037	2.42506242	2.58966947	2.76064205	2.97758961	3.19265628	3.25830960	3.34339261	3.49525213	3.42903614	3.24014187	3.22219205	3.37634563	3.68798208	3.95234942	4.19215775	4.39272881	4.47081470	4.53129768	4.63606071	4.84225559	5.10676813	5.34409189	5.56838131	5.73908997	5.74551678	5.78277159	5.68237352	5.57399559	5.58216858	5.62722206	5.70667124	5.80688906	5.78822708	5.66483545	5.55335712	5.46226406	5.34759331	5.16113758	4.99896526	4.92812729	4.93128061	5.01346636	5.04043293	5.06194210	5.07294798	5.11034060	5.12145853	5.06040430	4.90165377	4.73037863	4.43928528	4.19047928	3.99023581	3.81876564	3.73870277	3.60829425	3.49528337	3.42314553	3.38716865	3.51808357	3.44526696	3.19801092	2.98739243	2.93751287	2.97621226
49.0000000	3.07110906	2.94194293	2.85052729	3.07142496	3.55367613	4.25041151	4.18038082	3.82149792	3.24260092	2.97564888	2.80368567	3.10184717	3.22753596	3.30600071	2.76746321	2.20990896	1.54281390	1.78365684	2.08338332	2.46336317	2.24116707	2.05723524	2.03789306	2.15137386	2.16909647	1.85376382	1.72118163	1.71413207	1.90925133	1.90912318	1.82021546	1.71788335	1.71138752	1.73415101	1.78045201	1.81463814	1.87613213	1.89305580	1.90496528	1.88988709	1.85025454	1.81907201	1.77115035	1.71294487	1.60868156	1.47477376	1.40747905	1.36904907	1.32197607	1.24742746	1.17084599	1.15263438	1.15203023	1.21424401	1.26038814	1.29600859	1.26780701	1.21304011	1.12930703	1.02464998	0.943740726	0.906631291	0.917221665	0.950654924	1.01158059	1.08678520	1.14792335	1.08306861	0.992385387	0.899074078	0.929982245	0.979518235	1.04222453	0.989544988	0.907981217	0.794607818	0.699029982	0.633884430	0.607551813	0.742309928	0.908933759	1.11848044	1.26581538	1.43005610	1.57155192	1.67642140	1.67952311	1.43485641	1.01471329	0.566951036	0.391174555	0.338115603	0.312004089	0.252797037	0.241284221	0.270241201	0.349820644	0.399734646	0.387349963	0.381668419	0.375353277	0.383609504	0.401471257	0.426975131	0.378423333	0.335777760	0.355940670	0.422300160	0.533852577	0.498209029	0.455044270	0.369149059	0.314426154	0.296343356	0.296842307	0.286369205	0.277148128	0.275976002	0.285037935	0.338327974	0.430497348	0.483584374	0.515580475	0.464621753	0.399052829	0.396536380	0.426393360	0.499173135	0.529063225	0.535057902	0.580695808	0.626253903	0.672931492	0.731635869	0.784189343	0.828938901	0.925853789	1.06807458	1.26898921	1.47112846	1.57588065	1.41294897	1.36903608	1.68575835	1.78843391	1.91091883	2.04375887	2.17574000	2.25109506	2.36310053	2.50242782	2.66466260	2.79648876	2.90289450	3.04834175	3.15347099	3.18630719	3.27367735	3.33735704	3.34408450	3.38651657	3.42276120	3.45034957	3.42794800	3.39979577	3.47131610	3.62387371	3.81201696	3.92520380	3.97585225	3.99642706	4.03179121	4.04704666	4.05382395	4.04262209	4.02060747	3.91138411	3.83361316	3.75994802	3.78979421	3.84777331	3.90611386	3.97094965	4.04786015	4.08098125	4.07620144	4.08161068	4.08996153	4.07312632	4.05234623	4.03499365	4.03789473	4.02072382	3.92085266	3.82910705	3.82893562	3.84361577	3.82528925	3.80452466	3.78007388	3.77877951	3.75155997	3.72826242	3.75386763	3.84056807	3.93796706	4.02353477	4.07586908	4.10665894	4.10234165	4.02070475	3.95096755	3.96078849	3.98660254	3.99957180	4.00095510	4.00530148	4.04355335	4.05475712	4.01761532	4.03645372	4.06078053	4.01419592	3.99300289	4.00933647	4.01324558	4.09648466	4.20489502	4.32245064	4.50853968	4.76902008	5.65171814	6.52033520	8.85821342	10.4700136	10.2576885	9.46559525	8.70381260	7.23871517	5.61342001	3.17762280	2.29016018	2.51625824	3.18612027	3.53030872	2.18375635	1.39705360	1.01222062	0.890621960	0.830479026	0.839854062	0.866164267	0.878120720	0.827229559	0.811556697	0.818009973	0.854303718	0.884961367	0.916657209	0.969775915	1.01326895	1.04274070	1.04070675	1.10489047	1.19681203	1.24783349	1.29407191	1.33551931	1.38064885	1.41841793	1.44169629	1.39358449	1.44943202	1.55636132	1.61565626	1.61844909	1.59477258	1.60777664	1.64550102	1.70463884	1.77629173	1.86092710	1.94183362	2.03165793	2.10582662	2.16049886	2.17724109	2.22379923	2.33150959	2.36054468	2.36542487	2.34862614	2.36883020	2.38637018	2.61764622	2.77930093	2.89821959	3.08509398	3.31852913	3.46885204	3.61437130	3.88786316	4.06712961	4.04251957	3.81981373	3.64567780	3.72009659	3.83637476	4.03658772	4.28396893	4.48119545	4.59055948	4.62188387	4.70960236	4.84793282	4.98334646	5.16063452	5.31966066	5.53070498	5.80991697	5.94974041	5.97745323	5.97164345	5.95281744	6.01482248	6.02492380	6.00047874	6.00093126	5.97678947	5.87209082	5.70618105	5.49204540	5.28234816	5.13921738	5.01142406	5.01531267	4.99005127	4.93468809	4.86679602	4.86528730	4.86995840	4.85243225	4.77457047	4.65012264	4.46696615	4.30484295	4.07118464	3.83235288	3.64243984	3.52981806	3.47362995	3.45985913	3.44901681	3.40998912	3.38315630	3.38675189	3.32645249	3.21578836	3.07301378	3.04227805
48.0000000	3.11235714	3.05415559	3.01565313	3.32180953	3.83838582	4.12554169	4.23030329	4.30387211	4.08804417	3.77866817	3.29776359	3.29160452	3.37790585	3.09225583	2.37444544	1.68339968	1.35584772	1.35339200	1.45655417	1.69300008	1.71043050	1.71868885	2.04973412	2.47039461	2.72095442	1.96448481	1.61430478	1.50041318	1.54591846	1.65037477	1.75911844	1.69531202	1.65257704	1.68994951	1.69467402	1.74477661	1.84544420	1.97306931	1.98957181	1.95369852	1.90604162	1.86017621	1.82844067	1.74178302	1.58683968	1.43098128	1.31651497	1.25761962	1.18338120	1.11235034	1.05472577	1.02427852	1.01464987	1.03950298	1.07586789	1.12505901	1.13060164	1.09847951	1.02337992	0.947870612	0.883493245	0.840137720	0.821512818	0.829149127	0.926241159	1.00438130	1.06040812	0.990605533	0.925360680	0.872987747	0.929111004	0.979446948	1.00661612	0.912617922	0.808978379	0.707419455	0.670667708	0.663261771	0.686112523	0.867672026	1.01903975	1.12780368	0.970506728	0.858644664	0.816155970	0.854187846	0.791440606	0.564490795	0.486622095	0.429634064	0.401574969	0.352198780	0.302074552	0.215748727	0.191305444	0.224329680	0.305176347	0.366446853	0.414496809	0.460248500	0.534093857	0.530552149	0.469115317	0.413225263	0.355694413	0.325181514	0.324450731	0.373728245	0.403579444	0.393371254	0.353026807	0.304806232	0.294609606	0.304860950	0.322243214	0.293523133	0.272934705	0.271164238	0.320134312	0.429017037	0.494686782	0.521992147	0.451196641	0.373433053	0.349577248	0.338523120	0.429719031	0.527806044	0.587870657	0.605957806	0.609804690	0.618752122	0.661362469	0.708302140	0.804557443	0.887151003	1.08578014	1.27664709	1.35590971	1.53994381	1.70258474	1.56761503	1.74798083	1.95040512	1.88751233	2.07285547	2.21477318	2.31734490	2.33230472	2.42242551	2.56229520	2.75443912	2.91323590	3.03582764	3.10654235	3.17402506	3.24719214	3.36874962	3.46336389	3.54674888	3.71190381	3.82708383	3.89075446	3.81647015	3.78347468	3.78903031	3.91501999	4.06872082	4.23080730	4.28824425	4.28219414	4.24709988	4.28576231	4.32649708	4.33638573	4.28735590	4.17111635	4.04688931	3.95755696	3.98107696	4.01042414	4.04794645	4.12393713	4.21232271	4.27127266	4.24941397	4.24276066	4.26219606	4.29520178	4.34740210	4.36824226	4.38584089	4.31111956	4.21842194	4.13690042	4.08700609	4.08220625	4.06337929	4.02884579	4.01194477	3.99938083	3.93252850	3.88158703	3.89862490	3.97001600	4.11939764	4.23802900	4.28776503	4.31328392	4.22829294	4.13381624	4.08721399	4.08409071	4.09884357	4.09715891	4.12535238	4.17712259	4.19337177	4.15747738	4.11956072	4.11074591	4.11995649	4.04889870	3.96830726	3.93177199	3.95678282	3.99193072	4.04739809	4.09773397	4.16541672	4.33138990	4.52745533	5.08195019	5.85849857	7.91922903	8.65242004	8.28501034	7.61127234	6.03232050	4.75443459	2.92354560	1.79555917	2.46257067	3.65125036	4.58257294	3.67644787	2.02987623	1.35915840	0.975478292	0.885058582	0.929749668	0.931177497	0.847555220	0.806736231	0.794763386	0.818712711	0.832910419	0.838587642	0.842813313	0.897954464	0.960723341	1.03364277	1.05375159	1.10336828	1.18302202	1.27993894	1.32890117	1.34783137	1.40427279	1.46522295	1.51835120	1.51132023	1.70725834	1.95099473	2.05734801	2.04242849	1.97698832	1.89013040	1.88760316	1.92230642	1.98779702	2.11443782	2.24844551	2.37076402	2.44444609	2.47961593	2.47497606	2.51023388	2.55061388	2.56494808	2.56646585	2.53427196	2.63265848	2.82468820	3.03551865	3.09916592	3.18895721	3.30574870	3.47740793	3.69764519	4.03897667	4.34410000	4.65550947	4.82016182	4.72101927	4.51989222	4.47770643	4.40761471	4.37011862	4.51369429	4.67340422	4.71902180	4.75142956	4.81573772	4.86934996	4.95610285	5.02727604	5.11837912	5.38873529	5.62470675	5.93132830	6.17520094	6.22886658	6.31744862	6.30095148	6.24057817	6.12166214	6.04264402	6.00947952	5.96551561	5.81866503	5.66663790	5.49582767	5.32332563	5.22562218	5.09459352	4.95738220	4.83619070	4.79192829	4.73923302	4.69939613	4.63652515	4.51790667	4.37413836	4.22895479	4.09308958	3.96281600	3.71402287	3.53356910	3.43917942	3.40231800	3.40134621	3.37958431	3.35750961	3.41264820	3.44103265	3.45162582	3.32016683	3.19913292	3.15002441
47.0000000	2.99262166	2.90400505	3.16563582	3.35878730	3.76147532	4.20245123	4.98565006	4.87642336	4.19737244	3.03156590	2.82898641	2.81044292	2.87325430	2.29953337	1.82979882	1.72908938	1.74614036	1.72378063	1.68384957	1.70748866	1.73664498	1.81649363	1.88842106	2.04706097	2.17865825	1.77131879	1.59946704	1.62640297	1.56504738	1.53214991	1.50354648	1.49412680	1.43988633	1.50307262	1.52666998	1.59492958	1.68782341	1.81114841	1.96491814	2.00946832	2.03760958	1.99284995	1.89533818	1.70796955	1.48823714	1.32638478	1.25432003	1.19984901	1.11730969	0.987472117	0.894927561	0.872723520	0.872619092	0.889549851	0.907403767	0.939161539	0.963493168	0.952194154	0.896257401	0.824641943	0.783951223	0.750945568	0.730627179	0.720853269	0.770369768	0.833664954	0.894549608	0.893292487	0.883199513	0.882562339	0.937737346	0.969914198	0.936057568	0.780469179	0.645448267	0.567038178	0.578427851	0.601557136	0.632907391	0.732900858	0.850384831	0.955421329	0.837265670	0.720489562	0.624694288	0.520441949	0.373529524	0.203724727	0.187273443	0.255690008	0.341333300	0.347521722	0.328045696	0.305153996	0.254973590	0.244162768	0.262553751	0.285310090	0.295766622	0.306125283	0.407557428	0.466716230	0.473168194	0.396946043	0.340392947	0.284324408	0.280701369	0.290946245	0.311052978	0.322407365	0.319788724	0.326463819	0.323278546	0.340458483	0.352293849	0.330972493	0.299548805	0.302512378	0.389283836	0.476550758	0.546858728	0.460837454	0.365641207	0.346622407	0.340050966	0.376339674	0.435324967	0.533960640	0.658430696	0.710084915	0.678622365	0.668602109	0.702170670	0.795694292	0.952688217	1.21298897	1.40597224	1.34060323	1.34673047	1.49897659	1.50261486	1.61165893	1.94188964	2.14418507	2.26682353	2.29763579	2.38398266	2.47414827	2.49604464	2.55681133	2.66642642	2.84568715	3.01425743	3.14798951	3.17857265	3.25523949	3.34913635	3.46448183	3.57909393	3.72773242	3.93434858	4.11487532	4.22090721	4.21216822	4.21090984	4.19425058	4.20436239	4.31084633	4.46682167	4.61444759	4.63475275	4.60397911	4.61415672	4.63024807	4.61834145	4.60221672	4.53190756	4.41228580	4.33975172	4.32081842	4.32368898	4.33119011	4.39352942	4.48329115	4.51652575	4.49472475	4.50673008	4.52310801	4.61627197	4.70758057	4.77198648	4.70783043	4.61236334	4.47436333	4.39040995	4.34839487	4.31493139	4.29128265	4.26322412	4.24323559	4.20228577	4.13976908	4.10944796	4.10426188	4.20473814	4.31652403	4.43329096	4.48366642	4.44862127	4.36594152	4.26710081	4.22762299	4.24523687	4.24020720	4.22572803	4.24976301	4.28255606	4.30120611	4.23748207	4.18786907	4.15765190	4.09971189	4.00506115	3.93723822	3.92592549	3.89837956	3.89397144	3.91180205	3.91648626	3.92869234	4.01323414	4.12379265	4.19047022	4.90267038	6.29241896	8.92518902	9.50713062	9.89810562	7.72202778	4.61616611	1.78592181	1.28448355	1.76190841	3.61963153	4.47000885	4.51973248	2.92326117	1.82877624	1.12597489	1.17858171	1.20921624	1.13783181	0.933816910	0.854008615	0.869693696	0.889202952	0.864583910	0.827712715	0.820589066	0.870416641	0.938802302	1.00267708	1.03096366	1.08975017	1.19736648	1.27638364	1.32664740	1.35500681	1.41454804	1.48571348	1.56749916	1.67383301	1.97029924	2.29766822	2.53129745	2.41866136	2.32369328	2.30672216	2.26949263	2.26371098	2.29554224	2.40785909	2.47201061	2.51888609	2.67787075	2.80400991	2.88064241	2.90758681	2.97040033	2.97194123	2.85070682	2.79806781	2.80361366	3.04930735	3.24339700	3.30900764	3.30644131	3.43279576	3.67648315	3.91460204	4.13589478	4.41725063	4.76353931	4.95656776	4.99982929	4.99833536	5.07724094	4.95331717	4.77886820	4.78271246	4.87722731	4.95231199	4.98061991	5.00579166	5.04123116	5.14162922	5.19028425	5.37141466	5.48574972	5.68249273	5.94726515	6.20706177	6.35164738	6.41092825	6.43284082	6.34599066	6.15827465	6.02020121	5.98133993	5.84271288	5.72782516	5.66667271	5.56146574	5.42838717	5.29412508	5.14662457	4.98066092	4.88228846	4.81301451	4.71049118	4.55472803	4.41842604	4.27793264	4.11651707	3.97143722	3.86206532	3.75686288	3.64984775	3.53811312	3.47761822	3.44401884	3.42955327	3.40138650	3.35113621	3.32489157	3.22829032	3.15356541	3.04149866	3.03388119	3.04938722
46.0000000	3.66981912	3.87838745	4.22363901	3.73101497	3.36202407	3.43584561	4.22281170	3.55850649	2.22545743	1.93849266	2.14078832	2.60062146	3.11749196	3.28618789	3.05569649	2.62176704	2.34548616	2.15431547	2.09878707	2.05510592	2.07616830	2.42076540	2.52367616	2.42543817	1.85978806	1.58421171	1.51299512	1.67618287	1.67191637	1.56260729	1.39981031	1.40028107	1.36409247	1.38651049	1.40893710	1.43073642	1.43842828	1.64090586	1.97753203	2.31501889	2.26712680	2.25266743	2.03167939	1.78007615	1.57967496	1.32851005	1.23391950	1.10602295	1.01851630	0.937347770	0.880677342	0.844845176	0.809745789	0.810444951	0.801140368	0.803446591	0.835078955	0.828646541	0.780397177	0.688392758	0.672896922	0.672457039	0.663747847	0.665530562	0.674756646	0.693318248	0.751587093	0.787530184	0.808495164	0.860057950	0.943663657	1.00207734	0.944964051	0.802620769	0.677571118	0.606829643	0.625825465	0.695897222	0.809352696	0.971723497	1.04496038	1.02941990	0.798974633	0.590032816	0.405433416	0.286691755	0.255418569	0.235625744	0.220916152	0.236713693	0.250883281	0.252805680	0.218380332	0.187848717	0.162816480	0.183533758	0.191718727	0.188982710	0.175201938	0.175368965	0.224040240	0.302721113	0.322409481	0.272157848	0.229285449	0.211193278	0.223617598	0.235846072	0.242359906	0.244499028	0.256361037	0.273699373	0.285165370	0.328896731	0.383199126	0.368897021	0.353444397	0.370534331	0.425006628	0.502610385	0.468359292	0.392547578	0.353674054	0.342878401	0.379301012	0.422657967	0.481196105	0.627270460	0.793136179	0.797286928	0.759558260	0.740457356	0.748900771	0.966793060	1.25214183	1.33899987	1.31606424	1.37650037	1.54875672	1.62747216	1.65498626	1.79503715	2.10775828	2.16678309	2.27668118	2.41297936	2.53950763	2.64172363	2.65289497	2.85725427	2.95603561	2.93601179	3.06596303	3.18000960	3.27773380	3.37727809	3.48613763	3.60233140	3.72811675	3.92566109	4.15060329	4.36436415	4.51786470	4.61594391	4.69297361	4.68452978	4.66267443	4.69108438	4.78702068	4.91330099	4.99718332	5.05028439	5.06067848	5.07984257	5.06363010	5.04544401	4.96422434	4.86626959	4.74892330	4.79968739	4.79600954	4.75379848	4.79059362	4.83544970	4.83270121	4.86490917	4.89319754	4.89596796	4.95319176	5.06034279	5.05837011	4.97857809	4.81451130	4.68340683	4.63789654	4.59180355	4.54544258	4.48083830	4.44695520	4.43334055	4.43843746	4.37817097	4.35207319	4.35909462	4.44848585	4.58309031	4.64661217	4.66895103	4.63994026	4.59156370	4.48635292	4.42834806	4.40747595	4.37525797	4.34321785	4.32633877	4.36133337	4.36098862	4.28830862	4.22507477	4.17245626	4.04957104	3.91460991	3.84850860	3.79786086	3.79591131	3.82173896	3.83508921	3.85359025	3.85741520	3.89242125	3.95769548	4.09446478	4.45714140	5.73113441	7.53210211	9.11817551	9.49691963	7.89521551	3.77518678	1.84931993	1.44750381	2.41833735	3.44414520	3.90017653	3.78522325	2.82444978	1.77453220	1.45243359	1.51441264	1.62360859	1.31342328	1.11069584	1.04436505	1.11584234	1.05050302	0.938279569	0.812573969	0.802736640	0.840087414	0.912036300	0.980225265	1.03369606	1.09881580	1.18820941	1.26964939	1.33814955	1.39947772	1.50231028	1.64204788	1.78383684	1.88602412	1.92358136	2.02451396	2.19006586	2.19104028	2.20361400	2.24825621	2.35857391	2.42843604	2.53025699	2.68993068	2.70105481	2.71555829	2.80267859	2.85728502	2.90247679	2.90728521	3.05345392	3.08112550	3.05488896	3.01900196	3.14821219	3.43297505	3.62048125	3.63913774	3.48110843	3.78242612	4.09820414	4.38328362	4.50436115	4.61693287	4.84971809	5.07535839	5.19898319	5.23102808	5.25438356	5.18173265	5.07065296	5.06755161	5.13895464	5.21203566	5.30319834	5.35329866	5.46758986	5.60583687	5.76663113	5.84207344	5.87006664	6.01055098	6.21663857	6.38006258	6.46101093	6.43984652	6.38071203	6.28700256	6.18727016	5.96497107	5.72854805	5.62425613	5.60292530	5.58084726	5.53199196	5.41156435	5.29530859	5.17580271	5.01211739	4.88005972	4.75967646	4.58764553	4.35435581	4.13152409	3.95658278	3.80301499	3.71293283	3.61191034	3.52432656	3.50054359	3.48299575	3.44738078	3.42936087	3.44980454	3.50192690	3.46893311	3.35977054	3.18566871	3.02046132	2.97883296	3.09322572	3.31255007
45.0000000	3.96826553	4.55316305	4.90848494	4.16523170	3.15694714	3.11994004	2.79548120	2.12114525	1.96050823	2.01853228	2.12290692	2.49245334	2.60613132	2.68427086	3.19673109	3.17668700	3.22884297	3.04831815	2.59706116	2.23083520	2.05734730	2.12780929	2.17434883	2.17794394	2.04707003	1.92177284	1.76924098	1.65684891	1.55758822	1.50760007	1.49314117	1.43023753	1.43689609	1.53988993	1.57424605	1.43594491	1.47717583	1.72984684	2.14203596	2.42081046	2.46212173	2.12706733	1.80128157	1.54050052	1.44719863	1.40452695	1.35091281	1.25751746	1.16184747	1.00152218	0.949628174	0.894402742	0.788004637	0.776791453	0.777367473	0.756560206	0.761676550	0.732965827	0.679450274	0.616477668	0.693097174	0.841857791	0.710303783	0.636026382	0.616100430	0.635966659	0.718611896	0.780826330	0.800492465	0.846802831	0.909540057	0.964463055	0.958115518	0.878246605	0.807070374	0.785297513	0.763162553	0.856581867	1.03474510	1.14036918	1.08243144	0.928409755	0.663217843	0.546908379	0.443204641	0.335464537	0.325855464	0.307303190	0.295775980	0.309795827	0.253486782	0.186685935	0.133742169	0.112545356	0.106813438	0.127780542	0.110932559	0.119127601	0.148011118	0.165060729	0.172622874	0.191265836	0.182958484	0.165864959	0.143904954	0.161050320	0.171819344	0.176248804	0.166861445	0.166267440	0.161071926	0.186685905	0.224920809	0.277597457	0.325164229	0.357770890	0.374136478	0.396329761	0.446375519	0.422331810	0.388690561	0.360966235	0.340385765	0.354481936	0.410149455	0.476530612	0.611542106	0.783319592	0.878310740	0.871876121	0.811239839	0.799307287	0.897616684	1.08465052	1.26570177	1.31604910	1.30170953	1.39052653	1.63808417	1.78261995	1.97381163	2.21362901	2.53616309	2.70988059	2.54587674	2.58048272	2.78080130	2.93790889	3.10108542	2.97270513	2.94561934	2.99932694	3.14051318	3.26588249	3.37345338	3.47100616	3.60590529	3.74743485	3.87658882	4.13696384	4.39583302	4.63295937	4.81589699	4.95626068	5.04655170	5.07755613	5.04237413	5.00952625	5.07109165	5.18680525	5.30445385	5.36435366	5.41629124	5.44896746	5.39229870	5.35008812	5.33043051	5.35353327	5.33619785	5.29723501	5.23488760	5.24216986	5.28128910	5.20121098	5.19869566	5.24347591	5.28663397	5.31753349	5.35773087	5.37392092	5.36308575	5.23107481	5.03919935	4.92123652	4.86998129	4.82142735	4.72419930	4.60337257	4.54551697	4.52017450	4.48508120	4.49829245	4.51898813	4.58449030	4.63648081	4.74847984	4.85811996	4.86626673	4.83306789	4.74588442	4.67137384	4.61800003	4.55845547	4.49825191	4.44802380	4.43599796	4.45288754	4.37599182	4.33663797	4.23305845	4.11281300	3.99162984	3.88898492	3.81776786	3.79008794	3.79485154	3.79404783	3.81088805	3.82634878	3.86272669	3.90175581	3.91405702	3.98599410	4.39119768	5.44738865	7.07904148	8.14545918	8.42455769	6.33613253	3.20491576	1.56337130	2.18917394	3.17158699	3.85071778	3.86295772	3.58160853	2.32424927	1.40256715	1.36946654	1.63610852	1.87177396	1.53282964	1.22297406	1.18658304	1.21504259	1.12630892	0.972155571	0.805723190	0.769450307	0.795496345	0.849201798	0.921328485	1.02390409	1.14082778	1.23117411	1.30318773	1.39011765	1.50226629	1.64441288	1.81125510	1.95879519	2.03238010	1.99561465	2.15737581	2.45342445	2.52672386	2.39872551	2.43873787	2.74767351	2.82379174	2.88016009	2.96146202	2.94567037	2.92805076	2.89902973	2.90396023	2.92175412	3.01390433	3.34154963	3.28952146	3.29306054	3.31345034	3.46420002	3.72513604	4.00726461	4.11926603	4.26507092	4.47766399	4.57449913	4.73464203	4.72668839	4.96026278	5.15129709	5.36869287	5.49887466	5.50945520	5.52504635	5.49044991	5.43893099	5.43653202	5.49910450	5.61295223	5.69127035	5.75606298	5.91957140	6.19214058	6.33750296	6.44576693	6.44119024	6.49277735	6.51198149	6.57402182	6.51696157	6.43313026	6.28152370	6.13249207	5.92676830	5.78423452	5.63256359	5.42264938	5.42586803	5.49036598	5.41352701	5.33957195	5.17585897	4.99686384	4.83856058	4.64270544	4.49315262	4.28290033	4.08931971	3.89492559	3.73670340	3.57948232	3.48600245	3.39494252	3.32904172	3.28702807	3.26149273	3.31276011	3.47925520	3.64712238	3.80055165	3.84737539	3.71062279	3.24437261	3.16582274	3.25309825	3.44376779	3.61649656
44.0000000	3.66171050	3.78915334	3.40201616	2.52301478	1.96178329	2.09425116	2.50638771	2.32105374	2.24650931	2.11281753	2.71325374	3.01921558	2.80180788	2.14138865	2.13358092	2.51677108	3.99388218	3.93390203	3.81954956	2.98741770	2.39495039	1.97375977	1.65194416	1.61365020	1.59920490	1.60556257	1.65373850	1.66187024	1.64118886	1.58600092	1.54839742	1.55754650	1.54550529	1.61907768	1.57759833	1.49762666	1.46839178	1.82409978	2.44445777	3.93121719	4.01535082	3.64435482	2.71049905	2.28499246	1.68089402	1.41179907	1.29139912	1.18728507	1.29302502	1.16187847	1.02944589	0.927604795	0.801199436	0.732789338	0.731759846	0.727603197	0.693969131	0.640265048	0.586858332	0.552715182	0.549620628	0.545159519	0.503825724	0.512354910	0.541868389	0.582070291	0.725652695	0.914831996	1.11521304	1.14127064	1.08319175	0.977927744	1.01823628	1.08680761	1.12030268	1.06792843	0.992877007	0.910358012	0.841803074	0.791293681	0.679751277	0.547684550	0.419784486	0.472309917	0.563556254	0.631116688	0.568973482	0.423241913	0.299206108	0.231305048	0.176364720	0.126575276	8.37482363E-02	8.00654367E-02	7.07875192E-02	6.60607144E-02	5.17053641E-02	6.73185661E-02	9.10173655E-02	0.116938807	0.112451762	0.117376558	0.124879681	0.139787272	0.151419610	0.160001278	0.155545190	0.148715273	0.138144955	0.151878238	0.168906242	0.195254654	0.213112801	0.235354349	0.271898657	0.335005939	0.392826974	0.462821007	0.414220303	0.323647201	0.318625957	0.328610867	0.349943757	0.408017516	0.487123936	0.587833226	0.728284299	0.946852565	1.01827586	0.905014813	0.824179649	0.818794727	0.936668158	1.12550914	1.27474999	1.28483784	1.29004848	1.39812195	1.67152882	2.04863906	2.35638213	2.85833406	3.12150335	2.99569273	3.07057381	2.97405457	2.87643695	2.92161655	2.99508405	3.04133177	3.13861632	3.26756883	3.39449048	3.47738838	3.58663511	3.70368886	3.86581802	4.05022573	4.24375486	4.47660828	4.72043657	4.93103361	5.08645248	5.20094061	5.31409550	5.40880156	5.36312008	5.36499739	5.39561987	5.46766376	5.58996487	5.70781088	5.73297787	5.69299698	5.63439083	5.57768154	5.63493204	5.72343779	5.76943970	5.71682549	5.66600084	5.75149393	5.69808960	5.55625820	5.49301672	5.55501223	5.63530827	5.70623207	5.73029947	5.70765686	5.64893103	5.55415535	5.38572741	5.22325420	5.13188362	5.03651714	4.92574024	4.77576828	4.66711807	4.56290865	4.57048464	4.60590649	4.72661781	4.85268068	4.92935276	4.96557426	5.00496912	5.02917099	4.96452665	4.90234470	4.86155748	4.77162933	4.69125509	4.62451315	4.57854176	4.47992802	4.36739302	4.34691000	4.32164907	4.21872663	4.08764362	3.94666171	3.87841082	3.83105731	3.76429367	3.72797585	3.71651530	3.70445776	3.69579196	3.70700932	3.71895552	3.74358964	3.86732531	4.22071409	5.31319094	6.64435482	7.78216505	7.95007896	5.74096441	2.48105359	1.83818448	1.92503238	2.01271391	2.40221095	3.33050418	3.87764430	2.32575679	1.52028298	1.39635003	2.02990818	1.96188831	1.42079687	0.923927724	0.976418555	0.997099936	0.965653896	0.905195534	0.821130455	0.805648983	0.836012185	0.856872797	0.902656019	0.996985376	1.13809311	1.29342377	1.42571819	1.55372250	1.68603992	1.80729651	1.90078568	1.97844040	2.04500651	2.16742253	2.42904520	2.68278551	2.71295857	2.52574921	2.62554789	2.95346928	3.22941518	3.20998478	3.07288814	2.86870623	3.00113845	3.29577470	3.41753173	3.31201601	3.30187249	3.36791134	3.44232273	3.52752614	3.65842938	3.81145048	4.06901598	4.35003805	4.58377123	4.54359818	4.72601700	4.87182522	5.13854790	5.30977583	5.46729803	5.56999683	5.80741119	6.00623274	5.98918295	5.90946198	5.76470661	5.71873093	5.73611498	5.77722549	5.84166527	5.86445189	5.98295832	6.22010803	6.52767897	6.79532337	6.87703753	6.87261391	6.81921244	6.71544647	6.59410429	6.46944618	6.30761385	6.14769506	5.94130230	5.76964235	5.64455032	5.53647852	5.40896797	5.27853298	5.21732330	5.19592285	5.09810400	4.91831207	4.71917629	4.48301649	4.29486656	4.07490492	3.90628099	3.77311397	3.67373586	3.51872206	3.37990761	3.29923296	3.19984269	3.10714865	3.06489301	3.07015681	3.22504115	3.58854318	3.96075320	4.25081778	3.93839645	3.10039210	2.74453831	2.87194395	3.21630335	3.81761837	3.91724062
43.0000000	3.31656361	2.87259197	2.22285104	1.71996701	1.40611684	1.23163784	1.98768580	2.25869393	2.27890515	2.04603410	2.39150453	2.57903647	2.66284490	2.33939028	1.89294624	1.32552588	2.13613939	4.05585575	5.93101263	5.47481537	3.94901776	2.36799288	1.91933858	1.84117746	1.79358852	1.79846144	1.94008470	1.92573082	1.85817599	1.80357182	1.91037011	1.99407542	2.03948355	2.15973091	2.01709223	1.62984097	1.66338730	1.79329896	1.99741101	3.26679564	3.89559221	5.05823565	4.36860800	3.51589251	2.49541855	2.02322292	1.82712948	1.43337023	1.41130233	1.28687108	1.10455489	0.948790073	0.777839780	0.639338374	0.590251684	0.570828974	0.564018488	0.519918501	0.491117775	0.478344947	0.473129272	0.438434631	0.449530542	0.499708086	0.579325676	0.635537505	0.799822807	1.07269490	1.49707294	1.86510825	2.04904222	1.98143995	1.79925048	1.63255394	1.49096167	1.38779938	1.23683178	1.01488245	0.792016566	0.695487559	0.552607894	0.438089043	0.359035909	0.350825727	0.508310616	0.648799241	0.698304296	0.374850750	0.172507688	8.39419216E-02	7.07666427E-02	5.81522360E-02	5.12143187E-02	6.00163266E-02	7.84756765E-02	7.74676800E-02	7.13282377E-02	8.15673620E-02	9.07430425E-02	8.57073590E-02	6.63127229E-02	6.84712827E-02	8.52962434E-02	0.112098239	0.124221608	0.136833116	0.144253448	0.145920247	0.159644172	0.182233423	0.208267197	0.232806951	0.244176477	0.235530689	0.294790328	0.367765903	0.443412006	0.470047683	0.396755278	0.316206723	0.282712311	0.330603838	0.401986092	0.498546690	0.588660479	0.705367446	0.874021649	1.07712805	1.10693383	0.880615473	0.745086253	0.815536082	0.944098532	1.12424397	1.30732489	1.37361455	1.42510092	1.69094443	2.02187228	2.48353696	2.81108880	2.88798404	2.99113345	3.02045321	2.85397410	2.67516565	2.73210192	2.90902519	3.11412740	3.23818278	3.43050265	3.64295077	3.85341358	4.02153206	4.18652058	4.35646296	4.53687525	4.71284151	4.84562254	4.94750404	5.10702085	5.25179672	5.39658165	5.55359745	5.63982773	5.69050503	5.68186092	5.70616627	5.70672131	5.74979973	5.87934160	6.01768112	6.07358074	5.97223186	5.87382936	5.83868980	5.94642639	6.05128336	6.13906479	6.09774971	6.10378695	6.11897469	6.05254984	5.94374418	5.81766748	5.85344076	5.95215511	6.05106115	6.02073193	6.02519512	5.97838259	5.81963730	5.64689016	5.49659109	5.41596460	5.31659794	5.10522938	4.94465208	4.83785582	4.81447077	4.80015898	4.84530830	4.95942545	5.02351522	5.12025404	5.20916653	5.26684237	5.25558043	5.16397429	5.08228302	4.95103264	4.84582949	4.77843714	4.72099400	4.64722919	4.51327753	4.46499538	4.43121862	4.36653280	4.25019026	4.06046391	3.91558242	3.81347156	3.73766685	3.67690754	3.61176419	3.56923294	3.49325228	3.44488597	3.47126985	3.52929568	3.56283283	3.59470606	4.08987522	5.09131098	6.34193802	7.46353054	7.22562122	4.77959299	2.49966931	1.59094942	1.47130561	1.29999018	1.48047638	2.09215450	2.24429822	1.62700260	1.40778279	2.09227896	2.56815505	2.17871785	1.09727347	0.779338777	0.810422659	0.939591467	0.884971321	0.837487400	0.836525559	0.883323371	0.929897249	0.923309267	0.952644944	1.02947617	1.15541708	1.37076271	1.55483139	1.71264458	1.84458244	1.94235706	2.02273202	2.10771298	2.22551274	2.47863746	2.73146462	2.87204695	2.83619404	2.77552938	2.82943726	2.98982430	3.22323895	3.33679533	3.17881322	3.01265645	3.15291524	3.48440766	3.57676649	3.47358918	3.38047481	3.51175666	3.63657236	3.73976350	3.95598745	4.18931866	4.44819260	4.69505072	4.86898518	4.96797562	5.15305710	5.42622232	5.68911409	5.88764811	6.17796373	6.41148233	6.60845137	6.60832357	6.52625418	6.26914978	6.05161905	5.95781612	5.88462830	5.86196613	5.84739208	5.94003582	6.10780907	6.39364004	6.72500992	6.97047138	7.14158964	7.23551083	7.01518917	6.72698069	6.50161505	6.27664900	6.19094610	6.08703279	5.96866941	5.81424236	5.60416889	5.40996408	5.21369982	5.04777193	4.97586441	4.93477249	4.84728622	4.68147564	4.49891090	4.29562092	4.06870127	3.79211092	3.59166670	3.52796340	3.43497562	3.31155300	3.22739577	3.12720609	2.99806070	2.90190887	2.81084895	2.80348420	3.11953735	3.96561551	5.12949610	5.43110895	4.61689806	3.24774671	2.36277366	2.38357234	2.80699420	3.17848015	3.53573871
42.0000000	1.61617827	1.42617893	1.56232727	1.58113074	1.25231969	1.28477597	1.51325929	1.71880269	1.82212985	1.83078587	1.82993758	2.05288196	2.60672045	2.73944616	2.36908007	1.92382491	1.91285634	2.62516093	4.56048727	5.24352837	4.82286263	3.45013762	2.49958730	2.31158304	2.36633539	2.37256050	2.21546245	2.22284818	2.33372307	2.43486857	2.55841780	2.69639516	2.92140579	3.14005899	2.76711702	2.21826649	2.08829021	2.05088472	2.11465716	2.40515351	3.22964001	3.99584031	3.71207070	2.37626767	1.84898448	1.68187320	2.18529868	2.02784491	2.02927256	2.47637939	1.71382678	0.986113429	0.714681447	0.530164778	0.481258035	0.502287090	0.498093128	0.459642231	0.432673931	0.419222891	0.419334501	0.408157915	0.447770149	0.530532002	0.661021948	0.830833912	1.02054965	1.20541251	1.55293286	2.06051183	2.36364341	2.22263050	1.68579066	1.43872488	1.36455047	1.36536205	1.31719613	1.00741172	0.681292832	0.594608366	0.469888568	0.348296434	0.258843601	0.217455804	0.350877613	0.405904323	0.332109362	0.140838474	7.61803240E-02	4.51058410E-02	3.89030389E-02	3.71354371E-02	3.65781598E-02	4.54118401E-02	7.31239244E-02	9.99244750E-02	0.112225667	0.121078797	0.124504566	0.111532323	8.16192031E-02	5.60131222E-02	6.27811179E-02	6.67735189E-02	8.30124021E-02	0.103072315	0.128347188	0.161962554	0.200221181	0.248240143	0.288234025	0.298499763	0.319098949	0.344969988	0.405593306	0.432442069	0.452674121	0.403599620	0.390468925	0.330676556	0.327227771	0.381272405	0.463194698	0.531938195	0.652151525	0.818410337	1.00439346	1.21332157	1.12586617	0.956615686	1.00233078	0.972929478	1.08643103	1.25494063	1.40815008	1.54376853	1.73233235	2.10748172	2.56798434	3.12047863	3.14485908	3.00650334	2.88406444	2.79251266	2.80430245	2.81762075	2.94983006	3.16991162	3.37702560	3.56285119	3.83200979	4.18723345	4.55266285	4.89228535	5.10960770	5.27343273	5.38557291	5.46792364	5.50377846	5.54748297	5.57269478	5.65651369	5.79295301	5.94711685	6.09854603	6.16042757	6.15456009	6.13252258	6.06336784	6.14872217	6.28941584	6.43530941	6.41154480	6.34056234	6.23430347	6.20155096	6.22653818	6.28904676	6.33549309	6.35432243	6.38997316	6.40986156	6.39063406	6.34828615	6.20283842	6.13016844	6.12831259	6.21104193	6.26834393	6.35552502	6.26135588	6.11852932	5.93300295	5.80654144	5.74456930	5.52754259	5.29922485	5.12309313	5.04549789	5.03483105	5.07181740	5.13437796	5.24673605	5.29257393	5.36046743	5.53023958	5.62861347	5.54976988	5.40052557	5.20240736	5.04680824	4.93639469	4.90219927	4.89141655	4.78157282	4.66066265	4.61251879	4.56093025	4.41158485	4.20296097	3.96380043	3.77776575	3.67720485	3.61573052	3.53977132	3.44707036	3.35618639	3.27982831	3.26911020	3.30182004	3.31127882	3.31690812	3.39337087	3.76405048	4.98143005	6.07815933	7.09994268	6.00611258	3.71768761	1.95403016	1.57767272	1.31631553	1.16131246	1.36230910	1.71296716	1.39665675	0.914636850	1.08463824	1.93861938	2.39682603	1.70898485	0.903232098	0.725967348	0.914371192	1.24759364	1.01424170	0.859513581	0.807898998	0.843722582	0.878556907	0.909581721	0.988529742	1.11911833	1.26190078	1.42378139	1.60085022	1.76925242	1.90153873	2.02172709	2.18676090	2.34351516	2.46455193	2.58845639	2.72841263	2.86582756	2.97454810	2.99852133	3.00560045	3.20508265	3.50856996	3.88872385	3.84384608	3.53798938	3.27300620	3.33660316	3.55095220	3.57927132	3.59651804	3.76356244	3.91893625	4.09510612	4.35286713	4.61998987	4.87910223	5.17307663	5.52884054	5.68501663	5.79460764	5.95818281	6.11776018	6.46530867	6.91112709	7.29807043	7.49113846	7.61831856	7.19977188	6.74065351	6.38047266	6.15053463	5.99456787	5.93306780	6.00259495	6.16079426	6.39383078	6.63664865	6.84280825	7.10305452	7.41150045	7.29667854	6.95805883	6.60051823	6.34834766	6.20955801	6.12887716	6.09098148	5.95046902	5.72147465	5.46942186	5.20388317	4.95954943	4.79798889	4.70003366	4.64074469	4.55676699	4.38083220	4.19910336	4.00011539	3.76718116	3.57386684	3.41886163	3.36113143	3.27976441	3.14382029	3.00208092	2.86665487	2.73682880	2.61834121	2.53585005	2.56869650	2.78813529	3.87050271	5.02458668	5.90604591	4.53692436	2.96185017	1.98864782	1.97836065	1.93166125	1.85075426	1.92604613
41.0000000	1.20872021	1.19022906	1.17847514	1.17757356	1.05413973	1.12615132	1.21848559	1.36281240	1.62547994	1.67843294	1.75551772	1.94982111	2.23240304	2.44573331	2.76510453	2.52978468	2.10351229	2.00902605	3.10927749	3.63090158	3.92619729	3.27078867	2.62613320	2.40694761	2.58226657	2.94904900	2.83318663	2.79402328	2.87081075	3.16095281	3.36267591	3.44360018	3.40079045	2.89085412	2.58444285	2.27030253	2.62634397	3.11656165	3.75823522	3.25022173	3.74768281	4.27854156	3.15555573	2.12251806	1.37807775	1.20848250	1.35528994	1.68422699	1.99004328	2.07350445	1.57067358	0.901169240	0.665166974	0.491764307	0.444607168	0.543712318	0.523805022	0.482676476	0.445851356	0.421189189	0.418300569	0.448956043	0.496062011	0.552113235	0.763141692	1.09599841	1.39371979	1.42364454	1.58900189	1.82466638	1.81670189	1.26272154	0.916783869	0.972920239	1.08914483	0.973766148	0.775640130	0.575534225	0.410492897	0.334323376	0.221394971	0.144076332	8.82820860E-02	6.51715249E-02	5.94705567E-02	5.01674376E-02	4.04964015E-02	4.25613634E-02	5.00731245E-02	4.35153581E-02	3.78072001E-02	3.65493596E-02	4.10831980E-02	4.57437597E-02	6.02251217E-02	8.80091935E-02	0.107915752	0.118240565	0.113440320	0.105855122	0.100781284	9.25689638E-02	9.26409587E-02	0.110119678	0.115271993	0.116235361	0.125917196	0.162255615	0.222823441	0.302637607	0.332930177	0.346276820	0.380842566	0.419231504	0.438404441	0.432305276	0.358849436	0.323017895	0.327134877	0.369609833	0.409270316	0.494406015	0.549578190	0.621568084	0.765519857	0.972081363	1.19892514	1.24707890	1.22964478	1.42396200	1.53987062	1.39681220	1.44959748	1.61349475	1.70050025	1.77596855	2.02176571	2.38122606	3.03943610	3.86435866	4.66056776	4.03530645	3.29999614	3.45537424	3.49552727	3.52864337	3.65484452	3.81889868	3.97859621	4.15985346	4.39146757	4.77141905	5.18678427	5.54645252	5.78046513	5.94135380	6.01278830	6.01502132	6.02577019	6.07566452	6.12218523	6.16104317	6.26346254	6.37941122	6.51527357	6.60793543	6.56822777	6.56013966	6.59052277	6.80410337	6.96696615	7.06172085	7.00888205	6.85093975	6.66807842	6.52402020	6.39127207	6.35061216	6.37267923	6.48480892	6.58387804	6.66369724	6.69309378	6.69228935	6.60228872	6.47430944	6.40396166	6.46108484	6.52115297	6.53656292	6.48555040	6.42906618	6.27583456	6.14396286	5.97693539	5.78288603	5.58268499	5.41641617	5.29122305	5.30596590	5.36654758	5.50557804	5.60549164	5.64900970	5.64062119	5.77567625	5.87472820	5.78432655	5.60137129	5.37810087	5.15647984	5.08242798	5.09236050	4.99792862	4.88013124	4.82628679	4.80432177	4.62398338	4.43304062	4.14148569	3.85211039	3.72944069	3.66156054	3.55149794	3.47293830	3.31845903	3.14869261	3.10925746	3.14295340	3.14371371	3.06239176	3.02029204	3.04188347	3.37248063	4.16924143	5.51735544	6.61256647	5.67587948	3.39763713	2.10965180	1.44643402	1.01920819	0.870022058	1.19615972	1.40747690	1.18302989	0.829293847	1.19944298	2.01958847	2.69456244	1.49794137	1.07161486	1.20405018	1.75878644	1.56990027	1.19800150	0.917157590	0.798438251	0.810393870	0.819616377	0.869233012	0.993381202	1.19371974	1.33947933	1.50115752	1.66945243	1.83660412	1.99717844	2.11910105	2.26816344	2.43897557	2.61339450	2.75290918	2.90414238	3.07214308	3.22818637	3.33869958	3.51726866	3.80796337	4.08664989	4.23915625	4.05355120	3.51706529	3.28155637	3.36761951	3.69032240	3.70824718	3.80591941	3.98028588	4.25786018	4.49751949	4.75260401	5.04966736	5.33819485	5.73087311	6.13559294	6.38370895	6.49160862	6.58176184	6.76528597	7.12789392	7.48593092	7.84413004	8.04502487	8.01790810	7.74742460	7.39191532	6.85217381	6.39266825	6.19810152	6.18327761	6.32884121	6.48607111	6.67252922	6.78746605	6.94969845	7.19742584	7.16800308	6.99829197	6.64454460	6.32336950	6.14267874	6.04077387	5.98472977	5.87053823	5.74754429	5.43131542	5.16567183	4.94816208	4.71646452	4.55842304	4.43831205	4.32062721	4.21165466	4.05578375	3.84405708	3.64451337	3.43689561	3.29650068	3.22592115	3.18734479	3.06407380	2.92638326	2.74089170	2.57761431	2.46659184	2.37892246	2.31650543	2.32749557	2.65919113	3.30782104	4.22274113	4.34235096	3.75835371	2.66509795	2.15729189	1.93726873	1.70212460	1.43497157	1.25733948
40.0000000	1.08091938	0.912183821	0.889393687	0.980496705	1.05599594	1.06260407	1.08998132	1.36974812	1.70184302	1.45837367	1.42501831	1.57408929	1.87046206	2.08532357	2.57035375	2.80182958	2.57253957	2.34152722	2.76395464	3.68929648	5.01898813	4.03407097	3.09928107	2.50242853	2.05901694	2.59598947	3.12720275	3.58457255	3.59175944	3.35866904	2.99879432	2.50473309	2.17971158	2.39990401	2.39731765	2.49991059	2.76497793	3.09975243	3.16402435	3.05866218	2.82483792	2.99366212	2.51104879	1.96620762	1.65106571	1.58494520	1.59381855	1.65466070	1.57653272	1.28123343	1.15753961	0.867286801	0.700799048	0.599114120	0.494364947	0.552073658	0.556945205	0.529277802	0.497118235	0.503900647	0.502786100	0.501940072	0.516513646	0.583925784	0.839784920	1.28505170	1.82929826	2.20236635	2.44577527	2.71056151	2.92210627	2.93591738	2.79190660	2.28536630	1.55041993	0.762678683	0.372376800	0.236936152	0.184966564	0.134267032	6.49404004E-02	5.27126417E-02	5.08269593E-02	4.68669608E-02	4.50547226E-02	5.04072011E-02	5.31842411E-02	5.00191189E-02	4.21171188E-02	4.73162383E-02	6.06124811E-02	7.29323924E-02	8.41147080E-02	7.97227174E-02	9.37922448E-02	0.142543435	0.228281766	0.256810337	0.209340006	0.154833838	0.148978099	0.145062000	0.142773837	0.146172225	0.135683998	0.130968720	0.136218250	0.173274487	0.251004934	0.316016614	0.365796715	0.362004489	0.389455199	0.422342628	0.433509111	0.386719167	0.325659603	0.300103217	0.335611403	0.410348862	0.495580375	0.560916007	0.630738735	0.720610559	0.835569382	1.00852919	1.22515488	1.38429224	1.81348765	2.05075860	1.90474129	1.98659801	2.06070280	2.07761312	2.11943555	2.18626261	2.39404750	2.71859837	3.26992679	4.67947721	5.57109642	4.43611956	3.74740219	3.81962538	4.21615171	4.52119732	4.68430948	4.72823191	4.81573963	4.87824678	5.00384903	5.28090429	5.62927389	5.90787172	6.12687826	6.31441259	6.37121820	6.40365791	6.43136883	6.50216722	6.60758972	6.66717625	6.70261860	6.68981504	6.72697783	6.78926563	6.82303619	6.87947893	7.07956648	7.32107830	7.48319721	7.52975845	7.41424131	7.20578814	6.92411280	6.69936895	6.51031685	6.41705990	6.48741531	6.59772968	6.72206402	6.77918673	6.82389307	6.82969999	6.88891983	6.86472750	6.81098318	6.72160006	6.71644020	6.72578382	6.63037920	6.58175802	6.51917171	6.38661003	6.21175289	6.11866236	5.96450949	5.79282570	5.70677710	5.67099285	5.76020193	5.80553627	5.85682583	5.88754511	5.93024015	5.99921894	6.01224470	5.91535091	5.74135351	5.52346420	5.33931446	5.22412443	5.17149591	5.10681772	5.03618622	4.90253973	4.77943468	4.64929390	4.47368431	4.25563717	4.04322004	3.83863902	3.64980316	3.47917032	3.29843736	3.16162062	3.10368395	3.10807085	2.99319625	2.88052201	2.74597573	2.66042876	2.67685628	2.85068345	3.47409058	4.80683088	5.95629406	6.31393051	4.51001740	3.07074165	1.78632140	0.979637027	0.729960442	0.884612918	1.21261823	0.975674152	0.879703164	1.10449290	1.96930504	2.08913827	1.53613067	1.20082963	1.43085313	1.94432986	1.66449606	1.26577222	0.921401262	0.770459771	0.807649910	0.827974737	0.881397367	1.00597394	1.19537497	1.39149153	1.58637953	1.77334058	1.96118712	2.17410970	2.27888203	2.40410709	2.57751012	2.79913688	3.03999257	3.27877808	3.46778941	3.70452833	3.95618558	4.18819714	4.29556799	4.38955116	4.17182922	3.61572027	2.97833967	3.08463430	3.41762447	3.73543596	3.84567142	4.18267298	4.63149500	5.01380157	5.27902651	5.48377657	5.69161558	5.90334415	6.16274309	6.54118586	6.88501072	7.14380312	7.30844498	7.44211149	7.65377665	7.91632032	7.93178463	8.04450035	8.03147888	7.76335049	7.45820427	7.01794910	6.75105953	6.52603340	6.42144966	6.51051807	6.65385962	6.78126287	6.84323406	6.99273634	6.93897009	6.83525181	6.54061794	6.22874928	5.94147110	5.84357166	5.79399490	5.68104362	5.51583624	5.25773525	5.04364347	4.89899063	4.71773291	4.53650808	4.36062145	4.17906713	4.03620815	3.87000728	3.68628764	3.47022629	3.30939698	3.16168499	3.03588414	2.98580170	2.90243316	2.75344491	2.58290362	2.43135643	2.29984975	2.21840644	2.16966534	2.15175104	2.18135786	2.29972386	2.84209323	3.35281038	3.63799977	3.26821899	2.94519663	2.53253794	2.04283786	1.81436026	1.61911094	1.27602005
39.0000000	0.687422156	0.665627778	0.791165471	0.856178641	0.983856976	1.10461760	1.17305720	1.28584433	1.47804189	1.28213501	1.18084180	1.51959682	1.79009187	2.02475309	2.23596430	2.56481051	2.36278558	2.10608125	2.33618283	3.14344501	4.20602751	3.93603706	3.09524894	2.61160278	2.22111297	2.51332188	3.26577878	3.93342853	3.67736983	3.14265609	2.43473315	1.61980557	1.60458052	1.90240860	2.05137491	2.20141149	2.20216608	2.23224759	2.39517164	2.78145266	3.40569139	3.60188270	2.35377574	1.78745246	1.44398320	1.41356432	1.52269852	1.82787311	2.31319308	2.74219203	1.71293688	1.07722294	0.779316545	0.676071346	0.538461387	0.673875391	0.825186193	0.851288378	0.650321245	0.568331957	0.547517478	0.557669520	0.588484108	0.684064746	0.895897508	1.31606495	1.99911737	2.78048778	3.14994979	3.52865720	3.82284355	3.50011706	2.55981183	1.57106149	0.916697562	0.778310597	0.430745751	0.208596215	0.106881119	8.12843964E-02	6.37984797E-02	6.90796748E-02	6.76087290E-02	6.71385601E-02	7.44206458E-02	7.34767169E-02	6.68332800E-02	7.71962404E-02	0.130708084	0.233183518	0.249940813	0.202296972	0.147669122	0.117859676	0.170257673	0.289709270	0.441435635	0.587630928	0.839948416	0.779243708	0.532551587	0.338870168	0.221039996	0.154416963	0.137735277	0.139684319	0.169420332	0.228756234	0.309008867	0.338577807	0.374597996	0.403938025	0.475514650	0.484957427	0.434172213	0.325867683	0.316282332	0.346299827	0.430189937	0.509715378	0.589291930	0.632415652	0.695958495	0.801886380	0.884282470	1.01286721	1.19507897	1.49099410	2.03575468	2.73721623	3.23992991	2.97148108	2.79115295	2.71983385	2.71093535	2.84388542	2.98685002	3.45926595	3.97690845	5.43053007	6.20214939	4.63944626	4.08234167	4.54758978	5.54184294	5.81114006	5.83032465	5.76660442	5.71220350	5.64668989	5.69411945	5.87672091	6.12916040	6.32231331	6.44373178	6.55398893	6.60762978	6.63783789	6.70672750	6.82349730	6.97002316	7.03224945	7.03502464	7.00075150	6.98102474	6.93979692	6.98080492	7.05426121	7.21625948	7.34625435	7.47800779	7.61364937	7.47458363	7.20913744	6.95074797	6.82345676	6.60752678	6.46462107	6.51976919	6.62693214	6.72212601	6.76023340	6.84444141	6.99933290	7.08439445	7.04971552	6.98153687	6.87348413	6.83810425	6.78123188	6.65911674	6.60975933	6.61306953	6.53487873	6.41871452	6.34069109	6.22316456	6.18634939	6.09131670	6.05434275	6.01136255	5.99180365	5.98481178	6.03023529	6.11293077	6.18369818	6.19348955	6.10417080	5.93243790	5.69637299	5.51538515	5.45013428	5.37643480	5.26933336	5.13581419	4.99426317	4.87465000	4.76749945	4.62469530	4.42722750	4.13938141	3.83089757	3.54402614	3.30837250	3.15894175	3.06247449	2.96678591	2.84797215	2.71299171	2.55069733	2.40167665	2.32915187	2.29920840	2.39677429	2.72893453	3.28507781	4.41746187	4.80541849	4.72875452	3.97599816	2.61302686	1.40842021	0.648884892	0.622997224	0.824361145	0.960302889	1.01487887	1.11307526	1.42450273	1.26926291	1.02993405	1.19661999	1.74450457	1.61040390	1.30616212	1.20773876	0.840247154	0.736853778	0.763927281	0.821332037	0.901620686	1.04418588	1.26322925	1.50643802	1.73128033	1.93481278	2.11863017	2.27391315	2.38044977	2.53092742	2.73835874	3.02489448	3.39736342	3.79657435	4.12952185	4.39957333	4.47787619	4.38888884	4.27735806	4.41231632	4.05478811	3.46827197	2.95262146	3.07769775	3.60236406	3.93168664	4.36544275	4.88975334	5.64749336	6.07082415	6.41843128	6.71050930	6.63585997	6.56307364	6.64889145	6.88477850	7.18808222	7.34404564	7.47029686	7.60863924	7.61838436	7.59988022	7.59012556	7.62178946	7.54233980	7.38800764	7.13992548	6.91469288	6.78965712	6.66723394	6.66195631	6.61939859	6.58830166	6.60688925	6.64438677	6.62393856	6.56127119	6.35516739	6.10065126	5.81221914	5.60634279	5.49668312	5.38867188	5.27658510	5.09979010	4.87875891	4.73458147	4.58988619	4.42778206	4.25715971	4.07631826	4.07874060	3.89729381	3.66916585	3.37344527	3.18181396	2.98320174	2.90411067	2.84589791	2.76346302	2.62749672	2.49372053	2.31178236	2.16915536	2.07727695	2.02097082	1.96516716	1.94027102	1.96420550	2.09949756	2.39767504	2.76046300	2.86120439	2.76716447	2.58755469	2.14746261	1.96486187	1.65657532	1.22916460	0.928306103
38.0000000	0.644358993	0.815339506	1.04193366	1.19280756	1.34987319	1.61973083	1.86172557	1.83734345	1.85562718	1.99276710	1.79930103	1.72313213	1.85504043	1.99113190	1.94281197	1.86288989	1.68634379	1.76582742	2.23467040	2.71523476	3.28973961	3.62616706	2.85958004	2.36696458	2.06914449	2.24345517	3.19806385	3.62223101	3.35336947	2.71726584	2.39095736	2.61606693	2.11348581	1.66875911	1.90455687	2.21644640	2.56080985	3.09973335	3.26038337	3.67751670	4.10080528	4.87783766	4.05388737	3.23460913	2.06037426	1.45922899	1.37814403	1.78148866	2.68066716	3.64532185	2.74590945	1.85221148	1.10988069	0.942538381	0.948305607	1.10193694	1.28476799	1.32913148	1.21600282	0.925097048	0.664802670	0.585452139	0.725497186	0.863327503	1.01003039	1.20638525	1.51590967	1.84260666	2.02375650	2.31729126	2.76730633	3.18124723	2.32124257	1.37553108	0.741054237	0.609095573	0.606954932	0.339405835	0.161372870	9.84995961E-02	7.86311999E-02	7.85289556E-02	7.89796859E-02	8.77766460E-02	0.107521199	0.136040404	0.232898399	0.379218251	0.455734760	0.442188710	0.423002213	0.351548642	0.207753122	8.18589553E-02	9.05342400E-02	0.188309520	0.302742720	0.417264491	0.605620086	0.749687076	0.745296478	0.656982005	0.550097287	0.326350063	0.224310249	0.205325291	0.227190971	0.280111670	0.343250662	0.369660974	0.384834260	0.459739447	0.532641590	0.543997467	0.420276970	0.339335263	0.363274574	0.444606453	0.544237912	0.638146818	0.735001206	0.794878602	0.878882408	1.00654137	1.11270893	1.19162369	1.34357631	1.66806078	2.12110329	2.85516930	3.40216994	3.74687791	3.55535030	3.38393164	3.46317196	3.72250581	4.31897783	5.04830694	6.33162832	5.90010357	4.49189663	4.01207113	4.37911606	5.73392153	7.20196486	7.22063112	7.06584167	6.82758379	6.64790630	6.58306980	6.64536428	6.75095224	6.83486271	6.90348911	6.85818672	6.79470682	6.78103352	6.84114122	6.89773893	6.93633842	7.02579784	7.19025898	7.37006283	7.40118980	7.40182638	7.37183094	7.26817942	7.18813944	7.14730072	7.18439007	7.26691055	7.27366924	7.13507843	6.99231815	6.89027929	6.78774786	6.63187551	6.62648010	6.64155912	6.66466045	6.66933441	6.66659021	6.70758677	6.82779360	6.87374973	6.92139816	6.91509342	6.92162848	6.88426495	6.84062624	6.69849300	6.63673782	6.69848156	6.64359093	6.49495935	6.35564137	6.27248240	6.26204348	6.27558565	6.25381231	6.16348600	6.01438332	6.02577066	6.07653570	6.21000481	6.29095173	6.38167858	6.32375526	6.13955832	5.85739994	5.61347818	5.62409830	5.60753870	5.37478971	5.16885853	5.06546783	5.00551653	4.98547125	4.73098755	4.40119267	4.06895256	3.71166372	3.40011907	3.18490505	3.03197622	2.90034008	2.75099325	2.59185243	2.42962289	2.29123664	2.17123699	2.08457923	2.05112433	2.05936289	2.12699223	2.36591864	2.73653293	3.24370146	3.34796190	3.43494725	3.13425803	1.97591758	0.972486734	0.560183048	0.574526131	0.840995312	1.03475738	1.24270129	1.27039099	0.923025548	0.810822964	1.35932398	1.80897117	1.62375391	1.05187464	1.13649988	0.817058086	0.695153534	0.708595932	0.792331219	0.907081962	1.08026206	1.31764317	1.59710097	1.86769581	2.09576821	2.27755022	2.43036342	2.61592770	2.86436653	3.15932894	3.52073526	3.95886827	4.39237785	4.69096184	4.73476076	4.49496937	4.22394609	4.11263132	4.17748785	3.66387773	3.23970723	3.09707212	3.35155845	3.87220812	4.19653320	5.35087156	6.30587530	6.70257664	6.80624008	6.91834784	6.96567392	6.93954611	6.91663027	6.96924639	7.03846169	7.12443781	7.21618032	7.26530743	7.21259260	7.16323614	7.02957773	6.96221685	6.90692663	6.85061312	6.69840908	6.50154829	6.40580797	6.42211008	6.40222406	6.37759352	6.23648214	6.18781567	6.15908527	6.10838366	6.12602043	6.11937618	5.86759472	5.61379147	5.32091713	5.11810541	4.99361372	4.97217607	4.89179373	4.72146416	4.51348639	4.38567305	4.21174860	4.09287548	3.97638631	3.89318371	3.83209944	3.66023016	3.46584177	3.25975037	2.98419118	2.75942898	2.67946410	2.63922048	2.55196714	2.44614387	2.33672857	2.22534370	2.09677458	1.92395163	1.80267477	1.76443267	1.76081753	1.76456022	1.79476559	2.03627801	2.20508862	2.34973025	2.32131743	2.39520001	2.37992716	2.01115370	1.48975778	0.944747984	0.677499890
37.0000000	0.932767928	1.25280070	1.33912289	1.51417232	1.74485874	1.97400165	1.97195816	2.02295017	2.03924608	1.69854903	1.51393902	1.55741978	1.77139795	1.76685405	1.42747056	1.18791497	1.21963763	1.49565601	1.86345518	2.17841625	2.55379081	3.19167805	2.55652070	2.08868814	1.88775003	1.95768869	2.76812339	3.33556008	3.79083967	4.15662766	4.17991686	4.50890779	4.21198988	3.71633887	3.83920336	4.07459068	4.23614931	3.72826147	3.17957258	3.00128388	2.96070123	3.40468907	3.89601421	4.97437048	3.48418784	2.46956110	1.86631632	1.46174896	1.69183302	2.33168817	3.03601956	4.44491100	4.29362345	2.67980027	1.80883598	1.32095802	1.04635656	1.16720283	1.43366110	1.37910461	1.02699149	0.689840674	0.901661038	1.17362595	1.38094914	1.42563605	1.33495200	1.22493243	1.31242669	1.65947032	2.16228104	2.39202809	1.99746215	1.57616484	1.22511744	0.969590127	0.741319835	0.586849630	0.545714617	0.471000224	0.298626482	0.191922471	0.220959350	0.262501180	0.323572338	0.433740228	0.591500163	0.509034932	0.427652627	0.395539194	0.418835551	0.462479740	0.352426350	0.184487045	0.104374804	0.107027285	0.113699511	0.141414493	0.200936884	0.414108008	0.534496307	0.748324811	0.832627356	0.524844050	0.333265692	0.321992666	0.359606862	0.388823062	0.430222303	0.451144069	0.462975889	0.499653369	0.606653273	0.625564098	0.535918355	0.449184239	0.512153983	0.629826486	0.742364705	0.789250314	0.849737585	0.944871128	1.06629479	1.25146949	1.43746567	1.51154792	1.55085194	1.79871416	2.14938426	2.67655110	3.06052637	3.37533927	3.62975478	4.03093100	4.19849491	4.71038675	5.60039854	6.87262487	5.89150476	4.35568619	3.43972230	3.94023943	5.16845942	6.34552145	7.57720947	7.77155066	7.55852747	7.35101080	7.15783358	7.05687284	7.08556890	7.14345646	7.17967749	7.18794107	7.14022684	7.02339458	6.93581438	6.88931274	6.85301256	6.92015266	7.02468395	7.19081450	7.41180086	7.57627392	7.62519455	7.59868717	7.47671652	7.26385498	7.10917425	7.00519657	6.94631672	6.86907434	6.79600668	6.73989916	6.71197510	6.67531681	6.64577913	6.71566391	6.73389292	6.73572731	6.69680500	6.54594755	6.53325367	6.53858471	6.55087519	6.67260838	6.82789755	6.95098257	6.95132875	6.79413986	6.61548090	6.57785559	6.67297983	6.65966463	6.49372196	6.31652451	6.19580078	6.29257870	6.33282232	6.31280851	6.21157742	6.13666582	6.10507298	6.25498390	6.37928534	6.45482016	6.47865820	6.38312006	6.19146156	5.92656851	5.77335167	5.74356365	5.64665651	5.44009495	5.23994780	5.14506531	5.11138964	4.88260365	4.58084154	4.26582479	3.89288235	3.54545069	3.25024199	3.03589368	2.88697886	2.73109341	2.53789139	2.37675166	2.20466018	2.06733155	1.95968091	1.89210021	1.83813119	1.81600201	1.77125335	1.73335814	1.85448384	2.17538571	2.44308233	2.49528241	2.57026958	2.00620937	1.26106560	0.597471774	0.516012490	0.632998765	0.855635762	1.07624745	1.14642429	0.880655050	0.903173745	1.22968948	1.48458171	1.51249099	1.02565873	0.970878959	0.779884577	0.657609105	0.685600519	0.803584874	0.901451528	1.06806099	1.31034446	1.60984743	1.90908217	2.18400860	2.45325613	2.72320604	2.97522950	3.34442115	3.78504586	4.18503237	4.47361040	4.66884232	4.85411835	4.84024382	4.53810596	4.20818710	3.93097973	3.65519953	3.26921391	3.18284845	3.40399694	3.68441272	3.97361732	4.40818167	5.83245134	6.56462145	6.79459238	6.81774521	6.82992125	6.78574800	6.72898960	6.68470192	6.66141319	6.71321487	6.69698334	6.68526936	6.63236904	6.49696016	6.39965630	6.29889250	6.20177078	6.17604065	6.05126190	5.92274714	5.78572369	5.86260653	5.86650419	5.75558901	5.71027517	5.58956623	5.53103065	5.52098370	5.55851936	5.66251755	5.55729580	5.33080578	5.06287956	4.84943056	4.69770288	4.64890766	4.65419817	4.55388784	4.41071558	4.27277994	4.07730103	3.89294505	3.78786373	3.69868064	3.58512497	3.49406075	3.32164431	3.10099959	2.93184066	2.71219468	2.53278375	2.48372507	2.42432761	2.35798717	2.23440766	2.15018058	2.03598571	1.87965357	1.74357283	1.63178861	1.57840776	1.55485499	1.56885111	1.57850993	1.58924031	1.66215026	1.84649110	2.13933372	2.40177083	2.29390430	1.85664594	1.23236990	0.748472393	0.715132117
36.0000000	1.10532606	1.18001294	1.19858122	1.20764220	1.26911378	1.30058062	1.49827313	1.76483285	1.44650459	1.19441164	1.01110971	1.05143464	1.46258044	1.49292862	1.30604601	1.07146013	1.23819685	1.39692819	1.56543410	1.74946249	1.97387338	2.22548032	2.10430002	1.90656924	1.94193947	1.80037069	2.06366754	2.43953919	2.90315509	3.46802187	3.62243867	3.97192335	4.03196764	3.65459394	3.73586774	3.98619080	3.68970490	2.63087940	1.65111125	1.48511672	1.58172834	1.70490026	1.81602156	2.59808421	3.12074065	3.52797484	2.84970379	1.93843019	1.41885591	1.34780979	1.63164032	1.82890081	1.77081418	1.63974452	1.28712535	0.817276955	0.652330756	0.804484069	1.06304610	1.25669014	1.24471438	1.04912055	1.15532708	1.46519923	1.88039815	2.29414701	2.48917317	2.52907276	2.30061245	2.02388334	2.03939199	2.65150046	3.48238754	3.28839040	2.49866629	1.66199458	1.09901297	0.685527802	0.482071698	0.417326391	0.383543223	0.343018800	0.419336647	0.473270386	0.507336497	0.497099519	0.388625056	0.356366128	0.337698013	0.368203670	0.431667358	0.475117952	0.489386111	0.491610229	0.446505874	0.417335749	0.383680075	0.323224545	0.365806043	0.525607169	0.555962443	0.590453267	0.596726656	0.595156312	0.501844287	0.465760767	0.508929849	0.511860967	0.504399598	0.514532864	0.531193674	0.585257769	0.658796430	0.712229013	0.651289701	0.617021322	0.683042347	0.817707658	0.952097833	1.03294373	1.06582463	1.15230238	1.29086280	1.50488353	1.73207748	1.90908289	1.99734628	2.11599374	2.37202716	2.58704281	3.00076199	3.49126983	4.08540154	4.29921436	4.54713154	4.69840384	5.50463629	6.01507235	5.30549431	4.01059628	3.34310174	4.06584597	5.29027987	6.35493803	7.01981354	7.22402906	7.11031485	6.99152994	6.90573597	6.87999868	6.91992807	7.03077173	7.14190531	7.15884495	7.08826065	6.96999025	6.91495419	6.81860209	6.78132391	6.83951759	6.88496876	7.03552771	7.21571159	7.39986706	7.43001080	7.32464123	7.18965912	6.97397375	6.79916763	6.68083668	6.58297014	6.54538584	6.50636816	6.47706270	6.45345545	6.42168951	6.44244623	6.52532339	6.57527733	6.61296368	6.49320936	6.42588329	6.45462894	6.37278891	6.43884039	6.59036398	6.73872614	6.77836084	6.76031208	6.66137266	6.50653553	6.48936224	6.61572933	6.46219730	6.32438850	6.18675470	6.19788313	6.27293253	6.35904694	6.30169439	6.24201345	6.26954651	6.40554333	6.48774052	6.47167587	6.47210693	6.42026186	6.29816961	6.16731071	6.08172274	5.94934988	5.82779980	5.67169714	5.50562096	5.28079844	5.11311817	4.89075470	4.66629171	4.45422554	4.10400867	3.70234156	3.36167741	3.06704521	2.79589033	2.61082649	2.49548888	2.35954523	2.19575429	2.01087213	1.85891044	1.75315094	1.69297647	1.63172579	1.55059695	1.45096767	1.37317324	1.37682295	1.51006544	1.93983328	1.85993350	1.74476659	1.52374530	1.05920136	0.664004147	0.550807893	0.623035431	0.805954278	1.12970388	1.02570486	0.840327859	0.858107448	0.965363741	0.969484329	1.01544833	0.886418581	0.816263258	0.714726031	0.636260390	0.718138814	0.812801600	0.914886653	1.07906401	1.31163347	1.60283101	1.94826829	2.36240697	2.81221271	3.11911488	3.32575989	3.74888372	4.23897839	4.59548473	4.74799061	4.77885771	4.85624313	5.11695242	5.00633430	4.42107868	3.83030844	3.46169448	3.36078548	3.42527270	3.61526966	3.74465609	4.02195358	4.83159208	5.89365196	6.29904366	6.43357038	6.44137526	6.39260578	6.34532928	6.29159975	6.21063375	6.16120148	6.10857201	6.04054689	5.96891069	5.84197712	5.76098871	5.69336510	5.61894608	5.58849764	5.54141283	5.46995497	5.43124008	5.42861176	5.43512917	5.36382246	5.29521704	5.20956230	5.06531954	5.01306677	5.08913326	5.25696230	5.23135710	5.10874987	4.89250898	4.65285635	4.50059462	4.46092463	4.39947510	4.29026604	4.17961550	4.09747219	3.87115979	3.68569875	3.61253667	3.51628494	3.35406971	3.25357223	3.15745068	3.01992702	2.83591247	2.58350110	2.37339997	2.24806523	2.17915034	2.10051346	2.00149202	1.90955317	1.82348347	1.75109756	1.65815198	1.53255105	1.38903189	1.31421959	1.32602835	1.32926536	1.35734320	1.31543207	1.30261242	1.39723063	1.85156143	2.13387418	2.03302813	1.42199063	0.963115275	0.806538939	0.960108399
35.0000000	1.04576981	1.07624745	0.918374419	0.728921533	0.517528117	0.422509700	0.494511813	0.578383207	0.671558380	0.690249681	0.633712292	0.782033086	1.08375847	1.32926774	1.31013286	1.17038739	1.18266547	1.24043560	1.28753555	1.40591526	1.56818020	1.68064487	1.73490536	1.82734919	1.57679343	1.33451223	1.15070987	1.37986267	1.76748240	2.09923720	2.42765927	2.66086793	2.84769130	1.97058678	2.66268086	3.85044765	3.63104987	2.04442000	1.03127539	0.810509026	0.919032514	1.02722251	1.04433262	1.20494151	1.63002753	2.66716003	2.92689991	2.42710590	1.54039466	0.879887521	0.805487812	0.644966662	0.586200237	0.548791945	0.520202100	0.450358570	0.455075264	0.595239103	0.838284552	1.09711587	1.16418660	1.20238483	1.34536898	1.59808040	1.89048517	2.10750341	2.13739777	1.95317066	1.86177528	1.96049726	2.19208741	2.56046963	3.25591850	3.74000478	3.86961222	3.39181304	1.99470305	1.11689198	0.620501757	0.386659473	0.316763997	0.316986471	0.366888255	0.342116624	0.328633934	0.313894808	0.307637274	0.342923760	0.384868115	0.418602943	0.431657314	0.419344544	0.447213560	0.532126784	0.699920654	0.839572489	0.920689166	0.957644641	1.02591360	1.01139331	0.994566977	0.933744252	0.947460234	1.15749657	0.971177697	0.699112058	0.590287685	0.579785764	0.508258820	0.486158401	0.600563526	0.709747136	0.758332074	0.792234719	0.728335440	0.818556547	0.941791713	1.05841506	1.20801890	1.28758526	1.36986184	1.46499753	1.62739813	1.81933486	2.01816154	2.15330768	2.33464742	2.55876684	2.79469228	3.06580830	3.29291320	3.63620591	4.03133774	4.09794331	3.67035031	3.81939793	4.17848444	4.81691456	5.83075619	5.32244492	5.08492136	4.53098440	5.22128439	5.85301876	6.24332190	6.42347193	6.42790651	6.34841108	6.35259342	6.40111446	6.46243906	6.54239893	6.61954689	6.63404655	6.57567310	6.51626873	6.50064564	6.44891977	6.43318558	6.46728420	6.55024862	6.65686464	6.70325899	6.70736551	6.68472433	6.56573296	6.38373995	6.30882645	6.23416424	6.18746853	6.14489651	6.10898352	6.08938694	6.08438301	6.09567547	6.12747145	6.16732168	6.27248430	6.28621626	6.19691801	6.10404921	6.11782694	6.14526796	6.15755415	6.24310350	6.31813335	6.45685244	6.55318213	6.53191137	6.39937449	6.28017235	6.29097605	6.24570322	6.15061760	6.03093672	6.04363441	6.10796595	6.23094797	6.30012226	6.29434776	6.25859785	6.40028477	6.55368519	6.59008265	6.52734232	6.48908091	6.41046810	6.31291294	6.27034330	6.15359592	6.01776361	5.81258965	5.62733841	5.42913818	5.23082304	5.01584530	4.77175236	4.50190783	4.21327066	3.93785787	3.53239632	3.19446850	2.88776302	2.58698297	2.40348244	2.30154490	2.20198989	2.05055785	1.84798861	1.70158815	1.59638906	1.50082052	1.44120526	1.33225060	1.19946027	1.10267067	1.09310687	1.17526758	1.36909950	1.53091216	1.45704532	1.24734306	0.872420371	0.606250823	0.454582810	0.542008817	0.854295850	1.27561176	1.46175182	1.19205225	0.898334622	0.789250374	0.647763908	0.576580286	0.578424215	0.641750395	0.630997956	0.612277150	0.745989084	0.832628191	0.928956270	1.14377391	1.45466769	1.79942608	2.18696404	2.64701605	3.11459827	3.45765328	3.67392135	4.08726931	4.48111200	4.71364498	4.81935406	4.86527634	4.90422106	5.08815050	5.12491417	4.39812994	3.69996405	3.42486501	3.42319894	3.53526616	3.63340783	3.75698090	4.37227535	5.38040686	5.82696056	6.01891804	6.09730005	6.06352282	5.99539566	5.83898926	5.67509460	5.57885838	5.50350332	5.46384764	5.37820530	5.26330233	5.17295313	5.15860891	5.12879229	5.08830976	5.07038784	5.03118324	5.06233358	5.07135391	5.08956480	5.03620291	4.98625803	4.91296911	4.79523373	4.69306993	4.69676828	4.90239620	5.00173283	4.93492889	4.67480659	4.41240406	4.19969177	4.16563845	4.10706139	3.99795032	3.81583643	3.70135474	3.53924847	3.42267704	3.34304667	3.23424101	3.11861038	3.02329993	2.95357537	2.86499715	2.72977400	2.49910784	2.28229856	2.12571645	1.98949683	1.86491168	1.74554145	1.63837945	1.55990303	1.54586232	1.48995495	1.39479911	1.26211536	1.18915844	1.16272652	1.15962470	1.15744388	1.17621291	1.20908165	1.19174242	1.38234460	1.74628663	2.06107783	1.86097312	1.24685931	0.761964500	0.897628367	1.01254475
34.0000000	0.618595183	0.518955112	0.516650438	0.487303942	0.409770697	0.312191278	0.258059502	0.234928086	0.275304258	0.341081291	0.441599727	0.615996718	0.867347300	1.07172072	1.17827415	1.17631578	1.12963748	1.14773250	1.15102363	1.22661865	1.39651203	1.55604661	1.48068643	1.42963564	1.31234682	1.09177494	0.961676717	1.08321702	1.13343406	1.21639109	1.39114511	1.58761513	1.61020434	2.01973629	3.03398418	4.17094994	2.98102522	1.51378918	0.582101285	0.557677448	0.612154067	0.645816267	0.645666540	0.642684221	0.812728047	1.38452613	2.23307800	2.89756155	2.62991524	1.46361518	0.915723324	0.643834114	0.519070268	0.443309039	0.477822244	0.521279991	0.580278933	0.645742059	0.768978715	1.00590122	0.984944820	0.999795556	1.28124070	1.75443769	2.07971931	1.92100596	1.74043083	1.74364424	1.93686771	2.14233041	2.12796521	1.82201636	1.75800657	2.47919035	3.83839989	4.71946001	3.71487188	1.94476831	1.01529646	0.515473902	0.267509520	0.181686953	0.226479605	0.189998627	0.223857358	0.282083750	0.324974895	0.347806096	0.389026791	0.414735138	0.428973824	0.426051378	0.428672165	0.510647058	0.877678573	1.11800158	1.14746249	1.05286324	0.951138675	1.07512641	1.21513247	1.29598927	1.50437450	2.00745773	1.53225493	1.01245034	0.768903077	0.766357183	0.691528380	0.687671244	0.821142018	0.974700689	1.08130682	1.02503371	1.05524921	1.15265095	1.28187501	1.38965547	1.52426159	1.64126015	1.79402900	1.90472543	2.01537728	2.17512155	2.35763788	2.53746486	2.74201417	3.04294515	3.35615611	3.56845093	3.82752061	3.83895016	3.82605934	4.09101152	4.17310047	4.64909554	4.73523903	4.96428347	5.01883364	5.27285385	5.15995264	5.00913954	5.22953081	5.46821690	5.63452148	5.68395901	5.65705299	5.60737801	5.68611574	5.77932215	5.85637474	5.87674999	5.88990021	5.89452887	5.86885023	5.87698174	5.88646078	5.92128944	5.87198544	5.90133095	5.94780874	5.99244595	6.01695871	5.96134663	5.89084148	5.81788778	5.74033785	5.66530466	5.59855509	5.57354784	5.58248234	5.56467247	5.55891848	5.59035158	5.66453075	5.77669191	5.84927368	5.87988281	5.83157158	5.67496777	5.65768862	5.68838978	5.71607876	5.79055214	5.87215185	5.95256472	6.11163521	6.19392395	6.16107559	5.98528624	5.85340643	5.79134035	5.81320286	5.83778620	5.85848618	5.91184998	6.03003502	6.10970497	6.15092134	6.11078596	6.24159527	6.44994783	6.63098621	6.67628145	6.56477785	6.49051762	6.42407894	6.38425350	6.25114059	6.05608845	5.86115122	5.67431498	5.47632933	5.32974863	5.13197851	4.88971853	4.59378767	4.21693611	3.95449781	3.66311812	3.36229348	3.04200983	2.67837429	2.37317204	2.26078629	2.17834115	2.01296687	1.87451851	1.71819580	1.56405306	1.46712387	1.37133002	1.28976834	1.19110036	1.02742410	0.952528298	0.932675779	0.942075312	0.988360584	1.03997302	1.06886232	1.02596760	1.02801895	0.739417732	0.469387382	0.368185669	0.562836230	1.00287426	1.51879895	1.74236751	1.46248555	1.02708721	0.692711294	0.533363104	0.530907869	0.595440686	0.583620489	0.619684577	0.725210667	0.817350447	0.942386389	1.19207454	1.55873811	1.99378288	2.48828793	2.96148300	3.39044690	3.67407918	3.92419696	4.26161146	4.48334122	4.57252407	4.69068050	4.83049917	4.82967424	4.70060015	4.45480442	3.91423392	3.45697021	3.35853648	3.32728720	3.38425517	3.63311553	4.23323631	5.14772415	5.97995520	5.87835503	5.74250507	5.62788105	5.48592377	5.27188873	5.00947618	4.85239983	4.80935907	4.83053350	4.82207775	4.74081469	4.68307209	4.68269682	4.66587973	4.68638515	4.70329618	4.69160271	4.71843624	4.73939800	4.68544674	4.63744402	4.65858030	4.63710022	4.55572033	4.53584814	4.53208447	4.68898249	4.77506733	4.78508234	4.62966013	4.28783131	3.99124122	3.82422233	3.77576566	3.67228961	3.52973461	3.37159872	3.27539611	3.17832327	3.08577657	2.95145440	2.82358932	2.76120853	2.69918346	2.64759398	2.53984261	2.34247017	2.14574027	2.01087713	1.87941158	1.74722958	1.60164499	1.46584797	1.40037549	1.39896011	1.33947802	1.26810002	1.21464288	1.14316559	1.05829692	1.03269160	1.03212726	1.04589427	1.04271042	1.14790261	1.25583112	1.24951255	1.43924475	1.75256991	1.59094727	0.801720023	0.579599321	0.632697821	0.733875096
33.0000000	0.299621493	0.284212083	0.294742793	0.329598725	0.332790494	0.297359288	0.261442780	0.251373589	0.281830311	0.367748648	0.434788555	0.469596237	0.648195088	0.816829860	0.905430973	1.06037509	1.04028833	1.04067659	1.01614749	1.13132727	1.63723373	1.80874300	1.39872229	1.05521905	1.02937889	1.16688669	1.05004370	0.963874817	0.913804591	0.963271499	1.11416328	1.24330831	1.40085804	1.90954292	2.75509238	2.93939686	2.16708899	0.947283149	0.484431118	0.446554810	0.464712501	0.443864167	0.468620658	0.463949263	0.535844147	0.802840292	1.38330781	2.32717276	3.07219720	2.63105059	1.73091662	1.05078387	0.661488473	0.510917008	0.530135989	0.597157955	0.601881087	0.543513596	0.575514019	0.874443591	0.904292703	0.793252766	0.913891733	1.41700017	2.04564261	1.99919891	1.78233671	1.71603727	1.79229522	1.81427479	1.54566562	1.10283911	1.12912631	1.41558039	2.03364944	2.88294673	3.57835913	3.81839752	2.23787308	0.984561086	0.320230067	0.116004251	0.141946554	0.183587775	0.236294657	0.309002429	0.342475891	0.331094146	0.336995274	0.385495186	0.457212955	0.556798279	0.676920235	0.875280261	1.21120560	1.32286167	1.14680147	1.08621287	1.06938505	1.06019282	1.07956791	1.20784402	1.72685874	2.10005212	1.81831753	1.25068533	1.14589298	1.16883576	1.13769650	1.02356493	1.04970026	1.11377954	1.18339050	1.26506150	1.42193735	1.59246802	1.71025503	1.76373065	1.92488384	2.16050768	2.35285354	2.46681452	2.50091863	2.56497407	2.76500010	3.07174516	3.48627305	3.88996983	4.20523214	4.21854830	4.48232317	4.51737642	4.32820415	4.37214708	4.50835371	4.73090649	4.95948887	4.77577019	4.79319954	4.78539753	4.83020687	4.94667482	5.00483465	5.06831598	5.06531000	4.95205069	4.94120789	4.97339201	5.01077509	5.06623459	5.13943434	5.16623974	5.19864511	5.22736263	5.21969461	5.26574039	5.25065374	5.21914721	5.20168591	5.22349691	5.23096800	5.26706266	5.28365755	5.25294781	5.21225691	5.15029240	5.12185621	5.06928873	5.00713730	4.97934294	5.00621700	5.04120874	5.06895542	5.12216282	5.24732494	5.31820107	5.33311272	5.30942154	5.24700928	5.22427177	5.27760315	5.33791399	5.37750340	5.38644218	5.41905689	5.58900928	5.68992949	5.73132467	5.65324688	5.53955650	5.46091557	5.44235706	5.55945396	5.62693834	5.71096802	5.87712717	5.84556198	5.88251209	5.92899227	6.04891539	6.19095898	6.30396652	6.43247366	6.49889708	6.57670355	6.43718719	6.30430174	6.28197432	6.17175293	5.81824684	5.62038088	5.50584364	5.42098808	5.16560030	4.84433079	4.55767059	4.23209715	3.99438620	3.77129078	3.57583189	3.24502134	2.79523158	2.44621730	2.21816587	2.10296798	1.95510101	1.79065585	1.67614067	1.58701897	1.49259734	1.38151371	1.31159222	1.21277881	1.07188988	0.928411901	0.845682502	0.774873376	0.759819567	0.759640992	0.724970162	0.659350812	0.650685608	0.785241365	0.785288155	0.551634550	0.284585774	0.326599896	0.640890777	1.00804174	1.27301097	1.36763215	1.11724329	0.746606171	0.573490798	0.571592867	0.586128175	0.584699810	0.626746297	0.726932824	0.829000056	0.969565690	1.21162605	1.54692209	1.99218953	2.51586866	3.00283766	3.41565895	3.75736666	3.99781013	4.21056414	4.34176350	4.30234671	4.26368380	4.32788992	4.32806826	4.10974073	3.78064799	3.49248457	3.26526189	3.15438199	3.03859735	3.30735898	4.13613367	4.94676638	5.50081062	5.62149000	5.37222672	5.16789103	4.86476231	4.57886505	4.36994553	4.28809881	4.25271368	4.29892159	4.34973001	4.36734819	4.33085680	4.32439995	4.33463907	4.30853844	4.31799746	4.32974243	4.34537554	4.40924835	4.33925772	4.32136202	4.32881308	4.38791323	4.33172846	4.31551933	4.39242172	4.54807138	4.60523748	4.59878492	4.50785112	4.23764753	3.90897250	3.60863304	3.48116112	3.45745301	3.31905603	3.20116258	3.09135890	3.09881997	2.99204659	2.81645441	2.67326355	2.58205318	2.49530339	2.47927165	2.33383393	2.19266367	2.00225878	1.82570601	1.67941952	1.60329020	1.50368321	1.38879800	1.32443357	1.25651813	1.20532680	1.15875494	1.15842092	1.14325845	1.05760801	0.982915938	0.942586541	0.943770230	0.949869275	0.987210631	1.06591833	1.01784599	1.00318825	1.19063079	1.48227549	0.967047811	0.459588230	0.336220533	0.325378060	0.310808867
32.0000000	0.211938486	0.216598317	0.236622229	0.258353263	0.238466904	0.229496405	0.239158064	0.248942167	0.252054006	0.286716968	0.307259977	0.326713681	0.392576367	0.437597960	0.403766602	0.504183650	0.762227297	1.05209494	1.02255261	1.08922827	1.01554048	0.590811193	0.405118048	0.335046232	0.464031368	0.655578732	0.798523188	0.929437160	0.920550227	1.03843367	1.19496524	1.11831331	1.22524703	1.65356207	2.25813317	1.81664491	1.12458742	0.557712734	0.328751266	0.307699174	0.360178590	0.340148151	0.339207828	0.354700804	0.401088238	0.486748785	0.750209749	1.25393045	1.87428808	2.14335847	2.08052564	1.69879103	0.742615223	0.435366005	0.408314139	0.527083158	0.588586330	0.416202456	0.314372182	0.560728073	0.720297396	0.642178714	0.536392093	0.709348321	1.15873718	1.37126946	1.57088375	1.66863942	1.59160554	1.32943177	0.921557426	0.502831459	0.646968961	0.969785988	1.27315807	1.57058275	1.97107053	2.52882004	2.91406250	2.37966347	1.28947330	0.488152087	0.201250091	0.141497284	0.170863926	0.226907983	0.289436400	0.333333373	0.380370945	0.456742048	0.545387745	0.790351272	1.13973904	1.43882704	1.50664401	1.28864443	0.874126852	0.862968981	1.02337706	0.966212630	0.881868958	1.17392683	1.88297272	1.96670437	1.70090711	1.36903536	1.07063699	1.39303148	1.55503297	1.57056201	1.47427273	1.33287048	1.34478438	1.60710204	1.93610370	2.19807935	2.35832167	2.42847800	2.56106830	2.73565650	2.95219874	3.11565375	3.14629364	3.17991471	3.34676862	3.70136571	4.15433502	4.64277840	4.71814060	4.66821766	4.97854853	5.00704908	4.81515360	4.49770689	4.42638922	4.46814919	4.38848162	4.34131145	4.35964727	4.42026997	4.45547104	4.53614330	4.52582788	4.49753952	4.44420052	4.37685108	4.41876078	4.42222786	4.39501047	4.40441513	4.46268129	4.51112080	4.55416059	4.60041094	4.59561014	4.57401276	4.54308653	4.50537634	4.50178242	4.52759218	4.55342627	4.58127689	4.57692862	4.54672098	4.49702835	4.47065544	4.48054647	4.47602940	4.48249722	4.49054861	4.54286289	4.64184523	4.75350142	4.84717321	4.95318222	4.86915445	4.78760767	4.77050638	4.78794336	4.89659309	4.98535728	5.05112123	5.05963850	5.02889156	5.05105972	5.15041637	5.24004030	5.22235584	5.22343445	5.21633959	5.30243301	5.38211632	5.44138670	5.46912003	5.45810366	5.54261589	5.53668642	5.64547682	5.83073282	5.99094391	6.08331871	6.10174131	6.13579416	6.39868259	6.40734291	6.19481230	6.04857254	6.05233240	5.91673183	5.66988802	5.46757984	5.37546110	5.25281239	5.00303221	4.56444836	4.27375412	4.08478451	3.86850834	3.70863676	3.44622850	3.04231906	2.64108539	2.27353978	2.10957766	1.97471106	1.77024817	1.60121608	1.55569184	1.51055276	1.43926775	1.33744681	1.23518813	1.13173211	0.970786035	0.841962278	0.759441555	0.679988205	0.616006792	0.597157180	0.551327765	0.493002027	0.479959190	0.575857460	0.760173917	0.577741742	0.288098663	0.289773375	0.523354292	0.852264643	1.00045013	0.825375557	0.725157380	0.535769999	0.452309728	0.524453759	0.577481031	0.593416810	0.631170690	0.721964121	0.839700818	0.998903513	1.27203846	1.65201104	2.09892321	2.61419201	3.16168618	3.57054448	3.87722731	4.00170994	4.09295559	4.17968845	4.06806421	3.88707495	3.82190776	3.80686092	3.72192216	3.51963520	3.23702931	2.96065664	2.79660225	2.87613273	3.69263959	4.70084333	5.17819452	5.23674202	5.18257427	4.90302372	4.42517471	4.05148840	3.83642793	3.77434778	3.89275789	3.94729853	3.99721622	4.02877283	4.07112980	4.04295683	4.01088428	3.92504907	3.89813566	3.92813849	3.96188474	4.00381470	3.99074697	3.98057747	4.01502705	4.11400652	4.02062178	3.97258210	4.03717661	4.20054960	4.25613117	4.25285435	4.21774435	3.99752498	3.68595505	3.41269064	3.21480441	3.11635065	3.11745882	3.09453392	3.03464866	3.04487443	3.01822066	2.83176947	2.61224008	2.47229385	2.37074900	2.24933910	2.12302899	2.01140571	1.88799918	1.70509744	1.53896046	1.46346772	1.39230645	1.35170794	1.30284142	1.24544585	1.12961590	1.07582974	1.07459056	1.08571756	1.06108630	0.961969674	0.898595273	0.851286948	0.852796018	0.804608643	0.831242859	0.898989737	0.869515955	0.773835838	0.750149310	0.589460373	0.443372399	0.284333766	0.225074872	0.211667061	0.199981451
31.0000000	0.185039997	0.197897747	0.214107141	0.212420866	0.211519435	0.194041431	0.183021829	0.168141618	0.163070634	0.164245695	0.175422952	0.195150971	0.244805023	0.259149611	0.235079288	0.283363223	0.435552448	0.536606610	0.637997091	0.725307107	0.619579434	0.232323825	0.159269765	0.158923447	0.182985127	0.225861117	0.232964650	0.281788528	0.372690707	0.506635129	0.525219142	0.416843265	0.306421220	0.487221122	0.743787348	0.559187949	0.424259275	0.240215048	0.183774233	0.220852062	0.270473748	0.266157329	0.245338544	0.249719769	0.278030872	0.320523858	0.446754962	0.639306009	0.909730136	1.35384333	1.89563823	2.00716901	1.43344069	0.766872048	0.370510548	0.396104395	0.569015265	0.577357233	0.264242887	0.285362631	0.449616224	0.475686699	0.349859506	0.357748598	0.575173438	0.779905438	1.11631250	1.25938082	1.16023600	0.914433956	0.610384345	0.330834925	0.381620169	0.614066422	0.822222710	0.965972126	1.11114419	1.35004318	1.80875099	2.58653951	2.88717723	2.16503215	1.20781004	0.579837620	0.245661840	0.151252568	0.195467040	0.271950483	0.363532335	0.470740259	0.615031242	0.916770160	1.21971178	1.44508326	1.39440382	1.18442309	0.842297077	0.472142190	0.582449019	0.588650405	0.688921213	1.12756741	1.74342537	1.87736845	1.19956470	0.882352769	0.922039211	1.29740322	1.56370962	1.97859025	2.27272105	1.99770927	1.67091191	1.98168981	2.38099551	2.70118260	3.09388256	3.43799448	3.66230369	3.71130705	3.79251909	3.73447156	3.77603555	3.82179117	4.02274704	4.42277479	4.69983816	5.03029680	5.25144863	5.28276825	5.03695631	5.06976271	4.88711929	4.59295607	4.35386562	4.19319773	4.00097656	3.94312954	3.98253584	4.04984140	4.10764456	4.08154535	4.04631472	4.04856539	4.06799030	4.02984285	3.97158575	3.88472104	3.80521941	3.79011464	3.81923580	3.89375281	3.96414924	4.00729322	3.97114801	3.95178604	3.92912126	3.91588998	3.92166090	3.90068650	3.90812659	3.91580367	3.89960718	3.87959528	3.88533616	3.93430829	3.95557761	3.99023724	4.02033377	4.11189938	4.23684454	4.42296219	4.61466789	4.63389349	4.51755047	4.39950323	4.36269617	4.38887978	4.42479658	4.49987650	4.62457514	4.62478876	4.60988998	4.55893850	4.54058170	4.67091084	4.72796154	4.79439831	4.88865137	4.98691893	5.15560198	5.24371243	5.20919752	5.17738819	5.11276245	5.22370672	5.39333630	5.53098679	5.73790264	5.82603884	5.87463284	5.87820530	6.06421280	6.16814852	6.09592915	5.92235947	5.82916594	5.87305403	5.81093264	5.59844160	5.32841825	5.11326122	4.94022131	4.67340469	4.40030003	4.15992832	3.98208547	3.77863216	3.45546865	3.14160776	2.78084016	2.45894551	2.21650982	2.00881791	1.81450295	1.65722835	1.55564988	1.42105401	1.33237791	1.29263687	1.22374797	1.08493996	0.959779441	0.849412084	0.767993033	0.694535732	0.601307273	0.533506274	0.494812101	0.451377362	0.389265835	0.379051924	0.441264987	0.636143804	0.573363364	0.353036880	0.230881661	0.385569394	0.766994417	1.07115555	0.972079873	0.721201658	0.498334289	0.377926558	0.406388879	0.536432385	0.637422502	0.669337213	0.717670023	0.874389648	1.15266657	1.43782985	1.78372872	2.24911642	2.79276466	3.29680943	3.60402060	3.74465680	3.79347992	3.90855384	3.94054866	3.81878638	3.68369198	3.62095118	3.49178386	3.33180714	3.14283729	2.91222739	2.67406559	2.60221386	3.16262889	4.29112625	4.71908331	4.84871244	4.69736576	4.25359583	3.84651875	3.58903885	3.43495560	3.43204141	3.53345466	3.63537931	3.69196272	3.70339489	3.69540334	3.73284650	3.69117236	3.61420274	3.51723528	3.56784272	3.62011385	3.64493513	3.68512106	3.68809557	3.71766663	3.76386189	3.76667070	3.69836068	3.64408350	3.75204372	3.81119967	3.73351884	3.80199027	3.72102904	3.47724366	3.22645593	3.03587270	2.89839888	2.85417366	2.93526149	3.05473185	3.03702641	3.01660204	2.90233660	2.61599898	2.36530232	2.21344066	2.08852124	1.95899749	1.83750403	1.71259987	1.61823380	1.46566868	1.37758601	1.31032014	1.22044897	1.16225719	1.14221454	1.10803473	1.04435217	0.939203382	0.960179031	0.947293282	0.858810186	0.793378115	0.735524654	0.668802202	0.573322296	0.551560342	0.625019073	0.710786164	0.664987624	0.513843119	0.419397831	0.339697450	0.256654084	0.187139526	0.170197189	0.187120080	0.189140394
30.0000000	0.143645033	0.133432567	0.136437848	0.139249444	0.128506318	0.134595364	0.129689991	0.116122328	0.116551444	0.122740559	0.121780798	0.134341925	0.160410956	0.188845217	0.211154386	0.228607178	0.274202675	0.273554653	0.263381034	0.247662723	0.187616870	0.126370803	0.108767517	0.105528958	0.107034482	9.99871194E-02	9.92210358E-02	9.49773565E-02	0.103097521	0.126440629	0.143842325	0.148484871	0.171850309	0.215227440	0.284104049	0.311680764	0.237071514	0.193698004	0.166757032	0.165763438	0.182274476	0.195193440	0.178787515	0.192373931	0.236820966	0.263005197	0.299100220	0.365594417	0.520441949	0.807532549	1.20067632	1.47169304	1.82463622	1.52773845	0.795043468	0.495100081	0.680367589	0.878703117	0.425674826	0.262261420	0.399561852	0.501151681	0.380319118	0.341961831	0.497026801	0.595291674	0.866823137	0.829284489	0.597159326	0.456749976	0.391078800	0.240748569	0.253354311	0.366511673	0.505994380	0.663387895	0.811637998	0.914090395	0.974639535	1.53364539	2.44764161	2.36353970	1.96986187	1.56055105	0.985290468	0.430075407	0.245100230	0.235717908	0.278343350	0.359796256	0.535990298	0.804916084	0.790907681	1.31507933	1.75810754	1.92390978	1.83033156	1.16426671	0.681352556	0.474153131	0.515568972	1.12059796	1.75755966	1.75334823	0.871855915	0.804884434	1.25882494	1.50360906	1.75881886	2.37734795	3.05433083	2.56279922	2.36075044	2.66450405	3.06065297	3.34267259	3.68106127	4.33975172	4.87872696	5.18122768	4.69852924	4.56527424	4.38147306	4.34086227	4.69344616	4.93003893	5.19016838	5.43371630	5.69974709	5.57600689	5.28416061	5.05810261	4.71309185	4.34553385	4.02021360	3.75834084	3.58441758	3.51164007	3.55924106	3.60917640	3.64062738	3.64928031	3.67932105	3.67412400	3.61673999	3.49454236	3.40327168	3.31816602	3.26607418	3.25656724	3.28158689	3.35610199	3.38432837	3.37408066	3.36507082	3.39442635	3.38589144	3.40417600	3.40838504	3.39427304	3.40872216	3.41237545	3.44989729	3.47827983	3.52009296	3.59540677	3.63569355	3.61764002	3.64145613	3.71891427	3.92807364	4.15594816	4.28740549	4.23596239	4.03906250	3.99233222	3.98826647	4.03464794	4.09652758	4.20604849	4.21489096	4.22359991	4.19667101	4.10421896	4.19924736	4.31105423	4.35867214	4.44907045	4.54164076	4.65760469	4.82790375	5.00835705	5.04783249	5.01028061	4.96373510	5.15771055	5.37718248	5.51358318	5.56674433	5.61121082	5.62425995	5.74585915	5.84719467	5.84883976	5.74639845	5.62747478	5.58090162	5.63637972	5.67414904	5.48442411	5.13171673	4.83987904	4.54648972	4.33259726	4.12173796	3.98123574	3.80143309	3.49063492	3.17532635	2.89093757	2.55845213	2.24703217	2.08444381	1.89431930	1.71321845	1.57934809	1.44271314	1.29790664	1.21823645	1.19158196	1.10015559	0.951953709	0.843222201	0.770034969	0.723118305	0.650224090	0.544206262	0.461308300	0.427497834	0.393164635	0.355433762	0.354682088	0.382740498	0.448097020	0.504316807	0.371001571	0.251531273	0.316188008	0.566657305	0.902440131	1.15303612	1.07777596	0.770485699	0.475787550	0.373790860	0.409024090	0.557282805	0.634614527	0.727779627	0.928116024	1.24305904	1.66460550	1.96628833	2.22629404	2.72909641	3.11683059	3.31606865	3.43941689	3.50305605	3.60517025	3.58575773	3.42256188	3.24513721	3.07652545	2.92672324	2.81677890	2.65588927	2.57649207	2.48183060	2.49041748	3.17175126	3.91510367	4.24216127	4.35096121	4.12566853	3.60745406	3.15194058	3.01132154	3.03963637	3.15290165	3.25556254	3.32617998	3.38640404	3.40403414	3.42950892	3.45414281	3.35406089	3.28778052	3.37339997	3.45477200	3.48373604	3.45365572	3.54389119	3.50106597	3.43088055	3.37869215	3.31636262	3.35040331	3.39444137	3.42879486	3.33862710	3.30873251	3.29318500	3.18814039	3.06898212	2.88910675	2.75836658	2.66532993	2.69305325	2.78626919	2.84229183	2.87637544	2.83664799	2.68147659	2.35659027	2.10978723	1.95642793	1.82784164	1.71967196	1.61205840	1.50423837	1.38328779	1.30033588	1.22529685	1.16894090	1.07627761	1.01188445	0.961164713	0.938199639	0.894651055	0.818051040	0.768282473	0.744753659	0.669442296	0.600942194	0.480354488	0.401682943	0.383650571	0.373852074	0.499140739	0.586731613	0.475170463	0.344525754	0.255784333	0.186204240	0.150171861	0.155023202	0.170942411	0.169662237	0.161446318
29.0000000	0.111166567	0.104860082	0.108193673	0.116226010	0.116174161	0.113290548	0.104513034	9.27460790E-02	9.31348875E-02	9.45662484E-02	9.88653749E-02	0.114487201	0.132153109	0.154660314	0.175676405	0.179678872	0.175453916	0.161830083	0.144001439	0.117219605	0.100804314	9.16653648E-02	7.86441565E-02	7.08717629E-02	7.24312812E-02	6.21532835E-02	5.58964834E-02	5.89895956E-02	6.74013644E-02	7.49339983E-02	6.60708100E-02	7.85692781E-02	0.107164808	0.148289040	0.176984638	0.168269053	0.160035118	0.165229186	0.134831533	0.119191669	0.150896162	0.195644155	0.200191677	0.200977206	0.212253109	0.214451268	0.219000965	0.260089219	0.318574101	0.484335363	0.689709604	0.854797661	1.13962460	1.36577022	1.26626480	0.906608880	0.941037893	1.03633857	0.716895401	0.447750717	0.434571832	0.502914965	0.348801106	0.223118648	0.314060390	0.420122147	0.623454452	0.488266528	0.215257660	0.139442399	0.159821257	0.146514222	0.176408634	0.245819539	0.323837996	0.423046798	0.549157679	0.651430070	0.685063422	0.880899072	1.10625327	1.02520156	1.21343613	1.68312812	2.06500602	2.03325987	1.75326121	1.15556836	0.978893995	1.00135434	0.923610985	0.892085016	1.21432972	2.24575210	2.62892365	2.38902140	3.06317902	3.34281921	2.06094956	1.01682925	0.545986772	1.08515596	1.81550157	1.88668311	1.48595262	1.26233625	1.84590495	2.11963844	2.49116206	2.89597487	3.24187136	3.24578667	3.25020003	3.73314619	4.35482788	4.45449924	4.39516973	4.78615189	5.18366194	5.14472723	4.90595818	4.86989546	4.71308136	4.96563673	5.19944048	5.42557240	5.67735434	5.81587696	5.66471195	5.21803761	4.77226877	4.37253237	4.00579786	3.68333220	3.44028878	3.25058627	3.17978859	3.18597078	3.21264887	3.22697020	3.25649762	3.23224688	3.15469813	3.05899787	2.95011640	2.82532263	2.86172199	2.88121676	2.87909126	2.89259505	2.94289613	3.03782272	3.00077152	2.98426175	2.99691701	2.98700786	2.97418666	3.02790070	3.01945162	3.04668307	3.08974671	3.16341472	3.13422108	3.16493630	3.24466681	3.30109549	3.31732726	3.27885246	3.34241772	3.46814847	3.62937450	3.80118227	3.86839151	3.81299210	3.67685843	3.61244059	3.58642578	3.64785528	3.69947052	3.75555253	3.78245068	3.88938117	3.81521297	3.79080987	3.90480399	3.95821810	4.09968281	4.17985106	4.22214603	4.33215427	4.57190847	4.87746191	5.04124260	4.88425922	4.90610552	5.14783096	5.36922979	5.38795900	5.35935688	5.34370375	5.36892271	5.41163969	5.50828362	5.48686790	5.41598797	5.29499388	5.37867641	5.42158890	5.43180799	5.22636747	4.89509010	4.55360699	4.26273108	4.03303862	3.89922976	3.71977282	3.49481463	3.11624432	2.79438472	2.59982371	2.32069683	2.09927893	1.94260871	1.75962317	1.60929358	1.49674380	1.34292519	1.20711017	1.17336321	1.16597593	1.02933347	0.892936170	0.776393235	0.723159373	0.672219336	0.566889822	0.474706799	0.412849456	0.376304358	0.375296414	0.365335166	0.356286258	0.340683103	0.337232888	0.353363037	0.331092030	0.289281607	0.291994542	0.411847919	0.706919730	1.12675750	1.26153862	1.10737228	0.546302140	0.351497471	0.338756412	0.448859543	0.541947603	0.777169466	1.01158857	1.14169884	1.43357897	1.78990698	2.16371226	2.54592872	2.78279066	2.99960017	3.15781999	3.18306184	3.22864485	3.17755508	3.08507681	2.90154243	2.68832016	2.55516124	2.44689989	2.32799911	2.29114294	2.26555419	2.30572581	3.05283523	3.61774611	3.82793307	3.89202142	3.55165219	3.06683254	2.82033229	2.78354454	2.83406973	2.89494944	2.95662069	2.94557977	2.99947453	3.12817836	3.20893908	3.13139367	3.00588632	2.98767972	3.11008477	3.32634950	3.26224828	3.34540653	3.36783695	3.20228362	3.03482461	3.04224491	3.05471039	3.10315895	3.11968303	2.98586416	2.93232560	2.92315745	2.91859698	2.89120173	2.76842976	2.61170435	2.50423765	2.48059368	2.53854132	2.65113211	2.66091037	2.64659619	2.53433156	2.31497574	1.99618268	1.89798832	1.76189971	1.59599662	1.48533404	1.37227333	1.28762996	1.17701924	1.09408891	1.06747770	1.04198694	0.981747985	0.929489136	0.874894321	0.841294110	0.742813945	0.653896809	0.618436098	0.605311215	0.487019539	0.382855713	0.295857370	0.240101263	0.277356237	0.322201461	0.358356953	0.338688731	0.259022892	0.190072805	0.146210387	0.135001451	0.138543114	0.137497693	0.132559925	0.146286726	0.130006805
28.0000000	0.115747921	0.125135273	0.140627518	0.117120236	0.107365683	9.64360833E-02	7.69701600E-02	6.93626404E-02	7.44962394E-02	8.02778453E-02	8.54834393E-02	0.104679368	0.108548649	0.116320319	0.118982889	0.119651765	0.131608084	0.127571762	9.42055210E-02	6.44169599E-02	6.06009588E-02	5.84020764E-02	5.84755242E-02	5.81205562E-02	5.47034405E-02	4.65638414E-02	4.17002402E-02	4.42080013E-02	4.69007976E-02	4.73068804E-02	4.59561609E-02	5.03856018E-02	6.12086393E-02	6.25384822E-02	7.50823244E-02	0.101108164	0.127993688	0.127385288	0.104889601	0.100197360	0.147669122	0.187942326	0.195297107	0.189182147	0.179832965	0.167219296	0.178168327	0.213287756	0.244779840	0.311605901	0.440373629	0.576757491	0.705900192	0.880726337	1.09074891	1.04640985	0.861316562	0.810580969	0.701042354	0.546801805	0.448127300	0.439377844	0.346696526	0.204066008	0.203950077	0.317708641	0.467231035	0.332104325	0.107560076	6.51383996E-02	8.91107991E-02	0.117755279	0.146548823	0.203733355	0.262835294	0.303541213	0.359446317	0.444827527	0.546563566	0.679310679	0.698758602	0.637915671	0.679236472	0.746184945	0.832646787	1.04095650	1.48549104	1.94766200	2.17657161	2.22960591	1.98402703	1.99955595	2.50754261	2.66711903	2.28197145	1.53468430	1.24803507	1.98273015	2.13610554	1.38152456	0.796050668	1.01565576	1.58689582	1.68628907	2.08121824	2.22007251	2.21926713	2.46012688	2.82659936	3.13461089	3.56784034	3.87633514	4.01326180	4.24418736	4.73843384	4.74844933	4.91991615	5.02465487	5.10798264	5.18530464	4.99075270	4.78477621	5.01092005	5.49296379	5.37649632	5.60771513	5.83078766	5.82838535	5.11221504	4.47981215	3.95602560	3.51486516	3.20086861	3.00994277	2.86474228	2.83399415	2.87441611	2.88871861	2.83637285	2.80973029	2.79545712	2.77648306	2.71133494	2.62629128	2.59094214	2.58208466	2.60683680	2.61987638	2.64182973	2.77517247	2.84608603	2.86122656	2.81630087	2.83651996	2.86154127	2.82740545	2.80788827	2.78802085	2.77383375	2.75250292	2.77066827	2.75720620	2.78384829	2.85736895	2.97271442	3.02343726	3.00051284	3.01922631	3.10484576	3.21179914	3.23632431	3.30843258	3.36221004	3.36937046	3.22720146	3.20422554	3.22847486	3.27027154	3.28409266	3.27453685	3.32332182	3.43428564	3.46455646	3.49620700	3.61996436	3.72283173	3.85947919	3.89217758	3.93603563	4.09713411	4.35863256	4.73511744	4.80052328	4.69689322	4.73001480	4.86044407	5.02046776	5.05935764	5.00631332	5.07990408	5.10014629	5.07321787	5.13284683	5.17895555	5.19145966	5.13710117	5.20551682	5.22442055	5.06931257	4.88432360	4.53455544	4.15532875	3.95673919	3.83810329	3.67990708	3.46066904	3.15794683	2.77441287	2.52556205	2.33386922	2.12073541	1.95542133	1.80888402	1.66519952	1.50525272	1.36554909	1.22265422	1.13181043	1.10668182	1.08410394	0.944211602	0.783908665	0.693593323	0.628683865	0.567990005	0.486907899	0.411194861	0.405233264	0.413082004	0.400213420	0.379691273	0.352574617	0.338391364	0.335566074	0.326923937	0.317503393	0.341720670	0.302250952	0.300919682	0.495885611	1.06456256	1.34119868	1.30720961	0.667692780	0.371861994	0.341143221	0.403078318	0.530122340	0.786967218	1.01718354	1.11867058	1.29106224	1.62790132	2.07509899	2.32905602	2.54282761	2.77479577	2.92589140	2.97796535	2.94506550	2.86075568	2.69942617	2.61247182	2.47745013	2.38995433	2.30600882	2.19530177	2.09593725	2.05666065	2.07581043	2.78779960	3.17595649	3.17799950	3.32812786	2.99796677	2.74569893	2.65301847	2.66631413	2.66117120	2.64866877	2.65869927	2.71112752	2.80262327	2.88186336	2.88514662	2.62927580	2.55854511	2.66284871	2.87364125	3.02159023	3.03141022	3.04096818	2.92610240	2.84446144	2.82022476	2.82857656	2.81992674	2.88242126	2.69811320	2.60822773	2.58428025	2.67327213	2.69353604	2.67876124	2.54907227	2.40681815	2.32569647	2.29734564	2.40386605	2.41440630	2.43424368	2.35423303	2.19218326	1.94887435	1.81701863	1.73032701	1.59645164	1.41758001	1.29058194	1.16004384	1.07277918	1.01672566	0.978703260	0.983030379	0.929854751	0.887714624	0.852082610	0.798776627	0.686621547	0.600080371	0.519891143	0.458405256	0.397699207	0.317351520	0.260362774	0.193801671	0.190912321	0.206612632	0.215385824	0.217385992	0.192753360	0.159801126	0.130998954	0.122333765	0.122371919	0.125380799	0.129191041	0.129836887	0.137246415	0.130037770
27.0000000	0.122461192	0.107813515	8.97393525E-02	8.05615261E-02	7.03670457E-02	6.43744767E-02	5.71874417E-02	5.29358350E-02	6.04965612E-02	6.35781586E-02	7.22844005E-02	8.24903995E-02	9.33537558E-02	9.21304822E-02	7.19733611E-02	7.71580786E-02	8.24378431E-02	7.52220005E-02	5.88859245E-02	4.46925573E-02	4.97469567E-02	4.80787195E-02	4.49172035E-02	4.24771234E-02	3.72693650E-02	3.01248003E-02	3.14366408E-02	3.78777646E-02	3.49948779E-02	2.97071990E-02	3.51215973E-02	3.96266393E-02	4.60267216E-02	3.59186418E-02	4.72456776E-02	8.25717598E-02	0.112640396	0.105142318	0.105455518	0.102029756	0.126557276	0.146947682	0.153366476	0.147943437	0.144095764	0.157297671	0.188751593	0.209525034	0.221746311	0.246615842	0.311987519	0.399296165	0.476311713	0.560957730	0.678119779	0.705764830	0.695353627	0.694063425	0.642386198	0.528605282	0.424228340	0.406658888	0.382561237	0.278207302	0.219092399	0.233581692	0.266775876	0.177256063	6.27105609E-02	4.75149602E-02	7.09653646E-02	0.106818490	0.141043678	0.159332395	0.223900557	0.270643681	0.283516586	0.316197366	0.398610026	0.506458104	0.588209033	0.568851769	0.537050188	0.523260713	0.485310942	0.441162020	0.561451674	0.915516019	1.34536040	1.69928503	1.67503905	1.60389864	1.35625112	1.38889229	1.34848869	1.11607909	0.920908868	1.19033349	1.53936708	1.28347766	0.933953047	0.846038163	0.941255212	1.22175503	2.16610408	2.23866796	2.33053923	2.63881159	3.15641403	3.62170362	4.04192305	4.00441408	3.89146614	3.99206090	4.08920622	4.32847548	4.82683420	4.90785646	4.83981466	4.79066658	4.61037922	4.05654716	5.50723696	5.66100645	5.50078869	5.50412273	5.60446453	5.04357958	4.35504866	3.71162271	3.26672292	2.90457010	2.62769914	2.45067906	2.49368978	2.53337574	2.57999325	2.56984878	2.51177311	2.49159455	2.50330043	2.49412107	2.48808169	2.44463325	2.40386772	2.44816685	2.53612590	2.65304947	2.77589941	2.88181639	2.80819011	2.74499059	2.72163439	2.72040915	2.66897583	2.61390662	2.53514791	2.49265385	2.46571636	2.45455718	2.49606442	2.48539019	2.55315804	2.63013625	2.72313356	2.77276683	2.73538280	2.77373099	2.80711842	2.82317019	2.82189178	2.86720634	2.86921144	2.87228727	2.86320662	2.86485052	2.91179013	2.90163350	2.86600232	2.84595180	2.85863900	3.03685927	3.20191765	3.28879666	3.41715360	3.54260087	3.57579565	3.60593557	3.66721988	3.87321568	4.10984850	4.36277866	4.51451445	4.49308729	4.42229080	4.47586393	4.54712534	4.65908146	4.79263306	4.92763901	4.92669249	4.85773945	4.86183882	4.97352791	4.91673136	4.86608362	4.89847898	4.79048967	4.61190224	4.36376810	4.04973555	3.77062988	3.72744155	3.61073804	3.44181585	3.23062420	2.87658525	2.49103808	2.31455803	2.14137721	1.97558284	1.82446563	1.66070747	1.55051792	1.44119453	1.25466835	1.12590647	1.07118869	1.03754079	0.968612432	0.835693896	0.752539694	0.686867714	0.636890411	0.569064975	0.475695372	0.413164794	0.430598170	0.428705275	0.428094715	0.421408087	0.388573945	0.360956132	0.354838312	0.356262475	0.338733375	0.380486190	0.373790175	0.349323809	0.438350409	0.743843555	1.18553615	1.37160492	0.959785879	0.509712517	0.346644014	0.330801815	0.464011937	0.669932544	0.909447134	1.17373681	1.37389886	1.58401299	2.00197530	2.21120787	2.39266658	2.53534985	2.65414095	2.70309186	2.64121056	2.51994610	2.42317438	2.35885692	2.24116778	2.13994360	2.08810854	2.04844022	1.89723611	1.78540707	1.81174946	1.91710949	2.27857685	2.28838730	2.56923079	2.43527770	2.38798356	2.44265270	2.47652578	2.42067242	2.33499813	2.31449318	2.41739488	2.48685837	2.52076125	2.41046929	2.27948022	2.35492635	2.53564048	2.69135571	2.85998607	2.79033256	2.64759207	2.63087225	2.61845303	2.62702274	2.65888810	2.63508987	2.55507636	2.41342998	2.36163378	2.45429564	2.49437737	2.52553248	2.51583767	2.37395883	2.26649952	2.20328856	2.20481563	2.18177938	2.14277124	2.10005355	2.03354049	1.90506232	1.73062372	1.63588381	1.56883264	1.42503977	1.25511765	1.10611653	0.993411958	0.924510896	0.886070132	0.853457808	0.818543494	0.775209606	0.740331352	0.676807940	0.601934433	0.560928226	0.498020411	0.418875128	0.341017187	0.254128307	0.184684321	0.158711046	0.135768965	0.141202807	0.148580641	0.155980080	0.144245520	0.155987278	0.155327752	0.135453597	0.116247594	0.122795284	0.133441910	0.132522479	0.130101830	0.127449349	0.128567517
26.0000000	9.25588757E-02	7.08184838E-02	5.34996018E-02	5.21373637E-02	5.70707992E-02	5.94590455E-02	5.88312000E-02	6.05469607E-02	7.06190467E-02	6.91941604E-02	6.12079240E-02	6.42995983E-02	8.03052038E-02	7.47777596E-02	5.99832051E-02	5.32677546E-02	4.60079983E-02	4.47393581E-02	4.32201549E-02	4.33886386E-02	4.12740037E-02	3.44332792E-02	3.06914411E-02	3.59179154E-02	3.50193605E-02	2.79892795E-02	2.43741609E-02	2.31148805E-02	2.36707199E-02	2.86358409E-02	2.90664006E-02	2.19607204E-02	2.38384809E-02	2.59775985E-02	3.44303995E-02	6.38827160E-02	9.42429677E-02	8.54747966E-02	9.40867215E-02	9.42782536E-02	9.70005617E-02	0.105102010	0.111825362	0.130268887	0.151062474	0.177612484	0.207639366	0.225002155	0.221326575	0.210795835	0.225285128	0.271896452	0.345241457	0.419955820	0.511117935	0.562308490	0.573698103	0.549614131	0.500788867	0.435471833	0.370017350	0.330541193	0.316385299	0.282878637	0.217175767	0.159016326	0.137149200	9.09864008E-02	4.17326391E-02	3.58344018E-02	5.73746413E-02	8.96284804E-02	0.100571029	0.114256799	0.176554799	0.205860943	0.209264398	0.233111516	0.278381556	0.339531839	0.424008012	0.459706306	0.469144791	0.506435752	0.535685778	0.473546147	0.404028744	0.412118644	0.466063917	0.526090324	0.547244608	0.590157390	0.644472003	0.867516518	1.03147411	1.03108835	0.985207021	1.00816774	1.25166667	1.43962061	1.03089094	0.724530935	0.780711114	1.33741510	2.15573049	2.17303824	1.83592081	2.42774558	3.22888780	3.75271273	4.10987854	4.14531088	4.01498318	3.97384787	4.12063932	4.11248446	4.16976690	4.34301853	4.42024994	4.11814451	3.96739483	5.02245808	6.24104929	6.05298948	5.74021101	5.38731003	4.92599964	4.26811743	3.55123520	3.05917549	2.67049456	2.41481805	2.30699182	2.24565983	2.24152851	2.27460694	2.31205440	2.29911494	2.27510786	2.32126284	2.36171532	2.36094117	2.34697533	2.36193609	2.40779591	2.52005172	2.60623670	2.74199390	2.82241726	2.81816506	2.76393294	2.73843169	2.73545861	2.64127612	2.50883937	2.39620018	2.31294608	2.25327754	2.26630950	2.29501867	2.33160830	2.33815098	2.37137699	2.43251348	2.47458696	2.51827931	2.51864791	2.50945854	2.52507830	2.49956632	2.50349689	2.51740074	2.52612662	2.57561350	2.56117392	2.51770377	2.49659157	2.51361847	2.51456308	2.53205776	2.60304117	2.78775764	2.99620295	3.08210683	3.22100687	3.34473515	3.40068316	3.44000649	3.42685509	3.57147741	3.77193952	4.00183487	4.10543585	4.10711193	4.03316307	4.14995480	4.35133696	4.51582384	4.72214460	4.79414606	4.75547075	4.67006254	4.68417215	4.78502703	4.75370979	4.73775291	4.55115604	4.36866617	4.17446136	3.95941472	3.69379711	3.52847791	3.49103236	3.40571237	3.22544217	2.94320750	2.57738495	2.28851008	2.12996531	2.00140905	1.93637753	1.79344368	1.62944281	1.49265802	1.35780394	1.19576383	1.08306730	1.07317865	1.03007448	0.922932029	0.819605529	0.751269579	0.686509907	0.675150514	0.617578566	0.555407226	0.533026814	0.523406148	0.508708775	0.510708928	0.496061981	0.441254884	0.401347488	0.384836376	0.375207126	0.365673572	0.377142489	0.397542208	0.416454434	0.427266687	0.565683842	0.905014098	1.32490671	1.23774338	0.941968083	0.461937577	0.287876159	0.370960563	0.638071954	0.961319625	1.21967351	1.33730221	1.63893247	2.06990004	2.17902184	2.25149632	2.23841429	2.23001790	2.25770497	2.25771999	2.24081874	2.28443170	2.25593781	2.19472766	2.06716108	1.98796821	1.89578819	1.69246519	1.51845622	1.67985940	2.12161469	2.10849833	1.90499389	1.91159654	1.94068444	2.06472588	2.12888885	2.13164449	2.06029439	2.01595235	2.02023792	2.04314327	2.12323022	2.13851810	2.09519148	2.06400323	2.26140761	2.35756707	2.49776411	2.58540821	2.54577327	2.43926644	2.42912960	2.40884209	2.43859744	2.42760897	2.35083890	2.25293136	2.12611222	2.15363503	2.24286151	2.32522202	2.40100551	2.33221912	2.21864605	2.12474084	2.07986617	2.01152325	1.96928585	1.89400685	1.83845448	1.76354277	1.72634757	1.56180096	1.45152438	1.40007746	1.30700886	1.16795516	0.997277021	0.853130102	0.790295780	0.757787824	0.722183049	0.671733379	0.621202350	0.559085071	0.498386919	0.495442033	0.449688256	0.381324947	0.320902556	0.230911210	0.175624549	0.133693203	0.121109039	0.120919682	0.141011998	0.142368481	0.135214552	0.128486872	0.153537840	0.167430252	0.156073689	0.142531902	0.132236645	0.126705602	0.129113287	0.121679276	0.120690010	0.111995280
25.0000000	6.92575276E-02	5.60253561E-02	4.80304807E-02	5.09745590E-02	6.11798428E-02	6.45206422E-02	6.57892823E-02	7.53458366E-02	8.24976042E-02	8.99143219E-02	7.21893609E-02	6.54199198E-02	5.98903224E-02	5.15397601E-02	5.03244027E-02	4.90262434E-02	4.14302424E-02	3.86827178E-02	3.73967998E-02	3.76286395E-02	3.12660001E-02	2.09771991E-02	2.26245597E-02	2.45519988E-02	2.43086424E-02	2.42452808E-02	2.26317588E-02	1.67025607E-02	1.67155191E-02	1.97819993E-02	2.19117608E-02	2.29147188E-02	2.28729621E-02	2.41927188E-02	2.93443184E-02	3.67660783E-02	5.78800812E-02	7.43882358E-02	7.40865618E-02	8.12829658E-02	8.73525664E-02	8.42716843E-02	9.09748748E-02	0.116089918	0.143040970	0.162693366	0.177832782	0.185945034	0.184412882	0.180831596	0.194094718	0.233233914	0.274615198	0.322293609	0.339069605	0.330426008	0.344759047	0.332082719	0.291787207	0.272591293	0.280113846	0.245117515	0.227335677	0.199123919	0.158376232	0.113839202	8.93620774E-02	6.45328760E-02	3.89908813E-02	3.19766402E-02	4.63953577E-02	6.12165630E-02	6.69527948E-02	9.02937576E-02	0.133639202	0.160705447	0.165620148	0.205963925	0.254707187	0.291008860	0.330886126	0.367241025	0.398475349	0.441770434	0.485720634	0.511607528	0.534220517	0.526750565	0.508264601	0.523744583	0.592779577	0.751998961	0.953097880	1.03096437	1.04092562	0.930903196	0.771814823	0.834974647	1.19619274	1.44963729	1.09801936	0.755868971	0.763860941	1.21856046	1.59889960	1.54816794	1.47028184	1.89780557	2.71657205	3.20361638	3.73727155	4.18944740	4.12316465	3.92747831	4.03675699	3.72359824	3.50876760	3.83923745	3.76858020	3.17444611	3.19679499	7.23733139	7.58932877	6.21301317	5.35053682	4.67736244	3.89136028	3.25975227	2.77459574	2.40861249	2.16407156	2.05829215	1.98880506	1.97664177	1.96607089	1.99693227	2.02037477	2.03997731	2.08451581	2.14972711	2.19263315	2.25977206	2.31837249	2.39864755	2.52690411	2.66437793	2.76635385	2.91361189	2.89852405	2.84943748	2.82518196	2.77408695	2.69959092	2.55006719	2.35156536	2.23678279	2.14004588	2.12488484	2.17100453	2.20809674	2.24386501	2.19581699	2.18277216	2.18479514	2.21766472	2.29183197	2.32782316	2.27060366	2.25544167	2.25507951	2.23483753	2.27517104	2.27188516	2.24684286	2.22325635	2.16931963	2.16215134	2.19716930	2.29473281	2.37467885	2.44978929	2.59343505	2.75473142	2.89030170	3.05398679	3.16339064	3.23893595	3.19599819	3.09942722	3.23133850	3.42818642	3.62147403	3.77796531	3.79882646	3.89026093	4.06031752	4.26421881	4.38695288	4.44703960	4.52225924	4.50942183	4.62947273	4.73442173	4.80645657	4.66652012	4.41535473	4.19038773	3.95816374	3.88786101	3.69922876	3.46509933	3.35871291	3.28571534	3.14878821	2.90878344	2.62373519	2.30066490	2.09677744	1.99631453	2.03641701	1.98097706	1.80117941	1.63959110	1.53690541	1.40365577	1.24100506	1.17072427	1.13356936	1.02453053	0.927930951	0.852857292	0.787325799	0.754602432	0.748723686	0.701986313	0.678042710	0.668280244	0.632301807	0.601661503	0.596434295	0.581440330	0.539133132	0.495720744	0.451458007	0.398789257	0.411814064	0.466693252	0.476393104	0.407779962	0.447762251	0.495955437	0.674135208	1.05442488	1.27566230	1.55341876	0.700328887	0.394652873	0.406414807	0.768914700	1.21001840	1.32771242	1.28179288	1.40103650	2.00090885	2.13669229	2.01777482	1.92005074	1.87989545	1.91179717	1.99914622	2.09547496	2.25659871	2.39184070	2.59431624	2.59779286	2.29899526	2.08517456	1.80469668	1.50895011	1.49705923	1.84188247	1.64575458	1.57652211	1.49187541	1.58103585	1.73060858	1.80237949	1.82597768	1.76885498	1.88776290	1.84109902	1.82694817	1.92618155	1.89379442	1.89558017	1.96134186	2.06721807	2.16753674	2.25677228	2.34193897	2.39199328	2.33028436	2.24947381	2.21976852	2.19571185	2.09009933	2.03892922	1.96012008	1.90881932	1.92362607	2.01551104	2.11437583	2.14942312	2.07922554	1.98615444	1.93399644	1.80906534	1.72173679	1.66147065	1.65637875	1.60365868	1.54038310	1.48942220	1.36002743	1.26945996	1.21732557	1.15604067	1.06383097	0.919360757	0.782450616	0.682275593	0.640388906	0.577892184	0.532136142	0.489992380	0.437684387	0.393634796	0.383659929	0.354544580	0.282731771	0.221533194	0.171321124	0.137285262	0.114717603	0.122196965	0.158325121	0.152908549	0.135429844	0.131160244	0.140007600	0.158756405	0.165155753	0.157754868	0.139215603	0.126650885	0.126684725	0.120448075	0.114886805	0.108347759	8.98876861E-02
24.0000000	6.15535229E-02	5.52160814E-02	5.52168041E-02	6.18508756E-02	7.20359981E-02	8.09395164E-02	7.71033615E-02	5.97412810E-02	5.88859171E-02	5.97081594E-02	5.85468039E-02	5.17593585E-02	3.81592810E-02	3.83148007E-02	4.12617624E-02	4.11487222E-02	3.93479988E-02	3.46067995E-02	2.82275993E-02	2.95668021E-02	2.22458411E-02	1.66197568E-02	1.87783204E-02	2.19715200E-02	2.04415210E-02	2.24157609E-02	1.97834410E-02	1.42106405E-02	1.04363998E-02	1.37347197E-02	1.75608005E-02	2.26216782E-02	2.05696803E-02	2.03904025E-02	2.12076008E-02	2.19938420E-02	3.13099213E-02	5.12992814E-02	7.11712837E-02	8.71516839E-02	7.61817694E-02	7.15190321E-02	7.82373548E-02	0.100608483	0.120960727	0.128023922	0.130801678	0.139076635	0.143835843	0.145352885	0.168908402	0.194934234	0.188272089	0.199838877	0.202212736	0.208522081	0.210113272	0.215256959	0.214337543	0.198047519	0.204739928	0.187838659	0.160448402	0.139981672	0.114654966	8.76967162E-02	6.76353648E-02	4.54622395E-02	2.99959220E-02	2.97230408E-02	3.74068804E-02	4.55954410E-02	4.91400026E-02	6.45933598E-02	0.101555273	0.118793525	0.129859209	0.187388644	0.260676712	0.308863431	0.337140024	0.359239697	0.378644377	0.418289781	0.482230812	0.577829540	0.614037573	0.642388999	0.630286574	0.641951263	0.706667006	0.857028961	1.02405012	0.958647609	0.791261971	0.554064453	0.455788761	0.635693073	0.962902784	1.12100697	1.03240657	0.988268435	0.993157208	1.10651398	1.34927785	1.43288934	1.57075059	1.78266382	2.16067672	2.50153422	2.87079048	3.19923377	3.30924964	3.20197105	3.05542445	2.92932701	2.80378914	2.90854120	2.80719733	2.60428762	2.95804644	5.76890755	7.58563232	5.43399858	4.23165607	3.55315018	2.92091560	2.39873171	2.11503744	1.91146326	1.78827989	1.70111656	1.63742745	1.70926189	1.77262700	1.82545412	1.85321379	1.89920080	2.00121045	2.08147407	2.14538264	2.21979952	2.32923460	2.46999311	2.64968705	2.79414797	2.87916327	2.89685750	2.86461854	2.82616925	2.80082154	2.66285729	2.49859071	2.36705589	2.25633097	2.16522360	2.07802939	2.09708691	2.09657574	2.11234450	2.11391568	2.07672334	2.05969596	2.00736928	2.02270913	2.06965661	2.08093095	2.03502178	2.02044678	1.98627186	1.98087192	2.00515032	2.02729893	1.99921036	1.97171700	1.99107862	2.01942348	2.07458353	2.17763638	2.19940138	2.24279070	2.32693052	2.47091269	2.63620424	2.78773785	2.90366983	2.96368337	2.96099091	2.91271114	3.00532174	3.17897201	3.28509736	3.40371346	3.56880569	3.72628212	3.96070218	4.01162195	4.11849928	4.14584637	4.21281910	4.33643961	4.46831083	4.59826899	4.50943041	4.26899815	4.02535629	3.84484243	3.74431515	3.68693423	3.50385594	3.35739374	3.18592095	3.09094429	2.87113810	2.63584709	2.35153151	2.11766982	1.95891201	1.96536100	1.97572839	1.90362310	1.73793387	1.60228598	1.52724385	1.40346336	1.26917922	1.21497834	1.15749800	1.06529832	0.978129387	0.880595267	0.825345337	0.800544202	0.811314046	0.847254217	0.853058875	0.787343085	0.718132317	0.701364160	0.693884909	0.651639581	0.594811440	0.573468506	0.536095500	0.486046106	0.525118291	0.566732109	0.542192400	0.503973424	0.538411021	0.602634311	0.639066875	0.781320214	1.10064530	1.42471349	1.27952933	0.772117198	0.603676021	0.758625805	1.15617681	1.38652420	1.28930390	1.26886177	1.93246627	2.21684599	1.88030291	1.74638009	1.65894341	1.66316974	1.76740694	1.93922782	2.19461989	2.48099041	2.82345343	2.90395093	2.65115428	2.35104084	2.02328920	1.71446693	1.73494947	1.84575248	1.43066454	1.25281072	1.27005768	1.32264507	1.48825788	1.62518895	1.72974455	1.74781728	1.81136084	1.72272015	1.71639228	1.81389725	1.81114185	1.83973539	1.88330913	2.01747012	2.05042458	2.12845969	2.17740822	2.19396591	2.14571667	2.11019611	2.07869196	1.97782636	1.88710201	1.87123966	1.79932463	1.76113164	1.79778171	1.71446395	1.83175063	1.84277368	1.77856493	1.74320853	1.63438916	1.49569774	1.40213585	1.40731847	1.38584161	1.35461378	1.28702950	1.24081707	1.21207464	1.06971478	1.01611662	1.01366711	0.867756844	0.729341269	0.628516078	0.560913146	0.526341558	0.464113474	0.418526649	0.380257219	0.339109868	0.317106009	0.286388636	0.246661186	0.207788393	0.160128713	0.131195530	0.117136084	0.126659527	0.140544727	0.149471998	0.137252882	0.132402241	0.131378397	0.143110797	0.150487930	0.147353768	0.140042156	0.129476160	0.127278715	0.128337830	0.126371518	0.110265844	8.91532749E-02	7.18106404E-02
23.0000000	6.56870380E-02	5.90637624E-02	5.60123995E-02	5.90716824E-02	6.48683980E-02	8.31974447E-02	7.88975954E-02	5.68915233E-02	4.31035236E-02	3.52562405E-02	3.24943215E-02	3.94502357E-02	3.71872783E-02	3.64528820E-02	3.42316814E-02	3.18312012E-02	2.97993626E-02	2.67724767E-02	2.52316818E-02	2.25590412E-02	1.71964783E-02	1.65340807E-02	1.61265600E-02	1.33603206E-02	1.77616812E-02	2.18138415E-02	1.77228022E-02	1.05739199E-02	1.08057596E-02	1.30586391E-02	1.42185595E-02	1.58760026E-02	1.37894405E-02	1.34863211E-02	1.68393590E-02	1.65650398E-02	2.59423200E-02	4.14604843E-02	6.51160777E-02	8.45431238E-02	8.12239125E-02	7.95391127E-02	7.52803162E-02	7.21583962E-02	7.96197578E-02	9.18856785E-02	9.35956836E-02	9.63280722E-02	0.100260727	0.107140318	0.119024649	0.107135274	0.111608639	0.136857599	0.139621675	0.137252882	0.155391842	0.182517856	0.188330397	0.169344723	0.151767373	0.130778626	0.108713523	8.98466408E-02	7.22426400E-02	6.26565591E-02	5.63579984E-02	4.32187207E-02	3.00528016E-02	2.72627976E-02	3.18088792E-02	3.41042392E-02	3.68279964E-02	4.96958382E-02	7.83734471E-02	0.104094721	0.131311432	0.178251848	0.259610385	0.325227588	0.356795281	0.377604723	0.403590977	0.445584267	0.508772194	0.582667887	0.607855678	0.646465003	0.671567798	0.681871712	0.683943152	0.709570765	0.755135238	0.712408304	0.533403397	0.320732653	0.265329391	0.475637019	0.682331800	0.773870409	0.871088445	1.12866473	1.28884470	1.34508669	1.53903389	1.55405653	1.69995677	1.57948923	1.64302135	1.86072195	2.09961367	2.24272323	2.38153100	2.34748721	2.16935205	2.19033790	2.16615510	2.24159265	2.79017997	3.35837746	2.85738063	3.24701142	4.87379313	4.14358139	3.00056553	2.43993807	2.12197399	1.90049398	1.73382914	1.59798825	1.56499553	1.56845379	1.58909261	1.64831185	1.69260180	1.77588415	1.83473504	1.92574000	2.08001018	2.14981198	2.23044825	2.34147358	2.48945904	2.63399124	2.78342867	2.88542819	2.94676208	2.80439711	2.74817252	2.66584325	2.56896949	2.44606829	2.30674982	2.30973768	2.19950414	2.11523533	2.03556538	1.99125719	1.99089217	2.02634645	2.05486417	2.03748131	1.97360635	1.90335596	1.90571845	1.86870313	1.85822427	1.80856228	1.75613320	1.77011347	1.82530582	1.86905730	1.85802841	1.83597279	1.83154035	1.89653170	1.90655863	1.97969031	2.01333404	2.02896571	2.07003665	2.13131952	2.20170522	2.35917139	2.53069401	2.66800737	2.72746134	2.75396466	2.72340631	2.79153061	2.94376898	2.98971796	3.11930490	3.29902196	3.52409983	3.51874447	3.57830739	3.67477202	3.72220206	3.72294688	3.93356729	4.05769968	3.99447989	3.92370486	3.76631498	3.65031672	3.47323132	3.42286754	3.40085244	3.41007042	3.24089217	3.02333188	2.77975368	2.61657858	2.41009760	2.19261217	2.04358101	1.97655785	1.91629303	1.88494265	1.81557584	1.69779396	1.60076463	1.52723598	1.39494669	1.28338695	1.21810031	1.13650203	1.09800792	1.03756380	0.949577034	0.870897651	0.875921726	0.893154204	0.945344090	0.931248724	0.912243545	0.879553437	0.814742684	0.765650153	0.741094649	0.721275926	0.701951742	0.689753473	0.686769843	0.711128891	0.703209579	0.676903665	0.639226079	0.673918545	0.744733393	0.702925861	0.682684541	0.880848050	1.17415869	1.29550970	1.11136460	0.793685555	0.757264256	1.03482866	1.50769305	1.26088047	1.06620264	1.82567453	2.40905213	1.91693103	1.63520563	1.50046360	1.45143950	1.43197632	1.56967998	1.79735327	2.04696727	2.36397815	2.58576488	2.39060378	2.13709402	1.73760974	1.42909348	1.45729005	1.41908967	1.30204368	1.19173110	1.27315807	1.35428846	1.39050651	1.50327277	1.63548648	1.70918489	1.71127093	1.70743525	1.78812003	1.82479322	1.84132516	1.88150692	1.89509618	1.94380128	1.95611835	2.00230050	2.01132226	2.02726674	1.99959636	1.88626099	1.80903447	1.70788622	1.69567060	1.70433354	1.62030828	1.61838293	1.59899402	1.57957053	1.63600278	1.60392749	1.52188194	1.45108724	1.36347485	1.26565635	1.23397338	1.20212138	1.15738058	1.13250029	1.07097554	1.03533268	0.999634266	0.938614249	0.907238185	0.781876147	0.671472728	0.570526600	0.518567026	0.455807507	0.410720408	0.368436962	0.315233260	0.282849103	0.244311839	0.218841106	0.181170717	0.180190802	0.152531281	0.121988162	0.124344714	0.139435902	0.138906732	0.140857905	0.145387441	0.135094315	0.142703280	0.151670888	0.153264970	0.158241600	0.147302642	0.140029922	0.119075760	0.112022638	0.119880714	0.115431122	9.63100791E-02	7.73251131E-02	6.86908811E-02
22.0000000	6.72156066E-02	5.38538396E-02	5.94590381E-02	5.40554412E-02	5.68087213E-02	6.71515241E-02	6.21439181E-02	4.91522402E-02	4.47724834E-02	3.24907228E-02	2.88467985E-02	3.39271203E-02	3.74515168E-02	3.83277573E-02	3.20313610E-02	3.05215213E-02	2.84579992E-02	2.62396820E-02	2.20053587E-02	1.34272808E-02	1.12039195E-02	1.64728798E-02	1.81814395E-02	1.73203219E-02	1.49004022E-02	1.25834402E-02	1.31090395E-02	1.23343188E-02	1.10959206E-02	1.26172788E-02	1.34640010E-02	1.28786396E-02	1.44705614E-02	1.22076003E-02	1.17576011E-02	1.70784015E-02	3.15669589E-02	5.96275218E-02	5.83826378E-02	8.49203989E-02	8.17804784E-02	8.47432762E-02	8.47332031E-02	7.04937577E-02	6.07680008E-02	7.43090361E-02	7.25371242E-02	6.73178434E-02	7.87190348E-02	8.38612691E-02	7.10892007E-02	6.98961690E-02	8.25292841E-02	8.98329616E-02	8.58319178E-02	8.60939994E-02	0.102250077	0.125855997	0.139263138	0.129880071	0.108220316	9.57650468E-02	7.47532770E-02	5.65495193E-02	4.50640805E-02	3.98851186E-02	3.46082412E-02	3.05942409E-02	2.46859211E-02	1.89021602E-02	2.26843227E-02	3.22171189E-02	3.19802426E-02	3.51309590E-02	5.63392788E-02	9.22298431E-02	0.124809124	0.197349831	0.293973148	0.359321058	0.382139266	0.405277193	0.425475359	0.440247625	0.477277219	0.543484807	0.577754676	0.560098827	0.557649374	0.578164339	0.560453773	0.522223949	0.507103920	0.483960271	0.377709866	0.237503514	0.200905919	0.336996704	0.471491992	0.567750990	0.662996948	0.830776274	1.01126587	1.16713810	1.30196011	1.28869784	1.27960193	1.22714508	1.25571311	1.32270694	1.56609356	1.78737819	1.85362566	1.80893886	1.71550286	1.86630344	2.10687423	2.76307344	4.06708860	4.19255638	3.05506611	2.17171788	3.61589098	2.97119761	2.29035521	1.95503831	1.78076589	1.66600788	1.63722813	1.66423595	1.70232117	1.73202479	1.75259233	1.75390255	1.78766203	1.84349370	1.91903913	2.02590704	2.16257977	2.30496979	2.45301986	2.63552141	2.80503559	2.87878466	2.95340466	2.90004325	2.76515937	2.63835144	2.54899812	2.47055674	2.39553928	2.31907368	2.26951480	2.24781418	2.19175076	2.14069605	1.98733819	1.96908772	1.96045411	2.01296592	2.05177689	2.04019904	1.94542921	1.86962688	1.83191538	1.78289568	1.75172329	1.67851949	1.67095518	1.67088020	1.72351789	1.74520802	1.71072721	1.70281577	1.73323870	1.75901556	1.80381799	1.87120795	1.86294091	1.89178979	1.92038834	1.95015240	2.02623129	2.22088814	2.37470770	2.45942783	2.51157308	2.54063606	2.51107144	2.64785242	2.76153064	2.78729725	2.96656275	3.20292616	3.31014180	3.26963377	3.16662288	3.30794859	3.39195681	3.40988326	3.57514429	3.43940926	3.24104238	3.31112242	3.37845421	3.34345889	3.17087197	3.02527857	3.09454417	3.10409236	3.02770066	2.73084450	2.57617664	2.46367931	2.30694008	2.18238568	2.10349870	2.00133157	1.90159404	1.82917285	1.75423813	1.66282427	1.58770084	1.51471150	1.38198745	1.26688325	1.18597889	1.15285909	1.13015306	1.10006213	1.01958632	0.953431129	0.984653115	1.02115941	1.09061849	1.12003195	1.06704497	1.02194643	0.947753251	0.947073638	0.938839674	0.943112195	0.962650061	0.945277929	0.918396711	0.889131606	0.874278724	0.842117012	0.816847265	0.863302350	0.858118236	0.780210674	0.722878456	0.782454312	1.03673875	0.989966214	1.01138103	0.922870755	0.912263811	1.04299271	1.46663499	1.67715633	1.12771082	2.09194279	2.99393415	2.37231016	1.78719759	1.48933947	1.34255815	1.18794382	1.29937541	1.55792308	1.81625533	2.29096508	2.52149677	2.21667910	1.87082100	1.45276284	1.15028000	1.06611848	1.11904490	1.13084126	1.23254776	1.23052680	1.09567237	1.26163578	1.20382929	1.29441667	1.41954911	1.58952534	1.76873982	1.86559129	1.87827110	1.86857843	1.83446431	1.78436244	1.80545032	1.77665973	1.80420566	1.78771532	1.77144253	1.68801987	1.62700188	1.59721196	1.55455780	1.55554712	1.52855635	1.45361030	1.41837680	1.43420756	1.40135908	1.34029734	1.32310426	1.27823114	1.23502183	1.23807096	1.18699121	1.14305258	1.10536063	1.06549561	1.00018001	0.930275261	0.938730240	0.962401032	0.939159393	0.810122430	0.683632076	0.584480882	0.488768399	0.434183061	0.365914077	0.320531756	0.295157522	0.245476082	0.205063924	0.178315908	0.162758172	0.145237684	0.136759683	0.114978231	0.126588240	0.150716886	0.158064470	0.144557297	0.132496566	0.145905837	0.153619930	0.158996895	0.172416970	0.164234161	0.148224965	0.140566319	0.129272401	0.107721359	0.103970163	0.109614961	9.92951989E-02	8.06248859E-02	7.66879246E-02	7.56482407E-02
21.0000000	7.49246329E-02	6.79787993E-02	6.32865578E-02	5.68951219E-02	4.93099205E-02	4.72557619E-02	4.40784022E-02	4.52973619E-02	4.60259989E-02	4.37954366E-02	3.22192796E-02	3.01737599E-02	3.64089645E-02	3.09088789E-02	2.29982436E-02	2.71065608E-02	3.42504010E-02	3.59150432E-02	2.97554433E-02	1.76767204E-02	9.64295957E-03	1.30154397E-02	1.42200002E-02	1.23983994E-02	1.42617607E-02	1.53827993E-02	1.32357599E-02	1.08885597E-02	1.03420801E-02	1.03211999E-02	9.84887965E-03	1.19757606E-02	1.11700809E-02	1.04140816E-02	1.24293612E-02	1.43971201E-02	4.39963229E-02	8.10100809E-02	7.05261678E-02	8.67232829E-02	9.45792049E-02	0.100851841	0.108920150	9.02527198E-02	4.20271195E-02	5.72284833E-02	7.42024854E-02	6.32527173E-02	6.09688796E-02	5.62125593E-02	5.90212829E-02	6.06657602E-02	5.62118404E-02	5.26694432E-02	5.26917614E-02	5.61600029E-02	5.84121607E-02	5.96671179E-02	7.04095215E-02	7.77319223E-02	6.83474317E-02	5.48517630E-02	3.79907973E-02	3.29760015E-02	3.12235206E-02	2.61007212E-02	1.74995996E-02	1.51704000E-02	1.49745597E-02	1.47852004E-02	1.75500009E-02	2.17317604E-02	2.33661607E-02	3.06079201E-02	5.71752042E-02	9.68428850E-02	0.123132236	0.206844494	0.320356101	0.395333320	0.400550425	0.416508466	0.422123045	0.387903631	0.373929828	0.421117932	0.462609351	0.418069452	0.391332239	0.387035996	0.340513945	0.305972636	0.300729603	0.297685444	0.235627219	0.164705768	0.164117515	0.244100183	0.339699596	0.419680089	0.508361757	0.679395616	0.711275756	0.788294077	0.968718231	1.14520180	1.06466901	0.944021583	0.923519611	0.897975445	1.10124290	1.12760508	1.24182296	1.63025057	2.02868199	2.35577798	2.80454278	3.75700974	4.72759247	4.47654247	3.18696761	2.74606490	2.88792133	2.36669326	1.82435203	1.76100481	1.76254618	1.73698127	1.74423456	1.78792477	1.84960234	1.88137162	1.82438564	1.82613385	1.88791919	2.00839972	2.10833120	2.27346206	2.48980331	2.69340611	2.89042449	3.01280189	3.08992314	3.09216833	3.07180238	2.89451957	2.69279146	2.52287769	2.43861032	2.40842438	2.37522244	2.31159258	2.22573185	2.15326142	2.06693649	1.99851835	1.92478812	1.88031173	1.88043904	1.94412899	1.95184135	1.92652690	1.88736403	1.88068748	1.85212088	1.77032006	1.71029520	1.65401280	1.59939432	1.58692610	1.63676083	1.62431729	1.61982572	1.63504648	1.65331936	1.68834758	1.75009835	1.77280498	1.79895520	1.82110739	1.82756746	1.93451059	2.05756712	2.12815642	2.19749546	2.24809051	2.33626676	2.39945483	2.44218254	2.55959225	2.65325975	2.73504519	2.87812424	3.05954123	3.13564801	3.06298637	2.99271607	3.11584544	3.30921865	3.25618124	3.21403956	3.11771870	2.95415020	2.69889760	2.93946815	3.20729232	2.99084306	2.75101328	2.69842792	2.67490602	2.60685658	2.49593973	2.44627905	2.38078666	2.32000494	2.26224208	2.14776850	2.02920198	1.88263810	1.80068541	1.75191116	1.71354330	1.61855638	1.53753328	1.42790973	1.26256824	1.18160927	1.17265177	1.17027283	1.15124178	1.10086775	1.11771429	1.16699970	1.24613714	1.34208798	1.37577462	1.31266952	1.24920642	1.20336628	1.21790802	1.20870292	1.22845316	1.28652632	1.23274648	1.16206563	1.11207819	1.10558510	1.05069530	1.02389121	1.05072558	0.996734142	0.923289120	0.853427470	0.835675895	1.00134146	1.05142462	1.07774436	0.999856114	1.20565224	1.33679736	1.46998513	2.09434247	2.38676548	2.19972587	2.79629636	2.99469590	2.29243898	1.73023784	1.29711175	1.01943791	1.23724377	1.55122769	1.85389638	2.44683576	2.76975441	2.30102229	1.97775066	1.64302111	1.42614710	1.19666302	0.939703703	0.880989909	1.05005229	0.970773101	0.874357879	1.02734137	1.01803470	0.973958373	1.01813757	1.43060040	1.89232922	1.90172517	1.75088370	1.67142451	1.65880525	1.59890187	1.57436287	1.56526351	1.53353155	1.48352551	1.43706751	1.41399574	1.44342649	1.41925395	1.38659549	1.38573062	1.35545039	1.29768479	1.24255586	1.23609972	1.20090890	1.18398249	1.15792990	1.14836323	1.15920579	1.16620851	1.13153696	1.08292174	1.05510521	0.970753610	0.899233222	0.868930697	0.909446359	0.943646371	0.880140960	0.721074283	0.597849131	0.489796549	0.413269937	0.357192725	0.298342079	0.252735138	0.210710868	0.183500648	0.152831525	0.137401193	0.128744632	0.133040160	0.123614632	0.107363522	0.140860081	0.177888259	0.162187919	0.144831613	0.166245103	0.186393604	0.178464249	0.181051195	0.178541273	0.164797202	0.138259441	0.126862556	0.106909916	9.48657617E-02	9.74311158E-02	0.104060881	9.17712077E-02	8.17228779E-02	9.06919315E-02	9.18705612E-02
20.0000000	7.83302411E-02	6.71004057E-02	6.22886419E-02	5.35924807E-02	4.55565602E-02	4.52440791E-02	4.58323173E-02	4.38789614E-02	4.79750410E-02	3.23690400E-02	1.98871177E-02	2.75875200E-02	3.50157544E-02	2.32423209E-02	1.67255998E-02	1.80943199E-02	2.23999210E-02	2.76098419E-02	2.91499179E-02	2.07043197E-02	8.47656000E-03	1.00814393E-02	1.38434386E-02	1.53194396E-02	1.44503992E-02	1.19757596E-02	1.00900801E-02	1.04155205E-02	7.09487963E-03	4.88376012E-03	6.04655966E-03	6.76008034E-03	6.64272020E-03	7.81776011E-03	1.10217603E-02	1.41760809E-02	8.28237608E-02	0.168930024	0.143667355	8.47612843E-02	7.74590373E-02	8.14219192E-02	8.28036070E-02	0.126943916	5.71730360E-02	5.26392050E-02	6.25068024E-02	5.14864810E-02	4.43829596E-02	4.67719212E-02	4.76942398E-02	4.36161570E-02	3.76358405E-02	3.81391197E-02	4.36168797E-02	4.24951203E-02	3.48897614E-02	3.45355198E-02	4.08751182E-02	4.50777598E-02	4.03617583E-02	3.35073620E-02	2.62490418E-02	2.60193590E-02	2.77905595E-02	2.46952809E-02	1.71943195E-02	1.25978412E-02	1.05940802E-02	1.00807203E-02	1.16323195E-02	1.36764003E-02	1.94896776E-02	4.04366404E-02	8.30116794E-02	0.134434089	0.180273607	0.243609130	0.326348633	0.377007842	0.372839034	0.396095067	0.425687045	0.412408799	0.393665761	0.362073570	0.318345100	0.291868538	0.279317498	0.249687374	0.203031361	0.170878321	0.166371852	0.174752638	0.138554648	0.101975761	0.143501043	0.207630724	0.252957612	0.305424720	0.384006977	0.511620462	0.606610119	0.695928276	1.01493657	1.43446457	1.04826093	0.837633610	0.708961666	0.873165607	1.16181433	1.27700353	1.40561354	1.92884338	2.31650853	2.40653658	2.71496964	3.04157400	3.16170883	2.97049642	2.51481462	2.56370902	2.65290403	2.05266762	1.71856439	1.76098537	1.79811931	1.79254293	1.81640887	1.91396451	1.96186888	1.98571455	1.97846341	2.05516005	2.13744903	2.28218031	2.49091268	2.71877193	2.91463995	3.04179001	3.19373488	3.21055102	3.13637495	3.07631493	2.95551157	2.72197843	2.49611115	2.42022371	2.44396305	2.43494010	2.36534905	2.27048087	2.17301893	2.06781793	1.93585324	1.96312606	1.91969788	1.88914537	1.84871364	1.82355547	1.82243228	1.77971625	1.77651143	1.77130723	1.79234564	1.77061248	1.71643603	1.62811291	1.61018562	1.60541558	1.61155009	1.58240807	1.59948730	1.60791337	1.65501928	1.66841400	1.70606089	1.73764229	1.77643955	1.78643525	1.86766696	1.95423841	2.02548599	2.00204062	1.99473381	2.08311415	2.18326545	2.28128195	2.36269879	2.43714476	2.48540092	2.56392837	2.67010427	2.75372577	2.78090286	2.79283047	2.78664565	2.88753581	2.98644328	3.04672837	2.97282887	2.82926750	2.69058871	2.36555481	2.58620548	3.68307137	2.87226558	2.49450755	2.36222196	2.36180925	2.40492320	2.42191148	2.43185115	2.41013098	2.36142135	2.24473667	2.12527514	2.00753713	1.96053851	1.89981151	1.88141191	1.82237172	1.68329585	1.60186756	1.46422577	1.30809021	1.21962965	1.22157574	1.23142743	1.25887620	1.27177620	1.31949937	1.37984324	1.46799362	1.62452662	1.61653388	1.58611894	1.53444386	1.54164314	1.52381968	1.51134968	1.58745968	1.64190674	1.57490778	1.51433504	1.47231436	1.40920699	1.31195152	1.26645184	1.25855279	1.21862435	1.15278399	1.01296580	0.880710542	0.961541295	1.18507826	1.59505284	1.47943723	1.52501392	1.58896518	1.70938671	1.81781495	2.16558862	2.03776646	1.77602029	3.27631927	3.05729938	2.18582225	1.41880393	1.11477029	1.36377931	1.49730396	1.69925320	3.04193735	2.66079235	2.39725375	2.21869063	1.99487066	1.83054376	1.67261910	1.39366865	1.05801916	0.910179317	0.962944627	0.979205787	1.06704509	1.09300184	0.684496820	0.670602262	1.31011331	2.65207624	2.43820953	1.71054661	1.49541557	1.62276769	1.50172269	1.45000780	1.39978802	1.36675227	1.33066809	1.26384473	1.26854920	1.28274405	1.29259527	1.31168592	1.29364121	1.22272992	1.16107130	1.10080230	1.08333862	1.08172667	1.07110012	1.04958141	1.09387016	1.08210313	1.06977248	1.02992547	1.01076186	0.907141685	0.826465726	0.780657828	0.784553707	0.819847465	0.855047524	0.702069163	0.596923947	0.526025534	0.396087855	0.320375502	0.254954159	0.218746066	0.172236949	0.149459764	0.136994407	0.125811368	0.128283843	0.131387755	0.143102169	0.135397434	0.132938638	0.156546712	0.173033267	0.157237202	0.143477276	0.165386871	0.174712315	0.186014876	0.176891044	0.168341041	0.145636573	0.111793682	9.54453647E-02	9.55303237E-02	9.20253620E-02	9.97768864E-02	0.103370398	9.03880820E-02	9.52502415E-02	9.22665596E-02	8.58636051E-02
19.0000000	7.39375204E-02	6.70348778E-02	6.06549568E-02	5.42743243E-02	4.86043170E-02	4.43505645E-02	3.87259163E-02	3.46176028E-02	3.30163166E-02	2.83204820E-02	1.91008784E-02	3.08563225E-02	4.18579169E-02	2.42107194E-02	1.27022397E-02	1.24675203E-02	1.28664002E-02	1.51934400E-02	1.78322401E-02	1.61568001E-02	1.22284796E-02	1.29938396E-02	1.27641596E-02	1.18295988E-02	9.33695957E-03	7.28280004E-03	6.91560004E-03	6.58152020E-03	4.87439986E-03	5.01839956E-03	5.52240014E-03	4.89383982E-03	7.17839971E-03	1.02780005E-02	1.09907994E-02	1.44280801E-02	6.17551208E-02	0.248052940	0.144033119	9.43704024E-02	6.18573613E-02	6.94735199E-02	7.87492767E-02	0.166410729	0.134205848	6.19955994E-02	5.73847182E-02	5.16527966E-02	4.46227193E-02	4.06303219E-02	3.87252010E-02	3.71210426E-02	3.62743214E-02	3.67048793E-02	3.32971215E-02	2.57853605E-02	2.45008785E-02	3.02097593E-02	3.42100784E-02	3.83486412E-02	3.18225585E-02	3.69540006E-02	2.88575999E-02	2.79151183E-02	2.34691203E-02	2.30940003E-02	1.60732791E-02	1.23444004E-02	1.17050400E-02	1.08151194E-02	1.20391203E-02	1.22083202E-02	1.67039987E-02	4.05374393E-02	8.46791938E-02	0.136562392	0.189514071	0.258906275	0.341282159	0.364109039	0.345124066	0.369663119	0.426673472	0.442615688	0.378318250	0.272653937	0.232673034	0.218819514	0.197729275	0.165845528	0.140943602	0.125710562	0.120042726	0.118521355	0.107100718	7.94829577E-02	0.132739201	0.171818629	0.215792626	0.257960171	0.295158237	0.362233430	0.460269392	0.543659747	0.691163301	1.27021539	1.73006630	1.13423896	0.756720722	0.879274070	1.26587737	1.47056043	1.66180968	1.86738491	1.86274219	1.81017721	1.80121970	1.74192703	1.67103565	1.34215343	1.18302047	1.78892720	2.02905059	2.19617271	1.78110433	1.86358166	1.85284948	1.97063494	2.08430862	2.14462447	2.18176770	2.28763080	2.32723594	2.46083117	2.56320643	2.69817400	2.90152168	3.05554891	3.22914028	3.33294845	3.35407043	3.32483840	3.30937481	3.15651083	2.93203282	2.68051982	2.57153702	2.49729490	2.44670606	2.37419653	2.23320150	2.16226935	2.08104897	2.00940251	1.96049964	1.94261193	1.90595031	1.90377140	1.82060349	1.77264714	1.72155011	1.69498873	1.70014238	1.72038388	1.71469653	1.68569577	1.61487997	1.57020187	1.54894328	1.56224954	1.54797983	1.52985597	1.52365255	1.54378927	1.57019973	1.55926216	1.62069106	1.65407467	1.69915748	1.74131000	1.83201838	1.81661034	1.82986844	1.83096433	1.83056343	1.84984624	1.91646051	1.97322488	2.07316923	2.17368150	2.22932529	2.33805656	2.31618476	2.32542372	2.32706904	2.45830607	2.52041769	2.52513361	2.58777714	2.70778298	2.60287499	2.56876922	2.51386976	2.10448360	2.56236696	3.38530540	3.01991701	2.29927015	2.20567489	2.24518538	2.36285853	2.42622566	2.47949338	2.49021316	2.42096472	2.23483467	2.13127470	2.10252523	2.08755946	2.09151578	1.98878479	1.91426826	1.79127502	1.67510223	1.55010653	1.44394052	1.38728809	1.35591686	1.39520824	1.44143713	1.46113265	1.53017139	1.59862685	1.66966403	1.75458312	1.84189248	1.84756088	1.88075459	1.89089358	1.84437668	1.92826068	2.03710628	2.03950238	2.02272987	1.95489299	1.84690166	1.69639194	1.61535943	1.56313086	1.54804480	1.51742816	1.41869235	1.20297170	0.955338418	0.958229363	1.06723666	1.25249839	1.47961593	1.42204320	1.58664382	1.91688764	1.71702290	1.62838364	1.81524813	1.37889707	3.94446206	4.30602598	3.18481708	2.12575531	1.52561235	1.50608957	1.65969932	2.11996222	3.46171451	2.78660750	2.55071664	2.40271616	2.31050110	2.15892363	2.01456928	1.77862036	1.34570658	1.06232476	1.20739460	1.63555849	1.51381445	1.44333434	1.02259147	0.744710386	1.36373842	2.09198737	2.31687474	1.56308985	1.16609967	1.67154050	1.60738480	1.43405211	1.39984190	1.31989896	1.23687434	1.20409334	1.20337987	1.18522298	1.20449817	1.26149833	1.21682227	1.12692237	1.07857156	1.03279674	1.01554203	1.00823689	1.01212561	1.03383434	1.00753701	0.959150136	0.880552113	0.864067674	0.822368145	0.750641763	0.726156712	0.679311335	0.672847927	0.681922138	0.592074752	0.527746320	0.499603659	0.408201873	0.305436224	0.226408303	0.207030952	0.179278582	0.140625373	0.134697601	0.135627121	0.139843434	0.143549278	0.164685607	0.161414623	0.149996176	0.151002005	0.162270725	0.174773514	0.156563282	0.155663282	0.162735134	0.176636159	0.178138077	0.165784314	0.146717295	0.114654250	9.80294347E-02	9.98820066E-02	9.94528756E-02	9.84664783E-02	0.108242638	9.91799980E-02	8.55676755E-02	8.10223147E-02	7.88328052E-02	7.63164014E-02
18.0000000	6.65524825E-02	6.45192042E-02	5.52816018E-02	4.83760834E-02	4.31352034E-02	4.05705608E-02	3.23654376E-02	2.96820011E-02	3.45131978E-02	3.22207175E-02	2.48860791E-02	2.77660768E-02	3.69964801E-02	2.13753600E-02	7.34760007E-03	8.57232045E-03	9.75599978E-03	1.14544798E-02	1.49320802E-02	1.53612010E-02	1.29527999E-02	1.24682384E-02	9.57816001E-03	7.18992064E-03	5.27040008E-03	4.21344023E-03	4.33943979E-03	5.80536015E-03	6.45480072E-03	6.16031978E-03	4.79952013E-03	8.50824080E-03	1.33581599E-02	1.39874406E-02	1.50465602E-02	1.66478399E-02	3.26066390E-02	0.120363124	0.175096080	0.239347443	5.13100810E-02	4.71729673E-02	6.59584850E-02	8.31168070E-02	0.123046555	7.30605572E-02	6.81760833E-02	6.21403195E-02	4.78713624E-02	3.96072008E-02	3.85164022E-02	3.84422392E-02	3.78979184E-02	3.26685607E-02	2.54736003E-02	2.39666402E-02	2.33157612E-02	2.47384794E-02	3.17944810E-02	3.58891152E-02	2.81678364E-02	2.58271191E-02	2.27671210E-02	1.82102397E-02	1.43582402E-02	1.48478393E-02	1.46908797E-02	1.42286401E-02	1.53712807E-02	1.49731198E-02	1.49961598E-02	1.25848800E-02	1.68508813E-02	4.16829586E-02	8.33601579E-02	0.129553929	0.192230642	0.259566486	0.315223217	0.334273696	0.309301913	0.315087110	0.380527198	0.408207595	0.294925660	0.235585451	0.203829855	0.185577840	0.169009909	0.140682951	0.116781123	9.66866463E-02	8.24889615E-02	8.22369605E-02	8.22974369E-02	8.04996043E-02	0.101934724	0.142795444	0.208786339	0.244352877	0.241418898	0.309797287	0.368410319	0.407822430	0.436687201	0.807060897	1.70578372	1.62337744	0.818993568	0.624240041	0.858388305	1.31291699	1.60805511	1.47630596	1.35186327	1.20592523	1.07532644	0.964829504	0.817885458	0.571722448	0.443331331	2.19434023	4.43863773	3.46894503	2.33233619	2.18498540	2.12667632	2.22022152	2.40425491	2.56631756	2.56937695	2.63023973	2.69924545	2.90664434	3.06745219	3.15936875	3.29110122	3.46411371	3.61455965	3.78096056	3.75897026	3.79453969	3.67913008	3.34843135	3.03240538	2.85682607	2.67450643	2.57435131	2.42661262	2.29341316	2.22003198	2.15216064	2.09932351	2.04005742	2.00526690	1.90425313	1.84413385	1.78977454	1.74878073	1.71878970	1.60277474	1.58216918	1.61392617	1.60868585	1.55312502	1.51491678	1.42808616	1.41561151	1.39533412	1.38004065	1.36561167	1.37660325	1.38944805	1.42201138	1.43478000	1.43482745	1.48297966	1.52292669	1.57447934	1.57183695	1.56817019	1.59028912	1.61284685	1.60079825	1.53880131	1.51557267	1.53950393	1.61429322	1.71605873	1.91031110	2.00674224	2.05161929	1.98634601	1.95535159	1.99391747	2.10867620	2.20236635	2.20999813	2.27387309	2.29006004	2.26592135	2.23753810	2.24147177	2.10793233	2.16939521	2.75616789	2.54957843	2.36523604	2.27432609	2.34547877	2.47119021	2.54291153	2.58246350	2.59271216	2.47512317	2.30018473	2.29783392	2.25266528	2.20413518	2.13771892	2.09155965	2.01207829	1.90265095	1.82924712	1.75764167	1.76208568	1.70689023	1.68232095	1.66396451	1.66244614	1.72534096	1.76803493	1.87555242	1.92619276	2.02139854	2.17155242	2.28953457	2.32463598	2.28672862	2.30988526	2.45848250	2.53325367	2.48336911	2.41739416	2.41629267	2.30895209	2.10438156	2.00476193	1.94958723	1.92515457	1.91322219	1.75241590	1.47097445	1.16284180	1.07586074	1.14728475	1.05661297	0.991140485	0.957975924	1.28809154	1.86201799	1.41038203	1.33993948	1.83521795	2.68238735	3.63221526	5.08830881	3.96742845	2.84697437	1.88721716	1.55557442	2.04765725	3.30565500	3.52493382	2.89009047	2.69368267	2.51814318	2.40772080	2.25242782	2.22075510	2.20481992	1.66742265	1.14144552	2.06684780	2.74344850	1.96303964	1.53238881	1.07533717	0.812470257	1.70684636	2.46519065	2.02326632	1.48167717	1.09056818	1.46376371	1.65007150	1.34704447	1.24886298	1.25860393	1.23230886	1.16675282	1.14387119	1.13339019	1.11632109	1.13031149	1.06680453	0.998324692	0.991126716	1.02425683	0.989805639	0.975089490	0.929846168	0.935470104	0.918312430	0.832677901	0.733260989	0.696126223	0.659625113	0.604712844	0.585758209	0.566406727	0.555906951	0.500211358	0.438854426	0.400928408	0.384268343	0.330919176	0.246605009	0.187030807	0.164808720	0.148163036	0.157715991	0.158333763	0.170447752	0.163563848	0.169777453	0.170342654	0.166517287	0.162296653	0.166947126	0.186803266	0.191108167	0.161381513	0.152068317	0.157589987	0.162084952	0.155736730	0.139118403	0.124229521	0.112044245	0.101631597	0.102963597	0.102367446	0.109092958	0.116017208	0.100774087	8.44696760E-02	7.75094330E-02	7.19064027E-02	6.90566376E-02
17.0000000	5.77951185E-02	6.29495978E-02	5.65358400E-02	4.68763188E-02	4.23496813E-02	3.94999199E-02	3.39192040E-02	3.13689634E-02	3.29119228E-02	2.87524797E-02	1.99598409E-02	1.64203197E-02	2.39227191E-02	1.38412807E-02	8.14392045E-03	7.09560048E-03	8.22599977E-03	1.00886412E-02	1.00476015E-02	1.28368801E-02	1.38506405E-02	1.32566402E-02	1.19246393E-02	1.24703990E-02	4.87296004E-03	5.40576037E-03	6.44544093E-03	7.13663967E-03	4.89383982E-03	7.15680001E-03	1.34740807E-02	1.89756006E-02	1.09080002E-02	1.22788800E-02	1.61351990E-02	1.98460780E-02	2.50639189E-02	3.43259983E-02	0.153955430	0.328466862	0.166853517	5.79520799E-02	6.42160922E-02	6.29495978E-02	9.00734439E-02	9.73749608E-02	7.86758438E-02	5.93654364E-02	4.86878417E-02	4.45932001E-02	4.10392806E-02	4.48250398E-02	5.21575212E-02	5.18659204E-02	4.79880013E-02	4.02364805E-02	2.83017587E-02	3.01017594E-02	3.78863998E-02	3.85898352E-02	2.70122420E-02	2.36498415E-02	1.97827183E-02	1.77292787E-02	1.78372785E-02	2.11752001E-02	1.92376804E-02	1.54353594E-02	1.82959195E-02	1.65247191E-02	1.43870413E-02	1.12651205E-02	1.50580797E-02	3.36369611E-02	8.97105560E-02	0.144827992	0.182236314	0.223400161	0.247589275	0.271098703	0.276067436	0.285653532	0.296697587	0.267790318	0.228869975	0.204821289	0.178346172	0.160387918	0.149752796	0.119639508	9.97783244E-02	8.28784779E-02	6.50145561E-02	6.25003204E-02	6.56315982E-02	7.06003159E-02	7.49642402E-02	7.84771293E-02	0.173432156	0.270191550	0.326401949	0.466766685	0.482127160	0.457514584	0.515025377	0.585274339	1.35496724	2.21181703	1.77791035	1.05436790	0.997595966	1.35153949	1.52012014	1.19033492	1.11861372	0.923933506	0.811596930	0.713159978	0.635770023	0.591900468	0.693110883	2.21872115	5.74174023	4.57925129	3.20225596	2.70258784	2.61472487	2.74206829	3.01270747	3.24458265	3.31493878	3.29463267	3.40016055	3.54534411	3.64370775	3.70551443	3.85712957	4.11502266	4.33201981	4.30786705	4.18673897	4.00903368	3.76811743	3.32835841	3.08279085	2.97732520	2.74797511	2.50320244	2.38342738	2.30554652	2.26743317	2.16380882	2.04808831	1.98952711	1.90787840	1.78786802	1.72419059	1.68976080	1.59915030	1.53071344	1.49003851	1.48542273	1.49582219	1.40992069	1.32486200	1.28683519	1.26430631	1.23852086	1.21367669	1.24186313	1.22075272	1.19900739	1.23069251	1.23613131	1.23885286	1.27309477	1.32000399	1.34232974	1.34557843	1.31004715	1.27676523	1.38119030	1.35195982	1.33477843	1.28802538	1.27062440	1.32699251	1.38792813	1.51822150	1.65038681	1.67992198	1.67437732	1.63348413	1.68072617	1.77705860	1.94123161	2.02478814	2.05040240	2.06582451	2.08297443	2.13763881	2.13132596	2.21297908	2.35200214	2.40344787	2.45658684	2.50018620	2.49625707	2.56225348	2.63850474	2.74287319	2.75957274	2.69868755	2.68387413	2.61517835	2.53479385	2.53312564	2.48786640	2.33040977	2.24315333	2.18779206	2.14833474	2.05176520	2.02953100	2.04793358	2.02849340	2.08658886	2.00443530	1.96156371	1.96241045	2.04281569	2.14160466	2.31416917	2.41024089	2.45181942	2.64258218	2.75612760	2.77535081	2.85181475	2.98857903	3.03323388	3.02542806	3.05614686	3.05680752	3.02818108	2.91350889	2.75863338	2.58181286	2.43171501	2.37121916	2.32903719	2.13097405	1.79107702	1.51279700	1.42704010	1.35873997	1.10985982	0.941811025	0.854755938	1.03700018	1.55739832	1.61547482	1.52899408	1.27722394	1.51529181	1.29276204	2.59881830	2.45174980	2.55983329	2.35126996	1.96588004	2.80553627	3.59995651	3.73836255	3.12733936	3.14534068	3.01476169	2.48596978	2.11389637	1.99570882	2.08088923	1.81765795	1.27873075	1.28739738	1.83438563	1.50989473	1.15622425	0.986896813	0.954110146	1.30422592	1.97164440	1.75091469	1.39541101	1.21623480	1.31165361	1.40442121	1.31807518	1.22117889	1.11923277	1.24194384	1.11921549	1.04709101	0.994011879	0.981260657	0.953598976	0.954436362	0.962632835	0.914324403	0.883578956	0.850408554	0.821792841	0.795210421	0.782397449	0.744225860	0.673308015	0.602827907	0.565099239	0.556369185	0.540873408	0.506718695	0.481656969	0.453689992	0.435335755	0.393936515	0.356054425	0.342652351	0.305391610	0.255520791	0.201542392	0.181885675	0.202926219	0.204086870	0.197907835	0.174780712	0.171969116	0.178125829	0.169933677	0.165300488	0.171829447	0.174405590	0.195674419	0.185565591	0.150521755	0.152780399	0.160903424	0.141507357	0.126735836	0.122488558	0.125038087	0.116444148	0.105789594	9.68407318E-02	0.101340719	0.125624880	0.126202315	0.104994722	9.15515944E-02	7.10791200E-02	5.92394397E-02	5.75805642E-02
16.0000000	5.96188791E-02	5.74279130E-02	5.11516817E-02	4.25188802E-02	3.62728797E-02	3.43159176E-02	3.07317618E-02	3.97195257E-02	3.15907188E-02	1.99828800E-02	1.35892807E-02	2.06416789E-02	2.61108000E-02	1.94875188E-02	1.40745612E-02	1.61683187E-02	1.79899205E-02	1.15689607E-02	1.15581602E-02	2.02953611E-02	1.66068003E-02	1.86400805E-02	2.52842400E-02	1.97402425E-02	9.23184119E-03	1.30140008E-02	1.37988003E-02	1.34639991E-02	1.06351199E-02	1.57060791E-02	1.88603997E-02	2.41091996E-02	2.10492015E-02	2.82679163E-02	4.39531207E-02	3.35059203E-02	4.11242396E-02	7.23376796E-02	0.256884485	0.459289432	0.360704899	5.82148805E-02	7.06413686E-02	0.135514081	0.151609689	0.173382461	0.113782324	6.25931993E-02	6.16118424E-02	6.20920770E-02	5.48215210E-02	6.18364811E-02	6.56942427E-02	5.45277596E-02	4.05503958E-02	2.76400801E-02	2.84774397E-02	3.52058411E-02	4.07901555E-02	3.46730389E-02	2.54196022E-02	2.40285583E-02	3.00607216E-02	3.32042426E-02	4.43952009E-02	3.57285626E-02	2.30515208E-02	2.66774409E-02	2.64664814E-02	2.01276001E-02	1.91116799E-02	1.55505603E-02	1.64930411E-02	3.54686417E-02	0.105555594	0.177508101	0.193663433	0.191472486	0.193505764	0.217702091	0.256822556	0.274654090	0.253964126	0.222898334	0.195719764	0.179164812	0.191967130	0.162421197	0.145771921	0.123468474	0.100373760	7.78672770E-02	6.24780059E-02	5.64436801E-02	6.05901591E-02	5.92502356E-02	5.15080802E-02	5.59303239E-02	0.176597998	0.363816738	0.473671407	0.572872996	0.687568247	0.675521314	0.678483307	0.693308890	0.914183319	2.04255724	2.86172700	1.96942186	1.41212022	1.51994324	1.43184602	1.16792142	1.10134006	0.983239889	0.897252440	0.890045285	0.868019104	0.807439685	0.969484270	1.88930464	4.43909788	5.14819956	3.96349454	3.47782874	3.33544111	3.53094268	3.82534194	4.01012325	4.21609402	4.27554655	4.26072025	4.22255135	4.17356873	4.29149485	4.43173170	4.59190941	4.70357847	4.60104561	4.38438606	4.14177036	3.71496606	3.40527558	3.17563939	3.02069283	2.81140566	2.66691089	2.44176555	2.27576017	2.14230013	2.00014353	1.89803243	1.80519700	1.66758049	1.53817415	1.46505249	1.44001150	1.41462278	1.39358449	1.40865350	1.39653933	1.29324460	1.18418610	1.13766611	1.12390840	1.10529149	1.09936941	1.07762909	1.06513202	1.06914389	1.04157507	1.05449772	1.04507565	1.05006456	1.08569527	1.11414397	1.11987150	1.11706841	1.11377668	1.12548888	1.12154114	1.11728728	1.14955783	1.12670493	1.15705872	1.20727944	1.21722126	1.28936732	1.30540538	1.34847796	1.38956189	1.43706596	1.54367423	1.67535281	1.78788102	1.94672477	2.03153110	2.11090875	2.13374877	2.18338203	2.24008632	2.35306501	2.45590472	2.51354575	2.55851221	2.58888888	2.61776090	2.71836734	2.83491516	2.95369792	2.96451211	2.83838558	2.80374765	2.77678204	2.77944899	2.75395894	2.67968082	2.49556327	2.35359573	2.26498890	2.23211098	2.22827601	2.27157831	2.24631810	2.20802236	2.18488979	2.23199558	2.16459155	2.19911695	2.30930924	2.46297169	2.72669601	2.95640206	3.05745554	3.20070076	3.20335340	3.21508789	3.37146330	3.50814962	3.68168759	3.76564336	3.87335110	3.96245241	3.85179996	3.65456796	3.45140672	3.20294857	3.03341055	2.87765288	2.75786781	2.52303720	2.22516131	2.09839821	2.01055837	1.79172647	1.46483123	1.30422449	1.20569110	1.18164670	1.30179322	1.53957677	2.12178302	1.67336273	0.588031173	0.238908246	0.282877892	0.810719371	1.19937956	2.12315845	2.45882010	3.51148081	4.76604033	3.76522589	3.28918314	3.78592491	3.75400472	2.94979978	2.10429764	1.83621311	1.74975264	1.59239590	1.39323020	1.26532233	1.19842207	1.05708516	1.03504753	1.04562140	1.26601207	1.50402594	1.50357604	1.38107526	1.34738004	1.31614923	1.31735027	1.24162138	1.17254519	1.02314663	0.859083831	1.08694363	1.05851746	0.959026277	0.923070252	0.906157434	0.879805446	0.882960439	0.842830539	0.803392589	0.742826879	0.709338248	0.683491647	0.656930864	0.616219223	0.585224628	0.557817817	0.531917274	0.498795837	0.511811316	0.471671999	0.444126219	0.438816994	0.405549347	0.384226531	0.349094182	0.324242651	0.325816542	0.298941821	0.262111694	0.248324394	0.240331665	0.247577757	0.231247470	0.190110967	0.171994343	0.163259983	0.161341205	0.163887128	0.167284802	0.181343496	0.191383898	0.187493041	0.172637284	0.168033615	0.163332000	0.138990238	0.122029208	0.110137686	0.108985685	0.115199283	0.128440082	0.128695682	0.118039675	0.141403675	0.126317516	0.107371449	9.10475999E-02	7.22303987E-02	6.71803206E-02	6.04864806E-02	5.98586388E-02
15.0000000	7.29979277E-02	6.13375157E-02	5.21388017E-02	4.76294421E-02	4.36809622E-02	4.16491181E-02	5.33951893E-02	6.08759969E-02	5.22712804E-02	3.01773623E-02	2.36275196E-02	3.01867202E-02	2.69279983E-02	2.06107199E-02	2.29867194E-02	3.25742401E-02	2.55866386E-02	1.73505601E-02	2.14048810E-02	4.08312008E-02	3.98440808E-02	5.12668788E-02	6.62277639E-02	4.53794338E-02	2.82175224E-02	2.69064028E-02	2.75349617E-02	2.38471199E-02	2.02960800E-02	2.56600827E-02	2.97360010E-02	3.50791179E-02	4.06533554E-02	6.31144866E-02	6.86483979E-02	7.13412017E-02	0.110672638	0.214410946	0.438625515	0.586512685	0.453072250	0.174018964	8.20058361E-02	0.218851194	0.339982569	0.279956877	0.138206884	9.89301577E-02	9.79214460E-02	9.02440846E-02	6.37639239E-02	4.66235988E-02	3.99182402E-02	2.75133625E-02	2.54620798E-02	3.29097658E-02	4.71794382E-02	5.05879186E-02	4.47400734E-02	3.64845619E-02	3.54340784E-02	4.48667929E-02	5.55328801E-02	6.10106476E-02	5.79614416E-02	3.91154401E-02	4.58510369E-02	4.28126417E-02	3.09722405E-02	2.07453594E-02	2.59128008E-02	2.60820016E-02	2.28204001E-02	5.24311215E-02	0.107087761	0.223649278	0.252075613	0.214240327	0.199729443	0.227914557	0.265383363	0.258876711	0.221117020	0.205273449	0.213906974	0.227614328	0.235436395	0.220003918	0.171673194	0.142736405	0.118764006	7.92532787E-02	6.45832866E-02	6.13044016E-02	7.05873594E-02	5.46069592E-02	4.38285582E-02	4.74847220E-02	0.257189751	0.546228766	0.658987880	0.777211845	0.935861647	0.952184796	0.890766680	0.892443657	0.920741081	1.08706963	1.88959301	2.36456847	1.68541217	1.66576469	1.40438449	1.30205369	1.29229057	1.24722934	1.28328836	1.35162222	1.32910919	1.18142998	0.984538853	1.55305946	5.02707815	5.48514557	4.99383402	4.35374069	4.21188736	4.45733929	4.68303013	4.95928812	5.12162638	5.25254679	5.07271719	4.95074892	4.82120895	4.81576824	4.83200026	5.09928608	5.05272913	4.74472475	4.47112799	4.24270773	3.85942531	3.54953003	3.27285862	3.08915067	2.90094471	2.65418148	2.41229248	2.25699258	2.00064445	1.80464411	1.65881872	1.50668848	1.40119350	1.32686639	1.25718188	1.26675653	1.30554438	1.29769409	1.24419820	1.18992317	1.08838081	1.05262923	1.05766213	1.05455875	1.04363990	1.03254616	0.988233745	0.986289084	0.975865006	0.940574884	0.923894703	0.913564801	0.912203252	0.942712545	0.953513920	0.918941677	0.934539795	0.936521351	0.970204294	1.00107288	0.997319520	1.02350223	1.05824590	1.08523512	1.14792192	1.16891062	1.15233397	1.17875528	1.22794986	1.32098615	1.38476229	1.50198197	1.62683070	1.74925280	1.91350627	2.12887740	2.21556473	2.26081920	2.31488299	2.33881283	2.39687920	2.48707008	2.58512473	2.62876177	2.67227411	2.72277927	2.80537271	2.93428302	2.97213840	2.95630836	2.86868596	2.80245614	2.84910226	2.87212396	2.81232858	2.75297976	2.61438918	2.44522285	2.29847383	2.29034448	2.35328197	2.37238121	2.39052820	2.34686065	2.35829949	2.45441079	2.46746588	2.50255156	2.61034465	2.82501602	3.06316781	3.29292727	3.49364042	3.56752729	3.64753127	3.80997062	3.97324252	4.16078615	4.41540861	4.65772772	4.85621119	5.00778437	4.90852737	4.45526075	4.10322618	3.85296345	3.75908732	3.61215138	3.43507886	3.24001527	2.99367142	2.86901927	2.79637146	2.62666893	2.38432670	2.09562469	1.81687033	1.59018409	1.41313815	1.31409359	1.09167922	0.737691820	0.408536613	0.185127124	0.202425838	1.20312715	1.39841425	1.05315411	0.920908093	1.94634068	2.52939606	2.60215998	3.14585280	3.91685057	3.76929235	3.60085392	2.26217103	1.73711812	1.49928331	1.22403955	0.975065053	0.835424662	0.767552376	0.770735502	0.873866856	0.880151033	0.992085099	1.13503397	1.19308758	1.19073617	1.17448485	1.12420368	1.06041670	1.03703761	0.969639122	0.914779425	0.753177583	0.977727711	0.970173419	0.857572496	0.852921367	0.799883962	0.771541178	0.734591484	0.711897135	0.675820112	0.632751167	0.617440343	0.600459814	0.566827953	0.533570409	0.503912151	0.492045820	0.482911915	0.483852983	0.456625402	0.422513992	0.424073517	0.387284368	0.354809493	0.318921119	0.300792933	0.298354298	0.299340010	0.261096478	0.267835677	0.270263523	0.272484720	0.251356333	0.213341057	0.197656542	0.181342080	0.163813666	0.161655858	0.170614809	0.183355182	0.196647108	0.198765352	0.194803923	0.193426564	0.167890310	0.146798640	0.145301044	0.130190402	0.107916482	0.110610716	0.133973271	0.147345826	0.149921998	0.137694970	0.112158723	0.112340875	9.48398411E-02	8.54524821E-02	7.54999220E-02	8.56108814E-02	9.15213600E-02	8.03534389E-02
14.0000000	0.114289194	8.99913609E-02	8.67535174E-02	8.44171196E-02	7.66051188E-02	7.39807263E-02	7.64992908E-02	8.64525586E-02	7.38979131E-02	4.80081588E-02	4.50331196E-02	4.36276831E-02	3.75199169E-02	2.89598368E-02	3.11918408E-02	4.17326428E-02	4.89506423E-02	4.75675203E-02	5.17269559E-02	7.83827975E-02	9.99763235E-02	0.110756159	0.119788587	9.01274532E-02	6.56006485E-02	4.95388806E-02	3.67869623E-02	3.33302394E-02	4.17218395E-02	5.44197634E-02	5.33411987E-02	5.04892766E-02	5.85489571E-02	6.20164871E-02	9.46224108E-02	0.142125100	0.191474676	0.409237206	0.771796048	0.729728699	0.372315586	0.106049515	5.94093613E-02	0.171397433	0.325121760	0.308768392	0.207805678	0.154360801	9.54698548E-02	5.31439185E-02	3.60136777E-02	2.73175184E-02	3.24727185E-02	4.33879197E-02	5.18731214E-02	6.32015988E-02	7.34155178E-02	7.01654404E-02	6.31180853E-02	5.79945631E-02	5.97333573E-02	6.53407276E-02	6.96117505E-02	7.54488036E-02	6.21439181E-02	5.97009584E-02	6.32224828E-02	6.03201613E-02	4.81320024E-02	3.72470394E-02	3.89757603E-02	4.04755175E-02	4.36391979E-02	7.98926502E-02	0.135975599	0.347879529	0.420121402	0.378138989	0.305865377	0.306118101	0.327440172	0.286911398	0.248796716	0.257399291	0.279590398	0.292455345	0.291420013	0.262879223	0.210690007	0.175068006	0.135128886	0.107604720	0.106922165	0.114855833	9.64871943E-02	6.93295226E-02	5.49043193E-02	6.83841631E-02	0.239429519	0.788329422	0.753229439	0.889897585	1.13106465	1.19314134	1.07754636	0.915513098	0.766765475	0.655474365	0.877033412	1.92645645	1.64459467	1.78296685	1.60738766	1.73032987	1.78601909	1.86897469	1.93951941	2.00177288	1.96203113	1.51337302	1.11080086	1.98487580	4.15103102	4.00517702	5.76770115	5.44481897	4.99971151	5.16400576	5.36759138	5.58793497	5.81516695	5.90595198	5.61782598	5.48113298	5.26596451	5.06790829	4.98214245	5.18632507	5.16795731	4.81421518	4.45827866	4.30459833	4.06879711	3.69561458	3.42577505	3.14758325	2.80084395	2.66602039	2.41779089	2.12974715	1.86107540	1.66108096	1.48010957	1.29280329	1.27512074	1.19914484	1.15592837	1.14856040	1.12856185	1.12090170	1.07311547	1.01242864	1.02475941	1.06364310	1.08753121	1.07713723	1.04335988	0.986486435	0.950255334	0.917525530	0.899114430	0.860319316	0.863681018	0.882843912	0.845187783	0.847192287	0.851243675	0.843586504	0.829567432	0.842200577	0.834891200	0.852735579	0.909465134	0.962411761	1.03261960	1.07670665	1.11250007	1.13383162	1.13811553	1.16750669	1.23637033	1.36262369	1.46643698	1.57814491	1.68622625	1.83730447	2.03800607	2.20278621	2.28696775	2.39448833	2.43105483	2.44575453	2.42650008	2.50038290	2.58154440	2.64989448	2.70014834	2.80162930	2.80587387	2.84111714	2.89697337	2.88131070	2.76927423	2.85077953	2.94619536	2.95233893	2.91073823	2.82301497	2.67835164	2.43049884	2.31333184	2.31720686	2.37226677	2.43550801	2.46141934	2.48854971	2.52493286	2.67910695	2.79245830	2.87653184	3.01711130	3.16291976	3.28097963	3.49542093	3.70143867	3.91665339	4.10566473	4.30614042	4.60574245	4.86543417	5.15753126	5.36003017	5.55891037	5.54919672	5.41761303	5.06171656	4.70217848	4.48361826	4.46313238	4.47509766	4.16173029	3.97087598	3.85640574	3.66138077	3.39930511	3.20840693	3.01224327	2.72220898	2.37079811	2.00158620	1.63010395	1.28506100	0.857696354	0.521971226	0.347515196	0.208272234	0.268450558	0.818619132	2.12401366	1.20105505	0.551663995	0.376127988	0.378861845	0.460090786	2.16961432	3.56498075	3.13799071	3.67168403	2.11334896	1.35597110	1.04122949	0.759111822	0.552170157	0.434664011	0.380338579	0.379678339	0.423954725	0.509818316	0.663951576	0.756845295	0.918582499	1.05053532	1.06703842	1.03550899	1.01630819	0.997582972	1.00126719	0.958545387	0.774256349	0.839026749	0.832540393	0.794317722	0.771562815	0.721619964	0.679920495	0.642769217	0.623335004	0.583873868	0.541280925	0.553300560	0.543484092	0.510690928	0.491861522	0.480073661	0.438058078	0.452550977	0.447425961	0.435227722	0.427204788	0.397126079	0.353800058	0.329375535	0.309730321	0.288424790	0.283268154	0.265255213	0.279398888	0.293091834	0.295556366	0.281954855	0.261507571	0.243285865	0.216634318	0.187869579	0.159631208	0.174803764	0.204379916	0.226699948	0.236517832	0.227829605	0.199092254	0.175960079	0.156388313	0.154428482	0.144610569	0.122009039	0.127521351	0.145476714	0.143109351	0.142367750	0.141212881	0.128106728	0.142064646	0.139862165	0.126117364	0.131657764	0.149440318	0.160327449	0.152372167	0.127877742
13.0000000	0.199340627	0.167379826	0.185541853	0.182231292	0.156826064	0.143130958	0.145206735	0.144208789	0.115356244	7.96593651E-02	6.58814460E-02	7.06291273E-02	6.62594363E-02	5.26269637E-02	6.72847107E-02	8.26149657E-02	0.103507213	9.86644700E-02	0.106953844	0.164735287	0.185379118	0.172197357	0.154645205	0.143111527	0.134203687	8.56331959E-02	6.10639267E-02	6.33059964E-02	8.21944922E-02	0.101869211	0.108755998	9.51875895E-02	9.67694446E-02	0.125016466	0.160386518	0.213719785	0.323488057	0.638093472	1.00952852	0.757169247	0.369012296	0.110193118	4.24663164E-02	9.00028795E-02	0.290935427	0.278322488	0.120613679	4.07181568E-02	2.27483995E-02	1.70164797E-02	2.79129613E-02	3.92947160E-02	4.77467962E-02	5.96275181E-02	7.73956850E-02	9.05781612E-02	8.90567973E-02	8.68924782E-02	8.71703997E-02	8.11814368E-02	7.63703957E-02	7.98372030E-02	9.91598442E-02	0.111931190	0.100594796	0.100592643	0.109542236	0.115408070	0.103779353	6.94260001E-02	5.93236834E-02	8.51831958E-02	0.110840395	0.155610725	0.266701698	0.555917799	0.669535220	0.536413670	0.403808415	0.360516250	0.406920254	0.384082556	0.346636087	0.329610974	0.330539763	0.355938494	0.348372728	0.312980413	0.271824449	0.232932225	0.206303030	0.192270964	0.203972414	0.219836861	0.141497999	0.130473360	0.124838650	0.166695833	0.272423536	1.10335183	0.581410050	0.716461182	1.20700586	1.57259095	1.29460609	1.00023115	0.832237244	0.608230829	0.955809355	1.96843743	2.10178447	1.82925427	2.08846664	2.41014171	2.48939109	2.70292163	2.87481165	2.70251346	2.40707374	2.29693532	1.45444810	2.05923247	2.94302011	2.91755199	4.33257723	6.58607054	6.33988619	6.00111866	6.09375048	5.99539709	6.06906509	6.06093168	5.97089434	5.75596905	5.44430828	5.22130632	5.19946289	5.33850527	5.19209433	4.99180269	4.73271656	4.51144218	4.40671253	3.92888236	3.38214087	3.09800577	2.81720877	2.70343661	2.42653894	2.17928457	1.84492075	1.56564653	1.42748785	1.28107166	1.24274302	1.08924115	1.03161311	1.00839388	0.977863669	0.990344942	1.02409208	1.02984118	1.11115873	1.20074892	1.20988655	1.14570069	1.04687572	0.966296911	0.934561491	0.910419106	0.903409958	0.884563148	0.874306798	0.846593320	0.794772744	0.802673876	0.778902471	0.802703500	0.795818210	0.796550333	0.785862029	0.788656294	0.866196632	0.931763530	1.01032341	1.09554696	1.17042553	1.23155296	1.30062175	1.37965977	1.42134130	1.54833615	1.69337523	1.77798736	1.91753936	2.04960752	2.19022202	2.24285960	2.29872513	2.36545420	2.38378334	2.39082479	2.46643901	2.55063081	2.59311152	2.61790752	2.60079026	2.65892625	2.77820420	2.86279035	2.94546175	2.85158443	2.87646174	3.00917363	3.19683623	3.22043180	3.12934399	2.91978359	2.73182845	2.61329842	2.53957105	2.53216028	2.55456209	2.62616324	2.69856286	2.72978759	2.74668694	2.85813427	2.99688625	3.03642011	3.25272202	3.40065384	3.59275508	3.79140759	4.04223394	4.20870972	4.45037079	4.69043779	5.00580597	5.23966169	5.52680588	5.52119350	5.61428118	5.61803865	5.54331779	5.22986746	4.89025211	4.70845079	4.53668165	4.44106817	4.11179352	3.78387451	3.56976891	3.43478584	3.18414736	2.96222854	2.82895708	2.61407232	2.25120187	1.75431895	1.28251731	0.883146942	0.555413783	0.375980407	0.273441583	0.279357135	0.436089575	0.781248987	0.801424801	1.00893021	0.754192770	0.500924110	0.341675997	0.141658559	0.906258941	2.66098166	2.40788150	2.88191652	1.63760328	0.794525802	0.572546899	0.380127579	0.235699192	0.158555508	0.139204800	0.123528972	0.126684710	0.206141040	0.260196507	0.352483958	0.539871156	0.859638929	1.04685557	1.04239583	1.05406499	1.05154848	1.10701239	1.14225411	0.911408365	0.942369044	0.882824421	0.872126698	0.771711767	0.703643084	0.661500037	0.612496078	0.584918618	0.558152616	0.530093491	0.519763649	0.497265875	0.465229422	0.465867370	0.461831748	0.458017200	0.455839902	0.459902912	0.461023182	0.449435532	0.413813502	0.374891788	0.351325423	0.333850354	0.325154930	0.313578010	0.310707361	0.319673538	0.326378852	0.315736562	0.313503116	0.306295902	0.278919369	0.239482075	0.182934001	0.187189192	0.218632326	0.257649839	0.274791598	0.269961834	0.220946401	0.177814096	0.158752084	0.141791761	0.137851194	0.134380803	0.141545519	0.146441519	0.137610734	0.148527354	0.135522708	0.164693534	0.176965207	0.208733767	0.201063603	0.220634639	0.246877894	0.285919189	0.302692294	0.291376770	0.225064799
12.0000000	0.369873375	0.320086092	0.357036471	0.376053810	0.325480312	0.313987702	0.325637251	0.304945171	0.257158816	0.187282786	0.146788538	0.135284409	0.138741866	0.126209527	0.124010652	0.144473761	0.183543846	0.189359292	0.224269927	0.264849156	0.238695815	0.196755126	0.196714059	0.182233423	0.160148159	0.117797039	9.17085633E-02	0.114612490	0.161436245	0.182054862	0.186770886	0.177214310	0.180797741	0.196891934	0.233214483	0.288399607	0.452760458	0.972550094	1.44064152	1.24735332	0.664613307	0.156345859	8.97789672E-02	0.166685745	0.165739685	5.70513606E-02	2.40300018E-02	2.37988792E-02	3.23971212E-02	3.94596048E-02	7.14131966E-02	8.23708773E-02	7.58375973E-02	8.45215172E-02	9.79106352E-02	0.105582952	0.106600322	0.111302637	0.115943767	0.111700796	0.109686241	0.114361189	0.127239123	0.145948321	0.157244399	0.166350991	0.168330237	0.139498562	0.109460160	9.90928710E-02	0.125278562	0.181583300	0.225833789	0.278424740	0.368226022	0.648518384	0.889531255	0.625723183	0.437713921	0.378864020	0.463896722	0.488477558	0.459802091	0.448034406	0.471901685	0.455021262	0.440028697	0.416352242	0.356401443	0.315590411	0.321739197	0.344413459	0.353255033	0.301862866	0.218338549	0.226479590	0.239292011	0.307581842	0.499268144	1.02633333	0.544898868	0.450216025	0.845673800	1.70040226	1.54857886	1.12377167	0.967787325	0.731332123	0.800524116	1.47149718	1.63790870	2.01320934	2.56677032	2.86133242	2.99505281	3.10152674	3.09252238	2.89740348	2.55765390	2.41742158	2.16742158	1.60245216	3.26817083	3.65894198	3.56640625	6.18595695	8.05532360	7.28292036	6.75225115	6.50488091	6.51284361	6.39324522	6.44587183	6.25022554	5.90421343	5.69773388	5.52888060	5.47602367	5.39150906	5.38568687	5.25133514	5.07051611	4.80121565	4.35504913	3.81895494	3.57516217	3.38888693	3.22228503	2.96279049	2.55204797	2.16182518	1.88048959	1.70821023	1.55098796	1.39123726	1.19720018	1.10854876	1.03808880	0.989722788	1.01598048	1.06737041	1.14958799	1.28057683	1.36921048	1.38692236	1.33254349	1.20508707	1.13357806	1.03529882	1.01241934	1.03532255	1.03242099	0.995331526	0.926243186	0.853749454	0.838736594	0.824149430	0.858947039	0.859334350	0.885468245	0.876054227	0.896704495	0.914212763	1.00104129	1.14073491	1.26582479	1.35950112	1.47691512	1.59611249	1.70896471	1.76877725	1.86945772	1.95594633	2.10979652	2.22991204	2.28862286	2.28498054	2.27541518	2.30479336	2.35952854	2.37659097	2.46156478	2.56773233	2.64894342	2.64418864	2.60232902	2.62394762	2.68673396	2.83133078	2.97199082	3.02515531	3.06470656	3.15762973	3.32288766	3.45788288	3.45917034	3.32298446	3.07960343	2.99797416	2.97968102	2.93461800	2.90990019	2.89352655	2.96042252	3.01501369	3.02510238	3.04094529	3.09840393	3.15424728	3.30435586	3.48050237	3.67649293	3.93124676	4.15346479	4.35597038	4.51727962	4.74917555	4.97549677	5.16731644	5.29316139	5.38707924	5.30969477	5.28574228	5.18277168	5.01942778	4.77941227	4.37248421	4.15968466	3.87136030	3.62888336	3.29044628	2.92799878	2.69426727	2.52100611	2.25505710	2.03121948	1.84006810	1.54714465	1.32269681	1.05191994	0.798732042	0.601034343	0.469847530	0.435805202	0.489113271	0.587594151	0.776256502	0.921032608	0.765006483	0.787196219	0.653623164	0.493118584	0.238138571	7.21692070E-02	0.145267203	1.41853392	2.43579006	2.36185694	1.13789809	0.588491976	0.386602551	0.245579034	0.135294482	8.05708840E-02	6.24967217E-02	3.80556025E-02	5.84409647E-02	0.264373928	0.192836151	0.118544407	0.265917599	0.799599707	0.873552203	0.865204573	0.965472519	0.896263242	0.849503577	1.33012450	1.04049647	0.996355534	1.06705868	0.920912325	0.805353820	0.719065428	0.652687907	0.605185926	0.556894779	0.532761872	0.515771270	0.502936602	0.492801100	0.477367938	0.474477112	0.503795505	0.496049017	0.491222888	0.518851459	0.537004769	0.535971582	0.495874792	0.464816183	0.421072572	0.413167685	0.418948561	0.406690538	0.376146019	0.364309192	0.355499268	0.344820261	0.337014735	0.298298895	0.283675700	0.240865931	0.211916164	0.218412727	0.243859693	0.263789982	0.267636955	0.223934412	0.176357523	0.161112249	0.151574403	0.142953828	0.131704569	0.134801298	0.130842000	0.156384721	0.198768228	0.239546880	0.270768970	0.279841691	0.297213882	0.327535182	0.352241993	0.401829839	0.427112609	0.449000657	0.423510492	0.417859256	0.395960391
11.0000000	0.552002430	0.539260566	0.603331149	0.602649391	0.517080307	0.503061175	0.538266957	0.502659321	0.467614055	0.405630708	0.335044831	0.250661522	0.267413795	0.247739032	0.223734975	0.226983607	0.241671607	0.238789439	0.308401942	0.315568060	0.302734792	0.269594640	0.250220180	0.234275013	0.185711771	0.164033264	0.206141755	0.209378883	0.239512339	0.265695810	0.287750155	0.301538855	0.241179779	0.252053976	0.292956501	0.429574281	0.712858260	1.37965178	1.83318484	1.29808366	0.841143668	0.297682554	0.149919122	0.288924485	0.194451123	0.135618478	7.64071271E-02	9.38556045E-02	0.104564883	9.36446413E-02	0.102385446	0.136195913	0.129166558	0.110611431	0.119756147	0.136583984	0.143812805	0.142168313	0.139307752	0.140535355	0.148308486	0.167290568	0.196493015	0.227348655	0.251884818	0.247151509	0.219176635	0.189513370	0.187064648	0.186087579	0.226793513	0.284922004	0.315094322	0.361535043	0.418120533	0.671441078	1.20227253	0.729392469	0.571939886	0.455046505	0.507274628	0.571175218	0.547222316	0.559314013	0.564615309	0.552052081	0.548009217	0.554640472	0.483646363	0.433252066	0.427621663	0.455901861	0.439715534	0.364476949	0.326590568	0.343105197	0.366553426	0.400834799	0.606777906	0.807374179	0.609207094	0.703304648	0.991286576	1.36282480	1.42529047	1.01723897	0.894048452	0.451572508	0.312538326	0.602898419	1.29486954	2.42589974	2.97668958	3.10127497	3.25187349	3.21443629	3.09569883	2.82580256	2.61378288	2.69740152	2.98477387	2.36835885	2.87013173	4.76275921	4.94348145	5.94485569	9.61601257	8.52992439	7.79717159	7.37524414	7.18356276	7.24049854	7.29284430	7.08134508	6.74417400	6.37351561	6.36290026	6.24383640	6.32895422	6.27808619	6.21427917	6.20349741	5.79720879	5.28599405	4.82955885	4.61823988	4.36944389	4.19160128	3.86313462	3.45500302	3.03603148	2.60235023	2.51505136	2.24873424	1.97118151	1.65778196	1.47073090	1.26722741	1.22716236	1.23770380	1.28080440	1.41133666	1.51167750	1.63603163	1.71220088	1.69045115	1.59028709	1.51919794	1.37944078	1.30154979	1.30077577	1.33089840	1.22440755	1.18683362	1.06738269	1.04858994	1.05271566	1.08617902	1.12144613	1.20505822	1.22472215	1.21987009	1.23339880	1.30859363	1.43519831	1.60433936	1.68044686	1.81071198	1.99100721	2.09008074	2.20875621	2.31388712	2.41007042	2.59014106	2.61917758	2.52261949	2.45528984	2.41176891	2.47569847	2.55540895	2.59662819	2.71874380	2.80578613	2.84673595	2.85463500	2.86641049	2.90471673	2.96339035	3.06463242	3.28619432	3.38909817	3.47847033	3.48500800	3.59493351	3.66598368	3.65631318	3.56019044	3.39126229	3.34716606	3.42326307	3.47670937	3.47953606	3.47287130	3.53869081	3.55126452	3.51073790	3.57248092	3.62321115	3.70964074	3.85862350	3.93895626	4.25772285	4.55388403	4.84652996	5.01563501	5.11280251	5.21060848	5.34351540	5.35507107	5.25294018	5.06334972	4.93918371	4.77930880	4.52149582	4.20778894	3.87422919	3.46153879	3.15615249	2.90654039	2.58954668	2.25433230	2.07089782	1.81649518	1.55840480	1.37537658	1.12491214	0.970994234	0.872504652	0.798146665	0.757165015	0.661226392	0.609688759	0.596058488	0.654436111	0.753028572	0.835120022	0.861556232	0.723201096	0.525741816	0.396560907	0.254884332	0.138844803	8.10417607E-02	5.04842401E-02	9.67896059E-02	0.932431698	2.73997211	2.73354602	1.34586787	0.654735625	0.391256660	0.309805930	0.191432178	0.138453126	0.187609673	0.235018805	0.378670275	0.735628307	0.539353430	0.213202789	0.284334481	0.692835867	0.491252422	0.672070265	0.778037786	0.355631799	0.694452226	1.33288920	1.03131068	1.15779376	1.35759819	1.10119390	0.922759950	0.820995808	0.733751357	0.663939357	0.610725582	0.585870504	0.577375174	0.568995833	0.564498782	0.546132267	0.566899955	0.580472648	0.591429651	0.618775189	0.661429465	0.684542179	0.677460194	0.648173451	0.619189203	0.626800358	0.620511770	0.603243351	0.566817105	0.482954383	0.411750734	0.397574604	0.384793133	0.358974725	0.317443669	0.288107276	0.249069571	0.231834248	0.234694794	0.239358947	0.227822393	0.211278960	0.173441514	0.147972241	0.150319427	0.148152933	0.140124232	0.120311998	0.106982633	0.103820406	0.159503028	0.408555359	0.514133930	0.545965254	0.527149498	0.522886276	0.525061429	0.596582592	0.677530050	0.723222733	0.678981602	0.595020175	0.575197935	0.554776609
10.0000000	0.859732568	0.941435993	0.985870779	1.01977408	0.873291016	0.769751191	0.741840363	0.689423740	0.711290836	0.745037317	0.568807900	0.430695385	0.392795295	0.365408629	0.346939206	0.338061571	0.366185546	0.365964442	0.381543875	0.396433473	0.387003630	0.367964625	0.383158743	0.383934259	0.333295196	0.338952959	0.357269078	0.383858681	0.364780068	0.394952387	0.373950005	0.295513898	0.257722586	0.314427614	0.533938289	0.781569958	1.00795603	1.47542417	1.55873883	1.29445922	0.842990398	0.531318247	0.603298068	0.613953352	0.463108361	0.338682979	0.184380502	0.160220161	0.131805360	8.22895095E-02	7.16572776E-02	0.134998560	0.163259998	0.158346727	0.169617593	0.180599764	0.182129771	0.190042570	0.205683127	0.225156978	0.251036644	0.285749257	0.324638665	0.366477847	0.406764001	0.411415875	0.371787101	0.320731938	0.325795680	0.347961605	0.342086405	0.319297671	0.336851984	0.370595515	0.454612285	0.712963402	1.16664839	0.877323627	0.641908824	0.561220527	0.574381411	0.747445643	0.744407296	0.752167404	0.810880542	0.761003971	0.710125208	0.664275587	0.646768808	0.595210314	0.542057753	0.503741503	0.501207888	0.448999226	0.470748246	0.485174149	0.507884383	0.487815142	0.613744557	0.700097084	0.667483866	0.749635875	0.852394283	0.935660899	0.836868286	0.604777694	0.534493446	0.243591115	0.265528798	0.632719457	1.53759539	2.89540362	3.27887607	3.21138287	3.35969830	3.53746510	3.48445082	3.03985667	3.38881183	3.46988678	4.30385685	3.85291934	3.13006687	3.73045158	5.42897892	7.85813522	10.9136648	10.3442745	9.21948338	8.47548676	8.08225060	8.07459068	8.22675133	8.12579346	7.97258663	7.55120420	7.37156963	7.37185049	7.71353006	7.55861902	7.22563076	7.34275484	7.22411060	6.85936117	6.41451168	6.11709118	5.81497669	5.67292547	5.25796652	4.84838533	4.51427221	4.17479753	3.92387390	3.61173892	3.26063299	2.79401326	2.37206960	2.10859561	1.99083734	1.93029833	1.97678661	2.17586589	2.21140671	2.30766273	2.29959726	2.32553887	2.25593567	2.22609973	2.05246520	2.04788804	1.96020508	2.02070880	1.87049663	1.80671835	1.68438458	1.66066337	1.59478426	1.65270090	1.68818700	1.85169888	1.91817653	2.01085997	2.06738639	2.14392400	2.32181859	2.36917734	2.49495268	2.56612110	2.82715154	2.90500927	3.04966879	3.01753831	3.24747062	3.28602958	3.31758022	3.19712234	3.11372948	3.10838389	3.09869647	3.19899368	3.20239830	3.20317769	3.25011325	3.25373960	3.38735986	3.43870902	3.55641270	3.67902708	3.81970358	4.03428221	4.13411140	4.27670622	4.30705166	4.36990690	4.40351391	4.43169928	4.33693361	4.16300678	4.18552208	4.29936075	4.43745136	4.49658632	4.57707500	4.60580397	4.57017899	4.51930666	4.61264753	4.67207336	4.83226204	4.95063639	5.08604717	5.32040119	5.60828972	5.72983599	5.74528170	5.70237875	5.54173756	5.44846725	5.39395142	5.09620810	4.69789028	4.46291065	4.19382238	3.77438259	3.51945424	3.11527944	2.81473851	2.38618350	2.20065761	1.95372796	1.66145098	1.53843546	1.38467801	1.23079824	1.08487868	0.908610404	0.877605140	0.811933219	0.794854820	0.820746779	0.790108502	0.788119316	0.782092750	0.780764401	0.737924397	0.656408846	0.485554338	0.329777300	0.225254878	0.157087430	0.108870484	8.52040872E-02	8.99726376E-02	0.119099513	0.154923126	0.377313852	1.60515368	3.28246689	3.19803214	1.40746748	0.952906311	0.786726713	0.639821529	0.631795645	0.771745741	1.90920246	1.40305388	0.942587197	0.264334291	0.442291647	0.935776055	0.867924750	0.497301131	0.654677212	0.656264126	0.303919911	0.689588666	1.35766947	1.24050963	1.62745190	1.83186662	1.52004588	1.25052691	1.07199073	0.963205159	0.868227780	0.833748519	0.795169413	0.769215643	0.772945821	0.750820398	0.735837102	0.768828928	0.783634305	0.800565183	0.888264060	0.935828626	0.921432912	0.898215115	0.871485054	0.891686916	0.904229343	0.881321013	0.844809771	0.757349968	0.641059220	0.560255051	0.503910005	0.467636406	0.405974180	0.360943884	0.312341064	0.266765773	0.245095924	0.237700090	0.204935759	0.182221204	0.159875289	0.146883592	0.143184230	0.145662472	0.142996311	0.122856483	9.72424746E-02	8.34854394E-02	8.66908729E-02	0.158945039	0.411457658	0.739009440	0.934405088	0.923762858	0.949448228	0.939968586	1.00428843	1.08970129	1.05337512	0.965535760	0.924503744	0.874938190	0.860664189
9.00000000	1.29531038	1.45448065	1.48569262	1.45221388	1.40830767	1.27656424	1.13734019	1.09745133	0.999435723	0.793463707	0.618990541	0.517319262	0.586787760	0.529454112	0.525692880	0.565004170	0.552219868	0.523628652	0.535759985	0.600343883	0.599430263	0.604798555	0.626560569	0.654890478	0.693087816	0.627377093	0.556327462	0.543199658	0.509096920	0.472541094	0.459893554	0.397890031	0.328893811	0.470550209	0.938292503	1.48864758	1.71511698	1.82985258	1.47500443	1.21944094	0.957327127	0.874475300	0.922302723	0.684477389	0.375876695	0.241606787	0.160343990	9.13017690E-02	4.75156792E-02	4.52757590E-02	5.26687205E-02	0.142533362	0.192982331	0.205200732	0.225900710	0.241493046	0.260553569	0.284754246	0.303549856	0.350193590	0.442143351	0.509641230	0.573029280	0.615953565	0.642846227	0.640974939	0.595755398	0.546236694	0.498839796	0.413637131	0.351820797	0.347348124	0.362213254	0.396781176	0.471405596	0.677216113	0.979092777	0.975821078	0.544803858	0.568753242	0.784493983	1.20315742	1.19623613	1.07025325	1.02109540	1.04447031	0.989178479	0.930109680	0.949134231	0.901872694	0.836188614	0.777053535	0.717375576	0.633598506	0.700034320	0.746052444	0.745989799	0.778974414	0.749035358	0.996837080	0.866225541	0.736005545	0.663343251	0.567707777	0.448777497	0.400101840	0.338626832	0.274371833	0.474094093	1.03707361	2.08192825	3.15106153	3.39091659	3.48675394	3.73611665	3.91697764	3.92252994	3.70995498	4.36258316	4.88345480	5.18521214	5.57683611	4.45765305	4.08429813	4.95761871	8.36421776	12.4492340	11.9683304	10.1502113	9.38099384	8.98776913	8.69880199	8.86158752	9.00959396	8.71820354	8.52702427	8.49549007	8.46265984	8.61468697	8.61627007	8.33778381	8.40135002	8.60459137	8.76557541	8.39877224	8.15997219	7.81726742	7.66670513	7.18988276	6.61099672	6.33578777	6.09827375	5.94531488	5.71929741	5.41514683	4.89368916	4.31020069	3.95735478	3.64411879	3.66364670	3.53429365	3.68869805	3.59113526	3.67377830	3.67813730	3.71650600	3.56854200	3.65590429	3.61605859	3.65956974	3.61640382	3.60057282	3.45477104	3.29294586	3.19252872	3.05768752	3.00175881	3.00717521	3.22549081	3.31507230	3.48521519	3.53142858	3.72680187	3.87120533	4.18987226	4.20265532	4.34202480	4.32379675	4.53388643	4.55333519	4.67101288	4.72781181	4.76619959	4.76383018	4.70224810	4.66951513	4.50961065	4.56883955	4.54918575	4.44383335	4.43978930	4.35970020	4.42582178	4.41413116	4.53934431	4.77360106	4.88329887	5.04651451	5.17330074	5.34484529	5.71753693	5.94196510	6.08979750	6.04021502	6.17635107	6.18647289	6.10090494	6.09643459	6.14247799	6.15822554	6.21579027	6.35213089	6.39132452	6.42446709	6.37912893	6.28269815	6.27167320	6.41572952	6.36750174	6.45679951	6.47158432	6.45923185	6.41592550	6.32440901	6.14725542	5.96443892	5.79731369	5.59644222	5.37465334	4.96116161	4.59607124	4.25195837	3.94930148	3.56916904	3.31471848	3.01551485	2.71877289	2.28955984	2.00259423	1.84009969	1.62666655	1.51960611	1.37235892	1.26342428	1.12694895	1.03663290	0.983386159	0.898927152	0.847985089	0.817423880	0.747916579	0.674061120	0.581199825	0.465999812	0.375173986	0.309072942	0.247822553	0.195235193	0.177110627	0.169796884	0.157686487	0.183426484	0.251907855	0.355101138	0.468850285	0.540948212	0.685220361	1.27089429	1.82653177	1.88401186	1.09753776	1.02167928	1.53148901	1.96461082	2.44123149	2.56505346	2.28972578	1.29895425	1.35798478	1.17242837	1.34311616	0.727089107	0.440202951	0.482303500	0.693476617	0.578727365	0.648412526	1.02358878	1.28613019	2.27389765	2.59322405	2.41806316	2.05650091	1.63040614	1.48608065	1.41245854	1.38805926	1.36043286	1.26167607	1.22777283	1.21532249	1.10083818	1.14665556	1.17231488	1.22671080	1.22851586	1.25455964	1.22838700	1.22230220	1.20602810	1.21387827	1.18839812	1.14238942	1.06586421	0.996076047	0.889631271	0.766420543	0.671346724	0.597304821	0.506938994	0.417908847	0.347754925	0.292077333	0.258779526	0.220391259	0.199163526	0.188594639	0.194417998	0.184788004	0.162389532	0.146486178	0.128089443	0.159055933	0.136604160	0.144316092	0.159360483	0.233110070	0.508185387	0.994954288	1.30103934	1.45477283	1.54988563	1.64598691	1.57120848	1.58901048	1.51910150	1.46281970	1.36034131	1.31738400	1.21450388
8.00000000	1.62564051	2.10297799	2.03403449	1.95960665	2.02785420	2.00350499	1.96709704	1.54784358	1.09423590	0.913743317	0.773369968	1.03653729	1.10340571	1.05372071	0.947899461	0.937557995	0.837969124	0.811105251	0.798230112	0.844068885	0.928262830	0.948705733	1.00468802	1.03672588	1.01300561	0.917943835	0.783834457	0.693184316	0.611102283	0.598383427	0.593082666	0.546089709	0.551249325	0.649901509	1.07604146	2.11761689	2.45355201	2.28506255	1.93248010	1.52351701	1.19896770	0.827745795	0.530312419	0.382605106	0.264796555	0.175895274	7.87608027E-02	4.38170396E-02	2.84896772E-02	2.56406404E-02	5.88312000E-02	0.194721833	0.244980738	0.270892084	0.304347605	0.354198247	0.408153594	0.454737604	0.509356797	0.604911625	0.687639594	0.807230175	0.933575094	0.953639328	0.944004238	0.907321036	0.816623986	0.648066938	0.517784417	0.487218946	0.471996725	0.482986122	0.477555841	0.473009795	0.495809972	0.554171085	0.595504820	0.529498756	0.459254175	0.622578323	1.11213076	1.77004087	1.81754124	1.58997154	1.51559412	1.53692842	1.46625686	1.45085394	1.50244713	1.49742579	1.40050292	1.27820730	1.18872356	1.00370240	1.09329259	1.10843205	1.11706758	0.988863826	0.887729049	1.08767891	1.02661562	0.820764005	0.595159173	0.478311092	0.410199851	0.435644686	0.467135340	0.505226195	0.816845834	1.51992154	2.52372599	3.11321878	3.32861042	3.62232208	3.92930079	4.16927433	4.43747616	4.23329020	4.51070976	5.93778086	5.55765152	5.43387222	5.06602335	4.98551321	5.19590759	6.50870371	11.6969128	11.9998980	10.4547367	9.69007587	9.37497807	8.96025467	9.08824635	9.27077198	9.18827534	9.17372036	9.14597416	9.05869198	9.43791771	9.65176105	9.47923088	9.44933891	9.64828014	10.0523100	10.5311060	10.4629278	10.3388586	9.94941998	9.61391544	9.19072437	8.89672947	8.85434914	8.65301418	8.32105064	8.33297539	7.80951643	7.24728870	6.92728806	6.60816908	6.53147507	6.50566721	6.53216076	6.47707176	6.54426575	6.63898230	6.61216688	6.55366516	6.54105949	6.71321058	6.72974253	6.74242353	6.46367311	6.33339930	6.16218901	6.16821718	6.00094891	6.05533838	5.89633274	6.07202959	5.97420216	6.24157524	6.37577629	6.67368078	6.83432961	7.09522915	7.08819962	7.25389862	7.26293945	7.17918539	7.14919758	7.14931345	7.22936058	7.12536192	7.11431837	7.00908470	6.92228746	6.87013292	6.82626486	6.81819439	6.72354412	6.65829039	6.62527514	6.59423304	6.77452803	6.93220854	7.03891134	7.23555088	7.27002048	7.38450861	7.57002115	7.80521631	8.02412891	8.07868767	8.18114567	8.22800064	8.29016590	8.36250591	8.31484699	8.34465599	8.37866211	8.19967079	8.12194061	8.20764446	8.00277233	7.79892969	7.68440342	7.66092396	7.57361650	7.53163242	7.43127060	7.24180508	7.12870455	6.83209896	6.66602039	6.43274069	6.18209505	6.00078917	5.76513767	5.49278688	5.31835127	4.97119045	4.60589743	4.26228666	3.97183919	3.60999060	3.32220960	3.08775878	2.78925610	2.50463867	2.27983117	2.09323287	1.84071529	1.64534688	1.51393044	1.35805619	1.18235087	1.05457032	0.972564518	0.880475044	0.797875226	0.719650090	0.647670925	0.554767907	0.463865042	0.459222466	0.470810175	0.503070474	0.528326631	0.562749147	0.607992530	0.664560676	0.766129732	0.919715822	0.991817296	1.03230143	1.16714597	1.22068930	0.894057095	0.497951299	0.576380849	0.838285983	1.64205778	3.01013088	4.83701611	6.02209234	4.39629889	3.95188355	2.95343995	1.48890901	1.25841749	0.689273953	0.620607615	0.514784157	0.400098264	0.556903481	0.746331155	0.723494112	1.20943439	2.49205422	3.28999043	3.33367419	4.24712229	3.55584741	2.53974533	2.41244578	2.41261554	2.49314475	2.51469421	2.43765855	2.48100042	2.34161901	2.08015776	1.90626395	1.88489008	1.86781168	1.85785210	1.83416963	1.80249560	1.76903129	1.70439911	1.66502154	1.57922351	1.52156746	1.46609712	1.37760472	1.25218153	1.08859956	0.921631694	0.758468866	0.643667758	0.526509345	0.432601243	0.384464145	0.315370083	0.367286384	0.358451277	0.333726496	0.344600648	0.313022137	0.332720637	0.323270619	0.338419437	0.412300795	0.401012629	0.508582056	0.471152127	0.708425224	1.02111471	1.62666357	2.00311708	2.21275425	2.21508384	2.17530012	2.15472555	2.00596619	2.04865050	2.01365781	1.89767528	1.82885623	1.75292706
7.00000000	2.30192423	2.37664580	2.29937696	2.01396227	2.19033933	2.35341883	2.38391566	2.11059380	1.66534913	1.66075861	2.00388241	1.76085806	1.55851126	1.46430004	1.42493534	1.36073732	1.27798998	1.15357029	1.11935019	1.22739565	1.30792177	1.34318030	1.32495129	1.26375556	1.24143326	1.09431136	0.988036573	0.941875875	0.850697219	0.806591511	0.778995395	0.781686723	0.796772122	0.862969697	1.25996542	1.90812099	2.56648445	2.41582537	2.17698121	1.75920415	1.22034228	0.671452641	0.316992939	0.273396224	0.196820647	0.104502231	4.48451973E-02	2.89915223E-02	2.76328791E-02	5.29660806E-02	0.164484009	0.326841116	0.389137685	0.427675724	0.471596390	0.550378084	0.632528663	0.689779401	0.771941483	0.875489771	1.04223740	1.17744768	1.26049960	1.24473524	1.18658662	1.12658107	1.07737637	0.946872652	0.754120111	0.638441265	0.664592445	0.635560632	0.582041562	0.567068458	0.563209236	0.560111701	0.572474897	0.645929992	0.746041715	0.856409729	1.39860427	1.88928008	2.02917814	2.11423039	2.13756323	2.23199511	2.22647619	2.14458251	2.16486645	2.19190955	2.24036407	2.26895857	2.18848181	1.98674858	1.86378920	1.61617887	1.50979888	1.40760291	1.24195743	0.964147687	0.872159719	0.993853450	1.00043559	0.802962720	0.625969410	0.678630233	0.846908629	0.953526199	1.36505580	2.08805776	2.86494398	3.16768169	3.40527320	3.63667870	4.00682306	3.59368920	4.45106268	5.54012060	6.39953852	6.45183229	5.45452976	4.26369524	3.85502696	4.45836735	4.67755365	5.57710838	7.04428720	9.90913868	9.73055267	9.44668388	9.26607895	9.02707958	9.09522343	9.20990944	9.33102894	9.33211613	9.39839745	9.65659142	10.1245451	10.3866968	10.6447134	10.7673206	10.8630590	11.1609554	11.8592701	12.2456903	12.4938459	12.2559996	12.0461645	12.0805521	11.7667475	11.7661476	11.6447697	11.4969769	11.4092398	11.1107540	10.8702402	10.6460447	10.6705074	10.4717178	10.5381260	10.5870457	10.6805973	10.6645451	10.9458990	11.1120863	11.1042166	11.0266552	10.9100924	10.9842119	10.8354740	10.5636930	10.2622671	10.2321444	10.1638002	10.3098354	10.0691261	10.1671324	9.83495522	9.81422710	9.80987644	10.1359606	10.2291718	10.4476128	10.3907080	10.3178883	10.2559032	10.0757809	10.1638489	9.83438873	9.89591599	9.55490971	9.49465179	9.31216908	9.25047684	9.12546921	9.19534683	9.22375870	9.00133514	9.20894432	9.05559921	8.98764038	9.00609207	8.80790424	9.01848793	8.98976707	8.89557648	9.04918575	8.96465302	9.08341694	9.23404789	9.01993275	8.91720486	9.09545612	9.10017967	8.89103031	8.83884048	8.88284969	8.89986420	8.61405277	8.44822216	8.49992275	8.27229786	8.09135818	7.90928650	7.63394260	7.43110085	7.40587425	7.28769732	7.17601824	7.06258917	6.86209583	6.70243073	6.56847954	6.45916033	6.33715820	6.13242960	5.86816072	5.76278925	5.46494770	5.27854395	5.03263903	4.84307528	4.73521042	4.37619257	4.05353069	3.80878854	3.56815600	3.28110552	2.99395514	2.71492124	2.43109608	2.20084715	2.01038694	1.81489098	1.62169778	1.47147608	1.37313414	1.25847507	1.19704962	1.21073472	1.21997750	1.17794669	1.17933261	1.27963233	1.39908600	1.57079732	1.76406419	1.99561751	2.23184013	2.42502117	2.48491025	2.49666286	2.36059570	2.08940125	1.96960104	1.96382725	1.68937123	1.01737511	0.774803519	1.90549016	4.10651588	6.43987608	9.66287708	8.48561764	7.64911222	5.67704296	2.41484690	1.60915804	1.13433135	0.662777245	0.917086363	0.887664199	0.635705292	0.949510813	1.94421303	1.92794204	1.71941984	3.29731417	5.68506670	5.47030163	5.55865717	5.75957251	4.66126299	4.07355022	4.09859371	4.59424639	4.65127516	4.49227333	4.19759369	3.90844035	3.39133620	3.20813274	3.02761483	2.93650413	2.89451075	2.83807945	2.77981782	2.78358054	2.77451563	2.67956877	2.48624992	2.41489673	2.27105570	2.00852275	1.85198307	1.68206048	1.47053456	1.30694914	1.15855491	0.988319516	1.03439236	1.02260077	0.953503966	1.01841259	0.942367613	1.00547290	1.07443511	1.04053962	1.19289231	1.09670186	1.38877845	1.47945011	1.66926599	1.87707531	1.97891283	1.99642539	2.15542674	2.67480159	3.10990596	3.28341460	3.08278275	2.63128829	2.53002429	2.45997334	2.58266234	2.69037199	2.65950465	2.74730468	2.55097008
6.00000000	1.82862711	1.84205735	1.21719158	1.12729239	1.58715570	2.29012537	3.51054931	3.05856633	2.57091761	2.67579532	2.74483299	2.32253122	2.02736950	1.73463404	1.67309213	1.64938176	1.55485356	1.54797125	1.64630878	1.68197536	1.75218487	1.81759322	1.68462515	1.55828953	1.45603216	1.38425982	1.39985883	1.33849585	1.24882197	1.20552683	1.12732494	1.04871178	0.926451325	0.940951467	1.08712435	1.24029946	1.62814391	1.94497716	1.63440573	1.35882151	0.871570826	0.401840627	0.334353566	0.217636555	0.137746066	8.81056711E-02	5.99723980E-02	5.56257591E-02	6.84590414E-02	0.128209680	0.321770161	0.498022527	0.591377020	0.645680904	0.683303773	0.762450457	0.866447270	0.981699109	1.12288105	1.29448080	1.40657699	1.40539467	1.45956230	1.33873701	1.32838929	1.28912616	1.18997931	1.06247723	0.955381036	0.950287700	0.933651388	0.809012175	0.679427326	0.667473137	0.642203987	0.641358733	0.730641603	0.887443900	1.04218137	1.05461061	1.34580743	1.52998924	1.89176404	2.38884974	2.57879877	2.74102688	2.81096721	2.84444761	2.90021181	2.96613312	3.09655523	3.25005984	3.31251764	3.46889591	3.31514859	2.84454370	2.80799985	2.69325495	2.39598632	1.77500308	1.22747612	1.44662178	1.90590918	1.93814707	1.14439034	1.00793517	1.21864605	1.52907896	1.86247790	2.45903993	3.02411294	3.21140409	3.45682073	3.75496626	4.29633522	3.67861533	4.17241764	5.89767313	6.68896961	6.12431097	4.50520086	3.79135084	4.28606415	5.10809898	5.39843702	5.75596714	6.00609493	7.70052576	8.75486374	8.66451073	8.74220753	8.76880169	8.76839256	8.87564850	9.09276199	9.11765385	9.38481903	9.68086624	10.2433548	10.7515821	11.1060743	11.6104136	11.7911367	12.2245359	12.6087294	13.1731758	13.7428532	13.9293699	13.8773956	13.9745827	14.0826788	14.0659256	14.0918550	14.1873684	14.2382402	14.2419205	14.2786331	14.0796795	14.0149298	13.9540787	13.9233961	14.0517921	13.9772186	14.1128073	14.1766701	14.5282812	14.3747835	14.3432178	13.7542086	13.6776943	13.4994402	13.3977709	13.1829081	13.2283087	13.0245228	13.0530748	12.8116760	12.6368618	12.4418440	12.2060843	11.9189997	11.6625061	11.6280565	11.3177357	11.5906401	11.0797329	11.1854172	10.5061283	10.4885759	10.1041203	10.0014410	9.86208248	9.67482090	9.61703777	9.33640480	9.51358604	9.29633331	9.21102047	8.97387218	8.80399418	8.73204613	8.47620010	8.63422775	8.27717113	8.02533627	7.95439339	7.73287964	7.75697756	7.62612677	7.31523085	7.18890429	7.27010584	7.10872459	7.04235172	7.09914589	7.02470398	6.90912962	6.72356415	6.64734173	6.53774071	6.36151743	6.19255257	6.21149349	6.24737883	6.01990747	5.87154388	5.75662804	5.68940496	5.55205727	5.55384016	5.59481812	5.51012754	5.55490637	5.48844767	5.44631863	5.50739002	5.34331751	5.22242689	5.11079025	4.96563816	4.92223072	4.88408184	4.96559572	4.89777660	4.84701109	4.61069393	4.39636993	4.20190191	4.02784967	3.89614892	3.68186808	3.36318588	3.10673380	2.89590502	2.72769046	2.50472021	2.26582694	2.18222857	2.15132904	2.17184615	2.25311828	2.32694054	2.36250353	2.51974440	2.86280704	3.24086356	3.63160658	4.03608608	4.46704912	4.87200260	4.95405722	4.94367647	4.64082813	4.15905714	3.52973461	2.99726439	2.54115415	2.17617202	2.09198666	2.28293633	2.96711874	5.67817593	10.0458021	14.4746733	9.69789410	9.29796982	6.52702141	2.85190773	1.78232706	1.28413725	1.46300912	1.95965660	2.36727071	2.95055556	2.07986116	3.47926807	2.55548453	1.84023571	3.38348365	4.92265844	7.12602997	7.63820791	6.11261654	5.64744568	5.25454283	5.31451321	6.04864311	7.27896070	7.56838608	6.83211040	5.43081093	5.08556318	4.98106098	4.77371311	4.56246805	4.45301151	4.43958187	4.53697634	4.59030437	4.58441973	4.49302483	4.30020905	4.13490820	3.88043404	3.66805434	3.48239899	3.17967486	2.88362575	3.02620339	2.97877383	2.91944575	3.04367995	2.97588038	3.20353127	3.39216423	3.32604194	3.57772303	3.41321039	3.69793582	3.97255945	4.10021639	4.49960184	4.40804195	5.14486027	5.30944204	5.38138056	5.00087690	4.61655331	4.47500324	4.56349421	4.41332054	4.11261225	3.89753079	3.37319207	3.29210496	3.52877903	3.32452369	3.63624644	3.64043951	3.03176522
5.00000000	1.03109050	0.729708433	1.13430250	1.34870327	1.81047881	2.79800439	4.59128237	4.61464548	4.24727726	3.72944283	2.97031736	2.35906196	2.12582731	2.09933138	2.12727594	2.06685948	1.94787204	2.03654814	2.11967063	2.08628511	2.19339633	2.17498660	2.13393736	1.84451032	1.83560407	1.84887946	1.84214234	1.75525486	1.68029130	1.62179422	1.54236746	1.35026288	1.21820331	1.14389706	0.837738752	0.626266778	0.907000542	1.32347095	1.21981609	0.910159945	0.564165354	0.451165676	0.364498556	0.238895282	0.174604312	0.109614946	8.30563232E-02	9.49485525E-02	0.203603789	0.259841502	0.398370236	0.516798735	0.583308101	0.646086216	0.694870532	0.814396977	0.988885462	1.19682360	1.45127523	1.48475945	1.50531995	1.56857908	1.58851647	1.46713901	1.34371150	1.32866859	1.19178855	1.25025475	1.28373921	1.23709607	1.06331825	0.942616880	0.834536850	0.818409681	0.836284280	0.880854547	1.05690444	1.19591939	1.23917186	1.21828675	1.35806751	1.53371167	2.18940854	2.80160761	2.99672985	3.15545058	3.28095937	3.42840862	3.55303383	3.70092368	3.84897161	4.00030279	4.20798922	4.54181814	4.69385290	4.63098192	4.17845154	3.80816913	3.66189480	3.16564775	2.63043141	2.31833887	2.49420214	2.64711165	1.83039844	1.36799788	1.46837091	1.74802542	2.06969118	2.49192882	2.92884493	3.30778003	3.74112821	4.27628756	4.60219193	5.01367521	4.55359507	4.73053598	4.95680761	4.86165857	4.29119873	4.76018763	5.23010826	5.25062275	5.37058544	5.29591799	6.10772562	7.37296152	8.12799454	8.10737419	8.16990471	8.06380844	8.12178421	8.25533581	8.42101383	8.76321793	9.06619930	9.31319618	9.80009747	10.4936285	11.0047903	11.5290680	11.9165478	12.3141251	12.9505320	13.3693571	13.7165470	14.3458881	14.7242365	15.1599045	15.3714552	15.6873713	15.9809132	16.0832577	16.3010216	16.3044987	16.3608971	16.1578236	16.0013981	15.8332777	15.6642666	15.6713495	15.4588070	15.6753492	15.0915079	14.8492002	14.5005760	14.2132034	13.9006281	13.6302013	13.3498430	13.0898151	12.8135052	12.4200859	12.3575191	12.0114546	11.9162054	11.0214481	10.6999054	10.0398855	9.86657715	9.30071735	9.02507591	8.60777473	8.31579876	8.03522873	7.71531057	7.55335999	7.22066164	7.15053654	6.87006950	6.86772537	6.73087788	6.73437691	6.51299858	6.41814709	6.20775414	5.83127451	5.62845659	5.45471334	5.06664991	5.06947708	4.85300636	4.72338057	4.62878036	4.33515072	4.29451895	4.20071459	4.01029062	3.96355820	3.75496793	3.64130974	3.80556297	3.87055135	3.78426194	3.67024827	3.73964715	3.69840813	3.60382032	3.54246545	3.55265927	3.50850606	3.46337056	3.49743199	3.52305055	3.51357126	3.42010784	3.46675777	3.46874547	3.48214769	3.56080890	3.61182642	3.56743217	3.65874410	3.68372846	3.61002254	3.67435551	3.68535399	3.74443650	3.81793690	3.79244447	3.85671282	3.96863127	4.08258200	4.21127558	4.27546930	4.27169943	4.22072649	4.23059940	4.25807810	4.20722198	4.09344864	4.03560543	3.99075007	4.00646400	3.95871997	3.92768478	3.83441567	3.85446811	3.93518901	4.12994480	4.31983566	4.51727057	4.78489304	5.12149906	5.52763844	5.93027830	6.21535730	6.46772671	6.57098198	6.44588137	6.30024576	5.85192347	5.36225986	4.56988573	3.72611332	3.00552893	2.68657660	2.63009453	3.05223060	4.58126545	7.02850962	10.7471828	15.5037546	11.7033176	6.72471571	3.86943173	3.93272781	1.93507993	1.65920615	2.54838014	3.41571856	5.22178841	5.40196609	2.92477989	2.64510655	3.41002989	3.46292138	2.55953026	2.57651281	3.53708649	5.68555403	5.64564991	5.98462486	6.48353863	6.15808916	6.45617008	8.43918324	10.5303745	10.8669291	8.78265095	7.05981636	7.05954170	6.83346033	6.60884714	6.57552814	6.75476885	6.81466246	6.97754812	7.04571152	7.02972364	7.06838512	7.04368305	6.89526606	6.73922396	6.61388683	6.50080585	6.67289639	6.80085039	6.84896851	7.18794012	7.43011713	7.68095112	7.89319754	8.09466457	8.38471317	8.57761192	8.70952225	9.09328747	9.37056923	9.78305054	9.87427044	10.3807259	10.1593475	10.3050575	9.56826782	8.88184834	8.03870392	7.36005545	6.56328773	5.83033609	4.02508354	5.09714031	4.33781195	3.52686596	2.74962807	2.59876871	2.61576152	2.99992514	1.25814533
4.00000000	1.54033351	1.93209469	2.21285295	2.41738701	2.79791069	3.78196645	4.47169256	4.77339792	5.33453321	4.09357691	3.58115935	2.81763148	2.45354915	2.78540349	2.68988967	2.67500997	2.74356651	2.68342185	2.49237633	2.48315859	2.57241607	2.50684714	2.50812936	2.26878190	2.23148084	2.22541928	2.05814433	2.06443954	2.02855015	2.04079533	2.01194930	1.73950481	1.57851160	1.44910955	0.953860283	0.586167812	0.484118670	0.629492402	0.892838120	0.781863034	0.616019070	0.524769127	0.337800235	0.240259662	0.193286881	0.132991210	0.139548957	0.185210645	0.171483859	0.268264055	0.393341750	0.449059725	0.510805428	0.595586896	0.705284655	0.867138445	1.10520577	1.31825387	1.49345720	1.54392624	1.55725193	1.62307286	1.67078161	1.52299440	1.32211149	1.28821456	1.22661936	1.31385243	1.31439829	1.41978812	1.24793863	1.11077857	1.03621840	1.08845139	1.09871066	1.19924068	1.30113363	1.54515886	1.55022180	1.56249154	1.80967236	2.10334396	2.61063719	3.15353441	3.37353706	3.61610103	3.71235323	3.85311127	4.02665472	4.19297123	4.32981777	4.48965025	4.67808628	4.92643261	5.25288343	5.64208078	5.59412622	4.70441818	4.33707094	4.22066450	3.92913389	3.18499494	2.50516224	2.22074342	2.01246262	1.69793415	1.69608891	1.76867497	2.09157991	2.61351442	3.12000346	3.73740435	4.34118891	4.67683935	5.07384920	5.56491280	5.03644657	4.55592060	4.29182482	4.14964199	4.27334404	4.88744783	5.19289303	5.20999002	5.43217516	6.12837362	6.40868664	7.20154047	7.86526299	7.81017590	7.57257843	7.48084736	7.57202196	7.70179653	7.80983400	8.20232964	8.53564835	9.00810337	9.34846020	9.83213806	10.3465662	10.7031870	11.2577209	11.5648975	11.9061775	12.3926010	12.8264780	13.2411098	14.0922518	14.7552595	15.1579285	15.6395626	16.1515713	16.2897339	16.5312710	16.5789185	16.4053116	16.2171288	16.1146393	16.2340927	15.7718086	15.1789331	14.5968323	14.2321033	13.7289581	13.1331329	12.7074471	12.0701714	11.3319349	10.8263702	10.3312654	9.94565487	9.79359531	9.10771084	8.46131897	7.93663597	7.15004539	6.67762804	6.02319527	5.79175854	5.30416536	5.13317251	4.71942091	4.41644573	4.14469671	3.87214732	3.66100574	3.44474578	3.44284797	3.18866420	3.24389935	2.98601174	2.99913979	2.80904460	2.74688578	2.67987108	2.45655870	2.40746975	2.03116608	2.20781374	2.11550117	2.03599596	1.96500170	1.69908321	1.78966165	1.79951179	1.74915791	1.82394588	1.76198184	1.76269042	1.83541465	1.82508838	1.80112314	1.84270537	1.87947440	1.81514597	1.85426569	1.83177066	1.86392808	1.88203251	1.87777865	1.86058366	1.90192962	1.92941201	1.92263043	1.87727463	1.92599428	1.95547736	1.97390664	2.05470157	2.12406921	2.14220524	2.23213339	2.29740405	2.30567265	2.37566018	2.38842368	2.51971245	2.59120083	2.65159440	2.81260014	2.96396923	3.12299418	3.22545981	3.30698657	3.44198728	3.56005597	3.70500278	3.85444999	4.10060167	4.28432465	4.40957260	4.52796555	4.65463781	4.92302513	5.22554111	5.53741026	5.58464003	5.58892870	5.69735813	5.90764761	6.17876196	6.41405630	6.76754999	6.92765474	7.13280201	7.31430054	7.24057961	7.13877392	6.94322252	6.68883181	6.27609825	5.83125687	5.48932743	4.90626240	4.26981211	3.73499632	3.50621271	3.69541574	4.52091360	6.18050909	8.04581070	11.3850842	15.6660728	10.4002447	5.37610054	4.95461655	3.81187105	2.71275020	2.74948430	3.40286398	4.33772850	5.93926001	6.63709354	5.00221300	3.65307546	3.64748144	4.43572426	3.45982027	1.40492308	1.05612195	2.54599142	4.30838203	5.71932030	7.45981646	7.44318438	7.52657413	8.62601566	11.0823231	12.7989750	11.3423271	9.00348568	8.61849308	8.73522186	8.36610222	8.34370136	8.94137383	9.23867130	9.44127846	9.62304115	9.88961792	10.1339617	10.2884388	10.4357138	10.5433111	10.6874638	11.0835438	10.9727488	11.1774969	11.6764736	11.8654327	12.3388433	12.4570599	12.5335331	13.0730991	13.2717876	13.5646114	13.7346792	13.6744347	14.3669357	13.8020735	14.0573082	13.6348944	13.0058908	12.4822989	11.5399837	10.9198456	9.62033844	8.96158695	7.25224113	6.59670353	5.19646358	5.17278719	3.80569673	2.76100039	2.40209866	2.14635444	2.14615440	1.87269413	1.54154742
3.00000000	2.87425852	3.27279758	3.46069956	3.49456525	3.71151757	3.88252831	4.10846615	4.24901533	4.66301966	4.62572002	4.99798107	3.71646261	3.05506706	3.18251419	3.22905660	3.35174203	3.48312140	3.27183700	2.85185719	3.04488492	3.15685534	2.97414017	2.86047268	2.69715095	2.48893571	2.34230185	2.40778446	2.40913749	2.51488781	2.42202449	2.40319371	2.03488398	1.90112257	1.70445824	1.21437919	0.763778865	0.437325835	0.376201451	0.634042084	0.776342928	0.665555775	0.500880897	0.330209285	0.256246597	0.188885525	0.119443685	0.102920398	0.107634239	0.205849439	0.332983434	0.391417891	0.421873927	0.552816749	0.688394189	0.821435809	1.01813984	1.25132692	1.42036557	1.51628613	1.58113015	1.58650780	1.61750877	1.60478854	1.42186403	1.40547812	1.42396998	1.35284972	1.37798774	1.34801722	1.49619162	1.44088852	1.34304261	1.36506605	1.47375715	1.49785638	1.58081257	1.60892868	1.66137838	1.74462771	1.82231927	2.09591722	2.37259078	2.94362044	3.31044269	3.38307405	3.84979844	4.09466362	4.19628382	4.32594061	4.47019291	4.43790579	4.65065575	4.98301029	5.16887856	5.33703899	6.05621815	7.51431227	6.45037699	5.18287277	4.80071592	4.51014709	3.32963800	2.69289589	2.18446779	1.95675397	1.80386066	1.80133414	1.76870656	2.01712441	3.00237489	4.15092373	4.52508402	5.38974237	5.94237185	6.04765558	5.72575188	5.76797676	6.57832623	5.92623568	4.94773054	4.75908613	4.98199606	5.11990833	5.25146437	5.67180252	5.07815599	4.81697559	7.14080191	7.45917225	7.48754454	7.19024611	7.09677172	7.19513941	7.18316460	7.45735931	7.79872036	8.01075363	8.26206970	8.80296898	9.07883644	9.33374119	9.73322296	10.1593466	10.5288982	10.8655357	11.1258011	11.6308651	12.1101198	12.7253962	13.3451538	14.0237904	14.4730005	14.7894268	14.8628950	14.8552160	14.9597578	14.8045359	14.5273876	14.4165688	14.2289238	13.6793404	12.9145079	12.3544407	11.8562899	11.1967125	10.5441847	9.71612358	9.05438137	8.33187580	7.75664282	6.97211885	6.26907635	5.69787312	5.31917429	4.61079693	4.18520784	3.61530447	3.22117567	2.96360159	2.70331192	2.47298765	2.17403579	1.96559703	1.67479622	1.62865663	1.43139672	1.45176637	1.25630283	1.28459013	1.12567174	1.10366714	1.06972122	1.02230775	1.01917648	0.910464466	0.942354679	0.847820818	0.927206635	0.906272709	0.878968835	0.861431003	0.781215847	0.826464236	0.866206825	0.899056792	0.920650363	0.914706767	0.985870063	1.00766301	1.01208103	1.02150357	1.02287447	1.03180325	1.05062604	1.07472670	1.07075596	1.05713499	1.07737851	1.10565722	1.12710249	1.14181483	1.16690767	1.17955363	1.17750013	1.17718565	1.18507612	1.18788052	1.19332945	1.24365449	1.29852569	1.35525882	1.43473113	1.50768363	1.56049275	1.61271858	1.69065285	1.73706627	1.85125029	1.90090084	2.01430941	2.17157698	2.28952432	2.35798454	2.48091841	2.63435841	2.75692177	2.84547544	3.03844118	3.22109365	3.39025950	3.61987209	3.81863761	3.97218442	4.10899782	4.30575132	4.61103106	4.97511292	5.32323313	5.55506420	5.77290821	5.97536278	6.23952866	6.54260874	6.96926069	7.13015795	7.22986269	7.12839651	6.85104418	6.56305218	6.05759144	5.73613739	5.40869617	5.27932167	5.12976599	4.91424751	4.71331263	4.62221050	4.65357113	4.96050501	5.86571884	7.51470184	9.26212788	14.1004562	13.7067251	8.40398693	6.87114000	5.53073406	4.08019686	3.56221366	3.64528728	4.21136999	5.25863743	6.74258137	8.70051861	8.06861591	5.29369545	3.99897504	4.41460848	3.23803282	1.78449988	0.961887717	3.01047182	4.59700298	5.04757261	6.28994799	7.48390770	7.61858511	8.70035076	10.7343855	14.4372940	14.8377180	10.2628012	9.23196602	9.24529743	9.43793774	9.40899658	9.78533745	10.4148903	10.9793701	11.3938541	11.4719534	11.6910810	12.2426834	12.4867916	12.5419464	12.8311090	12.8823900	12.7897758	13.1005030	13.0777397	13.1265097	13.5274782	13.5552254	13.7455454	13.7502155	13.4947805	13.6865253	13.1387367	13.2401476	12.9829483	12.4419785	12.2828627	11.3771000	10.8983898	9.99524212	9.41536045	8.30702305	7.40892029	6.24377060	5.49872828	4.69435740	4.13128424	3.39349604	3.01725435	2.70387650	2.73413539	2.84180284	2.73620868	2.66319346	2.65743065
2.00000000	3.46220684	3.82266974	4.07077742	3.98489428	4.06035995	4.06922245	4.23077536	4.36548233	4.83079386	6.13317537	6.12729549	4.45803308	3.42769670	3.49535918	3.61452937	3.75087023	3.77035713	3.60027790	3.52969193	3.46717381	3.54806232	3.26229119	3.12330389	2.99074674	2.91032410	3.06021070	2.75250077	2.68286824	2.83514595	2.91176629	2.61223269	1.76766980	2.13514042	1.97128952	1.63997197	1.27444601	0.740407646	0.612349153	0.853217959	0.753606737	0.646781147	0.473387808	0.291922569	0.204613209	0.114693865	5.76064922E-02	4.93955985E-02	0.103863597	0.206071198	0.282469690	0.359570861	0.509075284	0.656773925	0.808233917	0.970301509	1.14934897	1.32965064	1.45835710	1.55190897	1.60008502	1.58168888	1.55769265	1.65163386	1.62852836	1.62564838	1.66621625	1.61843836	1.57070506	1.53910780	1.56184292	1.56418920	1.61620855	1.66536069	1.74763632	1.77271008	1.78311455	1.78196895	1.88148761	2.10901260	2.32274103	2.52611589	2.79623222	3.24006176	3.50975394	3.69616771	4.07466316	4.33179665	4.47495174	4.49505615	4.48831940	4.38340950	4.54342175	4.88883924	5.22670269	5.43688965	5.86249876	6.75080442	7.50720835	7.08150244	5.24246025	5.08840036	3.84461212	2.55883741	2.46309829	2.00539446	1.81523669	1.85454845	1.89544892	2.59905910	4.16002131	5.77005959	4.94087029	5.51358652	6.12849951	6.25476360	5.84296036	5.82587147	6.61419249	6.70240021	6.05645847	5.70938587	5.99863529	5.99329138	6.27260733	6.37865829	5.80916309	5.93014383	7.13453150	7.09845591	6.71234226	7.28169441	7.38436174	7.27365732	7.23568916	7.21495152	7.41659975	7.75742674	8.03076363	8.29155731	8.43154526	8.73794460	9.06230640	9.44164467	9.78066635	10.1359110	10.5882797	10.9618845	11.2615051	11.6503077	12.1250286	12.3665829	12.7524881	12.9277105	13.0630074	12.8827639	12.5942068	12.3400269	11.8506384	11.8173208	11.5636845	11.1556101	10.6955786	9.80113316	9.18217754	8.42381382	7.89635849	7.15619373	6.45468330	5.68677521	5.16601944	4.38903475	3.74715066	3.26011276	2.92632151	2.47866678	2.14270830	1.85481942	1.51827633	1.37674987	1.15810633	1.06054199	0.906489372	0.805762768	0.678495586	0.654511034	0.598478377	0.569412768	0.539573073	0.512385845	0.498598546	0.470624387	0.460502625	0.437004000	0.439004183	0.430096328	0.462378234	0.458230346	0.469985753	0.474164605	0.474236608	0.473148704	0.469919533	0.490079492	0.526982367	0.552784324	0.553006113	0.545094013	0.564204931	0.565504551	0.546155989	0.561154246	0.575439155	0.569284558	0.581067383	0.593502462	0.596172929	0.596014500	0.609612465	0.620763898	0.632715881	0.645257533	0.673624098	0.688017607	0.700014234	0.718487263	0.716989696	0.719629884	0.742857099	0.766653061	0.802547276	0.837771893	0.903810322	0.958428025	1.01492214	1.02935803	1.10023999	1.14911580	1.23225558	1.36426258	1.40151668	1.44549942	1.48578548	1.55592084	1.72338331	1.85937822	1.94117546	2.03183651	2.15275407	2.26634264	2.33591056	2.41721630	2.57212090	2.73886061	2.88215852	3.01025677	3.18022037	3.39009404	3.71408534	4.02551222	4.29256916	4.51767540	4.79180527	5.09885168	5.39481211	5.66372633	5.76697063	5.70532990	5.56237650	5.38167334	4.88009119	4.51398373	4.38905001	4.45749426	4.53867722	4.62038660	4.77173376	5.00225782	5.37556458	6.03067255	6.93975544	8.21292305	12.2377949	15.1323309	10.2102804	8.16041088	7.93629980	5.23648834	4.30527067	4.37111950	4.83381176	5.54458714	6.43736315	7.49349880	8.45632172	8.03655624	5.81059551	3.89607716	3.10288548	2.70371890	2.09423161	1.45730805	3.26474285	4.94141388	4.44229317	4.91839361	6.43164158	6.64042616	7.48567772	9.51211548	12.4388809	13.4145222	11.3296709	8.56936550	8.45087814	8.43611145	8.28568840	8.38731003	9.08285141	9.45860195	9.88869953	10.2812624	10.4055672	10.6601667	10.7777328	10.8814440	10.9559345	10.8186274	10.8058109	10.7669191	10.6400795	10.6831226	10.6076145	10.3988314	10.1559353	9.83985424	9.50947762	8.96310425	8.52464485	8.09725285	7.60306978	7.21108913	6.75680065	6.63650799	6.01426792	5.59537983	4.82816553	4.49265814	3.85677552	3.66629672	3.24815249	2.93797016	2.69474840	2.61482763	2.53153396	2.64042282	2.69365907	2.89949703	2.82837033	3.01742268	3.11920857
1.00000000	2.71971869	3.16882849	3.53725863	3.84854746	4.10165262	4.39511251	4.88539124	5.60869837	6.58232450	7.75280762	7.05866098	4.00098705	3.38100910	3.58808184	4.08277178	4.41064072	4.17363453	3.90305448	3.77863479	3.72423720	3.84726453	3.85501242	3.75711489	3.83792543	3.54046488	3.49241257	3.35115576	3.46821189	3.53197742	3.65072751	2.79171729	2.64233518	2.76982045	2.86578202	2.51468563	2.13847399	1.57004571	1.48504031	1.36612082	0.853064597	0.663028538	0.428502232	0.273985177	0.155938312	6.07521720E-02	2.83852797E-02	5.44327199E-02	0.120503515	0.192728877	0.303406537	0.429027826	0.571020484	0.743798852	0.868845582	1.00667810	1.19177997	1.34244502	1.48384809	1.62312198	1.78771174	1.88569713	1.86958516	1.79691029	1.76917815	1.79011369	1.85453939	1.96918106	2.01365805	2.05645752	2.14040184	2.17111182	2.17765307	2.17105007	2.21965694	2.27096224	2.28823900	2.32487798	2.54496598	2.77931285	3.03710818	3.33194304	3.67992282	3.98144460	4.15842772	4.37478828	4.64610958	4.78291559	4.92039776	5.00551605	4.98762941	5.02855349	5.25213289	5.44638014	5.68023777	5.90321827	6.26756239	6.55141211	6.98859119	7.44869089	6.69851065	5.54175854	4.47907829	3.44143295	2.16349435	1.80261350	1.68368256	1.83806920	1.90313125	2.52129674	3.36922002	5.29793930	5.04592037	5.78974342	6.34728909	5.87411022	5.90418148	6.69510698	7.13483047	7.28162146	6.96292067	6.63139486	6.22346878	5.45410299	6.33574533	6.40934610	5.42250252	6.34914303	7.09627438	6.74519014	5.77657604	7.79461336	8.54692268	8.57643414	8.31514168	7.82300997	7.99953079	7.88319111	8.17986488	8.25734329	8.19641399	8.36614418	8.65532875	9.30881310	9.58005333	9.80735111	10.3392420	10.8365612	10.9101677	11.0241804	11.3625469	11.6664581	11.6607933	11.5825539	11.6231451	11.5008955	11.1624632	10.7028313	10.1271324	9.97057915	9.71590424	9.40846634	9.02901840	8.14758778	7.40185022	6.49161625	6.04027176	5.37908649	4.72682810	4.07203102	3.50521445	2.99653983	2.44422412	2.18041635	1.95832789	1.67376959	1.26561463	1.02950788	0.812476039	0.712972820	0.613565266	0.530926585	0.432893515	0.376003474	0.349734962	0.318848372	0.303718299	0.296045274	0.293102652	0.277984083	0.275545448	0.272903055	0.278403103	0.281324863	0.294310778	0.299245685	0.302545398	0.302332312	0.293731183	0.303320140	0.303464890	0.313670874	0.317088008	0.318838328	0.334909469	0.320715368	0.329721868	0.327869296	0.328667760	0.341236800	0.341341972	0.334324777	0.334177226	0.321340322	0.315222472	0.329639763	0.333093584	0.325626463	0.325038970	0.338880241	0.352255642	0.349351197	0.360913694	0.380674809	0.407695621	0.424848258	0.421984792	0.429812640	0.442721575	0.448442668	0.456551969	0.495894939	0.524253607	0.528804660	0.555728376	0.568806469	0.564070284	0.640102386	0.668246388	0.724528790	0.762143791	0.778574884	0.802201748	0.832846284	0.884028912	1.01438713	1.10867321	1.17982435	1.23933804	1.29305518	1.31655383	1.40685117	1.54892302	1.68939710	1.79885244	1.89279866	1.97771049	2.11558175	2.36906147	2.59901714	2.80465484	3.01056767	3.30921793	3.59508157	3.76963687	3.87118006	4.00225306	4.11715078	4.15816021	4.16665220	3.84298897	3.37446189	3.19437289	3.40222383	3.77217436	4.07163668	4.37389517	4.63650084	5.05907679	5.87997913	6.85115862	9.70718670	14.9524660	12.2139301	9.25034523	10.9356165	7.75203419	5.59418774	5.25773764	5.26806688	5.98456383	6.92160511	7.77598715	8.58347797	8.60519695	8.15161896	7.22111416	5.05674696	3.32308054	3.11153102	2.84806466	2.33536315	3.18183279	3.83648181	4.29692030	4.81127596	6.15020990	6.59473276	6.48730850	8.12436962	9.12261295	11.4945002	10.3614769	8.14515495	6.63684273	6.35044432	6.29282856	6.32685852	6.35350609	6.53578615	6.78776693	7.05079174	7.14622211	7.41946650	7.54459143	7.54011345	7.46015406	7.41734791	7.36620378	6.91022062	6.79255915	6.58447742	6.43909311	6.32158279	5.95495272	5.58082151	5.14138699	4.74517202	4.38353539	3.70690560	3.69536161	3.32763553	3.30710101	3.12529683	2.81203413	2.53580904	2.18260574	2.07925916	1.81888497	1.81281734	1.62339616	1.59609318	1.62504292	1.62676001	1.68936050	1.70743465	1.84945619	1.95083559	2.10596108	2.25131750	2.49464655
0.00000000	1.99238837	2.37072611	2.72827888	3.14932036	3.69510984	4.32766104	5.32843781	5.72337103	6.84319496	7.12115145	5.86089277	4.52327204	3.81322145	4.38316727	4.77467632	4.97615671	4.72149515	4.47255230	4.04496050	4.28464031	4.73380613	4.57238436	4.30294323	4.43661785	4.31185865	4.00505209	4.08078003	4.53444195	4.61512709	4.49589491	3.56923604	3.71836138	3.31029654	3.10839963	3.08754945	3.58138633	2.56242824	2.11066747	1.84797513	1.05820417	0.669421494	0.479014516	0.253070652	9.20779258E-02	2.72534378E-02	4.20573577E-02	7.43270442E-02	0.150351107	0.305909306	0.414671779	0.563704550	0.738833725	0.904744089	1.02654362	1.18676162	1.41793633	1.62667799	1.87231457	2.13639975	2.34367275	2.48264456	2.56087971	2.55533504	2.54377127	2.56168699	2.59643006	2.68774271	2.80097103	2.82943487	2.82207227	2.95742869	3.10066271	3.19333768	3.37312746	3.47267509	3.46991658	3.50812006	3.74346375	3.95072341	4.15373325	4.45045662	4.70042419	4.82273769	4.90478468	5.20504427	5.44834042	5.53258896	5.65129852	5.78926516	5.88064051	5.99597311	6.14415455	6.32854128	6.62214375	6.77349949	6.91983461	7.04303980	7.39060736	8.08213234	7.93651104	6.73236513	5.13656712	4.53847742	3.52597380	2.24405265	1.84727740	1.83405387	1.99434745	2.62225509	3.17065263	4.28116035	4.98053932	5.79559565	6.06766844	5.81775284	6.79693317	7.76341057	8.06303310	6.81301022	8.00432968	4.85305834	4.25688553	4.05747175	3.92935324	4.33733320	5.48922539	6.89187288	6.57003975	5.48416615	5.59229231	8.41614246	8.68622017	10.2017260	8.48924637	7.76897526	9.47810650	8.89675140	8.53444099	8.79378033	8.75690746	9.01893616	9.30389023	9.45997524	9.71071720	9.95708275	10.4951916	11.0556259	11.1722603	10.8818665	11.1118069	11.0986624	11.2509336	11.2227926	11.0330162	10.8929243	10.6799994	10.2072058	9.58819675	8.94819641	8.71177483	8.42714405	8.15252781	7.68449020	6.79965687	5.87648869	5.27172327	4.71572208	3.91803265	3.34237838	2.89361334	2.59925818	2.18259645	1.83039546	1.61993945	1.39201486	1.04558766	0.763572156	0.568280935	0.488695681	0.398620784	0.312875986	0.269077688	0.246387586	0.228132710	0.204297855	0.198586792	0.202075928	0.217280164	0.205531925	0.209514230	0.215783283	0.223910645	0.230618879	0.240770161	0.247831196	0.246295422	0.245504871	0.237469658	0.242719918	0.247716725	0.246394083	0.253992975	0.253606319	0.260423988	0.252529174	0.254357278	0.266545445	0.267508805	0.275783032	0.274970144	0.261797756	0.263725936	0.270451427	0.263674080	0.267132968	0.264334291	0.269398808	0.281349331	0.291394800	0.295924336	0.289007306	0.295837909	0.312642723	0.319003940	0.323404551	0.335141271	0.340873927	0.338754952	0.339111358	0.353632271	0.373624563	0.380278796	0.401506543	0.422020823	0.427991778	0.463872939	0.474727690	0.476865351	0.493944466	0.509178221	0.529575884	0.549673915	0.563608050	0.574791789	0.620808482	0.671337366	0.716390669	0.777180970	0.842182577	0.867359579	0.926313877	1.04140151	1.12996447	1.18834555	1.25592268	1.31718457	1.39775681	1.59147155	1.80045927	1.94101906	2.05234838	2.22096181	2.37247610	2.45235586	2.56515646	2.74265289	2.93378329	3.16069913	3.58277035	3.70221257	2.93205404	2.72789049	2.87334561	3.24775791	3.60464764	3.82491374	3.95616317	4.33840179	5.05250502	6.12956905	11.1352568	16.1487083	9.00396729	10.8071089	9.12765312	6.96251011	6.69379902	6.31205654	6.42406988	7.30238628	8.46597290	9.27679539	9.89286613	9.24068737	8.13814831	6.47138357	4.78624630	4.28525972	4.49969625	4.54522228	4.57219172	4.18361855	4.92558241	5.35630941	5.18635368	6.18931293	6.61146641	6.61473608	7.24879313	7.47438431	8.46129036	8.97219849	7.50277519	6.62360811	6.40641165	4.99318361	4.45451641	4.02133417	3.93064141	4.10269928	4.48464394	4.68733740	4.85882187	4.93703413	4.93543339	4.84254837	4.91573143	4.74832869	4.60380507	4.22024679	3.98251581	3.94976163	3.72382832	3.29654956	3.12785339	2.79310012	2.70464253	2.44853425	2.21451974	2.09112620	1.82063377	1.75386381	1.63474917	1.49679792	1.30920196	1.20613754	1.05931520	0.897053719	0.868030488	0.791818559	0.839689136	0.793557346	0.883163512	0.852725506	0.974468887	1.04888082	1.21724367	1.34333503	1.53799629	1.70154727
-1.00000000	1.55265403	1.85806930	2.12156415	2.42278910	2.86304665	3.44785404	4.00628519	4.43970633	5.23198509	5.73230886	5.98666048	5.27764463	5.06847239	4.95418262	5.00555706	4.78465271	4.83127499	4.47293663	4.35735178	4.82133484	4.83387566	4.47415257	4.52879381	4.88855934	4.95193672	4.82204533	5.06551027	5.40931606	5.91549540	5.46384764	4.88731956	4.00882101	2.77932262	3.44836855	3.80122781	4.39091301	3.37788630	2.57434487	2.21404815	1.22474587	0.761778653	0.534543872	0.151117906	4.28133644E-02	3.32769603E-02	6.42261654E-02	0.129510716	0.275261045	0.408705115	0.570734680	0.786538064	0.973684847	1.20380759	1.41881692	1.61218584	1.88842535	2.29071021	2.70578599	3.04040790	3.23528981	3.47424603	3.70268631	3.76034188	3.73253393	3.81854248	3.95226479	4.01853848	4.15251112	4.26407576	4.37742567	4.48161316	4.62042618	4.66367149	4.94360304	5.06848526	5.13756275	5.26044226	5.34893322	5.50338221	5.69817638	5.96283531	6.24463367	6.53301191	6.77590609	6.93940973	7.05282593	7.03655481	7.01601601	7.14409542	7.39864159	7.56102800	7.69260454	7.88278961	8.02989769	8.03874683	7.97760296	8.02959061	8.34491634	8.83767891	8.90225220	8.65671349	7.11312199	5.38940668	4.43372297	3.24073672	2.75768781	2.45363545	2.18512177	2.38383579	3.08663416	4.16901970	4.81176853	5.06985998	5.80999041	6.53369093	7.10172224	7.38644743	7.31440306	7.58564520	8.47804928	6.80085516	3.65812278	4.69186449	6.64083385	6.68101501	7.66647482	8.72864246	7.66955709	5.56664133	7.89756632	10.1342964	9.13942623	10.8418226	9.97654724	7.67886257	9.24487209	9.70749187	8.83500767	8.84726715	9.12795448	9.99174118	10.5690374	10.8701839	10.8494072	10.9885273	11.2979965	11.6890850	11.5112839	11.3124266	11.3348780	11.1135330	10.8821821	10.9590416	10.9398289	10.7811804	10.5495348	10.0490208	9.43981743	8.89511395	8.58360291	8.32355499	7.99257565	7.60916567	7.05706930	6.05855513	5.40501785	4.90849447	4.27563810	3.51715040	2.99020123	2.63427472	2.25497985	1.86939311	1.58792913	1.39928472	1.16307282	0.838820159	0.677666843	0.517072320	0.418643236	0.299833208	0.250146002	0.227095917	0.212438166	0.169730633	0.183006719	0.182053447	0.193371117	0.193821117	0.194388464	0.201720238	0.208699927	0.215258390	0.230711058	0.243010044	0.247655496	0.242385834	0.244939685	0.245234147	0.246039838	0.245109618	0.255165845	0.263403356	0.274708062	0.285208553	0.295159698	0.302388459	0.304846555	0.310222089	0.319203347	0.321171850	0.328014731	0.337005377	0.344693512	0.358295053	0.371664733	0.383630395	0.392798901	0.400746971	0.407750398	0.408230633	0.405200183	0.412747204	0.409685761	0.414830148	0.416003764	0.412902713	0.420991212	0.430977553	0.431785434	0.442071408	0.453039855	0.462546706	0.478073508	0.518964529	0.537297845	0.542160749	0.547190666	0.542665422	0.546428144	0.562667012	0.578357935	0.593393743	0.619230926	0.649010897	0.676954746	0.698676527	0.719240427	0.760510862	0.815811157	0.914153039	1.02442610	1.10826278	1.16879261	1.24126625	1.32437170	1.43231189	1.54165316	1.58637893	1.62550294	1.66094708	1.74068844	1.77716529	1.84296012	1.97405279	2.16556072	2.37314749	2.67431188	3.11395025	3.47709751	2.82555008	2.77245069	2.85986590	3.12225914	3.33309460	3.30203104	3.25909519	3.31587076	3.72628951	4.39079857	12.1442661	13.9534082	10.1779652	10.6019440	7.67483377	7.94069910	7.64708233	7.44980526	7.73622179	8.62440395	9.42995453	9.95845318	9.98332596	9.62629128	8.38688087	6.71237612	5.54288101	5.29063320	5.28208685	6.10010767	6.21405840	6.35045242	6.66537380	6.96409512	6.31989336	6.29754257	6.31498671	6.00049639	6.69631386	7.33671904	7.69519520	7.07470226	6.28785706	6.49732542	5.75339174	4.94681168	3.33356690	2.50118995	2.34738278	2.45600200	2.70195627	3.29077792	3.48777986	3.72696972	3.85962582	3.82328844	3.76965451	3.72729588	3.61843657	3.43336558	3.27557111	3.04889464	2.85232735	2.67097688	2.46962357	2.25792861	2.12207627	1.90427470	1.73214221	1.62055719	1.45675230	1.34585130	1.20909965	1.16268623	1.03549027	0.975598574	0.833673596	0.759724498	0.694484591	0.679320693	0.640668929	0.682045221	0.709517539	0.779695928	0.799632013	0.833800375	0.887843549	0.976639688	1.11897147	1.28604674
-2.00000000	1.05521691	1.23213100	1.43461585	1.66942382	1.93601382	2.25155950	2.71952844	3.19214010	4.21342325	4.78841972	6.36178112	6.14427757	4.62145615	4.51951122	4.24144363	4.33819199	4.51060772	4.63699961	4.77469873	4.86546469	5.02021694	4.81989908	4.87624550	5.08214617	5.14666891	5.44269419	5.40355110	5.86310339	6.68558359	5.93117094	5.86510992	4.30627441	2.97986221	2.72805548	4.07716703	4.45417547	3.18347859	2.75646114	2.45638013	1.32220149	0.855192900	0.290464550	8.64792094E-02	4.81874421E-02	7.00538456E-02	0.141570732	0.252851039	0.388679028	0.522515535	0.737658024	0.979143798	1.23044181	1.52667928	1.88576210	2.21146989	2.66007113	3.31469083	3.89229345	4.33359432	4.65916538	4.91075993	5.13189459	5.29970074	5.41688061	5.42101574	5.58537436	5.65777302	5.77352619	5.89790344	6.02979326	6.10563660	6.23573732	6.35088205	6.48978281	6.55630350	6.60533571	6.75466299	6.92334795	7.19106913	7.42726755	7.71607590	7.93009520	8.06341457	8.32918167	8.56101418	8.69340420	8.69422245	8.73743916	8.84415245	9.01472569	9.10959816	9.25094795	9.44969463	9.60006332	9.59905910	9.44632244	9.37270546	9.62893391	10.1672888	10.5214891	11.3056250	10.2539606	6.95337725	5.43923569	4.74030209	4.04360628	3.91722775	3.25833702	2.67567420	3.22390008	4.06580877	4.37140512	4.75116825	5.66413593	6.51625967	6.88056660	6.67813206	7.42585468	10.0775623	11.6985588	7.13820457	6.11937332	3.85985875	6.53731680	6.16902924	6.23155785	8.61796951	8.98995686	8.75146103	9.22094250	10.3015900	9.30693150	12.1455021	11.0155392	7.52764130	8.65464020	10.6425829	9.34257412	9.46375847	9.09619522	10.5226898	11.4760628	11.7805042	12.1276970	12.1718750	12.4106503	12.3632441	11.6019678	11.3790379	11.6861353	11.5341177	11.2105646	10.9699497	10.8867693	10.5860271	10.3019104	10.0173712	9.56465054	9.18360901	8.85132885	8.58450603	8.24236584	7.96521711	7.20856190	6.55245924	5.87149286	5.33501482	4.74591827	4.15628338	3.58256245	3.07371545	2.65615153	2.24931741	1.90157104	1.66841865	1.45944715	1.13036394	0.907917917	0.707202017	0.588520050	0.443172246	0.323184967	0.284672856	0.274569839	0.241934389	0.224541351	0.207671776	0.205847278	0.225946069	0.223899841	0.223742172	0.227378890	0.235081434	0.242844477	0.255270958	0.260331124	0.264386147	0.274799526	0.281996638	0.283246577	0.289402574	0.303171128	0.324871927	0.341969818	0.356690884	0.380787849	0.385410249	0.403305829	0.412996292	0.427747726	0.441966236	0.444177359	0.464463383	0.477547199	0.498718798	0.520026505	0.544090331	0.558924496	0.569927514	0.586578190	0.598433733	0.611502469	0.629418969	0.636938632	0.639727175	0.643280387	0.650845408	0.660534501	0.673248231	0.696093142	0.696671963	0.699420929	0.684799194	0.729510486	0.734852254	0.729200840	0.741735339	0.758581936	0.770864427	0.782797039	0.796137154	0.811809361	0.834017694	0.899766803	0.948074341	0.979938090	1.02648818	1.07161725	1.13248730	1.23633134	1.37177432	1.49038482	1.58971047	1.70827281	1.81331921	1.83799231	1.82865012	1.85315323	1.87933671	1.87998915	1.91698265	1.98368287	1.99375057	1.99085987	2.12727737	2.33961964	2.48405838	2.66906953	2.82709098	2.97764969	2.63158917	2.74504113	2.95123482	3.12136602	3.10342121	2.88669610	2.60709763	2.36214495	2.42134285	2.72596550	13.8574743	10.5290823	11.9619493	9.95850658	8.08745384	8.28742695	8.02537346	8.30601501	9.00307751	9.90726089	10.3477421	10.4479065	9.86639977	8.95306587	7.90121126	7.32621193	7.10135841	6.87509823	6.79866409	7.28456306	7.75145721	8.30778313	8.93211079	8.23492527	7.31530619	6.26256943	6.62454271	7.11278772	7.70646763	8.08900833	7.72735739	7.21457767	7.53526735	6.45793104	5.61608410	4.72303438	3.40587950	2.52896595	1.96745455	1.78679228	1.97956586	2.25486660	2.33010626	2.93559194	3.23091221	3.26627135	3.25421190	3.29424787	3.15345812	3.11985946	2.95880055	2.75530815	2.63915706	2.47636890	2.30752373	2.13684058	1.95451260	1.82112503	1.67972624	1.60399365	1.48388255	1.35770679	1.29896355	1.16843903	1.07344878	0.902678370	0.845521212	0.732494175	0.706363201	0.620816410	0.593833685	0.611316025	0.664913535	0.658902228	0.698253870	0.696588457	0.732075870	0.793581843	0.839131176	0.931122005
-3.00000000	0.645384967	0.697721004	0.796616614	0.940238655	1.14530385	1.35707188	1.73532808	2.25745678	2.96364450	4.01147318	5.60060930	5.60519886	4.25782633	3.46314955	3.42062283	3.69912386	4.32244158	4.61065435	4.68263388	4.90414858	5.39424515	5.25769472	5.21534634	5.36374664	5.84958029	6.35132647	6.15857077	6.52187252	7.25323915	6.67748499	6.78108454	5.50616407	4.47982311	4.29096889	5.04343176	4.79899597	3.63544202	3.27560449	2.89806414	1.81787992	0.513735116	0.224643603	0.127774090	0.104746327	0.145889997	0.230711043	0.327617288	0.460616410	0.659343541	0.891862512	1.22543061	1.62563753	2.03055906	2.47961807	3.22824073	4.03549004	4.79118824	5.20675421	5.59400845	6.16017246	6.48930979	6.82550192	7.24411440	7.48353863	7.51408195	7.62170696	7.74996090	7.80667400	7.80487251	7.65454245	7.74520254	7.84871864	7.98931408	8.10232258	8.24213219	8.27310371	8.40609360	8.73652172	8.92453575	9.15772152	9.43893433	9.76114464	9.85761833	9.98931026	10.0541124	10.0578756	10.1581526	10.2235737	10.2210903	10.1059008	9.95396900	10.2375116	10.5460777	10.7608309	10.9738293	11.0217791	10.9327555	11.0682392	11.5787249	12.1949253	13.1696482	13.1842966	10.2975321	7.19867039	6.08991337	5.74695969	4.89855003	4.05431414	3.38980913	3.61428642	3.89027143	3.82960510	4.18357563	5.02317810	6.06789064	6.57298231	5.73774672	7.43151045	10.8402424	13.5043144	7.23825788	6.86335135	7.82281828	7.62849808	9.83997536	9.86298656	11.2402372	7.52547932	9.83887768	9.03015709	9.04594612	9.51117516	13.0635967	13.1682758	9.94550705	10.5086546	10.6621571	8.83303833	9.86367512	13.2690773	12.4783792	12.2387314	9.21572590	11.7695942	10.9988279	11.9325304	12.3133163	11.7274113	11.3873625	12.0795259	12.4042330	12.1300783	11.3513718	10.3552666	10.7940588	10.6629324	10.4086685	10.0455427	9.79736233	9.49199104	9.30565834	9.03520966	8.74000263	8.09733582	7.38473034	6.69411087	6.26891947	5.75325680	5.14705420	4.52762985	3.85640621	3.41119289	2.88106632	2.49789953	2.13035536	1.89241493	1.56479466	1.32568336	1.08663988	0.865599751	0.659170091	0.537866652	0.472588539	0.422741532	0.393140882	0.343553782	0.292757064	0.283772171	0.298805058	0.296961844	0.272275925	0.266981781	0.272800803	0.280614942	0.284407914	0.284461945	0.293752044	0.310381919	0.312235922	0.327574044	0.332813531	0.355881631	0.375784576	0.406532854	0.411991209	0.424572498	0.441347003	0.457600325	0.489357352	0.501574337	0.524049163	0.537342429	0.554599404	0.581179023	0.602387965	0.619361281	0.639709234	0.666203737	0.692383707	0.721784115	0.745434701	0.773534119	0.811620712	0.848615050	0.871623397	0.909529984	0.918550849	0.936678886	0.978459835	0.970418215	0.995015502	1.01418698	1.08087766	1.13771594	1.17866230	1.18968618	1.18510926	1.19253385	1.21043015	1.24995100	1.30963171	1.37667596	1.43851185	1.47636783	1.48024440	1.52136648	1.62230766	1.72881937	1.84400702	2.00482607	2.10052681	2.16871142	2.21726227	2.29181123	2.39152384	2.46930099	2.52103472	2.47043014	2.47530174	2.50177956	2.55890870	2.58326936	2.64036107	2.65701008	2.79767656	2.91060400	3.01486659	3.08918357	3.15242243	3.13032699	3.06241298	3.16596246	3.11050248	2.99849033	2.75220585	2.42458057	2.01198077	1.68959093	1.56039560	2.80535841	11.7605333	9.93147564	11.4669123	9.95076180	8.81535149	8.72128391	8.46159554	8.77985191	9.70691299	10.4430437	10.4362841	10.1165705	9.45591640	8.66631794	7.95637655	7.56168318	7.84482050	8.62618351	8.48591042	7.78672981	7.43650723	7.64184189	7.81592464	8.20718956	8.46021843	7.83462858	8.10452461	8.29650021	8.46065235	8.85689259	8.84998894	8.80985260	8.22376823	7.23332930	6.28170586	4.79455280	4.04084063	3.90064240	2.76426721	2.11620879	2.32941532	1.92643559	1.81000733	1.90689123	2.31205249	2.63349867	2.68499517	2.72268510	2.67034888	2.54690504	2.41233563	2.28843570	2.12182927	1.96406770	1.84148479	1.73369229	1.63296080	1.52241337	1.45554698	1.39775252	1.27574134	1.21285069	1.07663465	0.970854461	0.844256163	0.718413830	0.656804860	0.555132270	0.467261344	0.436716020	0.421547055	0.410147995	0.436671346	0.453022569	0.480699360	0.515652418	0.533788562	0.530900657	0.570996761	0.594025195
-4.00000000	0.357793182	0.412181258	0.453332871	0.517927647	0.602962554	0.732881486	0.975600064	1.33834827	1.83048344	2.43720341	3.23274374	3.84227371	4.17088699	3.02887440	2.81833100	3.11710095	3.83899546	4.55667496	4.85011816	4.77041531	5.26506138	5.16826057	5.20985746	5.38586664	5.32887030	5.87340879	6.11409521	6.68775225	7.47445345	6.60228777	6.54320574	5.87567949	5.40386486	5.69917917	5.71003532	4.84563351	4.27224588	4.04092360	3.43216014	1.95240748	0.615787268	0.291022599	0.219931945	0.190301776	0.196630552	0.259263337	0.512639284	0.805770755	1.08291018	1.35867381	1.75424910	2.37636352	3.13316655	4.08685684	5.25907707	6.19666243	6.87932396	7.31040192	7.66287041	8.25754642	8.73836327	9.14289665	9.46825790	9.85440445	10.2315483	10.2881165	10.3857965	10.2934580	10.0896864	10.0048990	10.0577593	10.0684023	10.1013298	10.1374693	10.0810728	10.0029325	9.96552658	10.2705040	10.3012333	10.5211029	10.8609886	11.3289270	11.4301910	11.5990305	11.5411243	11.5478611	11.5677938	11.4983778	11.4269609	11.3986092	11.2750416	11.5185909	11.6321955	11.5211353	11.7561083	11.9714451	11.8926830	11.9572554	12.5440607	13.1981783	13.7595825	14.9104605	14.8240967	11.2413359	7.32891369	6.28830338	5.96975470	5.90025473	5.29282856	4.85195923	4.60593796	4.52920389	4.69974279	5.65072203	6.76559067	6.76160955	6.00893402	7.92172718	12.3531971	16.5448818	6.78068924	5.01029158	7.88098955	6.63287115	8.52640915	10.5311069	12.0598412	7.89879084	8.57942200	9.53310585	8.18482208	9.16937065	12.9182825	14.5553551	12.1425829	11.4341917	11.5918665	7.15272570	8.52875137	9.33339691	11.6615934	11.7057467	12.6290751	13.0187092	11.0515070	10.3468828	10.6855860	11.7712622	12.5813408	13.3702793	14.4330730	16.0685368	11.2450647	9.52347660	10.8245449	11.3435001	11.5156765	11.2186317	11.0239735	10.9266157	10.6532097	10.3285456	10.0851603	9.28617096	8.71982670	8.16612148	7.59897995	7.10864878	6.37878370	5.89713860	5.25713205	4.76687145	4.28116322	3.63353395	3.11338449	2.71081948	2.35221338	2.04686141	1.70026863	1.35044861	1.06062198	0.872681797	0.785660386	0.679196179	0.620103598	0.533257186	0.470046222	0.415299565	0.424793541	0.399156451	0.369934559	0.347913355	0.346139967	0.350533456	0.348875999	0.345270246	0.350917190	0.372931212	0.390189588	0.415563107	0.421252608	0.431603998	0.439704001	0.453198969	0.476122320	0.489629537	0.474688053	0.482390642	0.502809823	0.529358387	0.545451820	0.563662052	0.582751453	0.610370636	0.635141492	0.654595196	0.672258973	0.689148724	0.722594202	0.754559994	0.795244992	0.841018319	0.884759724	0.971788347	1.01809716	1.06273806	1.11188090	1.15515149	1.19369960	1.24998403	1.25180352	1.32806289	1.37490261	1.38440585	1.41905594	1.46261168	1.49847472	1.53220892	1.55708659	1.59815669	1.64103913	1.70129514	1.74876976	1.77592897	1.80284190	1.83836234	1.93689060	2.05447769	2.20019889	2.33121538	2.32601905	2.31799531	2.38685131	2.43404007	2.55795646	2.67997622	2.75888133	2.85731626	2.84872699	2.92642760	2.97978806	2.97322702	3.00120401	3.01917171	3.14162350	3.16507959	3.26203489	3.41634798	3.46386480	3.33207679	3.17065525	3.13694692	2.99343872	2.70084906	2.28495955	1.85967278	1.44605815	1.05676782	0.866006672	3.41189408	9.27621078	10.2655668	10.8855572	9.74652958	8.63808537	8.67594051	8.54740238	9.16721535	10.1549673	10.5331707	10.6023455	10.4986258	10.3924284	9.78533459	9.41231155	9.02259445	8.45868874	7.83205986	8.38231468	8.66834545	8.57137775	8.59475136	9.28738976	9.38233376	8.81866455	8.73354626	8.43349457	8.19943428	8.65678692	8.93383026	8.78721142	8.85953808	8.89655018	7.82044077	6.93215704	6.14211082	5.65775061	4.88426161	3.81013966	2.69728613	2.13409376	1.99785590	1.71683359	1.31331754	1.36303353	1.79139888	1.91039324	1.92360175	1.96283019	1.81512213	1.71837568	1.62721074	1.57880521	1.36852348	1.28574431	1.24868453	1.18306303	1.10091162	1.07823896	1.00564921	0.926045358	0.850554764	0.737511814	0.638828635	0.540244818	0.461981505	0.420919955	0.323794812	0.280058414	0.258037925	0.232469991	0.235793516	0.219637439	0.238191843	0.213873833	0.286345452	0.301180303	0.331755847	0.350246876	0.369025171
-5.00000000	0.204264730	0.216125280	0.202588543	0.248730481	0.280803591	0.356081784	0.485282183	0.699103475	0.960211515	1.18356705	1.54295981	2.04400897	2.71318960	2.85970545	2.75460768	2.91831851	3.72207999	4.35064840	4.64944172	4.71500921	4.72792006	5.26440907	5.57591724	5.62669039	5.29400635	5.41978073	5.92659283	6.44013977	6.93770313	5.48348331	5.25963402	5.85057831	5.95511103	6.17358446	5.75219584	5.15739298	4.87591219	4.58585405	3.93568993	1.79900718	0.863043129	0.544320703	0.393342495	0.337067306	0.393772304	0.682170510	1.20744419	1.71234059	2.18072963	2.65373755	3.24649858	4.17860651	5.26488352	6.52103662	7.72321033	8.61535931	9.33086109	9.88603115	10.2032681	10.5513687	10.8308144	11.1048918	11.3272495	11.6605043	12.0735540	12.2243223	12.3421926	12.3570433	12.2886877	12.1436081	12.1592083	11.9388895	11.8450651	11.8533745	11.6325016	11.3829899	11.3196239	11.5368376	11.6388044	11.7974243	12.0692902	12.2857294	12.2364664	12.2293625	12.2464304	12.0913525	12.0065832	11.9676170	12.0723829	11.9940825	11.9899778	12.1157570	11.9898481	11.7426023	11.8560772	12.0581379	12.1095324	12.1547976	12.6605263	13.3103361	13.6818199	14.8871889	16.2809029	15.2318459	11.0544739	7.61232853	8.35845375	10.3446083	8.62741756	6.92948675	6.89894390	6.50644112	6.12258244	6.12123203	6.93062878	7.33948994	8.15894413	9.17865372	11.8678207	16.6584568	8.04183578	5.29026270	9.05074692	5.66491032	7.50455809	9.54691601	10.7390499	9.71234035	10.0312719	11.0684910	11.2860851	11.9868917	13.9945745	14.1625338	13.4206324	11.7084837	7.59943867	8.67715359	10.5718126	12.7156820	13.4233246	11.5819263	11.2684002	11.2492895	12.7271042	11.7953720	13.2283077	11.5588636	12.3126278	15.0797024	15.6659622	14.3174334	11.0469084	8.11648750	10.8917894	12.5565901	12.5745411	12.8843498	12.6013184	12.4728909	12.2387085	11.8465414	11.5728493	11.0531836	10.4708185	9.96382618	9.35935783	8.90808773	8.40507507	7.75293684	7.07217693	6.51552486	6.08764744	5.50100470	4.88997173	4.24246597	3.78076482	3.17229152	2.76365876	2.19845796	1.84824872	1.50662601	1.37904346	1.17540503	1.04516923	0.956396163	0.823678613	0.742815375	0.694397509	0.631494701	0.577671111	0.547213674	0.513256311	0.534243584	0.515600622	0.518620312	0.511903465	0.507460296	0.533916712	0.560465991	0.575280011	0.579962850	0.587653160	0.610726297	0.640721500	0.616008222	0.621937454	0.633011043	0.652059376	0.657141089	0.651629508	0.666822255	0.701745152	0.718906343	0.720079184	0.757013798	0.794906616	0.824781656	0.867956460	0.914160907	0.975024700	1.03134954	1.08015406	1.12093198	1.14413691	1.17688251	1.18836641	1.21386743	1.29256201	1.35175812	1.40589929	1.42335272	1.43508732	1.43918347	1.43359768	1.46243083	1.48496687	1.51941025	1.54973936	1.57956767	1.60305834	1.60198712	1.59555876	1.61445725	1.68964422	1.73145735	1.79662514	1.86733019	1.95748711	2.01433039	2.01193976	2.00506616	2.01192999	2.02766705	2.08758879	2.12059164	2.11399031	2.20001888	2.27860713	2.39025474	2.48015380	2.51624727	2.61128664	2.75317764	2.85086226	2.83521175	2.97271633	3.14473104	3.23142433	3.20526910	3.11293149	3.01443839	2.80456972	2.39956117	1.87960827	1.39434910	0.960210681	0.573081911	0.458712697	3.46744633	7.82448578	9.17101574	9.47847462	10.3033705	8.63875580	8.52446842	8.56822491	9.47507191	10.3747644	10.6915779	10.8452711	11.0182409	10.8620701	9.99992466	9.90032482	9.98330593	10.1770554	9.81961632	10.0053101	9.61411762	9.89108276	10.2506151	10.4792547	9.99890900	9.61564350	9.44742966	9.00535679	8.84950924	8.80668545	8.57689762	8.50953865	8.92237663	8.55626965	7.62015581	6.93436098	6.49927330	5.96569586	5.26534605	4.27527523	2.56491446	2.06129742	2.09736300	1.73522019	1.10200322	1.05720127	1.50193584	1.55933642	1.48551476	1.37043941	1.25260484	1.19876909	1.10200906	1.00057900	0.923707485	0.871148884	0.835479379	0.764522672	0.735384941	0.708112776	0.643026233	0.606952786	0.519081116	0.487563848	0.420706779	0.360915124	0.316698492	0.289235532	0.232598171	0.205459908	0.164348647	0.154009432	0.157569125	0.151731357	0.158179671	0.180664569	0.178368494	0.175148636	0.203680083	0.228193924	0.228070796
-6.00000000	0.153022334	0.135452151	0.122116320	0.132600233	0.143005669	0.178439051	0.216673210	0.304896981	0.418226391	0.571708083	0.743610978	0.976859272	1.56786835	2.45309067	2.76702404	3.02679873	3.56362510	4.20109320	4.62508011	4.67322350	4.77468634	5.51678848	6.16272306	5.38150740	5.39425898	5.89805079	6.09762526	6.16926050	6.31581926	5.30795431	5.03483200	5.88671398	6.02343225	6.40797901	6.10078049	5.51305103	5.33109188	4.93697309	4.30652905	2.25236654	1.40203369	1.05180407	0.901632905	0.822870731	1.00904465	1.56549811	2.37201643	3.24374199	3.95548320	4.79720354	5.82383013	7.01184082	8.07543755	9.19056797	10.1502438	10.6318989	11.2319260	11.5147448	11.5072737	11.4355764	11.4360790	11.6856298	11.9686460	12.2123795	12.5205803	12.6656685	12.8070946	12.8643866	12.8735647	12.9168911	12.7540455	12.6612177	12.9039307	12.8213434	12.6145153	12.4721785	12.4629908	12.3930025	12.3851814	12.4566479	12.4796782	12.3787546	12.1233540	11.9439049	11.7793102	11.6145182	11.4350615	11.3714733	11.5029879	11.4115944	11.3290606	11.2781878	11.2502928	11.1506538	11.1962957	11.3402328	11.5017929	11.7756214	12.0368223	12.0246563	12.4532976	13.3963747	14.3601894	15.2489452	15.3111353	11.4677629	13.7157888	14.5146265	9.83436108	7.46428442	12.7116470	10.3591213	7.33116627	7.61056900	7.05562449	7.83397961	8.77299309	9.83769894	10.9608974	15.1619682	8.74174786	6.03106213	10.6246901	6.88561583	7.93582726	9.27618599	9.89779949	9.32645798	9.97731113	10.2675486	11.0475454	11.8293085	11.7334490	13.0036430	13.5985537	10.6380596	9.60717297	9.84145451	11.8074827	12.7735167	13.7492113	15.1446609	13.0323429	11.2854767	8.79364204	10.3064909	10.2608013	10.3625975	9.09557152	8.75828266	9.58274651	9.07252979	7.75052595	10.6544495	13.0103903	14.0622454	12.8153629	13.6873884	14.0563879	13.9930220	13.5685930	13.1813164	12.8575554	12.9030380	12.5841827	11.9841413	11.4399128	10.9459810	10.4367456	9.92923546	9.33191013	8.79483700	8.36317062	7.82104874	7.15680408	6.40641451	5.86610222	5.24657583	4.56990623	3.79879642	3.29602766	2.78740215	2.48918629	2.10970521	1.88926268	1.71029735	1.54933488	1.37911391	1.18497884	1.09695101	1.00967324	0.973359406	0.916645706	0.908199310	0.856851041	0.833559096	0.764776051	0.758543015	0.734404325	0.752065897	0.762301505	0.767519295	0.780576468	0.758614302	0.816700339	0.807251811	0.828018069	0.846981406	0.850019753	0.880413830	0.919191658	0.943161905	0.970037282	1.00310683	1.03796208	1.05518746	1.07400596	1.09806263	1.13913143	1.17460585	1.17959750	1.16210961	1.16501987	1.16072702	1.15315771	1.12715781	1.15353072	1.15964699	1.16978836	1.23904443	1.26424301	1.28376222	1.30593097	1.29016590	1.28056455	1.24607527	1.26511049	1.27238238	1.26840162	1.22547448	1.20753789	1.23104012	1.26221836	1.28508413	1.31092918	1.32816160	1.34033895	1.33679521	1.34269643	1.36177921	1.35167634	1.35585499	1.34644020	1.36249185	1.37847888	1.36778176	1.35708046	1.35860324	1.39114356	1.46861494	1.53237808	1.59102082	1.64219177	1.67798376	1.70716321	1.86465955	2.08255696	2.21037126	2.24544883	2.28086209	2.35099864	2.39042592	2.26377678	1.96969247	1.54389298	1.07026553	0.640200913	0.311910480	0.205785364	1.03031349	4.59596682	10.0024090	7.50948477	10.2000418	8.92982769	8.47744274	8.81263924	9.49618149	10.1705284	10.3129692	10.4959259	10.5857658	10.6119308	10.4042997	10.1664553	9.90461254	10.1488609	10.4147148	10.4431753	10.6226521	10.8234034	11.0503254	10.9098320	10.8669186	10.6825075	10.1427097	9.86067772	9.30963421	8.96948338	8.49825668	8.57258034	8.77693176	8.02983475	6.94028854	6.15849876	5.82590151	5.71282291	5.24877691	4.42160130	3.08205938	2.33173299	2.48817968	2.05978966	1.42234492	1.35337305	1.78973567	1.51411891	1.28079581	1.12574303	1.00317955	0.931838334	0.838066339	0.768777132	0.714850605	0.656207979	0.613599122	0.546667933	0.510729074	0.460405439	0.444491267	0.418013304	0.393090487	0.360487461	0.315192252	0.290818781	0.264682084	0.249926388	0.217686951	0.194384158	0.166466162	0.155203193	0.148747668	0.153470159	0.159141600	0.166617349	0.161003500	0.165428638	0.176816881	0.170192152	0.150487199
-7.00000000	0.135997936	0.131500080	0.121264555	0.116465762	0.109249912	0.125747994	0.130872220	0.156859204	0.197435513	0.286482960	0.412222326	0.543387592	0.924428880	1.76308060	2.74698997	2.69314551	3.24870944	3.86269498	4.39931297	4.68567038	5.03345871	5.65098381	5.76793051	5.90249443	6.25560045	6.61392832	6.40706396	6.41519642	7.17640543	6.94587612	5.14812183	5.57621622	6.04549932	6.32300520	5.93724918	5.93629122	5.71209002	5.37178230	4.74763393	3.05641866	2.06995249	1.73791301	1.61591399	1.74863017	2.09899497	2.73215318	3.58672953	4.59983349	5.62423563	6.74383831	7.80508804	9.08241272	9.73289585	10.4032049	11.0682621	11.6873894	12.2514400	12.1326571	11.7492275	11.8697710	11.6631117	11.5948858	11.6677437	11.6205721	11.7199144	11.9040279	12.2236404	12.2708054	12.2252254	12.1588526	12.1025667	12.2733145	12.6709642	12.7109270	12.5731964	12.5454960	12.5793791	12.5447969	12.4721870	12.3379736	12.1322889	11.8875818	11.6116371	11.2648811	11.0141115	10.7897911	10.5380020	10.3711910	10.2409124	9.93107605	9.66318130	9.63503838	9.58840561	9.64413452	9.86061859	10.1205912	10.2760134	10.4826269	10.6506023	10.8340807	11.1798429	11.7052431	12.2495260	13.2205153	14.2398787	15.8110847	18.0628147	15.1535187	9.09283733	8.87335396	11.5779314	9.79129124	8.51957703	7.08872986	5.81492281	7.82693815	9.81506252	10.9668379	9.20015335	9.83644772	11.2894793	7.87075424	8.37020874	8.14117432	9.48312855	9.19952488	9.04750919	7.50210810	8.77133656	9.11619663	9.72034359	10.9957123	9.69735909	11.5017405	12.6961412	10.8397074	10.0272169	11.6082954	14.2617245	12.7366676	11.3516130	10.9750433	13.4226856	13.0952873	12.0384169	12.1003771	10.4268379	9.06440163	9.93144321	9.83233166	9.39762306	9.71289825	11.1444950	13.2062588	14.1665277	13.9084044	13.0668840	13.3147154	14.9284515	15.0650673	14.7896690	14.5423508	14.6157017	14.6274042	14.4850779	13.9838848	13.5015278	13.1486912	12.6517181	11.9975424	11.6249037	11.3723984	10.9003220	10.4978294	9.91335964	9.20169353	8.49618053	7.90517330	7.11730528	6.49698257	5.73448706	5.16911936	4.56157875	4.05097294	3.54655004	3.29150081	2.93342328	2.60816479	2.20247078	2.05314565	1.81669378	1.73251724	1.53072214	1.49740493	1.43527532	1.37109303	1.24725747	1.23721266	1.21231723	1.15947640	1.16944551	1.15629470	1.15546393	1.12770295	1.11513746	1.15590453	1.13880742	1.18203843	1.17297351	1.20637441	1.27975094	1.25319088	1.28137112	1.27527773	1.28837168	1.31640971	1.30272615	1.25368118	1.28603661	1.30805922	1.24896598	1.21771073	1.15786421	1.13403022	1.09145892	1.05278623	1.06570947	1.03624415	1.07909572	1.08666933	1.11441386	1.09848022	1.06321394	1.04256368	1.01229191	0.997331023	1.01086771	0.993566811	0.961948812	0.959120572	0.969074011	0.982989371	0.973095894	0.944991946	0.933188438	0.931587100	0.937828124	0.928337753	0.898925722	0.884069264	0.848998785	0.847033262	0.869599462	0.876641691	0.882838726	0.885526478	0.869547665	0.848815203	0.862498105	0.890363574	0.914244413	0.945041060	0.991853297	1.03190541	1.04749560	1.11728740	1.21197236	1.27845001	1.30207467	1.38326252	1.48369396	1.54960132	1.54558003	1.43762255	1.23203444	0.916373551	0.549119532	0.278970480	0.165941283	0.221314311	1.77245653	12.1455851	7.03693247	11.4075584	10.1626472	8.26887226	8.83197117	9.33505058	9.67541790	9.73822212	9.95610619	10.3633432	10.6167278	10.4839363	10.3598423	10.1390409	10.3751888	10.4693823	10.6417904	11.1473007	11.2690382	11.1414642	11.0238371	11.2342443	11.3091469	11.0495186	10.4793148	10.1309443	9.27404976	8.66211987	8.59256077	8.17982483	7.61914110	6.73340225	6.45294380	5.68235064	5.30392504	5.07499933	4.21362495	3.09350634	2.59037375	2.57458401	2.12988591	1.25616252	1.46598268	1.94709527	1.62361598	1.28412640	1.04604053	0.888419569	0.811219692	0.721690655	0.663247466	0.613672554	0.581473410	0.526727498	0.465395033	0.429340333	0.392356068	0.377259821	0.356451124	0.348256826	0.318921834	0.296636403	0.286766648	0.263049126	0.249832094	0.227537259	0.204151690	0.184976652	0.184097528	0.191506311	0.182756156	0.179164082	0.166140005	0.160900563	0.176333740	0.202296242	0.175548956	0.149405047
-8.00000000	0.146838233	0.139516547	0.133574396	0.125411034	0.116109356	0.123320155	0.105613194	0.122536086	0.142346874	0.193099663	0.262932479	0.389383942	0.517593563	1.11178803	1.89473045	2.60334706	2.97001004	3.53807259	4.16276550	4.58337116	5.13056231	5.81324577	6.32191515	6.21032143	6.21270037	6.36202002	6.58973598	7.02181149	7.07443094	6.62866068	5.90127039	5.67252779	6.11861897	6.47453785	6.42569256	6.52796173	6.15295506	6.12217331	5.16266394	3.75384665	2.56488490	2.29347801	2.24690390	2.51003456	2.85820651	3.52059865	4.25189638	5.18355846	6.25835848	7.26449919	8.06389236	8.80885506	9.30385971	9.65078640	10.1619759	10.6672697	10.9714317	11.1065445	11.1899872	11.2216930	11.1255703	11.0305948	11.0030794	10.8879881	10.9332085	10.7881680	11.0608921	11.4458437	11.5849667	11.6004295	11.5255795	11.5341053	11.6608477	11.7161818	11.9088821	12.1363544	12.2253847	12.2128086	12.0760374	11.8156452	11.5179577	11.1363668	10.7870607	10.3440571	10.0021877	9.75685787	9.49572372	9.25446892	8.92491245	8.49458790	8.22425842	8.22805309	8.26603127	8.36170006	8.47091675	8.57155323	8.59715176	8.66441727	8.72039318	8.89618587	9.21077824	9.52143574	9.80052662	10.2904205	11.3626547	12.5350113	13.3772564	13.0905218	10.2867737	10.7264147	12.0106230	9.84569740	9.71396828	9.11194611	6.19454956	7.03680611	8.94006348	9.90516567	7.85474348	7.44158936	10.7884140	6.50217581	6.21902800	8.38002586	11.2341824	8.63346100	7.97289705	5.43873453	7.18441010	7.69600058	9.21199322	10.3122387	8.83096123	10.3424625	12.4001360	11.7982197	11.9797478	13.7305899	14.0332317	11.5200062	9.62141800	9.94462395	9.91464138	10.5072899	9.33420372	12.1555738	12.3070230	9.60445690	12.0037003	12.2342978	11.8269567	11.7261229	12.6023140	13.2720613	14.4739094	15.0929670	15.4276667	14.3001232	13.4132767	14.6025620	14.9756842	15.1774998	15.3487301	15.8266335	15.8145132	15.8123131	15.2860947	15.0464878	14.6637630	14.2883062	13.9036493	13.5923424	13.2257090	12.8604565	12.6335812	11.9565477	11.4293432	10.7483864	10.0356627	9.35004234	8.69717693	8.03533554	7.52167940	6.82738543	6.25507116	5.77279377	5.17023802	4.68306017	4.17892408	3.77913976	3.39406610	3.06935620	2.75753164	2.56245327	2.39236569	2.19326282	2.03355217	1.95671070	1.95667195	1.85568845	1.79549563	1.73734629	1.70847797	1.68418586	1.68660915	1.66219342	1.65104926	1.67575109	1.63086700	1.57116663	1.56611526	1.52026844	1.48293507	1.43343139	1.41207838	1.40864038	1.36956024	1.26446176	1.25965583	1.28870559	1.23953545	1.17432725	1.13126540	1.10661840	1.08097064	1.02434766	0.967870116	0.903738260	0.938635170	0.932254553	0.953628421	0.969104171	0.935099244	0.893731058	0.877993107	0.837090015	0.806832731	0.802115321	0.794008076	0.797696710	0.812582672	0.817297876	0.788590133	0.757243514	0.738901436	0.722382486	0.708635509	0.695227683	0.676735222	0.675225317	0.671305001	0.673304379	0.662860811	0.651556849	0.658460140	0.641350091	0.581159532	0.535645425	0.536514461	0.548659384	0.561148584	0.572913349	0.601066053	0.640010178	0.675379515	0.706291258	0.742143631	0.768600762	0.784550190	0.836189985	0.889249682	0.928484619	0.935169101	0.930914581	0.890924335	0.789378464	0.529987633	0.323570907	0.145500466	9.73562375E-02	0.353150636	7.51152611	7.75133324	11.1825571	13.2022533	10.2054815	9.51884174	9.56087112	9.39971638	9.29233551	9.53694057	10.1227732	10.2671280	10.2438078	10.4041939	10.2863512	10.2001677	10.3112946	10.9299593	11.0454311	11.3458776	11.5146303	10.9270258	10.8785152	10.5613661	10.7327442	10.4437790	10.0175266	9.61831856	8.84999180	7.92960644	7.73500729	7.61462164	7.25265265	6.09591722	5.41714907	4.93678713	4.27136517	3.57502747	2.70235443	2.25111890	2.18906856	1.71072280	1.24787807	1.71293628	2.07124257	1.65792584	1.27305222	1.05217922	0.927687585	0.825335979	0.727905571	0.653276205	0.587697864	0.550701380	0.522568822	0.486184329	0.456539780	0.418175995	0.397217542	0.379074246	0.368031591	0.347272545	0.333788395	0.318091691	0.300989509	0.285999835	0.271648794	0.250230253	0.221425921	0.210806638	0.212793827	0.205344707	0.203700244	0.187010631	0.184526637	0.189254865	0.185986072	0.185805365	0.176962316
-9.00000000	0.188768879	0.172446489	0.150422409	0.143592492	0.125151843	0.108417593	0.106566489	0.105505921	0.128889337	0.162409663	0.213060275	0.316762567	0.494982749	0.761391342	1.56881952	2.36716318	2.71037388	3.34102964	4.16154385	4.62201309	5.19834280	6.11788034	6.61969280	6.78532791	6.35267639	6.96860266	7.36007690	7.19356489	6.22403908	5.89491987	6.55549860	6.62281466	6.57631588	6.75928259	6.65921211	6.73406219	7.17629433	6.35177565	5.77109146	4.76268911	3.18725085	3.09282589	2.99657369	2.96643972	3.24469519	3.86042190	4.79843903	5.66952276	6.63550282	7.15407133	7.71196795	8.12695503	8.61454296	8.88254547	8.99402332	9.19431877	9.61814785	10.0447235	10.4346619	10.7069063	10.7904215	10.5787163	10.2771530	10.1268816	10.4220486	10.5471792	10.7380686	10.8242435	10.8235302	10.8395090	11.1215601	10.9122648	10.8261395	10.9422064	11.1768694	11.4320459	11.5684814	11.6353035	11.4605970	11.1495132	10.7669420	10.3740864	10.1365948	9.63905239	9.17822647	8.89077568	8.65161133	8.31173611	7.93996811	7.59736776	7.39086962	7.31607103	7.29159403	7.28210497	7.30008507	7.27512503	7.13073778	7.10298395	7.18671799	7.31831026	7.46750975	7.66412878	7.73256779	7.89096451	8.35737419	8.97984695	9.73573875	9.85956955	9.99436188	10.5589113	10.9248991	10.1137829	9.93079376	9.40251160	8.49067879	7.26287365	12.8646908	9.62319088	8.04339981	8.91756725	10.8857584	6.15850830	7.60497713	13.4320955	11.2055159	7.72922134	6.48031092	5.53261805	8.14935684	9.31933880	10.0489454	11.2864408	11.0397520	11.1679535	11.8237963	12.4142408	12.7161398	13.8635626	15.1401262	13.4327850	12.5870085	12.0891151	9.85203457	9.07111549	9.67255878	11.4080210	15.2152061	12.3163891	10.1336174	11.4485731	10.9080811	11.1930790	11.9947538	12.8444185	14.3650951	15.1728706	15.6945992	14.9054976	14.5379601	15.4778757	15.9100561	14.0882807	14.3202095	15.7854710	16.2148438	16.3370399	16.2281628	16.0834885	15.8682299	15.7284880	15.6221046	15.1921701	14.9480028	14.6629448	14.2583933	13.9223394	13.7543344	13.1037130	12.5305386	11.9406815	11.4091959	10.7613964	10.2904377	9.68163967	9.11274147	8.53290462	7.88628292	7.29225588	6.75655699	6.12640810	5.48283243	4.92577362	4.42535973	4.06202698	3.71715093	3.34881282	3.17405891	3.02313447	3.01155400	2.82911396	2.65153885	2.47499657	2.40730572	2.32026911	2.29078317	2.24161482	2.21387815	2.20768070	2.13312316	2.01165485	1.99679840	1.92420292	1.90016425	1.78050613	1.60807109	1.52313983	1.44258618	1.36264467	1.24329662	1.20687771	1.15756118	1.20281327	1.13012278	1.06245947	1.00480831	0.937463820	0.919359326	0.981288731	0.960626245	0.953075528	0.956982970	0.936532199	0.897649944	0.884962797	0.870186210	0.823666334	0.793724358	0.794584811	0.790902793	0.782573819	0.769323587	0.740426362	0.703295290	0.673118591	0.648791254	0.616899610	0.596404076	0.597564697	0.588880837	0.576035261	0.573039353	0.564710379	0.547727764	0.533633769	0.521156907	0.502012789	0.491020560	0.499183923	0.498064995	0.481772125	0.460043281	0.451951206	0.458745122	0.453336477	0.442310423	0.461162150	0.503636360	0.559064150	0.555603862	0.588442385	0.615357339	0.605823874	0.622009516	0.592817068	0.589163005	0.537667155	0.453418553	0.347282618	0.180212393	8.93613771E-02	0.116989203	1.50785351	6.18829679	9.42694950	13.5595398	13.0089855	10.3720131	10.4925165	10.1712084	9.68094921	9.56652832	9.41792488	9.47808456	9.72170734	10.0717773	9.81978321	10.0403585	10.1837072	10.4408426	10.9168015	11.3153467	11.4478855	11.2653189	11.1105909	10.4470243	9.94084263	9.95606613	9.87939262	9.49820423	8.75917149	7.77937841	7.82451677	7.42666817	6.80943584	5.86983013	4.96771049	4.39446497	3.88325024	3.05872369	2.20575094	1.83807003	1.68362272	1.33760715	1.28555357	1.93193364	1.94759631	1.41786075	1.18584001	1.07273746	0.952329576	0.864982069	0.805010378	0.757384539	0.701953888	0.673008502	0.649856150	0.625885189	0.567434847	0.523440003	0.476897031	0.444543093	0.413718462	0.376356959	0.375734150	0.362182349	0.347343862	0.328173816	0.312646329	0.296235383	0.297850311	0.275230110	0.267550558	0.251477271	0.242685348	0.228762716	0.216355681	0.218915269	0.208218232	0.200944796	0.199018076
-10.0000000	0.225534946	0.211421520	0.189661697	0.157863602	0.138237119	0.129124090	0.126451433	0.128463849	0.147221282	0.178452730	0.244511291	0.340932965	0.546185553	0.793158591	1.52377498	2.61083651	3.19938040	3.74238205	4.44914436	5.03502989	5.34829378	6.00281191	6.55663157	6.98052406	7.58889008	8.21042252	8.12433529	6.56947374	5.83523321	6.45230436	6.87598038	7.04083014	7.24458599	7.18337297	6.91253042	6.92626047	6.68592787	6.47206450	6.29366732	5.36800194	4.46930552	4.22102070	3.99662709	3.82994175	3.91014719	4.21140289	4.79224777	5.56764889	6.61795092	7.16420174	7.67296171	8.07212830	8.43348217	8.49548626	8.59221458	8.73096943	9.52458477	9.93498707	10.1402807	10.3020401	10.2020769	9.93174553	9.74705315	9.82431221	10.0940847	10.2460890	10.3769417	10.2713299	10.1678352	10.1717644	9.96639729	9.89794827	10.0015993	10.2450647	10.2536106	10.2661657	10.8400955	10.9981022	10.7727480	10.6578484	10.2160101	10.0238018	9.84952068	9.43502808	8.77519226	8.35941792	7.99401188	7.49144268	7.03135824	6.66546488	6.43669367	6.43415737	6.42639208	6.34957457	6.31202221	6.35208893	6.35267210	6.26240253	6.11886358	6.12609339	6.28517914	6.37155151	6.40501976	6.46425962	6.66290140	7.00588894	7.39511919	7.53790617	7.47816324	7.18785810	7.14564657	7.31460476	7.47803354	7.69256449	7.81902170	7.29428673	7.98477745	7.90964556	7.52040958	8.87445259	8.35581112	6.04430771	7.61375475	11.4779472	9.93663025	5.60883188	6.17793179	6.69945765	8.95689964	9.89030170	10.5023785	11.2949486	12.0209274	12.3797998	12.4532747	12.6027985	12.9363260	13.4850674	14.5968218	15.4036417	16.4111347	16.1367855	15.4447727	11.7472382	12.3231258	13.6259241	13.7880840	13.3719234	10.8349600	10.5076571	9.68636799	10.1111526	12.2038755	13.1762257	14.8332739	14.9828196	15.0700626	15.3220234	15.2376909	16.6333942	15.4122238	13.2942915	13.3786774	15.2045612	16.2183323	16.5244999	16.8751793	16.7465477	16.4318810	16.3300838	16.3510494	16.0192509	15.7484207	15.5619469	15.3395844	15.1256275	15.0875540	14.5942430	14.3467159	13.9908524	13.5497313	12.9589252	12.5281019	12.0330706	11.3766594	10.8141232	10.2789354	9.77456474	9.13753128	8.49008465	7.73666382	6.99526453	6.32997084	5.73300076	5.40337276	5.00524330	4.77878284	4.49093390	4.35017872	4.10893345	3.94811440	3.67974854	3.40837693	3.17083216	3.03037429	2.96861625	3.04698682	2.94429183	2.79600477	2.64586425	2.62683296	2.53947616	2.46433902	2.31063628	2.16472030	1.95876491	1.80235004	1.67402244	1.51536393	1.36467719	1.22877431	1.35918999	1.28121483	1.19061506	1.13378394	1.06951177	1.09393203	1.06666923	1.03749192	1.01555991	0.997584462	0.945455730	0.905821204	0.906776607	0.909435570	0.883440793	0.842435360	0.809313893	0.790685296	0.779599428	0.754139543	0.713635206	0.675069094	0.646307230	0.625375390	0.605895817	0.587759733	0.566920042	0.554920554	0.551644623	0.548023701	0.535939932	0.522684693	0.503366411	0.489431500	0.480651140	0.471090227	0.481960088	0.493527621	0.493891865	0.488372386	0.474103481	0.478230476	0.460730880	0.445381194	0.468150496	0.499091029	0.528949440	0.513369381	0.522777617	0.531891406	0.513869762	0.505797088	0.466328859	0.446063787	0.420498729	0.392355382	0.346466869	0.220946372	0.104168884	6.34355992E-02	0.322995603	5.13821173	9.52708149	10.7434950	14.1876192	12.1174850	10.9742994	10.9181709	10.2094622	9.52839088	9.19479942	9.04711151	9.06431580	9.01931381	9.20855618	9.90932560	10.2816896	10.3446102	10.7213373	10.8218155	10.7305984	10.7834034	10.9283648	10.3998280	9.69486809	9.46470547	8.91769314	8.59728527	8.45314503	7.54680347	7.79277039	7.30418205	6.65011692	5.43576765	4.67893457	4.08629417	3.33950853	2.31533194	1.89520836	1.67778492	1.36498463	1.25444591	1.42967796	1.71031821	1.57100976	1.30921280	1.22812700	1.14667630	1.00791359	0.900572360	0.848900139	0.789524615	0.739921749	0.705682755	0.689172506	0.669641733	0.630300224	0.593102157	0.548670292	0.519991934	0.506363750	0.483625442	0.459162027	0.447906256	0.417845547	0.399857014	0.380233407	0.367303669	0.352490395	0.350311667	0.345690012	0.329378426	0.307732344	0.286650002	0.271823764	0.260591745	0.240243822	0.227337852	0.221165285
-11.0000000	0.256379753	0.247129902	0.230952233	0.194007590	0.171031684	0.164609998	0.151305839	0.135840237	0.158009037	0.193215594	0.274947107	0.404341221	0.726679444	1.02791524	2.28258014	3.44802117	4.18270636	4.60982132	5.00745296	5.40579224	5.48680067	5.69791222	6.29931545	7.00927067	7.40324116	7.59875822	6.76582050	6.14487839	6.54185438	7.08139801	7.02279806	6.79376316	7.16666222	7.51133728	7.32976627	7.13724422	6.93132305	6.83022785	6.78538179	6.24914026	5.59422684	4.92712259	5.12033701	5.12083387	4.87183142	4.91165924	5.25295973	5.84791994	6.62554741	7.41214848	7.95581961	7.99599171	8.22336197	8.23627949	8.58003998	8.88896656	9.29703808	9.29167461	9.46333504	9.56586838	9.44348049	9.25744343	9.21636200	9.30793476	9.48519039	9.49831009	9.56313038	9.54287148	9.57900810	9.72259045	9.49689674	9.28601551	9.35643291	9.53593540	9.60574436	9.69889832	9.88969135	10.0343237	10.0299606	10.0763979	9.73080444	9.67781830	9.38161087	8.93658543	8.34871769	7.82430649	7.43611956	6.84267187	6.33989573	5.93997002	5.69843721	5.69113731	5.69891739	5.50501728	5.42555189	5.52655411	5.63440895	5.68178082	5.60428905	5.57052946	5.56737423	5.46416044	5.46154404	5.55718184	5.64692116	5.82582760	5.93458700	5.74692535	5.60715961	5.41750765	5.19651651	5.07456112	5.01481962	5.08645535	5.09386826	5.26280975	5.59758234	5.84393406	6.17856359	7.29069567	7.17743349	6.59687138	8.17878819	8.72951984	7.78157330	6.58033943	7.12399864	8.59539890	8.56731224	9.14421749	11.4945431	11.5503588	12.4288826	12.9644451	12.4978304	13.3875961	13.7018137	13.5112514	14.0938959	14.7960176	15.8660641	17.9033890	18.3595219	16.3085728	14.5754175	14.1591825	13.8207626	13.7933636	11.4911289	12.3537960	10.9220400	10.5277004	12.7601166	13.4062891	14.1312065	14.6024895	14.4978323	14.2972441	14.8820295	15.8261003	15.6628952	14.7501364	13.9894056	14.7017841	15.3895731	15.9043264	16.1691189	16.2208118	16.2315426	16.1695366	16.0735645	16.1055145	16.0066566	15.9855156	15.8166418	15.6981411	15.7116661	15.4596224	15.1957417	15.1385231	14.7988358	14.1423435	13.6653204	13.4737701	12.8754616	12.6758270	12.0469627	11.6001625	10.8602190	10.2187014	9.49066257	8.92499638	8.22966576	7.66562700	7.07428455	6.68082619	6.42393208	6.23644972	6.00589466	5.84858894	5.52024603	5.16340208	4.73617649	4.39956331	4.16101742	3.93562698	3.77991176	3.80769062	3.68857217	3.40097475	3.31500220	3.22400379	3.11383653	2.88222098	2.68578053	2.48157716	2.25304699	2.10267210	1.95409727	1.77568913	1.64329410	1.56432605	1.50486410	1.48459327	1.38767684	1.37503946	1.32450831	1.26612711	1.23449838	1.18412352	1.13887942	1.09658659	1.05466390	1.01168644	0.969683051	0.932099640	0.890010715	0.838860512	0.789564192	0.759053469	0.739806473	0.721231937	0.697605133	0.675173521	0.667625725	0.650247753	0.638815701	0.627449751	0.614367425	0.610613286	0.592704713	0.577829480	0.576789856	0.574022174	0.578080118	0.563681543	0.546583712	0.534746170	0.525189638	0.522287309	0.521405995	0.522935987	0.531455040	0.530670941	0.534607887	0.511526227	0.517583489	0.523689866	0.500093997	0.487533599	0.476942390	0.455888897	0.442919523	0.429017007	0.424813688	0.423622787	0.421958148	0.371140599	0.263222635	0.140824810	7.02640787E-02	0.254535109	2.89392710	7.88020658	7.90289688	12.2380390	17.3142052	11.9707289	11.6004133	8.80451775	8.62277794	9.09439373	8.87917709	8.62650490	8.24459648	8.60881901	8.91447735	8.90251160	9.38029194	10.1042490	10.6606073	10.2981510	10.0909853	10.4531755	9.95761776	9.62185860	9.25217342	8.51181030	7.84714699	7.45414162	7.53134966	7.51670027	7.21536398	6.37486649	5.36389351	4.73248672	4.14233494	3.21835899	2.47472215	1.82110310	1.60924184	1.50085294	1.57358813	1.58390856	1.43210745	1.25912964	1.15714216	1.06450272	1.01633394	0.968266845	0.888973176	0.845957577	0.778386950	0.720287323	0.696284592	0.699175477	0.668643832	0.638671637	0.623846173	0.598687232	0.597379625	0.578778505	0.561651111	0.522140384	0.491827697	0.471942693	0.447960973	0.431480855	0.406845331	0.387734413	0.388860464	0.384917736	0.370459437	0.360494614	0.347032815	0.330675125	0.313411742	0.290885776	0.277197123	0.265380472
-12.0000000	0.270264238	0.252011538	0.237083763	0.210815266	0.205209360	0.182472467	0.165733203	0.156340078	0.163733050	0.209044784	0.312583715	0.496178597	0.916928589	1.61969757	3.25671506	4.72392559	4.98005342	5.10140562	5.34763098	5.65860844	5.48222780	5.83852053	6.50324583	6.68474627	6.65001297	6.23765326	6.35758924	6.53991890	7.31237268	7.54928589	7.28343391	7.07330942	7.57933331	8.06465816	7.49085522	7.07531118	7.30195618	7.19592714	7.45151186	7.51941061	6.33779526	5.20704746	6.26786089	6.76837635	5.74293232	6.05040264	6.25767612	6.72671747	7.96143770	8.21612835	7.81246853	7.85567856	8.06360054	8.18731594	8.51687336	8.90303898	8.93958092	8.70071697	8.73345089	8.79832649	8.81034279	8.48282146	8.80002022	9.06032467	9.37870884	9.34932232	9.25328541	9.11772919	9.06619072	9.11147499	9.13139153	9.01840210	9.01013660	9.06676674	9.09840965	9.19309330	9.40294552	9.28965092	9.19223309	9.08676720	8.76176071	8.61601639	8.24504471	7.99054289	7.69112682	7.42257261	7.01486778	6.45384598	5.88320494	5.39435053	5.20440817	5.19775343	5.12240982	4.93349409	4.87059832	4.99665070	5.04436493	5.07299995	5.08742428	4.99389696	4.90381289	5.01518583	5.19744682	5.21946096	5.14417553	5.10622311	5.01124382	4.81282616	4.71311235	4.54044676	4.19088650	3.95588207	3.82440090	3.78083682	3.82736468	3.98583293	4.02748442	4.33439922	4.63471985	5.10223293	5.72993994	6.21363354	6.48448086	6.82064819	7.04564047	7.07116175	7.56353331	7.87100649	8.42466164	9.38146687	11.9290609	11.8527861	12.2245131	11.5533438	10.5454216	11.0424156	11.9728231	12.4538908	13.1066332	14.0969896	15.1403790	17.0278034	18.1194839	15.2660666	13.9991837	13.7297029	13.5125084	13.3881092	12.9666891	12.9175806	11.4095030	11.8958788	12.7288952	13.2745466	13.7678604	13.9892998	13.7835493	13.8290081	14.0660496	15.0584650	15.3596621	15.2328529	15.0601625	14.6816959	14.6929827	15.2822094	15.6278715	15.5910082	15.5148716	15.6702795	15.5657063	15.7259789	15.9130831	15.8996916	15.7303572	15.6882067	15.8971167	16.3464928	15.8699169	15.4203730	15.0486908	14.6808624	14.0732775	13.7423182	13.6289511	13.4560995	13.1042337	12.7734776	12.1836300	11.2410107	10.8225126	10.4029970	9.83306217	9.28604889	8.63957214	8.20825195	7.86569405	7.65315914	7.44630766	7.19926405	6.94663715	6.63597250	6.19579363	5.67462158	5.33142519	5.15302515	4.95696068	4.74592876	4.62422323	4.46127939	4.27298117	4.07955503	3.87783623	3.64073253	3.39689517	3.11868644	2.82478619	2.61678767	2.36625338	2.09946609	1.96522069	1.90281880	1.82726407	1.78006601	1.68998981	1.63402045	1.56144166	1.50536072	1.43055940	1.36031830	1.27125001	1.15500462	1.09747374	1.07177615	1.04131663	0.984318435	0.919534385	0.891058326	0.870669901	0.854912162	0.852617562	0.846537888	0.813096702	0.795947790	0.779001057	0.753313661	0.730380237	0.707770109	0.695709348	0.685774088	0.661667764	0.639193714	0.627615392	0.620282888	0.610035777	0.603076279	0.611618400	0.610243917	0.602982759	0.604336321	0.588743269	0.575544178	0.570880771	0.559221089	0.536230862	0.525070131	0.521971226	0.513105810	0.505427063	0.502318799	0.494583845	0.486851007	0.481611580	0.478449345	0.477026641	0.468853205	0.442031056	0.384927839	0.303226560	0.187807694	8.69083181E-02	7.56892785E-02	0.310738325	2.45933723	8.14808941	8.73309326	14.6862030	15.1670847	13.3031082	10.1992044	9.44098663	9.27839756	8.77722454	8.56987858	7.99129534	7.95149994	8.65681648	8.95838833	9.33380508	9.95437145	10.1969833	10.0663300	10.3755474	10.1284199	9.67216015	9.53283119	9.40642643	8.91644764	8.11455059	7.53851843	7.75217009	8.07589817	7.24565411	6.31588936	5.33778238	4.93135500	4.56591415	3.65437412	2.48354912	2.12376618	1.81716549	1.81820309	1.78908265	1.53211820	1.24737418	1.09086192	0.964507639	0.909845293	0.887821198	0.835271239	0.809007823	0.786046267	0.744751453	0.725923419	0.700245321	0.695947707	0.661458969	0.631062746	0.608692288	0.598828375	0.557311654	0.551414132	0.527620316	0.515918136	0.508341610	0.502549887	0.493545622	0.474352568	0.454109758	0.435797274	0.429719031	0.418155104	0.400893837	0.390480459	0.372000247	0.361865491	0.356883168	0.340883285	0.319959372	0.292217046
-13.0000000	0.268524706	0.243496791	0.215717748	0.196964651	0.192793667	0.180732965	0.168401524	0.165018976	0.174395517	0.207732230	0.304441929	0.545976043	1.06390584	2.42771196	4.13676357	4.97843504	5.18743467	5.15392685	5.26837111	5.42370749	5.48627853	5.67145777	6.54018831	6.45256758	6.19864845	6.39908791	6.55447102	7.00475597	7.46375942	7.42507839	7.36623526	7.90445852	8.00744152	7.80097628	7.63933945	7.17929649	7.23889542	7.41937065	7.32942772	7.28246784	6.40092468	6.26001501	7.45580387	8.11033821	8.36452961	8.61557102	8.89102173	10.7705679	12.2470274	10.4026213	7.05606222	7.56189156	8.13592625	8.25704384	8.27394485	8.46454811	8.45549774	8.22947788	8.25163746	8.21592236	7.97463655	7.83737278	8.30434990	8.53491592	8.70898438	8.56816769	8.61393738	8.56643009	8.38196659	8.16059971	8.03011513	8.22836781	8.30487442	8.49957466	8.70176697	8.82620621	8.78450775	8.55475807	8.33540440	8.13090706	7.87401962	7.61559725	7.25164700	7.16622353	7.20322943	7.07454443	6.57252312	6.08416033	5.58937693	5.12072277	4.63985395	4.56618786	4.52904510	4.50044250	4.46495724	4.49224854	4.37215614	4.22699404	4.19330311	4.14795971	4.18640804	4.19432354	4.31423950	4.38926840	4.40416574	4.29155636	4.13040209	3.93490362	3.72854137	3.52066326	3.29447222	3.15149188	3.02052116	2.95422053	3.03967214	3.14309597	3.24411058	3.49751568	3.88178658	4.49438906	5.05970335	5.57050610	6.06779718	6.48106766	7.00742483	7.43804789	7.92324543	8.09048080	8.92713451	10.0035057	11.6852827	11.5595217	10.9167147	10.3368464	8.48484993	9.29218674	10.1157846	10.4089279	12.3670359	13.3817616	14.3287687	16.0390148	17.0491371	14.4744072	12.5732956	13.1841154	13.2329922	13.1354990	13.2157059	12.5821581	12.1894646	12.0552731	12.1807985	12.5311060	12.7680187	12.7819223	12.7191458	13.0166950	13.2698317	13.7232809	14.1881905	14.4308939	14.5587273	14.6367092	14.6178179	14.8227854	15.3121548	15.6265316	15.1064415	14.7423515	14.8159142	14.9728785	15.1857967	15.2557964	15.0952406	15.0420341	15.3434525	15.6763372	15.5709763	15.1995964	14.5880117	14.0887194	14.0910282	14.3642492	14.2651176	13.7618036	13.7153502	13.9524937	13.0932989	12.3916712	11.9194231	11.6758022	11.1474495	10.6005831	10.0676727	9.60804653	9.18271637	8.91337490	8.58793736	8.29851437	8.08580112	7.88197565	7.30539465	6.76593304	6.53679276	6.38777351	6.04664230	5.74533367	5.50386858	5.29575777	5.06750202	4.89817572	4.65646219	4.39811134	4.10173559	3.79521084	3.57760525	3.30922794	3.00612617	2.66532898	2.46857548	2.39774728	2.27297521	2.08272386	2.07979107	2.07098722	2.03799677	1.91620660	1.74583793	1.62708330	1.51886666	1.41655385	1.32859516	1.26340413	1.23001349	1.18699348	1.13689005	1.09152424	1.04567254	1.01621449	0.986706674	0.941412270	0.884476781	0.844339669	0.807050824	0.789721251	0.783104420	0.778795958	0.752831995	0.741661966	0.719701111	0.688332975	0.660713732	0.656722844	0.654704630	0.643301249	0.635338068	0.626652718	0.617485702	0.622889996	0.612905741	0.601087689	0.594793439	0.587990165	0.585999370	0.578593433	0.560423493	0.544403493	0.539269149	0.539093494	0.532552302	0.528582275	0.516605794	0.508738995	0.505764723	0.505678356	0.469450086	0.393876016	0.329054415	0.243275046	0.131017685	6.03180081E-02	6.39540032E-02	0.556871057	5.87654352	7.48372078	8.93289852	10.8506165	10.8385525	13.6865273	15.7597332	12.7753172	9.09354877	7.84389973	7.98389959	7.82998562	8.16082287	8.82526493	8.55028152	8.99059677	9.25032902	9.04122353	9.13043785	9.09798908	9.15029335	9.45533848	9.76734734	9.06138897	7.86483526	7.73909330	8.50408745	8.24770641	7.74137926	6.63566828	5.42229652	5.00374174	4.46852303	3.66991901	2.67288542	2.31996536	2.26328254	2.37815499	2.06619835	1.58273053	1.27490187	1.12706351	0.982674658	0.915568531	0.848028243	0.784641564	0.761162460	0.715532422	0.714357376	0.700151801	0.704164326	0.699228704	0.678443730	0.654918492	0.607612371	0.584920764	0.576727211	0.561117589	0.534465432	0.530911446	0.518880248	0.516072273	0.509389937	0.502107799	0.493808419	0.479769081	0.464495033	0.456710398	0.437766463	0.419587880	0.410798162	0.382612318	0.371864170	0.353400499	0.326388955	0.297569513
-14.0000000	0.272117525	0.246460319	0.223816320	0.192176640	0.176040724	0.170812786	0.156319916	0.147741839	0.147090241	0.183844790	0.281013131	0.536817610	1.26360440	2.99024367	4.43652105	4.85988808	4.98453903	5.12171936	5.17322826	5.21567917	5.31965876	5.47537088	6.13111973	6.51943111	6.71440887	6.77186394	6.97379017	7.10710096	7.26121473	7.02339220	7.38479948	7.62672615	7.47802114	7.19652224	7.09765482	7.02156925	6.76322317	6.63729382	6.81833124	7.11926174	7.36783648	6.00852585	8.17609501	9.33515453	10.2183561	10.9108381	12.0448856	14.3392344	14.8620853	11.5033560	8.39841652	8.02052784	8.25273418	7.82871532	7.57663107	7.56387091	7.69555187	7.66392946	7.59958792	7.51674318	7.44141006	7.51978588	7.73890543	7.64260864	7.37871361	7.16311216	7.35036325	7.29897118	7.34745836	7.22290564	7.61451483	7.47279358	7.28748894	7.53646040	7.65798140	7.69304705	7.69948006	7.52890444	7.38140583	7.13165569	6.92095947	6.78389215	6.49062061	6.26242352	6.25537062	6.25038576	5.90899038	5.57187986	5.25740051	4.83908176	4.50325060	4.31383276	4.17418575	4.00525904	3.77691483	3.70207500	3.50587773	3.31669736	3.26075840	3.21279478	3.16706061	3.16293955	3.35859752	3.47075629	3.43406367	3.30860019	3.18319631	3.05719256	2.87429953	2.67010427	2.52217674	2.47483015	2.45550036	2.42241359	2.46007824	2.57689071	2.67295170	2.92280293	3.31792569	3.96276689	4.53297377	5.18151569	5.75063705	6.26100969	7.22529745	8.00170803	8.42946720	8.11267662	8.17289162	9.37245274	10.1948042	9.37169075	8.70045567	7.75955629	7.59100628	7.92909241	8.86283398	10.3169165	11.4937029	12.4672213	13.1144066	14.0727949	14.7496843	12.3893642	11.3115330	12.3128366	12.6115065	12.6111097	12.2326212	12.1176434	11.9815331	12.0495844	11.6762304	11.4955301	11.4778423	11.3207006	11.7684946	12.0920877	12.4234495	12.5527897	12.7813015	13.2136507	13.6330900	14.0725231	14.1202593	14.3190680	15.0551748	15.2457275	14.5830536	14.2290354	14.0667410	14.2858744	14.0817528	14.1089354	14.1894732	14.2258081	14.4646597	14.7343817	14.6067724	14.4908533	14.2660398	14.1393061	14.2695303	14.2764139	14.2962275	13.8183002	13.4595451	13.0743103	12.7108831	12.4207973	12.7357492	12.5272150	11.9304018	11.4913378	11.0966425	10.6862850	10.3261271	9.89898205	9.35212803	9.05940151	9.10813141	8.92483044	8.42897701	7.89823484	7.51445913	7.25975513	6.99103069	6.70892811	6.49153328	6.16341352	5.80969477	5.47483683	5.29700422	5.16886711	4.98460054	4.66334295	4.27280951	4.03811741	3.73304653	3.45086002	3.13581467	2.94966507	2.71095967	2.56900907	2.44662261	2.39209127	2.31733084	2.11387467	1.94683099	1.87522995	1.78656256	1.67262769	1.54137158	1.42956638	1.37837160	1.32518947	1.24444008	1.17002892	1.11634278	1.07845783	1.03826582	1.00361729	1.00055957	0.970830739	0.955640912	0.948756278	0.914316475	0.890672326	0.852245986	0.816901863	0.800994992	0.777304769	0.751497865	0.734065235	0.718914986	0.711635053	0.688490629	0.664577961	0.650332749	0.645229459	0.644221485	0.634017646	0.608369052	0.579106092	0.565622628	0.566930890	0.564469159	0.559468150	0.551509202	0.542709291	0.535477698	0.541397512	0.532733738	0.516744018	0.499705911	0.474605262	0.479588389	0.453111857	0.363365978	0.287898481	0.193852797	0.103139289	7.21461624E-02	0.241669461	1.69479001	4.47907972	7.93624592	7.94112587	8.22684765	9.29454517	11.7571383	15.1708069	13.1531105	10.2396250	9.46001434	8.37064266	8.11787510	8.64430904	8.56274223	8.59995556	8.35894775	7.62201357	7.52919149	7.85734320	9.01291275	9.19246578	8.84105301	8.81664658	8.28739738	8.29352570	8.54284573	8.01870346	7.43230391	6.20657158	5.39815664	5.09072828	4.52575731	3.77164578	2.84690309	2.39529872	2.75110841	2.95312309	2.36799073	1.77542496	1.48718810	1.32157159	1.12898731	1.00309968	0.928076327	0.874975026	0.847733796	0.835971117	0.794402659	0.749121845	0.721586168	0.706739783	0.684612691	0.659309030	0.640165746	0.627018452	0.623719454	0.618154526	0.600333095	0.589584231	0.592294335	0.578949153	0.580935597	0.567352116	0.552659750	0.533247113	0.513947546	0.496545106	0.484914273	0.465059549	0.449166954	0.423086405	0.392533928	0.359133840	0.336535215	0.305552870
-15.0000000	0.275420874	0.238035589	0.216040298	0.188920096	0.166526631	0.155651763	0.136992961	0.132109910	0.118383124	0.145521358	0.222149521	0.388240576	0.738782704	2.96432352	4.19901752	4.63926888	4.92974949	4.75961685	4.79831600	4.92196083	4.96265316	5.26754475	5.88639498	6.08168840	5.96911955	6.17035675	6.33805847	6.58726740	6.61539841	6.21271753	6.32029009	6.31747150	5.82158899	6.47787571	6.64680767	6.59572887	6.60458469	6.62089586	6.52136421	7.22280979	7.29383850	6.47377396	8.35019588	9.87127209	11.1579037	12.3721905	13.6227379	14.5341034	13.2425547	11.1365442	9.81657600	8.81152534	8.10129738	7.29554558	6.81139708	6.64564180	6.75605536	6.89474154	6.94672251	6.79645491	6.77689266	7.07662964	7.11384678	6.77080536	6.37322140	6.23986483	6.21893263	6.18841553	6.49860668	6.70378351	6.96105242	6.65756702	6.41622305	6.48020458	6.26799965	6.22243071	6.18561411	6.08243275	5.97494650	5.78596163	5.69881439	5.66648817	5.53365946	5.28586006	5.16343880	5.14078093	4.96531248	4.76642323	4.52117538	4.11897326	3.77905607	3.51398802	3.38470483	3.16283536	2.98653412	2.82832575	2.76694059	2.59158826	2.40208554	2.31663322	2.18475366	2.13015532	2.30276370	2.46153259	2.47921991	2.47328043	2.40644288	2.24981785	2.16964221	2.12832284	2.03482151	1.96468496	1.93597198	1.94187880	2.00163960	2.07461309	2.25196695	2.52649665	2.92933750	3.45357537	4.00589085	4.74770927	5.26227522	6.17328882	7.45229721	7.94736528	7.76173592	7.33799696	7.19131517	7.79874659	7.93720341	7.83312845	7.41111135	7.15207195	7.33749533	7.82513714	8.67258644	9.84005928	10.9720259	11.2651014	11.8203087	12.1779289	12.0620642	11.1405420	10.3939476	10.9409523	11.6686468	11.4725504	11.1174107	11.0188656	11.0176849	10.9049606	10.7178326	10.5118284	10.6301374	10.6630192	10.7058830	11.0253973	11.2588148	11.5572176	11.9390049	12.2652388	12.6185369	12.7216682	12.8819885	13.2631235	13.9650440	14.2642365	13.1848574	13.5899668	13.3408232	13.2327604	13.1664810	13.2129278	13.3949203	13.5874214	13.6349659	13.8003511	13.9678240	14.0991945	13.8970976	13.9724121	14.2813988	14.0388889	13.7589359	13.5127583	13.3490496	13.0502882	12.4478064	12.4534435	12.7013102	12.4810600	12.1548786	12.0484400	11.7187405	11.2535219	10.8727226	10.4002266	9.91067791	9.75604248	9.45194435	9.23837757	9.15054321	8.73287487	8.41345215	8.15332699	7.78960562	7.67747784	7.35006571	6.97205639	6.72596407	6.32772827	6.06671667	5.73149014	5.37483358	5.13265800	5.05423737	4.73514652	4.39159298	4.10266685	3.81408978	3.47244215	3.23712254	3.08760977	2.90968347	2.75235486	2.59260559	2.27190304	2.04475331	1.92887509	1.77460337	1.63001752	1.52478206	1.44512355	1.37447798	1.27696311	1.19789493	1.14301085	1.09509552	1.06575477	1.05064845	1.04039431	1.06170416	1.02649319	0.990352809	0.942304313	0.914453268	0.911522925	0.893796444	0.867150724	0.856085062	0.842126429	0.826717615	0.806819081	0.788077414	0.768064260	0.749663174	0.733719587	0.718423963	0.701490879	0.689796686	0.675947547	0.649711430	0.626600206	0.610790431	0.596214712	0.578592062	0.564424515	0.552859962	0.530539930	0.501144469	0.463803142	0.437922746	0.439850867	0.440678895	0.429584384	0.432087868	0.409969449	0.364435196	0.304650694	0.231989041	0.148483455	8.70789587E-02	9.39794406E-02	0.259430408	1.53525019	5.53433084	7.35861826	7.98249435	8.09595299	9.01524067	11.4681282	14.9082403	14.1816664	10.7171955	7.75247431	8.19487286	8.66389179	8.23969650	7.57916689	7.17621708	6.46538115	7.07821417	7.96829414	8.88372993	9.28331375	8.95730019	8.22836685	8.31381130	8.63252163	8.71449566	7.83026648	7.00858879	6.19498158	5.88394928	5.45025969	5.04186344	4.31033039	3.33216357	2.96316004	3.04325652	3.01752710	2.44311547	1.93267560	1.66723406	1.47029972	1.28715622	1.15775204	1.07164872	1.00511491	0.958669186	0.893445134	0.822392583	0.762167573	0.741461813	0.729099333	0.709171236	0.687934101	0.683398783	0.673130214	0.677456617	0.675626397	0.685072780	0.682139575	0.678433716	0.670206904	0.643256664	0.629429042	0.620261252	0.605078638	0.563369751	0.540812910	0.525328577	0.507334292	0.483048737	0.451103777	0.408629507	0.373258799	0.339728385	0.303899020
-16.0000000	0.264878631	0.223110005	0.195989028	0.174219102	0.147435829	0.125539929	0.111109689	0.108123839	0.108220316	9.64015126E-02	0.149345279	0.302680045	1.01505601	2.80882668	3.90702462	4.42102385	4.67749786	4.74836826	4.81362295	4.89370966	4.86535740	5.23678303	5.61575031	5.52387381	5.43232059	5.56938553	5.70815611	5.93290806	5.87587881	5.67591000	5.77378798	5.85817242	5.39155293	5.38002920	6.41690254	6.68664312	7.10897541	7.69043779	7.68202305	8.43518066	7.28805542	7.60181046	9.08050251	11.1031685	12.1957121	13.0262747	13.1310673	14.1664629	11.6197805	10.2238884	10.0192528	9.14609051	8.11122894	7.24271965	6.61661053	6.32885933	6.36673355	6.37815523	6.37510586	6.27286768	6.07394457	6.14984322	6.00263548	5.64530468	5.28280640	5.20033264	5.23962402	5.26034641	5.52227831	5.85944223	6.00795031	5.82956314	5.59907103	5.41671991	5.06341219	4.90969849	4.86259127	4.61406803	4.49152899	4.42359114	4.46604443	4.43831348	4.37818098	4.27635098	4.21827698	4.16360140	4.05896759	3.91460085	3.63563299	3.19954920	2.83203411	2.61405277	2.50922585	2.35130334	2.22061539	2.09825301	2.00736642	1.91043496	1.79409456	1.74875903	1.64429069	1.57873178	1.62077546	1.69036639	1.74215674	1.78762186	1.77435291	1.71308160	1.65345609	1.60372162	1.59196484	1.61157811	1.59418738	1.54649377	1.51904166	1.57944441	1.84493101	2.16043282	2.64617777	3.09706283	3.56116509	4.22187090	5.12626886	6.11358213	7.21402073	7.14886379	6.52629900	6.32658720	6.20623446	6.53964520	6.82434559	6.73969889	6.97109509	6.76085377	6.96564388	7.26815462	7.45984077	8.07365990	8.75534630	10.0249548	10.2360964	10.2026320	10.1824923	9.93173981	9.83266163	9.77472210	10.2916241	10.1470995	9.69259071	9.67057800	9.61648083	9.50638485	9.29100609	9.44383621	9.62050533	9.78226852	9.61208344	9.85454178	10.0717068	10.3384399	10.8304577	11.0889101	11.2667837	11.4527464	11.5201054	11.9217501	11.9293127	12.2782211	12.0994015	12.5904169	12.6083584	12.5212402	12.3073235	12.4108438	12.5516396	12.8065014	12.9999123	12.8669348	13.9121780	13.8806505	13.6062603	13.0636587	12.7871389	13.2734241	13.8213148	13.1922388	12.8993483	12.9486046	12.5426464	12.7111340	12.6145010	12.5463142	12.5210762	12.4408283	12.0321045	11.7377329	11.0246744	10.6288500	10.3995953	10.1936903	10.0850220	9.70490074	9.32683754	9.13460732	8.97977161	8.74086761	8.59492874	8.41152096	7.97783995	7.51187229	7.27285957	7.22231102	6.77318335	6.42888069	5.88923025	5.62072515	5.51788092	5.30453205	4.85763931	4.51255322	4.31349325	3.94766355	3.77873015	3.64844298	3.57382321	3.27110219	3.02429223	2.71405935	2.40980530	2.17945957	2.05510759	1.89554417	1.68241549	1.51194823	1.36325312	1.24901927	1.19669402	1.14928567	1.14858365	1.14048076	1.09688532	1.01998377	1.00742042	0.996324420	0.963041782	0.927802801	0.915188432	0.893615782	0.880507350	0.860654175	0.855863988	0.855298042	0.859102547	0.842936397	0.815106988	0.780230820	0.741924644	0.716832042	0.705852687	0.700327456	0.699437499	0.696396232	0.673234522	0.652791023	0.638671696	0.614212573	0.584280729	0.570851326	0.553949237	0.536555529	0.505072773	0.454915404	0.416399062	0.390597850	0.380444407	0.361739516	0.339486480	0.333548635	0.324889928	0.297985673	0.273888707	0.234463692	0.139438793	7.40865543E-02	6.48655221E-02	0.111655444	0.453542352	2.81516623	4.97194386	6.93043995	9.04981232	9.31761360	11.6064215	13.6396513	12.5572424	8.61863804	7.73181486	7.50109100	7.15434170	6.66602182	6.42625952	6.87379885	7.65730715	8.26565266	8.57493973	8.79257393	8.82420540	8.62558365	9.04661083	9.30928802	8.12892723	7.33035135	6.75106812	6.61473417	6.46786070	6.19298124	5.64924526	4.56733322	3.62609482	3.25607419	3.26542115	3.04108930	2.44916916	2.07586455	1.80640352	1.67360175	1.43938220	1.31768787	1.22515059	1.09502208	0.980453551	0.857622981	0.847661734	0.812687099	0.802902222	0.809648633	0.789638400	0.778149307	0.763455570	0.742333710	0.736495852	0.735711813	0.730473816	0.712491155	0.696335793	0.676674724	0.672551930	0.646232426	0.635863662	0.616103292	0.599086761	0.589510858	0.562119842	0.531143308	0.507473290	0.471526563	0.430243224	0.390155733	0.352255672	0.300679952
-17.0000000	0.273816705	0.227872804	0.194691598	0.165362403	0.135882720	0.113045044	9.19404030E-02	8.01518410E-02	8.22369605E-02	7.48411268E-02	9.22348797E-02	0.147281036	1.14104736	2.97782922	3.84781981	4.27153206	4.71264219	4.88313723	4.92683172	5.04029989	4.91356516	5.06704617	5.16708803	5.14664698	4.80999613	5.01312256	5.16905737	5.27304268	4.96358585	5.55015945	5.84672165	5.58053160	5.24986839	5.24901295	5.80178785	6.29838228	7.37806320	8.09604931	7.88630295	7.62983513	7.60559320	8.14826488	9.41580200	11.3320694	11.9239359	12.8348427	13.1038876	12.1674719	10.5883150	10.3826923	10.7362461	9.03038025	7.80862331	7.12006044	6.78868771	6.35975695	6.06606770	5.97340345	5.95254755	5.81211567	5.52607155	5.37878132	4.93414688	4.69116020	4.47731876	4.22906685	4.41138506	4.57890987	4.67572880	4.76064682	4.75768471	4.74399948	4.64481926	4.38789320	4.00281811	3.76467919	3.69583082	3.54048491	3.34875894	3.35414529	3.37226009	3.33804178	3.37152433	3.40511680	3.38446736	3.38298535	3.35809231	3.19954300	2.84852505	2.37477160	1.98435092	1.78712642	1.74412012	1.70807254	1.59438467	1.49587560	1.43618679	1.38781083	1.34669733	1.31353855	1.27310622	1.22687280	1.21955609	1.21472645	1.17618990	1.16976750	1.13952017	1.10907137	1.14065135	1.17310750	1.24513137	1.40565658	1.49210644	1.42533302	1.36318040	1.44255888	1.69292307	1.95778358	2.49815464	2.85400629	3.10363960	3.72405767	4.71082544	5.59151411	5.78180599	5.83330345	5.39001513	5.23160505	5.43070841	5.40994835	5.73013926	5.90606642	5.94153309	5.82787466	6.02431297	6.13972425	6.27198029	6.56281853	7.02820206	8.30497742	8.89915085	8.73070717	8.82905388	8.77826118	8.28226376	8.14521503	9.04635525	9.46099949	8.66719151	8.33245945	8.31727886	8.33163071	8.35513496	8.30794144	8.34063339	8.47947598	8.54951954	8.58531857	8.81967068	8.95198631	9.19820404	9.54531860	9.76976871	10.1383944	10.4878874	10.7634821	11.0098295	11.0899048	10.9088669	11.5361185	11.4950876	11.6349363	11.7043018	11.5729361	11.3541479	11.5365057	11.8346481	12.2198114	13.1110010	12.9081736	11.4459181	11.7005701	11.9141922	12.1086216	12.4319420	11.9280663	11.7609110	11.7085648	11.7049065	12.1819096	12.8347082	12.7055807	12.2267675	12.0282564	11.8335295	11.5778475	11.2253370	10.5471592	10.1606760	10.0572147	9.99848747	9.85595512	9.60458946	9.31926060	8.92667294	8.76175022	8.65288830	8.55549145	8.15845394	7.78943872	7.74940157	7.98453665	7.36158371	7.02824640	6.66625166	6.14347982	6.03602982	5.79572725	5.38748789	4.91449738	4.49936676	4.15000677	4.06032991	3.87388587	3.77198267	3.64367867	3.32764626	3.00235319	2.78667712	2.55086493	2.32928944	2.15139174	1.99386513	1.84846330	1.70466840	1.56573653	1.44291317	1.35598099	1.23078895	1.13971603	1.06421769	1.02855539	1.03102624	0.961090624	0.920374513	0.874387443	0.872609735	0.859038472	0.882416904	0.889174104	0.884494841	0.873805642	0.858860672	0.848334253	0.839289665	0.820631504	0.795914650	0.766306162	0.737137437	0.709829330	0.710070491	0.712746024	0.686099529	0.666174233	0.657276511	0.638982713	0.611660898	0.578458846	0.554411530	0.520863116	0.482721835	0.451069891	0.420364827	0.388352185	0.356617421	0.331086248	0.320093989	0.299914539	0.279984951	0.262771189	0.258206427	0.231537595	0.179004237	0.123091199	8.16271231E-02	6.08299226E-02	0.160493031	0.261345595	0.856785655	3.21000838	7.07397652	6.78146362	6.49505472	7.84062195	11.2996597	13.1604443	8.79792023	6.66449833	5.94089413	6.06044006	6.08234739	6.70053434	7.20392990	7.26691914	7.64356089	8.74221039	9.15557289	9.07576752	8.52131271	8.14361572	7.93863678	7.54783821	7.38021088	7.34497690	7.36002588	7.05368614	6.06994390	5.11771870	4.40061283	3.98888493	3.69634700	3.06970525	2.42211008	2.17638350	1.96287549	1.71875095	1.54271090	1.41908693	1.28410625	1.14162409	1.02389324	0.931043506	0.915670097	0.878939986	0.874074221	0.863942444	0.854818583	0.856841147	0.831786513	0.817331016	0.802338481	0.785226226	0.762564182	0.738088489	0.707118452	0.698369086	0.676512718	0.657066226	0.640380323	0.621204436	0.608461916	0.592758000	0.572397768	0.551175117	0.525552511	0.486467302	0.451461554	0.410272568	0.371119708	0.329505831
-18.0000000	0.292060107	0.246350899	0.206542090	0.170246869	0.135933831	0.111131288	9.06825662E-02	7.50052854E-02	5.97743988E-02	5.68504781E-02	7.55596831E-02	0.159842893	0.702120960	2.64758086	3.54043293	3.93100858	4.33421898	4.85196829	5.10997248	5.25736856	5.09382677	4.97910261	5.12679052	4.95162868	4.68697166	4.30610800	4.63575888	4.75417233	5.13762283	5.49195719	5.28383112	4.80434990	4.68019342	5.23606014	5.55132294	5.71354389	6.57856750	7.87773085	7.48677874	7.41536713	7.28466845	7.91654062	9.19142628	10.4455557	10.8121281	11.9209900	11.5241308	9.57912922	9.79574108	10.7558012	10.3338175	8.53884506	7.18971300	6.71657467	6.54134130	6.25958347	5.88620901	5.78694820	5.80851269	5.54907990	5.19406414	4.88972521	4.61920452	4.39070225	4.20283270	4.02845860	4.01398945	4.19618177	4.18525314	4.09019232	4.03936481	3.99484944	3.79334641	3.58301353	3.35289812	3.12363076	2.97688532	2.76737833	2.59887385	2.61741400	2.57920575	2.58111000	2.66148210	2.70816278	2.73780203	2.71914387	2.66441965	2.49541831	2.20039558	1.85098672	1.57334602	1.40463006	1.29895568	1.21959865	1.14189768	1.11268580	1.10200250	1.06469071	1.00820673	0.998089194	0.961616099	0.950613916	0.942964613	0.903810203	0.847996533	0.762680888	0.723937690	0.744931459	0.795694351	0.889424682	1.03609586	1.16066444	1.22009838	1.21642339	1.19031608	1.31573820	1.51328099	1.77057505	2.18694162	2.61889410	3.07618999	3.50441933	3.94377828	5.18794632	5.20464802	5.03530073	4.63921690	4.58062220	4.67809486	4.60563135	4.78814220	5.09631205	5.08243227	4.92793322	4.96938992	5.23794556	5.37571049	5.45899630	5.97098541	6.72727442	7.04752493	7.06306028	7.63369131	7.65429115	7.09060526	6.72952414	8.65432549	9.23066425	8.05473518	7.52374506	7.26305485	7.29810190	7.27512407	7.11474371	7.19365215	7.21781540	7.46110773	7.66242409	7.78552055	7.97827053	8.29927921	8.79876423	9.04837322	9.13473225	9.32339954	9.47204590	9.60526180	9.83163548	9.94482327	10.4688616	10.4671211	10.3275394	10.4690170	10.2392483	10.0418034	10.1306820	10.5288115	11.0909796	11.6155767	10.9990587	10.1967859	10.4543467	10.7501240	10.6513538	10.6786718	10.6240282	10.5452099	10.6634684	10.5936165	10.8692656	11.5620594	11.7970915	11.6696615	11.3038263	10.9361134	10.9026127	10.6222391	10.1079578	9.57175350	9.48109531	9.43964863	9.26707077	9.35412121	9.28997040	9.05578423	8.97843170	8.88073349	8.70289040	8.49812603	8.11911964	7.47656155	7.54891872	7.54985428	7.35785437	7.18216228	6.60919380	6.26850271	6.01385736	5.91955233	5.81343555	5.16181755	4.72362947	4.43271542	4.33150291	4.09224272	3.76815867	3.51015258	3.27219129	3.11640048	2.99423671	2.80086684	2.57597852	2.39946771	2.25566578	2.13102508	2.00770760	1.84513044	1.68793631	1.51634014	1.36321342	1.23011780	1.09553683	1.05470490	1.02339852	1.00793445	0.934595287	0.917873323	0.893696368	0.902167201	0.894883692	0.889508128	0.879219353	0.857069314	0.846225321	0.837804317	0.812442958	0.791963279	0.787877321	0.767906666	0.741044164	0.736026466	0.735395789	0.721912265	0.687345088	0.652583480	0.633134961	0.613996565	0.584660888	0.552393377	0.520907760	0.487764001	0.445237935	0.401305676	0.364729673	0.334971368	0.299182326	0.267444730	0.237980157	0.216424078	0.207765371	0.198240489	0.172801435	0.156417117	0.140775114	0.131554797	0.114822008	5.92603199E-02	3.18823196E-02	9.37115997E-02	0.756949663	3.98368812	5.93487978	5.90131855	5.77716398	7.28272009	8.55912781	8.28889275	6.46338224	5.82405186	5.88576078	5.51691866	5.99615049	5.99825621	6.52571201	7.52151299	8.28042984	8.20974922	7.71881199	7.77096319	8.21123695	8.51607704	8.30029297	8.29498196	8.74285603	7.92851400	6.96394730	6.09505510	5.46030807	5.02991676	4.62341309	4.14711571	3.05195332	2.52002740	2.36468959	2.14465594	1.88152933	1.68072546	1.48241234	1.38447368	1.25750446	1.13469052	1.06110728	0.984087348	0.954812884	0.949071705	0.924712539	0.889646471	0.863911390	0.847293079	0.830028236	0.831736803	0.786589980	0.754813433	0.720730126	0.708305061	0.692638516	0.659572542	0.649692714	0.638605416	0.622272253	0.600237370	0.583055973	0.556012094	0.539249003	0.517563403	0.484999210	0.451624334	0.418374717	0.373055756	0.337685764
-19.0000000	0.292926967	0.250735670	0.209377438	0.176346719	0.146486178	0.109647363	9.00115222E-02	7.49339983E-02	6.11164831E-02	5.19357622E-02	5.51318377E-02	9.04428065E-02	0.182600647	1.31553507	2.93545794	3.60528779	4.19566488	4.97055960	5.12820435	5.18387079	4.99857569	4.82815456	4.61844015	4.50623560	4.40313959	4.12390995	4.19355011	4.63060284	4.78167725	4.84388781	4.57990408	4.33192253	4.42592859	5.35287046	6.09013271	5.80087233	6.92566013	7.14838028	6.51973772	5.96174097	6.11320257	7.05502605	8.35682964	9.42411137	9.39846420	10.0267153	10.1287556	8.26746750	10.7059441	11.4555044	9.78093719	7.90788412	6.74931860	6.52247286	6.45421171	6.04278612	5.78250265	5.49762869	5.49899817	5.18535566	4.93151188	4.70870209	4.43285131	4.28479528	4.10959291	3.95089340	3.87457561	3.84454870	3.78731060	3.71687889	3.67991900	3.51708817	3.13495541	2.87222409	2.71772575	2.50419593	2.34198785	2.23699164	2.14534855	2.11753225	2.11173534	2.16844201	2.24655890	2.18741274	2.15198946	2.10813546	2.05097604	1.94269538	1.72425306	1.48996651	1.32660437	1.18192029	1.05533719	0.965596318	0.885011077	0.856746733	0.842748463	0.830038309	0.801982820	0.773786902	0.784171402	0.797067344	0.754998446	0.681281984	0.618343234	0.573144495	0.568629384	0.580803812	0.622176528	0.700203538	0.856273651	0.992530107	0.997321665	0.990942478	1.05862594	1.13380992	1.28221989	1.53288281	1.85434842	2.28100681	2.76775646	3.13340974	3.96297431	4.62453604	4.63370419	4.54055071	4.27702379	4.17758274	4.21751881	4.06865835	4.10217667	4.14847374	4.29721451	4.29019117	4.30339479	4.66051531	4.52355576	4.52667809	4.79438496	5.46833229	6.00104475	6.22144508	6.47573328	6.36519623	5.85750008	6.24139595	7.20051479	7.57108879	6.71880960	6.66781235	6.46134615	6.33771372	6.35583878	6.35982895	6.33035707	6.27210808	6.27523661	6.70330048	7.13110304	7.35874605	7.61727190	8.14771271	8.43023586	8.30475712	8.43640709	8.32493782	8.43530655	8.74365520	8.88648224	9.57378769	9.46487522	9.06965828	9.05904484	8.91161633	8.78766918	8.85441017	8.89918995	8.83344078	9.49394226	9.45759106	9.50808620	9.54749012	9.56419086	9.47989750	9.63229275	9.69089508	9.51675034	9.42590904	9.27261639	9.52466297	10.0491467	10.1658297	10.3094578	10.2714052	10.1836138	10.0613642	9.87085438	9.67864323	9.33471394	9.16366291	9.26427650	9.13005257	8.72203159	8.76664257	8.95795727	8.99106789	8.90647411	8.72043705	8.34317684	8.23760605	7.88354921	7.75567818	7.67972851	7.52584839	7.08841896	6.69818592	6.37709808	6.25757980	6.16112614	6.01910925	5.82923412	5.60891962	5.23085976	4.98789072	4.64388895	4.31889820	4.11852407	3.81374502	3.56706285	3.40011048	3.24800634	3.03843236	2.84642220	2.71799111	2.61015630	2.48829269	2.35292697	2.20021701	1.99180377	1.77084363	1.61386335	1.40294456	1.31626153	1.20869207	1.14777720	1.07339978	1.05403531	1.03132951	1.00178349	0.972039521	0.951660037	0.925533414	0.911826015	0.918720722	0.908797741	0.885514319	0.843157411	0.805109799	0.763990521	0.740952015	0.733845592	0.724061549	0.705597162	0.680850685	0.659121871	0.631900787	0.595879197	0.565329611	0.538135886	0.509608090	0.474135101	0.443769872	0.398226231	0.352833122	0.317738891	0.286009908	0.255555362	0.220749110	0.195413023	0.185164541	0.178156078	0.158679351	0.132620394	0.121725351	0.128669754	0.106431127	8.52048099E-02	5.63666411E-02	1.55606400E-02	8.24126378E-02	1.26902008	3.89142323	5.36389494	5.15052128	5.48282576	7.14885378	8.36475086	6.40220022	5.67045212	5.24192667	5.17250395	5.66041422	5.84110498	6.36716604	7.45006609	7.61596489	7.40368319	7.60913515	8.24698448	8.40749931	8.39673996	8.17972183	8.35795307	8.46752262	7.90652132	7.32977629	6.74080133	5.52397823	5.23913097	5.02496910	4.30226088	3.40167546	2.81738877	2.70614934	2.36724854	2.16562033	1.95720541	1.71741176	1.50712848	1.38152301	1.21378100	1.12604618	1.06726539	1.02962232	1.00186706	0.943970382	0.914002597	0.869095445	0.868354499	0.862217247	0.811964154	0.762249589	0.739431381	0.701765299	0.688375413	0.680044353	0.656287909	0.638532698	0.625554740	0.606313467	0.573812664	0.552116156	0.528083265	0.508268118	0.491837770	0.473367602	0.446023464	0.415458739	0.378566653	0.335494101
-20.0000000	0.289876312	0.251302302	0.216851041	0.178325281	0.148022637	0.116132401	9.43603143E-02	7.11374432E-02	5.79931214E-02	5.15786447E-02	5.03546409E-02	6.59253597E-02	0.130970880	0.280487508	1.72346330	3.19074035	4.44572687	5.15322351	5.14529371	5.02128696	4.75149250	4.55084848	4.19643784	3.95050836	3.84994268	3.68273592	3.72458339	3.95292878	3.98275328	4.00030613	4.28898668	4.53904152	4.91299057	5.44440365	5.40872812	5.19326019	6.19447899	5.44422579	5.03623581	5.05191946	5.45087862	6.07172489	7.07475853	8.67348766	7.51848125	9.36528015	9.31172752	8.89815521	10.5578547	11.1479206	9.27350712	7.55176830	6.63381624	6.54642200	5.96116781	6.00670147	5.77634716	5.28999662	5.63813066	4.83467197	4.47081423	4.32062006	4.03613710	4.01455450	3.98439217	3.90036321	3.71058416	3.58931041	3.59361410	3.46720672	3.33500028	3.09315276	2.68000841	2.45483875	2.34996057	2.10326123	2.01646733	2.03607917	1.99160123	1.92186570	1.90915775	1.92910457	1.96631360	1.99574864	1.89280140	1.81867313	1.74427557	1.66238344	1.43793643	1.22151804	1.07776654	1.01123285	0.960532546	0.880949557	0.815034986	0.781961679	0.737701237	0.716043591	0.693268597	0.641256511	0.639364302	0.684380889	0.615526617	0.536233723	0.505670428	0.516861320	0.520853043	0.514146268	0.557075500	0.615179539	0.701984167	0.787700832	0.787117064	0.779472709	0.837313890	0.978524625	1.16599464	1.41678083	1.75722492	2.19602585	2.79237914	3.75768948	4.14681816	4.19179964	4.11661720	4.08957434	3.90392637	3.99035287	3.83111501	3.58869171	3.48599243	3.49937367	3.55472255	3.52115202	3.53123116	3.79754353	3.97016001	3.97149205	4.14647627	4.49536133	5.03987026	5.21622181	5.31412649	4.95534849	4.76165247	5.19539642	5.92010355	5.43759108	5.49463081	6.11481810	6.04579163	5.78065109	5.90372992	5.90285301	5.60239983	5.54305887	5.65682888	5.97701931	6.41175747	6.66031313	6.96142244	7.20148993	7.41320705	7.51571703	7.70172977	7.81416464	7.78201580	8.00551319	7.98112154	8.02553654	8.24908066	7.83831453	7.76786613	7.84123802	7.84142685	7.76722050	7.81226015	7.77588081	8.03571987	8.20174217	8.38450336	8.51412582	8.44000816	8.51889420	8.64510155	8.75313473	8.60416794	8.34142685	8.54654217	8.51527119	8.66298866	8.80461216	8.77266693	9.10408878	9.36673164	9.28517818	9.27248859	9.24547863	9.06631851	8.80887699	8.56763649	8.47113800	8.58861065	8.38267803	8.13568306	8.19290352	8.26039696	8.46176052	8.33221817	8.35171795	8.31394672	8.25249767	8.19793224	7.91621590	7.37311172	7.03519011	6.85941076	6.78278017	6.58376455	6.37074614	6.37555885	6.26623631	5.81019163	5.37376404	5.08615112	4.91613340	4.87709427	4.53784752	4.26450109	4.06593466	3.86255574	3.66141248	3.43829799	3.28509498	3.17900586	3.08270454	2.98362160	2.81359649	2.56969380	2.29195595	2.12953186	1.90712500	1.80172002	1.68371427	1.47683871	1.34973645	1.26245880	1.18067396	1.12324834	1.08313203	1.04636443	1.01796043	0.993863583	0.964159966	0.955192327	0.928747475	0.898277760	0.868164480	0.804700851	0.765288055	0.750716686	0.735293508	0.709143102	0.686405540	0.666781902	0.627070308	0.594078422	0.567233324	0.530321062	0.503911376	0.463610888	0.422143936	0.373602986	0.333518416	0.295083344	0.264122665	0.238412142	0.212375507	0.190774083	0.178227365	0.170571595	0.151565760	0.121211290	0.111587763	0.125318155	0.135534242	9.93470401E-02	6.93626404E-02	3.13163996E-02	2.78546400E-02	0.560643792	2.26470661	4.33414555	4.67417240	4.97996140	7.31856346	8.25696945	6.71494055	5.41246462	5.01903152	5.14984179	5.66755915	5.64431047	6.22829962	6.66136026	6.75973225	6.87288761	7.34834290	7.99534798	7.91860533	7.85086632	7.83032179	8.45026016	7.92987728	8.18495941	8.35075188	7.41727304	6.32202911	5.84973288	5.38691187	4.28579473	3.86390948	3.36694813	2.98129749	2.64331579	2.42266035	2.21531606	1.96434128	1.72413504	1.60210645	1.42457473	1.27398670	1.24289000	1.22129643	1.13274944	1.01370752	0.988822758	0.929116070	0.896363258	0.846515536	0.825973928	0.788266063	0.755053222	0.707337379	0.681807637	0.672305763	0.649826646	0.631544411	0.603852451	0.586605608	0.559158444	0.534440160	0.508747697	0.480849117	0.459158391	0.440907836	0.414606988	0.401754946	0.379877031	0.336755544
-21.0000000	0.301445276	0.260583103	0.225902140	0.189420491	0.152877599	0.121176004	9.98402387E-02	7.73949623E-02	6.40706420E-02	5.59404008E-02	5.60951978E-02	5.38142398E-02	0.104418002	0.240310088	0.555850804	2.39521241	3.94354415	5.00859499	5.31876850	4.83768082	4.41151905	4.14332104	3.96119118	3.82970381	3.58833385	3.31126213	3.42285275	3.48031306	3.36548972	3.25329685	3.79429889	4.28897667	4.47638512	4.59759092	4.98685408	4.41984177	4.55926371	4.25445414	4.05988646	4.34740973	4.94288063	5.52935362	6.29501915	7.32227373	8.15970898	9.21467590	8.17317200	8.51388550	10.3042498	10.1429920	8.32471943	6.76950598	6.21456146	6.02179909	4.67792845	5.38768721	5.62707758	4.86634159	4.47513962	4.33299398	4.25176334	4.19166183	3.84548140	3.69844246	3.70362878	3.61087227	3.44409060	3.48147726	3.48241687	3.32332897	3.10908723	2.80839539	2.46407914	2.25454307	2.15808988	1.99499905	1.94465446	1.96270621	1.94647384	1.88929009	1.84126604	1.80705166	1.82085478	1.86680806	1.83110189	1.82709706	1.72956169	1.58422959	1.33215976	1.08240843	0.936059713	0.932350993	0.927155495	0.857018173	0.782650828	0.732873619	0.679132819	0.632549524	0.605813742	0.559555888	0.545497239	0.589811087	0.503881872	0.460835993	0.464198381	0.461579770	0.463098258	0.473348141	0.511152446	0.528752148	0.555153847	0.619070470	0.633303404	0.620661557	0.733878016	0.833300650	1.11767113	1.77925682	2.35952473	2.91415834	3.33890986	3.60626101	3.87112975	3.68810630	3.57614708	3.49955058	3.38920259	3.45209551	3.25790644	2.95090055	2.83506274	2.88752460	2.94970393	2.86580110	2.92792606	3.11914659	3.26252151	3.43706393	3.63557935	3.82180953	4.09966183	4.60530996	4.70571566	4.46761894	3.93631959	4.14490318	4.32492638	4.19431257	4.38506651	5.20873356	5.45979357	5.41944599	5.40828848	5.38109446	5.18103123	4.97952032	4.96775627	5.15748262	5.37458181	5.59768295	6.00591612	6.20688057	6.19437170	6.10969448	6.56993294	7.61178255	7.44514942	7.41491604	7.22862911	6.92202616	6.81291533	6.75852728	6.82121325	6.96230173	7.12667942	7.06558943	7.02102470	7.08084202	7.09366655	6.93025398	7.01918268	7.21770954	7.36250830	7.40836716	7.53823090	7.72267342	7.55505848	7.47659206	7.63044071	7.92815733	8.25904560	8.31981182	8.33240891	8.34440517	8.37668324	8.44775105	8.56285572	8.64931774	8.54971886	8.31667328	8.24440575	8.22442532	7.91094589	7.84434080	7.74235487	7.67067719	7.67452335	7.82776451	7.95356798	8.26975441	8.37435246	8.66150093	8.54520226	8.43032742	7.80353022	7.32521677	7.29920053	7.29594088	6.93263817	6.65501022	6.60779953	6.51753712	6.10302258	5.67608833	5.41742277	5.30230904	5.20641851	5.06876612	5.01291227	4.81003666	4.53672647	4.30937767	4.06014204	3.75884366	3.55566454	3.48650718	3.43977475	3.29999661	3.06512213	2.70055509	2.46559834	2.31165433	2.28458238	2.23234987	1.97221887	1.80520070	1.63901663	1.48082185	1.35066891	1.25663483	1.20202565	1.16482186	1.10748017	1.04627240	1.02114785	0.997150302	0.910136878	0.860768616	0.804095328	0.786935568	0.773952484	0.752517343	0.726007640	0.701563716	0.684591889	0.668989420	0.634697974	0.587989450	0.537185550	0.498931944	0.456488609	0.422624856	0.387074858	0.334208876	0.286625504	0.248046488	0.217740968	0.193003923	0.174092412	0.162316069	0.150170401	0.126102224	0.112152956	0.104603752	0.110462397	0.129531607	0.111918241	6.47078454E-02	3.19276787E-02	2.22026389E-02	0.132842153	1.74859273	3.61090493	4.46436882	5.48712873	7.44661903	8.28473568	6.44817972	5.32979202	4.92073536	5.18759203	5.36467791	5.73434114	6.16084766	6.37635088	6.46667910	6.63445234	7.16128635	7.37752247	7.76344395	7.94129944	8.64037132	9.01777267	8.37752151	8.16826916	8.96032524	7.68439293	6.66581535	5.96365118	4.81237411	4.03950071	4.17237759	4.03845167	3.43560743	3.14234328	2.72583771	2.57067585	2.32831645	2.06455469	1.86559272	1.70672262	1.47813773	1.41964281	1.37970352	1.30614424	1.21949995	1.14641285	1.08504856	0.989169061	0.937138319	0.902941167	0.870767295	0.815703094	0.769690037	0.719346225	0.693298042	0.672401547	0.647167683	0.611439109	0.579753339	0.560278058	0.538316607	0.527044356	0.494753033	0.450799942	0.424342781	0.396054745	0.383218586	0.368670225	0.340984046
-22.0000000	0.309846252	0.276610315	0.240989774	0.206256241	0.167811841	0.134394467	0.109540798	8.96961540E-02	7.69068003E-02	6.79672807E-02	6.35788813E-02	6.29100055E-02	7.49145597E-02	0.198230430	0.398561746	1.25704145	3.43795323	4.53417969	4.74081659	4.48901176	4.01211214	3.86744237	3.70252705	3.47980285	3.46887231	3.45074677	3.37381196	3.17309451	2.76911783	2.49470496	2.60385704	3.14647245	3.56741190	3.34374785	3.50952172	3.62535167	3.65717244	3.39611626	3.25033426	3.65725088	4.40069914	5.10406494	5.88873720	6.30600071	7.58061647	7.60540295	7.18519783	8.01544571	10.0891705	8.57319069	6.92968512	5.98458624	5.58900070	5.13837767	4.35158014	3.96297288	4.87120533	4.72084522	4.35226011	4.19640923	4.06917238	3.82570195	3.60020590	3.48560333	3.49367118	3.48712444	3.40114522	3.51669097	3.44762230	3.33566213	2.99536777	2.65102696	2.41544509	2.20199776	2.01472569	1.90458786	1.91847968	1.87119508	1.82607198	1.75654578	1.75853515	1.80886686	1.84726715	1.81204271	1.74486959	1.72916436	1.68159890	1.52755916	1.30305088	1.04337943	0.881977677	0.856828809	0.846615613	0.816522479	0.754507482	0.707055807	0.654826403	0.576056182	0.521686852	0.483268321	0.469618529	0.479479700	0.411773086	0.412042320	0.436380476	0.418277502	0.417165875	0.443547338	0.483942956	0.481709540	0.445875168	0.453963608	0.496931106	0.511434734	0.683432639	1.10077775	1.73728800	2.28836465	2.82373714	3.14984679	3.20872092	3.17247701	3.26453996	3.18736720	3.11661220	3.08024263	2.91317177	2.73386216	2.59499788	2.40419221	2.28057051	2.21517205	2.27589631	2.16438484	2.27738595	2.52420783	2.56817245	2.78513885	3.18304658	3.36941862	3.56146049	3.75845933	4.01480722	4.00284910	3.72609067	3.44221759	3.50166297	3.47636223	3.58159709	4.13324308	4.79402733	5.00679207	4.99318218	4.98314667	4.79625368	4.38614416	4.37010479	4.43987226	4.61721563	4.72100163	4.92061663	5.00824881	5.05391073	5.00284147	4.70436144	5.35353184	6.38624573	6.58274651	6.44916105	5.93839025	5.66626883	5.79048014	6.15470886	6.29164076	6.27340508	6.26206827	6.26331282	6.36447001	6.30528021	6.14706612	6.09024572	6.26774502	6.32772923	6.44079828	6.51477957	6.56024361	6.56829977	6.61687517	6.93977404	7.33592319	7.69156981	7.87216663	7.77707434	7.61692667	7.54921103	7.45226669	7.50493765	7.71982670	7.79330492	7.73227596	7.64369678	7.46590710	7.52073431	7.69956446	7.49604797	7.39449501	7.22315645	7.25872803	7.51971817	7.65957165	7.86891079	8.13188267	8.25240707	8.39077854	8.16422462	7.74626255	7.44045019	7.11372232	6.73305607	6.46233225	6.46815586	6.63578510	6.53197384	6.05906820	5.70886183	5.63672495	5.56344700	5.50009966	5.56340170	5.49668550	5.16892910	4.79504299	4.60106087	4.32884550	4.03411484	3.91360331	3.88089490	3.76792693	3.48739552	3.04690456	2.78535748	2.63670611	2.64735937	2.64349532	2.42009711	2.21936035	2.03063178	1.84567392	1.69739783	1.57634068	1.46461177	1.33477712	1.16602910	1.10498619	1.05078673	0.999689817	0.894515812	0.862822056	0.806537509	0.775084317	0.756704867	0.730978549	0.718633413	0.722720861	0.707739830	0.677897215	0.657676041	0.607551873	0.564027131	0.514280140	0.465362608	0.423559427	0.393204242	0.350081980	0.302955836	0.262109518	0.230135053	0.192561835	0.165675610	0.151229531	0.137337834	0.123895444	0.109280162	9.69256759E-02	0.103369690	0.129751205	0.144370094	6.10624775E-02	2.26447210E-02	4.19191234E-02	4.36168835E-02	1.42013812	3.10895300	4.19031429	5.57021475	7.90896606	8.13392162	5.55691671	4.87623358	4.67658806	4.80782127	5.02487612	5.39812040	5.79051304	6.14567471	6.54287243	7.05433464	7.11236954	7.10885048	7.39126825	7.75206566	8.12800312	8.18778038	8.43594742	9.11822224	8.03933144	7.85274267	7.43545008	6.53396225	4.93326664	4.71079969	4.57002354	4.73117638	4.05619431	3.73371983	3.33789134	2.97361803	2.71126318	2.44720101	2.17658806	1.98119950	1.72370589	1.57390058	1.54089928	1.44706893	1.32565904	1.25595367	1.22250092	1.12068212	1.02071655	0.975463152	0.982445061	0.888073266	0.835644960	0.781151772	0.729120910	0.712293088	0.666273594	0.628421009	0.589677095	0.552652538	0.534823895	0.511446238	0.502464235	0.458218068	0.428796023	0.403032273	0.374050111	0.360598326	0.339947999
-23.0000000	0.304922163	0.278710544	0.252013654	0.219897360	0.187239602	0.154069200	0.126682565	0.106102794	9.13608000E-02	8.01511183E-02	8.07285607E-02	8.80941600E-02	0.109321922	0.159506649	0.202468321	0.753552079	2.48166275	3.80059552	3.75280929	3.65690732	3.63242078	3.65835595	3.64670491	3.48529053	3.43473411	3.50504804	3.36760640	3.00623250	2.74498487	2.25606155	2.38767123	2.91944528	3.07079363	2.91491127	2.80173659	3.20379329	3.40184975	2.97270679	2.58466172	2.86162162	3.54911757	4.30254650	4.52898502	4.70012331	6.23631287	6.40649939	5.59972906	8.15076256	8.89300156	7.36644411	6.06937695	5.58634806	5.40386534	4.90714359	4.53374863	4.28186274	4.29010773	4.61097908	4.73827553	4.54302073	4.24766493	3.78320408	3.56781721	3.46964335	3.44599819	3.46797156	3.46124363	3.47531486	3.35623050	3.28217316	3.00286794	2.62740183	2.36220980	2.12655377	1.90522718	1.80614161	1.80950856	1.72078192	1.67233610	1.62330258	1.61731017	1.65818238	1.66071677	1.62408674	1.56653702	1.51939952	1.47888219	1.37866616	1.24622214	1.10425460	0.930318475	0.834337413	0.760204017	0.712847590	0.681986153	0.677152753	0.659005940	0.587203920	0.498821765	0.441737235	0.421817809	0.421968967	0.363872200	0.342924476	0.365911931	0.383909762	0.384455502	0.371948421	0.395334691	0.421724856	0.401212096	0.381556809	0.380956322	0.411374182	0.809798419	1.40202999	1.74787068	1.89998209	2.08643556	2.29965568	2.50998259	2.68792009	2.70003009	2.64672422	2.69993854	2.59551048	2.38608789	2.31730318	2.30282259	2.14033914	2.04547954	1.97330904	1.97527742	1.86605334	1.95453203	2.04408288	2.11020494	2.24693561	2.56929469	2.96264672	3.16630793	3.23083591	3.42467761	3.54819870	3.35233212	3.11451697	3.02148724	3.01203656	3.14885926	3.41560459	3.70663261	4.59498072	4.81395531	4.42903852	4.18277788	3.91585755	3.94999075	4.07646418	4.15264416	4.21865511	4.21766472	4.22625780	4.05205536	4.21470070	4.59111404	4.48126554	4.68203402	5.37946463	5.42717075	5.09081268	4.97131491	5.18462944	5.30111408	5.42894936	5.30425930	5.40881872	5.63936424	5.67900372	5.65486193	5.58501911	5.40313196	5.32517910	5.41393137	5.49929190	5.63882303	5.87094927	5.87046337	5.92169809	6.24268484	6.65341663	7.05364418	7.39790106	7.32235670	6.91565847	6.71166182	6.68983936	6.61885357	6.75059652	6.87098169	6.92543221	7.15036249	7.37121058	7.31817770	7.31770420	7.36721039	7.29405832	7.13782930	6.84141207	6.81643629	6.83174038	7.05236483	7.21864271	7.34298992	7.70103788	8.03497410	7.75411034	7.47908926	7.13939095	6.77758598	6.52810764	6.32916737	6.40228605	6.44857597	6.46287966	6.48129940	6.15545177	5.63347816	5.49648809	5.54972982	5.70312119	5.75362015	5.49688482	5.27472305	4.99748802	4.68637276	4.47962379	4.37236691	4.23049307	3.94333911	3.52415800	3.27725053	3.06799722	3.03407860	2.95057583	2.76237059	2.55445552	2.36940694	2.22538590	2.06372094	1.86036420	1.67347658	1.51063550	1.31933379	1.18578017	1.13300276	1.07623434	0.997318864	0.928807855	0.868103325	0.814964354	0.780803263	0.757640123	0.748095810	0.765624285	0.743191898	0.700006247	0.653996170	0.607383370	0.570818841	0.518261790	0.472127795	0.439117193	0.395071208	0.351819366	0.325447172	0.285414487	0.262518495	0.213977516	0.175864324	0.148547530	0.133636326	0.120993115	0.104657769	9.41378400E-02	9.47160050E-02	0.112053603	0.152197912	6.59368858E-02	2.72440780E-02	5.57690375E-02	8.70480016E-02	0.694306016	2.22597146	3.47303152	5.51414490	7.75256252	6.91043949	4.88342285	4.39390850	4.28917694	4.65157652	4.88517237	5.13452339	5.42503214	5.89178228	6.25495577	6.73642015	6.87505770	7.24558067	7.66243124	7.91009569	7.36695910	7.47156620	7.81583118	7.74817991	8.28133202	6.16699505	5.35651636	4.56130791	4.33032036	4.37250566	4.88441658	5.05842543	4.75574541	4.33207130	3.97036028	3.52242970	3.18020844	2.87032247	2.60973668	2.37547445	2.10911417	1.85146642	1.71304333	1.58123517	1.45743704	1.35036576	1.30870080	1.24217713	1.12709165	1.04962528	1.01173460	0.945153356	0.869654894	0.841018319	0.745621860	0.699890435	0.672729850	0.642993093	0.627541959	0.591769397	0.548513293	0.510206461	0.489616543	0.464642614	0.435401291	0.411361247	0.374815404	0.351011515	0.330520332
-24.0000000	0.305382937	0.281043351	0.259619743	0.232829273	0.204475656	0.174293295	0.145330548	0.119073592	0.104281202	9.53639969E-02	9.92534384E-02	0.125686079	0.143202230	0.187617600	0.213821992	0.392774403	2.01574087	2.90392995	2.95001006	2.90183783	3.18292356	3.31275010	3.39271188	3.40042162	3.39622188	3.48301530	3.48425293	3.25352883	3.05648255	2.70215273	2.85112596	2.98699713	2.70336032	2.64389324	2.78688812	3.05066323	3.16794014	2.14442587	2.01814079	2.22836971	2.68865323	3.33498383	3.76806235	3.39063406	4.46048355	5.36709976	4.74629641	7.13005257	7.88990450	6.56928539	5.67678881	5.58215475	5.59579182	5.03141499	4.61868715	4.50386906	4.61220503	4.77228928	4.81087494	4.68499136	4.47775888	4.23060036	3.88644743	3.77201462	3.76508951	3.74221516	3.64516139	3.49308419	3.36291313	3.26457572	2.90672803	2.57308555	2.30338883	2.07902646	1.85395253	1.72761631	1.69094014	1.56956553	1.51054418	1.52710700	1.49976587	1.48636150	1.46041131	1.39522243	1.32900548	1.29596615	1.28918886	1.27301323	1.22683549	1.15356100	1.03046274	0.902197480	0.770035684	0.650026798	0.596612871	0.571438789	0.571758509	0.560417056	0.514681220	0.473188311	0.417859197	0.368040234	0.326843292	0.299098790	0.284816146	0.309940577	0.320743442	0.310570568	0.328889519	0.376853734	0.407214046	0.408408493	0.383558422	0.326557398	0.907464981	1.31892407	1.57369256	1.62800777	1.63434601	1.69218338	1.86594903	2.07044435	2.18719244	2.14172363	2.11086583	1.98911953	1.92147827	1.93255103	1.92137408	1.84818959	1.73540223	1.67674625	1.64399683	1.83380330	1.87856352	1.88672185	1.91331720	1.95197916	2.09808588	2.43738437	2.67578578	2.93904924	3.11440325	3.07315016	3.04480147	2.84537315	2.68156004	2.79371881	2.91913176	3.02157235	3.04695749	3.34085965	4.16953182	4.30916739	3.88605690	3.50735474	3.49142957	3.64066744	3.81815648	3.93147039	4.04472589	3.85560369	3.64987946	3.55958796	3.77129102	4.26590967	4.50151873	4.63265705	4.76565313	4.79114962	4.84402609	4.88342285	4.93720341	4.79717255	4.68278933	4.79290009	4.94014597	5.05343580	4.96163416	4.95817709	4.91539717	4.78283787	4.77555418	4.92760754	5.02902460	5.14743090	5.30902672	5.23087358	5.49183464	5.85635185	6.29782629	6.67025566	6.80502558	6.51996946	6.32439804	6.19557953	6.11089802	6.08224106	6.28925419	6.25958443	6.44997168	6.67712736	7.06920242	7.34824991	7.19862890	7.10589504	6.92172146	6.62674713	6.27731133	6.09907579	6.09398174	6.22510147	6.83958817	7.05678654	7.14658976	7.18188763	7.11781740	7.11582661	6.77683115	6.39201021	6.11936808	6.18452501	6.10124016	6.13644409	6.03404617	5.84992933	5.74652863	5.73021555	5.73927689	5.72997427	5.85528231	6.01131487	5.88628387	5.71816492	5.24765968	4.84263372	4.63741350	4.50572348	4.30716658	4.00359535	3.73071241	3.46191049	3.25617862	3.11712551	2.92190981	2.74654818	2.62228775	2.48920417	2.32638478	2.12382650	1.89936209	1.73876393	1.57290697	1.45870209	1.29653859	1.22132874	1.09905410	1.05767214	1.00874293	0.933243811	0.867546678	0.816033602	0.778549671	0.782032311	0.739535034	0.714572012	0.661154389	0.618930697	0.569926858	0.515003741	0.471553922	0.436361760	0.399440140	0.365127861	0.344770521	0.287992805	0.254054159	0.220610887	0.187920004	0.159678712	0.135044634	0.117440648	0.105235204	9.43992063E-02	9.19382349E-02	9.91900861E-02	0.116080560	7.20748827E-02	3.16094384E-02	7.75670335E-02	8.21556002E-02	0.734047174	1.70342124	3.10733700	5.41506338	7.15831137	6.00996923	4.52601719	4.14743900	3.92302585	4.14996576	4.47835970	4.91173363	5.33760834	5.74798203	5.67157507	6.06154156	7.07167530	7.41747093	7.39849997	7.38773632	7.50626469	7.44149446	7.19733238	6.64214468	4.65063763	4.15663862	3.76152635	3.90214443	4.28293037	4.62979603	5.05351210	5.30680275	5.30850220	4.98228550	4.65377903	4.21921730	3.87691116	3.49926615	3.07042670	2.88241124	2.59903789	2.36002898	2.10289264	1.92702961	1.71616340	1.51870620	1.50815666	1.42502618	1.29979360	1.20129478	1.11110544	1.00951791	0.917463005	0.873519123	0.829577506	0.754151821	0.703533530	0.663174033	0.645438254	0.609920621	0.572533250	0.537037909	0.519038618	0.491900414	0.467397362	0.433879912	0.394545615	0.359048188	0.334374487
-25.0000000	0.320954412	0.290895104	0.269982010	0.250190645	0.225465104	0.195677280	0.169143841	0.144250557	0.120427921	0.106668003	0.113461196	0.131637588	0.155724466	0.218492642	0.174489126	0.457327425	1.51329887	2.36044860	2.37113500	2.56825447	2.94612551	2.97562814	3.04837060	3.21192622	3.49674273	3.66772342	4.06296682	4.08475208	3.91803765	3.41137290	3.40328097	3.65734911	2.56588054	2.44336963	2.73892403	3.16047883	2.40908694	1.89240265	1.73514044	1.78870749	2.08577228	2.53813124	2.97211790	3.02732277	3.66933465	3.79265308	3.81156516	4.95213175	6.29993200	5.75546169	5.34844017	5.29812527	5.23471880	5.03731680	4.83829641	4.69037485	4.70378685	4.75518656	4.61998701	4.50543118	4.35756397	4.22241592	4.10866499	4.04698086	4.04136848	3.89128590	3.69661856	3.49765420	3.27568674	3.07137036	2.83062172	2.55902457	2.26748323	2.04921794	1.89936280	1.81187344	1.69508028	1.56394506	1.46860623	1.43020439	1.39444482	1.39856970	1.35804451	1.24559414	1.15715086	1.11724555	1.10038686	1.11687982	1.16521204	1.18553698	1.13858855	0.992334247	0.812351584	0.682475030	0.599934995	0.530889094	0.502114296	0.506831050	0.505124629	0.475686014	0.405140430	0.310569108	0.297357827	0.268653601	0.245304719	0.259608239	0.291731030	0.304191351	0.317499131	0.371225536	0.429289937	0.404804915	0.342833787	0.333172023	0.749728024	1.11236262	1.33124554	1.42190635	1.50706661	1.60983646	1.65988433	1.70883942	1.76144683	1.61848283	1.56235313	1.51470506	1.46622455	1.41605926	1.43828487	1.39681220	1.40427220	1.44892800	1.45104337	1.54151571	1.67405617	1.70001364	1.72834849	1.69174063	1.70632446	2.02747750	2.25178838	2.59608459	2.72273755	2.82624054	2.92024589	2.71170211	2.64066648	2.69840455	2.77711916	2.74468684	2.67777848	2.91008234	3.58004594	3.97079849	3.78489089	3.14983749	2.96235275	3.19087458	3.34756517	3.51029944	3.63007689	3.61729455	3.47739983	3.42474174	3.51970863	3.78020644	3.99273896	4.15148497	4.29671144	4.47959471	4.59107399	4.60259914	4.59335661	4.54045820	4.44532919	4.57880449	4.68673992	4.66539860	4.51083708	4.51037598	4.44795227	4.40499973	4.36286449	4.45216370	4.61810303	4.77428007	4.88317013	4.99018717	5.03236961	5.15542793	5.72501087	6.01682281	6.16640711	6.11483669	5.95242786	5.73292732	5.81667376	5.89538193	5.88068724	5.91214323	6.04647207	6.44611263	6.64544439	6.71412659	6.67882586	6.60328722	6.56803989	6.42090082	6.03075886	5.84378052	5.59735155	5.51740694	5.76590157	6.14089489	6.42247629	6.67161560	6.69605970	6.62698317	6.56481028	6.26266193	6.02316093	5.75388288	5.80482340	5.80640745	5.71085262	5.56885099	5.53158426	5.57000351	5.62206650	5.57398987	5.42780399	5.71203852	6.11303663	5.75809622	5.37996674	5.02762222	4.73579788	4.52965021	4.36124086	4.23300743	4.11698246	3.79766250	3.50226140	3.26758122	3.05329680	2.91362333	2.85841632	2.73110437	2.53069425	2.30360341	2.06420183	1.90198731	1.82271731	1.70139813	1.60296774	1.49523854	1.33593118	1.25053918	1.21263051	1.14558482	1.04740489	0.949921846	0.879397988	0.816102684	0.738174975	0.693793476	0.682419598	0.660103142	0.607750535	0.558036029	0.523617089	0.455922723	0.399363816	0.360871941	0.345881492	0.304567218	0.263599187	0.227790713	0.201624468	0.174561843	0.142681688	0.109152012	9.48067233E-02	8.71617571E-02	8.36402401E-02	7.76195973E-02	7.85159990E-02	7.47151151E-02	3.40948775E-02	0.164548784	0.170056075	0.980328202	1.86145043	3.37199616	6.15583658	7.01192427	5.14450026	4.38849020	4.13711691	3.96471167	4.01843071	4.26747751	4.75651026	5.25632191	5.37315273	5.04149485	5.74004555	6.72829819	6.77607441	6.42131138	6.38826895	7.37657785	7.36454821	5.57858419	4.64899826	4.33053160	3.87721801	3.75702977	3.89728856	4.48420000	4.99095154	5.27708864	5.44054556	5.61656523	5.35274553	4.94165516	4.58610439	4.31218719	4.02053642	3.62072015	3.29969168	2.95007181	2.65486312	2.34431505	2.22072625	2.01526356	1.84041715	1.75041223	1.66399705	1.62958896	1.42709041	1.31126332	1.18735707	1.07881272	1.01111972	0.970905602	0.873195112	0.793996572	0.721239090	0.669715226	0.634173155	0.595190108	0.566356301	0.540759623	0.515937626	0.497725189	0.461519271	0.428125709	0.395185679	0.355541795
-26.0000000	0.355474085	0.325094372	0.291461766	0.268572956	0.252159834	0.225557983	0.190343529	0.169123679	0.140743434	0.123161040	0.119119674	0.127060562	0.146692067	0.234525606	0.371371686	0.213424563	1.21144617	1.85402310	1.82374716	2.18652749	2.50877738	2.49732423	2.71993613	3.22171259	3.69238377	3.81818938	4.22038889	4.47912312	4.64088011	4.51442719	4.45396471	4.67481613	3.49753976	2.37149405	2.60401750	2.38184476	1.80188715	1.62463319	1.56998372	1.66587257	1.82399774	2.08395052	2.37766242	2.58550549	2.59739637	2.59005094	2.47025084	3.78153658	4.96071434	5.15753269	5.02568483	5.06003761	5.05300951	4.83555079	4.61156559	4.53739786	4.61287308	4.64635134	4.46321869	4.28665113	4.09198236	4.08732414	4.11928797	4.06157589	3.94801140	3.76240897	3.59817243	3.45990324	3.21194601	2.93739653	2.72266841	2.47547936	2.22497702	2.02103281	1.81710160	1.80619562	1.71709335	1.61051548	1.51257610	1.44599259	1.41284525	1.29946971	1.17185473	1.10705042	1.05259609	0.995466948	0.953180671	0.931733310	0.954029500	1.01409554	1.05881250	1.02781081	0.861104846	0.732087374	0.628570080	0.531455755	0.476266325	0.464924157	0.465486467	0.441882730	0.374857903	0.296297312	0.262163520	0.240645602	0.228899524	0.243828729	0.284724027	0.325905114	0.368795514	0.430598915	0.458713412	0.348374128	0.284369767	0.301152259	0.522381604	0.830246329	1.08473182	1.22039783	1.31140876	1.43133557	1.44549000	1.42395914	1.42055202	1.40725946	1.27993751	1.25338674	1.26000071	1.20152593	1.15320170	1.11860645	1.13731849	1.20857751	1.21618295	1.22691309	1.28150713	1.41080821	1.48806930	1.60779452	1.75666952	1.74950218	1.92245185	2.13973117	2.33022308	2.51567793	2.66672158	2.75021696	2.68798232	2.58626938	2.52792859	2.47834134	2.33581758	2.64104342	3.28014350	3.93989158	3.58393478	2.96127200	2.76340675	2.82350659	2.89561391	3.01989460	3.25024986	3.41937590	3.39846253	3.39912248	3.42842960	3.48684049	3.60654426	3.72141552	3.79615641	3.90658665	4.09174919	4.26229143	4.33541584	4.39122438	4.41499138	4.32681036	4.24785423	4.35574102	4.40870380	4.33969116	4.29401731	4.14297581	4.01620960	4.12721729	4.25541830	4.33755064	4.46275520	4.61356783	4.69940233	4.86394548	5.19100618	5.49042797	5.57012081	5.59138870	5.40167427	5.24715328	5.28416109	5.37638235	5.43750763	5.27937174	5.39980888	5.82263708	6.05838585	6.00852776	5.98016214	6.07086515	6.02267551	5.98517752	5.86125708	5.77146482	5.60657263	5.37181425	5.32493734	5.41527367	5.68228769	5.93708944	6.14044666	6.19642544	5.99982834	5.81973743	5.66758347	5.51816320	5.35687494	5.12931347	5.17622375	5.18942690	5.06225061	5.07041407	5.12821436	5.19275331	5.19496775	5.21534538	5.25815678	5.09000444	4.99140596	5.02961302	4.92387724	4.78612900	4.61636496	4.44894981	4.30128670	4.02744865	3.96424079	3.69350719	3.37144446	3.18179083	3.20046353	3.11145687	2.84795070	2.59978652	2.43793941	2.18812609	1.99882150	1.90751266	1.68860590	1.54846513	1.49469197	1.46507037	1.41046417	1.33576846	1.26420903	1.14398420	1.05485034	0.983952701	0.860958695	0.727707565	0.694566727	0.697677135	0.662880957	0.614720166	0.592041552	0.526581347	0.436863601	0.376623392	0.343604863	0.317529380	0.288766772	0.250074714	0.213591591	0.185168147	0.145467356	0.115384325	9.61099193E-02	8.24875236E-02	7.28481561E-02	6.75669611E-02	6.65330440E-02	7.08875954E-02	0.100224003	0.130371839	0.276163220	0.948883653	1.79352868	3.90058947	6.01639271	5.80292892	4.59753656	3.97830367	4.09981823	4.05535650	4.06065416	4.24691105	4.50265169	4.83199167	5.21884489	5.44846487	5.82230091	6.15796518	6.12194157	5.72671366	6.27371740	7.20617437	5.69570017	4.72819090	4.32313681	4.13912964	4.19591856	4.40573835	4.71739769	5.02648926	5.41595268	5.48045635	5.55377769	5.62063885	5.38783550	5.11301327	4.85939741	4.62473440	4.34629059	4.07981777	3.84121728	3.49526739	3.05190492	2.65707374	2.37592506	2.25490022	2.08692646	1.99763143	1.88978267	1.79587722	1.59518015	1.46033573	1.39775610	1.29355562	1.16358614	1.05424559	0.973308265	0.931115508	0.848500609	0.762628376	0.694941819	0.634993911	0.600868106	0.572944343	0.529997766	0.492320925	0.468012244	0.444597840	0.429332405	0.387715697
-27.0000000	0.389696389	0.346811056	0.304945201	0.283539593	0.266071677	0.253614962	0.220477685	0.188352004	0.163428470	0.142379269	0.129446641	0.126945361	0.146832481	0.202778637	0.323423982	0.354507118	0.531831622	1.23629975	1.47711742	1.75667059	1.98392320	2.16839886	2.53682423	3.27407479	3.81986451	4.12097263	4.29649067	4.60205221	4.85840368	4.65363073	4.85720921	5.23970509	3.92784476	2.86313248	2.43275261	1.63505590	1.54088581	1.47958565	1.42228365	1.54009092	1.72253096	1.88500464	2.07253957	2.21474147	2.34184957	2.53130198	2.95587730	3.68819523	4.41380787	4.25328064	4.33319426	4.52258158	4.66326046	4.68922186	4.65446186	4.51751900	4.46772146	4.45867920	4.38242769	4.22177172	4.05172729	3.97554660	4.01438761	3.91958785	3.78249192	3.68131185	3.60239625	3.52255988	3.35878563	3.00943112	2.68389487	2.41959620	2.21548462	2.09769464	1.96964347	1.90487957	1.82139695	1.73388088	1.58905220	1.53278708	1.50726891	1.37506092	1.21866488	1.15811634	1.10486948	1.02436268	0.950338840	0.905162454	0.877628207	0.870897591	0.886406422	0.880079746	0.799120069	0.727391481	0.670938492	0.574785352	0.489074379	0.431993544	0.403860956	0.394526154	0.361626446	0.271240562	0.257416546	0.237560406	0.218881458	0.224028721	0.251970500	0.299046218	0.370042562	0.452413440	0.491758585	0.377617002	0.299383223	0.278476566	0.477736533	0.729989290	0.896255255	1.02254319	1.13547671	1.21694112	1.27088714	1.33249187	1.34914172	1.32588279	1.24856639	1.10729301	1.14378548	1.05250549	0.969787419	0.941811860	0.909309685	0.973997235	1.01846588	1.01548946	1.06936407	1.19102478	1.28498757	1.38258660	1.48350227	1.60863197	1.79068828	1.94736755	2.17781854	2.35624337	2.50178814	2.60894728	2.60311317	2.44592500	2.31651878	2.33321762	2.23822784	2.44439292	3.10484385	3.89294386	3.61915064	2.48815441	2.43873644	2.64049911	2.64625359	2.75124574	2.86118150	3.01033282	3.18056774	3.20715666	3.23895526	3.32315922	3.26373196	3.25000286	3.38733649	3.52683449	3.74148440	3.80986619	3.95738125	4.06150389	4.23104858	4.12052631	4.00373268	3.97610235	4.06963301	4.11333656	4.02991343	3.95711517	3.93344760	3.99173403	4.10349703	4.16146898	4.20851421	4.33249617	4.44245052	4.62488461	4.82608080	5.02739143	5.13286686	5.04269886	4.78185511	4.65313959	4.72077227	4.85466385	4.94710493	4.95717907	4.80437040	4.80873108	5.12961674	5.47782469	5.63333178	5.73452044	5.67470407	5.56357861	5.48820591	5.40963650	5.41688824	5.47477531	5.38791895	5.36343956	5.41761303	5.53144741	5.57801104	5.56294489	5.37043524	5.33514690	5.38584375	5.26681089	5.12841463	4.89451790	4.62616777	4.78846598	4.84338617	4.75203848	4.84647083	4.95578098	5.04084492	5.08529234	4.94337511	4.62748098	4.46840334	4.60866308	4.63760328	4.51357079	4.40840912	4.25032616	3.99339986	3.89544463	4.01466036	3.86698031	3.61059999	3.43943071	3.41029477	3.36682296	3.15984297	2.89133644	2.80526853	2.78831601	2.28775597	2.14903665	1.87689590	1.74719739	1.65882456	1.57355499	1.54099214	1.53756654	1.48431098	1.34395421	1.25335717	1.16030800	1.03564727	0.904451132	0.812552392	0.773955345	0.748861194	0.650675535	0.614404082	0.566920102	0.494804144	0.419230103	0.367641360	0.337539613	0.305354148	0.270578146	0.239784494	0.201981604	0.157703757	0.122070953	0.100111678	8.15968737E-02	6.48676828E-02	5.28285578E-02	4.82652001E-02	7.06161633E-02	0.150905520	0.174007446	0.115336083	0.172343522	1.90520728	4.23426676	5.18116903	5.03320694	3.66516352	3.52241373	3.74486470	3.92812347	3.89276361	3.99175715	4.22285700	4.61133289	4.85495567	5.18050861	5.43324375	5.67091513	5.58071041	5.49160957	6.36378241	6.65764141	5.32033205	4.19875908	4.15157557	4.28353930	4.47042322	4.92619896	5.22668028	5.49730301	5.66873550	5.79567623	5.89908028	5.82542467	5.64024448	5.38359070	5.09695339	4.89153242	4.65455008	4.51672125	4.28160238	4.02819347	3.61479974	3.14222550	2.70589900	2.60367036	2.34262466	2.20948076	2.10065174	1.90574062	1.72855592	1.65936375	1.57565010	1.44725180	1.29317975	1.20376086	1.06711912	1.00068331	0.916310847	0.847997963	0.782300174	0.709904969	0.656272829	0.615733981	0.576505363	0.520506024	0.494689614	0.469523489	0.445404947	0.426751912
-28.0000000	0.425697118	0.372239977	0.331229538	0.307177216	0.283245862	0.264061451	0.246659040	0.211715296	0.188982725	0.167868719	0.148129925	0.131384149	0.139108315	0.176808238	0.258839995	0.304897696	0.404622704	0.548396647	0.973736644	1.28764021	1.56616783	1.92985773	2.40935969	3.02594924	3.58917212	3.89974332	4.36306047	4.84647989	5.28978729	4.81484747	4.92553282	5.25406742	4.22712946	2.94747782	2.22974348	1.64927447	1.45348346	1.44135439	1.44987977	1.52085650	1.68144345	1.81632531	1.84943581	2.01288438	2.16210961	2.41256523	3.00114989	3.59895039	3.72781920	3.56313968	3.69686937	3.98744988	4.18093395	4.38763428	4.54398632	4.55064297	4.36436462	4.31278229	4.29159594	4.21606350	4.11757755	4.06669950	3.94723630	3.75047183	3.55000949	3.50490355	3.50463033	3.46717167	3.38695121	3.13060904	2.87898397	2.51640654	2.24282002	2.09759045	2.05039287	2.04787660	2.03261161	1.87128150	1.68708742	1.60621130	1.53988492	1.42134917	1.29242671	1.25631297	1.24608314	1.15099132	1.00458217	0.911323369	0.887999713	0.893288136	0.895199776	0.867695034	0.776552379	0.693401039	0.615952790	0.546896815	0.479654610	0.426157206	0.385901988	0.355821103	0.346222073	0.296250463	0.247108296	0.217372298	0.196201444	0.200168639	0.224843040	0.267266154	0.332907826	0.388239115	0.426261604	0.356997579	0.273201138	0.275909752	0.433753222	0.644433081	0.782975554	0.871385694	1.01500487	1.08671546	1.13617516	1.21351826	1.26635540	1.26619124	1.12390769	1.02345192	0.999406755	0.928794265	0.825207949	0.780586541	0.761068106	0.775094450	0.859239340	0.943799675	0.969502389	1.05952609	1.11564136	1.15529680	1.30085146	1.44776022	1.55665720	1.74292207	2.01644421	2.26250720	2.28938007	2.29480410	2.40810871	2.31590962	2.26361752	2.22025323	2.10720086	2.12779856	2.99566936	3.86319828	3.70953512	2.71293831	2.18411565	2.17962790	2.41252995	2.49063683	2.51754618	2.71788335	2.84599209	2.88011527	2.79900932	2.86890554	3.00593948	3.07314110	3.21684098	3.38667750	3.53798056	3.63320875	3.68450856	3.75411749	3.87642980	3.91232443	3.85361218	3.88507438	3.91782880	3.90810442	3.87829375	3.83278275	3.65514946	3.71349716	3.88219380	4.02211857	4.10094118	4.17966270	4.29791403	4.49953222	4.69234800	4.69011450	4.67651653	4.54443550	4.32443237	4.15131569	4.18661451	4.34725237	4.45966339	4.49438906	4.44795036	4.47181749	4.71862173	5.01778412	5.21247244	5.36879063	5.48366261	5.65046072	5.45285034	5.12536526	5.05946302	5.26219845	5.44722319	5.38003826	5.29350615	5.37014675	5.52494383	5.35814238	5.00317860	4.96445513	5.22594929	5.20479822	5.03129911	4.78310204	4.55781603	4.57589149	4.56868649	4.53085136	4.51064491	4.59110260	4.65950203	4.59368992	4.45062065	4.30585623	4.19616985	4.36290836	4.36550760	4.31513691	4.17994165	4.02753878	3.90794802	3.81845951	3.83708787	3.73889661	3.66259766	3.60729814	3.61527181	3.56081843	3.39799237	3.17613244	2.97230244	2.88736558	2.62728882	2.49049306	2.30610085	2.13784647	1.97766662	1.83547151	1.73794603	1.71707606	1.66826224	1.47725642	1.37023199	1.28857100	1.18961143	1.06209147	0.932278991	0.855217397	0.837799907	0.697761416	0.654803991	0.622157753	0.547755122	0.460226864	0.402363390	0.358169049	0.314479440	0.286328167	0.255000234	0.217280149	0.176145837	0.139036313	0.102679200	8.19878429E-02	6.55279234E-02	4.81852777E-02	3.42323966E-02	8.09042379E-02	0.335687757	0.115596719	0.582951605	1.37554419	3.02471590	4.18582964	4.60823250	4.01920652	3.13622642	3.01230788	3.29670715	3.50982857	3.49399638	3.65793681	3.98103523	4.20734692	4.41746187	4.90380907	5.31568718	5.75215054	5.66600800	5.72868490	6.06644440	6.03349257	4.80623722	4.23057461	4.24430370	4.43145227	4.71797276	5.14480972	5.43634605	5.66789532	6.02400970	6.01523018	6.06091499	5.97695684	5.81476545	5.57631159	5.26680088	5.22431517	4.73234653	4.50783873	4.23456812	3.95483160	3.73678923	3.34515381	2.93713355	2.76661730	2.60404992	2.50238895	2.42191863	2.17515469	1.97045994	1.78116417	1.66754746	1.58390415	1.46020031	1.37135160	1.21050441	1.08945072	1.01382339	0.911538780	0.848174393	0.773712039	0.718214393	0.696883678	0.666443527	0.594545782	0.552003086	0.527672827	0.503429711	0.474888265
-29.0000000	0.487418383	0.434414864	0.388543665	0.350319594	0.319957227	0.291114002	0.264838338	0.237270951	0.217342809	0.192022562	0.172447205	0.156322807	0.135502562	0.145771191	0.200736731	0.289344251	0.310968727	0.383127838	0.673611820	1.04631257	1.29647100	1.63028884	2.11442113	2.50986457	3.06275749	3.55001831	4.21598101	5.29343510	5.65220118	5.07313585	5.76399374	4.94439030	3.51151490	2.96114898	2.30005527	1.66473794	1.42976391	1.38765538	1.45017362	1.51142538	1.55807781	1.62974596	1.69182289	1.86423039	2.11042428	2.37830329	2.70985746	3.11587906	3.25391769	3.33327174	3.40522265	3.62507677	3.92407441	4.07619238	4.28518295	4.26727962	4.16437960	4.13793659	4.21353340	4.13915968	3.99647808	3.85303545	3.75543666	3.62539220	3.47650909	3.40840936	3.43542862	3.37878537	3.30112934	3.23392820	3.06453538	2.65440178	2.32678366	2.11606264	2.00058198	1.94026601	1.91588032	1.85372138	1.74273336	1.73208737	1.67913580	1.55739093	1.42854047	1.35203385	1.31446218	1.22425139	1.06438601	0.926148951	0.875555277	0.868281782	0.877499282	0.881746471	0.814093292	0.730692029	0.655129433	0.560066402	0.484243184	0.430295765	0.390531629	0.360296667	0.338117748	0.330123603	0.268784642	0.231726959	0.206592485	0.202119857	0.209097356	0.217470244	0.255814552	0.288931698	0.305552155	0.260511845	0.226230487	0.248439610	0.336597830	0.494207978	0.726071835	0.844688118	0.960209370	1.03534555	1.05590022	1.05705357	1.04945624	1.11286438	1.06859803	0.978862345	0.915690958	0.861767292	0.753386438	0.638750196	0.589489222	0.642094553	0.739357173	0.858222067	0.898119450	0.883945465	0.957976639	0.986801744	1.10111904	1.30793619	1.40732861	1.53475916	1.85173130	2.02649117	2.04812837	2.00447989	2.08920026	2.20852518	2.17777467	2.19798779	2.05419612	2.19013715	3.02081752	3.95932722	3.83201814	3.00822186	2.27577019	2.16386986	2.08851790	2.21420455	2.39081120	2.49154353	2.55839825	2.62626052	2.53453016	2.55604959	2.66977215	2.81842566	3.05764389	3.16412497	3.27085924	3.51502466	3.56926584	3.56097889	3.59944105	3.71400905	3.75935483	3.80138206	3.82059789	3.76696086	3.73554206	3.70222354	3.54947424	3.44358921	3.58384752	3.78085399	3.95647907	4.06402779	4.05533314	4.24001694	4.30212688	4.33896494	4.33876657	4.22753906	4.03486109	3.86110091	3.80683994	3.88112354	3.99927831	4.07193851	4.14321756	4.24088860	4.43257427	4.71387863	4.87087202	4.98513794	5.14519930	5.31176996	5.39672184	5.11076927	4.88027048	4.86671066	4.97533035	5.10378170	5.20704460	5.37818813	5.61810970	5.42471409	5.11767530	4.96381664	5.03010559	5.04779243	5.01207447	4.75374365	4.61232090	4.51686001	4.35373926	4.27623701	4.30019951	4.33675146	4.42727852	4.31735992	4.15079403	4.03721762	3.98275781	4.20484686	4.28928280	4.24588442	4.09823704	3.88732648	3.72553897	3.67038226	3.66062927	3.66948223	3.62995005	3.54823637	3.61147761	3.61185741	3.50619125	3.31226516	3.00152683	2.79725266	2.67152071	2.63640308	2.50628018	2.34421992	2.21245432	2.08873010	1.91670263	1.82844937	1.75781155	1.58390915	1.46203566	1.38368583	1.30572295	1.18697178	1.09616613	1.00006628	0.909550786	0.772791147	0.696421504	0.660496354	0.605658233	0.514504075	0.448158979	0.405222476	0.365052968	0.325530022	0.283425093	0.240948021	0.194114894	0.149207026	0.110883608	8.42284858E-02	6.64394349E-02	4.87497635E-02	2.05819178E-02	4.79642376E-02	0.201973677	0.128989428	0.469984323	1.72026849	3.86307144	3.26373029	3.31121945	2.96576047	2.54883099	2.73942661	2.86435795	2.98566437	3.09293437	3.25867248	3.76260328	4.11645603	4.39178419	4.60548735	4.92455769	5.07603741	5.00947428	5.19906330	5.38720703	4.58143187	3.98369527	4.15022612	4.27201557	4.41730452	4.66507530	5.08325720	5.38483667	5.62838602	5.85772276	5.78128147	5.89901781	5.93020725	5.74859142	5.56205416	5.29679728	5.08816004	4.71595097	4.35283852	4.04955101	3.79251742	3.70265174	3.37015414	3.13662457	2.99405885	2.82671261	2.69325161	2.63030481	2.48163986	2.26071072	2.05486059	1.87217271	1.75457311	1.61309016	1.47336984	1.37070358	1.27183759	1.14451420	1.00984180	0.908093512	0.842592955	0.790738523	0.763099253	0.723578393	0.663480043	0.584691823	0.565336764	0.533730209	0.500626802
-30.0000000	0.487355739	0.453642488	0.438036472	0.399563998	0.366845042	0.334637314	0.303170413	0.278759539	0.248847127	0.221388504	0.195446894	0.176240161	0.158564150	0.150487900	0.151669443	0.253352165	0.358360589	0.305125207	0.561625957	0.908819318	1.12037623	1.40473425	1.71046519	2.05284286	2.60508752	3.18553162	4.08577156	4.69934559	4.80986118	5.95163918	5.77726936	3.95384693	3.30760360	2.82867122	2.21385813	1.82764363	1.55568385	1.37295353	1.40783477	1.47973037	1.55939901	1.63048112	1.70017707	1.79719627	1.93346429	2.14429188	2.40701270	2.63591933	2.87080336	3.02981830	3.13049293	3.21830583	3.41180992	3.65400529	3.78522706	3.75462985	3.79651976	3.94994283	4.08588457	4.07586908	3.93631124	3.83540273	3.73195934	3.62940550	3.52956891	3.40854478	3.38183761	3.30963707	3.22665524	3.14366412	2.98684001	2.71005702	2.46894336	2.20113063	2.01127887	1.88602400	1.79981351	1.74922693	1.71412838	1.73932707	1.70729005	1.56169736	1.39625919	1.28830898	1.23047280	1.16150117	1.04161024	0.944578111	0.891749501	0.857634485	0.841374695	0.851181865	0.863776803	0.792791963	0.705211937	0.594720066	0.505103767	0.436397731	0.392608792	0.374231517	0.355644017	0.336343676	0.307038277	0.276022077	0.254525751	0.247739762	0.239375517	0.213779524	0.211182475	0.212806806	0.231665760	0.224864647	0.217918083	0.222929999	0.241827115	0.308842540	0.605130494	0.771963775	0.853171945	0.906399369	0.970624745	1.04453290	0.990048289	1.03115308	1.02199817	0.943991959	0.889184892	0.849891603	0.757703483	0.625109732	0.491546899	0.535173118	0.610149622	0.706982434	0.776298285	0.781255424	0.796637475	0.849256575	0.972385228	1.13742781	1.26755345	1.41856277	1.72228312	1.84722137	1.84739983	1.80817401	1.90328968	2.00496030	2.08777475	2.21195006	2.35989285	2.60809922	3.60781431	4.12245941	3.71640968	3.04109049	2.60575557	2.32996011	2.09441805	2.09682655	2.17464328	2.30800104	2.41285682	2.50345540	2.50072765	2.46422720	2.39098072	2.45377159	2.55538011	2.70765710	2.92059112	3.21528673	3.56823087	3.50141406	3.42919421	3.49937057	3.60443091	3.57009196	3.62773013	3.67569327	3.59422326	3.61599708	3.52110052	3.41141391	3.44007111	3.55088735	3.65104222	3.73721790	3.81400633	3.91534472	3.88903546	3.96560359	4.05431271	4.04841805	3.92970610	3.78686976	3.68269467	3.62864208	3.66914678	3.77136660	3.89568686	4.01311731	4.25195217	4.47182703	4.60074377	4.73683310	4.87467003	5.06973124	5.17647696	5.13160849	4.90739298	4.66564131	4.55462408	4.62679005	4.77434158	5.02334595	5.33741760	5.35996437	5.11083651	5.03773546	4.99938536	4.89448977	4.79528809	4.59919119	4.48027563	4.42404366	4.32272673	4.15773869	4.11042404	4.18034649	4.28215885	4.20520067	4.15430260	4.03003693	3.87818027	3.88684583	3.92658710	4.03467989	3.95245290	3.74334693	3.54389119	3.39179897	3.30139041	3.45058870	3.49421477	3.40352345	3.41813993	3.42014027	3.33849955	3.16391635	2.93099761	2.81877112	2.75047851	2.74040937	2.59984374	2.38243747	2.21273708	2.12073827	1.98382032	1.87296844	1.75553715	1.62855947	1.49978149	1.40446150	1.34329760	1.29576600	1.19328046	1.10394788	1.00062156	0.865789175	0.752294183	0.698666453	0.634801745	0.565356970	0.500074565	0.440419704	0.388470948	0.344139129	0.314213067	0.270283669	0.214053839	0.160422489	0.119976483	9.21780020E-02	7.08357617E-02	5.14872000E-02	2.43503992E-02	5.22417650E-02	7.84893557E-02	8.69191214E-02	0.597755551	2.67545366	2.68409419	2.29737473	2.64942265	2.28047538	2.40360522	2.43814468	2.47483063	2.77726960	2.82020617	3.07483697	3.35142088	3.70837450	4.03459740	4.07014704	4.11553431	3.99466729	4.04554605	4.09715700	3.54965091	3.32119560	3.69118166	4.00242090	4.09214115	4.23739910	4.56178427	4.93440771	5.23176050	5.49433613	5.53227472	5.50176668	5.45375633	5.41392612	5.60722160	5.58384657	5.40635872	5.21526194	4.93779087	4.38111734	4.19419813	3.93555546	3.75012350	3.52971578	3.31551647	3.19883752	2.91427326	2.70319176	2.63927960	2.59617949	2.44351387	2.26511645	2.12456179	1.98947525	1.77136767	1.57847905	1.48257864	1.40876782	1.29861009	1.15608525	1.03649461	0.947772682	0.876630962	0.822738945	0.779038548	0.730787039	0.661926210	0.607867181	0.571007490	0.517394900
-31.0000000	0.543870747	0.506852686	0.472614497	0.439053088	0.408950657	0.384665757	0.351640075	0.305395931	0.270221055	0.236199588	0.208749607	0.194637597	0.181645930	0.168467760	0.153839529	0.141819835	0.317707211	0.357550532	0.407441527	0.650097370	0.896621704	1.13683963	1.41970456	1.76747978	2.30907893	2.89457440	3.48743963	3.99709821	4.87995434	5.05410767	4.57481289	3.61468410	3.04745913	2.75215244	2.31795001	1.98508549	1.77774763	1.60095596	1.51362717	1.51904380	1.58928192	1.69719899	1.76649487	1.81603098	1.84740138	1.96005583	2.14413190	2.34405160	2.66317129	2.86698794	2.96744466	3.07296371	3.30039668	3.38089418	3.40962172	3.42822719	3.40707612	3.45966196	3.67258692	3.90983343	4.04403973	3.97123027	3.84030795	3.71092105	3.57809591	3.44609571	3.32600331	3.14865232	3.03303528	2.89052129	2.76148009	2.62719202	2.50211167	2.30058932	2.06717825	1.89463472	1.76171041	1.69227421	1.68069971	1.70741427	1.68094742	1.55867910	1.41535723	1.30559552	1.21740699	1.11936963	1.00926435	0.919734478	0.878078878	0.858011663	0.828761041	0.799300134	0.787900388	0.776017427	0.746817827	0.664359868	0.554903328	0.480911791	0.444029748	0.409297705	0.369859695	0.340671599	0.332302302	0.314343363	0.300363839	0.290819526	0.276583642	0.260845214	0.255637437	0.244738087	0.234452158	0.238244385	0.240989774	0.219718799	0.200820968	0.218158558	0.417923301	0.634857833	0.753919899	0.772528231	0.765740216	0.926357806	0.979813457	0.995780945	0.977119923	0.982179344	0.971926570	0.898593783	0.778551757	0.657843888	0.550115347	0.469870567	0.515725195	0.593816400	0.674742997	0.703355730	0.711740196	0.718109965	0.789578617	0.942343950	1.08568788	1.25421762	1.52912319	1.83368742	1.86077023	1.93841922	1.92478096	1.98577726	2.14541864	2.33572960	2.48089552	2.85490727	3.82362294	4.46237659	3.70006490	3.10123086	2.73811603	2.53164744	2.33733678	2.13782835	2.09529710	2.16447186	2.29357171	2.47482920	2.47416115	2.45578265	2.35342741	2.25668097	2.25395632	2.32472825	2.47694612	2.76548529	2.97148824	3.17138624	3.25229716	3.31913090	3.35140061	3.38777494	3.42485952	3.45490670	3.52478671	3.58776784	3.58838797	3.38952804	3.28771806	3.38456011	3.46718597	3.51072860	3.64214802	3.66681027	3.67344451	3.75178099	3.87628412	3.92888165	3.80042005	3.65109682	3.55467820	3.45164824	3.41524029	3.42940402	3.43451595	3.58438396	3.86861563	4.15955162	4.34619617	4.47477245	4.65656614	4.96432924	5.19754505	5.12720680	4.92035675	4.74673414	4.52942324	4.39355373	4.40636635	4.45607948	4.70113611	4.96322823	4.98117018	4.81809616	4.78129816	4.72607470	4.53961706	4.35283756	4.31902266	4.23036861	4.06611109	3.90270662	3.81068397	3.86791229	4.05780554	4.13146162	4.15484571	4.08276224	3.94000483	3.82579565	3.73742771	3.75241041	3.77898979	3.71524668	3.55826235	3.37713170	3.26000357	3.25279284	3.28667903	3.25690269	3.25270081	3.21559286	3.20911765	3.18657756	2.97525120	2.74687624	2.61357784	2.63263321	2.54819226	2.37479305	2.22843242	2.17208505	2.05783057	1.94609880	1.81003892	1.64996779	1.48719013	1.36766589	1.28239918	1.22865188	1.10796118	1.05104804	1.01099229	0.937326252	0.820893586	0.772380054	0.705484152	0.627460539	0.545338094	0.466736376	0.403986961	0.361774802	0.335423499	0.292150080	0.239763618	0.188559368	0.141600952	0.103987440	7.76397586E-02	5.13172820E-02	3.29824798E-02	4.31891978E-02	3.44534405E-02	0.174466088	0.901873410	1.85825741	1.88860822	1.67883408	2.26017857	2.45920968	2.45827508	2.21802974	2.43542528	2.73834419	2.77922797	2.89715195	2.94271851	3.25606680	3.49575496	3.66892624	3.75730491	3.81747389	3.60791731	3.17643905	2.96858597	3.16047955	3.50993133	3.86611271	4.09804773	4.22553825	4.56680536	4.85547066	5.16951752	5.43274069	5.49710608	5.40359402	5.24856853	4.99721336	5.12292528	5.26263046	5.32540989	5.24820995	5.01601362	4.66030359	4.23848581	3.92496490	3.81523132	3.61190820	3.30229259	3.10297203	2.94250250	2.72511220	2.61399150	2.50877571	2.44716644	2.39079261	2.29758263	2.25615883	2.01780868	1.82187855	1.65842140	1.53623736	1.39796567	1.27505529	1.19937599	1.12878942	0.996868134	0.914029300	0.849412799	0.810013652	0.770004690	0.693927288	0.636299968	0.584188581
-32.0000000	0.642787218	0.589718878	0.539238214	0.505848229	0.465404391	0.425916016	0.377533466	0.329741985	0.284587204	0.253854722	0.229875147	0.216963351	0.206268474	0.194878802	0.173769116	0.155450866	0.158112720	0.207911506	0.302900404	0.452653915	0.758908093	0.981372833	1.20421588	1.54268849	1.92005289	2.66842222	3.32151771	4.35033464	4.30727148	3.77178192	3.34686351	2.89981127	2.74473643	2.49919105	2.25984383	2.16642523	2.03980827	1.89058101	1.71986115	1.62505090	1.59804153	1.68388343	1.85208690	1.90698695	1.90828514	1.95120084	2.08943796	2.28463483	2.49314404	2.65845823	2.83187652	3.04716611	3.21968746	3.27857828	3.28601074	3.27201128	3.16484785	3.05946636	3.23478341	3.52004337	3.73745966	3.82674527	3.79895902	3.73243761	3.67340803	3.52330351	3.29852962	3.06246567	2.90128088	2.77556276	2.66788721	2.56795335	2.44882441	2.30936027	2.13121367	1.93514037	1.77881551	1.71237314	1.69010496	1.66660917	1.62323856	1.48436427	1.36105490	1.26361656	1.18370593	1.10546935	1.02458227	0.938406169	0.907456994	0.898832858	0.871570826	0.820295274	0.772245407	0.757326245	0.731497645	0.692292929	0.609951675	0.526888788	0.475305855	0.449928701	0.396539301	0.351161271	0.322483689	0.312048733	0.311480641	0.312792510	0.315832317	0.313817769	0.303947270	0.294883192	0.286336094	0.278154016	0.257158786	0.215300873	0.197015032	0.181202382	0.289519936	0.469720870	0.606043398	0.640617073	0.680106223	0.772667944	0.870042264	0.925036609	0.885024011	0.926879764	0.937977135	0.890965462	0.790274858	0.672426701	0.579946339	0.492814064	0.453954250	0.461119682	0.535551071	0.644871593	0.670342326	0.672730565	0.765729308	0.850732565	0.972498953	1.08160126	1.32842731	1.52932894	1.72124350	1.87195039	1.99301839	1.96896017	2.10807943	2.37681150	2.50088477	2.91546583	3.80133986	4.17131662	3.76885843	3.21372414	2.99750280	2.75040293	2.55262327	2.36430359	2.15070462	2.06022954	2.17707562	2.27026081	2.33841825	2.36122441	2.28137422	2.17538929	2.10649467	2.13837337	2.30125833	2.50323558	2.67253780	2.82204986	2.92525268	3.02381182	3.06106853	3.16831517	3.26021457	3.29443336	3.31547141	3.45724034	3.46931338	3.37616730	3.29216051	3.32416654	3.39659619	3.44450378	3.50012612	3.57368612	3.60351443	3.60979390	3.71726036	3.83271766	3.69001770	3.57506108	3.50464177	3.41516256	3.32825470	3.32192707	3.21364379	3.23230195	3.44290662	3.66185474	3.95712709	4.19497347	4.37650537	4.68433094	5.02992773	5.01262808	4.79536057	4.64837265	4.56392574	4.44092798	4.33165407	4.17537308	4.21388578	4.48413897	4.75756741	4.74126577	4.61194324	4.51068926	4.29774618	4.11865854	4.09057522	4.12311888	4.02187634	3.82986951	3.66370940	3.59912515	3.69562268	3.82164598	3.84692478	3.87837148	3.88622737	3.81707621	3.71340132	3.61717463	3.66091275	3.62571621	3.60700560	3.45938110	3.27892709	3.20090175	3.22705436	3.29388976	3.24766302	3.14890361	3.10684657	3.10764313	3.02618289	2.88521695	2.71747422	2.54397964	2.47079659	2.38710070	2.20956635	2.13963699	2.05324221	1.97286630	1.89240193	1.73255908	1.52944708	1.37953651	1.26656997	1.19865453	1.11924863	1.07222474	1.05231464	1.01334023	0.907621861	0.835277736	0.768211186	0.711193740	0.643823326	0.538106382	0.450696230	0.392301351	0.349202901	0.311786652	0.269655108	0.217162803	0.162217438	0.119883604	9.06084031E-02	6.66273534E-02	3.60964797E-02	6.44774437E-02	5.23432828E-02	6.01732843E-02	0.467846632	2.09448290	1.65326691	1.64834344	2.13593769	2.63064027	2.50824165	2.26766157	2.37796545	2.49218059	2.60144067	2.69773626	2.75136971	2.89066386	2.96195483	3.11240149	3.30107856	3.40670943	2.98504806	2.73610878	2.91402864	3.15866756	3.44062662	3.69979262	3.99665236	4.24430227	4.52906799	4.82215405	5.12354279	5.46185684	5.64020491	5.55376434	5.34145069	5.01359558	4.86333752	4.87927389	5.03139591	4.92370701	4.89822769	4.79560280	4.58254385	4.19494486	3.78877878	3.62765670	3.39267874	3.22911859	3.02213597	2.87118220	2.70269132	2.53594303	2.42682028	2.38691449	2.38582444	2.34134555	2.21897173	2.07802153	1.87532496	1.70681918	1.55722177	1.44218814	1.38102484	1.26386428	1.14158440	1.02971673	0.904543936	0.882719994	0.841649771	0.788552642	0.730499744	0.681396484
-33.0000000	0.744657874	0.693696260	0.650760412	0.624178767	0.590708196	0.522621393	0.457482964	0.388342828	0.331977576	0.295732796	0.269265592	0.244796395	0.242048904	0.234284401	0.235960588	0.204853669	0.189693362	0.225496814	0.354722410	0.543867826	0.878590763	1.09404635	1.38082397	1.61393332	1.93780088	2.23884797	2.92361832	3.10552502	2.75848413	2.69354439	2.59967947	2.56188679	2.52862072	2.45024562	2.36594176	2.28280115	2.20403099	2.08198786	1.88459706	1.76642191	1.73025203	1.74696553	1.84162974	1.97059894	2.01018238	2.08075309	2.18792510	2.35671830	2.44658160	2.48481441	2.64776111	2.85443497	3.02840352	3.12414503	3.19615555	3.22398210	3.11837029	3.05798125	3.10070610	3.20447731	3.33564258	3.48271036	3.59915614	3.63760781	3.61575723	3.51311970	3.30974078	3.03032947	2.82888079	2.73477674	2.65365791	2.54137015	2.42576694	2.26609969	2.10980868	1.97894382	1.85749257	1.74558461	1.68845189	1.64890230	1.58411801	1.44961846	1.34412348	1.25236499	1.16768301	1.09917140	1.04123366	0.983461738	0.969598889	0.958942771	0.929720879	0.874977827	0.818689585	0.800271392	0.766838253	0.720163465	0.679417193	0.622754633	0.559416950	0.512334704	0.456465602	0.409860730	0.365333050	0.334884942	0.321526825	0.324308157	0.329973847	0.323634952	0.302702397	0.282428622	0.274612308	0.280334860	0.268378556	0.234900758	0.214323834	0.195475683	0.230555519	0.350717783	0.482064515	0.565275609	0.614882171	0.650100946	0.706972361	0.797433078	0.758163631	0.725623846	0.722936928	0.770893157	0.786178768	0.716999769	0.633370340	0.533895135	0.485246867	0.470109582	0.431866109	0.557311714	0.653683007	0.600806892	0.686195970	0.798499465	0.837537169	0.900371552	1.03194511	1.21681082	1.38497257	1.70527673	1.92116296	1.92751265	2.03588867	2.24475574	2.56491375	2.98104334	3.62561536	3.95578718	3.88829064	3.53742552	3.07591915	2.69261265	2.55629182	2.45623398	2.28240275	2.21932864	2.16068769	2.15563536	2.22418356	2.30203795	2.25398517	2.09014273	2.06668234	2.11852717	2.25630379	2.40295315	2.48349357	2.60124159	2.72345686	2.73642850	2.77484107	2.85843873	2.96836567	2.94983482	2.98838878	3.08737731	3.20200205	3.16938305	3.15094662	3.20523977	3.27798057	3.31372380	3.30800033	3.30033278	3.41713285	3.47029543	3.48761582	3.59212542	3.60482574	3.50634193	3.50197053	3.39660788	3.27040029	3.22078824	3.12924671	3.10927677	3.15550375	3.29052567	3.50995183	3.76714444	3.98164749	4.30825663	4.62446117	4.71224308	4.58147621	4.55093527	4.56283617	4.51682854	4.36868715	4.17466879	4.14739609	4.18735886	4.29901314	4.42782307	4.47204733	4.46440935	4.29031944	4.15010881	3.95272851	3.83429313	3.82951427	3.77687645	3.65701294	3.59247017	3.57277489	3.61812329	3.65348554	3.65042233	3.75330973	3.76664090	3.66164351	3.54230690	3.51818705	3.48047781	3.52487445	3.44380832	3.26361394	3.10965443	3.05862689	3.15788102	3.24965572	3.21825480	3.16113114	3.12727809	3.06804967	2.91627121	2.84430385	2.61832833	2.45917463	2.34340262	2.14437509	2.09462547	2.10668635	2.07205653	1.97117364	1.81586444	1.65775883	1.53790045	1.39203501	1.26494491	1.17547846	1.14621758	1.13138998	1.07962132	1.00422788	0.932350278	0.849129915	0.770581484	0.735929966	0.636345387	0.550825238	0.479980081	0.418035567	0.363898814	0.304292172	0.247755587	0.193798795	0.145018801	0.110903040	8.85772854E-02	5.97196780E-02	6.30950481E-02	7.76174441E-02	0.167805359	0.409769237	1.64657307	1.92134309	1.42507005	2.15026355	2.38075137	2.27479458	2.27923107	2.45347786	2.42714882	2.43943477	2.49012780	2.50500536	2.52653742	2.55127168	2.64681268	2.63300538	2.31755304	2.23907900	2.37363982	2.63255715	2.84956193	3.04300809	3.34216857	3.65397477	3.99032140	4.33124733	4.69715643	4.97645187	5.28295851	5.55778885	5.61186171	5.52447367	5.33067083	5.06830788	4.88280296	4.90155888	4.84899473	4.79286718	4.81414652	4.74672556	4.59389257	4.29366970	3.96320534	3.75741935	3.41613960	3.16049194	2.97530580	2.85497284	2.68517375	2.45641041	2.36951923	2.38264942	2.45866418	2.33519840	2.21127319	2.05906463	1.89562106	1.76602399	1.69281149	1.60686362	1.47754216	1.30430651	1.18309462	1.05744886	0.958404958	0.888103366	0.850553989	0.806349576	0.773965478
-34.0000000	0.802586138	0.747622788	0.713854074	0.696893752	0.670083821	0.631954134	0.558516264	0.480337203	0.413886249	0.356472701	0.327657580	0.301050007	0.292233586	0.294663578	0.295150340	0.282877207	0.293284088	0.333316833	0.491317213	0.763967514	1.06570578	1.37594080	1.52395630	1.81094110	1.73304439	1.60015821	1.63830388	1.85507202	1.88352644	2.03989244	2.34207225	2.51622725	2.58080959	2.61877036	2.60311389	2.51175380	2.37744212	2.26207566	2.14053750	2.08022118	2.06435037	2.02408051	1.91392636	2.00983191	2.13103509	2.22011280	2.30079246	2.39061451	2.50263715	2.56483293	2.59776211	2.67264295	2.80342078	2.91701651	3.06004620	3.11598086	3.11915469	3.06209898	2.99862432	3.00895691	3.07275629	3.18658972	3.35765290	3.40477347	3.39188218	3.36406541	3.26664472	3.03056049	2.94237161	2.84489274	2.68649411	2.48963547	2.37179542	2.21251774	2.10568738	2.03377104	1.93541324	1.80738866	1.71399534	1.64758897	1.58334112	1.50252914	1.42540503	1.32786441	1.20695186	1.12051654	1.06306767	1.01576018	0.997099876	0.987852991	0.967218459	0.920741081	0.867990196	0.837709188	0.811398268	0.760227144	0.721336365	0.682181954	0.635883808	0.585833788	0.533077240	0.491755664	0.445076644	0.400339454	0.368029445	0.355216295	0.350086331	0.334941804	0.303143024	0.268964618	0.248891041	0.258865923	0.259101331	0.252303839	0.243650168	0.248999029	0.279727191	0.368239671	0.485633522	0.548722029	0.554660678	0.551100254	0.551970720	0.620756626	0.628556430	0.596079350	0.581160188	0.608014822	0.644776523	0.669913173	0.644418716	0.608569205	0.556863844	0.534221947	0.506496966	0.508258820	0.568160653	0.597359538	0.631326973	0.684551537	0.715658426	0.813075125	0.929332852	1.07858944	1.28834140	1.55163682	1.77742791	1.94097674	2.01364636	2.25844216	2.57679796	2.87501192	3.35042500	3.63582516	3.56763864	3.32161331	2.97654772	2.74767351	2.57453227	2.58331633	2.52267694	2.42624640	2.33531499	2.25328541	2.21001530	2.27623248	2.33499169	2.25202036	2.13630247	2.12259364	2.26733828	2.33453584	2.34269714	2.45284057	2.52663112	2.54576445	2.56170893	2.63603449	2.71627045	2.75312805	2.77013516	2.82364368	2.94215131	3.00653577	3.05699325	3.11145544	3.10568309	3.09992242	3.16028237	3.12440443	3.15590024	3.25544739	3.28546572	3.40774322	3.42866874	3.40113378	3.38843513	3.29674816	3.19831181	3.11573458	3.09047127	3.08244371	3.09937882	3.12215042	3.18946171	3.32914829	3.50473690	3.75657034	4.10251284	4.34418249	4.39051294	4.32397223	4.27217102	4.28941536	4.14565706	3.96935654	3.89838910	3.89649606	4.00018978	4.07872963	4.17356873	4.24788284	4.26074409	4.21126699	3.90319848	3.68405485	3.64679885	3.68803740	3.58778048	3.52967310	3.51810312	3.58000278	3.66082144	3.71306586	3.68864489	3.71843052	3.66726089	3.56522346	3.48093033	3.38212729	3.33187819	3.25174832	3.16155887	3.09026170	3.07330966	3.10202885	3.15475845	3.14242697	3.10877323	3.07669616	3.04173088	2.99126005	2.90244102	2.68914461	2.52208567	2.40940237	2.22335005	2.10514545	2.07086539	2.08225656	2.03514600	1.91062307	1.79895318	1.69030726	1.58027267	1.45355916	1.34187710	1.28487241	1.21240866	1.13423836	1.06338024	0.995999038	0.927990735	0.862940192	0.796391308	0.719187081	0.637819886	0.560698569	0.500189722	0.435859174	0.357991189	0.285247445	0.218597040	0.169293597	0.138898805	0.117953993	0.103674956	8.85945559E-02	4.45644036E-02	0.320419431	0.678461015	1.45317101	1.70635462	1.39424610	1.77285385	2.07372308	2.01866817	2.20057487	2.38453507	2.47616267	2.45200968	2.42625570	2.36657739	2.47837543	2.47228360	2.47332168	2.26910734	1.94868791	1.94894004	2.03029561	2.35122848	2.55597854	2.73068857	3.05329537	3.38419580	3.66267133	3.98281622	4.24584484	4.56764269	4.89203405	5.26012516	5.44794512	5.48723459	5.48303080	5.28037691	5.11700726	4.96598625	4.86439610	4.83652401	4.81681585	4.75649118	4.68905592	4.57038927	4.37136126	4.14543819	3.88617277	3.58615351	3.28382850	3.07361317	2.92259955	2.70376134	2.51759791	2.38983846	2.50478625	2.47810626	2.35358644	2.13998461	2.00320268	1.91689050	1.85187888	1.77192307	1.67511463	1.48765969	1.36538136	1.22104216	1.08554327	1.01155889	0.945897043	0.897074640	0.850900233
-35.0000000	0.896013319	0.821458101	0.766753256	0.760700881	0.738506854	0.716935694	0.651769221	0.565810561	0.508610845	0.452496976	0.413416088	0.399857074	0.370378077	0.359039485	0.364331543	0.373203367	0.392304957	0.434163630	0.567725062	0.768118262	0.960449040	0.980013609	0.955096543	1.07853127	1.23247516	1.20185208	1.26938725	1.39361823	1.65470111	1.92911482	2.13281345	2.44253325	2.64556861	2.79038668	2.85955048	2.83483601	2.70357108	2.58538914	2.49498725	2.45750046	2.48462629	2.36603451	2.27088785	2.18988872	2.17454767	2.27673388	2.37947345	2.44255018	2.53145242	2.63515973	2.68368769	2.73114634	2.76113462	2.77840018	2.79932570	2.89764357	2.97492528	2.95492578	2.87046504	2.82369614	2.84114003	2.96832681	3.13730216	3.23037791	3.23314309	3.16935444	3.07647300	2.94742250	2.93635821	2.92104077	2.77396989	2.56776619	2.38272262	2.20157933	2.06930375	1.98425066	1.93103302	1.90187478	1.82070494	1.72371602	1.65779424	1.60985160	1.55349219	1.44533372	1.31644213	1.20475435	1.13264573	1.09208953	1.06329882	1.01810956	1.00867832	0.980190635	0.929512799	0.879523218	0.851455450	0.825681508	0.785247147	0.745697558	0.712074935	0.672300756	0.629522622	0.576624274	0.531516969	0.497226268	0.463394135	0.406082153	0.388310403	0.374516636	0.350628495	0.315925926	0.294686615	0.300741822	0.290516376	0.281036854	0.292317837	0.327543139	0.376953810	0.449477255	0.523280919	0.556948841	0.550165653	0.568887889	0.561628759	0.551610053	0.565085530	0.561146438	0.546155274	0.552787185	0.588556826	0.645301461	0.657182932	0.640123844	0.632851899	0.608315766	0.588901699	0.593440592	0.572084665	0.586388886	0.617432415	0.664989173	0.713193119	0.806032777	0.911197424	1.02436483	1.20174551	1.38689137	1.72104681	1.99476719	2.25243640	2.51456189	2.81995654	2.88305640	3.17456365	3.30624604	3.25915837	3.04174137	2.95009756	2.87363243	2.86275268	2.75916529	2.68882990	2.62353683	2.54628658	2.42623281	2.33921099	2.35708642	2.38234377	2.34868407	2.31509137	2.29330945	2.35294676	2.33315587	2.31796432	2.39062047	2.53095770	2.54772997	2.57407260	2.57985353	2.59232473	2.63220048	2.65933585	2.68022871	2.78599882	2.85825753	2.92185593	3.00764871	2.99334383	2.91835809	2.97646213	3.08779860	3.07497525	3.03484535	3.04514575	3.12899756	3.22608829	3.25697708	3.22739053	3.18450522	3.18970299	3.21583271	3.15227652	3.12257218	3.15294623	3.18027163	3.15279055	3.17866826	3.28334785	3.47191119	3.75329804	4.07950306	4.31814909	4.29203892	4.04167986	3.97221494	3.97530937	3.89469242	3.80401111	3.82100558	3.80721855	3.76888537	3.75952458	3.97520995	4.02384615	3.96202970	3.82171607	3.64801431	3.50718617	3.52711272	3.58157682	3.58126187	3.56472015	3.64482880	3.68414116	3.72463489	3.72300363	3.67423630	3.60615659	3.57107329	3.50506377	3.38099551	3.32380152	3.20539832	3.09844208	3.00070786	2.95138359	2.99421525	3.10763383	3.10879707	3.04035687	2.97796488	2.97815323	2.97205615	2.92094636	2.78766346	2.64564419	2.52932000	2.40938783	2.30742216	2.20214438	2.12492657	2.04901981	1.95001912	1.89315152	1.81376934	1.71202528	1.59851468	1.50793409	1.45946598	1.34967518	1.24966884	1.15988684	1.07019281	0.999321163	0.948767781	0.866490424	0.780502260	0.699122906	0.634173870	0.593051016	0.524077892	0.445225686	0.353432149	0.284038574	0.226552323	0.183993131	0.159683764	0.180889204	0.148736164	0.129574090	0.175839826	0.490458190	1.76742053	1.74211693	1.38519788	1.50444722	1.73991525	1.92115295	2.14628196	2.28327274	2.45251274	2.49230576	2.43345380	2.21637392	2.20579290	2.22775102	2.19408107	2.07612157	2.07847238	2.05319738	2.15589976	2.30009604	2.47065067	2.62375641	2.83043385	3.19203925	3.55604982	3.76644135	3.96102309	4.14768887	4.43889523	4.72179556	4.98248434	5.03936481	5.14131069	5.07484150	4.97558069	4.88317871	4.68467855	4.60650682	4.57018042	4.54415655	4.53216982	4.52469587	4.45909929	4.34318876	4.19258451	4.11858320	3.74610162	3.47125483	3.26048684	3.09702897	2.88031459	2.65215683	2.57572579	2.55058265	2.47509217	2.33450866	2.16771984	2.04305911	1.89103031	1.85994434	1.76759648	1.66470909	1.57347202	1.43321252	1.29431295	1.18847084	1.12976575	1.04263568	0.968611658
-36.0000000	1.07223344	1.01211548	0.939443052	0.923642635	0.890001357	0.844088316	0.767365932	0.673896968	0.615725935	0.592883289	0.550450027	0.525368154	0.492731303	0.463133544	0.446911931	0.452342123	0.467345536	0.497705758	0.569965720	0.707472026	0.804545224	0.908542871	0.975579143	1.00145948	1.09255171	1.17654765	1.29053235	1.43745613	1.63685238	1.86653817	2.09466004	2.33284259	2.60499692	2.85123944	2.98386359	3.04710579	2.98769522	2.86240911	2.74163675	2.69357896	2.67263222	2.58935833	2.50080204	2.42776847	2.37586379	2.38119268	2.41906595	2.46813416	2.55275202	2.69546032	2.79235673	2.85038304	2.88141322	2.85040307	2.79954648	2.80849409	2.88187695	2.90217042	2.82481647	2.73687983	2.72732258	2.80448937	2.91109538	3.00110817	3.05654407	3.02707219	2.92039990	2.84008193	2.82110858	2.92422628	2.87600994	2.76428747	2.60717177	2.41203094	2.24019003	2.10676885	2.01636362	1.97402406	1.94187522	1.88494992	1.84192574	1.75722551	1.63485873	1.51522756	1.44500029	1.34165955	1.25446451	1.19814193	1.15807676	1.08508682	1.05734873	1.04605341	1.03092921	1.00098932	0.965030432	0.969117105	0.937387407	0.894591391	0.851885259	0.783892035	0.730146229	0.670582056	0.622565985	0.589510143	0.565558553	0.509401441	0.472730398	0.447657138	0.424416244	0.389895111	0.376097053	0.377310187	0.377634943	0.372123361	0.362820953	0.389221191	0.417848408	0.446971685	0.491223603	0.514815092	0.523470342	0.530313849	0.548009276	0.539806306	0.553983808	0.546845019	0.532102287	0.524394751	0.529493749	0.575228155	0.635196924	0.682148099	0.678232074	0.684160590	0.641016722	0.655325234	0.669304848	0.634112000	0.673841536	0.704457343	0.769900322	0.865297496	0.941758573	1.04493964	1.09064448	1.38645935	1.75362968	2.23520255	2.60108352	2.97876096	3.04356289	2.83301067	2.93286872	3.05387998	3.00563908	2.90044451	2.87187052	2.93152523	2.94630265	2.90521526	2.79971147	2.71949625	2.61872339	2.49329066	2.43180919	2.40275788	2.37538934	2.44115424	2.57497144	2.59958243	2.53283262	2.47851872	2.38726783	2.32791710	2.45295143	2.56314373	2.64462471	2.64373636	2.59777856	2.57586384	2.58281136	2.58717895	2.65780783	2.73468804	2.76471925	2.84578347	2.88512349	2.78116417	2.81715703	2.92640471	3.00217915	2.95749998	2.90869904	2.95429397	3.04423571	3.05926919	3.02527714	3.07586360	3.17472982	3.27967191	3.17619228	3.07584691	3.02467108	3.07388473	3.14375615	3.16920948	3.21247101	3.38469839	3.68089223	3.98142266	4.25340414	4.29254341	4.08084536	3.84949088	3.79052567	3.76593685	3.70289683	3.64921522	3.59092498	3.65221786	3.71799135	3.86665368	3.92354631	3.81548834	3.71874738	3.63761783	3.51929021	3.42578793	3.43599033	3.43909597	3.39467120	3.49763083	3.55042601	3.59483051	3.64427280	3.66379118	3.58591390	3.53374767	3.44189310	3.34167624	3.29671645	3.23558068	3.18107867	3.02848697	2.86850739	2.84981608	2.91510081	2.92632341	2.88098621	2.83513427	2.84425879	2.88355327	2.93210411	2.84124374	2.69022393	2.56221294	2.49343729	2.41610408	2.30539846	2.19988298	2.11962724	2.05986309	2.00853419	1.94752586	1.85003114	1.73155320	1.64963019	1.63275111	1.54635775	1.44586802	1.33519173	1.23541987	1.13685060	1.04833591	0.966278195	0.879029155	0.786484063	0.720835924	0.672710419	0.633809566	0.566942394	0.457819223	0.368510365	0.306925923	0.260323197	0.236754730	0.290892243	0.291618019	0.294739932	0.624388993	1.01222920	1.55085409	1.69539773	1.31193423	1.37637150	1.58135033	1.77087533	1.91320348	2.11673236	2.33774281	2.43011379	2.44825625	2.39994144	2.21973538	2.23327351	2.20029044	2.28150201	2.39551497	2.47863102	2.53053951	2.56197977	2.58863235	2.66813564	2.82812786	3.05273175	3.42388082	3.75299454	3.88608241	4.02454758	4.05656910	4.21431637	4.40110588	4.49672365	4.58862019	4.60660076	4.53537512	4.53680086	4.46147537	4.34791040	4.24269676	4.18677187	4.19872808	4.23751307	4.23300838	4.16555786	4.04581738	4.01758432	3.89678812	3.72054863	3.58463383	3.40820861	3.21910977	3.03695273	2.87456179	2.66076279	2.52977467	2.38819480	2.30019259	2.19136643	2.08683491	2.00428104	1.88324428	1.75867128	1.69328153	1.58704901	1.45906913	1.32654238	1.23182654	1.19810951	1.14987314
-37.0000000	1.32339811	1.27261364	1.20412362	1.15393686	1.09970343	1.04096806	0.955984354	0.892285943	0.810454965	0.739178598	0.688981712	0.667553782	0.645289242	0.605802953	0.564814806	0.547663689	0.554065228	0.588708699	0.631690621	0.699115634	0.836185038	0.937452316	1.02309704	1.06564462	1.12930560	1.23115385	1.34664476	1.48998940	1.65807557	1.82153678	2.01417041	2.29114008	2.55982161	2.81984901	3.02194953	3.15009427	3.23171282	3.13620639	3.00602150	2.90992475	2.83533573	2.77842307	2.69927287	2.64563060	2.61843276	2.59243631	2.58294940	2.54936647	2.53948402	2.63229299	2.82022429	2.99548578	3.01611757	2.98958540	2.92921400	2.87260413	2.84638882	2.86671591	2.88207436	2.79930377	2.67709327	2.68306828	2.73641610	2.80953074	2.84907174	2.84663153	2.79275465	2.75879884	2.75424051	2.78886819	2.80705690	2.84180140	2.76005602	2.60039163	2.43128300	2.28852224	2.17451382	2.06482887	1.97756195	1.93673301	1.90990162	1.80584860	1.70392680	1.62826991	1.57922423	1.52505362	1.45231056	1.37602437	1.30657387	1.23260319	1.18419623	1.15527964	1.15484905	1.17212331	1.14971471	1.12431669	1.08479667	1.04769516	1.01645279	0.939486206	0.864383101	0.798523903	0.748023868	0.714004576	0.686832428	0.637997746	0.592515349	0.556326687	0.529882550	0.498869985	0.475166142	0.469291687	0.477758855	0.475296497	0.474825621	0.482583582	0.492592305	0.496807903	0.505825222	0.546202838	0.561188877	0.557846665	0.586022437	0.589397788	0.594666004	0.594067633	0.594381571	0.588965774	0.577062011	0.540811419	0.575689733	0.615798712	0.654826999	0.686329186	0.691936612	0.681428194	0.708795428	0.720674694	0.746742964	0.769950688	0.859481275	0.972991407	1.05572093	1.17117000	1.26991081	1.44156313	1.79209292	2.15619111	2.48516345	2.44991469	2.61373568	2.75437808	2.80975914	2.87258482	2.87543225	2.84035325	2.89719319	2.92442322	2.97834110	2.94508576	2.88087058	2.76357532	2.58486629	2.45846438	2.40473747	2.38907170	2.41116858	2.47342610	2.59865427	2.72893095	2.76783204	2.71226001	2.62362957	2.50651145	2.44851136	2.56662202	2.68600965	2.82254267	2.73373628	2.59607077	2.53817725	2.55333686	2.61585689	2.64461637	2.62609649	2.66120195	2.78154564	2.77166581	2.69856501	2.69323850	2.78230882	2.87561178	2.90940070	2.84304571	2.80368590	2.84402299	2.91840911	2.99600410	3.08093667	3.10360050	3.04575372	2.92860413	2.86469197	2.88717914	2.97815394	3.13391662	3.19248915	3.28099060	3.49725294	3.82154202	4.08770514	4.09817791	4.02079773	3.89265275	3.79472756	3.79036927	3.69305801	3.57004404	3.52649784	3.57776999	3.66019988	3.75776196	3.85133839	3.82886338	3.67125344	3.62037396	3.56149173	3.42141294	3.29922080	3.27692580	3.26146269	3.25941491	3.33993745	3.45065141	3.51061416	3.55703640	3.57129860	3.54883170	3.40290570	3.31105018	3.29078746	3.26340079	3.22406697	3.11430597	2.95554352	2.81686378	2.79166746	2.75998235	2.73572516	2.70866108	2.67731309	2.67955923	2.79805517	2.77555180	2.67368174	2.57385683	2.50662875	2.48242760	2.40472674	2.31097341	2.24200082	2.23222470	2.19038820	2.11397052	2.03417635	2.00348139	1.88068032	1.80998993	1.74139333	1.64549232	1.51908338	1.41950810	1.28620434	1.17736053	1.10841191	1.02186644	0.917198658	0.837302387	0.790338278	0.761421561	0.685986400	0.601894081	0.520085514	0.436696589	0.384969592	0.423494667	0.511033714	0.592979074	0.612203002	0.886479080	1.07172215	1.15454602	1.23436224	1.18153524	1.18167984	1.49765766	1.66325331	1.78455091	1.98190224	2.22672391	2.36714268	2.48555875	2.45303631	2.22692323	2.07325506	2.16005564	2.34388208	2.62667894	2.73889017	2.80013204	2.79790044	2.77518535	2.76467681	2.83965492	2.95373964	3.17637372	3.46824455	3.73699737	3.86197352	3.90595627	3.94764662	4.05807495	4.08935261	4.18438292	4.25729609	4.22856379	4.25172281	4.30509090	4.31641626	4.21844435	4.08148479	3.97835684	3.91905284	3.92429113	3.90579128	3.81740308	3.75487995	3.70170021	3.61496806	3.48207116	3.38841558	3.25326872	3.11448526	3.00862074	2.83797669	2.70449495	2.60863400	2.53818583	2.43612576	2.32149315	2.24900270	2.12443352	1.99921179	1.88465989	1.79469430	1.68746483	1.57733917	1.47859204	1.42093289	1.37181234
-38.0000000	1.58311081	1.52570593	1.48242450	1.41325414	1.41295838	1.34763050	1.27099001	1.15810776	1.05273211	0.943235993	0.856884241	0.804807365	0.788057208	0.764471531	0.707957268	0.681365490	0.660955012	0.686234891	0.700945914	0.731007397	0.819802761	0.881126642	0.948514998	0.983439386	1.07819414	1.19956613	1.33240819	1.45955384	1.63084829	1.79107404	1.98713744	2.21718168	2.50255370	2.77396941	3.00344396	3.14536166	3.24989486	3.29784036	3.27871585	3.17298079	3.09996462	3.01163936	2.94082212	2.87174439	2.81514740	2.79495716	2.76828122	2.71835876	2.67799544	2.72687340	2.79551888	2.90804124	3.04947090	3.11096311	3.08581138	2.99401760	2.89764524	2.88815355	2.94497919	2.98386574	2.93760586	2.81616116	2.74369097	2.73566389	2.77811146	2.78842473	2.75927186	2.72535467	2.70679092	2.71466565	2.73354983	2.79921770	2.79129004	2.68319321	2.52513289	2.37799931	2.27985764	2.16674209	2.07969785	2.03700018	2.03035092	1.95015454	1.84799659	1.76026094	1.70280445	1.66072822	1.60866427	1.54937243	1.48077655	1.40236712	1.34723294	1.29838681	1.28209746	1.29681730	1.28037894	1.24514210	1.20390189	1.17324436	1.15969670	1.11255050	1.03055680	0.949796677	0.889874578	0.870061696	0.848247170	0.801319659	0.748391092	0.704152763	0.673781097	0.644034982	0.617829144	0.597366035	0.561620116	0.562236488	0.561845481	0.573687375	0.607668459	0.637871027	0.654626906	0.667797089	0.673371375	0.636470616	0.634980917	0.644305646	0.681826353	0.669463992	0.666928828	0.684633553	0.707967401	0.691454828	0.671787381	0.626201272	0.637738526	0.645300746	0.671673596	0.691757262	0.716055095	0.736107826	0.773594618	0.865285933	0.987178326	1.06366539	1.13242543	1.17123401	1.23433936	1.30015802	1.48703122	1.64190090	1.74515390	1.83252239	2.22019839	2.61616898	2.95096183	2.89053202	2.86284041	2.90987206	2.99720097	3.06504202	3.06927514	3.06246376	3.05128431	2.95933604	2.72535539	2.47869492	2.44199300	2.44401693	2.51291680	2.60953856	2.72714496	2.81803012	2.87262225	2.86944771	2.85552645	2.72078943	2.84600234	3.20796561	3.33142138	3.05435586	2.87376690	2.45736647	2.33733439	2.40115023	2.55248833	2.64878440	2.63674664	2.61376119	2.74716997	2.70301819	2.63152933	2.60434341	2.69494915	2.72796249	2.73975253	2.69300890	2.56260896	2.59220099	2.71124411	2.86086035	2.95347810	2.88090992	2.85809898	2.85238361	2.74153042	2.81585956	2.91896939	3.04862189	3.21044564	3.21761322	3.27632761	3.46302199	3.76865077	3.83051825	3.82373142	3.79907560	3.82898092	3.79335451	3.66182351	3.43582487	3.39475679	3.46421099	3.56021404	3.57650423	3.60787773	3.67305279	3.68487239	3.60623026	3.52474713	3.47046638	3.41410685	3.30075216	3.23337221	3.21107650	3.21753097	3.32497668	3.33329463	3.39576125	3.52342725	3.61235881	3.50151992	3.35499334	3.28527808	3.28885031	3.20455885	3.09705043	2.98451161	2.88316655	2.82453322	2.72352123	2.64039397	2.61340523	2.62193418	2.55360889	2.67900300	2.67925644	2.62353516	2.58530116	2.51225853	2.50232315	2.47276378	2.41754985	2.34486938	2.32100081	2.30774641	2.27014494	2.21534729	2.18679690	2.12610245	2.02867198	1.91099370	1.77806234	1.67280900	1.57893836	1.47213352	1.35175753	1.23747480	1.17634821	1.08578300	0.982457280	0.918036044	0.865339100	0.805638909	0.755217314	0.709912777	0.614341497	0.575470746	0.638657272	0.850701571	1.01952291	1.01436627	0.788440287	0.727069020	0.697833359	0.726889670	0.938278794	1.00275838	1.22263646	1.52957034	1.75399697	1.93475235	2.11420941	2.27467728	2.31365514	2.36567879	2.10134459	2.03127837	2.18350792	2.45379233	2.73201704	2.85979939	2.89988637	2.88637066	2.88356328	2.88701940	2.94865799	2.98746777	3.08784676	3.28650260	3.46865129	3.67126203	3.73973036	3.75269485	3.82415986	3.88216805	3.88333321	3.93226385	3.96576285	4.01429939	4.06515932	4.11340952	4.13163757	4.05009317	3.93543220	3.83581948	3.74825096	3.73590016	3.68955851	3.63379383	3.59568143	3.52826118	3.43099523	3.32483983	3.23428178	3.11983776	3.03001690	2.92460108	2.81189895	2.77040100	2.73962450	2.68220949	2.61459732	2.54433870	2.46323299	2.34038496	2.18664074	2.06387210	1.96164715	1.88605368	1.76793396	1.66896296	1.61837578
-39.0000000	1.77816021	1.73950493	1.76780677	1.70620906	1.63753986	1.58817101	1.54619789	1.48459315	1.36802363	1.24841166	1.12536645	1.01955450	0.973561645	0.961960316	0.938225508	0.902541578	0.887881041	0.870521128	0.868785083	0.853089094	0.886721730	0.949147224	0.987547755	1.03477538	1.13020134	1.27990794	1.38201761	1.47778344	1.61817908	1.78419375	2.00114632	2.25000000	2.51424718	2.77255511	2.94872165	3.09540629	3.18857169	3.24226713	3.26409984	3.25502801	3.21853471	3.17523384	3.15662408	3.13579535	3.12417626	3.04371023	2.94249749	2.91614485	2.90384841	2.90189815	2.90193200	2.93067217	3.01962090	3.11082864	3.15819573	3.11144638	3.03805137	3.01137543	3.00157833	3.00251389	3.00115013	2.92892909	2.84484005	2.81233716	2.85142684	2.83569121	2.81114507	2.77921510	2.75950074	2.72742987	2.72347784	2.76403737	2.83777905	2.81291294	2.72632027	2.60198355	2.46844935	2.30095744	2.17963290	2.11960387	2.11399984	2.08034706	2.01125741	1.93403816	1.86647117	1.82107437	1.75511241	1.69345808	1.63174820	1.56228471	1.50865996	1.45177853	1.41550481	1.40521610	1.40292859	1.38790584	1.35589898	1.31238580	1.26288867	1.23547542	1.17485201	1.10089147	1.02791440	0.997716963	0.975317657	0.948287487	0.912766337	0.882839501	0.863322496	0.828007936	0.790244639	0.766701341	0.716974616	0.692334712	0.678254426	0.684235513	0.710095644	0.759379625	0.803991616	0.821948409	0.819247723	0.798094094	0.771503747	0.743065953	0.781865239	0.794289589	0.804119766	0.812580407	0.826026499	0.821332037	0.820222557	0.782640040	0.755030215	0.717745006	0.712263584	0.731027544	0.737220943	0.756174207	0.798280537	0.852638423	0.987261772	1.06950164	1.14698088	1.18398607	1.13868141	1.21681154	1.26570892	1.30439234	1.37003326	1.72237968	2.17153001	2.65323901	2.68909478	2.73195720	2.87211013	2.94114614	3.00894690	3.15255022	3.23186016	3.22548342	3.20775414	3.14653468	2.95653462	2.75753212	2.59582448	2.52087331	2.57520533	2.64659619	2.69346166	2.74575377	2.80263758	2.85700107	2.87776732	2.81717873	3.07981539	3.42108440	3.27445388	2.69174457	2.31574368	2.15557194	2.09927726	2.33289647	2.51018977	2.62578654	2.70577359	2.70607543	2.69798017	2.64498353	2.59485126	2.55981231	2.59264946	2.69140720	2.61789703	2.53404665	2.48608208	2.49819469	2.52966738	2.62805986	2.74111056	2.70288968	2.71737289	2.75297189	2.75771809	2.76103306	2.84481502	2.92961955	3.01986146	3.11529064	3.10550404	3.17697144	3.29523706	3.36732388	3.44009876	3.54095697	3.63856030	3.74552989	3.59066176	3.42066598	3.31362796	3.26694751	3.33670044	3.43888783	3.50361609	3.44502497	3.44754219	3.47222376	3.38823867	3.27913713	3.22702122	3.25199866	3.18916941	3.19291639	3.19786215	3.17395449	3.18228102	3.18097234	3.25976324	3.40513635	3.48579478	3.42543054	3.31661367	3.24328399	3.19585419	3.08962178	2.96897340	2.88325858	2.85708523	2.79629636	2.69905543	2.63120461	2.61263943	2.63073516	2.72388887	2.69973493	2.62381816	2.56453729	2.52583361	2.47740602	2.44292688	2.42115688	2.40242386	2.35596561	2.33434010	2.30050015	2.22072053	2.15925264	2.13658905	2.10516763	2.02168012	1.85946119	1.75799882	1.68425202	1.62733543	1.56531668	1.45234430	1.36846220	1.29475224	1.18106270	1.06699526	0.971472263	0.911708593	0.866545141	0.844426095	0.810039580	0.807217896	0.952992678	1.26569951	1.60372078	1.52393544	0.879901230	0.523491800	0.488934040	0.530488849	0.741189599	0.919044673	0.986014068	1.25318146	1.47811604	1.58756316	1.67246008	1.72342288	1.87973571	1.92743909	1.97873652	2.01604557	2.21079826	2.53434014	2.83995724	2.99764085	2.97464395	2.93950081	2.89693141	2.93114090	2.99899077	3.13316798	3.22474837	3.37199783	3.43800879	3.49800706	3.63509488	3.75136256	3.76144052	3.75101542	3.71038604	3.71483779	3.73996139	3.76861548	3.79929757	3.84955692	3.88490558	3.91260886	3.92075086	3.88304329	3.74454951	3.63552547	3.56578493	3.56310654	3.51654410	3.44559026	3.35982966	3.29334354	3.23191595	3.20492506	3.17153144	3.07810426	3.00375724	2.92932796	2.88887477	2.85978937	2.82169080	2.77176976	2.76604867	2.68472362	2.54253602	2.38892698	2.27224970	2.16036415	2.04217768	1.90450215	1.84187937
-40.0000000	2.09124351	2.02584243	1.97507882	1.91440582	1.83675897	1.76915956	1.72999656	1.70586574	1.65346634	1.57594454	1.48042071	1.36511934	1.23969388	1.18827224	1.15247738	1.14444149	1.14871311	1.15815973	1.15780461	1.12902915	1.10642183	1.13158870	1.17191446	1.19472337	1.25819635	1.34930658	1.47536135	1.55070579	1.66939414	1.84116018	2.02466035	2.26126885	2.53550386	2.77244997	2.95159340	3.06648636	3.13001013	3.18978500	3.23355722	3.27022982	3.28930211	3.26121831	3.25975394	3.30662799	3.34426260	3.39372373	3.36842537	3.23086619	3.11669350	3.06262732	3.04427528	3.05884957	3.06700039	3.06179476	3.11873841	3.16444182	3.16012192	3.13216996	3.12457180	3.14843273	3.14193678	3.07733035	2.93634629	2.85432053	2.86487079	2.90390944	2.90795207	2.88615131	2.84965849	2.78963208	2.74177289	2.73983550	2.75978088	2.72119665	2.69634533	2.68422055	2.64767551	2.53848839	2.38455701	2.26276708	2.19414234	2.17961860	2.15353918	2.11365557	2.06460667	2.01370811	1.93981469	1.86655676	1.79825258	1.73683298	1.70382309	1.64838529	1.60327590	1.58121359	1.58344638	1.56363547	1.52296841	1.46619499	1.40944898	1.35569727	1.31296325	1.27221692	1.21837032	1.17833900	1.14507937	1.10872948	1.06385255	1.04430246	1.02996945	1.00435174	0.964201689	0.944222391	0.914781630	0.878696680	0.832237184	0.820944071	0.844635546	0.886899590	0.923006237	0.985377610	1.01180875	1.01702952	0.968706012	0.942064464	0.951295733	0.986633301	1.00579894	1.01640880	1.00887835	0.975976467	0.952197134	0.933457673	0.926819324	0.898666561	0.868963718	0.860173941	0.844636321	0.845083356	0.860027015	0.895711720	0.956952035	1.02416241	1.05588782	1.15452278	1.21146560	1.24058521	1.18249774	1.22890103	1.26668227	1.65788424	2.07133698	2.20661139	2.32384896	2.55540085	2.75471210	2.93932366	3.11372089	3.22447371	3.28941584	3.27100682	3.23495269	3.16930223	3.12275958	2.99597836	2.86583543	2.76177526	2.69354749	2.58866549	2.60981154	2.59256315	2.65112352	2.88228321	2.93013525	2.85154581	2.68495202	2.64765453	2.55608296	2.22056413	1.96553600	2.18277287	2.26614094	2.39449835	2.51856136	2.65793395	2.76482153	2.78324270	2.76617646	2.73300481	2.66411376	2.62187362	2.56157422	2.57127762	2.58470559	2.53367043	2.51403689	2.52965832	2.52375793	2.53351235	2.56516767	2.62425637	2.63073516	2.67939210	2.72594213	2.74980187	2.82434058	2.85571575	2.90522790	2.97356343	3.00998521	3.02410722	3.10691881	3.19212270	3.17248631	3.23414803	3.33221579	3.35063457	3.40693688	3.50047064	3.46775484	3.37602162	3.29189897	3.31243277	3.31719208	3.29892993	3.23302579	3.21994877	3.25549078	3.22656250	3.14242625	3.07800269	3.08122849	3.12153172	3.19623780	3.23489380	3.18922186	3.09138155	3.07029319	3.14278579	3.28588510	3.35057187	3.29681301	3.21873474	3.17308259	3.14071012	3.06264377	2.97359586	2.89477372	2.84641147	2.77116418	2.69177246	2.62332439	2.59226942	2.66907239	2.67219448	2.61781645	2.53532672	2.52913427	2.47767043	2.41985369	2.38322592	2.41101289	2.38872313	2.36481619	2.34141040	2.29867363	2.22242832	2.15040970	2.08380175	2.01594949	1.89908576	1.81228042	1.74562562	1.67866337	1.66494024	1.60507298	1.52100945	1.44331050	1.32742155	1.20329559	1.08933258	1.03617084	0.987104177	0.965710044	0.986695945	1.07785726	1.40636599	1.95224190	2.53222632	1.98684347	1.08468139	0.431523353	0.510035753	0.602113724	0.674435556	0.846465111	0.933095515	1.02109241	1.18330550	1.25938869	1.37925863	1.51847351	1.61193740	1.69370055	1.81159198	1.91773665	2.09777117	2.40380073	2.69202447	2.91362262	2.96024609	2.93727040	2.91793752	2.93558383	3.00697660	3.10910082	3.22029519	3.30490017	3.41618156	3.45005488	3.50188851	3.59812164	3.74894357	3.77670693	3.70308185	3.66971326	3.62922692	3.59252524	3.58957171	3.61490726	3.63828087	3.67023396	3.69629407	3.69563413	3.66725254	3.61372733	3.48889232	3.45519853	3.43854094	3.42997813	3.34007144	3.27962732	3.21969914	3.19044662	3.17358804	3.11108971	3.03307343	2.98156118	2.94005895	2.89254308	2.85462785	2.81006718	2.79119444	2.76969624	2.74353194	2.60789061	2.49899054	2.40390873	2.30604911	2.19417191	2.08731389
-41.0000000	2.35509825	2.28492999	2.22175670	2.13996100	2.06253576	1.95047855	1.86677337	1.80908573	1.76090181	1.76260161	1.73078060	1.66941345	1.56934440	1.47108531	1.41689801	1.39703047	1.43230104	1.45309401	1.44508100	1.44337320	1.41094220	1.39838696	1.42823517	1.44844353	1.46394420	1.48666537	1.54043639	1.65265989	1.74476433	1.87663388	2.05827117	2.26460171	2.52386713	2.74519014	2.93894005	3.05805397	3.11716723	3.18476820	3.24000287	3.27758598	3.33432007	3.36409831	3.33981133	3.36459827	3.43710423	3.46250224	3.46116138	3.47907758	3.41202092	3.24298859	3.11514783	3.11556315	3.15555644	3.17552185	3.16965818	3.17951655	3.17933941	3.19340825	3.23542428	3.29360628	3.30344343	3.25179005	3.15285325	3.04228377	2.99995565	3.00653863	3.02804708	3.00014424	2.95322251	2.89466977	2.83624625	2.80228829	2.76553655	2.71569395	2.67885423	2.66254187	2.66653442	2.66352558	2.59658790	2.49837255	2.38968301	2.29922700	2.27373719	2.23266602	2.19352531	2.15804672	2.11747813	2.05558705	1.98867083	1.92951369	1.90521646	1.86282730	1.81068695	1.75933135	1.74309325	1.73406887	1.71161556	1.67590868	1.63333082	1.58232903	1.53582835	1.48679352	1.42341483	1.36760187	1.32774699	1.29670274	1.24893868	1.22837758	1.21371973	1.19607627	1.16543233	1.14667630	1.12273419	1.09390104	1.06123400	1.03031206	1.01875901	1.03230286	1.04022515	1.09177125	1.17227232	1.20487905	1.19839323	1.20108891	1.19748890	1.21908379	1.23648560	1.24569511	1.23400366	1.19595087	1.13098037	1.09687448	1.06902659	1.04686856	1.02963173	1.00813234	0.981926680	0.979058146	0.975065827	0.980788350	1.02018094	1.07277977	1.11563063	1.17625391	1.37989151	1.53249478	1.57278955	1.42239678	1.37959778	1.51858008	1.83564699	2.04999328	2.21484518	2.37005806	2.59528875	2.83526039	3.05611324	3.27161169	3.32655692	3.28250027	3.23103476	3.19592214	3.16269088	3.15369129	3.13157296	3.02590656	2.89082360	2.77749801	2.76955557	2.79839158	3.00904036	3.81202674	3.88451934	3.53810573	2.57840919	2.26818490	2.17059898	1.97257614	2.09934354	2.35706639	2.45992041	2.47505975	2.52321339	2.62336683	2.70950198	2.76458406	2.76465535	2.70879054	2.70670533	2.70730352	2.62651253	2.56280828	2.54466939	2.54083896	2.51831865	2.55026603	2.59537196	2.62694001	2.63849688	2.61964703	2.59734297	2.60724330	2.69284964	2.78717327	2.88237095	2.92498279	2.90481281	2.90314579	2.92804956	2.98105574	3.01841736	3.04685283	3.04381514	2.99309397	3.02098680	3.07673621	3.16908264	3.28505683	3.42087388	3.46392417	3.47576475	3.38799405	3.29693675	3.26026583	3.20722842	3.11760640	3.05752826	3.09120393	3.09941006	3.04198122	2.98923492	2.99332285	3.07284951	3.19058347	3.27083707	3.21900773	3.12125230	3.12163615	3.18030429	3.23126626	3.14753056	3.10282469	3.07313919	3.04596424	3.06312656	3.03994656	2.99183559	2.93359184	2.85881758	2.81285286	2.75787592	2.65573096	2.65820551	2.64628220	2.62352300	2.59413481	2.54539585	2.46843815	2.39256358	2.34684944	2.37095809	2.38828611	2.41296196	2.45058560	2.46894264	2.40296483	2.28567171	2.13907242	2.03158522	1.95061767	1.88961256	1.84636736	1.75173342	1.68145120	1.63263094	1.61264873	1.55349863	1.47584021	1.37173975	1.24557912	1.19085908	1.15365529	1.13475394	1.15918779	1.37072599	1.83568120	2.66686082	3.20338368	2.67904449	1.08180881	0.579190314	0.536892474	0.705916107	0.752662838	0.809398890	0.830478907	0.880615413	0.946140528	1.07149100	1.24791694	1.37334239	1.42857933	1.50074780	1.61363387	1.76748991	1.95649207	2.17785883	2.43879795	2.63133168	2.79125595	2.87054038	2.90655208	2.94864058	3.03385305	3.12525797	3.23547268	3.27317452	3.32515502	3.39794135	3.44992828	3.49026537	3.46393704	3.59734201	3.63111091	3.63930702	3.60814834	3.55960655	3.50111294	3.48772836	3.49284148	3.50922966	3.52276826	3.52095246	3.51613450	3.50773931	3.45203757	3.39699888	3.35442376	3.37116981	3.37002063	3.34189582	3.28237629	3.23419046	3.20334315	3.17625713	3.12331820	3.04897809	2.98601913	2.92371035	2.89042497	2.83881521	2.77300596	2.72936869	2.73625994	2.69751835	2.64895439	2.57096219	2.59740448	2.50443292	2.42225122
-42.0000000	2.59646320	2.55110693	2.49840140	2.44684410	2.36791801	2.25211406	2.13883138	2.05081081	1.98524427	1.95010912	1.92483282	1.89730585	1.84551620	1.77110565	1.70010495	1.66498208	1.65465152	1.67453778	1.68558919	1.68489861	1.65980244	1.64510715	1.65897787	1.69754541	1.74019766	1.74011171	1.75865901	1.78796375	1.89134574	1.99079931	2.10415173	2.25964522	2.45108008	2.68866205	2.91634774	3.10164142	3.14302611	3.17158699	3.24729681	3.32180762	3.37324739	3.41771173	3.43112969	3.45829964	3.51130605	3.58010983	3.54041004	3.46770644	3.41027188	3.34238768	3.24479032	3.17696309	3.17621899	3.19184852	3.19828200	3.22421479	3.26380706	3.26875281	3.31102109	3.36249518	3.39890313	3.38357377	3.36808872	3.34859180	3.26612306	3.19678569	3.14443922	3.09564519	3.06639600	3.02019644	2.97096705	2.92640328	2.87697315	2.82172751	2.76601100	2.71226764	2.67143607	2.64928961	2.63717723	2.62209749	2.57947707	2.51973581	2.46919608	2.39747477	2.33330345	2.28509784	2.26342869	2.21276879	2.15645051	2.10071230	2.06118441	2.03288174	2.00540376	1.97367835	1.91787326	1.88106561	1.85642278	1.84108686	1.79626179	1.76750064	1.74646366	1.72679675	1.67469120	1.61733890	1.57721114	1.56223011	1.51291358	1.48141801	1.46177506	1.45244515	1.44936645	1.43870902	1.40849495	1.36377728	1.32082987	1.28761721	1.26907992	1.25937068	1.26443076	1.30211794	1.36316001	1.40545869	1.44625473	1.45864880	1.46667957	1.48618793	1.49618089	1.49567688	1.48167717	1.44367623	1.37788129	1.28424537	1.22784412	1.18701363	1.20475221	1.19224226	1.16461372	1.13482511	1.12349081	1.12416768	1.14960897	1.17359507	1.21952879	1.33992934	1.70846200	2.25713086	2.16639924	1.64804697	1.42665470	1.48760128	1.82019234	2.08320618	2.22233534	2.35685730	2.49737740	2.69429111	2.94582796	3.12207842	3.24154019	3.31966758	3.30211210	3.29058671	3.27149844	3.26552916	3.32456684	3.28836608	3.16692448	3.16983700	3.25909233	3.33997846	4.56339216	4.99059439	4.47150421	3.19937181	2.21366096	1.76194811	1.84119117	1.90096414	2.13669586	2.29920912	2.43931317	2.47054887	2.53978133	2.63038826	2.71638465	2.76436377	2.76113367	2.74844885	2.78539371	2.75989676	2.68125486	2.53788280	2.53293824	2.52747869	2.50357008	2.50193524	2.54992199	2.61922908	2.67683411	2.64611578	2.61640072	2.60890770	2.66239357	2.73244691	2.81273961	2.88091111	2.83208823	2.81404495	2.82768846	2.86338472	2.87761402	2.89514256	2.90256977	2.83108306	2.83380485	2.83012843	2.87299228	2.97035933	3.04559636	3.16571832	3.30582333	3.33761263	3.25639009	3.12192655	3.10069346	3.11078739	3.08222413	3.04124880	3.01811457	2.99074602	2.90756726	2.87741232	2.90542984	3.01505208	3.12867951	3.19154906	3.17502308	3.16655660	3.18128538	3.18537307	3.08409834	3.00152731	2.95910573	2.94811726	2.97919083	2.99261093	2.99414158	2.98702931	2.96190143	2.94889593	2.92122960	2.85969257	2.79023075	2.72040105	2.66889262	2.65174866	2.60676312	2.50687075	2.39751649	2.31894660	2.31193447	2.32318234	2.35856318	2.43711209	2.51523280	2.51022887	2.42579508	2.29600358	2.17102981	2.07678461	2.00593662	1.95097172	1.87632072	1.81165254	1.75484431	1.74500501	1.73492920	1.70851386	1.59816742	1.48195529	1.40761590	1.38271821	1.40826666	1.47305536	1.67325902	2.36143088	3.52207375	4.58188343	3.21755052	1.49818814	0.441979915	0.514648080	0.698924839	0.846679032	0.796469748	0.760845602	0.769626677	0.890318096	1.06053197	1.17104316	1.28104699	1.35890484	1.42115188	1.53866816	1.63644993	1.81365848	2.04174805	2.24560523	2.42660236	2.55142212	2.69467020	2.78828216	2.85923672	2.96333718	3.07505798	3.16384339	3.24910808	3.30605578	3.38467455	3.44619584	3.46877861	3.48456335	3.47610044	3.50653696	3.58304310	3.60650182	3.55046630	3.49651217	3.43709517	3.38580489	3.36140370	3.37860799	3.39732242	3.40658140	3.42032051	3.40175319	3.35958099	3.32653761	3.31953907	3.32454515	3.34078431	3.33009911	3.26873302	3.22470927	3.20136523	3.16001797	3.11808991	3.07809520	3.02564740	2.99646568	2.97003388	2.92080045	2.87322116	2.83109164	2.88341737	2.83521843	2.76973653	2.72362757	2.67532206	2.63354182
-43.0000000	2.82974076	2.79635763	2.75454521	2.72672629	2.68105745	2.60563040	2.51549196	2.41570640	2.30052900	2.24123621	2.20035315	2.16724396	2.11928034	2.06497216	2.00580978	1.96593332	1.90733409	1.86929142	1.86509812	1.92028177	1.92838466	1.93770647	1.95537400	1.98539996	2.03281856	2.06083512	2.07969689	2.09064531	2.13344717	2.24334288	2.32706666	2.36491346	2.48985648	2.64867043	2.87208915	3.05905962	3.18279600	3.23974228	3.25712442	3.31282854	3.38735795	3.44076133	3.47700167	3.49357677	3.51807189	3.53907800	3.58218455	3.61939788	3.56391191	3.46689343	3.37078047	3.30563235	3.23016691	3.18060708	3.18160152	3.18799376	3.21997023	3.27313304	3.34794188	3.45386839	3.48303747	3.47334337	3.44264770	3.42091584	3.38808012	3.33645630	3.28578138	3.22247314	3.15936995	3.12075114	3.09572768	3.07048893	3.02877927	3.00019813	2.95324063	2.89253449	2.80644059	2.73792839	2.69403625	2.67568135	2.64549470	2.60680556	2.56510210	2.53084087	2.47838187	2.42300868	2.37739062	2.31427312	2.26115346	2.21642923	2.17637205	2.16050982	2.15742970	2.15903020	2.13590074	2.08412051	2.04599452	2.04337001	1.98239243	1.95147359	1.94165707	1.94246507	1.90056670	1.86953473	1.84946465	1.82822764	1.79448187	1.76403606	1.73567164	1.74382329	1.74979568	1.76458025	1.73589551	1.69713712	1.65401351	1.59953988	1.57877290	1.56754875	1.57035816	1.59341908	1.61793935	1.63646996	1.69589007	1.71555555	1.70938003	1.74878645	1.76227641	1.76185656	1.72331703	1.68879747	1.65884030	1.54535186	1.43945420	1.38958275	1.39843798	1.41296697	1.38259292	1.35323715	1.32393384	1.32588291	1.33970904	1.35126710	1.38242590	1.50127339	1.71268201	2.30838537	2.54062796	1.81292832	1.23354232	1.65034294	1.97246015	2.18507910	2.29405475	2.39224625	2.46791220	2.62374258	2.80584145	2.95948219	3.09564567	3.22222424	3.31637168	3.36698055	3.35890055	3.40315723	3.49412322	3.57112241	3.76980162	4.09019995	4.58175516	5.43903542	6.59662008	4.83793783	3.50373888	2.01041269	1.57515919	1.48543918	1.77950883	1.90694511	2.02703738	2.14075661	2.29047966	2.40719914	2.49309230	2.59581304	2.68344283	2.78854704	2.80354738	2.81424475	2.84285975	2.82330561	2.71332717	2.59475732	2.57420874	2.55184054	2.51938868	2.47889662	2.51526356	2.58302951	2.63794971	2.62189174	2.59335279	2.58352113	2.60086250	2.61587596	2.66866422	2.72657084	2.74959946	2.75294161	2.74661446	2.75935483	2.82096004	2.79638219	2.73647380	2.69355392	2.66009188	2.70781541	2.77727199	2.80807233	2.82593727	2.84388542	2.87033176	2.98254538	3.04320669	3.00118804	2.92681360	2.93787789	2.99380827	3.04242039	3.02347660	2.98299265	2.89369369	2.80159974	2.75944686	2.77369928	2.84807611	2.90553260	2.95777369	2.99624610	3.04491520	3.05405998	3.00063515	2.96686792	2.87700343	2.82046795	2.84677935	2.88627338	2.92352295	2.96049809	3.00853014	3.01046467	2.98409271	2.92843628	2.84054375	2.79538679	2.76664543	2.74018025	2.68504906	2.61824393	2.53791428	2.44287586	2.36438847	2.31086874	2.28828001	2.35033917	2.43152833	2.48986578	2.51776719	2.46834731	2.38926172	2.30076718	2.19703221	2.11503005	2.04636669	1.99050188	1.95388269	1.93980527	1.94472933	1.95368910	1.85030580	1.73804963	1.66566300	1.64881659	1.67357302	1.74914491	2.09874582	2.96625900	4.33815813	6.20826483	4.43864822	1.35653687	0.533268034	0.457518250	0.564289212	0.657558739	0.670305550	0.662589371	0.747633576	0.874569595	0.994188249	1.08373976	1.18928659	1.33281720	1.43417597	1.54931188	1.63445115	1.76629734	1.99562395	2.18936443	2.38043094	2.49816251	2.59367394	2.70303059	2.80858755	2.92963243	3.03710961	3.13068104	3.19645810	3.24730635	3.29267454	3.35204005	3.36597133	3.40031791	3.43595314	3.40730429	3.46223521	3.51746559	3.54274559	3.51207256	3.44605231	3.34010172	3.27743006	3.25571179	3.25941634	3.28525281	3.30962467	3.32728982	3.34960914	3.30824161	3.29578614	3.29571223	3.26834726	3.27530241	3.26041245	3.19511080	3.14397740	3.13791347	3.14565253	3.12694120	3.12335634	3.12681890	3.22990513	3.20500922	3.17461491	3.13957667	3.05987835	2.99425697	2.95339608	2.92269969	2.89327621	2.86048365
-44.0000000	3.01510572	2.98916435	2.95379233	2.92297769	2.89304280	2.87568617	2.82542467	2.77677488	2.71228027	2.62255096	2.54807687	2.49381661	2.47525048	2.40463948	2.33806515	2.28453112	2.25793648	2.18189383	2.15423203	2.16363740	2.22507000	2.25711870	2.28474808	2.33383822	2.36416745	2.37719154	2.36531734	2.41814733	2.47235608	2.52397084	2.60601854	2.67241311	2.67821479	2.75189471	2.87801981	3.01751542	3.16154933	3.24664736	3.30274200	3.32770824	3.36307263	3.42174459	3.47210002	3.50221968	3.49954844	3.50555038	3.55244493	3.60166311	3.61673927	3.60701489	3.57507968	3.50267053	3.43762898	3.36946964	3.29196000	3.17334676	3.12091827	3.16859269	3.25043941	3.33814597	3.40315652	3.45963025	3.46882677	3.40478063	3.35874176	3.33355618	3.33260179	3.31942320	3.26011896	3.20550203	3.18108892	3.15446591	3.10785222	3.04587936	3.01598573	2.99274969	2.95273161	2.88824844	2.82122993	2.76672053	2.73569417	2.69388080	2.65034723	2.62217093	2.59771967	2.56434107	2.52064514	2.45940471	2.39702559	2.34111595	2.30127120	2.28245258	2.27758312	2.28487349	2.29662061	2.26741886	2.23857808	2.24709463	2.22268176	2.20097375	2.17868900	2.16006994	2.12968445	2.09889197	2.07171202	2.05971694	2.04123306	2.01011562	1.95581150	1.93507695	1.95021939	2.00138760	2.00844002	2.00602722	1.98624527	1.93623042	1.90893602	1.89685369	1.89923477	1.90373826	1.90664065	1.92421436	1.96083283	2.01626706	2.03141737	2.03462124	2.02054238	1.99654853	1.96311677	1.92000103	1.88255465	1.81954372	1.69975865	1.62771463	1.61666930	1.61592686	1.62316573	1.59311736	1.55415523	1.53441083	1.52675343	1.52393687	1.57601738	1.67422390	1.84724557	2.16335654	2.23395848	1.95395756	1.94095504	2.10257125	2.30534911	2.40595198	2.45082521	2.53098083	2.61451483	2.68908262	2.79359436	2.91079402	3.00840187	3.14707899	3.27846575	3.35359883	3.41155005	3.48288846	3.62181878	4.03151941	4.59533548	6.58888912	7.25105047	7.46184063	5.34607315	3.41103625	2.13219643	1.54752839	1.26681983	1.51674700	1.72494566	1.86156857	1.96538830	2.09569407	2.22659779	2.37034941	2.50190425	2.63763881	2.78887796	2.87901735	2.91329956	2.85754824	2.86311197	2.87673116	2.79544830	2.66165018	2.54364538	2.52606606	2.50664115	2.50305700	2.54081511	2.61463904	2.64799142	2.64522219	2.58489656	2.55884910	2.54176211	2.53681350	2.59948874	2.63532972	2.62430000	2.64417124	2.65913725	2.68661070	2.77234721	2.77753258	2.73476076	2.69118023	2.65273833	2.66336226	2.70570087	2.76954818	2.80295062	2.78545403	2.74242520	2.74566603	2.79544115	2.83211780	2.84307551	2.80907202	2.82069087	2.88663483	2.96852541	2.95470381	2.90278673	2.81652784	2.74133325	2.69233251	2.69046640	2.72163248	2.72584653	2.72225451	2.76080942	2.78434539	2.80397749	2.82267785	2.81156182	2.76604915	2.73178315	2.79266047	2.84546614	2.89855504	2.95828915	2.98525596	2.98009133	2.94402671	2.83952379	2.82685113	2.84093285	2.84539604	2.80794859	2.74639559	2.66829610	2.58769083	2.51524234	2.44874239	2.38071084	2.35572267	2.36178851	2.39656162	2.47583675	2.50655746	2.50209212	2.48308539	2.39284730	2.30933952	2.22097254	2.15961766	2.11258936	2.08680034	2.09164119	2.11014938	2.08249331	1.98813462	1.91891885	1.91262603	1.97188282	2.09780407	2.59369421	3.62926006	6.18193769	7.31172132	4.88403130	1.72697544	0.454802364	0.389162838	0.447581530	0.473898232	0.547549188	0.622115970	0.710484505	0.795035481	0.860006154	0.923620999	1.03543639	1.15447903	1.37825561	1.55059779	1.70884001	1.86885154	2.06565762	2.29612970	2.47705197	2.56740975	2.65130115	2.72720861	2.81777811	2.96375632	3.09676456	3.20362401	3.26017356	3.25308943	3.27042866	3.31788111	3.32667160	3.33955598	3.36048174	3.28372788	3.29526377	3.32591891	3.38063192	3.40591097	3.40214896	3.34928012	3.29900193	3.26129508	3.22473884	3.21797013	3.20795226	3.19556808	3.22215033	3.23635817	3.25929451	3.27506042	3.30426240	3.31859589	3.32565546	3.30308700	3.24752474	3.17252994	3.25952339	3.27345943	3.29005456	3.28996944	3.28570557	3.27931404	3.27350998	3.27294803	3.25980663	3.22380805	3.15397668	3.09833074	3.07274199	3.03784513
-45.0000000	3.11551905	3.11214733	3.09117079	3.04696727	2.99688554	2.97192979	2.95238686	2.94020200	2.92818737	2.92335129	2.87866879	2.82818651	2.78379154	2.72288370	2.65975285	2.58739758	2.54751348	2.51344872	2.46858549	2.45912409	2.48255134	2.55562258	2.56882095	2.61511993	2.67638183	2.69119930	2.70437837	2.70039892	2.76078463	2.82156920	2.84132004	2.90331268	2.99033809	3.00708079	3.05551076	3.12152529	3.17878747	3.26881456	3.31458282	3.34589005	3.34495497	3.38968563	3.41302967	3.45859337	3.50567842	3.51404953	3.52511358	3.54160929	3.57589388	3.58779287	3.58782125	3.61254668	3.64155912	3.59113264	3.52321792	3.44613600	3.33588171	3.23477864	3.16235423	3.16510987	3.24156070	3.31951618	3.36379457	3.35741329	3.31403542	3.27037597	3.25050259	3.25702953	3.26777077	3.25194669	3.21348524	3.17917228	3.13753486	3.08025265	3.04730201	3.02728248	3.01561189	2.99467659	2.95787859	2.91073322	2.87040377	2.82452345	2.78727674	2.76520133	2.74373436	2.71053076	2.66693258	2.61261940	2.56556511	2.52064657	2.47758412	2.45002174	2.43694234	2.43645906	2.42998838	2.39921427	2.36491847	2.36159134	2.38159013	2.39668632	2.39071822	2.38207245	2.36198878	2.33468366	2.30344200	2.28256989	2.26508260	2.25656271	2.23169208	2.20739317	2.18523598	2.20135117	2.22126913	2.25736117	2.23228645	2.20999408	2.20998597	2.19201350	2.19154477	2.19487238	2.20275736	2.21637583	2.22220922	2.25683570	2.29772878	2.31724000	2.29796004	2.26529264	2.22631860	2.19069338	2.16091657	2.09406161	2.00473118	1.91998947	1.87308156	1.84753942	1.85233903	1.87660003	1.82758045	1.76159239	1.74797285	1.74006140	1.75057840	1.81023979	1.89516962	1.99733555	2.20489788	2.30142093	2.28675175	2.43985844	2.49464440	2.55330586	2.61918736	2.69759965	2.76275730	2.81599402	2.89491272	2.97441483	3.00953078	3.13851833	3.28664804	3.37363124	3.45996308	3.60310984	3.91396976	4.52322340	6.46093988	8.03269100	7.66385412	5.81052303	3.12644887	2.11489201	1.59523928	1.49678993	1.56910181	1.70928788	1.77007973	1.85187888	1.97974145	2.16317105	2.34333944	2.51357317	2.63200378	2.77286029	2.96833682	3.02337146	3.01929903	2.95014524	2.90386724	2.90083957	2.89528608	2.81405878	2.72364712	2.64333653	2.59001637	2.52434683	2.48772454	2.53593302	2.61580229	2.62641025	2.53880429	2.53799796	2.52961421	2.51033735	2.52552390	2.55478454	2.58425355	2.60771537	2.60639334	2.62883735	2.69264460	2.72742987	2.70903039	2.68180823	2.68807387	2.69753885	2.68516517	2.71380711	2.74784684	2.76566172	2.72401261	2.65647531	2.65766120	2.66859198	2.69120955	2.71586967	2.71287489	2.76694131	2.84830475	2.89338994	2.87463593	2.84651327	2.80735064	2.76855254	2.73000646	2.70750928	2.66276526	2.64658880	2.64880586	2.63132167	2.64100170	2.67026472	2.70739794	2.72805762	2.73524404	2.76047564	2.78907919	2.83065915	2.88617253	2.97505307	3.01526666	3.00401926	2.92263532	2.88725972	2.88159394	2.90254164	2.90765381	2.87332416	2.80437422	2.73020768	2.67328358	2.61274576	2.53510642	2.46464849	2.41030955	2.36479950	2.36084771	2.38356209	2.45011616	2.48659635	2.47949409	2.44568086	2.37102914	2.31216049	2.26487589	2.23093796	2.21218348	2.21512532	2.23696017	2.21569347	2.20483303	2.20171595	2.31708479	2.57614636	3.18506050	5.19699335	7.57556200	8.76181412	4.33820295	1.24508011	0.441674620	0.435890883	0.506507754	0.536130726	0.576044619	0.623006642	0.697006822	0.764996409	0.821263671	0.873155534	0.946658850	1.10307097	1.27879620	1.52357900	1.73951793	1.96286404	2.16148186	2.33974528	2.51485562	2.65077662	2.72927451	2.81695986	2.86259770	2.94000626	3.10969448	3.23990965	3.33057666	3.41658926	3.42249775	3.42101264	3.40976644	3.39464140	3.40619493	3.40349317	3.34188938	3.32652593	3.34288025	3.36471462	3.39524722	3.37363338	3.34985995	3.32377005	3.32617378	3.30410385	3.27457952	3.24172163	3.21640825	3.20458961	3.20818686	3.23820925	3.25196671	3.35205865	3.36207247	3.36225224	3.33802080	3.30045700	3.27812266	3.27778220	3.28035355	3.28717017	3.29666638	3.28828454	3.26705623	3.25695729	3.26340079	3.26414371	3.25183320	3.20596099	3.15864444	3.12643003
-46.0000000	3.19724512	3.17318988	3.16587687	3.13415003	3.08716798	3.03089261	2.99276042	2.99933648	3.03157878	3.06052423	3.06885457	3.05193400	2.99463272	2.96724391	2.91816926	2.88292336	2.81729293	2.77620101	2.74769425	2.72030187	2.71745563	2.74555492	2.77494335	2.81461143	2.85848045	2.89914608	2.93034530	2.95361638	2.97056675	3.03772759	3.12283444	3.15040088	3.18739605	3.24140835	3.28605390	3.34529042	3.39282727	3.40532351	3.42939615	3.44756150	3.45713997	3.44542456	3.42258263	3.43118954	3.42449617	3.46931982	3.53497553	3.56385899	3.56580949	3.56590009	3.58951759	3.61730146	3.65439200	3.66670585	3.65116835	3.63925290	3.54687405	3.46108699	3.36542106	3.26574588	3.22148728	3.22137451	3.25406241	3.28886843	3.28315043	3.22920942	3.18328118	3.16933322	3.21775842	3.24551797	3.24347401	3.21371627	3.17687917	3.13031888	3.07618976	3.04422069	3.02088976	3.00389838	3.00305748	2.99537015	2.97878170	2.94430161	2.91954541	2.90712953	2.89775968	2.87859941	2.84808588	2.79919958	2.74925375	2.70655990	2.67525077	2.64176726	2.61949039	2.61067891	2.58684254	2.55440521	2.51988339	2.50453305	2.53094554	2.56325984	2.55134678	2.55506825	2.55643821	2.54818439	2.51227593	2.47566748	2.44924402	2.45342588	2.45571995	2.44935775	2.42188811	2.42108130	2.43082380	2.46442747	2.45896912	2.42623639	2.44973540	2.47253394	2.48447084	2.49613357	2.51723456	2.49674821	2.50293875	2.53505540	2.59018707	2.61378145	2.61961627	2.57400799	2.52532053	2.48106384	2.43854785	2.41384101	2.32160687	2.21970582	2.14625049	2.09227109	2.07198572	2.08832121	2.09285498	2.04852867	2.00404859	1.97761691	1.95144343	1.97441912	2.00695539	2.07731891	2.16021872	2.25868964	2.32237363	2.35528255	2.42008615	2.54787970	2.69356918	2.86927152	2.93287110	2.95421028	3.02529120	3.12881899	3.19021654	3.22977972	3.28073788	3.38159800	3.46168232	3.62438941	3.95169973	4.67705727	6.02323484	6.41899729	5.81051445	3.86568069	2.61171722	1.73119032	1.89782858	1.97892427	2.10054398	2.03107262	2.01075625	2.04381275	2.15479946	2.27996135	2.39239812	2.56842494	2.76221442	2.92404962	3.06856585	3.17942286	3.15412378	3.12061596	3.09105659	3.03873324	3.00431800	2.98263645	2.97962832	2.94740558	2.86425519	2.76228929	2.66840267	2.60229874	2.61173439	2.58491755	2.54812098	2.53390241	2.52799487	2.52294278	2.52443743	2.57016039	2.60988212	2.62051916	2.62660527	2.62969685	2.63797545	2.65901327	2.64896441	2.65758991	2.70648432	2.74260187	2.73623991	2.71270800	2.72592950	2.74737954	2.75688004	2.73070931	2.70699763	2.67267299	2.65700006	2.66152740	2.66833496	2.67776418	2.72016788	2.77428389	2.79689336	2.82329798	2.82954264	2.82925797	2.82713103	2.81008577	2.76816583	2.72749114	2.70054364	2.67345142	2.64366364	2.63220119	2.63716841	2.66758347	2.71435404	2.76050520	2.77152777	2.79230547	2.83055902	2.91614747	2.97907209	3.01121712	2.98034358	2.94092345	2.92338920	2.94284606	2.95621347	2.93209338	2.87526584	2.84686208	2.80202770	2.75051165	2.69973731	2.63882089	2.56985021	2.49132252	2.46633196	2.46803927	2.49923229	2.51261210	2.52231264	2.52527761	2.50402808	2.46906734	2.41118860	2.39031863	2.39057994	2.40263987	2.41607165	2.42619276	2.46114802	2.54368639	2.77227139	3.21076035	4.66966343	7.30789709	10.0126467	7.33760977	2.90855002	0.737294436	0.418017596	0.514563143	0.544308484	0.524424970	0.556294262	0.631149113	0.692606866	0.782262743	0.854700565	0.918183625	0.961540520	1.00629795	1.17321420	1.39128184	1.68264723	1.92220986	2.15394139	2.31509733	2.50651312	2.66958499	2.81434250	2.90505147	3.01648831	3.04518032	3.10335779	3.21320105	3.31462383	3.41901565	3.51225090	3.54607725	3.51609492	3.51562119	3.52029538	3.52639294	3.47912884	3.44560957	3.40767455	3.37563133	3.35976481	3.38376260	3.39372706	3.38642550	3.39646029	3.42441797	3.42004466	3.39827323	3.37539148	3.35630131	3.33392262	3.31997418	3.30791712	3.30663037	3.33049846	3.33672833	3.32150769	3.30689192	3.29857254	3.28853679	3.29054475	3.30151463	3.31825018	3.32805800	3.32856655	3.32425356	3.32235551	3.32897282	3.33747482	3.32491207	3.28977203	3.24243593
-47.0000000	3.23797202	3.21415424	3.20431757	3.18385482	3.14576793	3.08391356	3.02435851	3.01132154	3.03866076	3.10029554	3.14028859	3.12038422	3.09688187	3.08380604	3.05892420	3.04616308	3.01004505	2.96712136	2.95769072	2.95631647	2.95444369	2.96536970	2.98240447	2.97866583	3.01726437	3.05576777	3.09580374	3.11852860	3.13647699	3.17604923	3.23853707	3.29251385	3.32552171	3.35055757	3.40150237	3.48564625	3.55547833	3.64263725	3.61841249	3.57280850	3.57622552	3.59006310	3.56732774	3.51548553	3.46258569	3.44589472	3.43467069	3.48191333	3.53279305	3.55697489	3.56891036	3.60138798	3.63067508	3.62791944	3.61633039	3.61437106	3.58018255	3.55229282	3.53120112	3.43517613	3.32957602	3.26521301	3.23028922	3.24967289	3.25115323	3.23539257	3.20657897	3.18792248	3.19355798	3.21638823	3.23211098	3.23698616	3.24044776	3.22402763	3.19528723	3.15067172	3.08481455	3.02084684	2.99208617	2.97160482	2.95422053	2.95479727	2.94885731	2.94658494	2.95959735	2.97954869	2.99017072	2.97834182	2.94009686	2.89690042	2.85515213	2.81755590	2.78631163	2.76164985	2.74092484	2.71226096	2.67402649	2.62271810	2.61584473	2.64431214	2.66098261	2.67779517	2.69134784	2.70311046	2.68034244	2.64728880	2.60443568	2.57169557	2.55082297	2.58150840	2.59562659	2.61390018	2.62410331	2.64458609	2.66098118	2.64608574	2.67172050	2.72082949	2.72459006	2.74304938	2.75373936	2.75051022	2.75712180	2.78509831	2.80187058	2.83356571	2.86675644	2.90087056	2.86003208	2.81588984	2.76547384	2.73413301	2.69066739	2.57763577	2.47874975	2.39663672	2.36006927	2.33913732	2.31834030	2.29546785	2.27136087	2.23990774	2.19334459	2.15113235	2.12871885	2.18198657	2.27579117	2.33207798	2.33822751	2.34510779	2.35823679	2.49057364	2.67863560	2.87048650	3.04518890	3.17228889	3.21281433	3.29682684	3.38734818	3.42482114	3.46024871	3.43260932	3.41852641	3.53786302	3.78585148	4.14806652	4.67517376	4.97143412	4.76284790	3.80125427	2.66483021	2.58668637	2.64298034	2.53803229	2.46984863	2.38344622	2.34955215	2.35930610	2.41520405	2.46589279	2.52512002	2.64836097	2.79395080	2.94181418	3.05322337	3.16122627	3.22999835	3.20983982	3.18148780	3.13841319	3.09262037	3.08066297	3.09391785	3.07490253	3.04259968	2.96507788	2.89214444	2.81591988	2.75728750	2.69732523	2.64652252	2.59838986	2.57156420	2.56860232	2.58329964	2.62313581	2.65382433	2.67322826	2.70638132	2.72214007	2.72144747	2.71272945	2.71033049	2.72277737	2.76158524	2.81340504	2.79606605	2.77237678	2.77565765	2.79325652	2.80974102	2.79836345	2.77049160	2.72534537	2.68963981	2.67044330	2.68061566	2.68990707	2.71019435	2.72634172	2.73635554	2.75409508	2.78179908	2.81527185	2.85039282	2.84431481	2.82294440	2.78245640	2.76830125	2.76326084	2.73629189	2.71537137	2.71166253	2.74571133	2.76496053	2.77457833	2.76162624	2.75943804	2.78608322	2.87086320	2.91518378	2.94749475	2.97344804	2.95764828	2.95068383	2.96633649	2.96206999	2.94369125	2.91067696	2.87269425	2.83955836	2.81215310	2.79176211	2.75113797	2.69812584	2.63969421	2.60644460	2.59375095	2.62123179	2.62586164	2.62770486	2.61496449	2.61541295	2.61742759	2.61290956	2.62113619	2.62768316	2.63618207	2.65581727	2.70352793	2.79269290	2.94686651	3.19929838	4.20614052	6.29962873	10.4612617	10.8825493	7.28962612	2.10231948	0.543129861	0.437367618	0.539324582	0.632257879	0.589962244	0.625067294	0.673579454	0.734600961	0.815631747	0.900992215	0.951174021	0.977453351	1.07198060	1.17610264	1.34713078	1.51715446	1.76971972	1.94706440	2.15460062	2.34993887	2.61197853	2.80723333	2.91273332	3.01577830	3.08277011	3.14416647	3.18444133	3.23264885	3.34720993	3.46652627	3.53192544	3.56890798	3.59707427	3.60557795	3.62730908	3.62749553	3.62886000	3.62334037	3.57576418	3.53276515	3.52309203	3.51853275	3.48843098	3.44486737	3.46039820	3.48938727	3.48302794	3.46193576	3.43648601	3.41126800	3.41578436	3.41630936	3.41944051	3.40452862	3.37814832	3.34646273	3.33229685	3.33324313	3.34112048	3.34550929	3.33692789	3.31953645	3.30656528	3.31560636	3.33966303	3.34506106	3.32457471	3.31180143	3.30134010	3.29204297	3.27529311
-48.0000000	3.21725869	3.22937202	3.22951579	3.21014452	3.17178488	3.11977744	3.05920744	3.01209140	2.99146008	3.01166916	3.04395127	3.07721734	3.09100389	3.08708763	3.09847665	3.11192656	3.09830809	3.06928444	3.04268479	3.07461882	3.09550977	3.11753178	3.15207648	3.15639520	3.14291215	3.19929838	3.24546123	3.28822041	3.30197525	3.31538057	3.36219096	3.38095474	3.40382791	3.41569877	3.44094777	3.49670959	3.58681536	3.65306258	3.64534354	3.63055611	3.64397860	3.64337993	3.63856244	3.61540580	3.55580282	3.47704220	3.42633462	3.42605090	3.44747710	3.47578835	3.48934412	3.50164294	3.52485275	3.55050230	3.56021500	3.54899263	3.52212834	3.49018288	3.45439529	3.41740751	3.38806868	3.35854578	3.35275960	3.32462955	3.30007100	3.28377819	3.28357840	3.30781269	3.34043789	3.34005213	3.21198416	3.15247536	3.14090848	3.17094421	3.19060302	3.19687939	3.16038656	3.11154985	3.05542517	3.03072476	3.01019263	3.00057292	3.00885201	3.01961350	3.03463936	3.04184508	3.05181909	3.06378531	3.05273175	3.03308654	3.00513387	2.98849154	2.97341561	2.95859003	2.93997383	2.91485882	2.88153911	2.83404446	2.79691553	2.76745391	2.77064943	2.77454638	2.77429271	2.76850820	2.75663733	2.75279617	2.73139048	2.70928216	2.66306591	2.66175723	2.68312049	2.73634648	2.77363276	2.78823376	2.77094150	2.75588489	2.75735450	2.82696486	2.89417624	2.95082927	2.96898675	2.96192169	2.96000552	2.95849586	2.96332717	3.00207973	3.06004596	3.11682081	3.14478517	3.13727474	3.12345505	3.06178284	2.99232864	2.90519834	2.78945303	2.67906904	2.63597059	2.60245585	2.58023453	2.56913567	2.55688930	2.53511858	2.45926881	2.37914991	2.33843470	2.36928010	2.43278193	2.49355078	2.52122474	2.51486349	2.51670599	2.53227520	2.60489511	2.82003784	3.02773333	3.20627737	3.37839007	3.53403115	3.57424259	3.60849237	3.58723402	3.55823207	3.54415250	3.54735804	3.63025379	3.78515172	4.05200195	4.21004295	4.22352600	3.93127227	3.64393711	3.35068703	3.15673065	2.96643758	2.78859663	2.69462943	2.63937807	2.59822440	2.59775925	2.63784671	2.66804194	2.70851707	2.78675199	2.88024139	2.97044873	3.06445670	3.14680743	3.18174911	3.15493989	3.13051605	3.11150980	3.08724427	3.08447719	3.07914400	3.07102227	3.05664849	3.04692483	2.97856212	2.89175630	2.80928946	2.76703119	2.73709011	2.68857789	2.65872097	2.65166855	2.68154073	2.73594666	2.79267049	2.80682635	2.83180547	2.85645723	2.85175347	2.84669638	2.86848497	2.87653303	2.86801577	2.87044477	2.86382318	2.86900854	2.88609123	2.90597391	2.89633632	2.84204102	2.79841304	2.75548553	2.73545051	2.73846245	2.75349760	2.76693773	2.78590584	2.78629351	2.77579069	2.76571202	2.77454591	2.80107737	2.81253576	2.81216002	2.78626108	2.76969385	2.77391624	2.78437757	2.76733851	2.72957993	2.67627954	2.72060800	2.76623511	2.79417348	2.78635478	2.79935431	2.85023737	2.89552879	2.93670869	2.97462082	2.98433161	2.98870564	2.99015927	2.98542595	2.97031689	2.94360566	2.89638782	2.85845542	2.83188224	2.80444741	2.77298355	2.74280977	2.69629121	2.65835142	2.63124728	2.64265919	2.66457176	2.69562244	2.69963193	2.71223354	2.73021364	2.73942423	2.75146556	2.77457476	2.80920458	2.86110139	2.95267224	3.09330583	3.32019758	3.83179951	5.16743994	7.63016224	13.0263462	14.8559380	7.12550926	1.88949168	0.456006974	0.762921333	1.06660879	1.01375782	0.866178036	0.717720449	0.751949251	0.812472582	0.898256242	0.977768660	1.08275402	1.15963840	1.22356069	1.32396269	1.44577289	1.59834528	1.75767684	1.93371761	2.08045077	2.24873924	2.41874552	2.64056253	2.80574703	2.91159844	3.02108955	3.07604218	3.13992286	3.20849729	3.27554274	3.36264324	3.45465589	3.50603485	3.54521012	3.59585714	3.61134362	3.63947320	3.67125034	3.69568276	3.69871497	3.69444966	3.69237518	3.67965627	3.66645098	3.63143086	3.58883548	3.56279063	3.54914856	3.53322077	3.50560641	3.47389126	3.45101905	3.42882943	3.42405725	3.41309166	3.38940430	3.35890269	3.35071826	3.33924055	3.33472967	3.33838463	3.34348941	3.30485773	3.28544354	3.28259230	3.28499126	3.27731419	3.25379515	3.24013877	3.22580552	3.21218443	3.20787048
-49.0000000	3.16025066	3.17580938	3.18734407	3.20541692	3.20814347	3.17312431	3.11781526	3.06571460	3.04492879	3.04346824	3.05127501	3.08362818	3.11272407	3.12916613	3.10169387	3.12311506	3.13039875	3.10526633	3.07656717	3.07104468	3.06669712	3.12402725	3.17356849	3.22277927	3.22211742	3.22079253	3.28040552	3.31626534	3.34802437	3.35800028	3.36923170	3.37861848	3.37561584	3.38688636	3.40616369	3.44857836	3.51597953	3.58674121	3.64168406	3.65844750	3.65372491	3.64837885	3.62075090	3.58744192	3.55568671	3.50466132	3.45598483	3.41124749	3.37543869	3.39264727	3.41300440	3.41004658	3.41589689	3.44466782	3.47878361	3.47287250	3.46050000	3.44669032	3.41762829	3.37437510	3.33816409	3.31021142	3.29508066	3.31439471	3.33704519	3.35791445	3.41022015	3.46273112	3.65465593	3.54327106	3.21342206	2.94165277	2.85401487	3.00571656	3.08733416	3.13224626	3.13813210	3.14168477	3.14230561	3.15522170	3.15975595	3.15674949	3.14982724	3.15113449	3.15916991	3.14465976	3.13007402	3.11623192	3.09863281	3.08852339	3.08830023	3.09251237	3.08720088	3.06315780	3.03636479	3.01013255	2.98662901	2.95453739	2.92297888	2.89264774	2.87429166	2.86269188	2.85538983	2.83304095	2.80151272	2.78327298	2.76711965	2.76498127	2.72340775	2.70272064	2.71992540	2.76356649	2.80454326	2.82803130	2.84011579	2.84709096	2.86474752	2.89177752	2.98799419	3.06614447	3.12173653	3.11861229	3.12263632	3.11543632	3.12518358	3.17466736	3.22441316	3.26054955	3.31928825	3.36071348	3.35569525	3.31252050	3.24615169	3.15778780	3.07551765	2.98559141	2.88491631	2.83809114	2.81014991	2.79540777	2.82136750	2.82075167	2.74101686	2.66519451	2.61075163	2.57637525	2.61923909	2.66999054	2.68851304	2.73730087	2.72710371	2.73169565	2.77574277	2.85519075	2.96503401	3.17350364	3.36597180	3.50599170	3.63692665	3.70515752	3.68069339	3.63897371	3.59648657	3.55153728	3.51371741	3.55301642	3.61383533	3.65665388	3.69268966	3.68495631	3.63889575	3.51842833	3.38599586	3.24524450	3.10858727	2.96619177	2.88164806	2.82794809	2.80549669	2.77901936	2.74999666	2.72553182	2.75532007	2.83865690	2.92387033	3.00304747	3.08819604	3.12810469	3.10429978	3.11180305	3.12113953	3.09960580	3.09034514	3.08589149	3.07573938	3.08702517	3.10897374	3.10463667	3.06379533	2.99710894	2.94325209	2.90372133	2.86537313	2.81737709	2.78052926	2.78392172	2.79412913	2.80859399	2.82646370	2.85131383	2.88295794	2.93036532	2.94242311	2.95925188	2.93552232	2.91176653	2.92976570	2.98475361	2.99912095	3.00764847	3.02199340	3.00372553	2.98652101	2.92107320	2.87411451	2.85504389	2.85445428	2.85505486	2.82883763	2.83092356	2.84522843	2.83946395	2.82650208	2.81269455	2.78469849	2.75329852	2.74845815	2.74741006	2.74934888	2.77068090	2.79446554	2.81187868	2.79538631	2.76345205	2.75061512	2.78452992	2.83221722	2.85542846	2.85931683	2.85869884	2.90024281	2.93588638	2.96698332	2.99459147	3.01503658	3.02719688	3.02448463	3.01998830	3.01471925	2.97539783	2.93989182	2.91644073	2.88017988	2.84590721	2.81821346	2.79558420	2.77573252	2.74843860	2.73386097	2.73434258	2.75286603	2.77825308	2.80181742	2.82082367	2.84275794	2.87559414	2.92631340	2.99492311	3.08022332	3.22823739	3.42816710	3.71673870	4.44410467	5.76721478	10.4843445	15.4690990	14.8960838	8.09850121	1.28726065	0.848617196	0.993620872	1.33619118	1.33113098	1.06766570	0.956659675	0.936571658	0.964789867	0.984064341	1.07801497	1.21770155	1.36012030	1.46384847	1.53555250	1.64898145	1.76833212	1.91757965	2.04425120	2.15869617	2.26735711	2.39244604	2.50547409	2.65414882	2.79162502	2.91606212	3.02929688	3.13462234	3.21231222	3.29419017	3.34263897	3.38509893	3.42601204	3.47752523	3.54555702	3.58149409	3.61213684	3.64924216	3.68834114	3.72337842	3.74441576	3.74730778	3.75471640	3.74575853	3.72380614	3.69724679	3.66880465	3.62135959	3.58241248	3.55582404	3.52748108	3.48591042	3.45424390	3.44468021	3.42465615	3.39405346	3.36504889	3.35664558	3.33674073	3.31959391	3.31173062	3.30947661	3.27950406	3.24113727	3.21776915	3.21020722	3.20902061	3.20924306	3.19130230	3.16523814	3.14297915	3.14001632
-50.0000000	3.13315487	3.13265157	3.12664747	3.11216974	3.10782099	3.11596346	3.10438585	3.07934141	3.06991363	3.07872701	3.10377669	3.11566949	3.13507390	3.15880656	3.14346504	3.11112738	3.11919713	3.11337495	3.11169958	3.08725214	3.08423662	3.09606695	3.14541292	3.18503833	3.20968962	3.22754622	3.25005054	3.28178740	3.31658435	3.31830001	3.30589676	3.30322385	3.29970169	3.30231237	3.31718993	3.34501910	3.38270402	3.46120286	3.52926135	3.58226991	3.62916470	3.62416649	3.60642886	3.58898497	3.56387043	3.54716134	3.50155139	3.44358993	3.39484835	3.37255430	3.37062669	3.36993337	3.36272407	3.34426475	3.31716967	3.33521056	3.35121131	3.35106134	3.32842040	3.30780029	3.28701591	3.26231289	3.23878670	3.23558426	3.26348281	3.29966068	3.33754778	3.38590264	3.53238416	3.41263509	3.16410565	2.80320120	2.82258296	3.00509858	3.07352757	3.10222435	3.10401940	3.12086701	3.15663362	3.21225214	3.24694157	3.24726558	3.22671962	3.22071624	3.22281957	3.22778654	3.22279882	3.21016550	3.18208456	3.16362238	3.15727329	3.14728045	3.12579584	3.08176088	3.04754496	3.02149796	3.01677990	3.00328565	2.98432374	2.94696522	2.92873812	2.92517853	2.93154693	2.92287326	2.89520264	2.85127258	2.79946876	2.76073790	2.72561717	2.69260144	2.71423817	2.74420023	2.79669619	2.84876800	2.88503051	2.88594007	2.88943911	2.89255476	2.96703863	3.04886246	3.12677503	3.18817139	3.21957302	3.22895956	3.21726513	3.26082373	3.32228518	3.35598612	3.39910054	3.45802832	3.49445891	3.45723057	3.40574622	3.32737255	3.26663780	3.20356297	3.12936354	3.06523299	3.02576208	2.99042082	2.97779894	2.99998021	2.99982381	2.93156075	2.87851477	2.86463141	2.86518526	2.88219023	2.91593599	2.94299173	2.91524458	2.94946861	2.97926283	3.03379917	3.10317993	3.19067645	3.29595137	3.43961859	3.55135655	3.63097954	3.66816449	3.67041373	3.62086391	3.58947659	3.56441474	3.57217836	3.52624631	3.44971919	3.46145582	3.43278837	3.41819239	3.40789199	3.34106922	3.23480010	3.12841010	3.06260943	3.04450631	3.04297662	3.01450086	2.96813393	2.90245533	2.82745743	2.82416415	2.85878301	2.93083858	3.01862550	3.13111138	3.17830300	3.17249727	3.13828993	3.10376978	3.09163499	3.08724618	3.09312153	3.09484887	3.08456111	3.07747817	3.06145573	3.04995346	3.04812002	3.06434011	3.03140974	2.97219014	2.94102073	2.91128755	2.88022017	2.87475109	2.87721062	2.89145517	2.89476299	2.90481210	2.96153641	2.98788548	3.04757714	3.03337240	3.00077415	2.96184230	2.96920657	3.02294135	3.04680085	3.01827025	2.99789333	2.99231935	2.97690845	2.96701455	2.95441270	2.96064663	2.96284533	2.94832444	2.92801738	2.91693163	2.90226674	2.89790845	2.91445208	2.90236735	2.87067604	2.83150077	2.80086470	2.79504776	2.80707765	2.81806779	2.83216095	2.84913492	2.86576104	2.88140297	2.91030025	2.93629861	2.95350909	2.95173931	2.94564438	2.95588946	2.96321201	2.96804094	2.97317600	3.00047135	3.04604769	3.05042863	3.05785155	3.07175922	3.05468130	3.03444648	3.01560974	2.98306823	2.94675040	2.91462040	2.89587402	2.88670564	2.88213634	2.88857031	2.89857769	2.89831376	2.90250731	2.92189097	2.93721890	2.94933033	2.99426675	3.06073642	3.15290570	3.26937175	3.42874384	3.65467501	4.02512789	4.53651619	6.49523973	10.1564569	16.8333740	13.7301617	6.04237986	2.43964863	0.986739814	1.07397139	1.12512541	1.06973851	1.12071109	1.16481161	1.17508101	1.20793390	1.23954546	1.30177593	1.44638073	1.60672688	1.74564493	1.84306324	1.95254135	2.00688028	2.08187652	2.18536234	2.29769993	2.39577770	2.46627069	2.55846000	2.67100477	2.79142547	2.90974760	3.04310942	3.11854768	3.20133162	3.27102709	3.32665420	3.36710405	3.40963268	3.46067786	3.49350476	3.53209257	3.57094359	3.59088278	3.61489487	3.64511251	3.67060161	3.67543006	3.70558000	3.75180125	3.74028063	3.72551322	3.72832203	3.73254490	3.68141556	3.62140918	3.57427359	3.52449656	3.49301028	3.47387838	3.45126081	3.40562940	3.36732411	3.33604002	3.30239296	3.26288724	3.23647141	3.22076941	3.20266461	3.18647599	3.18099332	3.18211794	3.18128109	3.17962170	3.16774106	3.15387940	3.14739394	3.13693786
-51.0000000	3.14210248	3.13343549	3.10812616	3.06847787	3.02161455	2.98259497	2.98170424	2.99312615	3.01526642	3.03979230	3.05880690	3.05804420	3.07097626	3.08130550	3.09311080	3.07862830	3.07206082	3.06051540	3.05770898	3.05602002	3.05820966	3.08684373	3.12911010	3.15112472	3.18055558	3.18424249	3.20086837	3.23684907	3.26505542	3.28692126	3.27602458	3.26471996	3.26162291	3.27285004	3.28769636	3.30626130	3.34003806	3.37435555	3.43204784	3.47003555	3.49625802	3.52161360	3.54443622	3.53549957	3.53455400	3.53977346	3.50970197	3.47975659	3.44555140	3.40655971	3.38948512	3.38608027	3.37683773	3.34648085	3.31971335	3.29597425	3.26479459	3.23223019	3.24218583	3.23955274	3.23573828	3.23131728	3.22354126	3.20863318	3.20082760	3.20312119	3.21955061	3.22578025	3.21709895	3.18754387	3.15405774	3.12125540	3.08854580	3.08660197	3.09961939	3.07304788	3.04331207	3.01533747	3.00820971	3.01597357	3.07580066	3.12279081	3.14826393	3.15856290	3.17049789	3.19934154	3.23172569	3.26354551	3.26841211	3.25997424	3.23624086	3.21213460	3.18791032	3.16378999	3.12415648	3.07766438	3.05423141	3.04011512	3.04027629	3.03953099	3.03540897	3.02575016	3.00724840	2.98353934	2.95546770	2.92095709	2.88268495	2.82646155	2.77583385	2.75320148	2.75194430	2.75835967	2.80188155	2.84846449	2.87287569	2.89300227	2.91986489	2.92933965	2.93744969	2.99569321	3.07304931	3.17734909	3.24011636	3.27604699	3.30324411	3.35507631	3.39162040	3.41668367	3.45127034	3.48321462	3.51000762	3.48426223	3.43049407	3.38166714	3.32826495	3.29297829	3.25506020	3.22225761	3.17078042	3.13169694	3.09588766	3.06889844	3.05648279	3.04237080	3.04249549	3.03715014	3.06188655	3.08609104	3.07789063	3.04519844	3.04863405	3.08893108	3.10612679	3.17398810	3.22349906	3.28747845	3.35763288	3.42941380	3.49820638	3.56540704	3.60310602	3.61932611	3.61185575	3.60818982	3.62974977	3.66670609	3.64019990	3.56016994	3.42965102	3.35325336	3.33765149	3.33374476	3.29242158	3.18011379	3.05891562	3.02297306	3.02227378	3.06012821	3.08839607	3.10204887	3.05630350	3.00305867	2.98930335	3.01001406	3.05879784	3.13752460	3.23155808	3.30363011	3.31079960	3.27672577	3.14466763	3.05469346	3.04596281	3.06008220	3.08036113	3.09503961	3.10068870	3.10333538	3.09161305	3.07357121	3.04869604	3.04335284	3.04515576	3.02503157	3.00694466	2.99181294	2.99173188	3.00304341	3.03300381	3.05711794	3.07667446	3.06919932	3.05936146	3.07392693	3.12145948	3.12184095	3.07909441	3.04715753	3.04409575	3.03914618	3.01945567	2.98094225	2.94913149	2.97800803	3.01069427	3.04442501	3.04203439	3.04675937	3.05138969	3.04504919	3.02984762	3.02621388	3.00776029	2.99051738	2.98448133	2.97803664	2.96073914	2.92550254	2.88563633	2.85751224	2.84179091	2.83817530	2.85064268	2.88865590	2.92984271	2.96374583	3.00403094	3.05086565	3.08487344	3.09213853	3.06361032	3.03598952	3.01322007	2.99914765	3.01397181	3.05235434	3.07661891	3.09959650	3.12106514	3.12036180	3.11201215	3.09519506	3.06993461	3.04065967	3.01311851	2.99958920	3.00584316	3.01533914	3.01756120	2.99742126	2.98749971	2.97752619	2.99899220	3.02061677	3.05322170	3.09226179	3.13603616	3.23370862	3.35564041	3.52602506	3.77744317	4.10162926	4.71953583	6.18585587	9.15064907	12.0764456	12.9984369	6.61676550	2.18927217	1.36972928	1.18529499	1.22947848	1.27871704	1.38452399	1.43706393	1.44262087	1.48376596	1.54125738	1.58466089	1.69864416	1.90776169	2.08777690	2.10885620	2.13069153	2.17444396	2.23106265	2.32480311	2.40392041	2.48213363	2.54930544	2.62767673	2.69697881	2.77551270	2.85624790	2.93816376	3.03782034	3.13125610	3.19792819	3.26650977	3.30229998	3.35781932	3.39643145	3.40962219	3.42488933	3.44286871	3.44765592	3.43563676	3.42331338	3.44886041	3.48165202	3.50826597	3.53134894	3.56016326	3.57962537	3.59484196	3.59154272	3.57628179	3.57057476	3.55097103	3.52308083	3.47719979	3.42859936	3.38920116	3.35230851	3.32753134	3.30822349	3.29119754	3.26899433	3.25271297	3.23832679	3.21997762	3.21503615	3.22076368	3.22966075	3.23140192	3.22025609	3.20542765	3.18929458	3.17434096	3.15693927
-52.0000000	3.09354138	3.07718730	3.05134749	3.02327871	3.00065994	2.97673631	2.95957875	2.94644594	2.95245147	2.95760679	2.95730376	2.95194888	2.94352794	2.94730711	2.97232461	3.00283718	3.00907278	3.00430512	2.99509907	2.98948097	2.98371649	2.98635626	3.01581979	3.05390573	3.06993175	3.08012128	3.09430385	3.12900758	3.16270065	3.18179226	3.19884920	3.21258759	3.22790480	3.25753260	3.27465153	3.29283142	3.30712271	3.32526803	3.34182096	3.35743427	3.35310936	3.35340142	3.36722040	3.38766265	3.41476703	3.43410182	3.44490075	3.45075345	3.42701578	3.41048002	3.39833879	3.38046336	3.36467028	3.35485387	3.33673644	3.31713915	3.29122877	3.26529860	3.24891782	3.23856735	3.23012185	3.21704936	3.21013355	3.20026159	3.19660473	3.20169902	3.20688343	3.20843601	3.20732498	3.20215964	3.18598413	3.16817331	3.14525509	3.12569547	3.10429096	3.05887175	3.00740695	2.95177245	2.90864825	2.88655996	2.91530657	2.96423984	3.01436138	3.04435205	3.07567859	3.11542630	3.15228653	3.18745780	3.21190333	3.22077894	3.21196842	3.20560622	3.20132256	3.20127964	3.19835448	3.19768643	3.17724538	3.15715766	3.13433790	3.11486125	3.09536362	3.06470752	3.03249907	3.00412631	2.97756839	2.95120287	2.92129183	2.88505149	2.85313511	2.83948326	2.83506298	2.83264208	2.84999061	2.89374757	2.91479468	2.92222095	2.94750953	2.97884536	3.01052856	3.06353521	3.13710475	3.21203160	3.28384113	3.31662512	3.34685302	3.39490151	3.42130566	3.42885804	3.43884540	3.41949749	3.40095448	3.39375043	3.38242531	3.35422015	3.33298135	3.30724859	3.29512668	3.26969767	3.26193190	3.22792268	3.16010523	3.09103489	3.07554054	3.06816196	3.06133032	3.07689118	3.13632989	3.16681838	3.17683673	3.17380619	3.14494467	3.13524270	3.15851045	3.22029567	3.25484872	3.33136344	3.38451552	3.43376994	3.48953199	3.51684642	3.53541255	3.55058479	3.56083155	3.59543824	3.63177156	3.65393186	3.66975594	3.61693740	3.51481175	3.43245459	3.36729097	3.36961794	3.32002234	3.24498916	3.14559174	3.04025316	2.97141409	2.94298005	3.01809382	3.09567952	3.13768172	3.14356899	3.13134241	3.17354703	3.21027827	3.24509335	3.28637600	3.33892179	3.33775830	3.30885959	3.21553016	3.13908601	3.08101964	3.07318258	3.09903979	3.15789413	3.16604733	3.16343522	3.16327929	3.15495729	3.13657904	3.15605760	3.17292523	3.15033603	3.12494493	3.10020614	3.12020779	3.13745832	3.14451218	3.18269181	3.22575259	3.19623828	3.17207980	3.16152024	3.12623906	3.12254143	3.12845111	3.13592196	3.11225486	3.10173130	3.07072163	3.02916479	2.99869919	2.99432015	3.01369190	3.02696514	3.03098130	3.04832888	3.05611777	3.06413913	3.07028437	3.05704427	3.04052544	3.00550842	2.99247456	2.99626637	2.99552345	2.98430276	2.94645882	2.90081000	2.85522199	2.82560253	2.80183959	2.82659984	2.86366677	2.90726447	2.97689295	3.04708242	3.10568213	3.13457131	3.13158369	3.10208750	3.07315302	3.05958366	3.05633736	3.05942345	3.08404636	3.11338282	3.15007544	3.15951920	3.16041851	3.15801930	3.15018106	3.13733578	3.10563564	3.07158518	3.03820992	3.02995205	3.04438972	3.06114411	3.07540274	3.07401037	3.08616471	3.09361482	3.13765931	3.18251443	3.22897339	3.29144835	3.36825871	3.54915023	3.77700853	4.12665129	4.59093523	5.19492483	7.72652006	10.7496347	9.22716618	7.18380356	3.94905257	2.19958115	1.73773420	1.60544956	1.67283654	1.71491694	1.70649076	1.66281557	1.65427339	1.75482655	1.85391212	1.98097706	2.11033225	2.25969768	2.35617256	2.33837366	2.36432433	2.39896369	2.44197488	2.52252221	2.59198999	2.65193915	2.70054626	2.74490142	2.77670598	2.81540465	2.87441587	2.93649530	3.00424075	3.07617044	3.12332535	3.16042137	3.17521214	3.19422746	3.24543047	3.26763439	3.27498627	3.27153111	3.26547503	3.28472924	3.29915953	3.31336665	3.33833480	3.37263751	3.40204549	3.42111683	3.43074512	3.44697118	3.45718861	3.46407056	3.47434998	3.47884727	3.47038007	3.41799450	3.36159086	3.31105185	3.28072762	3.26949835	3.26510835	3.26034856	3.24320292	3.21944761	3.19154763	3.17564154	3.17371392	3.18060684	3.19340706	3.19195724	3.18334174	3.16824555	3.14245939	3.11606479
-53.0000000	2.98678684	2.96942544	2.95604539	2.94862628	2.94791818	2.94829416	2.94482374	2.91502666	2.89496017	2.87785363	2.86640882	2.84837985	2.82954311	2.83715773	2.84364510	2.87852168	2.90388823	2.92376280	2.91776204	2.90639377	2.89883804	2.89108515	2.89401698	2.90599561	2.91459513	2.91958690	2.94493842	2.98440933	3.02402353	3.04356241	3.05667138	3.08799291	3.13182497	3.17470670	3.21062589	3.22841573	3.24272823	3.25185323	3.24911880	3.23543477	3.22161412	3.20224190	3.20159197	3.23944998	3.27451420	3.30251312	3.31752110	3.32904220	3.33575273	3.33283329	3.32167602	3.30518150	3.29001212	3.29161620	3.29166865	3.29485178	3.29651046	3.28012848	3.26193166	3.25258684	3.24297667	3.22567987	3.21344519	3.19707370	3.18236804	3.17479110	3.19714904	3.21316051	3.22240186	3.21655703	3.20059705	3.17072749	3.16170669	3.19527745	3.14236164	3.04813075	3.02612901	2.99890947	2.94096160	2.90319967	2.88845563	2.91011548	2.94188976	2.97923422	3.00790930	3.02891731	3.03795719	3.04383731	3.04800344	3.05547333	3.06664515	3.08689761	3.11060810	3.14191604	3.16765714	3.18681026	3.18180084	3.17474222	3.17321920	3.15300155	3.11698079	3.07357883	3.03154635	2.99663496	2.96350431	2.93843174	2.91044021	2.88879132	2.88875937	2.89170337	2.91260433	2.94045568	2.96542358	2.98631525	3.01645637	3.02356434	3.03382945	3.06798625	3.11365557	3.19371653	3.23935556	3.27081966	3.30606198	3.31426883	3.32477856	3.33586240	3.34894729	3.36289668	3.34237838	3.32367492	3.31928563	3.31733537	3.32073498	3.31434011	3.28934312	3.27044153	3.25549936	3.23684788	3.22334385	3.19203138	3.15457439	3.09824371	3.05206728	3.02107763	3.01764226	3.03969669	3.08248782	3.14793801	3.22552347	3.25031972	3.21934247	3.18738866	3.17971230	3.20448828	3.25323749	3.32477546	3.33027649	3.39018774	3.41113114	3.43542647	3.45567894	3.46112800	3.49562001	3.53036237	3.60119104	3.65173149	3.63518691	3.60918117	3.59748220	3.58292723	3.48269320	3.40156364	3.34127784	3.26958108	3.18787718	3.12267709	3.05344296	3.03162980	3.04340386	3.12520242	3.20575452	3.27708364	3.30958295	3.31083965	3.31086254	3.31113434	3.29753494	3.28185081	3.25411773	3.24765229	3.23331833	3.20953536	3.17313814	3.13763785	3.13698387	3.15795374	3.15858245	3.15897131	3.16266108	3.17705488	3.19269657	3.20340323	3.21495175	3.22141647	3.19532752	3.15090489	3.17419267	3.19015360	3.18468285	3.19627070	3.21718693	3.20010781	3.17579985	3.14104533	3.13013792	3.11202216	3.08934140	3.10415602	3.13057804	3.13871765	3.12758923	3.08358598	3.04150128	3.02378392	3.02742910	3.03757215	3.03989553	3.05252290	3.06697798	3.06658578	3.07291961	3.07179904	3.04216981	3.00458813	2.98230195	2.98303485	3.00512099	2.99345040	2.95892763	2.93023872	2.89826226	2.87875533	2.86909199	2.87322116	2.91690230	2.97295356	3.03710699	3.08514881	3.10742378	3.12300229	3.13437057	3.13906455	3.13411903	3.11809039	3.10490704	3.09420657	3.09146690	3.09558606	3.10996771	3.12476468	3.13955808	3.14337158	3.14207196	3.13342762	3.11462855	3.09547019	3.08122945	3.08162713	3.09871531	3.13430095	3.17741323	3.18619585	3.18941784	3.18150926	3.19360685	3.21095228	3.25429487	3.31457114	3.39699721	3.51857662	3.69030094	3.93370986	4.19246960	4.72473383	5.52182865	7.87277937	8.82600594	7.66091108	5.82027912	3.52956772	2.62734985	2.16250992	1.89618552	1.55268490	1.63977277	1.90361440	1.93842947	1.97446394	2.06350923	2.12940288	2.25631666	2.37567949	2.44351363	2.48969078	2.52619219	2.56351256	2.61742735	2.69049311	2.74370050	2.79407883	2.82113910	2.82684922	2.82287002	2.83939195	2.84590936	2.85125041	2.90096354	2.94062257	2.98605227	3.03994942	3.09938693	3.13283134	3.19763517	3.13863349	3.10107660	3.08800745	3.12723136	3.15399599	3.17986441	3.22099757	3.27438569	3.30615568	3.33293939	3.36025071	3.36435914	3.35980082	3.35437155	3.35566235	3.35861564	3.36384511	3.35946679	3.33570504	3.31096888	3.28242731	3.25420046	3.22965288	3.20533490	3.18020988	3.15555716	3.12738252	3.09893727	3.08092451	3.06814194	3.05938196	3.05833602	3.05886102	3.05353808	3.03715944	3.01672769	2.99893904
-54.0000000	2.84468031	2.83616424	2.83196020	2.84114099	2.84775043	2.85241389	2.85609245	2.84255719	2.82305813	2.80841827	2.80402780	2.80488896	2.79347968	2.78783298	2.78343177	2.78941250	2.79852843	2.81478071	2.82880712	2.83062243	2.82849383	2.81121802	2.80227900	2.78942418	2.79259849	2.80094814	2.82017541	2.84970260	2.88232660	2.91587830	2.94238162	2.96164012	2.99626708	3.03568268	3.06688237	3.09553695	3.12047720	3.13783646	3.15621376	3.15105033	3.14602113	3.14819860	3.13506579	3.12359095	3.14501548	3.18143082	3.21458745	3.23084974	3.23375893	3.23368645	3.22079778	3.20696855	3.20634007	3.20773530	3.21079159	3.22015047	3.23961902	3.24084163	3.23605180	3.23272228	3.23399949	3.22086096	3.20978522	3.20941806	3.20890832	3.20346856	3.19742799	3.20303106	3.21292806	3.21923780	3.21414542	3.18850541	3.16762757	3.17011905	3.11596513	3.03893209	3.02601242	3.00252223	2.95270419	2.93501425	2.92941141	2.95058513	2.97320771	2.99864578	3.01426649	3.02264786	2.99389744	2.96492982	2.95455599	2.95929503	2.98098445	3.00089002	3.02000904	3.05004811	3.07443953	3.09040713	3.10199475	3.11303949	3.09821177	3.08163881	3.06369090	3.04389620	3.02358150	2.99589038	2.96809626	2.96035266	2.94893146	2.92502165	2.91701603	2.92269945	2.94056368	2.95673752	2.99285197	3.02405548	3.06178474	3.10678482	3.13728499	3.15019989	3.16473341	3.20688367	3.22582889	3.23856807	3.26128769	3.25112987	3.23572946	3.23627329	3.22286177	3.22330093	3.25651503	3.25280857	3.26396465	3.26642656	3.25632739	3.24488378	3.20902133	3.16207361	3.13659286	3.10790372	3.09628582	3.08667588	3.08594370	3.06108069	3.02379322	2.98332644	2.96396685	2.99261093	3.03318143	3.08374476	3.14226890	3.19522190	3.21134734	3.21086454	3.19486570	3.17232728	3.18832922	3.22818255	3.28529811	3.31800771	3.36940765	3.34122491	3.36291552	3.39294004	3.42719483	3.52013612	3.60942483	3.64924884	3.66881037	3.63023996	3.58743477	3.53575706	3.48569059	3.41238880	3.35574579	3.31342840	3.25782990	3.19689131	3.16679907	3.15418243	3.16437578	3.19418263	3.25788760	3.32951260	3.38306260	3.40145993	3.37516379	3.35101962	3.31842756	3.27943921	3.24546194	3.24768567	3.24561954	3.23681045	3.20375204	3.15684295	3.13958669	3.12618661	3.10968661	3.09545922	3.08854389	3.12048793	3.15941191	3.18125725	3.19906020	3.21242619	3.19560933	3.16407537	3.16543388	3.16559315	3.16350842	3.17066622	3.18290138	3.16095281	3.13346243	3.10682726	3.08005643	3.07893610	3.08127093	3.07816935	3.08046317	3.06809998	3.06656241	3.07092261	3.05418825	3.01581168	3.00903964	3.02547240	3.04744029	3.06366825	3.08690786	3.11265302	3.12850142	3.10745287	3.06931877	3.02464008	2.98011231	2.98265600	3.00395012	3.00613546	3.00225115	2.99194932	2.97969317	2.96773767	2.96057081	2.96636629	3.03190899	3.09488106	3.13510466	3.14092231	3.13181639	3.10244489	3.08443666	3.10034037	3.10985518	3.11061740	3.11301804	3.11361623	3.10285378	3.08835459	3.06843543	3.06895137	3.07862067	3.08305550	3.08369446	3.07464910	3.07413626	3.08315539	3.08025694	3.07990956	3.11263061	3.14129663	3.16790771	3.18805718	3.21279407	3.22076654	3.23228502	3.25470853	3.29815412	3.35082245	3.40128136	3.45421195	3.59158540	3.74711895	3.95849872	4.22119999	4.65041304	5.67647552	7.35315800	7.27616358	6.13254213	4.95985222	4.52023125	3.72169232	2.46405888	1.90524936	1.52939224	1.86731923	2.11023855	2.20727086	2.30507135	2.36449289	2.41820192	2.49037790	2.56115246	2.60947585	2.65832067	2.70690417	2.74312282	2.78061581	2.84039831	2.89712954	2.92058015	2.92710757	2.92514777	2.90077662	2.86931324	2.87926722	2.88997459	2.90300965	2.93149638	2.95721054	3.00014329	3.15928388	3.46138787	3.43687630	3.21087790	3.00924015	2.99476790	3.05418897	3.08400345	3.10255790	3.12752867	3.17279863	3.20903134	3.23711038	3.24518061	3.22732520	3.21721339	3.22462296	3.23115993	3.23286915	3.22097898	3.19861794	3.17655444	3.17161870	3.16501570	3.15198350	3.13119435	3.10344315	3.06143832	3.01340818	2.96648812	2.93106961	2.92001820	2.91745615	2.91759253	2.91918468	2.91597056	2.89990568	2.87845850	2.85731435
-55.0000000	2.74183536	2.73319197	2.72978711	2.72849822	2.72165465	2.71424508	2.70651603	2.69808626	2.69219398	2.68721795	2.68716669	2.68937635	2.69381595	2.69781780	2.70108867	2.70799255	2.71689773	2.71292686	2.71842122	2.72973418	2.72330213	2.70758438	2.69520259	2.68951154	2.69101214	2.70032263	2.71523309	2.74044514	2.77080631	2.80280495	2.83140635	2.86856627	2.88735628	2.89107347	2.91368532	2.93684125	2.96264672	2.99037051	3.01854539	3.03018332	3.03524399	3.04402375	3.05231118	3.04823494	3.04390836	3.07179856	3.11418080	3.12609339	3.13423347	3.12293792	3.10956192	3.10894275	3.10552645	3.10526419	3.10561275	3.11939001	3.13862324	3.14968944	3.15900159	3.15935612	3.15936804	3.14361334	3.13719249	3.15045619	3.16599059	3.16759539	3.15956712	3.15524077	3.16156816	3.17570353	3.19060373	3.19227910	3.16765642	3.14216018	3.11776495	3.08359885	3.03895426	2.98344326	2.92470765	2.91646314	2.92159605	2.95628881	2.98575139	3.01016164	3.02189016	3.02834964	3.01594448	3.00238800	2.99336696	2.98323584	2.97104955	2.96670961	2.96456409	2.97990036	2.98864174	2.97573352	2.96734047	2.96574473	2.96143079	2.95639110	2.95809770	2.95708084	2.94993591	2.94071555	2.93276405	2.93100691	2.92991471	2.92213225	2.91570926	2.92519879	2.93836832	2.95052338	2.96535897	2.98432708	3.01235914	3.04900360	3.07777309	3.09739494	3.09684157	3.07863379	3.08273816	3.09605575	3.09813046	3.09299755	3.08399534	3.07397890	3.05553865	3.03600955	3.04782748	3.08239436	3.11335492	3.14349699	3.16831827	3.16173506	3.14245152	3.08912683	3.06299663	3.05107594	3.05450058	3.05720568	3.07441950	3.06551480	3.02611947	2.97455001	2.94004750	2.94173646	2.97442603	3.04191780	3.10443497	3.13570356	3.14618325	3.13802862	3.11130977	3.11431551	3.12624860	3.14431715	3.16489339	3.20836115	3.30276322	3.31650853	3.32693338	3.31449533	3.35977411	3.42173266	3.53109384	3.63252234	3.66436815	3.64370775	3.56548476	3.51450157	3.42452264	3.34426332	3.31522417	3.28641057	3.24349213	3.21132660	3.21740294	3.21735382	3.22601461	3.24116659	3.27512503	3.30861974	3.35236239	3.38032484	3.38373351	3.37699223	3.36095047	3.32815695	3.30045629	3.27934742	3.25914335	3.24223542	3.22952986	3.20764971	3.17980289	3.16218972	3.15763187	3.12984276	3.09388685	3.09260583	3.09718680	3.11183357	3.12257338	3.12581182	3.11962891	3.10866761	3.08581829	3.06801510	3.07590914	3.07627106	3.06745172	3.06064200	3.05403280	3.03199840	3.00844216	3.02498698	3.06118655	3.09955597	3.09062815	3.08488488	3.07215285	3.02806711	2.99230838	2.96878815	2.95069122	2.96664524	2.99808931	3.04623342	3.08728361	3.11558557	3.13106894	3.11191773	3.08963442	3.07284617	3.03237343	2.99716711	2.98704648	2.99358654	2.98894334	2.98470092	2.99931693	3.00978565	3.01080012	3.01489997	3.03794789	3.06060696	3.08531308	3.07964826	3.06812167	3.03904581	3.01519871	3.00578260	3.01638341	3.03608394	3.04981852	3.06103754	3.05983806	3.05082130	3.02935338	3.02297568	3.02538466	3.03575659	3.04661298	3.05227137	3.05930066	3.06347013	3.05728912	3.04511046	3.06688523	3.09576249	3.12745333	3.16884303	3.21557331	3.24196124	3.25425124	3.26378965	3.26852059	3.30047774	3.32393956	3.37302709	3.44464850	3.56059170	3.69197655	3.82999539	4.03591537	4.20928478	5.08764601	6.13994122	5.95155859	6.10534763	6.08546972	5.36608171	3.68817401	2.41492176	2.19273782	2.17132139	2.34149456	2.52211452	2.56622243	2.59102607	2.62175322	2.63552189	2.67304111	2.71164966	2.75352645	2.81258988	2.85828114	2.87743402	2.91348910	2.94308615	2.98496032	3.01848984	3.00765800	2.99758887	2.99187803	2.97714520	2.96521616	2.96665430	2.95818090	2.97119546	3.01296902	3.04608774	3.05679631	3.15715909	3.08189869	2.89946866	2.92297888	2.99055839	3.04052544	3.03149033	3.01809096	3.00540161	3.00510216	3.00316262	3.00083685	2.99770284	3.00630403	3.01484585	3.02002096	3.01399469	3.00504827	2.99333239	2.98198581	2.98341227	2.99131417	2.99812174	2.98929882	2.97330976	2.95205474	2.92566085	2.89363265	2.85497069	2.83025742	2.81074309	2.79714680	2.79065228	2.78718281	2.78516030	2.77401376	2.75666904
-56.0000000	2.64260411	2.63038850	2.62198377	2.60848808	2.58815241	2.57069731	2.55344343	2.54618144	2.53875542	2.53185844	2.53572631	2.54324722	2.55197215	2.56163549	2.57139802	2.58298826	2.59523416	2.59230089	2.58543777	2.58714032	2.58511543	2.56885195	2.54883099	2.54291415	2.55315757	2.58044338	2.59821272	2.62597775	2.65247202	2.67219353	2.69027567	2.72629595	2.75601172	2.75882769	2.74893618	2.74950671	2.78019381	2.79884148	2.82597971	2.84909105	2.86237741	2.87806416	2.89894485	2.90709853	2.90837216	2.91478825	2.94096899	2.98036456	3.01417279	3.01492596	3.01107144	3.01151299	3.00005865	2.99181628	2.99841475	3.00399971	3.01956034	3.03557897	3.03909683	3.02997565	3.03192067	3.03226686	3.03278327	3.03266811	3.03053975	3.03569651	3.05035281	3.05895472	3.06457996	3.07419062	3.09741592	3.11339498	3.11817670	3.10893035	3.09416747	3.05712056	3.01833296	2.96906972	2.92375660	2.89999104	2.90001249	2.93377948	2.95900345	2.97923255	2.99402595	3.00698590	3.01725221	3.02203918	3.01197314	2.99009657	2.95422029	2.94007802	2.93690586	2.93282628	2.92484236	2.89383197	2.86252427	2.83352256	2.81631827	2.81295586	2.81467676	2.82083464	2.82516336	2.82910109	2.83280778	2.83927751	2.86228180	2.87629461	2.87097549	2.87634683	2.89932251	2.92023230	2.93109846	2.93698621	2.94133472	2.96699476	2.99512744	3.00274253	3.00761557	2.97764993	2.95649529	2.97220325	2.96921587	2.95548987	2.93702912	2.92123079	2.90589428	2.88955736	2.86868811	2.88586950	2.94262552	2.99669719	3.02838039	3.03789473	3.03150177	3.01982045	3.02252245	3.03373218	3.04734826	3.05527902	3.05964732	3.04503107	3.01539969	2.98489022	2.94864845	2.92387962	2.93084931	2.96269846	3.02426577	3.05911016	3.08255196	3.10682750	3.10059953	3.09259510	3.08888698	3.09792018	3.10071325	3.12091875	3.14999127	3.17832398	3.20140362	3.23616862	3.28887892	3.35986447	3.42981267	3.47010851	3.49614620	3.45121646	3.38825011	3.33346534	3.26114559	3.23782182	3.21630573	3.21418738	3.20091343	3.20899034	3.22027397	3.19619894	3.15575266	3.14906049	3.16067028	3.17787337	3.20646310	3.23551965	3.25105691	3.26246476	3.27083755	3.27316475	3.27962947	3.28136897	3.27030253	3.25262022	3.23134851	3.22282124	3.22405648	3.21230388	3.19756842	3.16372752	3.12372708	3.10521245	3.08458519	3.05382299	3.03059149	3.01576543	3.01074648	3.00928307	2.98948765	2.97034478	2.98723626	2.99868703	2.99425697	2.98270869	2.96028805	2.93351769	2.91701889	2.90878391	2.90902305	2.95027137	3.01863503	3.06985974	3.03764248	3.00914359	2.97439194	2.92840552	2.91126680	2.90898108	2.95897913	3.00695324	3.02881336	3.05466914	3.05817032	3.05598974	3.04516673	3.03807330	3.01981187	2.99946165	2.98847437	2.97681856	2.95883012	2.94531655	2.94194317	2.95590019	2.97749090	2.97890711	2.97615123	2.96506190	2.95483184	2.96210170	2.96704674	2.96825314	2.96295142	2.95364881	2.95394826	2.96040463	2.97162271	2.98265696	2.99537945	2.99741244	2.98369670	2.97937632	2.98116136	3.00120401	3.02590227	3.03621483	3.04560590	3.05465961	3.06201243	3.06700087	3.07842755	3.08614302	3.13023305	3.18590927	3.22207546	3.25681853	3.26501226	3.27362561	3.28568268	3.28482628	3.26619673	3.27407765	3.28407335	3.33369207	3.39365745	3.50247669	3.61853075	3.68227577	3.68123674	4.42932081	5.02396393	5.21047640	5.24305773	4.37528801	3.73930573	3.05301666	2.53575444	2.58775401	2.67315888	2.75738239	2.78050399	2.77476454	2.78767228	2.79627776	2.78985476	2.80768657	2.82048845	2.82076240	2.84877944	2.88097787	2.89924121	2.92631030	2.95960879	2.99451995	3.01774526	3.04292798	3.02204251	3.01521134	2.99906421	2.97231841	2.95975590	2.95341682	2.97779703	2.99473858	3.00226903	3.00660920	3.03171563	3.05443907	2.99867320	2.98496437	2.97948146	2.93047214	2.88832879	2.84957576	2.82424974	2.79624820	2.79764032	2.80126524	2.80542088	2.81794453	2.83537507	2.83704424	2.82915425	2.80615187	2.79684424	2.79470277	2.81388950	2.83269167	2.84919620	2.85262489	2.84775043	2.84073114	2.82632637	2.80385137	2.76748466	2.73065686	2.70232415	2.68756533	2.67934823	2.67836332	2.67083931	2.65578628
-57.0000000	2.47533107	2.46890235	2.46510935	2.45900965	2.45238686	2.44176531	2.42167258	2.40132880	2.38306117	2.37815499	2.37813616	2.38293719	2.39196324	2.40853834	2.41931224	2.43097281	2.43926930	2.44543099	2.44538856	2.44509625	2.43945861	2.43317318	2.43870568	2.46378756	2.48264503	2.49323988	2.50542569	2.50815964	2.52791762	2.55070066	2.57168174	2.59138131	2.60413289	2.60672951	2.61074162	2.61744928	2.62321997	2.63173962	2.64059353	2.64421439	2.66524720	2.68663096	2.72083759	2.74459958	2.76571321	2.78117847	2.80819869	2.84668207	2.87936187	2.90187645	2.90757656	2.89566445	2.88559675	2.88876891	2.89292884	2.90110183	2.91264629	2.92306280	2.93647480	2.94080043	2.93210554	2.92460418	2.92139530	2.92916942	2.93947792	2.93677855	2.93721867	2.94522238	2.95458770	2.96513700	2.97298741	2.99031973	3.00348663	2.99146032	2.97716832	2.94569421	2.91525769	2.88776660	2.86448407	2.84833002	2.84779453	2.85872221	2.87969971	2.90215111	2.91054320	2.91902900	2.93394899	2.94395614	2.94188213	2.92922521	2.90375376	2.88384700	2.86651349	2.84716606	2.82585311	2.79805732	2.76828074	2.72532296	2.69247818	2.68628526	2.68731070	2.70294118	2.72061992	2.74476814	2.76717925	2.78760433	2.80335021	2.81791162	2.82171822	2.82925797	2.84905005	2.86436009	2.86489153	2.85960317	2.86143565	2.86466384	2.87812495	2.90196443	2.93317270	2.97973347	2.94634509	2.91420794	2.89141035	2.85831857	2.82284617	2.79759741	2.78354597	2.78286624	2.78916168	2.79621530	2.81881666	2.87320209	2.90483236	2.91677690	2.93297315	2.96660662	2.96597600	2.96146083	2.97119522	2.99276853	3.00834012	3.00250196	2.98413515	2.96342802	2.94189882	2.92097688	2.91918159	2.94695997	2.97181296	2.99219346	3.00909400	3.02951550	3.04980564	3.05019569	3.04393101	3.04268026	3.04879189	3.05698752	3.07254386	3.10721970	3.14610887	3.18101859	3.23485136	3.29639030	3.36257005	3.38759065	3.37222934	3.31233931	3.22135568	3.14988422	3.15583944	3.17261505	3.18863368	3.19883895	3.21115112	3.22652864	3.23250270	3.23086739	3.18913794	3.13745046	3.09062719	3.05044842	3.05724502	3.07664776	3.07896614	3.09029412	3.10938191	3.12399697	3.13724160	3.15152216	3.16729164	3.17655230	3.17308187	3.19100118	3.21870232	3.20752358	3.18803263	3.14144135	3.09676814	3.05626464	3.02202249	3.00084400	2.97906184	2.95701981	2.94486475	2.93902183	2.90881491	2.86944914	2.87573314	2.88255739	2.89348626	2.88972640	2.86443138	2.84536219	2.81902385	2.79708409	2.79269052	2.81590199	2.85410118	2.89065552	2.91089797	2.90924287	2.90141869	2.87549710	2.85136843	2.84426260	2.86499906	2.90651965	2.94385171	2.96409416	2.97055817	2.96703529	2.95667291	2.96368647	2.97006321	2.95601344	2.94221377	2.92328167	2.90258861	2.88401413	2.86949229	2.87426996	2.87938142	2.87421846	2.86565852	2.85590744	2.84946179	2.85705566	2.88300729	2.91424131	2.93086505	2.94159794	2.92289400	2.90470409	2.90988350	2.92377448	2.96372485	2.98573947	2.98191452	2.97362661	2.96134925	2.97754407	3.00404096	3.02151537	3.03795767	3.03390217	3.02772093	3.02302527	3.02193737	3.02742839	3.05715322	3.11022234	3.15748525	3.20970011	3.23574924	3.25648546	3.26651263	3.26799989	3.23769736	3.21885896	3.21042681	3.20463300	3.21989822	3.23110008	3.33048511	3.38692021	3.38130212	3.41766834	3.72153449	3.91123796	4.06210947	4.17901897	3.70246601	3.47359490	3.29390979	3.16873717	2.93714428	2.79595017	2.76383591	2.78027558	2.78643680	2.79246211	2.80793929	2.79821515	2.79372907	2.79544830	2.80966806	2.82978249	2.84101701	2.85346079	2.86453819	2.87717009	2.88632154	2.90126729	2.90948319	2.89945531	2.88462830	2.88025117	2.86992073	2.85304236	2.83889079	2.82897782	2.84427357	2.85108256	2.85088181	2.85609031	2.86242127	2.85743237	2.84605122	2.82294226	2.78800988	2.75405240	2.72782946	2.69308329	2.66481805	2.66635680	2.66676760	2.67376661	2.68008113	2.68624306	2.67962122	2.66219783	2.65941787	2.65907574	2.66946769	2.68338108	2.70119095	2.71874404	2.73205972	2.73476529	2.72484207	2.70523953	2.67577553	2.64225674	2.60199785	2.56806803	2.53855228	2.52161050	2.50387192	2.48641133
-58.0000000	2.32568336	2.31559348	2.30276322	2.28636289	2.27049923	2.25032210	2.23588514	2.22688675	2.22040582	2.21959090	2.22621489	2.22964048	2.22926188	2.23815680	2.24996495	2.26714873	2.28286362	2.29182267	2.29638076	2.29317403	2.28852129	2.30169225	2.33345819	2.37220407	2.41976237	2.43221736	2.42570233	2.42380786	2.42455983	2.43341422	2.45307970	2.47269368	2.48991632	2.50966644	2.51873016	2.51767087	2.51375484	2.51053429	2.49937701	2.49554372	2.50478554	2.51317024	2.54401708	2.58745170	2.62891960	2.66429353	2.70971203	2.75647402	2.78136492	2.79805779	2.79961061	2.79615998	2.78655124	2.78499103	2.78314066	2.78292561	2.79789996	2.81038904	2.81691504	2.82201195	2.82529879	2.82013559	2.81080675	2.80486727	2.80876327	2.81996489	2.82819033	2.83546209	2.84066153	2.85058022	2.86138225	2.86924171	2.85507464	2.82554770	2.80963373	2.79515362	2.78985596	2.78812647	2.78564167	2.78514862	2.78706813	2.78618670	2.77707171	2.77016544	2.76791334	2.76876426	2.78395414	2.79856992	2.81366086	2.81480026	2.79693580	2.77937651	2.76225615	2.73831701	2.70952272	2.68126631	2.65401292	2.63124371	2.60688829	2.59278536	2.57954192	2.59599900	2.61489010	2.64850330	2.68067527	2.70319605	2.71394587	2.72392058	2.73813748	2.75470209	2.77459002	2.78617311	2.76856208	2.73415899	2.70727062	2.70296502	2.71222568	2.74868846	2.77784491	2.79760599	2.81078911	2.78960180	2.77314210	2.74028397	2.71003819	2.69533896	2.68441701	2.68522692	2.70015550	2.71501493	2.73648095	2.75896668	2.76265526	2.77794147	2.80036426	2.82131648	2.84789562	2.87857747	2.89259386	2.90975404	2.92642641	2.91863966	2.90680242	2.91585445	2.91893411	2.93052030	2.94125485	2.94195318	2.94197488	2.92361403	2.90921092	2.91642165	2.92813087	2.94303393	2.96137810	2.97127938	2.98153949	2.98809433	3.01064277	3.05115128	3.10087585	3.15235019	3.20824790	3.23626542	3.25847507	3.27555370	3.28649044	3.27714705	3.23435569	3.21351838	3.22638416	3.27407503	3.26593375	3.28383994	3.28611469	3.28179765	3.27688336	3.28051853	3.27701831	3.23558140	3.14748645	3.08171105	3.04216123	3.01100039	2.98619843	2.98862052	3.01286292	3.02106547	3.02126837	3.01279259	3.00403237	3.02478027	3.05194545	3.06697965	3.07886195	3.08395171	3.08041120	3.01478100	2.95407796	2.91970992	2.88910651	2.86771154	2.84991121	2.83774471	2.83414316	2.83500218	2.82956171	2.82245922	2.81626701	2.80867124	2.79069185	2.76956844	2.78112388	2.79804587	2.77878976	2.76997638	2.76525497	2.75880766	2.76463437	2.77391958	2.78535891	2.78821874	2.78504562	2.78256369	2.78447604	2.78248644	2.78205776	2.79317522	2.80716109	2.81999564	2.84422112	2.86197925	2.87165999	2.87203979	2.87068605	2.86705923	2.85727549	2.84534264	2.82723641	2.80117011	2.79555488	2.80072880	2.80797839	2.81552148	2.82871509	2.84213376	2.83382916	2.82037306	2.84957290	2.88315201	2.90268302	2.91860771	2.90447688	2.89298391	2.89703774	2.91176629	2.95104456	2.97364736	2.97334075	2.96332550	2.94538116	2.94265676	2.94632077	2.96317863	2.98454618	2.96999121	2.94852161	2.93363428	2.91886187	2.93085861	2.94975805	2.98370600	3.01497006	3.06601501	3.09936309	3.11264205	3.12234402	3.12944984	3.14214635	3.16010237	3.17299199	3.16304493	3.15277767	3.13621402	3.13189602	3.16006064	3.17492914	3.16740537	3.17716074	3.25440907	3.29198289	3.30638480	3.25232553	3.18053317	3.02595830	2.79551053	2.71482539	2.68621850	2.66746831	2.66579914	2.68805575	2.71180391	2.72260070	2.72917867	2.73435330	2.73977852	2.76098919	2.77489066	2.77719712	2.77747631	2.77250457	2.75645018	2.75501418	2.74818397	2.73412299	2.72927523	2.73729992	2.74353266	2.74108100	2.73581982	2.73143983	2.72253537	2.71503687	2.71054006	2.70903158	2.70821381	2.70278931	2.69047427	2.67425489	2.66676259	2.65698934	2.64334893	2.62808228	2.60941124	2.58556676	2.57014251	2.57352686	2.57802057	2.57805204	2.57552719	2.55582952	2.53633094	2.52020597	2.51561832	2.51757431	2.52199578	2.52808475	2.54539371	2.56033683	2.57156634	2.56551480	2.54939628	2.52110672	2.49153996	2.46360803	2.43693352	2.41161036	2.38357210	2.35461307	2.33988333
-59.0000000	2.20767784	2.19235969	2.17567801	2.15860391	2.13950372	2.11653638	2.09772801	2.08327103	2.07887912	2.07457423	2.07963419	2.08562756	2.09202909	2.09844208	2.10330129	2.11374855	2.12804008	2.14017344	2.13962770	2.13977218	2.14798832	2.15955734	2.19095635	2.21466589	2.24341488	2.28025723	2.29224157	2.29128766	2.30084276	2.31180477	2.33500743	2.35802674	2.38327122	2.41218424	2.43379068	2.44473767	2.42995381	2.40986729	2.39753008	2.39444733	2.38567805	2.39195442	2.41069746	2.43086982	2.46615481	2.51206541	2.56490588	2.61769891	2.64205146	2.65358090	2.66292930	2.66039491	2.65589857	2.64976263	2.64280081	2.66099262	2.68701029	2.71067691	2.73379183	2.74318862	2.74367929	2.74204230	2.73531795	2.72897863	2.72208524	2.71903467	2.72051620	2.72716618	2.72496796	2.72300076	2.72135115	2.71986699	2.68941760	2.65765166	2.66301441	2.66644287	2.67957020	2.68751073	2.67194295	2.65519929	2.65955329	2.66608453	2.67257047	2.67236066	2.65623546	2.64771652	2.65903425	2.67333269	2.69444752	2.69794583	2.67415261	2.65398264	2.63931394	2.62688923	2.61847663	2.60028577	2.57195520	2.54319453	2.51523066	2.49722910	2.48117924	2.48560500	2.49969530	2.51605511	2.52988791	2.53836775	2.54140282	2.54724765	2.54907417	2.54896760	2.55189180	2.55219412	2.55864882	2.55845237	2.55729723	2.56453753	2.56630754	2.57081127	2.58523989	2.58810401	2.60005546	2.60164785	2.59321475	2.59300351	2.59637833	2.59535170	2.59845209	2.59101510	2.59693289	2.60914969	2.61058688	2.61181450	2.60648131	2.59709096	2.60901141	2.65238118	2.69360948	2.72795248	2.75848413	2.77858019	2.78514314	2.80635333	2.84301353	2.86134911	2.88267183	2.90880299	2.93538666	2.93836021	2.93603492	2.92311287	2.89451170	2.85701251	2.83506274	2.85020518	2.87699556	2.90070271	2.91273332	2.91809535	2.95738769	3.00240707	3.04536605	3.10002828	3.15229964	3.18482709	3.18750405	3.18471193	3.19305301	3.21172380	3.23320508	3.24831367	3.27355218	3.30627251	3.33485436	3.34903097	3.35044885	3.31669354	3.28731990	3.26478076	3.27443314	3.23141050	3.17081380	3.10664868	3.04756260	2.99274635	2.94271898	2.94004440	2.93601012	2.92200637	2.91279602	2.90500069	2.89562035	2.90766120	2.92251801	2.94553494	2.96425676	2.97120738	2.97063017	2.94506645	2.91494179	2.87657714	2.84199572	2.81494880	2.79672551	2.79167986	2.78294969	2.76952744	2.76056719	2.75422120	2.74731493	2.74356508	2.72989202	2.70771790	2.70707059	2.71693063	2.72755671	2.72202110	2.73043513	2.71858668	2.71162724	2.71226048	2.71209979	2.71406960	2.71847153	2.71720719	2.71064377	2.70520544	2.70784521	2.71133494	2.71484494	2.72218037	2.73955417	2.75629449	2.77770829	2.79968333	2.79623437	2.78465629	2.76322174	2.74188948	2.72054601	2.70697498	2.72250724	2.73575878	2.75012136	2.76289487	2.78055954	2.79256821	2.77885079	2.77101564	2.77146626	2.78110504	2.80454469	2.82203174	2.82510781	2.82739186	2.83063197	2.83972335	2.85734868	2.87044406	2.87773848	2.87737179	2.86988688	2.86941147	2.87471819	2.88720083	2.90254760	2.91242933	2.92361045	2.93215752	2.94087601	2.94546366	2.94675064	2.93648481	2.92016172	2.93083763	2.94045568	2.95507360	2.96996188	2.99199414	3.01386237	3.04190993	3.06871915	3.05935049	3.04249382	3.02374816	3.00559378	3.00918770	3.01936960	3.00531673	2.95875859	2.93724799	2.94001412	2.90868688	2.84520602	2.79456925	2.70829010	2.62222505	2.58752370	2.61505008	2.62721276	2.61767578	2.59577012	2.60203671	2.59687161	2.59700537	2.61793923	2.63971281	2.66515064	2.68709016	2.70023060	2.67960119	2.67000437	2.65600061	2.62397599	2.59311199	2.59427238	2.59947300	2.60171294	2.61552167	2.62136745	2.62119818	2.62473178	2.60922241	2.59253144	2.59147215	2.59952807	2.59831524	2.58778596	2.56853938	2.54932332	2.53446627	2.51786017	2.49074626	2.45724916	2.44426823	2.44451809	2.45423293	2.47383070	2.48114085	2.48089981	2.46163893	2.43438840	2.40588069	2.37705779	2.35844731	2.34113979	2.32835627	2.32247591	2.32532787	2.33285046	2.34239578	2.35289383	2.36116147	2.35032845	2.33871770	2.32919359	2.31675577	2.30174279	2.27933502	2.25323057	2.23062491
-60.0000000	2.11662793	2.09658599	2.07851481	2.06656861	2.05715871	2.03719974	2.01700950	1.99312270	1.97027290	1.96074796	1.95143116	1.95055127	1.94391727	1.93670356	1.93297184	1.95181859	1.96633220	1.98407066	2.00586534	2.01025224	2.01655173	2.02146268	2.01758623	2.03090262	2.04483676	2.05910850	2.08064008	2.11292148	2.13661790	2.15477705	2.19240355	2.24502182	2.29722905	2.31353426	2.32067394	2.32498193	2.33170915	2.33943176	2.33006334	2.32215357	2.31878018	2.31607580	2.31162357	2.30904508	2.33696890	2.37031555	2.40299869	2.44720244	2.47917819	2.49640560	2.50637960	2.51154137	2.50913167	2.50565553	2.52137089	2.54202056	2.56447649	2.58423638	2.60552168	2.63168836	2.64848256	2.64764190	2.64325571	2.62197709	2.60394359	2.60233140	2.60035062	2.59531927	2.58528399	2.57953095	2.58492589	2.57998443	2.56148767	2.54903030	2.54875040	2.55531979	2.57125235	2.58411098	2.58946133	2.59280443	2.59148264	2.58464575	2.57323408	2.55677485	2.52994108	2.50818253	2.49642658	2.49646616	2.51862550	2.52952909	2.52144384	2.51553750	2.51429987	2.51125932	2.50378895	2.49315619	2.47836828	2.46466660	2.45085955	2.43406153	2.41113806	2.39562941	2.39755034	2.39657545	2.39923596	2.39569545	2.37735868	2.35903335	2.35202456	2.34135127	2.34870243	2.35354543	2.36742616	2.38258648	2.39669943	2.41228199	2.42430830	2.42844605	2.43198800	2.43476415	2.43835473	2.44175124	2.43696451	2.44066310	2.45314145	2.44981074	2.44524169	2.44537568	2.44709635	2.44861412	2.46427917	2.46987510	2.46506286	2.46943450	2.48149157	2.50450182	2.54475641	2.58203244	2.60731959	2.62541032	2.66062450	2.70467949	2.73886991	2.77306843	2.80684876	2.83562922	2.85500169	2.87449002	2.87402749	2.86066866	2.80893111	2.76779866	2.76263642	2.77512193	2.80218673	2.83537436	2.86705303	2.87898278	2.89722466	2.94504619	2.98070002	3.01123857	3.05212259	3.09066844	3.08583999	3.07205200	3.05062556	3.06217933	3.08796406	3.14125204	3.19122219	3.22976804	3.22797370	3.22957730	3.23205185	3.21592760	3.20295668	3.19441628	3.20731282	3.20714617	3.16965890	3.11149573	3.04349065	2.97936630	2.93481946	2.91935515	2.90634108	2.88653827	2.86530066	2.84458733	2.83155966	2.83120871	2.83530664	2.84901690	2.86141372	2.86805511	2.87455320	2.88044000	2.87091565	2.83082128	2.79556704	2.77112293	2.75168443	2.74379325	2.73280549	2.71589470	2.69898200	2.68264079	2.67277551	2.67838836	2.67758918	2.66487908	2.65822840	2.62813473	2.62286568	2.62322760	2.63581777	2.65146995	2.66385031	2.66258526	2.65602541	2.65383816	2.66175008	2.66851592	2.66939783	2.66405344	2.64832544	2.64350653	2.64315963	2.64357781	2.64248061	2.64178014	2.64392138	2.64645076	2.65551329	2.67462087	2.67905593	2.66470933	2.64234185	2.63836312	2.64700508	2.66336012	2.68265080	2.69471931	2.70669532	2.69807911	2.67290473	2.65182471	2.63157177	2.63599348	2.66061544	2.67527294	2.68040752	2.68266964	2.68170261	2.68590546	2.69551730	2.70568943	2.71644115	2.72632885	2.73541236	2.75326777	2.78059125	2.79505014	2.79414034	2.79865146	2.80970955	2.82656455	2.85354519	2.87318802	2.87638640	2.86536264	2.83824873	2.81948400	2.80483651	2.79494333	2.79859400	2.80541229	2.83419299	2.86401463	2.88892865	2.91187286	2.90514636	2.89949822	2.89024639	2.87695312	2.87392473	2.88061976	2.86514330	2.82255173	2.78793716	2.74829125	2.69768333	2.65363932	2.63748312	2.62628007	2.62121916	2.61497617	2.60326028	2.58163643	2.55846953	2.53201604	2.51141906	2.50101423	2.49524975	2.51632810	2.54607534	2.55056190	2.53912830	2.52569675	2.51229811	2.49825883	2.49845672	2.51595283	2.51276827	2.48455238	2.47087860	2.47613692	2.48393297	2.49137568	2.47868633	2.46670985	2.47132087	2.48574805	2.48114944	2.48002863	2.47899938	2.47600460	2.44929671	2.41981649	2.39047861	2.34344602	2.30379486	2.28579617	2.27989650	2.30148149	2.32159877	2.32893157	2.32772923	2.30309796	2.27531934	2.24458718	2.22066092	2.20348954	2.18382931	2.16117001	2.14470577	2.13096094	2.12997532	2.13056350	2.14915323	2.16755939	2.17008281	2.17154002	2.17308164	2.17485189	2.17859483	2.17409706	2.16242504	2.14187527
-61.0000000	1.97555029	1.96343708	1.95330715	1.94323051	1.93156850	1.91527498	1.89699185	1.88495564	1.87838423	1.86735022	1.85447586	1.84403014	1.83171737	1.81763709	1.80253661	1.79958224	1.81648231	1.83295298	1.85891688	1.88376784	1.89362013	1.90092027	1.89983249	1.89731538	1.90997553	1.93097079	1.95323563	1.97937727	1.99979424	2.02501535	2.05849147	2.09070635	2.13100505	2.16334653	2.18237400	2.19805646	2.22104812	2.23103452	2.23393464	2.23631430	2.23566556	2.23489952	2.23352480	2.22654963	2.23175526	2.25578022	2.28954172	2.32395744	2.34607244	2.36173677	2.36720443	2.36242008	2.35848832	2.38278604	2.40467405	2.42792225	2.44966531	2.47187495	2.50352335	2.53278017	2.53849983	2.54333615	2.52426076	2.49723792	2.48747468	2.49034452	2.49217916	2.49584818	2.50393462	2.51765132	2.51930571	2.50583410	2.49092436	2.47990251	2.47024298	2.46399975	2.46189094	2.46350288	2.46618509	2.47142816	2.47707224	2.47014642	2.45437837	2.43270087	2.40483236	2.38073039	2.36198616	2.35562634	2.37137461	2.38403249	2.39109421	2.39541459	2.39128065	2.38760781	2.39245772	2.39646745	2.39188027	2.38646603	2.37284279	2.36061645	2.34332848	2.32586193	2.30935025	2.28861523	2.27183747	2.25600624	2.24519897	2.23235130	2.21863627	2.20622039	2.19397378	2.19404364	2.19325113	2.21189976	2.22853565	2.25147295	2.28157640	2.30148220	2.30818748	2.31564665	2.32832956	2.34255457	2.34434462	2.34242487	2.34359288	2.33933926	2.32685471	2.32901621	2.34347534	2.36001801	2.37683749	2.39783192	2.41268706	2.40312219	2.40041757	2.42179608	2.45809603	2.47996211	2.50283742	2.52609777	2.54903460	2.57715368	2.61700845	2.65279961	2.67742085	2.67870164	2.69305348	2.70295191	2.70325732	2.66399837	2.62921238	2.62142873	2.62098026	2.65735745	2.69631219	2.74550176	2.77028060	2.77388644	2.77229166	2.77161193	2.80053997	2.83510566	2.88077402	2.91179919	2.92690873	2.91924143	2.91381121	2.93768001	2.96714950	3.00146842	3.03203797	3.05556941	3.05718279	3.06800866	3.08453989	3.10782170	3.12534952	3.12919426	3.13228440	3.13535595	3.12059355	3.09410787	3.04135537	2.98434615	2.92038274	2.88224435	2.84900904	2.83719110	2.81557393	2.79052258	2.77616024	2.75971389	2.75209045	2.74096727	2.72860265	2.71338964	2.71844196	2.71746492	2.72537518	2.70805454	2.67867875	2.66393685	2.64829659	2.62659669	2.61112905	2.59786582	2.57606006	2.54623318	2.52569509	2.52719736	2.52974391	2.53888893	2.53989434	2.52859664	2.52479672	2.53082132	2.54192615	2.55219388	2.56276894	2.57070184	2.56641889	2.56722093	2.56662369	2.57826400	2.60335374	2.60167694	2.57665825	2.54837155	2.51950669	2.51160622	2.52712870	2.53694105	2.56217051	2.58728409	2.61003304	2.62837315	2.62465692	2.61323571	2.60626888	2.60247517	2.59666848	2.59290004	2.59282875	2.58342695	2.57424855	2.54305887	2.50869393	2.49477768	2.48295045	2.48920560	2.49974275	2.51992440	2.54001093	2.54580402	2.54464126	2.55171132	2.56388974	2.56576085	2.55889058	2.56382370	2.58153129	2.60280061	2.62926602	2.64777040	2.65456796	2.65843725	2.65112519	2.64460611	2.65179372	2.65641546	2.66621709	2.67098808	2.66732049	2.66535068	2.64230061	2.61518621	2.61426449	2.62275839	2.65021276	2.68555117	2.71303511	2.73751783	2.75371838	2.74387622	2.73168230	2.71420908	2.69263721	2.69364834	2.70130038	2.69237518	2.66882992	2.64291859	2.61582637	2.60648036	2.60223627	2.60539985	2.60708690	2.60006428	2.60168123	2.57225919	2.52165532	2.46794748	2.44479322	2.42471814	2.40158224	2.37229848	2.35688519	2.35533309	2.35031819	2.35108447	2.33828855	2.32882833	2.32336736	2.32472157	2.32432270	2.32510900	2.30742502	2.29844451	2.30462790	2.30695057	2.30305672	2.29729080	2.29167366	2.28564739	2.28506494	2.28414178	2.27469158	2.26063085	2.24853039	2.23371434	2.20456600	2.16381741	2.13898683	2.11483526	2.12115598	2.12999892	2.13867307	2.14304042	2.13278413	2.12172127	2.10483027	2.08254886	2.06005907	2.03820848	2.02399755	2.00771570	1.99495661	1.98049843	1.98716259	1.99350870	1.99459946	1.99350798	1.98284554	1.97435021	1.97818196	1.98215151	1.98816323	1.99236751	1.99438059	1.98896182
-62.0000000	1.82520843	1.82973814	1.83349872	1.83466017	1.81686294	1.79485989	1.77594543	1.75422025	1.75280404	1.74735582	1.73691642	1.72343385	1.71190643	1.70586205	1.69973862	1.69695866	1.70420766	1.72148681	1.73837805	1.75785482	1.77876663	1.79093218	1.79888201	1.80603790	1.82179523	1.84262538	1.86762691	1.89070773	1.89706314	1.90303695	1.91424882	1.94471729	1.97460926	2.00319052	2.02558899	2.04992080	2.07708764	2.09885192	2.10746098	2.11049271	2.11707067	2.12307048	2.11942720	2.11640906	2.14208865	2.17083907	2.19965124	2.22249317	2.24192810	2.25201082	2.25152636	2.25055218	2.25896311	2.26985049	2.30030084	2.33008480	2.36014366	2.39232111	2.42126989	2.42817616	2.43282509	2.41517401	2.38883901	2.37075782	2.36761427	2.36663127	2.36457491	2.36118031	2.37138629	2.38197875	2.38534355	2.38277650	2.38069224	2.37885571	2.37357783	2.36069798	2.34616899	2.33779550	2.33029270	2.33058691	2.33074450	2.31787443	2.30055118	2.28357434	2.26580548	2.25381970	2.24738622	2.24580431	2.25299168	2.25722218	2.25399685	2.25052643	2.25717473	2.26392913	2.27098298	2.28096628	2.28196120	2.27855873	2.27398181	2.26783061	2.25915480	2.25187111	2.24307370	2.22786570	2.21353555	2.19072890	2.15619040	2.12588215	2.09564424	2.07553577	2.06286120	2.05704570	2.06283808	2.06804800	2.09691000	2.12905717	2.15597296	2.17853069	2.19966412	2.22099710	2.24783492	2.26724172	2.28289533	2.29195857	2.28699064	2.27491069	2.26734829	2.26914835	2.28144312	2.29918885	2.31863976	2.34737158	2.36046934	2.36468244	2.38011646	2.40933490	2.44706392	2.47079754	2.49028492	2.51360631	2.53119969	2.55118728	2.56399345	2.55298185	2.54309106	2.53899264	2.53170300	2.52177715	2.51579952	2.50315428	2.49010777	2.47510576	2.47925282	2.50570822	2.54388762	2.57941508	2.59723663	2.61067033	2.62443519	2.61958599	2.61435533	2.64004922	2.67371273	2.71830511	2.75377893	2.77016521	2.79725838	2.83438158	2.87230968	2.90703177	2.90095830	2.89656711	2.89598918	2.89998078	2.90594172	2.93121266	2.95925426	2.99449921	3.02126694	3.04061985	3.04848003	3.05196548	3.01192164	2.96378636	2.89361024	2.83105230	2.77649570	2.74807739	2.73328638	2.71476078	2.70026350	2.67110419	2.63933635	2.63585591	2.62631202	2.60079789	2.58386755	2.58577418	2.58543801	2.56598139	2.54904103	2.54109812	2.52645469	2.50177741	2.47604680	2.45664144	2.45267773	2.44801497	2.43257475	2.42395115	2.42965364	2.44047737	2.45453191	2.45592785	2.44784188	2.43937516	2.44564772	2.44757652	2.44347191	2.43930101	2.42931700	2.41844058	2.41730857	2.41846204	2.42837405	2.44308376	2.44203615	2.43857670	2.43889046	2.43448138	2.43111825	2.44560027	2.46927881	2.49433970	2.51460218	2.53195333	2.53673267	2.53755736	2.53748512	2.53346109	2.51702356	2.50249839	2.49137425	2.47986078	2.46212864	2.43891430	2.42533231	2.43308830	2.43745852	2.42578506	2.41581106	2.42257023	2.43081212	2.43121266	2.42969322	2.43244720	2.43695307	2.42958903	2.41339111	2.41489792	2.43665004	2.45788836	2.47824645	2.49664307	2.51094556	2.52265739	2.51112247	2.49849081	2.48855829	2.47521734	2.46566367	2.46018171	2.46505237	2.47370839	2.47005367	2.45421004	2.44694018	2.46248698	2.47720981	2.50049019	2.52301550	2.54658031	2.56514597	2.56685114	2.55655432	2.54052496	2.51488566	2.49368763	2.49974704	2.50994158	2.51745915	2.50872278	2.49472928	2.49602628	2.51675296	2.56316400	2.60865545	2.65319657	2.65858054	2.62382030	2.54195786	2.46935248	2.35711741	2.26620674	2.21585894	2.18063688	2.15957427	2.13757348	2.12163854	2.13009262	2.13493395	2.13028121	2.11432314	2.09515977	2.09213352	2.09458447	2.09927797	2.11642265	2.13121319	2.13148713	2.12551641	2.11605334	2.09875464	2.08439136	2.08176184	2.07792664	2.07406139	2.07318044	2.06399322	2.05054927	2.02967572	2.01263833	1.99732375	1.98923194	1.98477221	1.98554778	1.99181092	1.99528146	1.99250567	1.98335457	1.96729350	1.94650555	1.91835368	1.89509547	1.88539183	1.87696874	1.87207639	1.86685932	1.86537385	1.86213303	1.85516644	1.84540176	1.82805204	1.81451368	1.81914544	1.82254040	1.82408118	1.82394350	1.82203913	1.82148194
-63.0000000	1.73431003	1.74280465	1.74550033	1.74622524	1.73119676	1.71054852	1.69139314	1.67185724	1.65164185	1.63083601	1.61239529	1.60522056	1.59916174	1.60101354	1.60088110	1.61025774	1.62583923	1.64485216	1.67043376	1.69619274	1.70543647	1.71076965	1.71949482	1.73055530	1.74370885	1.75044465	1.75579917	1.76043952	1.76433682	1.76565826	1.77987957	1.80059898	1.82804120	1.85278749	1.87123907	1.89003670	1.91734982	1.93956113	1.95389426	1.97789824	1.98755646	1.98629200	2.01306176	2.03945255	2.06728935	2.09988451	2.12659764	2.15769172	2.19668961	2.21906877	2.26241350	2.29329872	2.29838181	2.31918907	2.32451057	2.31864405	2.30056977	2.30789280	2.31881046	2.32858586	2.31968164	2.28804064	2.25665855	2.25844121	2.25615931	2.25515962	2.24995470	2.25374699	2.26644468	2.27953219	2.28271389	2.28233957	2.27007055	2.25889969	2.24186635	2.22495270	2.21052885	2.19531727	2.18262315	2.18178773	2.18016505	2.17538738	2.16859674	2.15268421	2.13405180	2.12641478	2.12632918	2.13089037	2.14389157	2.15676737	2.17253518	2.18900967	2.20867133	2.22887230	2.23593616	2.23705888	2.22691321	2.21003342	2.19582510	2.18879771	2.18295789	2.18243885	2.17969251	2.15614009	2.12351394	2.09046602	2.05467820	2.00700283	1.98294914	1.95370424	1.95486915	1.96386850	1.99475503	2.00736284	2.01025128	2.03465462	2.04819345	2.08010578	2.11933303	2.15857363	2.19133496	2.22118640	2.23609042	2.24023032	2.24249697	2.24927568	2.25187397	2.25334072	2.31007934	2.36730242	2.41164207	2.45340490	2.47896957	2.48800039	2.52475429	2.53702140	2.54117298	2.59308720	2.61112881	2.59838939	2.60690808	2.60900497	2.56794429	2.50083804	2.48098111	2.46319056	2.45724988	2.46042514	2.45093155	2.43174815	2.41008973	2.38695836	2.37720156	2.38172817	2.39438605	2.41627383	2.43418765	2.44337630	2.45040846	2.45759320	2.46469831	2.47765970	2.49695635	2.52449131	2.55395818	2.57896566	2.61247110	2.64639592	2.67850804	2.70814729	2.73476505	2.74668622	2.74063182	2.73011327	2.71614361	2.73369503	2.75738382	2.79895878	2.84095216	2.89104319	2.92637300	2.94032168	2.92235899	2.87748575	2.81584930	2.74639416	2.68997169	2.63781714	2.60669947	2.57783318	2.57735443	2.57230067	2.52660584	2.47215867	2.47319436	2.47477603	2.47370672	2.47607493	2.47231293	2.45993257	2.44406724	2.43000865	2.41270113	2.39093852	2.37507629	2.36103678	2.34453106	2.35079050	2.36113620	2.36873507	2.36056256	2.36070871	2.37581992	2.38633204	2.38811135	2.37741041	2.36434817	2.35254908	2.34353876	2.33216953	2.31945109	2.30721498	2.28437352	2.26582837	2.25405359	2.25926709	2.26346040	2.27045655	2.27514005	2.27676535	2.27680779	2.28527427	2.30238223	2.31942034	2.33402467	2.35198283	2.37000537	2.39140844	2.41104174	2.41773915	2.40446377	2.39188981	2.38248277	2.37285209	2.35184813	2.33107066	2.33039737	2.33463240	2.33624434	2.33404636	2.32829428	2.31888604	2.31061602	2.30753589	2.30357528	2.29553223	2.28662419	2.27785683	2.26822758	2.27017522	2.28564954	2.29882169	2.30806231	2.31530333	2.32065582	2.32392311	2.31218910	2.29671359	2.28511453	2.27647376	2.27991867	2.29518700	2.30944681	2.31886506	2.32852387	2.32787371	2.32537150	2.32499146	2.32064700	2.31465173	2.32112527	2.31886792	2.31783700	2.31878662	2.31677866	2.32057142	2.33719015	2.34542513	2.35996914	2.38386822	2.41090941	2.45100451	2.47323990	2.50171494	2.54289103	2.57340050	2.56942010	2.66852403	2.83261919	2.89915490	2.78586149	2.64578319	2.47389960	2.26719999	2.11690927	2.06905246	1.99443388	1.95508873	1.94421172	1.93741190	1.92871511	1.92126799	1.91936302	1.92287159	1.92666388	1.93086708	1.93863022	1.94975424	1.96035910	1.96347165	1.95402324	1.93412375	1.91711009	1.91024137	1.90683305	1.90933549	1.91139841	1.91043508	1.90923202	1.90912819	1.90640354	1.89745545	1.88493335	1.87576783	1.86740494	1.86092651	1.85662425	1.85601163	1.85538530	1.84246635	1.82819748	1.81056440	1.78900194	1.77334917	1.76016164	1.75170386	1.74775243	1.74344897	1.73892105	1.73478091	1.73098874	1.72631240	1.72056174	1.71417439	1.70880616	1.70329916	1.69940007	1.69520974	1.70985377	1.72372746
-64.0000000	1.62713957	1.62246525	1.61764634	1.61432135	1.60818470	1.59620821	1.58616078	1.57045603	1.55589771	1.54309523	1.52979255	1.52487648	1.52991581	1.53664279	1.54908788	1.56303513	1.57750416	1.58926892	1.60293531	1.62240911	1.63906336	1.63802290	1.63308823	1.62881207	1.62649965	1.62427592	1.63023913	1.63341212	1.63128316	1.63589537	1.64750409	1.66295731	1.69094098	1.71314931	1.72768092	1.74291337	1.77027977	1.82391047	1.86934102	1.90354109	1.93110764	1.94450462	1.95469189	1.97314203	2.00094771	2.03758860	2.10073328	2.16491127	2.24281859	2.39004946	2.48895645	2.53813696	2.59285021	2.61203051	2.60087180	2.57158875	2.52542448	2.48541188	2.43885016	2.36676240	2.29969001	2.25594711	2.26536465	2.27064681	2.26479936	2.25339055	2.24229527	2.24046159	2.23767638	2.22959447	2.22106862	2.20020914	2.16991663	2.14184451	2.10714698	2.07240629	2.04839993	2.02880740	2.01799440	2.01075768	2.00588274	2.01561832	2.02309918	2.01715612	2.00906849	2.01791310	2.03489661	2.06482100	2.11657763	2.16863060	2.21583104	2.26487207	2.27821040	2.28231788	2.26564908	2.23223400	2.20755386	2.21124172	2.22129798	2.25420475	2.29696417	2.34001803	2.38267970	2.40424418	2.33004165	2.23126340	2.14467692	2.06404424	2.02364039	2.02434349	2.02501512	2.04980469	2.05071616	2.05724311	2.06686354	2.09191394	2.09004545	2.07427096	2.08063221	2.12590218	2.16951895	2.19776201	2.22211647	2.24339700	2.25869393	2.31573391	2.36962652	2.42438984	2.50245738	2.59510183	2.67106271	2.74295378	2.83694887	2.88232851	2.91582370	2.96469855	2.99514818	2.97906327	2.97815204	2.99069619	2.94277453	2.87596869	2.77841020	2.71201515	2.63041830	2.52625370	2.43204045	2.38395238	2.35979557	2.33199477	2.29384375	2.26244521	2.25641656	2.25776029	2.27812839	2.29842210	2.32040620	2.33943963	2.35254955	2.36142445	2.36502695	2.36915493	2.37646866	2.38685131	2.42139816	2.45341659	2.48091483	2.50853682	2.53798914	2.56275582	2.58027387	2.59501600	2.60610414	2.60275865	2.59064865	2.59929228	2.61433721	2.64871240	2.68420935	2.72769117	2.76698518	2.78353143	2.79083014	2.75485539	2.71620727	2.66509151	2.61860061	2.57696342	2.53828883	2.51248527	2.49287558	2.48502588	2.46919394	2.42319608	2.37701392	2.37242389	2.36710191	2.36866236	2.36640167	2.35242224	2.33388948	2.32111883	2.31094217	2.29732370	2.28336716	2.27439070	2.26993465	2.27118373	2.27023840	2.26772380	2.26342010	2.25148320	2.24740934	2.24608827	2.25262523	2.25710917	2.25239325	2.24408078	2.23931956	2.23136854	2.21339798	2.18693399	2.15786672	2.14214039	2.13418722	2.13073254	2.13193440	2.13134766	2.12503600	2.11953950	2.10899282	2.10410714	2.10183620	2.10624623	2.13224125	2.15371656	2.17516756	2.19479036	2.20870519	2.21938348	2.22738624	2.22482085	2.22140288	2.21664524	2.20649624	2.19668460	2.20249367	2.20947051	2.23713136	2.25963473	2.24836206	2.21932888	2.19295645	2.17062926	2.14971924	2.14158511	2.13216972	2.12744451	2.12378526	2.12872124	2.14402819	2.15639091	2.15663314	2.15558434	2.15506148	2.15337467	2.15164804	2.15114975	2.15098572	2.15053701	2.14817691	2.16020226	2.16762042	2.16982150	2.16861773	2.16164303	2.14742231	2.13229370	2.10761714	2.08166838	2.07670236	2.07560158	2.07379866	2.09995914	2.12660193	2.15244222	2.19236112	2.23353291	2.27499628	2.32300162	2.37585878	2.44846654	2.53467631	2.59497428	2.66308856	2.74656963	3.00184345	3.25304484	3.45396543	3.37595749	2.86500740	2.52659750	2.30245543	2.14713717	1.94315326	1.79221904	1.71189010	1.72954428	1.74393225	1.75481653	1.75746393	1.75041211	1.73992968	1.74516690	1.76058507	1.77061594	1.78480017	1.79726887	1.80876958	1.81439006	1.81111383	1.79694724	1.77752960	1.75644934	1.74304879	1.73348558	1.73735797	1.73970938	1.73874092	1.73709500	1.73634350	1.73805118	1.74016440	1.73900151	1.73323154	1.72555053	1.71861470	1.71173370	1.71048391	1.70991719	1.70282602	1.68912137	1.67477894	1.66437280	1.65393782	1.64917231	1.64390707	1.63260508	1.61856866	1.60781109	1.59977174	1.59441543	1.59487557	1.59642565	1.60611975	1.61491179	1.61178625	1.60798383	1.61696148	1.62625813
-65.0000000	1.48562062	1.47632551	1.46750259	1.47408187	1.48166704	1.48780727	1.49427438	1.49673390	1.49227059	1.48888505	1.48267663	1.48054826	1.49152744	1.50882697	1.52619469	1.53546846	1.54438710	1.55353320	1.55503154	1.55129182	1.55058908	1.54290962	1.53992796	1.53718698	1.53120887	1.53140342	1.53642380	1.54298162	1.54793024	1.55024350	1.55854011	1.57405698	1.58365655	1.59170032	1.62679100	1.67406547	1.72889352	1.77725887	1.81805336	1.85818529	1.88771904	1.92474782	1.94858205	1.96307492	2.01615262	2.06166387	2.09549594	2.23390245	2.42321825	2.63747096	2.54321551	2.46840549	2.48983502	2.69287205	2.87878609	2.98538208	2.88300824	2.77092075	2.61123466	2.47806859	2.40117502	2.39635634	2.37107372	2.37001443	2.37539077	2.37431145	2.36644268	2.36734295	2.33765411	2.28501058	2.23507643	2.16233110	2.09624028	2.03125978	1.97165740	1.92072248	1.87666929	1.83402145	1.84071672	1.85211861	1.88654685	1.94356585	1.99306083	2.01358581	2.03282046	2.07232022	2.11895561	2.16789627	2.22015524	2.27331853	2.33199143	2.39181614	2.41454434	2.41612697	2.36877561	2.29604340	2.22617388	2.18175626	2.12853241	2.08075595	2.04764557	2.01066136	2.00043511	2.00367427	2.05254722	2.16974735	2.23669004	2.14401817	2.09689832	2.05333710	1.97848713	1.89783144	1.99159348	2.22699809	2.42560935	2.39777637	2.27317262	2.20827651	2.15879107	2.11684179	2.16331983	2.21480989	2.30435419	2.38296461	2.47265267	2.54087996	2.61042595	2.73543334	2.86995029	2.83358741	2.90017080	3.04116178	3.06117439	3.19885945	3.50532222	3.26164889	3.11558557	3.20961952	3.23659682	3.18062687	3.16765714	3.12738323	3.06030822	2.92159581	2.80960250	2.73131657	2.63363767	2.51178336	2.39047790	2.28339577	2.20557094	2.16794658	2.16361952	2.18084455	2.19517350	2.21420455	2.23068523	2.23132801	2.23972583	2.25693440	2.27260375	2.29263711	2.31160474	2.33734465	2.37008858	2.39696407	2.42191863	2.43900633	2.44989228	2.46304655	2.47597432	2.49584889	2.51954603	2.53330350	2.54143500	2.56196737	2.58896089	2.60736775	2.62294340	2.64002705	2.65690589	2.66003847	2.65270472	2.62770629	2.59331989	2.55872154	2.52740312	2.49881196	2.47314453	2.44559741	2.42217207	2.40039086	2.38101387	2.36280513	2.32911873	2.29907227	2.28556371	2.27122498	2.25645280	2.24074578	2.22626376	2.21736002	2.20359087	2.18708014	2.17296720	2.17176914	2.17527843	2.17385912	2.17012739	2.15921926	2.13745904	2.11955166	2.11747980	2.11568904	2.12499213	2.13572073	2.14065504	2.13727236	2.13049078	2.11669064	2.09764433	2.07786441	2.06428552	2.05088830	2.03716660	2.02864170	2.02729607	2.03070259	2.02985501	2.01899314	2.00376415	1.99072433	1.98670185	1.99898994	2.01189756	2.01712680	2.02318192	2.02717376	2.01315451	1.99997425	2.01410842	2.02932167	2.04007244	2.05157661	2.05854487	2.05865693	2.05536675	2.05859375	2.07746720	2.09904909	2.09007883	2.07694435	2.05893207	2.03741860	2.01851940	2.01486325	2.01015782	2.01095438	2.01231694	2.01768255	2.02779078	2.03551483	2.02908039	2.02169085	2.01273608	2.00217605	1.99720883	2.00504589	2.01267362	2.00723600	1.99926007	1.99127948	1.98524225	1.98053849	1.98064160	1.97945130	1.98168266	1.98751044	1.98933983	1.97141242	1.95472372	1.95078230	1.95417011	1.97112739	2.01729512	2.06342626	2.10525990	2.15098619	2.20734215	2.28958130	2.38613987	2.48989892	2.73415470	3.12987781	3.52995396	3.89555073	3.89871550	3.35379696	2.77281737	2.17592120	1.94378471	1.91128314	1.79072058	1.62461448	1.53506148	1.50022793	1.50872970	1.52875590	1.55873954	1.57966566	1.59077966	1.59806168	1.60385466	1.60794425	1.62218153	1.63716257	1.65133750	1.66312361	1.67555094	1.68819833	1.68596637	1.67288125	1.65596044	1.63606369	1.61441922	1.60472167	1.60146654	1.59620845	1.58306825	1.56977272	1.56682873	1.57573795	1.58226192	1.58427417	1.58350909	1.57855392	1.57043445	1.56445050	1.56933069	1.57303953	1.56879938	1.56170452	1.55296731	1.54255247	1.53366053	1.53112400	1.52793860	1.51328588	1.49711335	1.49047852	1.48698068	1.48509717	1.48600733	1.48798943	1.49817169	1.50739062	1.50581086	1.50217414	1.49807656	1.49287546
-66.0000000	1.37407899	1.37441373	1.37544048	1.38694608	1.40339243	1.41803932	1.42907405	1.43926704	1.44002020	1.43869233	1.44327044	1.45633376	1.47175920	1.49243045	1.51441061	1.53393054	1.54407382	1.54529572	1.53325582	1.51330900	1.49215829	1.48485601	1.48017013	1.47752869	1.47583151	1.47308981	1.47336924	1.49105752	1.50739193	1.51977527	1.52602994	1.53874946	1.55680132	1.57658255	1.59251249	1.60638344	1.65269446	1.70351410	1.77184141	1.84764457	1.90944791	1.96151114	2.02839041	2.08144951	2.13208628	2.22793269	2.39824224	2.52382541	2.34989929	2.09755158	1.91952801	1.92941928	2.06641889	2.29222989	2.69801188	3.09029412	3.21102262	2.88706303	2.59911585	2.34609532	2.17576289	2.08789921	2.06866431	2.10387897	2.16894150	2.23340106	2.31174016	2.37777925	2.32564330	2.24438238	2.13740802	2.03210640	1.93844306	1.85350323	1.77093935	1.70799196	1.65422153	1.62236798	1.65596116	1.68712771	1.73355472	1.78211951	1.81080568	1.79053414	1.77106249	1.76493299	1.76058424	1.71128142	1.58224177	1.44362664	1.55954516	1.70381176	1.74627578	1.65366578	1.58618736	1.60250401	1.60974431	1.56178021	1.44436824	1.29625130	1.26761687	1.23607087	1.31437933	1.57037103	1.88652527	1.90841258	1.91099799	1.90708494	1.77972984	1.51737404	1.40637743	1.47569823	1.69218075	2.11726093	2.46121979	2.59315276	2.44992614	2.32649136	2.14317870	2.02856612	1.98246586	2.06378198	2.14348269	2.18119168	2.22147799	2.36125517	2.53721046	2.55333662	2.53221250	2.45452476	2.32906961	2.32502055	2.38571930	2.50407219	2.50099254	2.36784554	2.21110988	2.10480261	2.22360325	2.27652478	2.14871168	2.05099773	2.21720123	2.36921906	2.55463505	2.67113638	2.58206534	2.48584342	2.39373732	2.32498169	2.27593088	2.22922087	2.22305918	2.21712685	2.22619200	2.22784925	2.22214675	2.22154927	2.23079038	2.23768806	2.25533724	2.29038501	2.31551147	2.31719470	2.32279038	2.31449461	2.30760455	2.30221438	2.29820466	2.29814005	2.30089450	2.30726457	2.31416297	2.33363819	2.35918880	2.40111065	2.45597124	2.49440026	2.51685214	2.53386807	2.54296350	2.54100227	2.50895452	2.47435784	2.43741584	2.40013671	2.37332582	2.34645987	2.32070112	2.29635787	2.27927685	2.26715612	2.25517321	2.24015760	2.22349739	2.20676756	2.19869852	2.18927813	2.17985034	2.17087293	2.15182304	2.13254476	2.12537599	2.12131000	2.11742783	2.11395311	2.11012363	2.10600495	2.09922981	2.08375502	2.06415057	2.04679871	2.03383589	2.02651501	2.02376819	2.02099347	2.02001834	2.02127552	2.01662278	2.00637650	1.99567807	1.98355544	1.97015476	1.95445943	1.93792748	1.92179370	1.91308904	1.90710139	1.90551746	1.90196931	1.89483261	1.88939595	1.88786578	1.88834846	1.89522076	1.90032399	1.90026283	1.88413560	1.86641848	1.85812187	1.86329377	1.86967790	1.88613784	1.90279496	1.91599989	1.92342389	1.92979729	1.93540239	1.93987215	1.93974054	1.93203866	1.92321563	1.91521227	1.90540504	1.89965749	1.90117371	1.90163028	1.90229464	1.90242147	1.90559161	1.91181540	1.91714120	1.91288733	1.90827644	1.89950407	1.88703859	1.87530625	1.87725306	1.87736547	1.86681521	1.84880733	1.83362317	1.83844435	1.84438646	1.84793830	1.84839904	1.84820831	1.85909486	1.86871469	1.86923516	1.86331964	1.86084569	1.87948155	1.90644324	1.94090974	1.97638917	2.00651264	2.09508753	2.24701691	2.44087434	2.60331273	2.73953032	2.94048572	3.34917521	3.42037082	3.15057874	2.68242836	2.37044287	2.16279221	2.03348160	1.89194131	1.69795239	1.55724275	1.44396853	1.35818279	1.36397016	1.38216603	1.39863610	1.41810119	1.43491971	1.44568729	1.45041549	1.46615040	1.48201561	1.49721837	1.50807309	1.51764691	1.52744329	1.53897130	1.55284488	1.55845737	1.55059206	1.53860474	1.52437532	1.51712060	1.50738192	1.49455440	1.47434688	1.45403850	1.43963349	1.43441355	1.43232059	1.43322039	1.43401825	1.43550503	1.43488801	1.43034983	1.43258238	1.43511903	1.43025684	1.41972482	1.41076863	1.40980399	1.40657687	1.40472150	1.40320504	1.39937758	1.39099824	1.38046885	1.38399911	1.38873243	1.39486599	1.40244043	1.40830612	1.40678573	1.40462792	1.39837956	1.39061666	1.38358080	1.37837660
-67.0000000	1.32402754	1.33313262	1.34197474	1.35116208	1.36047888	1.36751902	1.37680137	1.38804352	1.39871073	1.40518308	1.41700387	1.43374312	1.45304346	1.46960938	1.48171902	1.48987091	1.49365580	1.49825370	1.49786842	1.48492873	1.46689487	1.44873798	1.43963075	1.44544756	1.45159924	1.45991802	1.47061372	1.48329008	1.50002718	1.52080119	1.54505026	1.56553853	1.58069015	1.60031521	1.62042117	1.62391961	1.64921188	1.66767037	1.74106801	1.79585481	1.76934588	1.76992202	1.82035661	1.97648275	2.04903007	2.03814316	2.08776689	1.98435235	1.74527788	1.43847156	1.34028864	1.29702818	1.32539618	1.49481714	1.72131050	2.02516413	2.16862559	2.22464943	2.11700583	1.83450663	1.47793818	1.37689197	1.39728451	1.41553724	1.44729507	1.46571338	1.46070433	1.38813829	1.36090016	1.42797458	1.54982293	1.62023187	1.58478987	1.52377987	1.45772851	1.40046763	1.33167601	1.30517709	1.32087243	1.34304273	1.21780717	1.10017014	1.06323338	1.10720956	1.14435208	1.17576134	1.20268941	1.20279896	1.15641141	1.11049843	1.11404955	1.12149858	1.14861238	1.29783106	1.43961322	1.44099712	1.37734556	1.32059014	1.11440670	0.913332224	0.797297776	0.775736570	0.740245700	1.07829952	1.53554177	1.93140793	1.86835742	1.80615520	1.61311901	1.28384709	1.01484728	1.15124190	1.48874259	1.78827906	1.95862961	2.09057260	2.19589067	1.97517741	1.77092862	1.67014730	1.68808317	1.67358243	1.61863780	1.73629940	1.99545324	2.39869213	2.41807532	2.20147204	1.99343812	1.81365180	1.65901470	1.56813908	1.54710221	1.65250504	1.73807061	1.81755304	1.80814242	1.64186728	1.54643035	1.53311336	1.57581651	1.59273291	1.63882077	1.78012800	1.97136927	2.16451144	2.28107095	2.30986738	2.20602107	2.14826107	2.14443803	2.15689349	2.17962146	2.24148107	2.30475307	2.36907148	2.44139910	2.46781158	2.48038125	2.48459482	2.47550249	2.47598267	2.43123269	2.38011169	2.34447050	2.31761718	2.29315114	2.26768970	2.24303746	2.24872613	2.25986838	2.25637770	2.25038314	2.24579382	2.24125624	2.24322629	2.25145197	2.26703453	2.29975557	2.32939291	2.34758329	2.36262393	2.33647776	2.30094862	2.26745224	2.23516369	2.20546508	2.18380046	2.16165257	2.14550567	2.13345718	2.12750626	2.12440395	2.11973190	2.11156201	2.10474801	2.10288382	2.10228682	2.09874678	2.08661199	2.07224941	2.06296706	2.06324506	2.06625247	2.06432772	2.06409597	2.05752826	2.03914237	2.01677847	1.99298811	1.97820282	1.96388054	1.94854975	1.93891239	1.93093920	1.92607474	1.92360520	1.91977274	1.91097927	1.90238845	1.89182591	1.89022255	1.88136864	1.86663032	1.84893060	1.83300543	1.81942856	1.81165612	1.80528474	1.79840016	1.79417503	1.78884637	1.78165877	1.78765059	1.79406297	1.79634893	1.78306127	1.76772320	1.75816643	1.75845897	1.75900257	1.75918460	1.76136112	1.76529026	1.76393020	1.76468706	1.76875114	1.77514553	1.78128874	1.78126705	1.77739131	1.77381933	1.77508795	1.77477348	1.77824306	1.78371286	1.78682327	1.76718605	1.74739683	1.74100542	1.74748170	1.75277591	1.75945675	1.76580584	1.76763666	1.76268959	1.75776839	1.74197173	1.72089791	1.70141196	1.69998610	1.70191371	1.71197426	1.72546852	1.73641837	1.73437417	1.73173320	1.73212993	1.73821759	1.74262977	1.74921978	1.76789153	1.78547037	1.83568394	1.89424658	1.96243203	2.05288815	2.16693354	2.33642673	2.54380298	2.73523593	2.99606967	3.44691133	3.60388279	3.22096825	2.81471586	2.67171192	2.60387778	2.33909416	2.07963371	1.83549106	1.61593783	1.46360815	1.34449995	1.33154857	1.32071328	1.31898737	1.32739913	1.33650362	1.33521616	1.32646453	1.33544743	1.34665561	1.35450435	1.36272955	1.37188506	1.37800801	1.38374639	1.39137685	1.40216756	1.41069376	1.41477263	1.41506279	1.41227722	1.40410578	1.39405525	1.38052797	1.36410344	1.34776878	1.33130741	1.31740344	1.31085575	1.30420363	1.30231011	1.30748975	1.31213439	1.30816364	1.30289042	1.29782236	1.28831983	1.27673209	1.27401698	1.27645123	1.27776659	1.28165329	1.28337336	1.28665292	1.29077995	1.29458380	1.30495751	1.31494319	1.32628906	1.33824384	1.34680533	1.33781314	1.32824242	1.31995952	1.31221080	1.30713844	1.31517160
-68.0000000	1.29835856	1.31694555	1.32961965	1.34318161	1.35064936	1.35532308	1.36034203	1.37883461	1.39774251	1.41417503	1.43344140	1.46065259	1.48479116	1.50340903	1.51591897	1.52786374	1.53771412	1.54445052	1.52302098	1.49923933	1.47463834	1.46450746	1.45331788	1.43984222	1.43798828	1.44181514	1.45144224	1.46727300	1.47916234	1.47738314	1.48943448	1.52041543	1.56828523	1.59718251	1.63367426	1.70519400	1.81203055	1.70708907	1.56473434	1.41309786	1.28119326	1.41156662	1.62654912	1.92538500	2.08230543	1.88565612	1.75026584	1.64070666	1.41458333	1.14068317	0.891887069	0.821729541	0.767725825	0.725821912	0.850059330	1.02139628	1.16961908	1.20665884	1.16432142	1.06384027	0.986685157	0.926941693	0.872167647	0.883087873	0.893760502	0.900321841	0.936868370	0.969493747	1.00068402	1.08055151	1.17073083	1.21457887	1.19604599	1.17114913	1.15775919	1.15076220	1.14267170	1.05826604	0.961110055	0.898624122	0.927542925	0.950475633	1.00809062	1.08594072	1.16244221	1.15284526	1.14220214	1.10521877	1.00802672	0.908095658	0.837621987	0.781349778	0.719269931	0.787165225	0.853506029	0.910085738	0.959158778	1.00632179	0.938343644	0.790128708	0.653723300	0.587090194	0.529443324	0.493200719	0.756268561	0.973233342	1.10126519	1.08249271	1.06782484	1.02734220	1.00027597	1.04966712	1.20434320	1.31206310	1.38076925	1.40226257	1.38712466	1.34168041	1.31977141	1.29218614	1.22661924	1.14379418	1.10927224	1.13922644	1.20859563	1.41986740	1.56850696	1.61051047	1.43070924	1.20824063	1.01644993	0.928369462	0.930474758	0.932906151	0.943411708	0.942954421	0.959244430	0.984505713	1.05775416	1.11497045	1.16511619	1.24515426	1.32821858	1.43598032	1.59902561	1.78120661	1.84515905	1.78586924	1.67654645	1.72826338	1.80646634	1.86309850	1.90484858	1.97218883	2.04126620	2.12958717	2.23119736	2.31561422	2.39798856	2.48819757	2.56506109	2.59567714	2.55829406	2.50568485	2.45626116	2.41165090	2.39424777	2.39110565	2.38574100	2.37459588	2.36493492	2.33824730	2.31252480	2.28160858	2.24800563	2.21950531	2.19972444	2.18004060	2.19525123	2.20805192	2.21232224	2.21149945	2.19542193	2.15738082	2.11838961	2.09233284	2.06692553	2.04765630	2.03124952	2.01554298	2.00728011	1.99796116	1.99370885	1.99153805	1.98848021	1.98760986	1.98862779	1.99346673	1.99966395	2.00639582	1.99851823	1.98688018	1.97592103	1.98080921	1.98174453	1.97823536	1.96905673	1.95295966	1.92999601	1.90707970	1.89016187	1.87758851	1.85979533	1.84089601	1.82139552	1.80884743	1.80106032	1.79068816	1.78120935	1.79791641	1.81092167	1.81949115	1.81472182	1.79700482	1.77491224	1.75450194	1.74141645	1.73299980	1.72549510	1.71526396	1.70855272	1.70578301	1.70536184	1.70380008	1.70035338	1.68931282	1.67805874	1.67344832	1.67777193	1.68067956	1.67720604	1.67046988	1.66383648	1.65018678	1.63421929	1.61828351	1.61265671	1.60706222	1.60206687	1.59975076	1.60039794	1.60344946	1.60819352	1.61184752	1.62822759	1.64472771	1.65397668	1.63953221	1.62383616	1.61939311	1.62506807	1.63027799	1.63911533	1.64778841	1.65522754	1.65938413	1.66330302	1.65823126	1.64475071	1.63152349	1.62589836	1.62236071	1.61835635	1.62550223	1.63202906	1.63822258	1.64602733	1.65537429	1.66842008	1.68347371	1.69861317	1.71933842	1.75050652	1.79000688	1.90213621	2.03877211	2.19569182	2.32961488	2.48301220	2.61833620	2.73424029	2.79516459	2.79855061	2.50434566	2.15554047	1.88350427	1.97399807	2.08124781	2.15844464	2.05950594	1.87791121	1.72495151	1.59953105	1.49586546	1.41002357	1.34160841	1.32315409	1.30334532	1.28206658	1.26164305	1.25144064	1.23933601	1.22822285	1.21813130	1.22476399	1.23009908	1.23140597	1.23263061	1.24304760	1.25608242	1.26756072	1.27908146	1.28510058	1.28593004	1.28084612	1.27419770	1.26603293	1.25678229	1.24361348	1.23016310	1.22238278	1.21336055	1.20617783	1.20473135	1.20445788	1.20478678	1.20447946	1.20293915	1.19341362	1.18217373	1.17430341	1.18105137	1.18622088	1.19386733	1.20396531	1.21329141	1.22102356	1.22964263	1.24031091	1.25298810	1.26457703	1.27757072	1.29086494	1.30045021	1.28808939	1.27560818	1.26742756	1.26271367	1.25803864	1.27704597
-69.0000000	1.32844543	1.36680412	1.39944398	1.43395555	1.46827078	1.48921490	1.51170421	1.53692782	1.56397760	1.58939660	1.60540771	1.54967988	1.50569260	1.47403955	1.46019828	1.46697843	1.48770571	1.52156603	1.55006361	1.51121604	1.47677696	1.47185147	1.46242225	1.43272948	1.38105357	1.34926486	1.34638071	1.35008276	1.35906339	1.32325208	1.26023841	1.21933508	1.23198116	1.29164112	1.41181922	1.52469921	1.52740371	1.48196018	1.33340180	1.17565429	1.07775712	1.03924072	1.01812887	0.974868417	1.04401803	1.07719922	1.06884944	1.00497746	0.857102394	0.728293657	0.621561646	0.520642817	0.460303217	0.452654660	0.478198081	0.516499221	0.553835511	0.580267429	0.593406022	0.575596094	0.555919230	0.527534664	0.574781060	0.608526707	0.630894244	0.679847062	0.735889614	0.779360414	0.733060062	0.711714268	0.714830399	0.731826007	0.745055318	0.776771247	0.832423627	0.855982840	0.845691144	0.824498594	0.806352437	0.773858905	0.737682521	0.706469059	0.723221302	0.748924553	0.772904932	0.770009756	0.764639974	0.746375084	0.698433876	0.650129735	0.599714577	0.545431674	0.491472006	0.488728046	0.507091701	0.523648083	0.574799061	0.624014616	0.661562681	0.599345267	0.547346890	0.507523000	0.479811579	0.457768798	0.461432844	0.493140250	0.515923917	0.542467415	0.588503540	0.623329163	0.659248531	0.713877916	0.760963678	0.797360420	0.823573411	0.844801962	0.859962225	0.858337939	0.846793473	0.825187743	0.758486211	0.680905461	0.596120417	0.603998601	0.694552302	0.761968136	0.805785775	0.806724787	0.797770083	0.759578466	0.687326431	0.614518583	0.582290649	0.546858013	0.527838528	0.546919942	0.559292376	0.559742451	0.571260929	0.670879483	0.760335803	0.840065718	0.909109414	0.981740117	1.08809638	1.16227591	1.21319354	1.28964031	1.45573843	1.57764316	1.61198640	1.59106600	1.55836010	1.43915176	1.32816315	1.27740097	1.44435954	1.61749732	1.94063103	2.31324768	2.59999347	2.48662877	2.42188931	2.40326858	2.39317060	2.38039780	2.41589475	2.45104837	2.49372220	2.52898932	2.52927065	2.45705891	2.38671517	2.31534433	2.24297762	2.17997575	2.14622927	2.11040854	2.09726787	2.08775592	2.07487583	2.06058550	2.04565692	2.01386666	1.97966647	1.95207107	1.93660843	1.92206669	1.91276062	1.90544772	1.89751613	1.88480818	1.87530267	1.87546027	1.88157248	1.88893807	1.89438474	1.89759159	1.89651954	1.90014410	1.90279663	1.90254748	1.89770472	1.89333725	1.88566494	1.87572014	1.86586118	1.85483027	1.83391130	1.81213427	1.78898251	1.77481508	1.76146853	1.74486089	1.72553837	1.70679545	1.69917035	1.70275235	1.71198142	1.72552741	1.73145962	1.73299837	1.73009729	1.72087920	1.70936203	1.69691336	1.68349540	1.66480482	1.64660478	1.62919009	1.62313569	1.62040031	1.61826193	1.61449564	1.60550284	1.59394526	1.58634770	1.58486974	1.58466172	1.58291268	1.57842660	1.57326555	1.56576014	1.55490553	1.54168630	1.53076887	1.52144134	1.51148796	1.50480366	1.49889600	1.49406409	1.48584902	1.47800303	1.47403133	1.48846972	1.50244629	1.51601267	1.52833748	1.53913975	1.55094421	1.56377089	1.57643342	1.59024382	1.60458040	1.61908698	1.61947942	1.61889982	1.61634457	1.60859799	1.60108197	1.59164202	1.57860279	1.56527781	1.56299603	1.57048345	1.57770634	1.58540547	1.59128213	1.59398782	1.62039959	1.66111481	1.70951617	1.76940727	1.82614398	1.88002801	2.09730816	2.41115928	2.78924704	2.96022511	2.79294538	2.66704631	2.52641296	2.33642530	2.12277865	1.91400969	1.79936349	1.73924363	1.73593378	1.79497302	1.81811738	1.83122563	1.77574098	1.67383432	1.57609212	1.47078288	1.39069569	1.32421398	1.26904809	1.21914780	1.19291258	1.16949892	1.14885497	1.13687932	1.13090837	1.12534344	1.12186587	1.12220418	1.12622261	1.13278246	1.14512479	1.15712059	1.16853917	1.17802727	1.18274617	1.18204701	1.17652524	1.16963923	1.16223478	1.15280569	1.14205396	1.13206112	1.12622535	1.12339365	1.11910892	1.11821973	1.12051380	1.12281692	1.12441099	1.12332320	1.11926734	1.12509215	1.13239586	1.13973045	1.15095818	1.16178548	1.16945291	1.16837716	1.16421545	1.17466986	1.19550097	1.21442044	1.22630262	1.23847926	1.25083017	1.25218427	1.25547051	1.25932968	1.26232409	1.26544678	1.29084551
-70.0000000	1.35144353	1.31717455	1.29090393	1.28504086	1.27934861	1.26723886	1.25342274	1.24491310	1.20993757	1.15173793	1.08813024	1.06998348	1.07253861	1.06377923	1.05791402	1.05665684	1.05092931	1.06182003	1.10707986	1.17167473	1.19207525	1.16669667	1.12933505	1.07948303	1.05883491	1.07247603	1.07556558	1.03777409	0.963542819	0.869233668	0.788305700	0.837563038	0.913012564	1.01528847	1.13718390	1.15937352	1.13144112	1.06296194	0.944263399	0.836809158	0.764241815	0.698862255	0.641635180	0.613463044	0.578162909	0.535040677	0.484055281	0.474299282	0.464765787	0.423841715	0.372450233	0.349348336	0.320953667	0.300146431	0.304407358	0.310966551	0.316090792	0.315317512	0.308340728	0.314606160	0.322516084	0.365291983	0.408754081	0.449175566	0.464630395	0.483257502	0.505848289	0.434373111	0.363584161	0.293127149	0.311020553	0.324224621	0.329075307	0.493115008	0.670332968	0.850341618	0.833578587	0.806297123	0.776656806	0.693152666	0.605270922	0.520767331	0.494668841	0.469186544	0.448367774	0.457359880	0.464657754	0.467143893	0.456708252	0.445803136	0.434653938	0.423442781	0.415082186	0.412914246	0.420778096	0.428547621	0.437125683	0.445155144	0.450307429	0.449656576	0.444475442	0.439686000	0.434435755	0.429919183	0.428811103	0.428292692	0.416305453	0.405389518	0.404310942	0.425650328	0.440835059	0.450662404	0.464546174	0.471891582	0.483687341	0.516788661	0.543838322	0.558698475	0.545609474	0.516901672	0.491946518	0.466398031	0.445396304	0.428548306	0.431908607	0.463256627	0.514924526	0.547640622	0.561986685	0.550776243	0.529486597	0.512609720	0.503427565	0.489451677	0.468244106	0.450643688	0.438048005	0.431730717	0.448567182	0.469242007	0.493966073	0.521962583	0.557889104	0.610369146	0.657046795	0.698076725	0.755772531	0.819967687	0.913217783	1.02843785	1.12894773	1.20354128	1.12594104	1.01218891	0.911132634	0.942597330	0.994482756	1.15675414	1.46220410	1.81882155	1.84571862	1.73937750	1.61729634	1.62509620	1.62330639	1.62315798	1.61807609	1.59680438	1.68956208	1.80175030	1.93654513	2.12035251	2.29672575	2.31467056	2.26854205	2.21626925	2.11653781	2.01479959	1.95518446	1.92983758	1.90184045	1.89177489	1.87920070	1.85912859	1.82890940	1.79693496	1.77935255	1.77005720	1.76099336	1.76025319	1.76116538	1.76366723	1.76497638	1.76629889	1.77002788	1.77750647	1.78557420	1.78890979	1.78514850	1.77769375	1.77344060	1.77378762	1.77437520	1.77247894	1.76464367	1.75676334	1.74990177	1.74374998	1.73956609	1.73068261	1.70713294	1.68391299	1.66451979	1.64985347	1.63870561	1.63106573	1.62695873	1.62730443	1.63174748	1.63602507	1.63984609	1.64510417	1.64788413	1.64552760	1.63828361	1.63608265	1.62997615	1.61912310	1.60317433	1.58932579	1.57799661	1.56886196	1.55677819	1.54621148	1.53560531	1.52592409	1.51771164	1.51082718	1.50437522	1.49731350	1.49026108	1.48400128	1.47814775	1.47144306	1.46472692	1.45792663	1.44974387	1.44073594	1.43168318	1.42205334	1.41001701	1.39337575	1.37691784	1.37743855	1.39461339	1.41078162	1.43343210	1.46113276	1.48818815	1.51190984	1.53356552	1.55534458	1.57027686	1.58226323	1.59403837	1.59428310	1.59119856	1.58794188	1.58119118	1.57375288	1.56596756	1.55482399	1.54154801	1.52559209	1.52573693	1.52522349	1.52192950	1.52236223	1.52496302	1.52926755	1.60043967	1.69488370	1.78323638	1.81713462	1.85632920	1.91490841	2.01726079	2.06376052	2.00530648	1.88581169	1.83173823	1.77310717	1.70987403	1.56424749	1.46421432	1.43261504	1.44475758	1.49704909	1.58198893	1.70004749	1.68947434	1.64606762	1.61750817	1.58629549	1.48577821	1.38617921	1.29551828	1.22026825	1.17092156	1.13297629	1.10288870	1.07695794	1.06462944	1.05612922	1.04820907	1.03965986	1.03391850	1.04411089	1.05352128	1.06232333	1.07278919	1.08642101	1.09913766	1.10768044	1.10461104	1.10089874	1.09620726	1.08805609	1.07703435	1.06486988	1.05791986	1.05364811	1.04899538	1.04685771	1.04704344	1.04811406	1.05348098	1.06073999	1.06674325	1.07679093	1.08974016	1.10160220	1.11785972	1.13586259	1.15199494	1.17139614	1.19556296	1.22260618	1.29202855	1.37383127	1.45844793	1.48897231	1.51472378	1.53572190	1.53344738	1.53100872	1.51975286	1.47293198	1.41779804	1.37259650
-71.0000000	0.850931287	0.770232975	0.690104187	0.746155381	0.803811550	0.862435400	0.885945559	0.897922754	0.900605440	0.847676218	0.774594724	0.695307612	0.679562628	0.700328112	0.734662116	0.785522819	0.840840459	0.891437054	0.933261812	0.912590683	0.854798496	0.798484385	0.774361372	0.766419113	0.760507882	0.755940259	0.754048884	0.740939021	0.712722242	0.667987227	0.619462073	0.584138870	0.562205553	0.604872704	0.667985737	0.708464146	0.729622781	0.709432542	0.658138275	0.600584388	0.547001243	0.508562624	0.465740651	0.416851908	0.370426297	0.347963035	0.333324015	0.322137356	0.310421526	0.305634260	0.299266547	0.291270941	0.276457667	0.265202641	0.256497860	0.250755131	0.249655679	0.249372706	0.250094891	0.260028720	0.277720571	0.298083603	0.308537275	0.294476420	0.283777952	0.275311440	0.237543836	0.192029759	0.137450173	0.148371845	0.174279585	0.197696880	0.271216810	0.385179847	0.510248899	0.572386384	0.559396088	0.543848336	0.517309189	0.471562564	0.420112044	0.382151514	0.380813777	0.377980560	0.377467901	0.388920248	0.400078088	0.407739609	0.395047456	0.381954223	0.369159847	0.367578715	0.366104126	0.364045680	0.371518582	0.378033131	0.383400738	0.379856884	0.375678718	0.372052819	0.371357262	0.371014535	0.370251387	0.365556210	0.356062323	0.344034016	0.334478885	0.329126388	0.321613193	0.312570006	0.318038404	0.321947306	0.324180007	0.332372159	0.345594972	0.355987459	0.364821851	0.373414308	0.375522494	0.373591453	0.369632155	0.361018091	0.353486180	0.347117007	0.355299830	0.362947673	0.367817760	0.369697660	0.377394497	0.382382631	0.385160416	0.384205669	0.379625738	0.378344864	0.377710521	0.374901861	0.368897766	0.359108627	0.353202462	0.351096451	0.353096634	0.360949665	0.381273121	0.398594141	0.411519587	0.420207143	0.424766153	0.449555725	0.518615246	0.587708652	0.636752129	0.645459890	0.630286574	0.601056755	0.572650552	0.559346378	0.605908096	0.716084659	0.840900898	0.886606514	0.868299127	0.841505051	0.860716760	0.885286033	0.900100052	1.00393558	1.10821402	1.19778633	1.23484242	1.26801431	1.36996770	1.54776967	1.72198808	1.88947952	2.05434275	2.22144485	2.12299991	2.01936817	1.92769134	1.87744176	1.82745361	1.78683197	1.75498056	1.72223294	1.68999255	1.65634704	1.62035561	1.61443520	1.61320400	1.61195612	1.61924970	1.62695742	1.63837576	1.64577663	1.65260530	1.65905058	1.66440678	1.66678560	1.66583157	1.65554929	1.64369154	1.63196778	1.62817347	1.62555492	1.62140691	1.61448121	1.60655844	1.59837639	1.58975267	1.58002985	1.57540762	1.57076859	1.56255329	1.55161500	1.54468310	1.55181456	1.55796266	1.56085777	1.56126606	1.57140505	1.58328938	1.59516287	1.60233331	1.62113261	1.63359356	1.63958406	1.63771987	1.62294698	1.60533357	1.58493149	1.55858326	1.52625883	1.50728774	1.49304879	1.49002993	1.48061156	1.46550238	1.45410264	1.44171643	1.44063878	1.43646979	1.43030953	1.42339325	1.41706729	1.41324329	1.40863037	1.40240085	1.39171314	1.38240719	1.37416029	1.36336184	1.35127723	1.33842099	1.36366343	1.39378536	1.42287052	1.45556855	1.48925734	1.52319884	1.56325543	1.60612774	1.64972591	1.66526568	1.66371262	1.66214013	1.65442109	1.64136672	1.62758660	1.61398804	1.60085952	1.58695638	1.58006382	1.57580709	1.57089090	1.56782448	1.57088315	1.56585526	1.55389023	1.59027696	1.62992239	1.67307115	1.68378770	1.66121852	1.63308752	1.65680075	1.67429101	1.63292980	1.52251267	1.33105814	1.10886192	0.943382204	0.983940482	1.05760729	1.10755014	1.13027835	1.11720383	1.11275136	1.13683891	1.20556724	1.28349066	1.32153487	1.34572470	1.38828301	1.39812267	1.37725842	1.32548475	1.25182867	1.18464351	1.12784755	1.08150184	1.04828334	1.02796710	1.01052070	0.995958090	0.986600816	0.985343695	0.986168921	0.988079786	0.991434216	0.996390045	1.00256979	1.01370609	1.01978564	1.02281249	1.02331448	1.01995778	1.01297379	1.00537562	0.997450531	0.998061061	0.997249007	0.995119095	0.991956234	0.988676667	0.985253751	0.993088722	1.00985193	1.02423882	1.04268527	1.06976008	1.09304357	1.11240506	1.12994587	1.14906526	1.15811861	1.11888862	1.09052503	1.07151127	1.06186032	1.05143619	1.04647684	1.09826005	1.14614999	1.19448435	1.26952279	1.34451079	1.40432465	1.24855769	1.09024489	0.931910455
-72.0000000	0.696273863	0.637547016	0.581613839	0.573595941	0.615662634	0.650432885	0.668553174	0.645909131	0.619863093	0.590063035	0.564405143	0.548397362	0.540389538	0.564175487	0.608935654	0.646151781	0.673655748	0.673633516	0.670407176	0.664035141	0.631177962	0.581942201	0.543208361	0.515216887	0.528586507	0.553057909	0.584823549	0.613701403	0.579177380	0.544016838	0.508143544	0.473325133	0.452338547	0.429981112	0.409664899	0.391152203	0.403603196	0.414200157	0.420777351	0.416152835	0.394716263	0.358567208	0.336295426	0.313001245	0.287697583	0.262678355	0.252283692	0.246846959	0.242372170	0.239008322	0.236955598	0.232134476	0.226553768	0.220224231	0.219796553	0.218806565	0.216870472	0.216599047	0.225732967	0.235926017	0.247317106	0.235134006	0.208509848	0.181080729	0.153805688	0.132654950	0.110896550	8.39160085E-02	9.79754403E-02	0.127057672	0.155473918	0.192657590	0.243766800	0.293343097	0.336480498	0.312319428	0.289877743	0.268807709	0.278415382	0.295796156	0.313282788	0.326883614	0.336749047	0.346163034	0.352744550	0.353822410	0.354712337	0.354697198	0.346429437	0.337916851	0.329461187	0.323895603	0.318673462	0.313232392	0.310820431	0.310528815	0.309722394	0.309156477	0.310730428	0.312026381	0.313220173	0.313063920	0.312539041	0.312045842	0.303874552	0.290348649	0.276256084	0.263297528	0.254412025	0.245453760	0.236421362	0.236785695	0.239628226	0.240542635	0.242710561	0.252935261	0.261285126	0.267999828	0.273021817	0.276396453	0.279190809	0.280604869	0.278207272	0.273805201	0.269225299	0.265569836	0.266482085	0.269741505	0.269917190	0.266892463	0.265429437	0.270756006	0.273662657	0.274047107	0.272025347	0.267939359	0.264021844	0.258445442	0.255795121	0.254725903	0.252740890	0.256945670	0.266421586	0.274808198	0.281612873	0.286829293	0.290820211	0.304536223	0.321248889	0.352449358	0.380347192	0.405169934	0.404177040	0.388514161	0.368888408	0.366685957	0.381429404	0.404760987	0.419345319	0.412694633	0.396653742	0.405586094	0.445979536	0.485017896	0.545075238	0.623938322	0.701220989	0.782010734	0.857669055	0.933232307	1.07395995	1.24565613	1.41554880	1.58749700	1.75920355	1.92911470	1.90852559	1.85040939	1.79047883	1.74967849	1.71138668	1.67437088	1.64307022	1.61332726	1.58533108	1.55145657	1.51817906	1.48564947	1.48484015	1.48219275	1.47743928	1.49492228	1.51615012	1.53557718	1.54172516	1.54406154	1.54518485	1.54168487	1.53333008	1.52248538	1.51271999	1.50519097	1.49632776	1.48628080	1.47774160	1.46760774	1.46275485	1.46015871	1.46324885	1.46476877	1.46461391	1.46821749	1.47436774	1.48080170	1.48755872	1.49462926	1.51544952	1.53292382	1.54307532	1.54614747	1.56645072	1.60629547	1.64049768	1.66938329	1.69130099	1.69731426	1.69487274	1.68521333	1.67334199	1.65723920	1.63130629	1.60631621	1.61658669	1.62503362	1.62082946	1.60488284	1.58001041	1.54586446	1.51558554	1.51256514	1.50704503	1.49838912	1.48810029	1.47892678	1.46781731	1.45489764	1.42286396	1.38924789	1.35676503	1.33495486	1.33073354	1.32893133	1.31985724	1.29713976	1.27875590	1.26574278	1.34415221	1.41961241	1.49294221	1.65180326	1.83422017	2.01816058	2.10841560	2.11979747	2.13473749	2.13233471	2.08241940	2.03154325	1.98162019	1.98961484	2.00028753	2.01625633	2.00666022	1.97430336	1.92769063	1.87860453	1.84563935	1.81899929	1.79946935	1.77476811	1.72759461	1.65643919	1.63229108	1.64848101	1.64596474	1.59106171	1.44841385	1.30358529	1.15657496	1.05553436	1.00426030	1.00902534	1.02852571	1.05173635	1.04538238	1.00726342	0.948432922	1.01655948	1.09697974	1.16885674	1.23142672	1.28356135	1.32197046	1.31836891	1.29481697	1.22930932	1.16040170	1.09613299	1.04197609	0.999260664	0.970268369	0.947103798	0.936732233	0.929583371	0.924292862	0.920141995	0.922188997	0.926144600	0.931199133	0.937158406	0.935583889	0.935229599	0.937014461	0.940443814	0.942514479	0.944953978	0.943842947	0.941140831	0.940818965	0.940546095	0.940185368	0.938487649	0.935570121	0.931303442	0.942074597	0.964988649	0.986486375	1.00939250	1.04201651	1.07563174	1.11025739	1.09956884	1.09342718	1.09492707	1.02556956	0.912829638	0.793357968	0.705062807	0.660189629	0.615304768	0.613510549	0.739512742	0.865987182	0.989996433	1.09419191	1.19445324	1.28967988	1.14133608	0.963070691	0.791344106
-73.0000000	0.485007823	0.453723103	0.420499444	0.385084063	0.374155909	0.363962173	0.349578023	0.332733601	0.319435209	0.309335798	0.302958727	0.311000407	0.324221045	0.341969043	0.356196970	0.368144631	0.372388303	0.368259847	0.353443682	0.331189185	0.303464860	0.286282063	0.298490375	0.318363130	0.342411131	0.370721519	0.400959343	0.424261451	0.429122895	0.424051195	0.390754074	0.351440638	0.315149754	0.285603106	0.274033427	0.270641536	0.267729133	0.265183955	0.263477534	0.264481217	0.261339843	0.253530711	0.240894720	0.229255915	0.219919682	0.209019601	0.197580233	0.186505929	0.183489829	0.181142628	0.182421356	0.181707829	0.184376165	0.186327368	0.187333912	0.187217981	0.188286498	0.191378161	0.195571452	0.198064819	0.181088626	0.160522565	0.136414796	0.114675842	9.84679163E-02	8.44372809E-02	6.87729642E-02	8.49297643E-02	0.110158570	0.135889918	0.168297127	0.222414479	0.276948005	0.331526875	0.323718518	0.290505588	0.256780803	0.234304562	0.247138560	0.260711282	0.274781525	0.281790018	0.286941588	0.292065114	0.293782294	0.290295362	0.286565065	0.282365263	0.280531466	0.278540641	0.276563525	0.273720950	0.269949585	0.266240180	0.262644470	0.260308832	0.257765770	0.254823864	0.254749686	0.256350249	0.257346004	0.257729053	0.255973667	0.253468812	0.250199288	0.242331818	0.230922714	0.220620945	0.210448787	0.203397840	0.196976885	0.190537930	0.185248807	0.187034398	0.188624874	0.192093119	0.196910635	0.204180479	0.209758326	0.213654965	0.215362072	0.215321779	0.214597434	0.212785915	0.209934711	0.208383843	0.207480967	0.206875429	0.205395833	0.204244569	0.203597993	0.203051522	0.201949194	0.199842483	0.197907850	0.195498005	0.194325849	0.191661835	0.187702537	0.184756309	0.189284399	0.193045676	0.196063206	0.198671043	0.201118335	0.202496395	0.207701996	0.220067993	0.236573994	0.255029052	0.273237109	0.285225123	0.296059698	0.305731446	0.301508665	0.294592291	0.286628395	0.281860560	0.280262887	0.278436214	0.291165084	0.334437847	0.373349488	0.414712071	0.495959073	0.572933495	0.646603942	0.856056273	1.07903445	1.30202198	1.35213768	1.38136899	1.41371071	1.48184717	1.55968189	1.63497531	1.62841392	1.58082843	1.53248394	1.50536013	1.49492300	1.48494959	1.47482646	1.46383703	1.45345175	1.44149768	1.42484689	1.41171539	1.40268254	1.39887655	1.39386964	1.38720310	1.39502156	1.40862751	1.42047071	1.42847717	1.43126357	1.43273962	1.43265808	1.42283595	1.40978587	1.39883256	1.39097726	1.38829541	1.38540030	1.38245034	1.37947464	1.38513303	1.39437139	1.40230083	1.41074634	1.41899323	1.43542159	1.47780287	1.51317215	1.54509974	1.56968856	1.61213315	1.68173349	1.73615479	1.77598011	1.80003381	1.83001900	1.85540533	1.87944198	1.90713513	1.92877984	1.93898165	1.93199694	1.90827644	1.91534984	1.96431112	2.00125360	2.02682662	1.97746694	1.93964684	1.94191921	1.98256040	1.97982287	1.94852030	1.91684723	1.87510467	1.81984818	1.77393603	1.73685527	1.70055068	1.65941572	1.61502481	1.56686115	1.51679301	1.48137772	1.45512092	1.39155412	1.31863105	1.24889398	1.19631517	1.18087411	1.16997552	1.16134346	1.27482414	1.40317190	1.52813816	1.63392699	1.72049034	1.80668664	1.89331484	1.95924962	2.03447795	2.12205005	2.23447895	2.36745858	2.50874209	2.54850602	2.35157204	2.17605805	2.02435637	1.95174932	1.92229617	1.90003312	1.88339114	1.84866047	1.83317685	1.83804691	1.81425095	1.68677640	1.58143449	1.51145422	1.43870187	1.35712433	1.27864802	1.20357859	1.21151805	1.18322992	1.12981689	1.05435860	1.00654411	0.999521971	1.03109252	1.09494066	1.14146996	1.17432570	1.19879353	1.21476161	1.21225321	1.15930009	1.10341513	1.04490936	0.983541608	0.930192471	0.896536767	0.868428767	0.845524073	0.828062594	0.819393098	0.817603886	0.819359958	0.824633956	0.832857847	0.837078452	0.834065974	0.831756890	0.830836713	0.834082544	0.835381448	0.834806859	0.836525500	0.850678563	0.862068236	0.870839298	0.876567662	0.880584478	0.883957624	0.886710942	0.910833120	0.938409090	0.964223266	0.984054983	0.986099064	0.993946970	1.00684583	0.969356060	0.908954620	0.850669980	0.798575044	0.757879257	0.710251212	0.656717777	0.602785408	0.548300862	0.493055314	0.461561710	0.464335918	0.468140393	0.473852128	0.522843122	0.569787920	0.613970637	0.602028728	0.562192559	0.522235453
-74.0000000	0.246545985	0.224110082	0.201008156	0.179300874	0.161924407	0.156869292	0.151637763	0.146128312	0.147016808	0.153000712	0.155787840	0.155057773	0.157608733	0.164294630	0.175347358	0.183625206	0.187890485	0.188802719	0.186559930	0.181007251	0.176803917	0.170833677	0.170801997	0.175044969	0.201258004	0.225746632	0.242254794	0.250594556	0.247697994	0.245987996	0.242803439	0.235141918	0.222978950	0.208144799	0.193505749	0.190081432	0.186873138	0.184107587	0.186948717	0.187229529	0.187693924	0.187899128	0.186517432	0.181866229	0.175230712	0.170705512	0.166819662	0.162903592	0.158991829	0.157487035	0.159755036	0.161946729	0.164337113	0.166676402	0.165310562	0.163129672	0.162024483	0.161612645	0.158428803	0.152296558	0.143603280	0.132769436	0.125005692	0.116763122	0.107321769	9.67694372E-02	0.107599683	0.121178880	0.136582553	0.155944794	0.190469533	0.229664147	0.273039848	0.293165267	0.276842147	0.257479906	0.235352904	0.233121619	0.237625897	0.241859525	0.245561764	0.247882321	0.250179857	0.252294481	0.250945210	0.245663270	0.240076810	0.234380156	0.231802568	0.229546070	0.227396145	0.226030335	0.226007998	0.225537121	0.224896327	0.222950876	0.219813839	0.216379434	0.212407187	0.211328641	0.210101053	0.208144084	0.205472857	0.202601507	0.199362248	0.195883900	0.190753922	0.183638856	0.176742718	0.170193613	0.164787844	0.160763040	0.156585604	0.152390152	0.150809050	0.155841827	0.160793275	0.164737433	0.167574242	0.169752955	0.171190083	0.171712786	0.173203200	0.173288882	0.172468796	0.171064079	0.169009924	0.166181758	0.164715126	0.163113117	0.161278561	0.159246013	0.158229366	0.158785194	0.158812568	0.158208475	0.156929031	0.156764165	0.156343669	0.156026140	0.155660406	0.156090230	0.157046393	0.158032805	0.159068152	0.165591374	0.173297524	0.180715680	0.187755123	0.192314163	0.197591782	0.203699499	0.207473040	0.204379931	0.202749848	0.200998798	0.210751906	0.223242477	0.233072668	0.250453442	0.306787670	0.366266876	0.428335905	0.554672897	0.691220105	0.823155046	0.918877661	0.975569785	1.03588831	1.10534322	1.21593094	1.32355440	1.42946994	1.41456175	1.36674285	1.31616795	1.28285062	1.27206647	1.26366413	1.25777161	1.26823545	1.27848315	1.28845799	1.29269946	1.29550457	1.29843855	1.30302072	1.31101358	1.32066429	1.33231676	1.33016682	1.32711554	1.32461715	1.32583821	1.33075154	1.33324635	1.33340621	1.33177102	1.32971549	1.32715809	1.32412100	1.31747556	1.31835806	1.32004368	1.32251620	1.33241904	1.34536695	1.36139894	1.39764023	1.44476855	1.49335277	1.54546487	1.60131037	1.65177929	1.70831370	1.78684330	1.88569808	2.00457501	2.10516500	2.09002590	2.09232163	2.13196635	2.20850778	2.29850721	2.25115776	2.23595548	2.25222850	2.29924011	2.25643969	2.15455532	2.05206752	2.00313950	1.98954928	1.95888877	1.91239476	1.85042369	1.79712999	1.75544345	1.73684597	1.73265767	1.75573504	1.78665268	1.81113136	1.82960212	1.85627878	1.89158463	1.93145180	1.97538340	1.98107374	1.97636628	1.93982470	1.86357963	1.73980784	1.62065887	1.50577712	1.37630081	1.24250185	1.11352682	0.989128768	1.01597190	1.04303300	1.06941593	1.09658229	1.12476897	1.14741933	1.16302180	1.23249733	1.31904066	1.40151739	1.47738743	1.51993084	1.55417466	1.58999538	1.60918856	1.60615087	1.60638976	1.61067319	1.59905660	1.57557750	1.54904902	1.51946151	1.50171196	1.48968291	1.48213732	1.47642112	1.44568729	1.42942762	1.42879975	1.44419265	1.35016561	1.27390468	1.21601379	1.17738366	1.08087468	1.00347042	0.953618407	0.932003260	0.966653347	1.02717209	1.07344007	1.09473979	1.10408759	1.08127010	1.05318654	1.01996207	0.975598514	0.924217224	0.869580746	0.819758832	0.774866104	0.746197939	0.728712738	0.720489621	0.712033212	0.702635765	0.702367961	0.705211937	0.709662974	0.717864454	0.724582791	0.732650340	0.738551497	0.742397010	0.745320320	0.753983259	0.764637887	0.775421262	0.786419988	0.793693423	0.800662339	0.807150960	0.816688836	0.851842046	0.883454382	0.914248109	0.928717136	0.905412972	0.885339379	0.868301988	0.825797558	0.758080721	0.688063681	0.615797997	0.613331974	0.621120274	0.627730608	0.624911726	0.592409551	0.559555948	0.526163042	0.480191737	0.426156521	0.371949852	0.318376809	0.312089741	0.305166215	0.297040343	0.286400169	0.273513615	0.260121614
-75.0000000	0.145542949	0.143507525	0.142760888	0.142385751	0.142702565	0.143330395	0.143730715	0.144462243	0.145623595	0.147301212	0.148476958	0.148308471	0.147008151	0.146733835	0.147467509	0.147990957	0.148662001	0.149154469	0.148715988	0.148740485	0.149325103	0.150420249	0.153701991	0.156260148	0.159348235	0.163393930	0.171117365	0.179823592	0.185626090	0.188485190	0.189986393	0.186306477	0.181249201	0.176155195	0.171207353	0.166258782	0.162585363	0.159314394	0.156300485	0.153418317	0.150703922	0.149158075	0.149185449	0.148410723	0.146964237	0.144838810	0.141938627	0.142168328	0.142480075	0.143065438	0.144064069	0.145625755	0.147356629	0.148316413	0.148675680	0.148172393	0.147570476	0.146639511	0.145113111	0.142963201	0.141852945	0.142176956	0.142220154	0.141349688	0.140136480	0.144187927	0.149135768	0.155351520	0.162513375	0.171226814	0.181552336	0.192889437	0.202080235	0.200545192	0.198786959	0.196860239	0.197244003	0.203229368	0.209053427	0.214868158	0.217858329	0.217275843	0.216660947	0.216003582	0.214799032	0.213074639	0.211142868	0.209201023	0.209100232	0.209748968	0.210836157	0.211600065	0.209346488	0.206162646	0.202759176	0.198734403	0.193829030	0.188654393	0.183129832	0.177495122	0.174134880	0.170759529	0.167122081	0.163154870	0.160291433	0.157326490	0.154099450	0.151315197	0.147885829	0.144179285	0.140554085	0.136819437	0.134498164	0.133432567	0.132896155	0.133040160	0.133692473	0.135804236	0.137502715	0.139011830	0.140017673	0.141190559	0.142291442	0.142819911	0.142755106	0.142210796	0.140016958	0.137095928	0.133994877	0.131186157	0.128784239	0.127630800	0.127603441	0.128061354	0.129647523	0.130860001	0.131641194	0.131858647	0.132184789	0.132561356	0.132642731	0.132229432	0.131579280	0.136329830	0.142637029	0.148818240	0.154950485	0.155946955	0.156050637	0.156219840	0.156258717	0.154897928	0.153954715	0.152866796	0.150522485	0.170474395	0.188769594	0.205619037	0.224527687	0.254357278	0.285835683	0.318659037	0.434518516	0.609582245	0.781873882	0.952089071	0.951170385	0.946274400	0.944315314	0.971596777	1.04306388	1.11461270	1.18554986	1.17240906	1.13939357	1.10574150	1.08052206	1.08067966	1.08217657	1.08452666	1.09949481	1.11982036	1.14017034	1.15981495	1.17010224	1.17918718	1.18677175	1.19830394	1.21656024	1.23455095	1.25246596	1.25718832	1.25581527	1.25447905	1.25383747	1.25410020	1.25589252	1.25938082	1.26470447	1.26815176	1.26942635	1.26881421	1.26622224	1.29235315	1.32435286	1.35924256	1.39694905	1.44121683	1.49480498	1.55579746	1.63646138	1.72024143	1.79283738	1.85953605	1.92506111	2.01535273	2.21360826	2.38853884	2.46138787	2.46087575	2.37369037	2.20480847	2.15596080	2.20812869	2.24417138	2.23753834	2.16039300	2.12110567	2.11901879	2.09377074	1.99358284	1.88899910	1.79967821	1.72513151	1.67000973	1.65280592	1.66166866	1.67384672	1.66023278	1.63045788	1.60675120	1.58868575	1.57600498	1.54046667	1.50826025	1.48178089	1.46050560	1.49882197	1.54909015	1.60365379	1.65713537	1.65575159	1.64281893	1.62250626	1.59413552	1.50592113	1.41483390	1.32180691	1.23068440	1.15574110	1.08322275	1.01168501	0.945604026	0.892546535	0.837370038	0.779016197	0.745297194	0.743821979	0.733813882	0.713688493	0.730306149	0.785017490	0.858358800	0.942053735	1.01781583	1.09104192	1.16523218	1.24075294	1.25628197	1.22238576	1.17467058	1.11204934	1.05254638	0.994040608	0.920219004	0.847410500	0.843846500	0.907025754	0.952382803	0.979008496	0.983511388	0.931974530	0.887841344	0.851520240	0.846257031	0.849671960	0.864007950	0.885538101	0.914643466	0.951406598	0.963457108	0.948275983	0.926853180	0.899348438	0.865544319	0.821959198	0.778082371	0.746009946	0.716222167	0.688554764	0.665344775	0.648059011	0.640733778	0.635139346	0.630161285	0.625989556	0.623949111	0.635925591	0.646993458	0.656835794	0.665639222	0.675520539	0.691894114	0.709694624	0.722591996	0.733078837	0.731059194	0.728650093	0.727130115	0.726597369	0.762618959	0.810414732	0.850419343	0.895231485	0.896752834	0.862401664	0.828204513	0.794249296	0.768622339	0.742487729	0.706131458	0.660652578	0.622253537	0.600125790	0.585800588	0.578108907	0.551342130	0.516272366	0.483204246	0.451582581	0.407235652	0.359194338	0.310182482	0.260530531	0.233344078	0.206092089	0.179175586	0.155981526	0.152079120	0.148538888
-76.0000000	0.147467524	0.151272014	0.152959689	0.153346330	0.153092161	0.151954561	0.149500802	0.145884961	0.141811922	0.137236312	0.132695287	0.130034879	0.128001601	0.126514807	0.125876158	0.128169358	0.129658327	0.130264565	0.129648969	0.128910244	0.129332870	0.130057186	0.130998239	0.132224396	0.136417687	0.141410157	0.145877749	0.149836317	0.153344870	0.155651048	0.157383353	0.158362567	0.158029214	0.156970799	0.153337672	0.148294792	0.143717051	0.139557600	0.136469528	0.133447692	0.131206319	0.129155055	0.127206728	0.125561520	0.124302961	0.122950800	0.122050799	0.121872954	0.121893115	0.125498876	0.129229203	0.133053839	0.137211844	0.140941426	0.143905684	0.146158561	0.147654012	0.148526639	0.148757756	0.149276882	0.150212869	0.151448399	0.152998552	0.157865763	0.163530007	0.169051692	0.174531594	0.179771036	0.184771433	0.189429834	0.193812475	0.196880400	0.193318576	0.190057665	0.186956644	0.184168801	0.187830001	0.192497015	0.197393760	0.202613756	0.203723282	0.203574955	0.203428075	0.203273997	0.203499362	0.203808233	0.204138711	0.204528242	0.204096243	0.202895999	0.201430798	0.199731603	0.196072549	0.189314619	0.182609990	0.175780788	0.169155344	0.163351431	0.157473370	0.151250407	0.144861117	0.141726241	0.138982326	0.136214644	0.133512482	0.131271854	0.129072964	0.126922324	0.124920011	0.122617431	0.120384008	0.118404001	0.116705529	0.115383595	0.115114324	0.115206480	0.114883207	0.114224397	0.113628238	0.114284888	0.114998400	0.115627684	0.115994886	0.116276383	0.115794726	0.114446156	0.112389840	0.109657444	0.106165439	0.102408476	0.102563277	0.103106156	0.103849925	0.104981758	0.106428243	0.108179994	0.109551601	0.110831752	0.112044245	0.113346003	0.115406632	0.117966242	0.120353758	0.123181924	0.126699120	0.130465433	0.132830650	0.134161204	0.134256959	0.131281197	0.126861125	0.122344553	0.119954877	0.130023360	0.152027279	0.173973590	0.195759356	0.226993680	0.267206430	0.302354664	0.332929432	0.458915800	0.687861383	0.895576358	1.08534300	1.10010529	0.997028708	0.916077614	0.853080451	0.859901071	0.895414352	0.930949271	0.966140628	0.965489149	0.957621574	0.949283302	0.941078842	0.961622715	0.985209882	1.00982809	1.03442979	1.06043398	1.08654547	1.11312938	1.13340020	1.13426137	1.13216472	1.12677908	1.12790871	1.15093720	1.17456770	1.19882238	1.21680140	1.21393001	1.20976925	1.20733929	1.20646870	1.22152615	1.23894870	1.25904381	1.28172970	1.30508435	1.33252203	1.36521363	1.44711292	1.53680182	1.60716593	1.66651046	1.71438468	1.75067437	1.79201949	1.76013732	1.71850908	1.70015466	1.70511043	1.73589694	1.91730690	2.01969385	2.02931285	1.99233592	1.90901160	1.77114749	1.63662767	1.57411087	1.51957500	1.47277510	1.43358850	1.40132952	1.34001505	1.27051783	1.21810830	1.18202758	1.17517471	1.19346845	1.19373119	1.17661750	1.14259171	1.11832345	1.11382985	1.11334753	1.11647308	1.12917888	1.15266955	1.16174090	1.15744674	1.14052594	1.15328658	1.16350055	1.16836560	1.16814029	1.22143102	1.29819739	1.36784232	1.43099999	1.44530129	1.41180766	1.37598264	1.33845615	1.29427993	1.23907459	1.18337333	1.12776184	1.07195115	1.01314294	0.955220401	0.898521841	0.844499528	0.811755419	0.777985156	0.742826223	0.705914676	0.750851274	0.802495360	0.851968765	0.898927927	0.963267863	1.03223312	1.09633255	1.15482807	1.15998197	1.09389460	1.03197944	0.974479675	0.921643972	0.868512273	0.811807930	0.756140411	0.710796237	0.700151801	0.712293804	0.715134978	0.708512425	0.691853046	0.685744584	0.683871090	0.695058465	0.708050847	0.719354928	0.745801926	0.768933296	0.785728037	0.796104014	0.790778875	0.764921546	0.732088089	0.701787591	0.674156845	0.648892820	0.635388494	0.623006642	0.610351205	0.597704411	0.585131764	0.573464870	0.570486248	0.571017623	0.576590419	0.583192050	0.591092706	0.601580858	0.610431850	0.617201269	0.624001682	0.635997653	0.646715522	0.655307233	0.661877990	0.666537881	0.704571843	0.792854667	0.885067225	0.981157660	1.05840433	1.03874612	1.01187146	0.981444240	0.947846830	0.907014906	0.872019410	0.847578228	0.832615972	0.799945235	0.729362905	0.661008894	0.594447851	0.530105770	0.467462152	0.402250350	0.335053444	0.269562960	0.244020954	0.217688397	0.190898642	0.163918093	0.156028330	0.149072394	0.142188475	0.135713518	0.138701513	0.143288642
-77.0000000	0.157087445	0.154260010	0.151127994	0.146283835	0.141729832	0.137062073	0.132446900	0.129227757	0.127270803	0.125677437	0.124513201	0.123746403	0.123925678	0.124019995	0.123831362	0.123380646	0.122552633	0.121074483	0.119881444	0.118982159	0.118401840	0.118822329	0.120554641	0.121621683	0.121957205	0.121515118	0.120816723	0.123497277	0.125318870	0.126523435	0.126776159	0.126280084	0.125392318	0.125411749	0.125457108	0.124898389	0.123570718	0.121799521	0.119147047	0.116434067	0.114970319	0.113084644	0.110900879	0.108269997	0.105546959	0.104708888	0.106009930	0.107370727	0.109024547	0.110785685	0.112862170	0.117241204	0.123140164	0.129184559	0.134958968	0.140513033	0.144998640	0.148191124	0.150781676	0.152747273	0.154197365	0.157339424	0.161603287	0.166172400	0.171086401	0.176270410	0.183457419	0.190926000	0.198451445	0.205850139	0.211684316	0.210866392	0.209493354	0.207569525	0.205083385	0.203806788	0.203573510	0.203507289	0.203617454	0.204058811	0.204529688	0.205228090	0.205898404	0.206570894	0.205430388	0.203491449	0.201520801	0.199658871	0.196558550	0.190464482	0.184297681	0.177991197	0.171787664	0.165843353	0.160103530	0.154015914	0.147918969	0.141968891	0.136391774	0.131004721	0.125812799	0.120780721	0.118049033	0.116223119	0.114284880	0.112094641	0.109864078	0.107685357	0.105655685	0.103936315	0.101946965	0.100025274	9.92714465E-02	9.85068083E-02	9.73238423E-02	9.61286351E-02	9.47671309E-02	9.44553539E-02	9.46771279E-02	9.46727991E-02	9.46641713E-02	9.44431275E-02	9.45043191E-02	9.44200829E-02	9.40881595E-02	9.38440859E-02	9.36640799E-02	9.32076052E-02	9.14371163E-02	8.95060748E-02	8.73712748E-02	8.52609649E-02	8.36006403E-02	8.19655210E-02	8.24536756E-02	8.41111243E-02	8.57548863E-02	8.90906379E-02	9.21276063E-02	9.50385630E-02	9.76802409E-02	0.100041121	0.103307761	0.107154004	0.111113288	0.115187764	0.119587682	0.120479032	0.120897360	0.121219195	0.121189684	0.119922481	0.124857359	0.132356167	0.142409518	0.154768318	0.192278892	0.240171835	0.292285442	0.348615378	0.531683266	0.883000791	1.26620424	1.67683029	1.95541430	1.67987823	1.37761474	1.05254769	0.722813070	0.772402346	0.820987225	0.869099021	0.916505277	0.943716228	0.968433797	0.993507147	1.01953292	1.03726006	1.04961526	1.06120300	1.07443440	1.09247696	1.11190033	1.12943947	1.14524055	1.14811134	1.12996292	1.11386156	1.09995556	1.08901799	1.11870372	1.14922357	1.18026793	1.21211636	1.22321534	1.21887565	1.20495892	1.18983233	1.17586589	1.24167597	1.33759296	1.46443260	1.62314427	1.79142118	1.87213886	1.88447332	1.85358167	1.84393597	1.84620535	1.73488677	1.59765422	1.43413198	1.25574338	1.13365090	1.11978006	1.13443983	1.10522890	1.03233457	0.915753603	0.808035910	0.760091007	0.747005045	0.699428856	0.617805362	0.514020264	0.495842397	0.467817128	0.461537987	0.474647045	0.454371840	0.453492761	0.454852760	0.443725228	0.420657128	0.385824949	0.376390100	0.417124063	0.467659444	0.503994286	0.527116299	0.572326541	0.619683862	0.662871540	0.702226818	0.739041150	0.780890405	0.820024550	0.856213868	0.889886916	0.908951759	0.917440593	0.930696487	0.947071433	0.965502679	0.970014989	0.971400917	0.969845772	0.965751827	0.958195448	0.947585464	0.935010791	0.920833945	0.905800998	0.891990781	0.878235161	0.865243495	0.853709042	0.836494565	0.816636980	0.798343182	0.781739950	0.774673939	0.801750183	0.814648330	0.825636208	0.834771574	0.852125704	0.872220933	0.888992667	0.902288854	0.911823809	0.873530626	0.840872169	0.814607263	0.795221984	0.778740466	0.756213903	0.735153198	0.712306023	0.690113544	0.668938339	0.652834058	0.642262995	0.637234569	0.637966692	0.644955814	0.644611716	0.634268165	0.622900128	0.610718369	0.597417176	0.587538004	0.577672541	0.565200806	0.552840471	0.540065467	0.526820421	0.514410496	0.506164312	0.502368510	0.520033717	0.547287107	0.579563200	0.612128913	0.613292396	0.610947371	0.588283181	0.573301435	0.565861642	0.565739334	0.573120713	0.594182909	0.616322875	0.633430064	0.645531118	0.652987421	0.661636770	0.688907564	0.734116316	0.796607971	0.875523627	0.863976240	0.802323341	0.752346754	0.713288128	0.684577465	0.666905701	0.646829247	0.623834610	0.597911775	0.567765355	0.526507914	0.476204455	0.417463928	0.351326138	0.315599054	0.284847111	0.251422554	0.215748012	0.189881995	0.183805913	0.177782387	0.171789840	0.165824637	0.164820239	0.164265126	0.163787752	0.163177922	0.161804155	0.159593031
-78.0000000	0.160094872	0.153775454	0.147565439	0.142285675	0.139671355	0.137421370	0.135314628	0.133556411	0.132551268	0.132339582	0.132035762	0.131533921	0.131030634	0.130055040	0.128673360	0.126965523	0.125007108	0.122644797	0.120457433	0.120245755	0.119967841	0.119849034	0.119766235	0.119810164	0.119126879	0.117725037	0.116110079	0.115123682	0.114161044	0.113174625	0.114053763	0.114567846	0.114631921	0.114131518	0.113132164	0.112336561	0.111853443	0.111267351	0.110474639	0.109435685	0.108177841	0.106859520	0.105894722	0.104814723	0.103906080	0.102859914	0.102048479	0.101056322	0.102048479	0.103387676	0.105151668	0.108965516	0.113448247	0.118352883	0.123726964	0.129005283	0.134255528	0.139381900	0.144472316	0.148883745	0.152508244	0.155451596	0.158426642	0.161540657	0.166017592	0.172111675	0.178238884	0.184873685	0.191599920	0.197626308	0.202129200	0.206488803	0.210615844	0.214439049	0.215854555	0.214505285	0.213067442	0.211435914	0.209694952	0.207312465	0.204623997	0.202058628	0.199395373	0.196597427	0.192186713	0.187366322	0.182538718	0.177466318	0.172249198	0.167006880	0.161707684	0.156299755	0.151029348	0.145594090	0.140178233	0.134832233	0.129490554	0.124132320	0.119430721	0.115985520	0.112672806	0.109330557	0.106034398	0.102988802	0.101224080	9.93362442E-02	9.73540843E-02	9.53308865E-02	9.31874439E-02	9.13946480E-02	8.96450430E-02	8.78940001E-02	8.62164050E-02	8.45604017E-02	8.35732892E-02	8.28885585E-02	8.20907950E-02	8.12008828E-02	8.02677572E-02	7.94714466E-02	7.94440806E-02	7.94390440E-02	7.92172849E-02	7.91150481E-02	7.89069608E-02	7.86643252E-02	7.83835277E-02	7.81596079E-02	7.77816027E-02	7.72718415E-02	7.66756907E-02	7.60557577E-02	7.48504847E-02	7.38856867E-02	7.35300034E-02	7.34903961E-02	7.40023181E-02	7.48735219E-02	7.62746483E-02	7.79421628E-02	8.03484097E-02	8.31772834E-02	8.61998498E-02	8.91395956E-02	9.15508792E-02	9.25848037E-02	9.32767168E-02	9.35402364E-02	9.34588760E-02	9.56188813E-02	0.103474796	0.110554554	0.116958238	0.122762166	0.131826982	0.147333592	0.163946167	0.181695595	0.200327739	0.240455508	0.294027090	0.350530595	0.409339458	0.469231218	0.455324411	0.436278254	0.413017929	0.386292249	0.402048737	0.469239801	0.534692168	0.598780811	0.661552548	0.706572771	0.749332786	0.791448474	0.833152354	0.875655293	0.919002295	0.957948446	0.992834687	1.02315736	1.01720595	1.00406885	0.989673853	0.974084437	0.958368182	0.946547270	0.936571658	0.928850412	0.923621714	0.936773300	0.968142211	1.00299025	1.04122078	1.08341634	1.09427631	1.06920791	1.03946114	1.00959766	0.979560673	1.01375139	1.09239483	1.15630555	1.20520008	1.23858571	1.25825250	1.27859473	1.28853714	1.28807867	1.27697182	1.25517893	1.19546998	1.09938014	1.02743280	0.957139850	0.886773586	0.816420257	0.746159017	0.651167989	0.558831632	0.520871043	0.501551270	0.485007882	0.471169472	0.460136145	0.448567241	0.440051764	0.433013022	0.423997194	0.412912071	0.399862051	0.384636968	0.367464244	0.354146421	0.349680960	0.355320722	0.360829443	0.378372252	0.401360422	0.424972802	0.449040979	0.473629653	0.503460705	0.536743402	0.569844007	0.602835119	0.635796010	0.665617645	0.693769693	0.724886656	0.756262839	0.785195291	0.788128555	0.779694498	0.771105647	0.762225091	0.753041446	0.722676933	0.688604414	0.654269755	0.619138122	0.584123075	0.581210673	0.577041149	0.571646154	0.564928591	0.557773232	0.552711606	0.547588825	0.542505562	0.537816942	0.536954403	0.544970155	0.551959157	0.556158960	0.557206571	0.559345663	0.564697504	0.567089260	0.566376448	0.562373281	0.558735132	0.562854946	0.570052087	0.580636799	0.594851017	0.607435942	0.586877704	0.566960454	0.550166428	0.536911905	0.527042806	0.520539820	0.512678862	0.502634168	0.490291923	0.475643486	0.458167702	0.445162356	0.431490958	0.416704327	0.401001096	0.384066015	0.366246730	0.359395921	0.364152253	0.369338393	0.374998331	0.381113291	0.387702703	0.394747227	0.426075101	0.456750005	0.478815824	0.492426693	0.497496992	0.494210154	0.479811609	0.461752534	0.456790328	0.463038504	0.478126794	0.501875997	0.512594640	0.518439651	0.520032167	0.517696559	0.511285663	0.487648100	0.454173118	0.420365512	0.381001681	0.336648971	0.305831492	0.294904798	0.278467923	0.256894559	0.230626777	0.213420242	0.212586477	0.210234985	0.206310958	0.201290414	0.199897915	0.202664167	0.205314487	0.207935289	0.210509285	0.209622234	0.207201615	0.205020726	0.202935606	0.201006725	0.195886090	0.190330550	0.184642568	0.178857371	0.172908008	0.166473359
-79.0000000	0.157506496	0.153977051	0.150652796	0.147552475	0.145563126	0.145350009	0.145329848	0.145418406	0.145447209	0.145574659	0.143374324	0.140698075	0.137621522	0.134296566	0.130576313	0.127205268	0.125217363	0.123237357	0.121308476	0.119568251	0.117763922	0.117389522	0.117902882	0.118593358	0.119347192	0.120281763	0.121472642	0.121547520	0.120674156	0.120006718	0.119494088	0.119334236	0.119391844	0.119566791	0.119041912	0.118080720	0.116678163	0.115544878	0.114693120	0.114351839	0.114369124	0.114402965	0.113865845	0.112974472	0.111625925	0.110295355	0.109143354	0.107865363	0.106702574	0.106427528	0.107945278	0.110700727	0.113532476	0.116526954	0.119523607	0.122605912	0.125799119	0.129479751	0.133229524	0.137118235	0.141485035	0.145830974	0.149785206	0.153681844	0.157618806	0.161686808	0.165824637	0.170161203	0.173547372	0.176981047	0.180931672	0.185056582	0.189410388	0.192280322	0.193108335	0.193767846	0.194263920	0.194628224	0.194401428	0.191191688	0.187741444	0.184127763	0.180274308	0.176310733	0.171128884	0.165457442	0.159695998	0.153900713	0.148179591	0.143475115	0.139537439	0.135473758	0.131411523	0.127164230	0.123026416	0.119096644	0.115189202	0.111576244	0.107958250	0.104501516	0.101326317	9.81727168E-02	9.47656780E-02	9.12981629E-02	8.79170448E-02	8.53703916E-02	8.37561637E-02	8.21282417E-02	8.06551203E-02	7.92518407E-02	7.82035217E-02	7.71984011E-02	7.61688054E-02	7.51334429E-02	7.40973651E-02	7.29842484E-02	7.17919171E-02	7.09848031E-02	7.01157600E-02	6.90660030E-02	6.82574436E-02	6.72847256E-02	6.59023225E-02	6.51160777E-02	6.49828836E-02	6.49483278E-02	6.47301599E-02	6.45199195E-02	6.47402406E-02	6.47928044E-02	6.44767210E-02	6.41930401E-02	6.38308823E-02	6.34082332E-02	6.28221631E-02	6.31368086E-02	6.33643195E-02	6.32325634E-02	6.34723231E-02	6.46336824E-02	6.59455284E-02	6.74208030E-02	6.88428059E-02	7.01985657E-02	7.16328025E-02	7.29655251E-02	7.43054450E-02	8.16501603E-02	9.08056796E-02	9.92714316E-02	0.107280001	0.115188479	0.123288490	0.132644162	0.142372787	0.152290076	0.162325442	0.173369512	0.197182775	0.221637607	0.246636704	0.272184491	0.298175037	0.341454953	0.383399278	0.423262835	0.461424947	0.498324275	0.520696104	0.543586314	0.567545772	0.592357635	0.617494345	0.621976376	0.625492096	0.628214419	0.629869699	0.629783273	0.622114539	0.616133511	0.610117197	0.604063451	0.598163784	0.602867484	0.606954277	0.610424638	0.613242090	0.615256548	0.630843818	0.645260394	0.656984866	0.666035235	0.672279894	0.687658310	0.702674627	0.711874068	0.714934826	0.711437762	0.710889161	0.704195976	0.695276618	0.683860362	0.670031309	0.653464079	0.661322117	0.680014014	0.686039746	0.679122746	0.673360527	0.673977613	0.675285161	0.675350666	0.662570655	0.637031555	0.598500729	0.547098517	0.505858243	0.497046262	0.491844237	0.487847537	0.485123724	0.483732730	0.483405888	0.496229768	0.527588665	0.540843070	0.549924493	0.556935132	0.562173843	0.565526843	0.539291501	0.514409065	0.491263211	0.469973564	0.449679613	0.430261910	0.424614936	0.422292262	0.423205912	0.427193284	0.434118956	0.447635531	0.471610069	0.497643828	0.525589228	0.555368423	0.586576819	0.610518217	0.633565426	0.657350659	0.679501474	0.700432479	0.707408667	0.697801709	0.687735379	0.677519321	0.667082131	0.652140021	0.618073225	0.583663702	0.548888445	0.513898611	0.478730857	0.466578752	0.455670714	0.444175929	0.432241946	0.419650555	0.417982340	0.421452016	0.424491853	0.427266032	0.429739207	0.426798731	0.415576816	0.403674513	0.391130626	0.377980560	0.364268154	0.363167286	0.361113816	0.357837856	0.353273749	0.347202003	0.348293513	0.358346194	0.365218580	0.368269205	0.367733508	0.367566466	0.371111035	0.372227758	0.370352149	0.365483493	0.357511699	0.346402079	0.331996322	0.317065686	0.302156627	0.292494953	0.287098557	0.279192984	0.268587351	0.264502794	0.261399597	0.259515345	0.258739233	0.268723428	0.293534636	0.319358885	0.345302671	0.369568080	0.392165989	0.413187802	0.422531247	0.412097037	0.398998797	0.383271128	0.365870863	0.349515349	0.332674563	0.320458323	0.309008151	0.298144072	0.287780374	0.277850151	0.268378586	0.265808135	0.261273623	0.258938611	0.253406882	0.241474316	0.226722255	0.220914721	0.214412391	0.207190782	0.199373037	0.190951914	0.190855429	0.194490001	0.198670313	0.203606620	0.208823740	0.214195684	0.219322070	0.224613369	0.230243057	0.235981449	0.241053134	0.235866234	0.230578542	0.225234717	0.219562575	0.213854417	0.205031514	0.195593029	0.186217204	0.176734075	0.167335197	0.161318138
-80.0000000	0.154037520	0.153358564	0.152601108	0.151755124	0.150987595	0.150004074	0.148242980	0.146233439	0.143857434	0.141066715	0.137818798	0.134469360	0.131457612	0.128743917	0.126650155	0.124859519	0.123620391	0.122992560	0.121579915	0.120395504	0.119471043	0.118939683	0.118611358	0.118530005	0.119388960	0.120467506	0.121566959	0.122606650	0.123484313	0.124145992	0.125025839	0.125434071	0.125378639	0.125188559	0.124752246	0.124198563	0.123464890	0.122490712	0.121391274	0.122510880	0.123579361	0.124376386	0.124909915	0.125027999	0.124786079	0.124305844	0.123443268	0.122010477	0.120911039	0.120162234	0.119954884	0.120111845	0.120792970	0.121768564	0.123182639	0.124866731	0.126733691	0.128838956	0.131228641	0.134026557	0.136172876	0.138165846	0.140293434	0.142642811	0.145135447	0.147752643	0.149417996	0.150311530	0.151178405	0.152015030	0.152698323	0.153408960	0.153395295	0.153126717	0.152853131	0.152372882	0.152068332	0.151541293	0.149879515	0.147847682	0.145626470	0.143393025	0.141106322	0.138729602	0.134966880	0.131028488	0.126995057	0.122984633	0.118865520	0.114955924	0.111947037	0.108829439	0.105855115	0.102942005	0.100080729	9.76003185E-02	9.57211107E-02	9.37123224E-02	9.14248824E-02	8.90999958E-02	8.64374414E-02	8.36834460E-02	8.09819996E-02	7.83266425E-02	7.57915229E-02	7.33298436E-02	7.09869564E-02	6.93928823E-02	6.88960776E-02	6.83870465E-02	6.81876019E-02	6.88140020E-02	6.92431256E-02	6.95620850E-02	6.93417564E-02	6.88449591E-02	6.84295222E-02	6.77786469E-02	6.71371222E-02	6.64041638E-02	6.54422417E-02	6.41851202E-02	6.31259978E-02	6.20899200E-02	6.14210404E-02	6.08219989E-02	6.03712797E-02	6.00667223E-02	6.02280013E-02	6.01826385E-02	6.00868799E-02	5.99529594E-02	5.99918403E-02	5.99932820E-02	6.00998402E-02	6.03093617E-02	6.06333651E-02	6.07399233E-02	6.07204810E-02	6.06204048E-02	6.04461618E-02	6.01826422E-02	5.97643256E-02	5.93049638E-02	6.15664832E-02	6.48741648E-02	6.86995238E-02	7.39202425E-02	8.03419203E-02	8.70875940E-02	9.80755165E-02	0.110704318	0.122772962	0.134244725	0.145256400	0.155938312	0.175268158	0.196462780	0.216775432	0.236181587	0.254760474	0.275806099	0.338859349	0.404513270	0.472322881	0.542183757	0.613541484	0.640009463	0.620593905	0.602594614	0.585477412	0.569142759	0.553340852	0.547558546	0.541419804	0.534932613	0.528216541	0.520809054	0.517017603	0.517792284	0.518693745	0.519101322	0.519111395	0.518483520	0.519812644	0.520349085	0.519930005	0.518768668	0.516513586	0.515394747	0.516929030	0.517257392	0.516241491	0.514018774	0.510319412	0.512961149	0.521482289	0.529308736	0.536190510	0.543388307	0.551485479	0.550867736	0.540297329	0.530272067	0.521062553	0.512375772	0.504485965	0.497276634	0.494627029	0.488059193	0.484895468	0.482744873	0.477871954	0.470131934	0.459611326	0.448523313	0.437125713	0.424344957	0.412975460	0.425100267	0.440658718	0.459569544	0.481854975	0.509314358	0.539169848	0.568292439	0.578059912	0.574831426	0.568207443	0.558600485	0.545691550	0.529819906	0.511004210	0.493871063	0.477212399	0.462342232	0.449259162	0.437703818	0.427854955	0.427633226	0.437965214	0.448348314	0.459130317	0.469992250	0.481018335	0.490355968	0.495693356	0.500314295	0.504242659	0.507595718	0.515656829	0.524316251	0.529182732	0.533048391	0.535835564	0.537603080	0.538544118	0.527448952	0.508349538	0.488693506	0.468665272	0.448191345	0.427458256	0.412568688	0.398663282	0.384572148	0.370187253	0.355610907	0.342231870	0.349397302	0.356599420	0.363656878	0.370900810	0.378042489	0.379270077	0.364121318	0.349564314	0.335761905	0.322673768	0.310548931	0.300668389	0.295179099	0.288923740	0.281980097	0.274328619	0.265759200	0.257333040	0.259702563	0.260656565	0.260162652	0.258559912	0.260614097	0.262007982	0.260971218	0.258423150	0.255561858	0.252369374	0.248723298	0.244854003	0.240506634	0.233770326	0.229379758	0.229510799	0.231738478	0.235878497	0.242241845	0.250683129	0.261076301	0.283026934	0.304650009	0.312445432	0.318911046	0.323802739	0.327393413	0.329588622	0.330372006	0.328990310	0.317383945	0.304130167	0.289953351	0.274800956	0.258809060	0.241984069	0.224331111	0.221281201	0.221754238	0.222184792	0.222622558	0.226102322	0.228857026	0.229316399	0.227936879	0.226145536	0.223858789	0.221095428	0.217911601	0.214680240	0.212418005	0.210425764	0.208977833	0.207808569	0.207066223	0.206182808	0.205243200	0.204653516	0.204317987	0.204289913	0.204311505	0.202861443	0.200014561	0.196995601	0.194060162	0.190855443	0.187765941	0.182643846	0.177005515	0.171304569	0.165677041	0.160102069	0.154568881
-81.0000000	0.150873110	0.149209201	0.147427917	0.145457998	0.143195048	0.140553370	0.137715116	0.134016484	0.130199760	0.126285836	0.122614548	0.118969202	0.115344733	0.112368241	0.112633206	0.113094725	0.113733366	0.114446171	0.115333922	0.116393767	0.117431998	0.117805682	0.118308961	0.119053446	0.119913831	0.121065840	0.122376241	0.123937912	0.124899112	0.125810638	0.126689047	0.127625033	0.128234163	0.128681287	0.129166558	0.129910320	0.130181044	0.130266011	0.130862877	0.131665692	0.133063927	0.133954555	0.133427516	0.132609606	0.131470546	0.129780725	0.127697036	0.125794813	0.124189928	0.123150244	0.123421684	0.123580083	0.123884641	0.124259755	0.124714799	0.125035927	0.125664487	0.126622796	0.128116801	0.129468963	0.130800977	0.132126480	0.133364886	0.134625599	0.135083526	0.135125995	0.135143280	0.135094315	0.135230407	0.135138243	0.135065511	0.133542731	0.131973132	0.130455360	0.129038393	0.127520636	0.126074165	0.124040879	0.121601522	0.119073600	0.116678886	0.114264719	0.111858480	0.109362960	0.106292158	0.103161596	0.100007996	9.68832076E-02	9.36792046E-02	9.03960019E-02	8.90481547E-02	8.84397626E-02	8.78133550E-02	8.72560814E-02	8.67131948E-02	8.62819105E-02	8.54820088E-02	8.30937549E-02	8.08848068E-02	7.87377656E-02	7.64956847E-02	7.43378401E-02	7.22757578E-02	7.11943209E-02	7.08458424E-02	7.06269592E-02	7.05031157E-02	7.05002397E-02	7.06384853E-02	7.09322393E-02	7.11518377E-02	7.10251257E-02	7.04174489E-02	6.99998438E-02	6.97140023E-02	6.93453699E-02	6.90890402E-02	6.86484054E-02	6.77606389E-02	6.68664053E-02	6.58785626E-02	6.48230463E-02	6.38575256E-02	6.22749589E-02	6.07464015E-02	5.96577600E-02	5.90594411E-02	5.86216822E-02	5.82955144E-02	5.81666417E-02	5.82559220E-02	5.84755205E-02	5.89046441E-02	5.92185594E-02	5.96167184E-02	5.96159995E-02	5.95936812E-02	5.96498400E-02	5.97225614E-02	5.98687157E-02	6.05174378E-02	6.11481592E-02	6.16283976E-02	6.20092787E-02	6.21698424E-02	6.22447208E-02	6.36796802E-02	7.02388808E-02	8.10662434E-02	9.19915214E-02	0.103147201	0.114182636	0.125581682	0.137082964	0.165270969	0.195582241	0.225098640	0.253770471	0.281682730	0.309054226	0.335558861	0.362851918	0.391255200	0.420949459	0.451460183	0.482919097	0.510415196	0.522547245	0.534338653	0.545290530	0.555468500	0.565266252	0.572956562	0.564707518	0.556485772	0.548362792	0.540169954	0.531979144	0.523722231	0.518940687	0.515424967	0.511659384	0.507533789	0.502964675	0.497873545	0.493367761	0.488705069	0.483133703	0.476774663	0.469482511	0.461057782	0.454645455	0.451248497	0.446871608	0.441474497	0.435180277	0.427750558	0.419075310	0.421662927	0.425687015	0.428464085	0.431648642	0.434594125	0.436968744	0.438759387	0.439694673	0.441863298	0.445841998	0.451542974	0.459097177	0.468439907	0.479675531	0.485981286	0.471963614	0.461296052	0.454110473	0.450368613	0.450065553	0.453166544	0.459707052	0.469724387	0.478638679	0.482441783	0.486663818	0.491094023	0.495905042	0.500892460	0.506098151	0.511778176	0.513182104	0.506632328	0.496879220	0.481813192	0.464222133	0.447286338	0.431156844	0.419197679	0.432714224	0.445256650	0.456816196	0.467534900	0.477306008	0.486285806	0.495370805	0.506059170	0.515552342	0.523802876	0.531071305	0.537436843	0.542958498	0.544728220	0.542530835	0.540535629	0.538750112	0.537009835	0.535497844	0.530563653	0.504589677	0.478881359	0.453417093	0.427938491	0.402425289	0.376973957	0.362275213	0.351494640	0.340516090	0.329520226	0.318498462	0.307404727	0.300439477	0.301853538	0.302711040	0.303206384	0.303017020	0.302754253	0.302428812	0.298341334	0.293302059	0.287960380	0.282595664	0.276896864	0.270966947	0.264689982	0.258007705	0.251876861	0.246440887	0.241829991	0.238173127	0.235236958	0.233580247	0.233866826	0.233477995	0.232335344	0.231204242	0.230826229	0.231234491	0.232344732	0.233007833	0.233382240	0.233980536	0.235051215	0.236264393	0.237849101	0.239209920	0.239800319	0.241525441	0.243830159	0.245347932	0.246406317	0.246795833	0.246563286	0.245768428	0.243977770	0.241180569	0.238641113	0.239721835	0.239585757	0.238194719	0.235560954	0.231571436	0.232631281	0.240837142	0.248038575	0.254285276	0.259573698	0.263893664	0.267078966	0.267142326	0.260303020	0.254230589	0.248869434	0.244006529	0.239847124	0.236274481	0.232596710	0.227514222	0.222703189	0.218413442	0.214412391	0.210774258	0.207401752	0.204444721	0.201461032	0.198115185	0.194416568	0.190445766	0.186395049	0.182222649	0.179820731	0.177415922	0.174921125	0.172468796	0.169951677	0.167524561	0.165070087	0.162701994	0.160325289	0.157956466	0.155475348	0.153021604
-82.0000000	0.156090245	0.152006388	0.147594959	0.143121585	0.138836876	0.134508252	0.130319998	0.126147598	0.122227922	0.120531611	0.118676163	0.117095038	0.115343288	0.113720402	0.112121284	0.110537283	0.110088006	0.110724479	0.111204721	0.111395516	0.111633837	0.111548886	0.112326480	0.113220714	0.114664324	0.116758801	0.118468799	0.119925357	0.121045679	0.121778645	0.122379124	0.122627512	0.122522391	0.122752801	0.123970315	0.126175687	0.128055602	0.129500628	0.130392000	0.130988896	0.130957916	0.130599365	0.129741117	0.128856957	0.128234148	0.127814397	0.127338484	0.127050474	0.126716390	0.126504004	0.126177132	0.125907123	0.125792637	0.125768885	0.126102954	0.126275763	0.126920164	0.127664626	0.128398314	0.129175216	0.130001754	0.130443111	0.130409271	0.130315661	0.130138561	0.130046397	0.129921108	0.129710868	0.129592076	0.128158554	0.126210958	0.124272719	0.122372642	0.120353766	0.118344232	0.116288640	0.113219999	0.108911514	0.104625352	0.100216083	9.57434401E-02	9.13305581E-02	8.68679956E-02	8.31398442E-02	8.23960751E-02	8.15536827E-02	8.07580799E-02	7.99495205E-02	7.92684034E-02	7.84972757E-02	7.78255239E-02	7.85613582E-02	7.92626441E-02	7.98271298E-02	8.04981589E-02	8.10936019E-02	8.16076845E-02	8.19835216E-02	8.11483189E-02	7.99236000E-02	7.87262395E-02	7.75994435E-02	7.66310394E-02	7.56698400E-02	7.49174431E-02	7.42831230E-02	7.37582445E-02	7.31311291E-02	7.23686442E-02	7.13844001E-02	7.01711997E-02	6.88564852E-02	6.73293695E-02	6.59995228E-02	6.56834394E-02	6.49821609E-02	6.41851202E-02	6.30835220E-02	6.18386418E-02	6.03820831E-02	5.86836003E-02	5.67792021E-02	5.51318415E-02	5.37595227E-02	5.27119190E-02	5.21675982E-02	5.23555204E-02	5.23771271E-02	5.24930395E-02	5.25571220E-02	5.25232814E-02	5.25434390E-02	5.29934429E-02	5.33937588E-02	5.38344011E-02	5.50605617E-02	5.66920824E-02	5.82660027E-02	5.98060824E-02	6.13800026E-02	6.29481673E-02	6.46343976E-02	6.61104023E-02	6.79960772E-02	7.06831217E-02	7.37697631E-02	7.77729675E-02	8.24558362E-02	8.78443196E-02	9.38678458E-02	0.100553766	0.116004236	0.141179770	0.168163195	0.196961045	0.227204636	0.259076893	0.292236507	0.324232578	0.344988018	0.364417881	0.382579923	0.399618000	0.415638030	0.430747211	0.446618885	0.474059522	0.501227319	0.527666390	0.553623855	0.579482615	0.605047703	0.627103448	0.633786500	0.640668929	0.647846639	0.655471385	0.663566411	0.672384977	0.674826503	0.657057643	0.640188038	0.624388278	0.609618247	0.596174359	0.584282100	0.573344648	0.561073720	0.548551440	0.535635352	0.522369385	0.508738339	0.494467944	0.479736656	0.468496799	0.455713898	0.441411078	0.425454468	0.407829612	0.388363659	0.367104948	0.352943987	0.355415732	0.363731027	0.370678335	0.376051694	0.379836738	0.381908864	0.382309198	0.381396294	0.386510402	0.390191019	0.392510891	0.393499434	0.393079668	0.395038813	0.395585299	0.394397259	0.391389132	0.391414344	0.393590152	0.395603299	0.397720098	0.399563283	0.403381437	0.414871216	0.424082160	0.430923581	0.435524434	0.437932104	0.438359737	0.438267589	0.435909599	0.444103926	0.460499018	0.476596773	0.492194891	0.507376790	0.522264242	0.536754251	0.550942540	0.568247795	0.587644577	0.607759953	0.628389359	0.649596214	0.671274006	0.693431973	0.711349905	0.694848299	0.675935328	0.658115983	0.641214728	0.625298381	0.609960973	0.595356464	0.561946332	0.524820924	0.487942547	0.451535046	0.415103763	0.378848135	0.342578143	0.324986398	0.318377525	0.311871588	0.305331111	0.298733056	0.292142153	0.285726249	0.280668944	0.277347594	0.273783594	0.269931585	0.265707374	0.262126088	0.258382082	0.254285991	0.250177681	0.245985121	0.241701841	0.237417832	0.232994139	0.228520811	0.224071205	0.220551133	0.218023926	0.215101451	0.211813211	0.208247036	0.204161048	0.199658155	0.194856495	0.192342952	0.194649845	0.197362795	0.200462401	0.204023525	0.208079979	0.212352484	0.217323348	0.222518176	0.225064084	0.225682557	0.226162106	0.226687685	0.227276638	0.227651760	0.227608562	0.227086544	0.226237684	0.224913597	0.223357663	0.221432388	0.219237834	0.217501193	0.221711755	0.226959825	0.233328238	0.240485758	0.248680070	0.257795274	0.267757207	0.278706968	0.283223510	0.279321849	0.274496406	0.269730687	0.264868587	0.259868145	0.254756868	0.249713987	0.242405996	0.234107271	0.225937456	0.217739522	0.209748238	0.201909587	0.194167450	0.187450573	0.187251106	0.187241778	0.187056005	0.186873138	0.186579362	0.186235189	0.186063126	0.185230091	0.184415027	0.183615834	0.182755440	0.182077929	0.181417674	0.180840239	0.178294316	0.174664080	0.170960397	0.167366147	0.163665369	0.159914881
-83.0000000	0.160954550	0.155576169	0.150801837	0.147741109	0.144597575	0.141580820	0.138584167	0.135745198	0.132950887	0.130284712	0.127738088	0.126261353	0.125100717	0.123978242	0.122847840	0.121808156	0.120823197	0.119903766	0.119099520	0.118330561	0.119114645	0.120092392	0.121003926	0.122122079	0.123338163	0.124670155	0.126188636	0.127710015	0.129237846	0.130829766	0.132046551	0.133431122	0.135076314	0.136657447	0.138444468	0.140437439	0.142502382	0.143948168	0.143928722	0.143614069	0.142544150	0.140854314	0.139263853	0.137836069	0.136467367	0.135133207	0.134087756	0.133070394	0.131972387	0.131052241	0.130420074	0.130202636	0.130235061	0.130541041	0.130794480	0.130847752	0.131181851	0.131280467	0.131021276	0.130492792	0.130022645	0.129636720	0.129278153	0.128870636	0.128566086	0.128168657	0.127823040	0.126439914	0.124982640	0.123666488	0.122136474	0.120687835	0.119199596	0.117658071	0.116076969	0.113899678	0.111342244	0.108785518	0.106260471	0.103630327	0.101018168	9.84463170E-02	9.58586335E-02	9.39319208E-02	9.29556042E-02	9.21383947E-02	9.13017616E-02	9.03787166E-02	8.96205753E-02	8.88782442E-02	8.81863236E-02	8.75159949E-02	8.70652795E-02	8.66354406E-02	8.62502456E-02	8.58924016E-02	8.54114369E-02	8.50680023E-02	8.46331194E-02	8.43119994E-02	8.37979242E-02	8.31153616E-02	8.25170428E-02	8.18251222E-02	8.10921639E-02	8.04434344E-02	7.96140060E-02	7.87024871E-02	7.77549595E-02	7.59830400E-02	7.42327273E-02	7.23671988E-02	7.04491287E-02	6.83963969E-02	6.64142445E-02	6.45163208E-02	6.25809655E-02	6.05808012E-02	5.91674410E-02	5.82026392E-02	5.71960807E-02	5.62730432E-02	5.52168004E-02	5.41987233E-02	5.32152019E-02	5.22309616E-02	5.12884781E-02	5.02408780E-02	4.96108793E-02	5.00752814E-02	5.06167226E-02	5.14504835E-02	5.22388779E-02	5.31928763E-02	5.42340018E-02	5.53406402E-02	5.64616807E-02	5.78131229E-02	5.93445599E-02	6.09976836E-02	6.24664836E-02	6.38272837E-02	6.53796121E-02	6.71608821E-02	6.90480024E-02	7.09862411E-02	7.31210485E-02	7.53861591E-02	8.23629573E-02	9.04723182E-02	9.92930457E-02	0.108933114	0.119266570	0.130263835	0.141976789	0.154225439	0.171681821	0.196440488	0.221595839	0.247285455	0.273342252	0.299756169	0.326476783	0.353335679	0.375551254	0.383410782	0.390451670	0.397091508	0.403785378	0.410662085	0.417365998	0.423936009	0.437474161	0.467187852	0.496477425	0.525679231	0.554747045	0.583976150	0.613376617	0.643155813	0.661258817	0.660265207	0.659204602	0.658263624	0.657412529	0.656805634	0.656480134	0.656530559	0.651515782	0.631986499	0.613961279	0.597493410	0.582655668	0.569854796	0.558871925	0.550021648	0.543365240	0.529892683	0.514869809	0.500245214	0.486337692	0.472720295	0.459694803	0.447040766	0.435051382	0.421894073	0.417126983	0.415388167	0.413742214	0.412024289	0.410483539	0.408920437	0.407343596	0.405786961	0.404319614	0.402832061	0.402006954	0.400948554	0.405843139	0.412189871	0.419116318	0.426209033	0.433836013	0.441673219	0.449993521	0.458655804	0.467633516	0.476979852	0.488266528	0.504033864	0.519665778	0.535203338	0.550744534	0.566259146	0.581662774	0.597086668	0.612364292	0.627690971	0.640355766	0.653022766	0.666307449	0.679992497	0.694074273	0.708627582	0.723662615	0.739126861	0.751930535	0.741725206	0.731497645	0.721378088	0.711090028	0.700711131	0.690261126	0.679636776	0.669033408	0.640965581	0.606450975	0.572073102	0.537793934	0.503488779	0.469533652	0.435544550	0.401764303	0.379157037	0.367390066	0.355633914	0.343890011	0.332186401	0.320398539	0.308309048	0.296071202	0.285561353	0.280211002	0.274643302	0.269048154	0.263211846	0.256979525	0.250775278	0.244572476	0.238296255	0.233192891	0.228031203	0.222463444	0.216617763	0.210385442	0.203732640	0.196608961	0.189169928	0.181195915	0.177027121	0.173089430	0.169220865	0.165532306	0.162064791	0.158666387	0.155430719	0.153334796	0.152486637	0.154825211	0.161341906	0.167962343	0.174614400	0.181445047	0.188113645	0.195077524	0.202128485	0.209128320	0.216029525	0.223367766	0.224872559	0.222801134	0.221239433	0.220463291	0.220316410	0.220853522	0.222049445	0.223798335	0.226224735	0.229183927	0.232503131	0.234967694	0.237217680	0.239471287	0.241398722	0.242771775	0.243871912	0.244456530	0.244729444	0.244699210	0.242697597	0.239847109	0.236412719	0.232346892	0.227820948	0.222657114	0.217112407	0.210993111	0.205082655	0.203922704	0.203094706	0.202685028	0.202383354	0.202276796	0.202509344	0.202872962	0.203405038	0.202810317	0.201805919	0.200755432	0.199867666	0.199015900	0.198128179	0.197143212	0.196251839	0.193253756	0.187733531	0.182339996	0.176878795	0.171577439	0.166183919
-84.0000000	0.157998949	0.154688403	0.151344001	0.148118392	0.146137685	0.144609824	0.142985523	0.141391426	0.139967993	0.138478339	0.137138397	0.135744482	0.134571597	0.133313045	0.132621840	0.132107764	0.131656319	0.131239429	0.130967990	0.130693674	0.130440965	0.130357444	0.130356014	0.130430877	0.130764961	0.132115677	0.133459911	0.134793356	0.136112392	0.137450874	0.138497040	0.139608726	0.140615284	0.141719028	0.142577991	0.143508956	0.144138247	0.144146159	0.144179285	0.143855289	0.143568724	0.142326728	0.140658468	0.138740391	0.136666059	0.134506077	0.132371292	0.130013272	0.127540082	0.125077680	0.122499354	0.120226316	0.119179435	0.119411275	0.120265916	0.120929040	0.121556878	0.122163117	0.122658476	0.123152405	0.123559915	0.123945855	0.124166891	0.124437600	0.124461360	0.124341838	0.124188475	0.123870961	0.123424560	0.123021357	0.122543283	0.121902488	0.121339440	0.120573357	0.118948311	0.117189363	0.115500242	0.113836318	0.112056486	0.110432170	0.108701281	0.106985524	0.105235919	0.104039282	0.103317127	0.102687836	0.101986557	0.101368085	0.100715756	0.100174323	9.94715989E-02	9.88732725E-02	9.83188748E-02	9.77111980E-02	9.71438438E-02	9.65289623E-02	9.59277526E-02	9.53445584E-02	9.48261619E-02	9.43682417E-02	9.39628780E-02	9.35942456E-02	9.31867212E-02	9.20008793E-02	9.07423347E-02	8.95060822E-02	8.81150439E-02	8.67412835E-02	8.52292851E-02	8.36899206E-02	8.20137635E-02	8.02339166E-02	7.84533694E-02	7.66281560E-02	7.49548823E-02	7.32189640E-02	7.14635998E-02	6.98839277E-02	6.82812110E-02	6.66244850E-02	6.49692044E-02	6.32829592E-02	6.15960062E-02	5.99068813E-02	5.81508055E-02	5.73868789E-02	5.68101592E-02	5.62118404E-02	5.57719208E-02	5.52491993E-02	5.47560044E-02	5.49648032E-02	5.59065640E-02	5.68821616E-02	5.78239225E-02	5.88823184E-02	6.00364767E-02	6.11071177E-02	6.23174421E-02	6.38272837E-02	6.54609650E-02	6.70334399E-02	6.85331970E-02	6.97262436E-02	7.10683241E-02	7.25767240E-02	7.42219165E-02	7.60795176E-02	7.81207159E-02	8.02569613E-02	8.26171264E-02	8.51363987E-02	8.78392905E-02	9.32796001E-02	0.102720246	0.112989604	0.123929285	0.135503992	0.147762731	0.160535499	0.173705041	0.187336072	0.201216966	0.219239280	0.238045678	0.256821841	0.275070250	0.292947143	0.310394138	0.327421427	0.344167233	0.360651612	0.372899532	0.379921705	0.386701196	0.393382818	0.399490535	0.405140430	0.410146594	0.414411128	0.417983741	0.424825907	0.437627524	0.450262070	0.462533742	0.474611759	0.486254901	0.497507751	0.508362472	0.518798172	0.528707504	0.533727348	0.535392761	0.537596643	0.540066242	0.542989373	0.546270490	0.550074220	0.554307103	0.559020936	0.564194858	0.562289774	0.551128983	0.540442109	0.530313790	0.520745754	0.511670172	0.503237545	0.496457309	0.491736233	0.488876343	0.488048375	0.489555329	0.492593020	0.496062040	0.499875844	0.503982008	0.508332968	0.513171375	0.518202007	0.523669720	0.529329598	0.542213261	0.556505263	0.571834087	0.588211238	0.604638755	0.619901299	0.635218561	0.650448024	0.665681720	0.680956542	0.696272433	0.709122241	0.716316462	0.724135578	0.732234180	0.740931034	0.749959946	0.759504914	0.769408584	0.779799640	0.790454865	0.801561534	0.795066476	0.785575449	0.777151465	0.769541025	0.762783766	0.754057467	0.745295048	0.736724854	0.728105783	0.719576597	0.686853409	0.653402150	0.620230377	0.587097347	0.554034293	0.521090627	0.488087267	0.455197692	0.422372192	0.396704167	0.383492172	0.370314717	0.357130796	0.343868434	0.330685198	0.317351490	0.304124385	0.290654629	0.277294308	0.269646496	0.264069378	0.258320868	0.252100796	0.245225534	0.238277495	0.231212154	0.224069759	0.216780484	0.209282383	0.201197520	0.193200469	0.185133606	0.177215770	0.169356242	0.161729276	0.154099435	0.146640956	0.139370397	0.132122159	0.126331195	0.126157686	0.126127437	0.126440644	0.127092242	0.128051981	0.131860793	0.136588320	0.141413763	0.146296084	0.151354790	0.156540960	0.162055448	0.168306485	0.173764080	0.178670168	0.182735279	0.186266139	0.189074159	0.191042662	0.193140700	0.194941431	0.196572229	0.197969779	0.199196637	0.200263679	0.201111838	0.202252328	0.204382792	0.206323922	0.208248481	0.210135594	0.212133601	0.213935748	0.215648651	0.217032477	0.218389675	0.219605774	0.220569119	0.221471995	0.222266167	0.222851530	0.221804634	0.220298395	0.218652487	0.217038974	0.215243995	0.213474959	0.211600065	0.209589124	0.207630724	0.205517516	0.203053683	0.200564623	0.198035285	0.195339620	0.192773536	0.189995036	0.187271282	0.184538886	0.181737363	0.178648561	0.175210565	0.171692640	0.168212160	0.164849043	0.161340475
-85.0000000	0.152580246	0.151511759	0.150329515	0.149175346	0.148127049	0.147194639	0.146252155	0.145564556	0.144912973	0.144222483	0.143655837	0.143037349	0.142672315	0.142212242	0.141725525	0.141513839	0.141152397	0.140985385	0.140963033	0.141024232	0.141172558	0.141296402	0.141457677	0.141706079	0.141790316	0.142187759	0.142439052	0.142764479	0.143216625	0.143370718	0.143101439	0.142890483	0.143035203	0.142940879	0.142795458	0.142569363	0.142187744	0.141821265	0.141330242	0.140763596	0.140143678	0.139414325	0.138541684	0.137576878	0.136542246	0.135441363	0.133673027	0.131732643	0.129592791	0.127425596	0.125610486	0.123842880	0.122207038	0.120794393	0.119472481	0.118401840	0.117356397	0.116465040	0.115817048	0.115637049	0.116622724	0.117513366	0.118405432	0.119233437	0.119965687	0.120678477	0.121347360	0.121967286	0.122531772	0.123048715	0.123558484	0.123696722	0.122921996	0.122021273	0.121055767	0.120007426	0.119144872	0.118108794	0.117115200	0.116131678	0.115095608	0.114182644	0.113069527	0.112422958	0.111909598	0.111458875	0.110933281	0.110473931	0.110000156	0.109614246	0.109183669	0.108892791	0.108367197	0.108011514	0.107623428	0.107107915	0.106783919	0.106310882	0.105842881	0.105298564	0.104795285	0.104282640	0.103717446	0.103159435	0.102456003	0.101838231	0.101010956	9.92289633E-02	9.74390432E-02	9.56973657E-02	9.40219164E-02	9.22953561E-02	9.06724781E-02	8.88775140E-02	8.72762501E-02	8.56533647E-02	8.39512795E-02	8.24580044E-02	8.09186399E-02	7.94080794E-02	7.82640055E-02	7.71026388E-02	7.61083215E-02	7.52364099E-02	7.44631216E-02	7.37625584E-02	7.32470453E-02	7.27221519E-02	7.23931193E-02	7.22109675E-02	7.20100775E-02	7.20331222E-02	7.20734447E-02	7.22721666E-02	7.25558475E-02	7.29849562E-02	7.35076815E-02	7.40448013E-02	7.45603219E-02	7.50916824E-02	7.55215213E-02	7.60248005E-02	7.64949620E-02	7.69132748E-02	7.73748010E-02	7.78464004E-02	7.82438368E-02	7.86873624E-02	7.90516809E-02	7.86031187E-02	7.78780878E-02	7.73776844E-02	7.71235228E-02	7.66972899E-02	7.66123235E-02	7.65165612E-02	7.65791982E-02	7.66836032E-02	7.68902451E-02	7.71343261E-02	7.75728077E-02	8.77600834E-02	9.88307893E-02	0.110188797	0.121756315	0.134007841	0.146864891	0.159507364	0.171984956	0.184182495	0.196320966	0.208226159	0.224174887	0.242090642	0.259651423	0.277274162	0.294718355	0.312154561	0.329599440	0.347124249	0.364803821	0.382486284	0.399929047	0.412264049	0.418288350	0.424648076	0.431059688	0.437953681	0.445016176	0.452509910	0.460280865	0.468444228	0.477171391	0.486287296	0.496039689	0.502110720	0.506615043	0.510586560	0.513851762	0.516336501	0.518274009	0.519407988	0.519804060	0.519477844	0.518323720	0.516376078	0.513537824	0.509922028	0.509201288	0.509608090	0.511156797	0.519081116	0.528495789	0.538537681	0.549069107	0.560152829	0.571783662	0.584021509	0.596716583	0.609972477	0.623710096	0.638010025	0.652836978	0.664853096	0.675989270	0.687954247	0.700434625	0.698997557	0.697342992	0.697181761	0.698479235	0.701179206	0.705233514	0.710567296	0.717207849	0.725016236	0.733981729	0.743968844	0.755082726	0.767113924	0.764095664	0.754286408	0.743570626	0.731959879	0.719543517	0.706196189	0.692156136	0.677290261	0.660011709	0.642085195	0.624399841	0.607008278	0.587507784	0.566722095	0.545640469	0.524077237	0.502286375	0.480192453	0.457715541	0.435040563	0.412232369	0.389185220	0.365952224	0.345291853	0.334331989	0.323292941	0.312285632	0.301173151	0.289963424	0.278749436	0.267360479	0.256024778	0.244606346	0.233153284	0.221713200	0.213613912	0.207643673	0.202062950	0.196972564	0.191851199	0.186676532	0.181614965	0.176503688	0.171463683	0.166561931	0.161594644	0.156605750	0.152634963	0.149732649	0.146903023	0.144377992	0.142085508	0.139995351	0.138186723	0.136674717	0.135493934	0.134475842	0.133858800	0.133451283	0.133440465	0.133878246	0.138161510	0.142795458	0.148320004	0.153424799	0.158417284	0.162943929	0.167407185	0.171532795	0.175350249	0.178858086	0.182199597	0.185142949	0.187955275	0.190355033	0.192566156	0.194366887	0.196030080	0.195635512	0.194332331	0.193297669	0.192481905	0.191765502	0.191277355	0.190863356	0.190658167	0.190604880	0.190699190	0.190878496	0.191271603	0.191702887	0.191725194	0.191325590	0.190939680	0.190376639	0.189798489	0.189052567	0.188373610	0.187482953	0.186527535	0.185552627	0.184525192	0.183394805	0.181948319	0.180251986	0.178398743	0.176514491	0.174561843	0.172469512	0.170384392	0.168225855	0.166086733	0.163717926	0.161485195	0.159423113	0.158258155	0.157077357	0.155977920	0.154822320	0.153715685
-86.0000000	0.149492159	0.149081036	0.148663431	0.148138553	0.147581279	0.147049904	0.146513507	0.146019593	0.145405442	0.144995764	0.144861132	0.144722164	0.144512638	0.144307449	0.144095749	0.143957525	0.143756643	0.143623427	0.143558636	0.143326804	0.143243998	0.143163353	0.143050328	0.142965361	0.142940149	0.142776012	0.142575845	0.142480806	0.142346144	0.142257601	0.142207921	0.142062470	0.141998410	0.141862318	0.141517431	0.140888885	0.140396401	0.139715284	0.138951361	0.138044879	0.137075752	0.136008710	0.134938791	0.133691758	0.132422403	0.130802393	0.129332870	0.127854705	0.126318231	0.124772400	0.123232320	0.121652648	0.120072246	0.119838960	0.119724482	0.119702153	0.119715847	0.119828157	0.120026872	0.120405607	0.120730318	0.121086001	0.121620961	0.122250244	0.122815438	0.123498000	0.124199271	0.125002801	0.125569433	0.125810638	0.126050398	0.126209527	0.126408234	0.126691923	0.126827985	0.126932397	0.127082169	0.127225444	0.127280876	0.127465203	0.127507672	0.127705678	0.127811536	0.127185836	0.126450717	0.125717759	0.125044554	0.124375679	0.123653516	0.122888163	0.122230075	0.121567681	0.120895930	0.120260164	0.119594879	0.118906558	0.118286654	0.117503271	0.116653681	0.116013601	0.115177676	0.114447601	0.113794558	0.113099754	0.112454638	0.111980155	0.111552484	0.110975035	0.110556737	0.110234156	0.109843925	0.109643757	0.109422728	0.108241193	0.107078403	0.105870955	0.104636885	0.103410721	0.102186002	0.101022474	9.98150408E-02	9.85312834E-02	9.73979980E-02	9.60235149E-02	9.45151225E-02	9.30477530E-02	9.17179212E-02	9.03686360E-02	8.91950503E-02	8.80272016E-02	8.69839191E-02	8.65116045E-02	8.63208026E-02	8.61976817E-02	8.61379132E-02	8.61782432E-02	8.61256868E-02	8.62768739E-02	8.64143968E-02	8.64683986E-02	8.66246372E-02	8.69097635E-02	8.68060812E-02	8.64172876E-02	8.59348774E-02	8.52854401E-02	8.44668001E-02	8.34832788E-02	8.24544057E-02	8.12433586E-02	7.99538419E-02	7.85498396E-02	7.71876052E-02	7.55762383E-02	7.39836022E-02	7.23038390E-02	7.04988018E-02	6.93180040E-02	7.10143223E-02	7.26278424E-02	7.45783225E-02	7.64748007E-02	7.85577670E-02	8.06745663E-02	8.32622424E-02	8.65763947E-02	8.97703320E-02	9.30614471E-02	9.63100865E-02	9.95479226E-02	0.102794401	0.105968162	0.123211436	0.140688002	0.158029199	0.175287589	0.192448795	0.209401920	0.226394638	0.243149057	0.259861678	0.276497275	0.292738318	0.307927430	0.322390050	0.336198956	0.345553935	0.353841126	0.361667514	0.369126707	0.375981808	0.382340878	0.388175726	0.393563509	0.398269445	0.402386427	0.406084329	0.409055769	0.411499441	0.413242579	0.414535701	0.413616240	0.413572311	0.414513350	0.416694224	0.420059502	0.424722940	0.430673033	0.437911183	0.446451843	0.456387162	0.467741519	0.480481237	0.494488806	0.510122955	0.525294721	0.529904187	0.533341467	0.533970714	0.528342426	0.523061991	0.518169582	0.513524115	0.508976638	0.504855335	0.500952959	0.497287422	0.493916392	0.490676403	0.487802863	0.485081941	0.482523859	0.480250061	0.478000104	0.478314012	0.478261441	0.477483869	0.476246923	0.474249601	0.471565425	0.468263507	0.464348167	0.459905058	0.454863608	0.449322492	0.443172246	0.436559737	0.429742068	0.422477305	0.414989293	0.407056302	0.398725182	0.390007406	0.380903751	0.371433616	0.361509830	0.351288706	0.340964615	0.330202818	0.319183201	0.308077931	0.296801299	0.285308629	0.273742557	0.268410236	0.263033986	0.257597983	0.252156973	0.246670574	0.241169766	0.235729441	0.230316490	0.224947423	0.219593525	0.214377120	0.209169358	0.204152405	0.199279442	0.194910482	0.191580459	0.188372165	0.185274005	0.182400480	0.179475829	0.176818311	0.174223453	0.171830162	0.169660792	0.167572796	0.165697202	0.163969919	0.162534222	0.161223114	0.160083354	0.160889760	0.162232548	0.163657442	0.165249377	0.167020574	0.168799683	0.170688242	0.172822312	0.174990967	0.177369848	0.179812089	0.182402641	0.185091823	0.186613917	0.186370566	0.185911208	0.185345978	0.184627429	0.183916092	0.183184549	0.182325587	0.181351438	0.180387363	0.179395184	0.178369924	0.177308634	0.176145837	0.174972236	0.173795059	0.172509119	0.171189368	0.169909924	0.168809772	0.167617455	0.166484162	0.165450230	0.164315537	0.163330555	0.162314638	0.161182076	0.160187751	0.159192711	0.158156633	0.157222092	0.156162947	0.155230552	0.154539362	0.154370889	0.154363677	0.154266477	0.154061288	0.153945357	0.153815761	0.153689772	0.153471604	0.153272867	0.153157681	0.152894884	0.152750865	0.152488798	0.152215913	0.151837915	0.151397273	0.150970310	0.150466308	0.150004789
-87.0000000	0.143341199	0.143078402	0.142814159	0.142459199	0.142182738	0.141935766	0.141664326	0.141390711	0.141096964	0.140833437	0.140616715	0.140375525	0.140136480	0.139860719	0.139651209	0.139726087	0.139849201	0.139957204	0.140081048	0.140206322	0.140273273	0.140386313	0.140489981	0.140520230	0.140680090	0.140623197	0.140680075	0.140721112	0.140785187	0.140713915	0.140742719	0.140828386	0.140688002	0.140700966	0.140615284	0.140531763	0.140543282	0.140393525	0.139842719	0.139170244	0.138719529	0.138472557	0.138168707	0.137874961	0.137581199	0.137262955	0.136907279	0.136533603	0.136113107	0.135754555	0.135323986	0.134887680	0.134488806	0.134059682	0.133575842	0.133164003	0.132663593	0.132192001	0.131646246	0.131238714	0.130715281	0.130212724	0.129769921	0.129435122	0.129195347	0.129068643	0.128954872	0.128924653	0.128851205	0.128837526	0.128977925	0.129049912	0.129111826	0.129330724	0.129510716	0.129738241	0.129925445	0.130266711	0.130642563	0.130893841	0.131279036	0.131583586	0.131877348	0.131292731	0.130831197	0.130381212	0.129844069	0.129416391	0.128965691	0.128581196	0.128117517	0.127789930	0.127374485	0.127057672	0.126648009	0.126388788	0.126066238	0.125738636	0.125544235	0.125259116	0.125036642	0.124849439	0.124606088	0.124313757	0.124019280	0.123694561	0.123287760	0.122845680	0.122469835	0.121850647	0.121401355	0.120899513	0.120235674	0.119637355	0.118937522	0.118202411	0.117406078	0.116567999	0.115778156	0.114790313	0.113887444	0.112816080	0.111697920	0.110620804	0.109581120	0.108523436	0.107552879	0.106577992	0.105729841	0.104993999	0.104949363	0.104752079	0.104648404	0.104471281	0.104500085	0.104479209	0.104425199	0.104509436	0.104508728	0.104666404	0.104682244	0.104857914	0.105045117	0.105200641	0.105371282	0.105601676	0.105886087	0.106147438	0.106470004	0.106845841	0.107215196	0.107561521	0.108071990	0.108480960	0.108867601	0.109323360	0.109552309	0.109977841	0.110192403	0.110505603	0.110859841	0.111172318	0.111309841	0.111698650	0.112150803	0.112609439	0.113142245	0.113676473	0.114294961	0.114903368	0.115585200	0.116840877	0.118888557	0.120762713	0.122754246	0.124619760	0.126432002	0.128118962	0.129647508	0.131050065	0.132119998	0.133029357	0.133647129	0.133878961	0.135452166	0.136918083	0.138524413	0.140061602	0.141474232	0.143051758	0.146473184	0.151857361	0.156856328	0.161781847	0.166394874	0.170758083	0.174844801	0.178689584	0.182179451	0.185290545	0.188111514	0.190679744	0.192829669	0.194575682	0.196022168	0.197112247	0.197812080	0.198023051	0.197936639	0.197437674	0.196535528	0.196284965	0.201929763	0.206866071	0.211170942	0.214878961	0.217823029	0.220225677	0.222132236	0.223158240	0.223693922	0.223503843	0.223616883	0.229129925	0.234088555	0.238621682	0.242771044	0.246480480	0.249751449	0.252578884	0.254990160	0.256926268	0.258590877	0.259736419	0.260519058	0.260950327	0.261033833	0.260710567	0.260035932	0.259043038	0.257677913	0.256069452	0.254193842	0.251899928	0.249719054	0.250554234	0.252210975	0.253365844	0.254317701	0.254987270	0.255386859	0.255491287	0.255368888	0.254927516	0.254338562	0.253635138	0.252682596	0.251466483	0.250219434	0.248901859	0.247454643	0.245810166	0.244321182	0.242688224	0.240560651	0.238196865	0.235856876	0.233463585	0.231047273	0.228721663	0.226447925	0.223955259	0.221722558	0.219384715	0.217090055	0.214880407	0.212576389	0.210416391	0.208101586	0.206046015	0.203961596	0.201907441	0.199823767	0.197957516	0.196951687	0.196042314	0.195122167	0.194187596	0.193443835	0.192533031	0.191684172	0.190896481	0.190016642	0.189262092	0.188582391	0.187835753	0.187137365	0.186423853	0.185765773	0.185120642	0.184517294	0.183897346	0.183255851	0.182766974	0.182190239	0.181716472	0.181499034	0.181278720	0.181164965	0.180820808	0.180536404	0.180134639	0.179717034	0.179204389	0.178458482	0.177119270	0.175724655	0.174365997	0.172971353	0.171637908	0.170197204	0.168829933	0.167510882	0.166014001	0.164682001	0.163386017	0.161967605	0.160567194	0.159212872	0.157841995	0.156435847	0.155147031	0.153745189	0.152443439	0.151072562	0.149711758	0.148967996	0.148631766	0.148263827	0.148023337	0.147648245	0.147381842	0.147174492	0.146941200	0.146674082	0.146484733	0.146273047	0.146094471	0.146034002	0.145817280	0.145658165	0.145427033	0.145323366	0.145229042	0.145056963	0.144879848	0.144557998	0.144259915	0.143913597	0.143578082
-88.0000000	0.147460312	0.147354484	0.147261590	0.147183836	0.147227019	0.147146389	0.147156462	0.147195354	0.147101745	0.147217676	0.147165850	0.147247195	0.147314161	0.147497758	0.147533044	0.147639588	0.147868559	0.147982329	0.148181051	0.148361042	0.148588553	0.148842722	0.148966566	0.149258882	0.149594411	0.149900392	0.150254622	0.150486484	0.150665030	0.150896162	0.151135206	0.151336089	0.151606783	0.151838630	0.152036637	0.152256951	0.152444884	0.152677447	0.152886972	0.153072715	0.153263509	0.153442070	0.153671756	0.153942481	0.154099420	0.154195920	0.154393211	0.154539376	0.154792070	0.154989377	0.155115366	0.155282408	0.155147761	0.155115351	0.154938236	0.154795676	0.154550150	0.154382393	0.154107362	0.153890640	0.153617755	0.153366491	0.153123841	0.152814239	0.152528390	0.152268484	0.151952401	0.151669443	0.151323125	0.151018560	0.150642723	0.150402948	0.150110647	0.149826944	0.149587199	0.149324402	0.149051517	0.148694396	0.148547500	0.148348093	0.148181751	0.147898063	0.147691429	0.147438720	0.147121921	0.146853358	0.146705031	0.146473199	0.146239191	0.146054164	0.145905122	0.145799994	0.145645201	0.145445049	0.145499751	0.145375192	0.145288795	0.145183668	0.145130396	0.144995034	0.144920871	0.144861832	0.144775435	0.144771829	0.144648001	0.144575283	0.144469440	0.144410402	0.144244090	0.144209519	0.144062638	0.143946722	0.143350556	0.142794713	0.142146707	0.141640559	0.141024232	0.140418008	0.139903918	0.139473364	0.138928309	0.138478324	0.137945518	0.137431443	0.137072176	0.136583269	0.136154860	0.135848880	0.135411844	0.135022327	0.134704798	0.134392321	0.134085596	0.133709744	0.133429676	0.133153915	0.132891849	0.132715434	0.132507354	0.132294953	0.132682323	0.133407369	0.134120151	0.134886235	0.135682553	0.136473835	0.137358010	0.138183847	0.139157996	0.140163839	0.141140163	0.142114297	0.143217355	0.144269988	0.145497605	0.146544471	0.147737518	0.148971587	0.150191277	0.151544884	0.152673125	0.153878391	0.155161440	0.156427920	0.157781512	0.158961594	0.160333917	0.161611199	0.162966967	0.164386094	0.164785683	0.164368078	0.164044082	0.163684070	0.163478866	0.163106635	0.162962645	0.162683994	0.162452161	0.162240475	0.162105128	0.161916479	0.161758810	0.161626309	0.161486641	0.161329672	0.161362067	0.161414638	0.161509663	0.161666647	0.161907122	0.162189350	0.162512645	0.162868321	0.163403273	0.164002314	0.164504156	0.165185288	0.165899500	0.166737601	0.167720392	0.168612480	0.169493034	0.170539930	0.171546489	0.172636569	0.173694238	0.174658328	0.175853521	0.176942170	0.178092718	0.179256245	0.180410400	0.181655273	0.182857677	0.184131354	0.185418725	0.186611757	0.187940881	0.189262807	0.190594092	0.191880733	0.193317845	0.194555521	0.196064636	0.197413206	0.198913679	0.200285286	0.201825351	0.203228638	0.204752892	0.206206545	0.207722157	0.209224075	0.210745439	0.210761994	0.210751191	0.210771367	0.210868567	0.210960716	0.211045682	0.211109772	0.211446702	0.212072402	0.212775111	0.213304326	0.213833526	0.214364886	0.214818478	0.215249762	0.215659440	0.216064081	0.216442809	0.216787696	0.217049032	0.217406154	0.217637271	0.217980713	0.218187362	0.218315512	0.218567535	0.218736708	0.218781367	0.219090968	0.218968555	0.218169361	0.217404723	0.216504723	0.215583831	0.214757293	0.213811204	0.212910473	0.212094009	0.211170956	0.210320637	0.209370956	0.208573207	0.207694083	0.206696153	0.205996290	0.205062479	0.204238087	0.203376248	0.202526644	0.201671273	0.200681284	0.199697033	0.198659524	0.197663769	0.196616143	0.195526093	0.194520965	0.193433776	0.192268804	0.191128314	0.190216795	0.189359277	0.188529819	0.187639192	0.186749279	0.185852900	0.184976637	0.184118405	0.183183834	0.182306156	0.181424871	0.180387363	0.179541364	0.178629115	0.177737027	0.176765040	0.175842002	0.174889430	0.173988730	0.173034728	0.172059119	0.171123847	0.170105755	0.169146717	0.168269038	0.167261049	0.166336551	0.165331438	0.164484710	0.163542956	0.162586793	0.161540627	0.160995588	0.160482958	0.159912720	0.159433201	0.158888891	0.158461928	0.157968000	0.157423690	0.156980887	0.156468242	0.155963510	0.155556709	0.155072868	0.154542938	0.154113829	0.153634325	0.153168470	0.152729988	0.152236074	0.151819199	0.151367038	0.150927112	0.150507376	0.150099114	0.149710312	0.149355352	0.148985282	0.148579925	0.148201197	0.147897378	0.147689283	0.147626653	0.147542402
-89.0000000	0.164528638	0.164494798	0.164683431	0.164767683	0.164818078	0.164977208	0.165028319	0.165121928	0.165247902	0.165342242	0.165499941	0.165708005	0.165875047	0.165957838	0.166127771	0.166285440	0.166466147	0.166759193	0.166928396	0.167114139	0.167280480	0.167458326	0.167671427	0.167940721	0.168214306	0.168382809	0.168716893	0.168873847	0.169094145	0.169364884	0.169603929	0.169878229	0.170128077	0.170370698	0.170622721	0.170862481	0.171176404	0.171449274	0.171761036	0.171994314	0.172373757	0.172676876	0.172959849	0.173198864	0.173556715	0.173902333	0.174195349	0.174561128	0.174823195	0.175169513	0.175482720	0.175765678	0.176218554	0.176459044	0.176806793	0.177193448	0.177571431	0.177904785	0.178187758	0.178504556	0.178920731	0.179287180	0.179623425	0.179979101	0.180333361	0.180702716	0.181079283	0.181540072	0.181846082	0.182211846	0.182578325	0.183016792	0.183372468	0.183742568	0.184119835	0.184466168	0.184913993	0.185273275	0.185627520	0.186096966	0.186316565	0.185772970	0.185333744	0.184936315	0.184419364	0.183993116	0.183530867	0.183082327	0.182610005	0.182263672	0.181823775	0.181302503	0.180965513	0.180555835	0.180190802	0.179800555	0.179380804	0.179035202	0.178575829	0.178312317	0.178042307	0.177745670	0.177433208	0.177130073	0.176815435	0.176626071	0.176333755	0.176061586	0.175942793	0.175786555	0.175568387	0.175461844	0.175359607	0.175264552	0.175147191	0.175083101	0.175053611	0.175034150	0.175056487	0.175084561	0.175076634	0.175147921	0.175246567	0.175284714	0.175474808	0.175654083	0.175811037	0.176011205	0.176273286	0.176492885	0.176742002	0.177035764	0.177318007	0.177645609	0.177935034	0.178291425	0.178742170	0.179215178	0.179656550	0.180025190	0.180503979	0.181028873	0.181498319	0.181990802	0.182586953	0.183163673	0.183751181	0.184345931	0.185005441	0.185596570	0.186222956	0.186884642	0.187523276	0.188151836	0.188927993	0.189504012	0.190134019	0.190648094	0.191234156	0.191790000	0.192417130	0.193035603	0.193600804	0.194261044	0.194939986	0.195562080	0.196168303	0.196586639	0.196954563	0.197340459	0.197709113	0.197971910	0.198369354	0.198858947	0.199143350	0.199521363	0.200096637	0.200435057	0.200821683	0.201279610	0.201774240	0.202245116	0.202695832	0.203208476	0.203760713	0.204253912	0.204791754	0.205387905	0.205972567	0.206572309	0.207155526	0.207670331	0.207994327	0.208361521	0.208645195	0.208918080	0.209141269	0.209463835	0.209726632	0.209958464	0.210217699	0.210405603	0.210645348	0.210876480	0.211160168	0.211253762	0.211414322	0.211579934	0.211705923	0.211937040	0.211998239	0.212093279	0.212240160	0.212311432	0.212387055	0.212480649	0.212554082	0.212617442	0.212637603	0.212626085	0.212669998	0.212649122	0.212672159	0.212650552	0.212618157	0.212546140	0.212524563	0.212438151	0.212353930	0.212313607	0.212117046	0.212041438	0.211916164	0.211831927	0.211686462	0.211286888	0.211080983	0.210790798	0.210436553	0.210226312	0.209976494	0.209725916	0.209411293	0.209171534	0.208836004	0.208645940	0.208344251	0.208121747	0.207887769	0.207609847	0.207210958	0.207055449	0.206801295	0.206487358	0.206246883	0.206036627	0.205724150	0.205491602	0.205218717	0.204945847	0.204685926	0.204381362	0.204121441	0.203830555	0.203566313	0.203197673	0.202730402	0.202215597	0.201638162	0.201156467	0.200663283	0.200021759	0.199446484	0.198902860	0.198264241	0.197750896	0.197187841	0.196608245	0.195896879	0.195361927	0.194796711	0.194269687	0.193587825	0.192983761	0.192386150	0.191692069	0.191053435	0.190501913	0.189869761	0.189175680	0.188559353	0.188037366	0.187379986	0.186896160	0.186266139	0.185691595	0.185173914	0.184587836	0.184055030	0.183437988	0.182998076	0.182491168	0.182030395	0.181508392	0.181007281	0.180523440	0.179958969	0.179498151	0.179047436	0.178588077	0.178053126	0.177508086	0.177142322	0.176691607	0.176250219	0.175737604	0.175339431	0.174929023	0.174511433	0.174122632	0.173705757	0.173309043	0.172877774	0.172572494	0.172137618	0.171828002	0.171473756	0.171105117	0.170789048	0.170465752	0.170110077	0.169827834	0.169575110	0.169189200	0.168925673	0.168579355	0.168382064	0.168037191	0.167827681	0.167587206	0.167304948	0.167093277	0.166851372	0.166714549	0.166528091	0.166244417	0.166010410	0.165874317	0.165655434	0.165528715	0.165416405	0.165290385	0.165132001	0.165020406	0.164849758	0.164693519	0.164619341	0.164546639	0.164515689	0.164442241
-90.0000000	0.191828862	0.191828862	0.191828862	0.191828862	0.191828862	0.191828862	0.191828862	0.191828862	0.191828862	0.191828862	0.191828862	0.191828862	0.191828862	0.191828862	0.191828862	0.191828862	0.191828862	0.191828862	0.191828862	0.191828862	0.191828862	0.191828862	0.191828862	0.191828862	0.191828862	0.191828862	0.191828862	0.191828862	0.191828862	0.191828862	0.191828862	0.191828862	0.191828862	0.191828862	0.191828862	0.191828862	0.191828862	0.191828862	0.191828862	0.191828862	0.191828862	0.191828862	0.191828862	0.191828862	0.191828862	0.191828862	0.191828862	0.191828862	0.191828862	0.191828862	0.191828862	0.191828862	0.191828862	0.191828862	0.191828862	0.191828862	0.191828862	0.191828862	0.191828862	0.191828862	0.191828862	0.191828862	0.191828862	0.191828862	0.191828862	0.191828862	0.191828862	0.191828862	0.191828862	0.191828862	0.191828862	0.191828862	0.191828862	0.191828862	0.191828862	0.191828862	0.191828862	0.191828862	0.191828862	0.191828862	0.191828862	0.191828862	0.191828862	0.191828862	0.191828862	0.191828862	0.191828862	0.191828862	0.191828862	0.191828862	0.191828862	0.191828862	0.191828862	0.191828862	0.191828862	0.191828862	0.191828862	0.191828862	0.191828862	0.191828862	0.191828862	0.191828862	0.191828862	0.191828862	0.191828862	0.191828862	0.191828862	0.191828862	0.191828862	0.191828862	0.191828862	0.191828862	0.191828862	0.191828862	0.191828862	0.191828862	0.191828862	0.191828862	0.191828862	0.191828862	0.191828862	0.191828862	0.191828862	0.191828862	0.191828862	0.191828862	0.191828862	0.191828862	0.191828862	0.191828862	0.191828862	0.191828862	0.191828862	0.191828862	0.191828862	0.191828862	0.191828862	0.191828862	0.191828862	0.191828862	0.191828862	0.191828862	0.191828862	0.191828862	0.191828862	0.191828862	0.191828862	0.191828862	0.191828862	0.191828862	0.191828862	0.191828862	0.191828862	0.191828862	0.191828862	0.191828862	0.191828862	0.191828862	0.191828862	0.191828862	0.191828862	0.191828862	0.191828862	0.191828862	0.191828862	0.191828862	0.191828862	0.191828862	0.191828862	0.191828862	0.191828862	0.191828862	0.191828862	0.191828862	0.191828862	0.191828862	0.191828862	0.191828862	0.191828862	0.191828862	0.191828862	0.191828862	0.191828862	0.191828862	0.191828862	0.191828862	0.191828862	0.191828862	0.191828862	0.191828862	0.191828862	0.191828862	0.191828862	0.191828862	0.191828862	0.191828862	0.191828862	0.191828862	0.191828862	0.191828862	0.191828862	0.191828862	0.191828862	0.191828862	0.191828862	0.191828862	0.191828862	0.191828862	0.191828862	0.191828862	0.191828862	0.191828862	0.191828862	0.191828862	0.191828862	0.191828862	0.191828862	0.191828862	0.191828862	0.191828862	0.191828862	0.191828862	0.191828862	0.191828862	0.191828862	0.191828862	0.191828862	0.191828862	0.191828862	0.191828862	0.191828862	0.191828862	0.191828862	0.191828862	0.191828862	0.191828862	0.191828862	0.191828862	0.191828862	0.191828862	0.191828862	0.191828862	0.191828862	0.191828862	0.191828862	0.191828862	0.191828862	0.191828862	0.191828862	0.191828862	0.191828862	0.191828862	0.191828862	0.191828862	0.191828862	0.191828862	0.191828862	0.191828862	0.191828862	0.191828862	0.191828862	0.191828862	0.191828862	0.191828862	0.191828862	0.191828862	0.191828862	0.191828862	0.191828862	0.191828862	0.191828862	0.191828862	0.191828862	0.191828862	0.191828862	0.191828862	0.191828862	0.191828862	0.191828862	0.191828862	0.191828862	0.191828862	0.191828862	0.191828862	0.191828862	0.191828862	0.191828862	0.191828862	0.191828862	0.191828862	0.191828862	0.191828862	0.191828862	0.191828862	0.191828862	0.191828862	0.191828862	0.191828862	0.191828862	0.191828862	0.191828862	0.191828862	0.191828862	0.191828862	0.191828862	0.191828862	0.191828862	0.191828862	0.191828862	0.191828862	0.191828862	0.191828862	0.191828862	0.191828862	0.191828862	0.191828862	0.191828862	0.191828862	0.191828862	0.191828862	0.191828862	0.191828862	0.191828862	0.191828862	0.191828862	0.191828862	0.191828862	0.191828862	0.191828862	0.191828862	0.191828862	0.191828862	0.191828862	0.191828862	0.191828862	0.191828862	0.191828862	0.191828862	0.191828862	0.191828862	0.191828862	0.191828862	0.191828862	0.191828862	0.191828862	0.191828862	0.191828862	0.191828862	0.191828862	0.191828862	0.191828862	0.191828862	0.191828862	0.191828862	0.191828862	0.191828862	0.191828862	0.191828862	0.191828862	0.191828862
