xmlns:cpt=http://iri.columbia.edu/CPT/v10/
cpt:nfields=1
cpt:field=precip, cpt:T=2026-01/03, cpt:S=2025-12-01, cpt:nrow=181, cpt:ncol=360, cpt:row=Y, cpt:col=X, cpt:units=millimeters per day, cpt:missing=-999.00000000000000               
	0.00000000	1.00000000	2.00000000	3.00000000	4.00000000	5.00000000	6.00000000	7.00000000	8.00000000	9.00000000	10.0000000	11.0000000	12.0000000	13.0000000	14.0000000	15.0000000	16.0000000	17.0000000	18.0000000	19.0000000	20.0000000	21.0000000	22.0000000	23.0000000	24.0000000	25.0000000	26.0000000	27.0000000	28.0000000	29.0000000	30.0000000	31.0000000	32.0000000	33.0000000	34.0000000	35.0000000	36.0000000	37.0000000	38.0000000	39.0000000	40.0000000	41.0000000	42.0000000	43.0000000	44.0000000	45.0000000	46.0000000	47.0000000	48.0000000	49.0000000	50.0000000	51.0000000	52.0000000	53.0000000	54.0000000	55.0000000	56.0000000	57.0000000	58.0000000	59.0000000	60.0000000	61.0000000	62.0000000	63.0000000	64.0000000	65.0000000	66.0000000	67.0000000	68.0000000	69.0000000	70.0000000	71.0000000	72.0000000	73.0000000	74.0000000	75.0000000	76.0000000	77.0000000	78.0000000	79.0000000	80.0000000	81.0000000	82.0000000	83.0000000	84.0000000	85.0000000	86.0000000	87.0000000	88.0000000	89.0000000	90.0000000	91.0000000	92.0000000	93.0000000	94.0000000	95.0000000	96.0000000	97.0000000	98.0000000	99.0000000	100.000000	101.000000	102.000000	103.000000	104.000000	105.000000	106.000000	107.000000	108.000000	109.000000	110.000000	111.000000	112.000000	113.000000	114.000000	115.000000	116.000000	117.000000	118.000000	119.000000	120.000000	121.000000	122.000000	123.000000	124.000000	125.000000	126.000000	127.000000	128.000000	129.000000	130.000000	131.000000	132.000000	133.000000	134.000000	135.000000	136.000000	137.000000	138.000000	139.000000	140.000000	141.000000	142.000000	143.000000	144.000000	145.000000	146.000000	147.000000	148.000000	149.000000	150.000000	151.000000	152.000000	153.000000	154.000000	155.000000	156.000000	157.000000	158.000000	159.000000	160.000000	161.000000	162.000000	163.000000	164.000000	165.000000	166.000000	167.000000	168.000000	169.000000	170.000000	171.000000	172.000000	173.000000	174.000000	175.000000	176.000000	177.000000	178.000000	179.000000	180.000000	181.000000	182.000000	183.000000	184.000000	185.000000	186.000000	187.000000	188.000000	189.000000	190.000000	191.000000	192.000000	193.000000	194.000000	195.000000	196.000000	197.000000	198.000000	199.000000	200.000000	201.000000	202.000000	203.000000	204.000000	205.000000	206.000000	207.000000	208.000000	209.000000	210.000000	211.000000	212.000000	213.000000	214.000000	215.000000	216.000000	217.000000	218.000000	219.000000	220.000000	221.000000	222.000000	223.000000	224.000000	225.000000	226.000000	227.000000	228.000000	229.000000	230.000000	231.000000	232.000000	233.000000	234.000000	235.000000	236.000000	237.000000	238.000000	239.000000	240.000000	241.000000	242.000000	243.000000	244.000000	245.000000	246.000000	247.000000	248.000000	249.000000	250.000000	251.000000	252.000000	253.000000	254.000000	255.000000	256.000000	257.000000	258.000000	259.000000	260.000000	261.000000	262.000000	263.000000	264.000000	265.000000	266.000000	267.000000	268.000000	269.000000	270.000000	271.000000	272.000000	273.000000	274.000000	275.000000	276.000000	277.000000	278.000000	279.000000	280.000000	281.000000	282.000000	283.000000	284.000000	285.000000	286.000000	287.000000	288.000000	289.000000	290.000000	291.000000	292.000000	293.000000	294.000000	295.000000	296.000000	297.000000	298.000000	299.000000	300.000000	301.000000	302.000000	303.000000	304.000000	305.000000	306.000000	307.000000	308.000000	309.000000	310.000000	311.000000	312.000000	313.000000	314.000000	315.000000	316.000000	317.000000	318.000000	319.000000	320.000000	321.000000	322.000000	323.000000	324.000000	325.000000	326.000000	327.000000	328.000000	329.000000	330.000000	331.000000	332.000000	333.000000	334.000000	335.000000	336.000000	337.000000	338.000000	339.000000	340.000000	341.000000	342.000000	343.000000	344.000000	345.000000	346.000000	347.000000	348.000000	349.000000	350.000000	351.000000	352.000000	353.000000	354.000000	355.000000	356.000000	357.000000	358.000000	359.000000
90.0000000	1.61022997	1.61026931	1.61045849	1.61060441	1.61069596	1.61090529	1.61085153	1.61038196	1.61010933	1.61010146	1.60987997	1.61009645	1.61032033	1.61046124	1.61046124	1.61029398	1.61017323	1.61026835	1.61037660	1.61043763	1.61053348	1.61052608	1.61067998	1.61074233	1.61079550	1.61125720	1.61083829	1.61076736	1.61076021	1.61070848	1.61068082	1.61072052	1.61063504	1.61060250	1.61062539	1.61053026	1.61059701	1.61062121	1.61076450	1.61100197	1.61112356	1.61103606	1.61088073	1.61068761	1.61064172	1.61108363	1.61199594	1.61225903	1.61222446	1.61217928	1.61234593	1.61232674	1.61240840	1.61246991	1.61247838	1.61249053	1.61242700	1.61246014	1.61255682	1.61267781	1.61277878	1.61284387	1.61291957	1.61296463	1.61289954	1.61260724	1.61268425	1.61281550	1.61281657	1.61269224	1.61263800	1.61263084	1.61254549	1.61262059	1.61275792	1.61252296	1.61263454	1.61267161	1.61262560	1.61252725	1.61244547	1.61278462	1.61281776	1.61264479	1.61235416	1.61202288	1.61156034	1.61127186	1.61125815	1.61149454	1.61183059	1.61185157	1.61181808	1.61181593	1.61178017	1.61149561	1.61176407	1.61179876	1.61176956	1.61177790	1.61185765	1.61180770	1.61188054	1.61194789	1.61197472	1.61201847	1.61225379	1.61228120	1.61240554	1.61255157	1.61226463	1.61169565	1.61179209	1.61202621	1.61208951	1.61189127	1.61194825	1.61186171	1.61172414	1.61159742	1.61151230	1.61177516	1.61190772	1.61194766	1.61189723	1.61172330	1.61180329	1.61173904	1.61164439	1.61156940	1.61150002	1.61156559	1.61156797	1.61159194	1.61156058	1.61123598	1.61135077	1.61130428	1.61145508	1.61182857	1.61211753	1.61213565	1.61222887	1.61240780	1.61261463	1.61272407	1.61260045	1.61273813	1.61260331	1.61229968	1.61256778	1.61229622	1.61231673	1.61249816	1.61270988	1.61282289	1.61280274	1.61286664	1.61281800	1.61260486	1.61231959	1.61247826	1.61250424	1.61240935	1.61229563	1.61235762	1.61246932	1.61268592	1.61286521	1.61290848	1.61276066	1.61295784	1.61302578	1.61307061	1.61319172	1.61348200	1.61344981	1.61340606	1.61345911	1.61356640	1.61353624	1.61327088	1.61318517	1.61312735	1.61311638	1.61334217	1.61294568	1.61254120	1.61229801	1.61222935	1.61219227	1.61275589	1.61282933	1.61269188	1.61270440	1.61331069	1.61301410	1.61280560	1.61294711	1.61317194	1.61268425	1.61268210	1.61246216	1.61251295	1.61275613	1.61254537	1.61275792	1.61270261	1.61267614	1.61266947	1.61236870	1.61250961	1.61264551	1.61252618	1.61229670	1.61249685	1.61264431	1.61268294	1.61255527	1.61247170	1.61291027	1.61286724	1.61267543	1.61256123	1.61259544	1.61269343	1.61286187	1.61293125	1.61289620	1.61278951	1.61268210	1.61249864	1.61264384	1.61268198	1.61253977	1.61250520	1.61291397	1.61297548	1.61313438	1.61350346	1.61386454	1.61355007	1.61340773	1.61334097	1.61336350	1.61359894	1.61326373	1.61315191	1.61314404	1.61321890	1.61345160	1.61364532	1.61376560	1.61357391	1.61333132	1.61379862	1.61396861	1.61382723	1.61381531	1.61395717	1.61386192	1.61429226	1.61436141	1.61422682	1.61401558	1.61382580	1.61359191	1.61322117	1.61318707	1.61337125	1.61306429	1.61292589	1.61289012	1.61281908	1.61265230	1.61240685	1.61284029	1.61304760	1.61312497	1.61326694	1.61376727	1.61369479	1.61361611	1.61364245	1.61370313	1.61354518	1.61364341	1.61357129	1.61336124	1.61309409	1.61290073	1.61324501	1.61335063	1.61328149	1.61317492	1.61324358	1.61298442	1.61276996	1.61247528	1.61208248	1.61168110	1.61186075	1.61201167	1.61199689	1.61184704	1.61176062	1.61158407	1.61157548	1.61152983	1.61144519	1.61152375	1.61166346	1.61167943	1.61161339	1.61152196	1.61147702	1.61154664	1.61160445	1.61167133	1.61169815	1.61156642	1.61178446	1.61189783	1.61177480	1.61160195	1.61188555	1.61172903	1.61138666	1.61132765	1.61152732	1.61146522	1.61148989	1.61153007	1.61146891	1.61134183	1.61133516	1.61099315	1.61102569	1.61108649	1.61110651	1.61129475	1.61092436	1.61093485	1.61104202	1.61111438	1.61117399	1.61095369	1.61084330	1.61082864	1.61090934	1.61110008	1.61098814	1.61077166	1.61070323	1.61079443	1.61081707	1.61090231	1.61079979	1.61065388	1.61065388
89.0000000	1.61022997	1.61026931	1.61045849	1.61060441	1.61069596	1.61090529	1.61085153	1.61038196	1.61010933	1.61010146	1.60987997	1.61009645	1.61032033	1.61046124	1.61046124	1.61029398	1.61017323	1.61026835	1.61037660	1.61043763	1.61053348	1.61052608	1.61067998	1.61074233	1.61079550	1.61125720	1.61083829	1.61076736	1.61076021	1.61070848	1.61068082	1.61072052	1.61063504	1.61060250	1.61062539	1.61053026	1.61059701	1.61062121	1.61076450	1.61100197	1.61112356	1.61103606	1.61088073	1.61068761	1.61064172	1.61108363	1.61199594	1.61225903	1.61222446	1.61217928	1.61234593	1.61232674	1.61240840	1.61246991	1.61247838	1.61249053	1.61242700	1.61246014	1.61255682	1.61267781	1.61277878	1.61284387	1.61291957	1.61296463	1.61289954	1.61260724	1.61268425	1.61281550	1.61281657	1.61269224	1.61263800	1.61263084	1.61254549	1.61262059	1.61275792	1.61252296	1.61263454	1.61267161	1.61262560	1.61252725	1.61244547	1.61278462	1.61281776	1.61264479	1.61235416	1.61202288	1.61156034	1.61127186	1.61125815	1.61149454	1.61183059	1.61185157	1.61181808	1.61181593	1.61178017	1.61149561	1.61176407	1.61179876	1.61176956	1.61177790	1.61185765	1.61180770	1.61188054	1.61194789	1.61197472	1.61201847	1.61225379	1.61228120	1.61240554	1.61255157	1.61226463	1.61169565	1.61179209	1.61202621	1.61208951	1.61189127	1.61194825	1.61186171	1.61172414	1.61159742	1.61151230	1.61177516	1.61190772	1.61194766	1.61189723	1.61172330	1.61180329	1.61173904	1.61164439	1.61156940	1.61150002	1.61156559	1.61156797	1.61159194	1.61156058	1.61123598	1.61135077	1.61130428	1.61145508	1.61182857	1.61211753	1.61213565	1.61222887	1.61240780	1.61261463	1.61272407	1.61260045	1.61273813	1.61260331	1.61229968	1.61256778	1.61229622	1.61231673	1.61249816	1.61270988	1.61282289	1.61280274	1.61286664	1.61281800	1.61260486	1.61231959	1.61247826	1.61250424	1.61240935	1.61229563	1.61235762	1.61246932	1.61268592	1.61286521	1.61290848	1.61276066	1.61295784	1.61302578	1.61307061	1.61319172	1.61348200	1.61344981	1.61340606	1.61345911	1.61356640	1.61353624	1.61327088	1.61318517	1.61312735	1.61311638	1.61334217	1.61294568	1.61254120	1.61229801	1.61222935	1.61219227	1.61275589	1.61282933	1.61269188	1.61270440	1.61331069	1.61301410	1.61280560	1.61294711	1.61317194	1.61268425	1.61268210	1.61246216	1.61251295	1.61275613	1.61254537	1.61275792	1.61270261	1.61267614	1.61266947	1.61236870	1.61250961	1.61264551	1.61252618	1.61229670	1.61249685	1.61264431	1.61268294	1.61255527	1.61247170	1.61291027	1.61286724	1.61267543	1.61256123	1.61259544	1.61269343	1.61286187	1.61293125	1.61289620	1.61278951	1.61268210	1.61249864	1.61264384	1.61268198	1.61253977	1.61250520	1.61291397	1.61297548	1.61313438	1.61350346	1.61386454	1.61355007	1.61340773	1.61334097	1.61336350	1.61359894	1.61326373	1.61315191	1.61314404	1.61321890	1.61345160	1.61364532	1.61376560	1.61357391	1.61333132	1.61379862	1.61396861	1.61382723	1.61381531	1.61395717	1.61386192	1.61429226	1.61436141	1.61422682	1.61401558	1.61382580	1.61359191	1.61322117	1.61318707	1.61337125	1.61306429	1.61292589	1.61289012	1.61281908	1.61265230	1.61240685	1.61284029	1.61304760	1.61312497	1.61326694	1.61376727	1.61369479	1.61361611	1.61364245	1.61370313	1.61354518	1.61364341	1.61357129	1.61336124	1.61309409	1.61290073	1.61324501	1.61335063	1.61328149	1.61317492	1.61324358	1.61298442	1.61276996	1.61247528	1.61208248	1.61168110	1.61186075	1.61201167	1.61199689	1.61184704	1.61176062	1.61158407	1.61157548	1.61152983	1.61144519	1.61152375	1.61166346	1.61167943	1.61161339	1.61152196	1.61147702	1.61154664	1.61160445	1.61167133	1.61169815	1.61156642	1.61178446	1.61189783	1.61177480	1.61160195	1.61188555	1.61172903	1.61138666	1.61132765	1.61152732	1.61146522	1.61148989	1.61153007	1.61146891	1.61134183	1.61133516	1.61099315	1.61102569	1.61108649	1.61110651	1.61129475	1.61092436	1.61093485	1.61104202	1.61111438	1.61117399	1.61095369	1.61084330	1.61082864	1.61090934	1.61110008	1.61098814	1.61077166	1.61070323	1.61079443	1.61081707	1.61090231	1.61079979	1.61065388	1.61065388
88.0000000	1.93667865	1.94337404	1.95167041	1.95914626	1.96527278	1.97141409	1.97656333	1.97914219	1.98121095	1.98297524	1.98278403	1.98707044	1.99151397	1.99354231	1.99330378	1.99367034	1.99036789	1.98958516	1.98814642	1.98607922	1.98661458	1.98890793	1.98826241	1.98621535	1.98342526	1.97967315	1.97795653	1.97561586	1.97319615	1.96985626	1.96337032	1.95547903	1.94993794	1.94677150	1.94327033	1.93399167	1.93224466	1.93504620	1.93624616	1.93500543	1.93579459	1.93125892	1.92505050	1.92117357	1.92183805	1.92745972	1.92698050	1.92611849	1.92612326	1.92702246	1.92762268	1.92509449	1.92603946	1.92559671	1.92295575	1.92135620	1.92172205	1.92367673	1.92553616	1.92646122	1.92645943	1.92357945	1.92505550	1.92770576	1.92889225	1.92652130	1.92533731	1.92636073	1.92624485	1.92387903	1.92038894	1.92402756	1.92401445	1.92060924	1.91630208	1.91581631	1.92076457	1.92133296	1.92224276	1.92381465	1.92196691	1.92105603	1.92240930	1.92424965	1.92606616	1.92861366	1.92533541	1.92534614	1.92753303	1.92935336	1.92683578	1.92897034	1.92884040	1.92732239	1.92573500	1.92583716	1.93297541	1.93340111	1.93257833	1.93203044	1.92933929	1.93285000	1.93316758	1.93240476	1.93114960	1.92846715	1.92906749	1.93067110	1.92992961	1.92660105	1.92354870	1.92047274	1.91952372	1.91851926	1.91668749	1.91466737	1.91588974	1.91387594	1.91173756	1.91123962	1.91280019	1.91419733	1.91502035	1.91708767	1.91979587	1.92012012	1.91559482	1.91290224	1.91162658	1.91089642	1.90938604	1.90921044	1.90873897	1.90976870	1.91112387	1.90865433	1.90558577	1.90379512	1.90204632	1.89951968	1.89581227	1.89200413	1.88958800	1.88526690	1.88025129	1.88025784	1.88103771	1.88008320	1.87944245	1.87869382	1.87494588	1.87561035	1.86983645	1.86380661	1.86068618	1.86062276	1.85534441	1.85343409	1.85179365	1.84817553	1.84118485	1.83790720	1.83570147	1.83324790	1.82863498	1.81935978	1.81567526	1.81112933	1.80645609	1.80117691	1.79360163	1.79167402	1.78678322	1.78174078	1.77847636	1.77803636	1.77102482	1.76938629	1.76712859	1.76374662	1.76422238	1.75874829	1.75974393	1.76090729	1.76009524	1.75932348	1.76119184	1.75882828	1.75778353	1.76008904	1.76425862	1.76673722	1.76739860	1.76570296	1.76367402	1.76589859	1.76551783	1.76484108	1.76525819	1.76762307	1.77225339	1.77207220	1.77194762	1.77112973	1.76927328	1.76643860	1.76744890	1.76437795	1.76147544	1.75993550	1.75789666	1.75943804	1.75939202	1.75652778	1.75168014	1.74775028	1.74736059	1.74615490	1.74626708	1.74754059	1.74752891	1.74824214	1.74266708	1.73829079	1.73640013	1.73208106	1.72748876	1.72638869	1.72476959	1.72300458	1.72585118	1.72059810	1.71845865	1.71647274	1.71394408	1.71244085	1.70815849	1.70450211	1.69959569	1.69262612	1.68384242	1.67778778	1.66962361	1.66277790	1.65935993	1.66015804	1.65558255	1.64865577	1.64167571	1.63513172	1.62770331	1.62442994	1.61945999	1.61543620	1.61241651	1.60787463	1.60112774	1.59727836	1.59411240	1.59155893	1.59169257	1.59263432	1.59136760	1.58823383	1.58388281	1.57927299	1.57869804	1.57843566	1.57588375	1.57201099	1.57135892	1.57101166	1.56607389	1.55978298	1.55432200	1.55081999	1.55227292	1.55442584	1.55519676	1.55351329	1.54931295	1.54839277	1.54890621	1.54806936	1.54560471	1.54374146	1.54214096	1.54145992	1.54096127	1.54078507	1.54194725	1.54135048	1.54250765	1.54407382	1.54527211	1.54589534	1.54359353	1.54320717	1.54430950	1.54621732	1.54799151	1.55019677	1.55021334	1.55179596	1.55540133	1.55818808	1.56029284	1.56664479	1.57278991	1.57548654	1.57270467	1.57726347	1.58207488	1.58839369	1.59497237	1.59806108	1.60630977	1.61354327	1.62349164	1.63500905	1.64207447	1.65118754	1.65696311	1.66011810	1.66286862	1.66892993	1.68113244	1.68807924	1.69498670	1.70326066	1.71049607	1.72098649	1.72920811	1.73445332	1.73803592	1.74329138	1.75350225	1.76301312	1.77103198	1.77844167	1.78780043	1.79960847	1.80642414	1.81294966	1.82151258	1.83206582	1.84049320	1.84903479	1.85810232	1.86780691	1.87795770	1.88073170	1.88684428	1.89460170	1.90213954	1.90742362	1.91338110	1.91761661	1.92619848	1.93632519
87.0000000	1.87905824	1.88587892	1.89004397	1.89489067	1.90180218	1.91020989	1.90892112	1.90751171	1.90466368	1.90307856	1.90947783	1.91199696	1.91681492	1.92191195	1.92774987	1.93727326	1.93987763	1.94082558	1.94342434	1.94711697	1.94748437	1.95039070	1.94978595	1.95013869	1.95231545	1.95357919	1.95292556	1.95361364	1.95288539	1.95040643	1.94826567	1.95203257	1.95109510	1.94963384	1.94908631	1.94814670	1.95325649	1.95360482	1.95450056	1.95747960	1.96030533	1.95584702	1.95230377	1.95231438	1.95629990	1.96246576	1.96311641	1.96616387	1.96935976	1.97090232	1.96943569	1.97032022	1.97559416	1.97715855	1.97397125	1.97204590	1.97399533	1.97695804	1.97791016	1.97685957	1.97684658	1.98226666	1.98739219	1.98824751	1.98756826	1.99480045	1.99682724	2.00097108	2.00347328	2.00631547	2.01722312	2.02000380	2.02282238	2.02344513	2.02233219	2.02263880	2.02433991	2.02769852	2.03076410	2.03332090	2.03688765	2.03611302	2.04276395	2.04605079	2.04446149	2.04576063	2.04799080	2.05195570	2.05350947	2.05281043	2.05432296	2.05648661	2.05719519	2.05399561	2.04955435	2.05165911	2.05177760	2.05094600	2.04781032	2.04162645	2.03225923	2.03009224	2.02382946	2.01784968	2.01346493	2.00892138	2.00498724	2.00327086	1.99944699	1.99250042	1.98472393	1.98131621	1.97465587	1.96834016	1.96416271	1.96211267	1.95865500	1.95519137	1.95520008	1.95738947	1.95569849	1.95718050	1.96151280	1.96149528	1.95737553	1.95684755	1.95537376	1.95507979	1.95143688	1.94599700	1.94639206	1.94277382	1.94084120	1.93715978	1.93267345	1.93270421	1.92868841	1.92774177	1.92267883	1.91293132	1.90454471	1.89860058	1.89101183	1.88331759	1.87636876	1.87032712	1.86049020	1.85244179	1.84465015	1.83558559	1.82372034	1.82213509	1.81580067	1.81085527	1.80735588	1.79927981	1.79084754	1.78289425	1.77806652	1.77501082	1.76837420	1.76222539	1.76054263	1.75865304	1.75552785	1.75378406	1.74835372	1.74285817	1.73846996	1.73530710	1.73243248	1.73377907	1.73050439	1.72694087	1.72537434	1.72604442	1.72236192	1.72170889	1.71818328	1.71227467	1.71086359	1.71182346	1.70815241	1.70337749	1.70018053	1.70039916	1.69992995	1.69647324	1.69254053	1.68969870	1.68857002	1.68782008	1.68951511	1.68983185	1.68914509	1.69202936	1.69196475	1.69138241	1.69243205	1.69567311	1.70007527	1.70013463	1.70297754	1.70290768	1.70154786	1.70783901	1.71453857	1.71615887	1.71434426	1.71127379	1.70966232	1.71033645	1.71192789	1.71415591	1.71637142	1.71755695	1.72045970	1.72288525	1.72395372	1.72389579	1.72405231	1.72637987	1.72681570	1.72733474	1.72723138	1.72312021	1.72280824	1.71897423	1.71780610	1.71841741	1.71284771	1.70737576	1.70473003	1.70257843	1.70012212	1.69809568	1.69499385	1.69396341	1.69180214	1.68823409	1.68590939	1.68391800	1.68152487	1.67674243	1.67005193	1.66440415	1.66053617	1.65454328	1.64895117	1.64462316	1.64076149	1.63729620	1.63294590	1.62953579	1.62605810	1.61867273	1.61570394	1.61426878	1.61083317	1.60493004	1.59915972	1.59536040	1.59101999	1.58653343	1.58235550	1.57900226	1.57179391	1.56680572	1.56206536	1.55743420	1.55460751	1.55113328	1.54838049	1.54600406	1.54304981	1.53795528	1.53774989	1.53592527	1.53263104	1.52816677	1.52298212	1.51952982	1.51669490	1.51461172	1.51317561	1.51204431	1.50737691	1.50109172	1.49713492	1.49463403	1.48789680	1.48650157	1.48334730	1.47873914	1.47421265	1.47253370	1.47000158	1.46558416	1.46218514	1.46086466	1.46083927	1.46301436	1.45967066	1.45762587	1.45897412	1.46108711	1.46394217	1.46657419	1.47002208	1.47433662	1.47858000	1.48563921	1.49326873	1.50129771	1.50929666	1.51657748	1.52418625	1.53208971	1.54239249	1.55377436	1.56149065	1.57096899	1.57995868	1.58901215	1.59892178	1.61071968	1.62286663	1.63284051	1.64382887	1.65510857	1.66204512	1.67091429	1.67982030	1.68864071	1.69708538	1.70469618	1.71067405	1.71613526	1.72105241	1.72697246	1.73701668	1.74226344	1.75065649	1.75580692	1.75941753	1.77128386	1.78055966	1.79071701	1.79990029	1.80774486	1.81537724	1.82657373	1.83162391	1.83762801	1.84511936	1.84806645	1.85738075	1.86247396	1.86880291	1.87553191
86.0000000	1.84153914	1.84470010	1.85173404	1.85583758	1.85743320	1.86416912	1.86716628	1.87584376	1.88473165	1.89148319	1.89687443	1.90717638	1.91589892	1.92499554	1.93441844	1.94211721	1.95052767	1.95703793	1.96146703	1.96536481	1.97201300	1.97152507	1.97067535	1.96954906	1.96928954	1.97209907	1.97744620	1.98467171	1.99076104	1.99401879	1.99407041	2.00596690	2.00595999	2.00611329	2.01043868	2.01489925	2.01372170	2.01715565	2.02333474	2.03002453	2.03462410	2.03163958	2.03600931	2.04072380	2.04393315	2.04894638	2.05290961	2.05871391	2.06438398	2.06875634	2.07147717	2.07509494	2.07936549	2.08581829	2.09328985	2.09792304	2.10084271	2.10716033	2.11271572	2.11610937	2.11870313	2.11889625	2.12078309	2.12233949	2.12393999	2.12836218	2.13058686	2.13442421	2.13687611	2.13766837	2.13924837	2.15042806	2.15534472	2.15507007	2.15045500	2.14213014	2.13605785	2.13356256	2.13229632	2.13154578	2.13223338	2.13092327	2.12748313	2.12363124	2.12014365	2.11685491	2.11415029	2.11062837	2.10779405	2.10677004	2.10829854	2.11522007	2.11469626	2.11455703	2.11738634	2.12052011	2.11699224	2.11120701	2.10509229	2.09842992	2.08885479	2.08174038	2.07508206	2.06836915	2.06097960	2.05218029	2.03959060	2.03287125	2.02655864	2.01933265	2.01401901	2.00638509	1.99961698	1.99245000	1.98467803	1.97715509	1.97058463	1.96625412	1.96068764	1.95450008	1.95239830	1.94849241	1.94671869	1.94531667	1.94386768	1.94329453	1.94256818	1.94013321	1.93880701	1.93853211	1.93637896	1.93527949	1.93191230	1.92829621	1.92582321	1.92525780	1.92754054	1.93015277	1.92944932	1.92677569	1.92846787	1.91969812	1.91044927	1.90354896	1.89907229	1.89434063	1.88818109	1.88122571	1.87225342	1.86276722	1.85699272	1.85314536	1.84667087	1.83794391	1.82836199	1.82034600	1.81176686	1.80351388	1.79528046	1.78807902	1.78424072	1.77913988	1.77608645	1.77388060	1.77132094	1.76720500	1.76148260	1.75650465	1.75111139	1.74568772	1.74216330	1.73926151	1.73075759	1.72276139	1.71823812	1.71700668	1.71405482	1.70697582	1.69700527	1.68657672	1.67932093	1.67658651	1.66949689	1.66163456	1.65619993	1.65601158	1.65578961	1.65702057	1.65543556	1.65115428	1.64868343	1.64940286	1.65167582	1.65570509	1.65979457	1.66034782	1.66271639	1.66460371	1.66718829	1.67045557	1.67320049	1.67523897	1.67770445	1.68174481	1.68679833	1.69059420	1.69327307	1.69089150	1.68706429	1.68441784	1.68459082	1.68131185	1.68107939	1.68326640	1.68594623	1.68589175	1.68769395	1.68859804	1.68963432	1.69017732	1.68794620	1.68775940	1.68950963	1.69011950	1.68803060	1.68320310	1.67865205	1.67451775	1.67188179	1.67041469	1.66837347	1.66964757	1.66979504	1.67113125	1.67223132	1.66792727	1.66654408	1.66571832	1.66602850	1.66641796	1.66419566	1.66687429	1.66944087	1.66941726	1.66594207	1.65976870	1.65604126	1.65027332	1.64593959	1.64312196	1.63850868	1.63208020	1.62559104	1.61934566	1.61324370	1.60678029	1.59796286	1.59142625	1.58642066	1.58230436	1.57854474	1.57658148	1.57150233	1.56674492	1.56228292	1.55462646	1.55033028	1.54372001	1.53832090	1.53363371	1.52513552	1.52081430	1.51224875	1.50493431	1.50134873	1.50095332	1.49420440	1.48753309	1.48125184	1.47477365	1.46661186	1.46071291	1.45476055	1.44809103	1.44162452	1.43786466	1.43182647	1.42667651	1.42192554	1.41509414	1.40171218	1.39920080	1.39499390	1.39059281	1.38695025	1.38446963	1.37778652	1.37163055	1.36597621	1.36251664	1.36466408	1.36762297	1.36772549	1.36642826	1.36586022	1.36882246	1.37203646	1.37354755	1.37566125	1.37915874	1.38329649	1.38960624	1.39505494	1.40284562	1.41360056	1.42535973	1.43738711	1.44937587	1.45994437	1.46912158	1.47834766	1.49005520	1.50172698	1.51430511	1.52773237	1.54095197	1.55253685	1.56640434	1.58206689	1.59866977	1.61499047	1.62718165	1.64198673	1.65299797	1.66018724	1.66990626	1.67877424	1.68709838	1.69243062	1.69633043	1.70436418	1.71164644	1.71924484	1.72642636	1.73291862	1.73891032	1.74777150	1.75526452	1.76266229	1.77001083	1.77612972	1.78513777	1.79009008	1.79404712	1.79822075	1.80197477	1.81050360	1.81686115	1.82633817	1.83632863
85.0000000	1.85645950	1.85766804	1.86025381	1.85978317	1.85731840	1.85941803	1.85435712	1.85765874	1.86314154	1.86628842	1.86424482	1.86503744	1.86810422	1.87398088	1.87957287	1.87815535	1.88421178	1.88438356	1.88334787	1.88507795	1.89284289	1.89843905	1.90129817	1.90677273	1.91536200	1.92271185	1.93493819	1.95461893	1.97694826	1.99836445	2.01654792	2.03764200	2.05305672	2.06602955	2.07693124	2.08326578	2.09445572	2.10190439	2.10990095	2.11879230	2.12498093	2.12808919	2.13163400	2.13283610	2.13313174	2.13817358	2.14510846	2.15205359	2.15988898	2.16643405	2.16644740	2.17277884	2.18079305	2.19062638	2.20142889	2.21136427	2.21618605	2.22462249	2.23369932	2.24161744	2.24775195	2.25414538	2.26284957	2.26890182	2.27186704	2.27583861	2.27576208	2.27570891	2.27530074	2.27379990	2.27010965	2.26604247	2.26425934	2.25882745	2.24647284	2.22658014	2.21764898	2.20934200	2.20154238	2.19418192	2.18724370	2.18183160	2.17286396	2.16658306	2.16363716	2.15908360	2.15831828	2.15444732	2.15478039	2.15985560	2.16344118	2.16919327	2.17204785	2.17687631	2.18297839	2.18408132	2.18216109	2.17674232	2.16695905	2.15564680	2.14934063	2.14194107	2.13590574	2.12795234	2.11864614	2.11239815	2.10091066	2.09178734	2.08430386	2.07926130	2.07898641	2.07202721	2.06503749	2.05480886	2.04237056	2.03299117	2.02891040	2.02280951	2.01125622	1.99635577	1.98575401	1.98056662	1.97562099	1.97072196	1.96661377	1.96497798	1.96233392	1.96410668	1.96619034	1.96690321	1.96698737	1.96716940	1.96851003	1.97322845	1.97996032	1.98375750	1.98843277	1.99212170	1.99471557	1.99676931	1.99950087	1.99556291	1.99105406	1.98294449	1.97360301	1.97079909	1.97030795	1.96533895	1.95486093	1.94186306	1.93335497	1.93030512	1.92488134	1.91745484	1.90967572	1.90447271	1.89791965	1.89193547	1.88475752	1.87885499	1.88092792	1.87628877	1.87681949	1.88009262	1.88322139	1.88286018	1.87925708	1.87179768	1.86431253	1.85821724	1.85251331	1.84031427	1.83048308	1.81733251	1.80169845	1.79094088	1.78068948	1.76453960	1.74752820	1.73222589	1.71873748	1.70582628	1.69416118	1.68264043	1.67110252	1.66032743	1.66067255	1.65783298	1.65189409	1.64514947	1.64210117	1.64294100	1.64865243	1.65200675	1.65327358	1.66022110	1.66539466	1.66853964	1.67122304	1.67319822	1.67240489	1.67340314	1.67437887	1.67592168	1.67747951	1.67736077	1.67411494	1.66822147	1.66310298	1.65996146	1.65777731	1.65446115	1.65663195	1.66150153	1.66769123	1.67523098	1.68173027	1.68779778	1.68991113	1.68862772	1.68858385	1.69217300	1.69532299	1.69935596	1.70326245	1.70370030	1.70415807	1.70291686	1.70110762	1.70020306	1.70201945	1.70473206	1.70751154	1.71152329	1.71606779	1.71857846	1.72112298	1.72133017	1.72389352	1.72790325	1.72684586	1.72247016	1.71795261	1.71546638	1.71281934	1.70345330	1.69816315	1.69333458	1.68995881	1.68681359	1.68046296	1.67305613	1.66692805	1.65781784	1.64627802	1.63767469	1.63756573	1.63571358	1.63217032	1.62780416	1.62429965	1.62266886	1.62353396	1.62358987	1.62170506	1.61892009	1.62232649	1.62597704	1.62948191	1.63333023	1.63888848	1.64607990	1.65258884	1.65657651	1.65814936	1.65936089	1.65186214	1.64378905	1.63549340	1.62654948	1.61575449	1.60394430	1.59100282	1.57755637	1.56442273	1.55261111	1.54122043	1.52918100	1.51480711	1.49781978	1.47934639	1.46070838	1.44578469	1.43073940	1.41526949	1.40260506	1.38724947	1.37478650	1.36536765	1.35855556	1.35332370	1.35394740	1.35482764	1.35671651	1.35918355	1.36061561	1.36774409	1.37437749	1.38202715	1.39028847	1.39683914	1.40833318	1.41828537	1.43023539	1.44486725	1.46001005	1.47263288	1.48712611	1.50100005	1.51388311	1.52752233	1.54246342	1.55909455	1.57473660	1.58854437	1.60150659	1.61822510	1.63091350	1.64325833	1.65656257	1.66974592	1.68106151	1.69259822	1.70074737	1.70652795	1.71558714	1.72681749	1.73541617	1.73960328	1.74244165	1.75183642	1.75452805	1.75616026	1.75730920	1.75997376	1.76757586	1.77272487	1.77819335	1.78410399	1.79051006	1.79739618	1.80529678	1.81108844	1.81392324	1.81675100	1.82631779	1.83311021	1.84028780	1.84712780	1.85190845
84.0000000	1.90934885	1.90473807	1.89935005	1.89500594	1.89053679	1.88178289	1.86931562	1.85826683	1.85208070	1.85059094	1.85002029	1.85524142	1.85667920	1.85980356	1.86694920	1.87731516	1.88792908	1.89451468	1.89971697	1.90639603	1.91762805	1.93492115	1.94748974	1.96082950	1.97652161	1.99223411	2.01745105	2.04195237	2.06641746	2.08961320	2.10839462	2.12893343	2.14946723	2.16803050	2.18221331	2.18915796	2.20081687	2.20620799	2.21082592	2.21732593	2.22552395	2.22710037	2.22815275	2.22986269	2.23260689	2.23595667	2.23770618	2.24519157	2.25395393	2.26045752	2.26209211	2.27110147	2.27961612	2.28812599	2.29658580	2.30441499	2.31412339	2.32614946	2.33531404	2.33999634	2.34213376	2.34137845	2.34190822	2.34234762	2.34035325	2.33261561	2.33527231	2.33124328	2.32593536	2.32232213	2.32094240	2.31445646	2.30776048	2.29856539	2.28563786	2.26879930	2.25709486	2.24601865	2.23597312	2.22608900	2.21422315	2.21033096	2.20351911	2.19529009	2.18794751	2.18459392	2.18203235	2.18121839	2.18139338	2.18188500	2.18210530	2.19115567	2.19273973	2.19415641	2.19634175	2.19387150	2.19793510	2.19399071	2.18374252	2.17188787	2.16611886	2.15994859	2.14796591	2.13405704	2.12307715	2.12085176	2.10979724	2.10633922	2.10525227	2.10330820	2.09927440	2.10586786	2.10541463	2.10285091	2.10028768	2.09701037	2.09867525	2.09560704	2.08964753	2.08156252	2.07103944	2.06224561	2.05479217	2.04828024	2.04200315	2.03494716	2.03145099	2.02862120	2.02433419	2.02051997	2.02316451	2.02122831	2.02079368	2.02350187	2.02895665	2.03472328	2.03846288	2.03952408	2.04142380	2.04395533	2.04318643	2.04151249	2.03929710	2.03083563	2.01836729	2.01207519	2.00719213	1.99896598	1.99047470	1.98349571	1.97850394	1.97227812	1.96820998	1.96321666	1.95825028	1.95829844	1.95052147	1.94578409	1.94031107	1.93511760	1.93600857	1.93780923	1.94311857	1.94828701	1.95126796	1.95161808	1.94988859	1.94449389	1.94114673	1.93938875	1.93259108	1.92267406	1.91384268	1.90296173	1.88893116	1.87268674	1.85537612	1.83840740	1.82140303	1.80564559	1.79407632	1.77682817	1.76104295	1.74534130	1.73033953	1.71864951	1.70619190	1.69535255	1.68615568	1.67741442	1.66672981	1.66159105	1.65892732	1.65639293	1.65428829	1.65555859	1.65398037	1.65558910	1.65664434	1.65731609	1.66168261	1.66279566	1.66204071	1.66124368	1.66134489	1.66239727	1.66444397	1.66492498	1.66703701	1.67118955	1.67500341	1.67786467	1.68368244	1.69197106	1.70138061	1.70969653	1.71468639	1.72024703	1.72580922	1.73146319	1.73795819	1.74647915	1.74794292	1.74836528	1.75105894	1.75663352	1.75613236	1.75507641	1.75483871	1.75499773	1.75333786	1.75632584	1.75680125	1.75651157	1.75616920	1.75545192	1.75074506	1.74825704	1.74844611	1.75017428	1.75070870	1.75160003	1.74783981	1.74530303	1.74504852	1.74331689	1.74251354	1.74239171	1.74109268	1.73669600	1.72721946	1.72043562	1.71178901	1.70235622	1.69256496	1.68219447	1.67761099	1.67081237	1.66413093	1.65852845	1.65359640	1.65613663	1.66960287	1.68501806	1.69994843	1.71850240	1.74009562	1.76711154	1.79046786	1.81088352	1.83888042	1.87563455	1.92541730	1.98081911	2.03692532	2.09131718	2.12174463	2.11722684	2.07538056	2.00025058	1.90230811	1.81170630	1.73602259	1.68269408	1.65678990	1.66101170	1.69788086	1.74923193	1.80234969	1.84045482	1.84270418	1.78673303	1.70698309	1.61735559	1.52911353	1.45088172	1.38311052	1.33782005	1.31497157	1.31354654	1.33154774	1.36091113	1.38650370	1.40754151	1.42330277	1.43312836	1.43483067	1.43904305	1.44660771	1.45665693	1.46661282	1.48099113	1.50014865	1.52118087	1.54316008	1.56713486	1.59024179	1.61848497	1.64886642	1.68116117	1.71791649	1.74779987	1.77162397	1.78915226	1.80006981	1.80398309	1.79927230	1.79390728	1.79067540	1.78901577	1.78501749	1.78090405	1.77556479	1.76879930	1.76178432	1.75707364	1.76202142	1.76331401	1.76775610	1.77776349	1.79136252	1.79617167	1.80165064	1.80586267	1.81112432	1.82400525	1.83244479	1.83421516	1.83580637	1.83894205	1.84058034	1.85252666	1.86014652	1.86505818	1.86996758	1.87866843	1.88619447	1.89401662	1.90428245	1.91374028
83.0000000	1.95822120	1.95447946	1.94776225	1.93784761	1.92708325	1.92038369	1.91241074	1.90426099	1.90115404	1.90227735	1.90078449	1.90624678	1.90994179	1.91634274	1.92694390	1.94026005	1.95272911	1.96887708	1.98219740	1.99178123	2.00231814	2.01718926	2.02875876	2.04186535	2.05891705	2.07989192	2.10576344	2.12841725	2.14713836	2.16311955	2.17946053	2.19672823	2.21366763	2.22691250	2.23565316	2.24163723	2.25276327	2.25683427	2.25281000	2.24513459	2.24373770	2.23890185	2.23491192	2.23778558	2.24605799	2.25078011	2.25206995	2.25927210	2.26844501	2.27616668	2.27953291	2.28939772	2.29138494	2.29524231	2.30407453	2.31434250	2.32884121	2.33681726	2.33963203	2.33791542	2.33157039	2.32649565	2.31645823	2.30458927	2.29171133	2.27633667	2.26738906	2.25362778	2.23960590	2.22816324	2.22042799	2.21092272	2.20845890	2.20719409	2.20722055	2.21456409	2.21323109	2.21649003	2.21935892	2.22047758	2.22210455	2.22498512	2.22215772	2.21699548	2.21292233	2.21341181	2.20660734	2.20150781	2.19540071	2.18883157	2.18560624	2.18150306	2.17317963	2.16792679	2.16768694	2.16905427	2.17143130	2.17377472	2.17330003	2.17047572	2.16902232	2.16134572	2.15230799	2.14053535	2.12869954	2.12351441	2.11470270	2.11020350	2.10861731	2.11021209	2.11692429	2.12899709	2.13659310	2.14393783	2.15205431	2.15876484	2.16390038	2.16774917	2.16787648	2.16269040	2.15144181	2.13973856	2.12682986	2.11587071	2.10576463	2.09116387	2.08012128	2.07081890	2.05982637	2.04940701	2.04751396	2.04279399	2.04172492	2.04704452	2.05734515	2.06707239	2.07586741	2.07897568	2.08090639	2.08259583	2.08140922	2.07745862	2.07094717	2.06231380	2.05213976	2.04114771	2.03010774	2.01534820	2.00747228	2.00744486	2.00659418	2.00709891	2.00885558	2.01212740	2.01626229	2.01969314	2.01518345	2.01263642	2.00882578	2.00531602	2.00846124	2.00269294	1.99947309	1.99462843	1.98644054	1.97564685	1.97124112	1.96174526	1.95559180	1.95327711	1.94736171	1.93856490	1.92688096	1.91725814	1.90899503	1.89574075	1.88541293	1.87105858	1.85733867	1.84567738	1.83426142	1.82002294	1.80700552	1.79477906	1.78336048	1.77321279	1.75769806	1.74239445	1.72898996	1.71813786	1.70945621	1.70130146	1.69338036	1.68840575	1.68694103	1.68740022	1.68602240	1.69221902	1.70194590	1.71223700	1.72120297	1.73050356	1.73484945	1.73766005	1.74174285	1.74929345	1.75172865	1.75041974	1.75254297	1.75912058	1.76502335	1.76800573	1.77330387	1.77741551	1.77963328	1.78204477	1.78200245	1.78418016	1.78855848	1.79409897	1.79874456	1.80575883	1.80228603	1.79809880	1.79511690	1.78740740	1.78438926	1.77944291	1.77389729	1.76907897	1.76631296	1.77057087	1.77234817	1.77050841	1.76553607	1.75953639	1.75158262	1.74385905	1.73664415	1.72994483	1.72349668	1.72351825	1.71808684	1.71258831	1.70979774	1.70988011	1.70732176	1.70054209	1.69396985	1.68884289	1.68320799	1.68279839	1.68822205	1.69365251	1.69875062	1.70866299	1.73031545	1.75528240	1.78289866	1.81409311	1.85138929	1.89503586	1.94122684	1.98262155	2.01511049	2.03781843	2.05252433	2.06408000	2.07306361	2.08807111	2.12571836	2.19985294	2.30114675	2.41488719	2.52666306	2.62236571	2.66662002	2.64120007	2.54243994	2.38042116	2.17896938	1.98537505	1.82026339	1.69981754	1.63263917	1.61974800	1.65653050	1.72589624	1.80295396	1.86524427	1.89274085	1.85440218	1.78455758	1.69775009	1.60286868	1.50314987	1.41638148	1.36068010	1.34793210	1.38012409	1.44934106	1.53553772	1.60026264	1.63049471	1.62293303	1.58399701	1.53154492	1.48824358	1.46053207	1.44812417	1.44400930	1.45900750	1.47825718	1.50360692	1.53819883	1.58646870	1.67945695	1.78965104	1.90262306	2.00199866	2.06945705	2.05361938	1.98324966	1.88537216	1.77978945	1.67908263	1.60278773	1.55730259	1.53814447	1.54052913	1.55937064	1.57778478	1.59206033	1.60180199	1.60557246	1.60089338	1.59480786	1.59272659	1.60807693	1.64656234	1.70616114	1.77110028	1.82745123	1.87515402	1.91411841	1.94422376	1.95321405	1.94478440	1.92983377	1.91461658	1.90074277	1.89496243	1.89003849	1.88845396	1.89236283	1.90359151	1.92237568	1.93922794	1.95115924	1.95689988
82.0000000	1.97008550	1.96387017	1.95832336	1.95607865	1.95879865	1.96717465	1.98210943	1.99886107	2.01895833	2.04135919	2.06245065	2.06967115	2.07372928	2.07549500	2.07407928	2.06683254	2.06472182	2.06636643	2.06815791	2.07082272	2.07942319	2.10639238	2.13559294	2.16623640	2.19509578	2.21650481	2.21483755	2.20041418	2.19023657	2.19077659	2.19797611	2.20785213	2.22032452	2.22562981	2.22211838	2.21625280	2.21557665	2.21422625	2.21094084	2.20705843	2.20651317	2.21412539	2.22354817	2.23584390	2.25039983	2.26492929	2.27547479	2.28164458	2.27426267	2.25429749	2.23286176	2.21539927	2.20024681	2.19919229	2.21336818	2.23325181	2.24974036	2.26266360	2.27486873	2.28468823	2.28594112	2.27777338	2.26962686	2.25884461	2.24577641	2.23378181	2.21407676	2.19837332	2.18560052	2.17570877	2.16967225	2.16142344	2.16167593	2.16173291	2.15994906	2.16173077	2.16687441	2.17235184	2.18206429	2.19686079	2.21453714	2.23188138	2.24625206	2.25298929	2.25220394	2.24877834	2.24046946	2.22403646	2.20297313	2.18420076	2.17806697	2.20932937	2.26698017	2.33052111	2.38040257	2.39802265	2.36581731	2.31284642	2.25395250	2.20300794	2.17291784	2.18418694	2.21284604	2.24041963	2.25750422	2.26376748	2.26391482	2.25241446	2.23844862	2.22644830	2.21609092	2.21426558	2.22030973	2.22791028	2.23399925	2.23875260	2.24692369	2.25031352	2.24900079	2.24355888	2.23505425	2.22201395	2.20601225	2.19003320	2.17398381	2.15469575	2.13026166	2.10561967	2.07997990	2.05551314	2.03735113	2.03185773	2.03120446	2.03779340	2.05091739	2.06675887	2.08940172	2.10588956	2.11772180	2.12654305	2.13414407	2.13215256	2.12488413	2.11583185	2.10616875	2.09474921	2.07878900	2.06382656	2.05667853	2.05721617	2.05836678	2.05995989	2.06938839	2.08162665	2.09063530	2.08936071	2.09441566	2.09762883	2.09450078	2.08717346	2.08443022	2.07043576	2.05479789	2.03687644	2.01681566	1.99554241	1.98370922	1.96913445	1.95589411	1.94508600	1.93482780	1.92383969	1.91340256	1.90552914	1.90023232	1.89552474	1.89284265	1.88187444	1.86892116	1.85614181	1.84155416	1.82042444	1.80309856	1.78635383	1.76972651	1.75551295	1.74686265	1.74041474	1.73568738	1.73256445	1.73129320	1.73259342	1.73560071	1.74448335	1.75831223	1.77105987	1.78313875	1.80240321	1.82494283	1.84622681	1.86110282	1.86477685	1.86269653	1.85945499	1.85599399	1.84960544	1.83161402	1.81779742	1.80877197	1.80407846	1.80218244	1.80181849	1.80340374	1.80844486	1.81438649	1.81461132	1.81764138	1.82058847	1.82410240	1.82861495	1.83434069	1.83458340	1.82577407	1.81723928	1.80869842	1.79026115	1.77839255	1.76830411	1.75878334	1.75021791	1.74459672	1.74666750	1.74758160	1.74899435	1.75081599	1.75121236	1.74798203	1.74474871	1.74154627	1.73769844	1.73181903	1.72594178	1.71895599	1.71193779	1.70428610	1.69372320	1.68537736	1.67735863	1.67344368	1.67649090	1.68844080	1.70844471	1.73305726	1.75886440	1.78566206	1.81645596	1.85722327	1.89612103	1.93286312	1.96864378	2.00613618	2.06351662	2.15186429	2.26739383	2.39459538	2.50623822	2.50441480	2.41382909	2.28431749	2.16274953	2.09302688	2.13163972	2.21939898	2.32769632	2.42470098	2.47535729	2.45744967	2.40039277	2.33071089	2.27549744	2.26241541	2.28963780	2.27250004	2.17583394	2.00804591	1.82111561	1.66898763	1.55534172	1.45097649	1.35296762	1.28466821	1.29373717	1.36719680	1.48899865	1.63113034	1.75361562	1.76629984	1.73228955	1.69679582	1.68331933	1.69365025	1.73860025	1.74434423	1.69161224	1.58312380	1.44358647	1.33200943	1.25939143	1.22161746	1.21355057	1.22903204	1.26620221	1.29626608	1.33277214	1.40244079	1.54516470	1.85200584	2.21431088	2.50379062	2.61334562	2.45706654	2.11673999	1.78990257	1.51168132	1.29969895	1.15407598	1.08066750	1.05352819	1.06847489	1.12368834	1.21971202	1.31497037	1.38505483	1.42812681	1.44749308	1.45160568	1.47004652	1.51404250	1.59318841	1.69871318	1.80347919	1.87383068	1.90818143	1.91693103	1.91208994	1.90727985	1.91569412	1.94390059	1.98303497	2.02002811	2.03760672	2.04812121	2.05021358	2.04764032	2.04269695	2.03621721	2.03226805	2.02211142	2.00569892	1.99024975
81.0000000	1.95907044	1.97319520	1.99982834	2.03232193	2.06587577	2.09753728	2.13464665	2.16235447	2.18899798	2.21627474	2.23924303	2.23420572	2.21241188	2.18348241	2.15279055	2.12146330	2.09028721	2.07370901	2.07524204	2.09927845	2.15108919	2.23711753	2.32147980	2.38801813	2.42580557	2.42914605	2.37736297	2.30528831	2.24194288	2.20472503	2.19940805	2.21613455	2.23027754	2.23367977	2.22305202	2.19997048	2.18408799	2.17188406	2.16048145	2.15223813	2.15474677	2.16383052	2.18394899	2.21492004	2.25759125	2.31384015	2.38265681	2.43690658	2.46062970	2.44818830	2.40426445	2.35435653	2.32657361	2.31963801	2.32500386	2.32685542	2.31515312	2.30930305	2.27674508	2.23100305	2.23168492	2.25543952	2.27894473	2.29112363	2.28936291	2.27951336	2.26060772	2.24674058	2.23678637	2.22967482	2.22439075	2.21856523	2.20907354	2.19522905	2.17559409	2.14797831	2.13648152	2.13630223	2.15152216	2.18066835	2.21671247	2.25801635	2.29682803	2.32585979	2.34320188	2.35232496	2.33146691	2.29059196	2.24500513	2.21753645	2.23854280	2.37304211	2.56399608	2.74556994	2.86677527	2.89147162	2.74531054	2.59543538	2.44909859	2.32186317	2.23760080	2.23998427	2.30149031	2.38031912	2.44941807	2.49648213	2.49294853	2.46008277	2.41223884	2.35752201	2.29779267	2.25182915	2.21870089	2.19627762	2.18406963	2.18323064	2.19064283	2.19218683	2.19157624	2.19333792	2.20281100	2.19963908	2.19564342	2.18546271	2.16863203	2.14958572	2.12387729	2.09722900	2.07331657	2.05274463	2.03304553	2.02587819	2.02522683	2.03363061	2.05165148	2.07787490	2.10229397	2.12232828	2.13386130	2.13928723	2.14751244	2.13844132	2.12013578	2.10008359	2.08247495	2.06820083	2.05592775	2.04710102	2.04374528	2.04785609	2.06139803	2.07355785	2.09056377	2.11100197	2.12999249	2.13919139	2.14980364	2.15016794	2.14181089	2.12667513	2.10712075	2.08220625	2.05408645	2.02258778	1.99257028	1.97392964	1.96557987	1.96063972	1.95574248	1.94934916	1.94174933	1.93578625	1.93435955	1.92995274	1.91974604	1.90561604	1.89363086	1.88268542	1.86772847	1.84752882	1.82467580	1.80466771	1.78088021	1.75663626	1.73573458	1.72244978	1.72713280	1.73826337	1.75120032	1.76479053	1.78136897	1.80253625	1.81994927	1.83852184	1.85575438	1.86173439	1.86763036	1.87202489	1.87506115	1.87917531	1.88909626	1.88835442	1.88804972	1.88982928	1.89229274	1.89099288	1.88439429	1.88340485	1.88785708	1.89261985	1.88759947	1.88424110	1.88075709	1.88009894	1.87968826	1.87141740	1.86605895	1.86275303	1.86286461	1.86631393	1.87157750	1.86681533	1.86046910	1.85284448	1.84446371	1.83606386	1.82221961	1.81246984	1.79828358	1.77711916	1.75242293	1.73869908	1.73066187	1.72688615	1.72779024	1.73563457	1.75120604	1.76928639	1.78753519	1.80177474	1.80599058	1.80744362	1.79688728	1.78005087	1.75944889	1.73438120	1.70991945	1.69411016	1.68961036	1.69888735	1.72422016	1.77077031	1.82379305	1.87970006	1.93816125	2.00210547	2.05874491	2.09250522	2.10486507	2.09990859	2.08432412	2.10230708	2.21567488	2.44204402	2.75297594	3.07397628	3.08675027	2.81158328	2.41331482	2.02889204	1.76737046	1.71450877	1.77420211	1.92729914	2.12650108	2.29636168	2.32400012	2.24839616	2.13338637	2.04532051	2.05306172	2.16392279	2.26132560	2.26136160	2.14462590	1.95621598	1.82518864	1.72708035	1.61959183	1.48994911	1.35490346	1.31060374	1.40005970	1.58219349	1.78248930	1.89299548	1.83653295	1.72327721	1.63247645	1.61202180	1.67844820	1.78134513	1.80183721	1.71874750	1.55056596	1.35544896	1.22931004	1.16136777	1.12743127	1.11096442	1.10308695	1.09303403	1.09003556	1.11625898	1.20458424	1.39860427	1.76137030	2.12882757	2.32233453	2.23810792	1.84722364	1.37978089	1.04071152	0.823175848	0.709819317	0.672772467	0.687868714	0.737569928	0.827518225	0.957943738	1.12366462	1.25561714	1.32789135	1.35193014	1.34588659	1.33462477	1.36776352	1.45461082	1.58052194	1.72603655	1.86687887	1.93724656	1.94034731	1.89329731	1.83035851	1.80293834	1.87082243	2.00237989	2.14241362	2.25030375	2.30000877	2.30058146	2.27699828	2.23217201	2.17428207	2.11677694	2.06650853	2.02128220	1.98921680	1.97377837
80.0000000	2.10431981	2.13461399	2.16374731	2.18739462	2.20063066	2.19792819	2.19021702	2.17617464	2.16504526	2.16869020	2.20158839	2.26028514	2.31237388	2.35885811	2.39028859	2.38676548	2.34649110	2.32500648	2.32891822	2.33984447	2.31441307	2.36579847	2.41539645	2.45585775	2.48251915	2.49340487	2.42110157	2.33660817	2.25927162	2.20462751	2.18440151	2.19379950	2.20594907	2.21143842	2.20675135	2.19426560	2.18306613	2.17636824	2.16860056	2.16179132	2.16556835	2.17686319	2.19060564	2.20975995	2.23898387	2.28462791	2.34703827	2.40469217	2.44531536	2.45832539	2.43483114	2.40046453	2.38190532	2.37345028	2.37346601	2.38438892	2.39033270	2.39216495	2.35559082	2.29914451	2.29418969	2.30170083	2.30813551	2.30528784	2.29375124	2.28291917	2.27237391	2.26500726	2.26118660	2.26171851	2.26784754	2.27298427	2.26721764	2.25025892	2.22218919	2.18346119	2.15837622	2.14483786	2.14851928	2.16596007	2.18456554	2.21915054	2.26702332	2.31735516	2.36482954	2.40964389	2.41705775	2.40432000	2.37746000	2.35501957	2.36805296	2.47404146	2.62199044	2.75101852	2.82674408	2.84128332	2.69615531	2.55039096	2.42917728	2.34692717	2.30727816	2.36603212	2.44453549	2.52067351	2.57387733	2.58512521	2.54743028	2.49181104	2.42627144	2.35501647	2.27845025	2.20930338	2.15079522	2.11144233	2.09114122	2.08117104	2.07896280	2.07732701	2.07649589	2.07881784	2.08875823	2.09104204	2.09002614	2.08087683	2.06489825	2.04953194	2.03989434	2.02982330	2.02599192	2.02833843	2.03006649	2.02769947	2.03505230	2.04847813	2.06513977	2.08300877	2.09844780	2.10460305	2.10287833	2.09613204	2.08867598	2.06888199	2.05286717	2.03523278	2.01563716	1.99879718	1.98515105	1.97891259	1.97741401	1.98231065	1.99957871	2.01962233	2.04155207	2.06512260	2.08625579	2.09704328	2.09567642	2.08802819	2.07547808	2.05868983	2.03760791	2.01926208	1.99817121	1.97671318	1.95953071	1.95353103	1.95209479	1.95424521	1.95772016	1.96289599	1.97278845	1.98135722	1.99220908	1.99401546	1.98602784	1.97807848	1.96322572	1.94688940	1.92511594	1.89876807	1.87352574	1.85076249	1.82742763	1.80944145	1.79908025	1.79497695	1.79623950	1.80586410	1.81697786	1.82675481	1.83641434	1.86339569	1.88457680	1.90081775	1.91073155	1.91068375	1.90521073	1.89653289	1.88740361	1.88116932	1.88177025	1.88227522	1.88420129	1.89429319	1.91161036	1.92752576	1.94557440	1.96200383	1.97922790	1.99542761	2.00455070	2.01392937	2.02165318	2.02096176	2.01119566	1.99779630	1.98572505	1.96167386	1.93445158	1.90964293	1.88960791	1.86658812	1.84831643	1.83510602	1.82729506	1.82524836	1.82134557	1.82006133	1.81792533	1.81042457	1.79200447	1.77776957	1.76526320	1.75418997	1.74775255	1.75265324	1.75787973	1.77057028	1.78925741	1.81131709	1.83296883	1.85224116	1.86343145	1.86201537	1.84664166	1.81913173	1.78550267	1.75193608	1.72507405	1.70769346	1.69870687	1.71936059	1.75996614	1.81395519	1.88237214	1.97387540	2.05216908	2.10413575	2.13051081	2.13077545	2.10315895	2.07922983	2.13747954	2.33043480	2.66060972	3.08050489	3.18720961	2.90258145	2.45110798	2.01386952	1.72853792	1.66102934	1.71597600	1.89441252	2.15253806	2.40171552	2.56646633	2.59748888	2.52748728	2.37418890	2.14034677	1.97077632	1.94198883	2.02470183	2.20296979	2.47418308	2.62220907	2.60810208	2.46622205	2.25190568	2.04146600	1.91189206	1.81242514	1.74400508	1.68653858	1.59889913	1.52582562	1.48158884	1.50790715	1.62411749	1.82717371	2.00213504	2.03747320	1.92850709	1.70574951	1.43490922	1.25324619	1.13742590	1.06320262	1.00673831	0.944601893	0.871898890	0.831384897	0.838702500	0.904160976	1.03273535	1.20166397	1.30635357	1.29884541	1.17213464	0.960170567	0.768770576	0.639248133	0.573091507	0.564083636	0.598301709	0.659347415	0.741754532	0.843848109	0.961351991	1.08738923	1.18513584	1.24816966	1.28664351	1.31240237	1.33898365	1.37485802	1.43954802	1.52915955	1.62700403	1.70359743	1.77120972	1.83777583	1.89546692	1.95406246	2.04095078	2.17315125	2.29042506	2.37190628	2.40690327	2.39489651	2.33945656	2.27295280	2.20462251	2.14500928	2.10596204	2.07968879	2.06811619	2.07165146	2.08195901
79.0000000	2.15416574	2.16903996	2.19004226	2.21957111	2.25344753	2.28091502	2.28575802	2.27617359	2.25304532	2.23648596	2.26583982	2.36418748	2.48778033	2.60335183	2.66527629	2.61556602	2.60579896	2.67353153	2.73384285	2.71302462	2.54857779	2.50603938	2.52516246	2.57439160	2.62510204	2.65159965	2.57317901	2.46010661	2.34459591	2.24452376	2.16343331	2.12197828	2.09094167	2.06982684	2.05909038	2.06014276	2.06743383	2.08532548	2.10487771	2.12270999	2.14100099	2.15864062	2.17003703	2.17774057	2.18448210	2.19317293	2.20616269	2.22412729	2.23988557	2.24605012	2.23502398	2.22587609	2.21982431	2.21568775	2.21307397	2.21237612	2.22460723	2.23441768	2.23294973	2.22132373	2.21063709	2.19608092	2.18588352	2.17333364	2.16125822	2.16202068	2.16445994	2.17131519	2.18405557	2.20101070	2.21737194	2.22495794	2.23021173	2.22912765	2.22145081	2.21067691	2.20156264	2.19883704	2.20187831	2.20829105	2.21390724	2.22073340	2.24135756	2.26024818	2.27314019	2.28703809	2.30179691	2.32260609	2.34158039	2.35914826	2.38405252	2.42171240	2.47866011	2.53395534	2.58485270	2.64680386	2.67538261	2.64171147	2.57986045	2.51946902	2.48574448	2.52875113	2.56853271	2.57661366	2.54777884	2.50007224	2.44085598	2.36661887	2.31054974	2.28163075	2.26463723	2.22400641	2.17709017	2.13291144	2.09296083	2.05119681	2.01840973	2.00105572	1.99158871	1.98927987	2.00021720	2.01280880	2.02317286	2.02951241	2.02819896	2.01377344	2.00021601	1.98546171	1.97170460	1.96038556	1.95219421	1.94987440	1.95123386	1.95986080	1.97196126	1.97635913	1.98887539	1.99559021	1.99803805	1.99688315	1.99191880	1.98607445	1.98377120	1.97828007	1.96936262	1.96327269	1.96260154	1.95971751	1.95743656	1.96007645	1.97345805	1.99228644	2.00301504	2.01281977	2.01897573	2.00885606	1.99610484	1.97460580	1.95399094	1.93766665	1.92281353	1.91039670	1.90861011	1.91147923	1.91673958	1.92583609	1.94607222	1.96350694	1.98219109	2.00314283	2.02434564	2.04699898	2.06154037	2.06969833	2.07423735	2.07895947	2.06770873	2.05711317	2.04397488	2.02729011	2.00824952	1.98233557	1.95726633	1.93518102	1.91600180	1.89743304	1.88185859	1.87641799	1.87711787	1.88123155	1.88729990	1.90652859	1.92370701	1.93679941	1.94652760	1.95636964	1.96508241	1.96703517	1.96822143	1.97309089	1.98454785	1.99217474	2.00042272	2.01251459	2.02869153	2.04621482	2.06142020	2.07340980	2.08550215	2.09792042	2.10779452	2.12272429	2.13112402	2.13219571	2.12580442	2.11247635	2.09649754	2.06305432	2.02130866	1.97754967	1.93519258	1.89504230	1.86136603	1.83505332	1.81455433	1.79587996	1.79001892	1.79047775	1.79740858	1.80640173	1.80848598	1.81077695	1.80962372	1.80937266	1.81342947	1.82426071	1.82756293	1.82568371	1.82985842	1.84157348	1.85256577	1.86830139	1.87854779	1.88079917	1.87369359	1.85701215	1.83123255	1.80565190	1.77722728	1.74742770	1.72223389	1.71260214	1.71968210	1.74967694	1.80722833	1.89541626	1.97476685	2.04540205	2.09890556	2.11875057	2.08029914	2.00198698	1.94924188	1.97450626	2.12858248	2.46063399	2.83413363	2.96198440	2.86424398	2.61335683	2.33415771	2.17068648	2.07303309	2.04247427	2.05681968	2.07041121	2.30721116	2.64190340	2.88254738	2.89051366	2.58048153	2.45301795	2.68827987	2.95680952	3.07967496	3.02846909	2.90714550	2.81729841	2.77582979	2.72640681	2.53946257	2.33764410	2.10216665	1.91017342	1.79681468	1.75524843	1.80622578	1.90066981	2.02426839	2.16799259	2.32809734	2.41486096	2.35708141	2.16930246	1.88809216	1.57204378	1.33473456	1.17024267	1.06626487	1.00801909	0.978243291	0.960330129	0.953606129	0.953273296	0.955389559	0.956867397	0.938055634	0.887759328	0.813608110	0.726887703	0.642539799	0.587954521	0.559869826	0.559890628	0.586349845	0.634308159	0.695941567	0.760297894	0.817461133	0.864955306	0.907744944	0.952286363	1.01165855	1.10470593	1.23782516	1.40496492	1.57795238	1.69538736	1.74784267	1.74254048	1.70335400	1.75399780	1.91009927	2.11008382	2.30269766	2.44700813	2.52419090	2.54044914	2.51467824	2.46228242	2.39517689	2.33049822	2.28250957	2.25109553	2.23359156	2.22478151	2.20997000	2.19610429	2.18056750	2.16742539
78.0000000	2.21969008	2.24824905	2.28709292	2.32999873	2.37355828	2.41717911	2.42385769	2.39555168	2.34272194	2.28438115	2.24809599	2.30211711	2.45247412	2.65663981	2.85724068	2.98205590	3.08240676	3.24144769	3.28293777	3.13306260	2.82043719	2.71068335	2.72043967	2.75152016	2.73972988	2.65486479	2.49662638	2.34396577	2.22004414	2.12769294	2.04941463	1.99097800	1.94957864	1.92760801	1.92368400	1.93265033	1.95011747	1.97611737	2.00439119	2.03185940	2.05862141	2.08559251	2.10667133	2.11998796	2.12564087	2.12569833	2.13655186	2.13902998	2.13914585	2.13949180	2.13924098	2.14942145	2.16006494	2.16985869	2.17371416	2.16276813	2.15087533	2.13691235	2.13434792	2.15015864	2.18483043	2.21953630	2.22813654	2.21181846	2.18580341	2.17934775	2.19180632	2.20301151	2.19141936	2.15533090	2.11289072	2.09979963	2.11729836	2.14413643	2.16659307	2.17847967	2.19084668	2.20457649	2.22780538	2.25824451	2.28317976	2.29039264	2.29323483	2.28664637	2.27334619	2.26383305	2.24692798	2.25358629	2.27144027	2.29832745	2.34228992	2.39062142	2.45746017	2.54087424	2.62897873	2.69993496	2.73376107	2.73550749	2.73195744	2.73941135	2.76369047	2.73248291	2.64234424	2.54169846	2.46353579	2.42541265	2.39333344	2.33061290	2.28581142	2.28326726	2.32309389	2.31473327	2.27347136	2.21496344	2.15066791	2.08784819	2.04322076	2.00011086	1.97034764	1.95590794	1.94891763	1.96048450	1.97204077	1.98122931	1.98131108	1.96116769	1.93730891	1.90848362	1.88090730	1.85878432	1.84430647	1.83126175	1.82263875	1.82231724	1.82926118	1.83751953	1.85615230	1.87202227	1.88646591	1.89869583	1.90580106	1.90678942	1.91261876	1.92571306	1.94448900	1.96335709	1.98380494	1.99175429	1.98258722	1.96656203	1.96881270	1.96664488	1.96331716	1.95600319	1.94301987	1.92382932	1.91136622	1.88717330	1.86321640	1.84603226	1.83672869	1.84144747	1.84634721	1.85894597	1.88068187	1.90691364	1.93253803	1.96308196	1.99464643	2.02170467	2.03710032	2.05292082	2.07159829	2.09231043	2.11120439	2.12139750	2.13122582	2.13839722	2.13806176	2.12712741	2.10426188	2.06505704	2.02659416	1.99798822	1.97845447	1.95730770	1.93977225	1.92994320	1.92735755	1.93230927	1.94584846	1.97269654	1.99565697	2.02054119	2.04641509	2.06560040	2.08197498	2.08474016	2.08490825	2.08607197	2.08440661	2.08859634	2.10465837	2.12196255	2.13934970	2.16513205	2.19520426	2.21207237	2.22032619	2.22315979	2.22237182	2.20967722	2.18955827	2.16937327	2.15148425	2.13325715	2.12021947	2.10139704	2.07914758	2.05620384	2.03567243	2.01196313	1.98678529	1.95673537	1.92183304	1.88552308	1.84995604	1.82146764	1.79768562	1.77940631	1.77059472	1.76645565	1.76664901	1.77332699	1.78858161	1.81444371	1.83465171	1.83863866	1.83868897	1.84084725	1.84491825	1.85180902	1.86372232	1.87669516	1.88848078	1.89854801	1.88187051	1.89790726	1.90107751	1.86609578	1.78797090	1.76970267	1.76244736	1.77748036	1.82306015	1.90442657	2.00271297	2.10223937	2.16537857	2.17202497	2.11959195	2.05589724	1.98130214	1.93182325	1.94418430	2.05581617	2.28037572	2.54223537	2.77889013	2.91265297	2.85065198	2.61939287	2.37582397	2.15920472	1.99264622	1.88311100	1.96689773	2.27431440	2.68748617	3.06185412	3.22617364	3.68926191	3.85888767	3.67346072	3.24537325	2.86100149	2.65650654	2.52428436	2.37346363	2.20223570	2.09785700	2.01148939	1.88835788	1.77314889	1.70741260	1.72956419	1.82274270	1.93617666	2.05606580	2.17686224	2.30127215	2.39345789	2.37466025	2.24572349	2.03087330	1.77771795	1.55067015	1.37883174	1.26170278	1.20105350	1.20092511	1.24264729	1.25147843	1.21163261	1.12737608	1.02302659	0.919297695	0.819016159	0.725552738	0.643302381	0.577684820	0.542509079	0.537011147	0.553975999	0.586954176	0.630262315	0.679202676	0.714671791	0.727909744	0.727348149	0.738609672	0.827949166	0.980664313	1.16963673	1.37286365	1.57345819	1.71706498	1.78307939	1.79343128	1.80114746	1.89035308	2.12160063	2.42461085	2.66110158	2.77383423	2.78661370	2.72699666	2.63750648	2.55168200	2.48409677	2.43035936	2.38818264	2.35430861	2.33039331	2.31448197	2.30101252	2.27468824	2.24596429	2.22294521	2.21055913
77.0000000	2.35205269	2.38141537	2.40878391	2.43589354	2.46050906	2.47642565	2.46934724	2.44634056	2.41739702	2.38008475	2.31955099	2.28501797	2.30984688	2.40391946	2.54987574	2.70311236	2.78303647	2.82139039	2.76093721	2.60038352	2.39437985	2.35414743	2.38704586	2.41063881	2.37938595	2.28464103	2.18403769	2.10890055	2.06344604	2.03970027	2.01749969	1.99219441	1.97003436	1.95845616	1.95830357	1.96382666	1.97180665	1.98160589	1.99970639	2.02686334	2.05810690	2.08607936	2.11057830	2.12771559	2.13367534	2.12471557	2.11393642	2.10836554	2.10384488	2.10175848	2.10903001	2.11819625	2.13483834	2.15532517	2.16613197	2.14384055	2.10812020	2.11399651	2.19014883	2.33119273	2.49767947	2.47444296	2.39273262	2.29728365	2.22627115	2.21130991	2.25190210	2.26169729	2.22116041	2.12972856	2.00581217	1.98144817	2.01889992	2.07171488	2.11214185	2.13113022	2.13754845	2.14089823	2.15455413	2.17908812	2.20226812	2.22201300	2.22915554	2.23034883	2.23122716	2.23640633	2.25008607	2.27641129	2.30508590	2.32939577	2.34620953	2.37812042	2.43829608	2.51168323	2.57373238	2.59039664	2.57468081	2.56413150	2.57159615	2.59706855	2.62768912	2.66587567	2.68254447	2.66368937	2.60664558	2.52008867	2.46742582	2.43903327	2.45966387	2.51891088	2.57120872	2.50164843	2.38034892	2.26224422	2.18507957	2.16941118	2.15718579	2.12870383	2.08500957	2.03351593	1.98800492	1.94345295	1.91048753	1.88532448	1.86568236	1.85078180	1.85347891	1.84709895	1.83883584	1.82964897	1.81426346	1.79374790	1.78668344	1.78853285	1.79774058	1.81573129	1.84238338	1.85480571	1.85655725	1.85173368	1.84496772	1.83468258	1.82965088	1.84181714	1.87193012	1.90954268	1.94259298	1.96893358	1.96140814	1.92998374	1.92175305	1.90017474	1.88225532	1.86457765	1.84521425	1.82372761	1.81775427	1.81078804	1.80483687	1.80565226	1.82272756	1.84623575	1.87769043	1.90743053	1.93289065	1.95859921	1.97664070	1.99302709	2.00718451	2.01947689	2.03120685	2.05255723	2.07512045	2.09645629	2.11452413	2.12768245	2.13382983	2.13546324	2.13403678	2.13020229	2.12381101	2.08287191	2.05842328	2.04900289	2.04992723	2.05329347	2.05412626	2.05082154	2.05350590	2.06435227	2.07757807	2.08518481	2.10239577	2.12135291	2.13822198	2.15319300	2.15733910	2.15751839	2.15931487	2.16374040	2.16723490	2.17611361	2.18300557	2.19462490	2.21218014	2.23137188	2.25226998	2.25988412	2.25224710	2.23270416	2.20991254	2.19114685	2.16395140	2.13762021	2.11556101	2.09529495	2.07953310	2.06799006	2.06388831	2.06368327	2.05706429	2.04069114	2.02379990	1.99906003	1.96805012	1.94125533	1.90865517	1.86681890	1.82561362	1.79139543	1.76700985	1.76202250	1.76892269	1.78461707	1.80524349	1.82616985	1.84019351	1.83997738	1.83740449	1.84990168	1.90044165	1.89971554	1.92049932	1.94354260	1.95015764	1.92221916	1.90925503	1.88205981	1.84422016	1.81144190	1.81154966	1.85170221	1.87083185	1.87187576	1.86389542	1.86207592	1.87800848	1.93396211	1.98215222	1.99802768	1.98026919	1.93995774	1.92423642	1.92182899	1.93982363	2.00367355	2.01005483	2.04170728	2.09469867	2.15322924	2.18963122	2.22149587	2.25853086	2.27836847	2.26498222	2.20868421	2.15769482	2.20412827	2.37722921	2.68637466	3.12107539	3.40729451	3.31729913	3.02397943	2.69405913	2.48809886	2.40906978	2.26524162	2.11170149	2.00265670	1.99143636	2.06718516	2.15257859	2.24445343	2.36615658	2.56754851	2.84758401	3.12537742	3.37159920	3.55834079	3.65911341	3.66258979	3.49392080	3.19399476	2.81816196	2.43623447	2.11124516	1.84483218	1.65155351	1.53449619	1.48527694	1.46849346	1.40321016	1.28860784	1.14189827	0.998324335	0.885357916	0.792334855	0.711960554	0.644468665	0.597620904	0.574171603	0.573506892	0.591089249	0.621357203	0.657725096	0.696124911	0.717525601	0.718943357	0.712379158	0.724818587	0.825404763	1.01816797	1.28717613	1.59616339	1.88853049	1.96036637	1.91168427	1.85775220	1.91418743	2.19695663	2.57359123	2.88091850	3.03844786	3.03726983	2.94006038	2.82552981	2.69961476	2.59400678	2.51857948	2.46139097	2.40973043	2.37186527	2.34262061	2.32286191	2.31949687	2.31627846	2.31588888	2.32013798	2.32609630
76.0000000	2.44113088	2.44775963	2.43857074	2.43147588	2.43238759	2.43522120	2.43788505	2.43452406	2.42892671	2.41799831	2.39175892	2.35074258	2.31577063	2.30008721	2.30355382	2.31265187	2.30213380	2.28699374	2.24631023	2.18425202	2.13007641	2.10952711	2.08693743	2.06099486	2.03122306	1.99798274	1.97029173	1.97175765	1.98799181	2.00621772	2.01527500	2.01913881	2.02484512	2.03418541	2.04464412	2.04939795	2.04413247	2.04192424	2.04916310	2.06559443	2.08431935	2.10375571	2.11650014	2.11928511	2.11245680	2.09997272	2.10146236	2.12421584	2.15363812	2.17969084	2.19689560	2.20081925	2.20042753	2.19268370	2.19030666	2.22176909	2.41504192	2.59952044	2.64439988	2.52485490	2.32204032	2.16831088	1.98891926	1.88970876	1.89340174	1.93959963	1.95736766	1.95298457	1.92881978	1.89188397	1.85382998	1.87131655	1.92215860	1.99053752	2.05780029	2.10246038	2.12286568	2.13303781	2.14446735	2.15994501	2.17356253	2.18845606	2.21867418	2.25722528	2.29540777	2.32280993	2.35027719	2.40619922	2.49208140	2.59566689	2.69093847	2.74109960	2.73961973	2.70345259	2.64088345	2.55152965	2.48422360	2.45255423	2.44022965	2.43769598	2.44213676	2.45481014	2.44279313	2.39191079	2.31628823	2.25834990	2.23546338	2.21886969	2.21455336	2.23592639	2.30382824	2.30391026	2.22975302	2.13387227	2.07996440	2.14290762	2.16648650	2.14605188	2.08871961	2.00938702	1.93073499	1.86150408	1.80760968	1.76435328	1.73353624	1.72346020	1.72400987	1.73378706	1.74369991	1.74600720	1.73431790	1.73487008	1.73835778	1.74551523	1.75980985	1.78744328	1.81101370	1.78092170	1.71372700	1.62474191	1.52803063	1.56333005	1.56919050	1.57905746	1.60993302	1.66237617	1.70226419	1.73896265	1.75481009	1.74899113	1.73753631	1.71778822	1.70443308	1.69241762	1.67850995	1.66129851	1.66873765	1.68070221	1.69650054	1.71719122	1.74558485	1.76966143	1.80453229	1.84789968	1.89542520	1.94073129	1.97402561	1.99373579	2.00528479	2.01306701	2.02044916	2.04268551	2.06720090	2.08095741	2.08482122	2.09355807	2.08917499	2.09051156	2.09611988	2.10365176	2.10985661	2.10283947	2.10505009	2.11588144	2.13074327	2.14106035	2.14655638	2.14379573	2.13484097	2.12398148	2.11773586	2.11829281	2.12698126	2.14136982	2.15578818	2.16132569	2.16094637	2.15654492	2.15837407	2.16643000	2.17045212	2.18386507	2.20304775	2.22036195	2.23187518	2.23736143	2.23943615	2.23006940	2.21036458	2.18458104	2.16013336	2.12208509	2.09028530	2.06568742	2.04496098	2.02048850	1.99634397	1.98259568	1.96864367	1.95256948	1.94113457	1.93338096	1.92312634	1.91488719	1.90661967	1.88972020	1.87522399	1.85148454	1.82599509	1.80342960	1.78564417	1.79314888	1.81970704	1.85608077	1.88953829	1.90385306	1.92395520	1.94442236	1.96730030	1.98854721	1.99803305	1.99524856	2.00137186	1.99766445	1.99118996	2.01481748	1.99021935	1.95526755	1.89216471	1.82677257	1.82861185	1.87870717	1.89631593	1.88929510	1.85296524	1.77010858	1.78900290	1.82136428	1.86045504	1.90558743	1.96212327	1.93483925	1.89725065	1.89722943	1.93037772	1.94002819	1.96847618	2.00154209	2.02909207	2.05893612	2.11683059	2.19168377	2.25256252	2.30139899	2.33853292	2.36271048	2.38225603	2.38749361	2.47087812	2.62628531	2.74901056	2.60922694	2.40320039	2.23392344	2.13828301	2.08706069	2.04884982	1.97671771	1.95391774	2.04044104	2.27301693	2.72451425	3.33065653	4.01948166	4.71979427	5.36116982	5.70078897	5.78120232	5.53809977	5.02153826	4.39594507	4.19701195	4.17917585	4.12934732	3.92578530	3.53809333	3.07695675	2.63656402	2.24818492	1.94707561	1.77247536	1.73729861	1.69989359	1.61050248	1.45164907	1.23813796	1.02672863	0.870541751	0.757601023	0.683494806	0.651377082	0.645023048	0.655988574	0.681479573	0.718122244	0.761963487	0.807012379	0.851422489	0.898922801	0.947958827	0.991692245	1.01981175	1.08228707	1.25278091	1.57470584	2.06122327	2.47160840	2.66264439	2.70932531	2.72079372	2.84034133	3.10903907	3.31489205	3.42250824	3.42193389	3.32865429	3.17860508	2.98610854	2.79267049	2.62987208	2.51936674	2.47171497	2.44334912	2.43583512	2.44076276	2.43974733	2.44531178	2.44615412	2.44385004	2.44094205
75.0000000	2.43792534	2.39953303	2.35579300	2.32376862	2.30767322	2.29886913	2.29620314	2.29367447	2.28029299	2.25527883	2.22806168	2.21838546	2.21940064	2.22415042	2.22481966	2.21273589	2.18110871	2.15418029	2.12540245	2.09293890	2.05966496	2.01653147	1.97779703	1.95514715	1.95069551	1.95698321	1.97595441	2.00340080	2.03594828	2.06680703	2.08577275	2.07359362	2.06117392	2.04501724	2.02550983	2.00692177	1.98474848	1.98000753	1.99009943	2.01356864	2.05010390	2.05976653	2.05981350	2.04485202	2.01883578	1.99506199	2.02213001	2.07597566	2.14217591	2.20670772	2.25594354	2.23929930	2.18594670	2.14454865	2.21334743	2.54016566	3.10243678	3.21529937	2.88701868	2.34245443	2.02306104	1.92204964	1.89197135	1.88261199	1.87096572	1.86123407	1.79252553	1.76050484	1.76810694	1.80730700	1.85912037	1.93264532	1.99315560	2.04503775	2.08633041	2.10872412	2.12075901	2.12175059	2.12229443	2.12874031	2.14319205	2.18134618	2.23339486	2.29891300	2.37350345	2.44879484	2.54540157	2.69136000	2.83531117	2.94667864	3.01566458	2.99270654	2.88271356	2.74153566	2.60050774	2.46644998	2.36128569	2.25299335	2.17638898	2.14739680	2.16304779	2.14018369	2.07625508	1.99627864	1.93018997	1.91284382	1.94432914	1.96959805	1.99383020	2.03886175	2.14318442	2.17481184	2.15080643	2.10091877	2.07194781	2.12774277	2.14167261	2.11865878	2.05602956	1.96554661	1.87340450	1.82617509	1.79988492	1.78823149	1.78192091	1.76867020	1.75918019	1.74826813	1.73594153	1.72143447	1.70320749	1.69014692	1.68149900	1.67627966	1.67937994	1.70156562	1.70921779	1.64636350	1.56910062	1.49835467	1.41987884	1.37137508	1.33320534	1.31878376	1.33663118	1.39037275	1.44475603	1.47116554	1.49395013	1.52422643	1.55987883	1.55200064	1.54740679	1.54218483	1.53763175	1.54025567	1.54041207	1.55021489	1.56935918	1.59590149	1.62626100	1.66191447	1.69911706	1.74655569	1.80363846	1.86049485	1.89913523	1.93463874	1.95444512	1.95984077	1.96595943	1.96104705	1.95492983	1.95603764	1.96374810	1.96838570	1.97530520	1.97355604	1.97174597	1.97325087	1.97621489	1.98804355	2.00511456	2.03169346	2.06533027	2.09685874	2.10888886	2.12574220	2.12935162	2.11784077	2.10552216	2.10785079	2.11617088	2.12201333	2.12656569	2.14067268	2.15910840	2.15897441	2.15904474	2.16274428	2.15814948	2.15343595	2.16394186	2.17151237	2.17068672	2.16869617	2.16765904	2.16030383	2.14573121	2.12192798	2.08576536	2.04219413	1.99314892	1.94425035	1.90096331	1.86859930	1.84102976	1.82129943	1.81117988	1.81185615	1.82392561	1.82410133	1.81807089	1.80750942	1.79723835	1.79522777	1.77786458	1.77106321	1.77280605	1.77941597	1.78555632	1.79607177	1.82895422	1.87859523	1.93568254	1.98719859	2.02301383	2.06544924	2.09185219	2.09601831	2.08819366	2.10110211	2.13461137	2.15594769	2.14867282	2.11268449	2.10459590	2.05333233	1.97950721	1.90587592	1.85733497	1.86409163	1.85059750	1.84163582	1.84709096	1.86194921	1.88111222	1.91879487	1.97215819	2.01917100	2.01861095	2.02972889	2.02930331	2.04455948	2.08285904	2.13170123	2.19292355	2.23471355	2.23964691	2.21202779	2.17788887	2.12161684	2.09453988	2.08757043	2.11099434	2.19447064	2.30414295	2.33969593	2.40507722	2.46461701	2.34302711	2.04507518	1.83722425	1.73945510	1.71993625	1.69502628	1.62597060	1.58592999	1.59114814	1.64765072	1.75124586	1.91315246	2.11376810	2.33344197	2.55729723	2.77523232	2.94762635	3.08425689	3.15722084	3.11682796	2.89160228	2.74594641	2.96335077	3.37755442	3.75352836	3.78747129	3.46315956	3.02003646	2.57880688	2.23132730	2.04060841	2.00744319	2.00532556	1.97509742	1.87428522	1.67710054	1.36338413	1.08222950	0.867185414	0.731604457	0.668643117	0.657001138	0.672918558	0.711081505	0.766206384	0.833040655	0.906146586	0.989032388	1.08954811	1.20551121	1.32470560	1.38482070	1.41251814	1.47839403	1.63829279	1.93330824	2.40172887	2.92128968	3.32539153	3.52806115	3.52394915	3.56324625	3.73916602	3.90265369	3.96063399	3.87600684	3.59524584	3.28131080	2.99594522	2.77009988	2.60393596	2.53435206	2.51079106	2.51781225	2.53793478	2.55163550	2.54993105	2.53497076	2.51166463	2.49123931
74.0000000	2.40410709	2.30541134	2.22900414	2.16775870	2.11791921	2.07910132	2.06510806	2.08027673	2.09509420	2.09831429	2.09695935	2.11039972	2.13102365	2.16172481	2.19307566	2.20332789	2.19105935	2.16565418	2.12551427	2.07744265	2.03664231	2.00023484	1.98215163	1.98934758	2.01681161	2.04756689	2.07564616	2.08280706	2.07454395	2.05564809	2.03020716	2.03054500	2.02558088	2.01739264	2.00386047	1.97866762	1.94813633	1.91824973	1.90435386	1.90789521	1.91642094	1.90775168	1.88346279	1.85905063	1.84568489	1.85020804	1.90099096	1.96725452	2.04176116	2.10960674	2.14822149	2.12456107	2.17797065	2.32710195	2.52989888	2.68359733	2.51074028	2.39038277	2.31163836	2.21692657	2.00197291	1.84496450	1.77698338	1.76186979	1.77174222	1.78699636	1.77054310	1.76321650	1.77755308	1.81179941	1.84991133	1.89387715	1.95359421	2.01380920	2.06730747	2.11491513	2.13991570	2.14574385	2.14970970	2.17229462	2.23715019	2.34298801	2.38147593	2.38199067	2.35722876	2.30320597	2.32060266	2.35862160	2.38920689	2.40140247	2.40135217	2.36976027	2.31867290	2.24874043	2.17038321	2.10379052	2.05069160	1.96333766	1.88743091	1.84803712	1.84958327	1.85182595	1.82439971	1.78907740	1.77211821	1.80426633	1.88436806	1.93587053	1.96504223	1.98615646	2.02149081	2.02473998	2.01903319	2.00597668	1.99794638	2.01808929	1.98617363	1.94562459	1.92701960	1.92592704	1.90290678	1.90862072	1.91858494	1.92447245	1.92139995	1.90792716	1.87161922	1.83941877	1.81029654	1.78117251	1.74691594	1.71455479	1.70427704	1.69335473	1.67550397	1.66088486	1.67014861	1.66121721	1.64086747	1.61250210	1.57615066	1.51338577	1.46152318	1.44846618	1.47095501	1.49456644	1.52463901	1.55524909	1.58441925	1.60278606	1.59360015	1.58356667	1.57527888	1.56600201	1.55781567	1.55761302	1.55719757	1.56452417	1.58012044	1.60265982	1.62896180	1.65479410	1.66723108	1.68635738	1.72350538	1.78125548	1.83849978	1.89342964	1.93124330	1.94305682	1.92590129	1.90154254	1.87705708	1.85089350	1.82692945	1.81447089	1.82177281	1.82988274	1.83712661	1.84790015	1.87266862	1.89897549	1.92785358	1.95586157	1.98007941	1.99810684	1.99943089	1.99204934	1.98416972	1.97902012	1.97485137	1.98875737	2.01143265	2.03968501	2.07081246	2.10260487	2.13036203	2.13468933	2.12954116	2.12064719	2.10551167	2.09148717	2.07183385	2.05028653	2.02859306	2.00651217	1.99214220	1.99315858	1.99191475	1.97851217	1.95079887	1.90565312	1.86423087	1.82901239	1.80143380	1.78188586	1.75886750	1.74489665	1.74178302	1.74725199	1.75494552	1.75599551	1.74758863	1.73911893	1.73332274	1.72627878	1.71444809	1.71185124	1.71577656	1.72707987	1.75018406	1.79321682	1.83731163	1.88896203	1.97875547	2.16137266	2.41360974	2.44216418	2.32019806	2.14805079	2.05324197	2.08434367	2.13620162	2.13474488	2.08667922	2.07949066	2.09749484	2.10186505	2.06992841	2.00527477	1.93775594	1.93821478	1.95154810	1.93927109	1.90384912	1.88869750	1.92250776	1.95552933	2.01561403	2.08852053	2.11791468	2.04118347	2.01392770	2.04204917	2.10660291	2.16379857	2.15517473	2.19412684	2.24768901	2.31340408	2.41932178	2.40758848	2.36459708	2.29182196	2.25185657	2.36841249	2.62118626	2.64160347	2.47836328	2.19620800	1.87592375	1.97661459	2.08513069	2.04737735	1.85478008	1.64428437	1.62851453	1.61080730	1.58486795	1.55715299	1.54686975	1.54194117	1.58146226	1.65286243	1.74519110	1.84911847	1.98828173	2.16646171	2.37573409	2.58913589	2.76066613	2.69567108	2.45292854	2.42998505	2.75553107	3.28940201	3.34880280	3.03446007	2.54533577	2.08777308	1.87549686	1.95992875	2.04988527	2.07987642	2.01075983	1.82973945	1.55593324	1.33144295	1.15757608	1.02387941	0.908138275	0.861357272	0.870832086	0.878432930	0.863012195	0.840405583	0.911627531	1.05341744	1.21801186	1.37911892	1.53191924	1.76093245	2.00532770	2.22151828	2.36368179	2.38375592	2.38774776	2.53315139	2.76695728	3.01406002	3.17725968	3.37584496	3.59764290	3.79103661	3.88008070	3.76450157	3.49930453	3.19772911	2.92762303	2.72228956	2.58048773	2.54204464	2.52037835	2.52366161	2.54452848	2.56007361	2.57109284	2.55907393	2.52690983	2.49343729
73.0000000	2.36277556	2.32966495	2.29706860	2.26348877	2.22969866	2.19874358	2.18387699	2.17100692	2.15855622	2.14567924	2.13226414	2.13512540	2.13819242	2.14000106	2.13359594	2.10653210	2.09527349	2.08923078	2.07577538	2.05562782	2.04285908	2.03269005	2.03688025	2.05496359	2.08026338	2.09989190	2.11294270	2.11297631	2.10340428	2.08516145	2.05670667	2.01397276	1.98315597	1.95995688	1.94290912	1.93337810	1.91496742	1.89239705	1.87353456	1.86079466	1.85114062	1.83469534	1.81589115	1.80122471	1.79588914	1.80377424	1.85247791	1.91175413	1.97027898	2.01121306	2.01220155	2.01841617	2.18270302	2.46327162	2.66695666	2.44921541	2.12054992	1.83005464	1.65029347	1.60389853	1.66357160	1.67449141	1.67732263	1.67896461	1.68436790	1.69653356	1.71817195	1.75325036	1.79042816	1.82470977	1.85744536	1.89223421	1.92057204	1.94002557	1.96271276	2.01530218	2.06847215	2.09850073	2.11581254	2.15940571	2.29685044	2.51347899	2.48527980	2.29454517	2.06326509	1.95312726	1.98133016	2.03513646	2.07625389	2.08915424	2.08107495	2.05031466	2.02241135	1.99906409	1.97447526	1.93535101	1.86535609	1.81109893	1.77409744	1.75102460	1.73370945	1.73263633	1.74433267	1.76381111	1.78843379	1.81791317	1.87396944	1.90742588	1.90426064	1.87788343	1.86913538	1.90909445	1.93695211	1.92614639	1.87743187	1.81888127	1.80183351	1.77931583	1.74798179	1.72012258	1.72366416	1.77430940	1.80272901	1.81557369	1.81476545	1.79749715	1.73212147	1.66262734	1.61875427	1.60267830	1.58901215	1.61594117	1.64130247	1.66298437	1.67832983	1.68413961	1.68823659	1.69083881	1.70168853	1.72218478	1.74538529	1.70189583	1.61758518	1.58728433	1.61375427	1.60768449	1.61991107	1.61771083	1.60627615	1.59425116	1.59373426	1.60436320	1.62169111	1.63848662	1.65138352	1.66088092	1.65463340	1.64820147	1.64121711	1.63642371	1.63967502	1.65258634	1.66273534	1.67882514	1.70509529	1.74131954	1.79772663	1.83494353	1.85040426	1.84326041	1.81437957	1.76242638	1.71868825	1.68753731	1.67338121	1.68066263	1.70937955	1.74330842	1.77652001	1.80395412	1.82141912	1.84511364	1.86768305	1.89384854	1.92214978	1.94494677	1.93531203	1.92995155	1.92789376	1.92494476	1.91368794	1.91706645	1.93788493	1.95932770	1.97600341	1.99394464	2.01987600	2.03681254	2.04006219	2.03135443	2.01884270	2.01535726	2.00841737	1.98839259	1.95491385	1.91687381	1.89288986	1.87222958	1.85727847	1.84769428	1.84040856	1.82670450	1.80507684	1.78583050	1.77209485	1.75982404	1.73475289	1.71825767	1.72288346	1.74157882	1.74769676	1.73277235	1.70830941	1.68549585	1.67062092	1.66507661	1.65276027	1.64301312	1.65278459	1.68384182	1.72277069	1.79650295	1.84644747	1.90050554	2.01860714	2.29271150	2.56552935	2.51081371	2.28476095	2.03862333	1.91870999	1.93138611	1.94033420	1.94242764	1.94690037	1.97534692	2.04111648	2.07369685	2.07761645	2.05476832	2.00441074	1.97558296	2.00251365	2.02627134	2.02213907	1.99961412	1.98906767	1.95924890	1.98353493	2.04729342	2.04788375	1.96719527	1.90436065	1.93331718	2.02873397	2.06601214	1.99603939	1.99805164	2.03410864	2.06872916	2.06889272	2.17003155	2.29615951	2.27338028	2.13687563	2.13090491	2.46000099	2.46680069	2.24730611	1.95977783	1.82473528	2.19995260	2.62036180	2.78431749	2.54247117	1.89777005	1.71009898	1.74666321	1.81713247	1.82780683	1.78161716	1.73371387	1.70184445	1.68480742	1.69655824	1.76620913	1.87237263	2.02188563	2.22369814	2.46160817	2.69426274	2.73125911	2.52317834	2.29046440	2.24889517	2.60958433	3.12683845	3.18925095	2.84967613	2.32464266	1.99435127	1.96508646	1.96410084	1.96413076	1.93912446	1.86424267	1.70086622	1.54661810	1.42266107	1.31735539	1.18625796	1.07142889	1.00041258	0.961724281	0.938002527	0.906009197	0.988283694	1.15167236	1.37682414	1.66239274	2.02503562	2.33942366	2.56512904	2.71785021	2.85286021	3.06500554	3.22877121	3.24580956	3.21631336	3.23967624	3.41449308	3.58819890	3.70743394	3.68536830	3.52426291	3.31546664	3.08905983	2.88202953	2.72720647	2.63582540	2.59752464	2.59784436	2.61657357	2.64168549	2.67075682	2.71096826	2.68944097	2.61574173	2.52237296	2.45063710
72.0000000	2.55425143	2.49202561	2.43705249	2.39375758	2.35927558	2.32344699	2.30932689	2.29704666	2.28492498	2.27070308	2.25154638	2.24284649	2.22766542	2.20982575	2.19506907	2.19105434	2.20438480	2.23259616	2.25920892	2.27695227	2.28776526	2.27206373	2.23545289	2.19798350	2.16501045	2.12719131	2.10670829	2.07400990	2.02534175	1.96511710	1.90591705	1.89396036	1.89701223	1.90004075	1.89196599	1.86565876	1.83445489	1.82164311	1.81279612	1.80285811	1.79614294	1.77254760	1.74015677	1.71797049	1.71329582	1.72174704	1.77956903	1.85972428	1.92993820	1.96491468	1.94633543	1.91127944	2.02299047	2.20511055	2.33448672	2.24117184	1.97406304	1.71656811	1.60284364	1.64575803	1.73689127	1.73168910	1.72911012	1.73632276	1.75383127	1.77547586	1.78300333	1.80868602	1.84778929	1.90015364	1.97019577	1.90325952	1.85945308	1.86209512	1.90675771	1.96126831	1.98882771	2.00709581	2.03064132	2.06670213	2.11518383	2.17924714	2.14787316	2.07584119	2.01702952	2.02441621	2.07931972	2.12175941	2.17381239	2.23736286	2.29410505	2.29137588	2.26539183	2.22394538	2.16435027	2.07344246	1.97986197	1.90479231	1.84465063	1.80855536	1.81832671	1.85814416	1.93478322	2.02377176	2.12121105	2.24377227	2.36910129	2.40886760	2.42938447	2.43285608	2.35737514	2.06912827	1.92171788	1.88492155	1.89871979	1.87329519	1.81000412	1.76923001	1.72903681	1.69181359	1.68427479	1.81867850	1.90677273	1.91232932	1.86219847	1.84630907	1.80112028	1.70513129	1.64028239	1.62663269	1.62235820	1.58374250	1.59190166	1.62183976	1.65372550	1.67289233	1.68252349	1.69983649	1.72540700	1.75872827	1.79820776	1.73079228	1.65262389	1.56873643	1.49971378	1.48169017	1.51309943	1.53965867	1.56219947	1.57445288	1.56304991	1.59761548	1.60589957	1.61045539	1.61867869	1.62280822	1.63184714	1.64091945	1.66222525	1.69304121	1.71571970	1.73088157	1.74188435	1.75753999	1.77445781	1.77704394	1.77289093	1.76721597	1.74964511	1.71887517	1.68267310	1.63314998	1.59731317	1.57313013	1.56309319	1.57421958	1.62215829	1.69356775	1.76910675	1.83542526	1.88516366	1.89740181	1.90526378	1.90029228	1.88188672	1.85730183	1.86214399	1.86977458	1.87130678	1.86875963	1.87505567	1.89333677	1.90262115	1.91417825	1.93541110	1.96985793	2.01450896	2.04252338	2.05968094	2.06449008	2.04818797	2.03869081	2.02133656	1.99780858	1.96959078	1.93797052	1.91708291	1.89479637	1.88202608	1.87914944	1.87600589	1.88338482	1.89815795	1.90555489	1.90486348	1.90943134	1.91289198	1.90264058	1.88255143	1.85219479	1.80683649	1.75993812	1.72046947	1.69720685	1.68523026	1.66592503	1.63246727	1.62403572	1.63523650	1.66055775	1.69436920	1.73179972	1.74442148	1.75770879	1.80900693	1.94753289	2.21374440	2.21973038	2.06937242	1.87534606	1.75912130	1.75121164	1.79751205	1.86992013	1.93460083	1.95198572	1.95756996	1.99707806	2.06722379	2.14673758	2.19636703	2.13580227	2.05983353	2.04180670	2.08516383	2.12344384	2.00685787	1.92170203	1.86782277	1.84434175	1.84965754	1.74234474	1.70484722	1.78796482	1.95031011	2.05830789	1.97110951	1.96069324	1.97300649	1.98979044	2.02858019	2.14288330	2.21855545	2.17724323	2.06875920	2.07108402	2.33478141	2.52550983	2.51045156	2.31744981	2.13500547	2.31266260	2.37120295	2.35018873	2.37823510	2.67300987	2.82875538	2.74672723	2.53902030	2.30416632	2.12713337	2.04174137	1.98156631	1.92809904	1.88194883	1.86284411	1.89410675	1.97086883	2.09607959	2.28069568	2.54368067	2.71530962	2.71113944	2.55817795	2.42544460	2.62397027	3.18719172	3.78662491	4.10542583	4.05044794	3.75224590	3.31719065	2.91190076	2.59697676	2.38668680	2.24896669	2.08824587	1.93792772	1.79774761	1.65627491	1.49091470	1.31936848	1.18786347	1.10471928	1.07069099	1.07896912	1.23159909	1.53311861	1.90920031	2.31522083	2.73625994	2.98236895	2.91522932	2.89840007	3.21195269	4.05247068	4.70190191	5.00188541	5.01487589	4.83952665	4.61069202	4.34507132	3.99848843	3.60857725	3.22282839	2.89858985	2.72160649	2.63373756	2.61622620	2.64099455	2.67064404	2.69454026	2.69911146	2.69125676	2.67852736	2.66912699	2.64347315	2.61890411	2.59285569	2.57193875
71.0000000	2.64144254	2.59616947	2.54566002	2.50481009	2.48189044	2.47854805	2.47172999	2.45779562	2.44153309	2.42670083	2.41602826	2.40845656	2.41079688	2.42273045	2.44084263	2.45862341	2.47629237	2.48957562	2.49505162	2.48936272	2.46921778	2.42079282	2.40766454	2.42459917	2.44768763	2.43434429	2.35632992	2.29337168	2.21508837	2.10498834	1.96047306	1.92939198	1.90869987	1.89680922	1.88205671	1.84270251	1.79460883	1.75860119	1.73164058	1.71478796	1.71320295	1.70643985	1.69017243	1.67689979	1.67174637	1.67246187	1.70070720	1.76185429	1.81556761	1.84356236	1.84960580	1.86829698	1.89906394	1.93362236	1.94445002	1.88478923	1.77200735	1.70402622	1.68872499	1.71600223	1.75777614	1.76211131	1.77416766	1.79453146	1.82285082	1.85783422	1.89613402	1.95617580	1.99557674	1.98755252	1.92091894	1.81696200	1.76873720	1.78291190	1.84150028	1.90186298	1.92345703	1.94174647	1.95872927	1.96946812	1.96209049	1.92434561	1.93791330	2.02375054	2.16816235	2.32280135	2.31291151	2.29447699	2.33563447	2.46765685	2.68495440	2.80274391	2.68611026	2.49139428	2.32267427	2.23176384	2.24050736	2.22853303	2.19741583	2.16728115	2.17680430	2.26068926	2.37158370	2.44242787	2.47504759	2.54015303	2.63789678	2.60060573	2.52175283	2.45692563	2.42382836	2.12612224	1.91683662	1.83656538	1.85189152	1.85538733	1.82652676	1.80607140	1.79471302	1.78947902	1.78373337	1.87607491	1.94024754	1.92346144	1.84114754	1.77695763	1.84966946	1.94960821	2.00420499	1.98211026	1.89319491	1.73038650	1.68569934	1.74644113	1.84555960	1.86164308	1.79149473	1.74625266	1.75082469	1.79523146	1.83460677	1.76930296	1.65916681	1.57207239	1.53105366	1.51430440	1.50460875	1.49126565	1.48773837	1.49961972	1.52463055	1.51757097	1.49321818	1.49215591	1.51743782	1.53458869	1.54909050	1.56600022	1.58026671	1.59535587	1.62325275	1.69942510	1.76667368	1.82405388	1.86338329	1.86924338	1.82421577	1.77393281	1.74423420	1.74016309	1.74596715	1.75794709	1.78238964	1.80930698	1.83169854	1.84555233	1.87980402	1.93103039	1.99336481	2.04337955	2.04008484	1.94257820	1.87355757	1.82493472	1.79924095	1.80962753	1.83487546	1.84467924	1.85476220	1.87335575	1.90119994	1.94442725	1.98194933	2.02846956	2.07962179	2.11196876	2.15574360	2.18535566	2.20522714	2.21153617	2.19221711	2.18940353	2.20999408	2.21188045	2.17816377	2.11715245	2.12323213	2.11630440	2.10932350	2.10905814	2.11609244	2.18218708	2.28586769	2.35699034	2.38052201	2.39653945	2.41001725	2.41180754	2.36405635	2.25407004	2.09431410	1.98297775	1.88276184	1.78675246	1.70171130	1.64807785	1.62363017	1.62171555	1.63326740	1.65415800	1.68519890	1.72050011	1.72697878	1.71769857	1.71303463	1.74067271	1.90372872	1.97199786	1.90287197	1.73969448	1.61175978	1.63701522	1.78129375	1.96681523	2.08570409	1.99999166	1.93703842	1.98559177	2.08887792	2.18375778	2.20072746	2.07494974	1.95726132	1.91124249	1.93631709	1.96775401	1.90834534	1.87466848	1.85301018	1.82753241	1.78027284	1.68206906	1.64844036	1.77321136	1.98190629	2.03174925	1.88461304	1.79898691	1.81287134	1.90003324	1.97000539	2.06215167	2.10859752	2.08778548	2.02622795	1.99850774	2.12934923	2.29436445	2.39210486	2.40009499	2.37483358	2.50400472	2.67244625	2.76798677	2.75239825	2.66139483	2.64631367	2.83596563	2.97009921	2.90846610	2.63082027	2.38883042	2.21265841	2.11510825	2.06804895	2.00241542	1.93717837	1.91560674	1.95583999	2.07126594	2.27051878	2.45922470	2.55395579	2.59813261	2.64916992	2.77847672	2.90988350	3.20182991	3.62821460	4.13475323	4.63897848	4.54321527	4.07093430	3.40244079	2.74391913	2.32742929	2.12204742	1.98278236	1.88315713	1.78955567	1.66122317	1.56195605	1.43314826	1.31904221	1.25484705	1.26673746	1.54780781	2.16916203	2.83595490	3.32402825	3.47990775	3.71066475	3.73291397	3.70852423	3.86508656	4.49591637	5.08613205	5.25016403	5.12965250	4.87298250	4.63528252	4.26325369	3.78755903	3.32810163	2.96322870	2.72972775	2.61615992	2.58880925	2.60467720	2.63650298	2.67276478	2.68619657	2.68423414	2.67187428	2.65888834	2.65982294	2.67372346	2.68035984	2.67499042	2.66377449
70.0000000	2.71700311	2.68922162	2.63586211	2.59535384	2.57932758	2.57261539	2.54616308	2.51193523	2.47124624	2.43301535	2.41376829	2.43699098	2.51489997	2.62310910	2.72604084	2.77692699	2.70717716	2.79676652	3.14059949	3.53707528	3.48808861	3.13008523	3.01473665	2.99801588	2.97967839	2.90326381	2.77240539	2.60333991	2.43206406	2.29190207	2.21350694	2.18707943	2.10276961	2.03521276	2.00768614	1.99211037	1.91091907	1.85008681	1.80504584	1.77365828	1.75621688	1.71668673	1.68712866	1.66612816	1.65442348	1.65490389	1.66528416	1.69688797	1.73491991	1.76550698	1.77569985	1.79855585	1.81288433	1.81667852	1.81543088	1.82213390	1.82680774	1.82721949	1.81788921	1.80538177	1.80830729	1.88491893	1.94122827	1.94288957	1.91171169	1.92565715	1.96553254	2.01446271	2.02201271	1.96930122	1.86899745	1.78709936	1.76638687	1.79588044	1.85394835	1.90830660	1.92652774	1.94330120	1.97050881	1.99398458	1.97351503	1.96549535	2.00379801	2.10330033	2.25183558	2.41019344	2.52616620	2.62897468	2.72498584	2.91203451	3.37942410	4.13566351	3.87434649	3.30472493	2.88887644	2.84170580	2.94282937	2.95809531	2.91636229	2.81501293	2.61995196	2.27031589	2.16782689	2.19663811	2.25205588	2.24053836	2.24285507	2.17768335	2.09131551	2.01916599	1.98576987	1.85644162	1.75754595	1.69725227	1.68638074	1.73840201	1.75436890	1.73483753	1.75223720	1.81010687	1.84309566	1.83568215	1.87932003	1.91692924	1.90527201	1.81495297	2.23216152	2.49663830	2.44714236	2.22441936	2.27120018	1.99605942	1.77626848	1.78931046	1.96541393	1.98755407	1.97382164	1.98069596	1.97377527	1.97094393	2.04237294	1.99936295	1.80453122	1.65342820	1.60832942	1.59823513	1.56294549	1.50924683	1.45985973	1.42677701	1.41126347	1.36780167	1.30904889	1.28520000	1.30217648	1.32162654	1.34664345	1.38288975	1.41711020	1.45044994	1.49845374	1.66214979	1.86785436	2.05460858	2.16942048	2.16726470	2.06222892	1.94859493	1.87838316	1.86834562	1.89996552	1.98446774	2.12331367	2.26827955	2.37318039	2.39386964	2.47786832	2.64441609	2.78608394	2.78453231	2.51050758	2.24304056	2.07126379	1.97754967	1.93696570	1.91727376	1.91690218	1.92493033	1.93559217	1.94950557	1.97367358	2.00286865	2.05925584	2.11745071	2.17263865	2.24057484	2.37371898	2.46912146	2.58698583	2.69268250	2.65675020	2.61168933	2.61489582	2.59271812	2.54130030	2.52658319	2.55623794	2.58376527	2.61029220	2.63897371	2.67499375	2.87698126	3.25466204	3.55014372	3.62205887	3.44556737	3.38347006	3.41054511	3.29797268	2.98414254	2.57465386	2.36487865	2.14520574	1.92676425	1.74712217	1.67028749	1.66289318	1.65964746	1.64842999	1.64381230	1.68705690	1.81262088	1.85055232	1.81767941	1.75476968	1.72653079	2.06258059	2.28234863	2.24907660	2.04126430	1.95266938	1.84202516	1.80175722	1.85511243	1.94914007	1.95469356	1.88275599	1.90066504	1.96618354	2.03298998	2.05067825	1.96504641	1.88160098	1.82581568	1.80567718	1.81168532	1.78658712	1.76816928	1.74521291	1.72194302	1.71802974	1.68151534	1.68292594	1.76277494	1.87371469	1.88053596	1.80747640	1.80297947	1.82663989	1.86999071	1.95650244	1.95930636	1.96437979	2.04607582	2.16845608	2.18529105	2.12087250	2.20672011	2.28362155	2.30140424	2.31893659	2.38777947	2.72028613	3.07637763	3.24481416	3.04319644	2.72086000	2.45601916	2.36876154	2.50966597	2.85980272	2.87740254	2.44945741	2.14581275	2.12761331	2.14730310	2.01891708	1.89764488	1.84156668	1.88372791	2.03213763	2.20604849	2.33034205	2.45340776	2.58404469	2.69146132	2.54580188	2.56143785	2.71139669	3.00199294	3.47282767	4.16380835	4.13653994	3.62925386	2.95843935	2.51884055	2.24259162	2.07441688	1.97733593	1.90271723	1.79027820	1.70764518	1.61439168	1.60856473	1.71963513	1.90849578	2.37253571	3.13555002	3.85818172	4.27877140	4.21335506	4.36702251	4.76807785	5.10845709	5.30825710	5.51573420	5.48522711	5.26752281	4.98336935	4.68503094	4.35628128	3.87400651	3.40498590	3.02746916	2.77235293	2.62317753	2.58838630	2.59497571	2.62186050	2.65085649	2.66668224	2.66805720	2.66379189	2.65134287	2.63532066	2.62748814	2.65561700	2.69013572	2.71323180	2.72038984
69.0000000	2.77811742	2.75080037	2.69288683	2.63485384	2.59417939	2.57533979	2.54982805	2.49901676	2.44482613	2.41972423	2.46672678	2.61269689	2.81255221	2.98744941	3.10407043	3.17462420	3.49611187	3.68548155	4.06279325	4.37153196	3.77860785	3.32307506	3.25901794	3.23119855	3.06533742	2.76811576	2.63505459	2.52756095	2.43077660	2.35055304	2.31345129	2.27020383	2.23130035	2.19209409	2.16650414	2.18701649	2.02702761	1.91574919	1.82198930	1.73446095	1.66178215	1.65567696	1.66475034	1.67755723	1.68316615	1.67115986	1.64919078	1.68209243	1.74835753	1.81985903	1.86185062	1.86123955	1.83401597	1.82991457	1.86219776	1.90765595	1.94542909	1.97719908	1.98406005	1.98815417	2.05267286	2.22560143	2.31316423	2.26909661	2.12674141	1.99904954	1.96621358	1.97848248	1.97329414	1.93106008	1.87516737	1.82412231	1.82571840	1.85467732	1.89647043	1.94731855	1.95829701	1.95616579	1.97727323	2.02301669	2.05984211	2.09889460	2.14633179	2.20117998	2.26462078	2.33999157	2.55767345	2.81601620	2.97960663	3.11593437	3.49538827	4.52935410	4.80896759	4.36535835	3.55647516	3.06708932	2.96419048	2.81436443	2.62011576	2.41661334	2.27169490	2.06151462	2.06670260	2.13271928	2.14923429	2.05012202	2.00659680	1.94789696	1.88934112	1.83865881	1.79598856	1.73872709	1.69035780	1.64173293	1.61445010	1.66085279	1.67829359	1.64085901	1.64554203	1.70741296	1.75961924	1.74327993	1.81172168	1.91770601	1.96906447	1.82869983	2.73962283	3.00433278	2.64651346	2.07329202	2.07523894	1.82510579	1.65070832	1.70358169	1.88048327	1.82339394	1.91997707	2.07161641	2.10963202	2.07109594	2.19883204	2.23288727	2.02474499	1.88135469	1.88744152	1.90550709	1.80242467	1.67953181	1.57976055	1.52048123	1.49350226	1.43314958	1.36845767	1.33070588	1.31791377	1.29483962	1.30462825	1.33550501	1.37497497	1.41636145	1.45880628	1.62927401	1.91858673	2.17506337	2.31079912	2.30166554	2.29648709	2.22540808	2.07968616	1.94189811	1.98594260	2.21520233	2.42307806	2.53793430	2.54926729	2.50770450	2.67250299	2.99560356	3.33679438	3.45240498	2.99530530	2.84247231	2.71159172	2.55700278	2.38736367	2.26565123	2.17523599	2.11356831	2.06669688	2.03119373	2.01415324	2.03785062	2.07077789	2.09723043	2.13542867	2.23751545	2.48011875	2.66142988	2.83069539	2.95196128	2.90407467	2.81864572	2.80685568	2.87484694	2.97297645	2.99581361	2.92184830	2.93132591	3.03578115	3.19732189	3.32862687	3.25778842	3.27323532	3.56365037	3.91688085	3.71993661	3.46398115	3.38262939	3.29684448	3.14565444	2.98615408	2.85531259	2.62996292	2.30551624	1.97984171	1.85326815	1.82725203	1.78187084	1.71799052	1.65903389	1.65097928	1.78757143	1.85840929	1.86756492	1.84593904	1.85126078	2.17642784	2.29292083	2.21198106	2.05259109	2.04147291	1.80296385	1.64756298	1.65413618	1.77609575	1.84140217	1.86531746	1.88329351	1.88281727	1.86984062	1.86877882	1.83513284	1.79847801	1.77047968	1.75683451	1.75727117	1.74869144	1.75111961	1.76647663	1.78411722	1.78082967	1.77415824	1.77983809	1.76162422	1.72557259	1.72004139	1.85824287	1.92353487	1.95755398	1.98837221	2.03049827	1.98192060	2.00021625	2.14559937	2.35965061	2.46531820	2.23529649	2.18421507	2.13961077	2.09706426	2.22020078	2.31421041	2.34010863	2.39219356	2.50681090	2.66235304	2.79110289	2.82728672	2.86172986	2.85743880	2.64960337	2.84156060	2.56922174	2.31642103	2.27137208	2.32666612	2.20618701	2.03327656	1.88952541	1.82930446	1.87976575	2.02048349	2.18063331	2.34999156	2.51080823	2.63780951	2.45584011	2.34833717	2.30783772	2.40820980	2.80465627	3.82785034	3.96433330	3.56653428	3.00986266	2.69270611	2.45219922	2.32608294	2.26146126	2.17706823	1.96327019	1.78017700	1.72018075	2.10175753	3.04276919	4.46046352	4.76710844	4.72422314	4.76136827	5.02002001	5.35356712	5.65166664	6.29456329	6.77282715	6.81861496	6.40567446	5.78469276	5.38380909	5.01393795	4.57294464	4.04564333	3.47555947	3.06400800	2.80144453	2.65726447	2.57980514	2.55268860	2.54684281	2.56800389	2.61184692	2.66398883	2.69231653	2.68189192	2.64396167	2.59685230	2.56596828	2.59328032	2.64000010	2.69625163	2.74073648
68.0000000	2.76019406	2.73650098	2.68952894	2.64181089	2.60541797	2.58195782	2.54398441	2.50835276	2.49723911	2.54849362	2.71563935	2.99367332	3.22869015	3.39681911	3.61621332	4.14704847	5.20640945	4.64132071	3.59442639	2.84236717	2.79578233	3.07664371	3.20996356	3.16466331	2.97793460	2.75523758	2.54283094	2.43582940	2.41138244	2.42473221	2.40921450	2.25934052	2.15209985	2.12900162	2.15443778	2.11568284	2.07854152	2.06106305	2.03325748	1.96025920	1.80232811	1.66998935	1.67238986	1.74069321	1.80689454	1.80382073	1.72851241	1.74316442	1.84532464	1.98475599	2.06343651	2.04087257	1.98131669	1.96888161	2.02018642	2.08435583	2.08420515	2.11259866	2.14887309	2.17966413	2.19890666	2.24990082	2.33997917	2.41565609	2.41554308	2.27035093	2.15321302	2.02867055	1.96413505	1.96241069	1.96169400	1.94037187	1.92494965	1.93518293	1.96982777	2.00664020	2.03136420	2.05857491	2.09055567	2.12654161	2.16272044	2.16160274	2.16579366	2.18583679	2.22993135	2.30393314	2.46817136	2.70935059	2.95132256	3.16322422	3.35947728	3.77872491	3.95015764	3.76949000	3.31503129	2.84768820	2.64797592	2.51494265	2.38084197	2.23328972	2.11526489	2.01511002	2.02137709	2.04900289	2.02973104	1.91211331	1.79941308	1.75529873	1.75430202	1.75883293	1.71917999	1.65623677	1.62776601	1.64495122	1.68928564	1.71257353	1.69039798	1.63432574	1.59430945	1.59931064	1.65729880	1.70041347	1.78740871	1.90621400	1.98513865	1.89287126	3.19284296	3.14973640	2.48918509	1.89078248	1.98808324	1.65911412	1.57982552	1.69256198	1.82544005	1.69234776	1.65742993	1.90732419	2.15336776	2.31457686	2.51764798	2.52111530	2.22954345	2.13285780	2.30793071	2.41858006	2.20961261	1.92738736	1.71268284	1.60636008	1.54936409	1.45227098	1.40413487	1.39967060	1.42314672	1.44838595	1.46713614	1.50379884	1.55580211	1.61130404	1.64919412	1.70203853	1.76545465	1.81215358	1.87418854	2.04295635	2.35002208	2.49364710	2.50095344	2.45356321	2.48760080	2.46952224	2.37151098	2.22924137	2.07377863	1.93157554	2.15971828	2.42414498	2.76972842	3.15352631	3.44478607	3.65649033	3.59749150	3.33152819	2.99906015	2.81727052	2.69095469	2.55777979	2.40555263	2.23954272	2.08248353	2.05109811	2.06136203	2.06702185	2.07523322	2.14656091	2.31206775	2.46094894	2.59828210	2.71372581	2.78151941	2.62187529	2.53286242	2.73228621	3.09145689	3.13519096	2.88746142	2.75309968	2.79555225	2.95041323	3.02542210	2.76407003	2.68867278	2.72807813	2.83723521	2.99719644	3.00359058	2.91636157	2.82915378	2.76503420	2.67649031	2.69238591	2.73809576	2.61356688	2.31536722	2.03668475	1.92235124	1.79313445	1.66664815	1.56872797	1.53343189	1.57123363	1.64341950	1.70119846	1.73171377	1.75804269	1.88784635	1.85597932	1.77633071	1.72912192	1.76090622	1.77866590	1.78612447	1.82084155	1.88328862	1.93684840	1.98942924	2.00133681	1.98138130	1.94205129	1.89951277	1.81191576	1.77119768	1.76693249	1.77874243	1.77629817	1.77138305	1.79004371	1.83574343	1.88284445	1.87660766	1.86248112	1.84367013	1.82969272	1.83873582	1.89765298	2.11428809	2.18338728	2.19297051	2.23089242	2.38484192	2.33587050	2.29037237	2.38636589	2.55730367	2.53207254	2.35150528	2.31264949	2.24498844	2.17093992	2.30585623	2.43344688	2.46730900	2.46806884	2.46245098	2.44327736	2.49119377	2.64297056	2.86373782	3.01019740	2.83062315	2.70755267	2.69149566	2.83546329	3.04123735	3.05937076	3.07818437	2.65709615	2.25608110	2.06989121	2.02805424	2.08142233	2.15985227	2.24461198	2.33068705	2.42677832	2.57368016	2.62826943	2.44341540	2.23260307	2.56993270	3.83625531	4.15905237	3.78575277	3.14640903	2.85369492	2.68869758	2.63238883	2.68006206	2.73957849	2.63136435	2.34321022	2.24853420	3.01671195	5.18732977	9.17018223	8.64280796	6.39178228	4.90976381	4.87692022	5.16092587	5.38801384	5.81409407	5.95850849	5.65640402	5.05873108	5.07457304	4.97626591	4.63864326	4.08857155	3.50495100	3.10410309	2.86073112	2.72251344	2.64298248	2.58152223	2.52680588	2.50476265	2.51667452	2.56194973	2.63812351	2.69993830	2.71361828	2.69384074	2.66190672	2.64574265	2.66411471	2.69913983	2.73741007	2.76438379
67.0000000	2.71379471	2.69156075	2.67340636	2.66238761	2.65412402	2.63679719	2.60040975	2.58921456	2.64703488	2.80156875	3.06438851	3.29685235	3.53490186	4.02192116	4.73324490	5.37615824	4.85398865	4.03762674	3.40181613	3.07090497	2.81884646	2.80390573	2.76729059	2.70669985	2.61727500	2.49160051	2.42582154	2.41019130	2.41333842	2.41861105	2.42407799	2.30534720	2.18067408	2.14202905	2.16890192	2.12829995	2.09133887	2.09596038	2.12132502	2.14202189	2.12806821	1.84922206	1.76711392	1.82824588	1.93926454	1.96696186	1.90052652	1.93580818	2.07403326	2.23067260	2.23544121	2.12553811	2.06614566	2.08881927	2.16194892	2.19075918	2.12821960	2.13742375	2.21090198	2.30588031	2.34427929	2.24457574	2.26067328	2.37520504	2.47032499	2.32770801	2.14372849	1.99892581	1.94562459	1.97761583	2.03015637	2.03957987	2.01675534	2.01421094	2.04360652	2.07573342	2.09781623	2.13446784	2.15455580	2.14915466	2.13154459	2.11419010	2.13281631	2.18931603	2.27363849	2.36378860	2.43391919	2.56888056	2.85389733	3.18650317	3.27653909	2.96963501	2.91769934	3.03904247	3.14107847	2.92032647	2.63104677	2.46168804	2.37175250	2.28644681	2.09668112	1.97445107	1.93280625	1.93183172	1.93041182	1.88622975	1.78348148	1.73394084	1.73084497	1.74718750	1.73571920	1.67828381	1.65666878	1.67331839	1.70266163	1.69111252	1.64927518	1.59135437	1.56376350	1.58019030	1.62159646	1.62376034	1.68770087	1.77522457	1.84525418	1.85382915	3.20138836	3.08780932	2.41049814	1.89042246	2.07211113	1.87244511	1.81907594	1.90830588	2.02413559	1.93826282	1.87036419	2.03499150	2.35566831	2.69244146	2.84187818	2.72572494	2.46748114	2.42331433	2.60861349	2.69798756	2.62589169	2.37397790	2.05024481	1.76360381	1.62388015	1.58244419	1.51101387	1.47646391	1.51819098	1.64811468	1.66753745	1.70069695	1.76400268	1.84207118	1.88772714	1.92868388	1.94848359	1.99791324	2.09402108	2.22011471	2.28156734	2.21274686	2.20397472	2.30709934	2.43549776	2.25269866	2.16732597	2.14407468	2.11782885	1.99365985	2.18089437	2.40797973	2.62851810	2.81499267	2.95876813	3.12502360	3.27830982	3.28281689	3.15047002	3.04093289	3.00733948	2.97655964	2.85397601	2.61119199	2.28602958	2.20361543	2.15093875	2.10339189	2.07718658	2.12935257	2.24102116	2.38248229	2.55220985	2.72407889	2.84736490	2.75340652	2.74775553	3.07331276	3.56048203	3.62716913	3.27157879	3.05765891	3.04376864	3.15986848	3.20752215	2.97180915	2.85183382	2.70147419	2.53811073	2.54262853	2.56733441	2.51565123	2.55156350	2.68374968	2.76558137	2.68321609	2.71943521	2.75149035	2.64163113	2.23710680	2.06924844	1.93437874	1.83180368	1.75513911	1.69231129	1.62743545	1.59270108	1.56606269	1.53847051	1.51387000	1.56980944	1.61210632	1.66005027	1.71518302	1.76130080	1.83363771	1.93869829	2.04125071	2.11324501	2.13381433	2.16287470	2.15352225	2.12517786	2.08622479	2.03400826	1.90688372	1.86482477	1.87442923	1.89337838	1.87043726	1.81123376	1.80063415	1.84210742	1.90124083	1.90574217	1.85141551	1.82751954	1.86534142	1.96966171	2.11875439	2.26341128	2.33293772	2.38549352	2.47035861	2.62793016	2.59950471	2.52346420	2.53362560	2.60952473	2.57641411	2.56085134	2.58644819	2.50395250	2.36412740	2.41775346	2.51447105	2.50601697	2.45379686	2.38783669	2.30678201	2.31243610	2.40984893	2.52264071	2.63119864	2.77267814	3.04278541	3.10271358	3.14390206	3.19293666	3.11154580	3.57022119	3.07371831	2.52432346	2.30193281	2.26405430	2.26425481	2.27370524	2.30404711	2.34697604	2.37423897	2.66877246	2.95997286	2.81114101	2.40735245	2.55545759	3.64849114	4.15269709	4.01877260	3.45569396	2.93071485	2.80516148	3.06591392	3.66172981	4.34719706	4.68273115	4.37615871	3.93140388	4.08424520	5.64080095	9.47753334	9.53005791	7.11646175	5.24862146	4.81779575	4.59462595	4.28272676	4.14188910	4.14669323	4.23477554	4.30683279	4.34648800	4.32813692	4.16502285	3.84240985	3.41757679	3.32853055	3.31157756	3.29757476	3.21557355	2.99282193	2.74972916	2.62108493	2.58304310	2.60236955	2.63644338	2.66225195	2.67429638	2.68070984	2.68705201	2.69630671	2.70166421	2.70882344	2.71802950	2.72601843
66.0000000	2.79762769	2.76859856	2.78139710	2.80208158	2.80724335	2.78400803	2.74511957	2.78567481	2.93491721	3.17494202	3.44070053	3.56172442	3.95132780	4.73495626	5.39745522	4.78307438	3.61311507	3.13888049	3.07348800	3.09965420	2.86970067	2.44341302	2.27817297	2.25799608	2.25996494	2.15422583	2.22693872	2.33681822	2.35769868	2.29524207	2.28693414	2.28613281	2.16275501	2.06464124	2.03596807	2.01724482	2.01466203	2.01860476	2.02008748	2.01957917	2.02700019	1.94374466	1.90060842	1.89793169	1.91788328	1.92445898	1.97497797	2.09205389	2.23744130	2.34284878	2.30993986	2.19084215	2.11773133	2.12604833	2.19194245	2.23227549	2.19132662	2.16881299	2.33766389	2.62300587	2.70216370	2.33719182	2.23751640	2.22015715	2.18190193	2.09930563	1.98555624	1.86574137	1.84360099	1.93166471	2.05125237	2.07560802	2.08483529	2.10148168	2.13008785	2.15718818	2.13043523	2.15342832	2.17515779	2.16184616	2.09694958	2.07629395	2.11317921	2.19882727	2.31255627	2.42178011	2.42767262	2.47125793	2.76136470	3.16672659	3.21598339	2.67239642	2.53716993	2.68998241	2.92482042	2.94998145	2.74588776	2.51922274	2.32959867	2.19420171	2.08779073	2.04373288	1.98057401	1.93927062	1.93419194	1.95311880	1.90710676	1.84257674	1.81844783	1.83347833	1.82626450	1.78094769	1.72636437	1.67918420	1.63845229	1.58558786	1.56860638	1.55546582	1.53740418	1.51429832	1.49466348	1.46730232	1.53540528	1.62744153	1.68971646	1.68637109	2.70708513	3.10556984	2.74336505	2.06120896	2.07903838	2.09398699	2.10993266	2.21409726	2.34994078	2.31716108	2.21606112	2.23404598	2.50894904	2.87700224	2.87283611	2.66745973	2.53132129	2.55395198	2.65738010	2.59612751	2.60714436	2.77764797	2.62158632	2.13095140	1.77577853	1.82471955	1.76231456	1.69780242	1.70401776	1.81739151	1.83364546	1.85573673	1.89477170	1.95235193	2.02057362	2.19136453	2.30688739	2.37248588	2.36129785	2.21425557	2.11740589	2.12197590	2.18789983	2.23311234	2.13354874	2.01666546	1.96991825	1.97303414	1.99323773	1.98525274	2.06901670	2.16417098	2.26469445	2.37160230	2.49294472	2.50503278	2.45542717	2.46381664	2.55266857	2.64722919	2.67701674	2.81662226	2.84374976	2.69280291	2.45488429	2.46453476	2.37058949	2.30575943	2.33270860	2.44405150	2.41762280	2.47741842	2.62576962	2.80991721	2.92201424	2.79433084	2.74040222	2.89941931	3.17841148	3.25224495	3.10957861	2.95288014	2.86971211	2.86218309	2.84694886	2.68399262	2.55290318	2.52304816	2.56653738	2.55822396	2.43486142	2.37289667	2.56824493	2.91773272	3.01909685	2.79939675	2.70098853	2.68266058	2.64718342	2.44131064	2.49924135	2.46720839	2.34714341	2.15898657	1.94068730	1.77601504	1.63701034	1.52305102	1.42903841	1.34539735	1.33216131	1.39683831	1.51939571	1.65628159	1.74042320	1.76371527	1.80784905	1.90022433	2.02567148	2.12645388	2.14559555	2.12355781	2.09951544	2.09533691	2.11558104	2.04730749	1.95989513	1.92170978	1.93148124	1.91830456	1.85726309	1.85566604	1.91004574	1.97813952	1.97888875	1.95180392	1.96086586	2.00990176	2.09096313	2.18432474	2.29675055	2.36295843	2.41125321	2.49037886	2.66951632	2.69796252	2.62436485	2.61295700	2.66997099	2.64363551	2.62861490	2.62098002	2.56126142	2.47113347	2.45341706	2.51115036	2.48011160	2.39719057	2.31054950	2.27962327	2.39709711	2.61421657	2.78812003	2.89566898	3.03344870	3.23710275	3.24847198	3.15334558	3.01518393	2.87511969	3.13270974	3.04320073	2.77203608	2.48360968	2.34126377	2.32706046	2.32092977	2.33340859	2.36182618	2.39030385	2.61995482	3.07114673	3.17569876	2.98033142	3.14666700	3.86069441	4.14941502	4.06842470	3.63584781	2.83234382	2.86718440	3.93399858	5.60794449	6.95370865	6.52550888	5.55818081	4.69039679	4.15278006	4.30709696	5.64625883	5.48293018	4.95291853	4.59918880	4.55568266	4.54731512	4.40315151	4.23089361	4.04543018	3.85740614	3.67322183	3.65494180	3.77770519	3.87847805	3.88372850	3.80942464	4.21520758	4.39713240	4.48765278	4.47883224	4.22234058	3.45473528	2.98308611	2.74709344	2.65893555	2.60326838	2.59840345	2.61042333	2.63749409	2.67251039	2.70309448	2.72695875	2.73989367	2.76044536	2.78430367
65.0000000	2.92017245	2.92571020	2.95320892	2.98655510	3.01455235	3.03092456	3.06516457	3.18547463	3.34108329	3.49646139	3.63132167	3.94932771	4.50831747	4.81949282	4.59268522	3.73635650	3.18339181	2.75104260	2.56869245	2.57533407	2.51956749	2.09850097	1.93461633	1.91322494	1.94803667	1.98115921	2.10084414	2.21995974	2.27689409	2.26898146	2.25249934	2.22918034	2.12141609	2.00891829	1.94133461	1.93824852	1.95901334	1.95595157	1.94290042	1.93263936	1.93689036	1.93605435	1.93872428	1.93577147	1.92620575	1.91717708	1.98783135	2.09033418	2.20530462	2.29227376	2.28968930	2.24524260	2.17673063	2.15246892	2.19242501	2.26821804	2.29134941	2.26922846	2.42068005	2.68354487	2.71468163	2.37223387	2.23164415	2.12422180	1.99573016	1.90638709	1.85529113	1.83331430	1.89321864	2.03102827	2.18602848	2.21428370	2.21280813	2.21772933	2.23440123	2.23740458	2.17545629	2.17235518	2.19505262	2.20902491	2.17827296	2.15453529	2.16078091	2.20949602	2.30078673	2.42237949	2.40779877	2.39162374	2.65784502	3.08402944	3.14131999	2.54752040	2.42826271	2.54998732	2.71111512	2.74204898	2.71496034	2.51805115	2.29287910	2.13214350	2.07968473	2.11395264	2.05179501	1.98543501	1.94999659	1.92350304	1.89916360	1.87372243	1.85506904	1.84237134	1.82607543	1.75229323	1.65392792	1.58336580	1.55205917	1.53052855	1.44635248	1.43170619	1.44507754	1.44558811	1.39299405	1.37461412	1.44889951	1.55159056	1.62866819	1.63635468	1.98279536	2.60596299	2.82135463	2.56427789	2.38985276	2.24145579	2.21062565	2.26701903	2.35162234	2.37675261	2.25368929	2.24658084	2.56914878	2.99919152	2.87858343	2.48328948	2.27428389	2.31959796	2.48092937	2.41364241	2.34140658	2.65796494	2.83501244	2.64491010	2.16068482	2.08407545	1.99446082	1.89731526	1.82698166	1.84667277	2.04509997	2.13168001	2.14178252	2.11835027	2.11189866	2.20941973	2.26221752	2.25752282	2.24550056	2.33924913	2.60096002	2.50134301	2.37451196	2.34974790	2.35149932	2.22477603	2.10917306	2.04892755	2.05469966	2.10357308	2.14172244	2.19712281	2.25085497	2.28475714	2.28142357	2.24806237	2.14016128	2.09049416	2.15849447	2.33025646	2.38573551	2.57637072	2.69067550	2.66677308	2.59239435	2.68477345	2.65001845	2.66677952	2.80359125	3.01887393	2.95311832	2.88934040	2.88439703	2.92012191	2.90332365	2.68403029	2.58241963	2.61528730	2.73687983	2.83889818	2.86493540	2.79286051	2.71306467	2.66246700	2.62451601	2.48449612	2.45869684	2.66507602	2.95670033	2.92174602	2.57242155	2.46337318	2.66045499	3.01157069	3.14667439	2.78077388	2.61295319	2.54240060	2.50863528	2.49150991	2.72303653	2.79147100	2.64572597	2.36225390	2.14504862	2.14648724	2.08258748	1.88133872	1.60161436	1.43316936	1.40411615	1.41302121	1.47177827	1.56439102	1.64697325	1.66908455	1.68588853	1.72263074	1.79336751	1.90096617	1.92188680	1.92587054	1.93946373	1.97690690	2.04013634	2.02767324	1.93326163	1.88837707	1.92024517	1.95184290	1.95709157	1.99680912	2.06169629	2.12398791	2.13745236	2.07531214	2.08477592	2.13930655	2.20519805	2.24157572	2.33557606	2.39691544	2.44893670	2.52212000	2.65408087	2.63654041	2.56739426	2.54449677	2.55950141	2.49786115	2.45965600	2.49264693	2.51401925	2.49823403	2.47702885	2.51765537	2.52735472	2.49069333	2.43941641	2.45244837	2.61337686	2.82514095	2.97125220	3.03484941	3.09869933	3.23498654	3.20699286	3.13002896	3.08314991	3.10915780	3.15799475	3.07603693	2.81714153	2.48229647	2.31961775	2.29932499	2.28850484	2.30790091	2.36686492	2.46335745	2.68816781	3.20940781	3.60984421	3.75163150	3.77631450	4.40080214	4.47874165	4.04341698	3.33268523	2.78897548	3.34923291	5.28008938	7.15474319	7.65840387	5.58828640	4.58632135	4.12716818	3.90771174	3.80431867	3.87283540	3.81622815	3.71163177	3.60833597	3.52952099	3.47226024	3.41357303	3.34186053	3.27938175	3.26253366	3.34184980	3.56807518	3.87847543	4.14021349	4.25614214	4.16480637	4.65248108	4.80429459	4.94356918	5.10732508	5.04627705	4.02687311	3.35386109	2.98382998	2.82338095	2.72912717	2.70747995	2.71181417	2.71944118	2.72420025	2.73645902	2.75194454	2.78599644	2.83315015	2.87370062
64.0000000	3.04600596	3.09114504	3.13221836	3.18740749	3.25379419	3.30736279	3.35961127	3.49839926	3.62534213	3.72810364	3.88039231	4.55067396	4.47417736	3.94074917	3.31513929	3.03700113	2.98117423	2.75580621	2.50406623	2.29570103	2.12703776	1.89072239	1.78193438	1.77519655	1.85181165	1.99986172	2.05950904	2.16830683	2.28649497	2.36517072	2.34628630	2.25585508	2.16131043	2.06804991	2.00258327	2.01253057	2.03163743	2.01134348	1.96286833	1.91040385	1.89111185	1.92315054	1.93114591	1.92468345	1.92445672	1.96226490	1.97214043	2.01430750	2.08107185	2.14315343	2.14968657	2.14630198	2.12289143	2.11916494	2.15533996	2.23213983	2.30202150	2.34652877	2.41071701	2.46382356	2.39926386	2.22565484	2.06880045	1.98038089	1.95252490	1.91781020	1.89193487	1.92556477	2.01996183	2.14346647	2.23149872	2.24138141	2.20909190	2.18266273	2.17302108	2.15398669	2.12794685	2.14753175	2.20094299	2.25801206	2.27019954	2.22016048	2.17234111	2.15972042	2.18991351	2.24516988	2.22506928	2.20079231	2.37984395	2.75937247	3.12617183	2.61078119	2.42833233	2.43891382	2.50940585	2.51347995	2.46927285	2.30823636	2.15769100	2.07916999	2.06841969	2.08260322	2.01843691	1.92643154	1.83722115	1.76156187	1.71395469	1.71637499	1.71116686	1.68127859	1.65026200	1.58570147	1.52746105	1.49822330	1.48490238	1.43864250	1.29254150	1.28625011	1.35138500	1.41199064	1.38453913	1.37919295	1.41253603	1.47534740	1.54213679	1.57114494	1.57016957	1.72380018	1.92661512	2.08211255	2.10271239	2.07240009	2.07001495	2.10010338	2.17796040	2.32962894	2.34780025	2.35662866	2.69335055	3.12839770	2.86539555	2.44755721	2.23417759	2.32747149	2.57073069	2.54832315	2.41827679	2.53570867	2.74601078	2.89140129	2.81092715	2.46051645	2.25511670	2.12872648	2.01686072	1.85655093	2.15976906	2.25749230	2.22196293	2.16991568	2.26257515	2.40065384	2.46696806	2.49857211	2.55512524	2.71889329	2.68290162	2.47372127	2.34985590	2.38763213	2.48120070	2.44339299	2.41358471	2.42093086	2.44351840	2.40836358	2.43564868	2.52664924	2.60728574	2.61226821	2.48509717	2.34333467	2.15997148	2.03707862	2.02849030	2.13980389	2.21331859	2.34055138	2.45886230	2.54230261	2.60161495	2.70127487	2.76279664	2.81016636	2.87777638	3.01042557	3.02751064	3.01069045	3.06575513	3.13481045	2.99627995	2.82051253	2.76209641	2.81068897	2.94078588	3.11172080	3.00438857	3.01150703	3.21764970	3.58056021	3.93115258	3.77299070	3.45677567	3.37223029	3.51128531	3.46807790	2.82134724	2.46793795	2.44200444	2.63450599	2.79320765	2.65566850	2.62642550	2.61315203	2.59565067	2.62585425	2.76438046	2.86713171	3.03814769	3.11077404	2.64766479	2.47099924	2.48174286	2.40557027	2.12274981	1.66814077	1.59252298	1.53792822	1.50909030	1.51057518	1.54678273	1.56451607	1.57535207	1.56911469	1.55440617	1.55860710	1.62775838	1.71212482	1.76056027	1.77281535	1.79953790	1.81497133	1.80930603	1.81255662	1.83328700	1.85860741	1.91562104	1.99351454	2.06432462	2.11378360	2.14131832	2.07935262	2.06072044	2.07207966	2.09255576	2.09374213	2.12406754	2.16184425	2.20280719	2.23360252	2.23178720	2.23658538	2.25470281	2.30367136	2.36373568	2.37785029	2.34006667	2.39738393	2.45092058	2.44829655	2.38363004	2.44392610	2.48860264	2.48622417	2.46396708	2.50761867	2.64141965	2.79374862	2.99833345	3.21871638	3.34825325	3.34885383	3.29053354	3.35685730	3.53258133	3.60365129	3.21001792	2.83769178	2.56420898	2.41638517	2.37031174	2.33981442	2.32809591	2.35432720	2.43482733	2.58306265	2.76898003	3.08446264	3.51050162	4.02545452	4.60504150	4.81464005	4.58720827	3.84495759	2.92721868	2.59044027	3.81183290	6.12706995	7.35612297	6.64015484	4.44151497	4.02886820	3.75914788	3.58043361	3.46264577	3.39754081	3.26567006	3.17186117	3.11767983	3.09234762	3.07273984	3.04104090	3.01320148	3.04311419	3.16200948	3.37845564	3.64222097	3.94119954	4.27287483	4.61850977	4.94315004	5.18044615	5.21129847	5.22195196	5.14567471	4.66275597	3.97686481	3.52025223	3.24613810	3.09680748	3.00361204	2.95280552	2.90435076	2.85763407	2.81718326	2.79266787	2.78506446	2.82222962	2.89164758	2.95670843
63.0000000	3.11157918	3.21627450	3.35598469	3.51924491	3.67105865	3.75289941	3.95251918	4.32594156	4.39166069	4.09828901	3.82455206	3.94862843	3.65011358	3.25633502	2.94630671	2.75072932	2.77165794	2.67481542	2.41186261	2.07143903	1.87916064	1.80698407	1.78213012	1.82787204	1.92975354	2.03559017	2.07449055	2.15195227	2.24533296	2.31862664	2.32246256	2.28217363	2.25696588	2.21114445	2.14540052	2.09681082	2.14319158	2.12815452	2.06986713	2.00727248	2.00008512	1.96710038	1.91612220	1.86845624	1.85246253	1.90355647	1.89900279	1.93061638	1.98694491	2.03805184	2.03551507	2.05848169	2.08867264	2.12890506	2.17759275	2.22874403	2.30958629	2.38118434	2.37334180	2.30108190	2.26464605	2.12957740	1.96120882	1.89702642	1.93218112	1.91948915	1.90451419	1.91643167	1.97067213	2.04498529	2.07943845	2.06526423	2.04286885	2.04055953	2.05911422	2.07178092	2.08273649	2.08711219	2.10764480	2.13962364	2.15089107	2.11268616	2.06265879	2.03816128	2.04171085	2.04098964	2.02963281	2.00720239	2.08930159	2.33341050	2.73888707	2.55508733	2.46143389	2.42066264	2.39070249	2.32467723	2.23914480	2.12730908	2.02700591	1.96521521	1.95805979	1.93805146	1.86115479	1.78469515	1.72503936	1.65759599	1.57192516	1.56658876	1.58216083	1.58595252	1.57201171	1.52606356	1.47977495	1.45611095	1.44544601	1.40556288	1.30052269	1.32472146	1.39089251	1.43559027	1.41919053	1.45623314	1.45629418	1.45039058	1.45136631	1.45389354	1.47738683	1.50426698	1.53942811	1.58208954	1.62579465	1.68032086	1.72663212	1.77949262	1.88145447	2.10285783	2.39635968	2.74326682	3.10353684	3.28059554	2.92133355	2.60800576	2.50591302	2.59432602	2.75579810	2.77616453	2.77778769	2.80992293	2.86755323	2.96950126	3.15842938	2.87693548	2.71882653	2.62743950	2.50579500	2.21659541	2.22223282	2.36862588	2.57322288	2.80454683	3.08219481	2.98593450	2.85335207	2.77844787	2.77609754	2.78205109	2.59460759	2.38461924	2.24794221	2.23353291	2.34344840	2.34987164	2.50968361	2.68920803	2.77571964	2.67744279	2.63574171	2.69441986	2.71083069	2.63526201	2.51093578	2.37194681	2.23373365	2.14077044	2.11600423	2.16085577	2.22500849	2.28650784	2.34953046	2.42408037	2.52599001	2.66738009	2.78582740	2.85416865	2.88326383	2.92199540	2.95791197	2.99578834	3.11891103	3.27164888	3.25945330	3.15024948	3.10878110	3.10265589	3.16313505	3.38513303	3.64141417	3.54157710	3.63132977	4.13953114	4.97819138	4.91139221	4.44842243	3.92076492	3.56188989	3.50725055	3.24714017	2.82081175	2.42372847	2.16095257	2.04714727	2.19406343	2.46573257	2.68883204	2.79900169	2.84084177	2.90851068	3.13991261	3.50952101	3.72866225	3.24551654	2.68469834	2.43094254	2.31203628	2.17176771	1.86992931	1.65728939	1.51261079	1.43684125	1.41919351	1.43714619	1.45075929	1.44375610	1.42349100	1.39200139	1.34600675	1.37660134	1.47900701	1.55139601	1.57191324	1.59867549	1.62764537	1.67897344	1.72130144	1.74437833	1.75905907	1.82873929	1.91516078	1.99472511	2.05236268	2.08153415	2.04005408	1.96277392	1.90837395	1.89161587	1.88334310	1.86270535	1.86501575	1.87407207	1.89151764	1.93684018	2.01495910	2.04495120	2.07564616	2.12213540	2.16577077	2.15727186	2.16023493	2.17017055	2.17547107	2.15741110	2.23811841	2.34143281	2.38084435	2.36886549	2.41702986	2.56568480	2.75410461	2.99492693	3.21590233	3.25989294	3.30423212	3.27262616	3.39012551	3.55308676	3.32917213	2.91407514	2.65600395	2.53752494	2.51098871	2.49853063	2.46614075	2.44523335	2.46634936	2.54784775	2.69590735	2.88165164	3.06766367	3.31274819	3.85162354	5.09492016	6.21801233	5.97869587	4.85319901	3.55963826	3.05801487	5.37109232	7.04988003	6.95601225	5.38359308	4.05920029	3.66298199	3.33739233	3.12799215	3.02281094	2.95234156	2.92160845	2.93038821	2.95894909	2.98645210	2.99095058	2.98004007	2.97990346	3.02959728	3.15168715	3.35224652	3.56836677	3.76793623	4.07430696	4.53367615	5.11508274	5.16387606	5.10858488	4.97490788	4.69930458	4.12899590	3.80298400	3.57769442	3.42335963	3.30961680	3.20550585	3.12538075	3.04663920	2.98320413	2.93484402	2.88716960	2.89238095	2.93234205	2.99534702	3.05119586
62.0000000	3.20316720	3.36166668	3.64038491	4.00912571	4.45649624	4.98991156	7.34644842	6.82914591	5.17192459	3.74287677	3.54425788	3.37840223	3.21987271	3.09469199	2.99075603	2.85783195	2.63109159	2.37744665	2.11300015	1.87894893	1.74158227	1.78373039	1.88175464	1.97800350	2.04985213	2.10970283	2.13976669	2.17932892	2.19069052	2.17117476	2.15313053	2.16477060	2.21339750	2.24197292	2.21611357	2.12409377	2.09423184	2.06525683	2.01898456	1.97724140	2.00186372	1.92851472	1.85826850	1.81918418	1.81981528	1.84920943	1.88043821	1.91514754	1.94387698	1.96175277	1.96848810	2.00716591	2.05633974	2.10378551	2.14449930	2.18069458	2.30603337	2.36914682	2.31678438	2.20474195	2.19786406	2.04140306	1.89281714	1.86066782	1.91929495	1.90881860	1.85939229	1.81533885	1.82482123	1.88520324	1.94304955	1.91791403	1.89847183	1.89814794	1.91921234	1.95278096	2.00617719	2.02288389	2.02810478	2.02734756	2.00642443	2.00289774	1.99054074	1.98354971	1.98526835	1.98818827	1.96300685	1.93515468	1.92446935	1.96775126	2.11876488	2.27329946	2.38298917	2.43436265	2.39609361	2.21900415	2.09595156	2.01640797	1.94971335	1.89721942	1.89229178	1.86669540	1.76906002	1.67612505	1.62518847	1.61410606	1.55427861	1.55608118	1.59281361	1.63414240	1.64610100	1.65860212	1.67488849	1.68306625	1.67214108	1.63201666	1.57547343	1.59061539	1.60374713	1.58842194	1.56544089	1.56881189	1.57145345	1.58710217	1.61718667	1.65082443	1.69079077	1.69443774	1.67922258	1.66110349	1.65454018	1.61324406	1.59363174	1.62979853	1.74057353	1.92951977	2.36539268	3.10460997	3.49131775	3.37063098	3.08863354	2.94083166	2.94302034	3.01498103	3.09176087	3.12367320	3.30774307	3.34435129	3.26965427	3.15863681	3.12511516	3.04507947	2.92952394	2.79884505	2.71824121	2.79771471	3.30683970	3.14069152	2.87553978	2.80645370	2.94730401	2.79080558	2.67237139	2.62863946	2.63931894	2.62719011	2.47246408	2.21088529	2.19242430	2.43357229	2.61733818	2.83026409	3.27856970	3.47800660	3.26757121	2.80950499	2.61653590	2.53450370	2.48475599	2.43911409	2.41987181	2.35344625	2.28724957	2.25464106	2.26065874	2.28201962	2.31394768	2.33794332	2.36627364	2.41296411	2.49379897	2.67154408	2.83411598	2.96580124	3.06597495	3.14910007	3.16116190	3.18912077	3.23554611	3.29505706	3.35432053	3.34124064	3.48983431	3.75894904	4.03870249	4.15048170	4.56324053	4.61831617	4.68506622	4.81309557	4.73226213	5.22976065	5.75371885	5.71979046	5.17035437	4.77451992	5.55508947	5.41942120	4.56850863	3.61588764	3.58764338	3.35152078	3.02177095	2.90007997	2.99232006	3.00854802	3.14485073	3.40624475	3.47684383	3.31976485	3.17712784	3.14264083	2.87523031	2.49181509	2.14684486	2.03229785	1.68163681	1.48127294	1.39172161	1.36759388	1.35759759	1.35148466	1.33250189	1.29496157	1.24613440	1.20624852	1.24145281	1.32896411	1.42833221	1.51650560	1.58783185	1.61550915	1.64490128	1.68062329	1.71749425	1.74053550	1.76329279	1.85079014	1.95629621	2.03939414	2.06598306	2.01510906	1.92119944	1.83834457	1.77850842	1.71152854	1.62681818	1.62454295	1.66592216	1.72389901	1.78314078	1.81414247	1.82935011	1.86105072	1.91776288	1.98423648	1.98593605	1.95472503	1.93549991	1.95542705	2.02394342	2.14099574	2.38203454	2.70370245	2.94478345	2.82620525	2.85079813	3.05688310	3.06702852	2.84363246	2.68892074	2.70781469	2.71936226	2.80115914	2.88120961	2.73792362	2.63525867	2.58081937	2.56225801	2.56009245	2.54770756	2.51680827	2.50101352	2.54077268	2.64409518	2.78655100	2.96897054	3.14856791	3.36852694	3.66722775	4.07824707	5.25125933	6.34065819	6.50872278	5.82714319	5.27702188	8.08693218	7.92193365	6.38712358	4.74033308	3.89212489	3.44188309	3.12292838	2.94238305	2.87311268	2.85372496	2.85273647	2.89174724	2.94630933	3.00251460	3.05699492	3.07910776	3.13204670	3.21503997	3.32213044	3.44217634	3.55323386	3.67846084	3.85007644	4.05772018	4.24845362	4.23466539	4.19857025	4.13050079	4.00658941	3.78876567	3.65048432	3.56047249	3.49514771	3.43561840	3.36768103	3.28444839	3.21263885	3.15793514	3.11915803	3.08826423	3.11591697	3.15538478	3.18270016	3.19111800
61.0000000	3.28679729	3.41319299	3.76383424	4.28684950	4.87215567	5.35146189	7.81917429	6.90898991	4.96875858	3.71327591	4.22429037	4.23848152	3.88139462	3.45236707	3.08913660	2.76784062	2.36299348	2.10703444	1.92746961	1.80513847	1.77421331	1.86362064	2.01215267	2.14032102	2.20868969	2.21787882	2.15932536	2.09762287	2.05049396	2.01528716	1.96897388	1.96804142	2.02031565	2.09128714	2.12860513	2.06207919	1.94984019	1.88664508	1.85674453	1.84448326	1.83430076	1.79839957	1.77800500	1.77084243	1.77423036	1.78507900	1.81242168	1.84005880	1.85845029	1.87001443	1.88912940	1.91524231	1.96898711	2.02094579	2.07243443	2.15550232	2.33235407	2.37889242	2.27460766	2.11188841	2.09602237	1.88880718	1.73641014	1.71256602	1.77826095	1.78173459	1.74214852	1.76719677	1.83336854	1.89367950	1.87767172	1.81473124	1.79022694	1.77846026	1.77352071	1.78928673	1.84576690	1.90602374	1.95162868	1.97246957	1.96675086	1.98738587	1.98751020	1.97840321	1.96091783	1.92547846	1.88317454	1.84880733	1.82027113	1.81545281	1.87223327	2.10565400	2.35286808	2.42356038	2.29536033	2.11384130	2.02119088	1.95157135	1.85480392	1.75751722	1.76314712	1.76275170	1.68770003	1.63951540	1.64448893	1.65368116	1.62654614	1.64571846	1.68914199	1.73735213	1.77347398	1.85920310	1.93991327	2.00283337	2.03437066	2.02011156	1.89926827	1.78773725	1.70322049	1.63780820	1.55797803	1.66002858	1.77994263	1.87674570	1.94180155	1.99881279	1.99694777	1.96290553	1.90000498	1.84888971	1.88752830	1.87588358	1.84413922	1.86665630	1.96672618	2.11657071	2.52769041	3.27645969	3.74703884	3.77321768	3.63841510	3.68832326	3.93205619	4.15796041	4.33399963	4.60775900	4.17838860	3.82930517	3.68103337	3.69061470	3.65160799	3.44943237	3.19970012	3.10866189	3.43244624	4.47706270	3.98834682	3.29087853	2.87706995	2.79455256	2.64617658	2.61326933	2.68511486	2.75709176	2.76922441	2.70618105	2.63833547	2.54160500	2.72550154	3.14589977	3.40503383	3.74495578	4.10222149	3.97610927	3.37020493	2.79240608	2.62924671	2.52058911	2.45772052	2.43345284	2.44212008	2.41512728	2.39148307	2.37625527	2.36914420	2.36448407	2.37750578	2.39291382	2.41310287	2.44963861	2.52325511	2.67000723	2.83219242	3.00482726	3.17415524	3.31764460	3.38597131	3.35321236	3.27563787	3.20229769	3.17502236	3.28098655	3.63798642	4.08541250	4.55856991	5.08867836	5.82901049	6.54561567	6.71038246	6.07293272	4.66061687	6.36485529	9.21613979	11.1552877	11.6015730	11.4527206	13.1849356	15.9634314	16.1803570	13.4115076	10.4163198	7.43724585	4.90140867	3.46324253	3.08319926	3.02775526	3.45572519	3.86424232	3.81980968	3.40245032	3.20570707	3.31116009	3.22626543	2.90238786	2.46798587	2.22861290	1.77823329	1.51510167	1.37341261	1.29324365	1.22055626	1.15658021	1.15466368	1.15977991	1.14721644	1.12257528	1.13967371	1.19301593	1.27542567	1.37919366	1.49607778	1.56405532	1.60390794	1.64929116	1.70161581	1.73004830	1.75257552	1.83855844	1.95080566	2.04107928	2.05009365	1.96201110	1.90840101	1.86358583	1.79269791	1.65168011	1.53430116	1.52245319	1.55223346	1.59270442	1.64589167	1.66771364	1.68754578	1.73325145	1.80290735	1.86480308	1.85115004	1.81790209	1.79564810	1.81401241	1.90165424	2.04958200	2.34591818	2.77315974	3.10172987	2.88997626	2.77392197	2.86880040	2.90997076	2.78669143	2.54212213	2.41828108	2.38475871	2.41071391	2.46307564	2.50654221	2.51319337	2.51038456	2.52399898	2.54612994	2.53507924	2.51765490	2.50951910	2.54681659	2.64490056	2.79833484	2.94973540	3.15111351	3.41417503	3.68243623	3.83122087	4.07131338	4.77736616	5.49163771	5.91064405	5.88515711	7.03637314	6.20216370	5.01944590	4.23291254	3.69503284	3.29479027	3.01913238	2.87648106	2.84223843	2.85878587	2.90505743	2.98288035	3.07862258	3.17155433	3.23384547	3.25525928	3.30439234	3.37081337	3.44724941	3.52959013	3.63282800	3.72526288	3.79414177	3.83793807	3.86635113	3.83954072	3.81866407	3.78328419	3.72391295	3.64201236	3.56574988	3.54153657	3.53982687	3.53764129	3.51856256	3.47950459	3.44107246	3.41104913	3.39094925	3.37601566	3.42227077	3.43931270	3.40937066	3.35897899
60.0000000	3.27184057	3.32012701	3.63251519	4.18674850	4.83223772	5.29005957	7.30361986	6.65998793	5.15379286	3.93424106	3.50511622	3.51800179	3.26208520	2.90536046	2.57024574	2.33358312	2.10988259	1.93505752	1.82565308	1.81174457	1.93693829	2.05563569	2.20057726	2.28120136	2.25352168	2.12012935	2.00503969	1.90967023	1.84751797	1.81636477	1.79827631	1.81850958	1.86406827	1.95403647	2.04440212	2.02805638	1.86914575	1.78922153	1.75482631	1.74564791	1.75451887	1.74033856	1.75749731	1.78651440	1.81362915	1.83080113	1.82418072	1.82335985	1.82078016	1.82019651	1.83667743	1.86964440	1.91801143	1.94547427	1.96583962	2.04302740	2.25124907	2.29699254	2.18620157	2.01825643	1.98597562	1.77337742	1.62667990	1.58820403	1.62484074	1.62804794	1.62509727	1.67427480	1.74991488	1.81324804	1.81240261	1.75481546	1.73139405	1.71979141	1.71099722	1.70933592	1.75402260	1.79884779	1.81971872	1.80834484	1.77223790	1.80042017	1.81907368	1.81945300	1.81001043	1.81639552	1.77467203	1.77259779	1.78591454	1.80075800	1.81365943	2.08966064	2.30925369	2.27593541	2.05373907	1.96723568	1.95973408	1.87310874	1.72789097	1.59240627	1.58277452	1.56798470	1.53472805	1.58233118	1.70363069	1.78497529	1.76948750	1.78922307	1.78889239	1.78168809	1.84928489	1.97393966	2.10698199	2.40477228	2.74539328	2.72864985	2.25774646	1.88928330	1.74328578	1.79012966	1.85054314	1.96049845	2.12746882	2.24681544	2.29630256	2.33609724	2.29590654	2.22039437	2.15535760	2.13109636	2.16241312	2.21712279	2.21179199	2.21956658	2.30654860	2.53179550	3.20019364	3.47638988	3.40909958	3.26880479	3.54775381	3.86179066	3.59702897	3.34238124	3.34351039	3.50282669	3.31858468	3.19176412	3.14177752	3.12162137	3.01787663	3.13408709	3.33257079	3.70957518	3.98092580	3.48202586	3.11266994	2.84292746	2.66355205	2.56155729	2.52021885	2.70327473	2.97826529	3.27761889	3.40912104	3.05591178	2.91181064	2.80193710	2.77297044	2.83010983	2.93707299	3.02635098	3.05097437	2.97943759	2.84039831	2.72267938	2.64927864	2.59209371	2.56699491	2.56805468	2.56754947	2.54796100	2.51755595	2.48384094	2.45485878	2.43918705	2.43597150	2.45247722	2.47698760	2.51400185	2.58423495	2.70467114	2.83496118	2.99105954	3.18704557	3.43512321	3.58440638	3.55633879	3.65122747	3.87281060	3.92825842	3.67061186	3.66894484	3.92439079	4.32634211	4.65245008	4.74300814	5.02321148	5.39149761	5.75204134	6.01475573	6.62930918	6.98492813	7.32767248	7.70422316	7.96187496	8.73517418	10.3472996	11.7308207	12.4291334	12.5964479	11.9873743	9.44034386	6.82415962	5.07708359	4.20683765	4.06332779	4.05873632	4.03151464	3.87011623	3.51299691	3.05795693	2.55509305	2.26524830	2.22106552	2.22698784	1.81392050	1.54940009	1.41565704	1.35212755	1.25545263	1.20360386	1.16845822	1.17233109	1.20301592	1.21378398	1.13352144	1.07896996	1.11809945	1.23042953	1.30702841	1.42363036	1.51222634	1.60230184	1.69520199	1.76413226	1.79764342	1.88502359	2.00379181	2.10023713	2.08942175	2.09244037	2.07355452	2.00844049	1.88796997	1.71820974	1.60749865	1.56980431	1.56234884	1.57287693	1.61965728	1.65567589	1.65774298	1.66119885	1.67712307	1.69233394	1.68265557	1.67335236	1.68984175	1.74746156	1.85147023	2.00843978	2.24481869	2.56124616	2.85228562	2.90642524	2.85751057	2.81669807	2.76877952	2.67087388	2.45242763	2.27667904	2.23950291	2.39205074	2.67414331	2.91427016	2.71009374	2.55436707	2.50242424	2.52727222	2.51959157	2.53773165	2.56080651	2.59677553	2.64683628	2.70542717	2.81523013	3.00435328	3.27969813	3.60701847	3.91092134	4.07418060	4.13143873	4.16652679	4.20616245	4.21995163	4.39458609	4.30841780	4.06115103	3.73258233	3.38259864	3.16271114	3.03236651	2.98009324	2.98171115	3.00032902	3.02801228	3.09930348	3.21098495	3.33550763	3.42099142	3.46212053	3.51474571	3.56728077	3.62293482	3.69970942	3.79742408	3.85538101	3.87687826	3.87305808	3.86290741	3.84323263	3.81446266	3.76789021	3.70880318	3.65648293	3.62375307	3.63329101	3.66686916	3.69335318	3.66870213	3.62661004	3.64086032	3.64718509	3.61874557	3.56613183	3.50938177	3.46878099	3.42588043	3.38794255
59.0000000	3.18170524	3.24559283	3.44397926	3.80209589	4.26277733	4.68646240	6.32324123	6.44278336	5.33883572	3.77092910	2.96437430	3.30930758	3.09370255	2.69620490	2.34398413	2.11273217	1.92855215	1.79852128	1.77125025	1.85013282	1.99334645	2.16895819	2.33686042	2.40615082	2.31731915	2.04224634	1.84388542	1.73889971	1.69375122	1.69424462	1.74552858	1.80088770	1.82552004	1.87785256	1.94095469	1.92253816	1.77234554	1.69434083	1.68277311	1.71282899	1.74063337	1.76991510	1.79994500	1.81025255	1.80429327	1.80944669	1.79160798	1.77622223	1.75550735	1.73430312	1.73007059	1.76002252	1.77620292	1.78071904	1.79566193	1.86310565	2.02727294	2.07015014	1.99790764	1.89362597	1.91729665	1.76941359	1.61939406	1.54853570	1.55387163	1.54817104	1.52755511	1.55404878	1.59994638	1.63863802	1.64460874	1.61608398	1.62386632	1.64645398	1.65578985	1.61726248	1.62980294	1.63767040	1.63611484	1.62776852	1.62264597	1.62226760	1.60340750	1.60488558	1.64339375	1.71349525	1.69741094	1.66487062	1.63527298	1.63413918	1.69311345	1.91059995	2.08999896	2.05540824	1.85039675	1.73800290	1.69565690	1.65233338	1.62300229	1.60280037	1.56703150	1.58087492	1.57362688	1.65019739	1.79078162	1.85086060	1.74815345	1.73516142	1.77240562	1.86160064	2.04565525	2.19279051	2.40735173	2.85800958	3.28039408	2.97709465	2.65089417	2.61066508	2.50349379	2.32040405	2.39635921	2.62867522	2.88107705	3.01791883	3.02979016	3.03351474	3.09781575	3.14700150	3.14020300	3.02153444	2.72009373	2.71128559	2.74298239	2.76742148	2.78356147	2.83708262	3.19974828	3.34887052	3.24410844	3.15833783	3.67765403	3.34767079	2.95039678	2.71329021	2.65970755	2.60890269	2.54454899	2.54146862	2.56142473	2.56434250	2.50830770	2.72734165	3.02231455	3.25418186	3.28512979	2.97857428	2.90010333	2.75703764	2.57891297	2.49655819	2.74209309	2.85078144	3.18462443	3.47457504	3.46285057	2.90293193	2.73117185	2.62586021	2.58993387	2.62181330	2.71539950	2.76575756	2.76446891	2.73781991	2.71035886	2.70490050	2.70746636	2.70011711	2.68739510	2.67459393	2.66775990	2.64688468	2.61690998	2.58356214	2.55559015	2.54476690	2.56071782	2.57478309	2.58412194	2.60022092	2.64889407	2.76074147	2.87167025	2.98984909	3.13927865	3.35978723	3.56707668	3.70573974	4.09628773	4.69115019	5.07467508	4.55453730	4.09147596	3.84726262	3.82568836	3.87256479	3.79774237	3.93782043	4.30988693	4.79969692	5.16166830	4.84941435	4.52960539	4.46667433	4.68481970	4.96800852	5.41482019	6.07688332	6.88773823	7.81957722	8.88324451	10.5495977	11.9554586	12.8676548	13.0864496	12.4455328	8.91359425	5.94197655	4.38977098	4.03786182	3.58892536	2.84308505	2.32875228	2.10819864	2.11786819	2.16837645	1.84942114	1.62843549	1.51951301	1.46200860	1.32053936	1.24153805	1.21599293	1.20549786	1.18800247	1.15781081	1.08642912	1.05295646	1.08306229	1.13590205	1.10411739	1.19352067	1.38160908	1.56461823	1.70276773	1.82026219	1.86405253	1.89777219	1.94275773	2.00269318	2.06360960	2.11246252	2.12771106	2.07897210	1.96557045	1.81653953	1.68492532	1.66553366	1.67446017	1.66898811	1.64758885	1.60212553	1.54330146	1.50594664	1.50365078	1.52876353	1.58565414	1.61139774	1.62523162	1.65189898	1.72164989	1.89128792	2.18930745	2.49841404	2.73881841	2.86823559	2.85327768	2.81457305	2.71039081	2.54356694	2.36150670	2.15828991	2.21516347	2.75028777	3.56337285	4.03567743	3.22035074	2.82497644	2.65737605	2.58783889	2.54912257	2.64904046	2.69056678	2.68562722	2.65705323	2.63858342	2.72738886	2.89728403	3.10011530	3.29310656	3.43886423	3.51719952	3.59370732	3.68357444	3.78161073	3.86224866	3.89245892	3.82355499	3.65690327	3.43727160	3.25282907	3.16565466	3.14997292	3.16151333	3.17189145	3.16860938	3.21356010	3.31420207	3.43317556	3.54721689	3.64715934	3.71148634	3.75696540	3.81443691	3.88220072	3.92601490	3.95392179	3.97188807	3.97998166	3.97635508	3.95724535	3.91131020	3.84783125	3.77759433	3.71873975	3.69676232	3.70446539	3.72866416	3.75096226	3.76947045	3.79880285	3.82870817	3.92506909	3.99240065	3.93057370	3.63481736	3.16249490	2.93904638	2.94239330	3.05278087
58.0000000	2.87594628	2.97481561	3.07945180	3.21961451	3.41779017	3.68919277	4.12430286	4.14756680	3.76993775	3.18153214	2.75162721	2.90531683	2.93575215	2.73886418	2.36823845	2.03511357	1.88989139	1.81685984	1.86175656	1.99886525	2.13101578	2.27442551	2.36075234	2.38244462	2.30441546	2.06404495	1.86744332	1.71786392	1.65944374	1.68619251	1.74199283	1.73554468	1.78032231	1.81948030	1.81740975	1.75973785	1.68362820	1.61544621	1.59730780	1.62403691	1.64316678	1.68741560	1.73444188	1.74385250	1.70726860	1.64832652	1.64780200	1.62667477	1.59801221	1.56963277	1.54410636	1.61060143	1.66321838	1.69059193	1.70195973	1.72716296	1.80077469	1.84937048	1.83299565	1.77284563	1.75126588	1.63496840	1.46448827	1.37057734	1.36921775	1.36162090	1.33740616	1.37432623	1.42988908	1.48122966	1.52510881	1.55011654	1.58879995	1.60205197	1.57773137	1.53066349	1.50970745	1.47558486	1.45971584	1.46959746	1.48880446	1.46367073	1.46113455	1.49251890	1.54296756	1.57144630	1.55564356	1.54214084	1.52584648	1.51668012	1.53957105	1.54088593	1.54560649	1.58051121	1.63783598	1.67527187	1.62546265	1.57580078	1.55997586	1.58917105	1.65206289	1.66639292	1.66320062	1.73518872	1.83366215	1.76852775	1.66525495	1.72165310	1.89697945	2.15283728	2.45317650	2.59146905	2.84374857	3.09199905	3.26647377	3.34569836	3.38304782	3.32046103	3.27788591	3.27643943	3.23840690	3.33338356	3.30136251	3.28489876	3.35055470	3.48890162	3.57544994	3.56239176	3.48965120	3.35685897	3.12335801	3.26298118	3.30726218	3.17404056	2.97760510	3.02869487	3.17595100	3.21213865	3.21705437	3.28058600	3.50271320	2.93727446	2.57689786	2.37515879	2.26077414	2.13760185	2.07854867	2.10997486	2.19782186	2.30050969	2.36893606	2.41837907	2.49361277	2.57925797	2.66681504	2.75466228	2.75489211	2.65752912	2.89636755	3.37275696	3.45560360	3.23733020	3.31779385	3.21931791	2.86694479	2.58843517	2.53267455	2.52081800	2.53187656	2.55619645	2.59545946	2.61731076	2.63531899	2.65759230	2.68959093	2.73412633	2.78973556	2.78505778	2.77503657	2.77644205	2.76787162	2.76762795	2.77795434	2.78061938	2.77424049	2.77428007	2.74816036	2.71618009	2.69032383	2.68460226	2.71505022	2.75480819	2.82152009	2.92075682	3.05388355	3.21805716	3.43683386	3.63078904	3.78534579	3.89028120	3.93972516	3.90225768	3.90315437	4.09295654	4.30785370	4.06968307	3.90305638	3.64387965	3.45510507	3.39710617	3.42768049	3.44209194	3.45649958	3.51409125	3.62478733	3.76524115	3.98302698	4.30506992	4.73757887	5.24403906	5.74521208	6.40166187	7.38159943	8.19288063	8.68384075	9.04329681	10.4136677	9.46214008	7.30524969	5.14095497	4.24863577	4.67400360	4.05593204	3.23786330	2.68925714	2.50558710	2.05743551	1.63984549	1.46051347	1.47937286	1.40859294	1.31115222	1.27572262	1.24640083	1.20584571	1.17527938	1.15592527	1.17421579	1.18581009	1.16692126	1.11431634	1.21781659	1.37567139	1.49654245	1.56160939	1.62457013	1.62350845	1.62261462	1.64065456	1.67128217	1.68304062	1.76386988	1.82620275	1.83316648	1.78813910	1.73474979	1.67320442	1.63712907	1.63793635	1.64198399	1.57057452	1.49485219	1.40686595	1.36110210	1.37748325	1.44136703	1.52230895	1.57270861	1.59338033	1.60871911	1.66670001	1.82092929	2.04633403	2.37673855	2.70867038	2.80136013	2.74590588	2.75893593	2.74475956	2.67767191	2.60195351	2.57251525	2.71240711	3.27538919	4.03355360	4.27732229	3.34667110	3.17385530	3.03619432	2.73797798	2.61046624	2.69270778	2.71067238	2.69930983	2.69214106	2.72125912	2.79004955	2.89191103	3.00721192	3.10863757	3.16119123	3.18511200	3.24694943	3.33768845	3.45175719	3.58702612	3.66032410	3.61181045	3.50821209	3.40228868	3.33283234	3.34687304	3.32895184	3.30191660	3.29057503	3.32169175	3.45825362	3.59533429	3.70356607	3.77754593	3.83583784	3.86947989	3.90138817	3.93266630	3.94717073	3.91151214	3.93353510	3.97619700	4.01749945	4.03079462	3.98478675	3.91985202	3.84720373	3.80308175	3.79008317	3.77716136	3.76236463	3.73817611	3.73277330	3.76832318	3.86098194	3.99946451	4.30280352	4.80576754	5.16328526	4.65044641	3.31904030	2.68565726	2.53688216	2.61425066
57.0000000	2.40198183	2.61674070	2.76979947	2.89860392	3.02526021	3.15653110	3.38336015	3.46146011	3.30953026	2.97715998	2.64482689	2.52870917	2.46759558	2.40254807	2.27380133	2.02076101	1.81804037	1.79722703	1.91033161	2.09788227	2.28892303	2.37491870	2.28390145	2.12167311	1.96402729	1.85675013	1.73276806	1.62337995	1.57929158	1.59654629	1.61652291	1.59917736	1.60744822	1.62261748	1.64421904	1.69003785	1.62892950	1.57569098	1.55391014	1.56847537	1.60557592	1.65183139	1.65678549	1.61231208	1.54481912	1.51525128	1.49244606	1.45290995	1.42393172	1.41894233	1.43751454	1.50010419	1.57630908	1.63223255	1.65097809	1.63265061	1.65473557	1.68854451	1.67006779	1.59885359	1.53800797	1.42783463	1.26976860	1.20567501	1.24470854	1.26331210	1.30011737	1.35223341	1.39454353	1.43179953	1.49862242	1.57865274	1.56175852	1.51063168	1.46783698	1.45581162	1.36845171	1.30452228	1.28521657	1.31008291	1.35702550	1.37897229	1.38534582	1.39371717	1.40298700	1.39338636	1.43852854	1.46807730	1.47288656	1.45853877	1.44534469	1.49116790	1.50633717	1.53082395	1.57350838	1.61218011	1.55877852	1.49298811	1.46820104	1.49382365	1.53527534	1.54435456	1.56751335	1.65915036	1.77533531	1.77380884	1.85221827	2.04922175	2.42756748	2.97782373	3.61837745	3.29550862	3.10078549	3.02469063	3.06897736	3.24666834	3.49952078	3.63218284	3.66738272	3.64770746	3.63560581	3.45100474	3.34042621	3.34213781	3.40767169	3.40182447	3.36105680	3.35247064	3.39251852	3.45660806	3.47910023	3.42829967	3.53925943	3.61957049	3.55031514	3.28606725	3.27266002	3.25027156	3.28759694	3.19147038	2.50686789	2.25864983	2.14381480	2.05352354	1.96397090	1.93638587	1.90287793	1.93970716	2.03304482	2.14397717	2.20850515	2.26257992	2.30501795	2.40235400	2.55286765	2.68658280	2.69607973	3.02511334	3.60235929	4.04444361	3.65594435	3.74748445	3.44388795	3.08488011	2.83030248	2.66011000	2.58216834	2.56503224	2.58537936	2.61705971	2.63109422	2.70410585	2.77569604	2.84743381	2.90959716	2.94117308	2.97646546	2.98936224	2.96887136	2.93164420	2.92197371	2.92629790	2.94317174	2.95109391	2.94774342	2.94998050	2.94859171	2.94016623	2.92798495	2.91315532	2.89461160	2.90931201	2.96753621	3.05417156	3.15902925	3.27684307	3.39802265	3.50820971	3.53271580	3.49289632	3.50615001	3.56542158	3.73797154	3.99784446	4.23215723	4.24109602	3.98334098	3.62384629	3.35528684	3.24915576	3.25576472	3.24229527	3.25621867	3.31508374	3.41277528	3.51951265	3.66736865	3.82197571	4.00248909	4.20979929	4.42652321	4.76837206	5.38492107	6.12393379	6.81576252	7.27334738	8.75607967	11.5332108	11.8870230	9.45089149	7.20928049	6.41077614	5.54498816	4.61858463	3.71888876	3.01388240	2.35828304	1.74940431	1.45999122	1.45137620	1.37347984	1.25472248	1.17697906	1.11894262	1.08264875	1.09347510	1.13621140	1.17763472	1.18759680	1.17456985	1.18564856	1.25594652	1.32259703	1.36156881	1.37584388	1.39541793	1.42627454	1.41187108	1.40742612	1.42482436	1.43261719	1.40328944	1.39801908	1.40531552	1.41300106	1.40821016	1.41719818	1.47805989	1.55796504	1.61536646	1.60000074	1.53341353	1.48137188	1.44770300	1.43992984	1.46926975	1.52629566	1.56807923	1.61499095	1.67457342	1.74154103	1.85077739	2.02712536	2.36524510	2.79467916	3.07985449	2.97716737	2.90352726	2.89407873	2.92592716	2.91813636	2.84576488	2.91454792	3.24166441	3.68179345	3.82711577	3.31137300	3.31046605	3.18181014	2.81958461	2.65473509	2.65760970	2.64512467	2.67032623	2.75409794	2.88516235	2.94621944	2.96746302	2.99321723	3.02837968	3.03842473	3.05204153	3.10206223	3.19428492	3.31536508	3.43281674	3.57066393	3.63500810	3.62477660	3.57662749	3.56494737	3.60079980	3.58010268	3.52905536	3.49599552	3.55140114	3.65022087	3.70057964	3.73323154	3.77180982	3.83283067	3.91477919	3.98122048	4.01008606	3.99941397	3.96735001	4.03659296	4.09956408	4.15181780	4.17438936	4.13379288	4.00998783	3.92164731	3.85787368	3.80159307	3.72955680	3.66471648	3.66301179	3.72170758	3.83670712	4.00255060	4.25444317	4.61421013	5.19754124	5.59530687	4.87355757	3.47657990	2.70478797	2.32426190	2.17601991
56.0000000	2.14423919	2.48340249	2.70792174	2.84983015	2.94180560	3.01717067	3.18268776	3.31996441	3.27920794	3.01455522	2.58407283	2.38737416	2.27001905	2.19400883	2.12692499	2.04192877	1.93843949	1.94798589	2.04470944	2.19892168	2.37710357	2.46768618	2.32473373	2.05001402	1.77017820	1.63676202	1.64274168	1.62453330	1.58378649	1.53675222	1.51428223	1.51717293	1.57256985	1.61690545	1.62969148	1.63351810	1.58308148	1.52199066	1.49941576	1.52506900	1.56920326	1.58166432	1.57850277	1.55027056	1.49504352	1.41842103	1.35610306	1.30335402	1.28784394	1.31193829	1.35269678	1.38528407	1.39953482	1.39700925	1.39187253	1.41089487	1.45029795	1.51750183	1.52746379	1.47132468	1.41640723	1.33987272	1.20635378	1.15336132	1.19660914	1.23001218	1.26622784	1.28420126	1.31866288	1.36897600	1.39913630	1.38631332	1.32759511	1.27733958	1.26355577	1.28790438	1.25408292	1.22067738	1.20356774	1.21414089	1.25929058	1.26664925	1.24796152	1.23985445	1.25883150	1.30127394	1.42191732	1.48304677	1.48392129	1.46397924	1.50283849	1.67521298	1.62735653	1.49939728	1.40458953	1.42931330	1.47447693	1.49297869	1.49802911	1.49766755	1.49476302	1.44044816	1.45769143	1.56722736	1.74475312	1.92092896	2.01008153	2.18335652	2.52008867	2.94399691	3.22318506	2.83716249	2.64331651	2.59618425	2.67194629	2.86842728	3.25406194	3.50600553	3.61436629	3.63378763	3.68344760	3.49920225	3.41326118	3.43079209	3.49534345	3.48884177	3.35586214	3.29137278	3.29724336	3.38269043	3.56427884	3.55855155	3.62231231	3.75061607	3.76330805	3.30502653	3.07036400	2.88906264	2.60145974	2.24923253	2.07539821	2.01619124	1.91301322	1.81439543	1.75455022	1.75337267	1.77447450	1.85385144	1.99492633	2.16050267	2.27276397	2.31708312	2.40556717	2.55576611	2.74517179	2.91121817	3.80579257	4.75314713	4.72071505	3.88558459	3.63449931	4.00416279	3.56378984	3.06657600	2.81569791	2.66431165	2.58700538	2.60766935	2.66613603	2.72598147	2.77452397	2.81823730	2.86542201	2.95477986	3.07841063	3.18181586	3.20035839	3.18755054	3.16287184	3.13552499	3.10443449	3.10036182	3.12907457	3.16282082	3.18199587	3.17514229	3.17431927	3.20640659	3.23451424	3.24516296	3.24827981	3.25039983	3.26510048	3.29126573	3.34371686	3.45321155	3.56054091	3.64816332	3.76389670	3.85628438	3.77459407	3.79879713	3.80102515	3.76001358	3.68927097	3.63707972	3.55988383	3.47055697	3.37943983	3.30582571	3.27796125	3.26248169	3.24347854	3.28124690	3.38145304	3.49513578	3.59875226	3.69789815	3.79032731	3.88322353	3.99320054	4.15971327	4.39226103	4.80227423	5.47512865	6.47014999	7.40955353	8.05360413	9.01089668	9.89087677	9.30384064	6.39530849	4.83141661	4.18999863	3.91356039	3.30928087	2.75416231	2.21583819	1.81739211	1.57480872	1.39697540	1.27211392	1.17148960	1.10856283	1.09043753	1.11786294	1.15898073	1.16218793	1.16766489	1.18909347	1.21365809	1.17945778	1.20364797	1.24640548	1.28118646	1.29472601	1.32571316	1.34698582	1.36495495	1.38064790	1.38970792	1.32992339	1.27680540	1.25011325	1.27822173	1.39812028	1.48687935	1.57505167	1.65796483	1.72207391	1.74495995	1.76187468	1.73177695	1.70137012	1.68793321	1.67931986	1.71181738	1.73968589	1.76812041	1.80244458	1.84810984	1.91341650	2.11704755	2.54488349	3.08293676	3.41735339	3.35340786	3.25864625	3.17247343	3.09751868	2.99963570	2.89200926	2.90655851	3.10496473	3.39865375	3.54879665	3.38481998	3.40577650	3.30308294	3.03241992	2.81372929	2.81487465	2.78857303	2.76340818	2.75840664	2.78303719	2.81272960	2.81865025	2.83919001	2.89420342	2.98500776	3.05740333	3.15309906	3.25405073	3.34850907	3.43102193	3.52698731	3.61858082	3.66153717	3.66074347	3.67024112	3.67200470	3.63057208	3.60565281	3.63617229	3.74027109	3.78460765	3.77364397	3.76357889	3.78761077	3.85593724	3.99588609	4.07855415	4.11726665	4.14445925	4.21167898	4.25625134	4.29663372	4.29899120	4.24646091	4.13915062	4.03825045	3.92285967	3.79920483	3.69421268	3.65551186	3.66984010	3.71602416	3.80937147	3.96072984	4.17648983	4.28195190	4.43883181	4.81594133	5.13210917	4.65618086	3.48109961	2.71269894	2.20168877	1.90980387
55.0000000	2.03123260	2.38175535	2.62999535	2.78655457	2.89020896	3.00790763	3.16876721	3.27735162	3.26952195	3.09267187	2.70572829	2.46579242	2.35696530	2.31692791	2.28287458	2.19151497	2.15824032	2.13191366	2.13980675	2.18395591	2.24115992	2.16517448	2.04295301	1.86337566	1.68409193	1.63152087	1.66924441	1.58358216	1.49634159	1.46622849	1.48884606	1.48398578	1.53088295	1.55196774	1.53362262	1.52618241	1.46557593	1.44726825	1.45296121	1.45988584	1.44080305	1.44215429	1.42785490	1.41079164	1.38633049	1.33231914	1.25698864	1.21131837	1.19468892	1.20201266	1.22373426	1.23274338	1.22900414	1.20977736	1.19798315	1.24220014	1.42131734	1.52621913	1.50022233	1.39018762	1.34652019	1.19691217	1.07048976	1.02412093	1.05122995	1.08179629	1.13479769	1.15331185	1.17009473	1.19219124	1.20093381	1.16445279	1.14776230	1.12353516	1.08904314	1.06615531	1.05928385	1.06839347	1.10186899	1.15187514	1.19435680	1.20784235	1.21661675	1.22471249	1.24169624	1.28266895	1.47849882	1.62150550	1.70328999	1.70536447	1.59915173	1.46664059	1.46491933	1.66557181	2.02066302	2.36273718	2.12508798	2.07779193	2.01621890	1.85023487	1.60420132	1.50779891	1.42123866	1.46409798	1.65245879	1.89890873	1.82579291	1.87700260	2.01801968	2.25315237	2.62553382	2.41454983	2.29243302	2.28665781	2.38009119	2.51099300	2.83775234	3.03901362	3.14029050	3.17614174	3.19017315	3.08518314	3.13951993	3.20295691	3.21286726	3.19422388	3.14340472	3.10926867	3.21491146	3.46533370	3.74744177	3.56329083	3.55679607	3.59782004	3.61023760	3.57193708	3.30479765	2.80289960	2.42196822	2.24714375	2.09298134	1.91387320	1.83242416	1.80776882	1.81797147	1.86002553	1.93174493	2.03239417	2.16127419	2.30414724	2.43323588	2.51792836	2.64498496	2.83274341	3.04073119	3.16966486	4.62891245	5.01743603	4.45645189	3.71949124	4.23240280	4.43885469	3.72499847	3.04561234	2.76305175	2.64724708	2.62695789	2.69643831	2.79672313	2.88910484	2.95513439	3.00221825	3.08051157	3.18767476	3.30956697	3.42024684	3.44431329	3.42337608	3.38188457	3.34031391	3.31516528	3.31768942	3.35096049	3.39416718	3.44012642	3.49528241	3.52886868	3.51950717	3.50799847	3.51502752	3.54116297	3.52602577	3.48405361	3.45814586	3.48166633	3.57844305	3.75347328	3.90029502	3.99878335	4.04798794	4.06613398	3.93461013	3.68825293	3.51410222	3.46098065	3.43949580	3.40702796	3.39308786	3.39811945	3.40406299	3.37435222	3.36059952	3.36801910	3.41628408	3.49608207	3.56911659	3.61446404	3.65488386	3.70796347	3.77715421	3.85176945	3.92209840	4.03256416	4.20624447	4.51600838	5.08451366	5.93018484	6.66727352	7.45502377	8.27923965	8.95228672	7.45821667	5.35128546	3.81636381	3.21318674	3.07635403	2.68947959	2.42492890	2.24396157	2.11426234	2.00994182	1.75696015	1.51671207	1.36547589	1.29065168	1.19076300	1.12567079	1.09608078	1.09505510	1.10747397	1.11003673	1.11125088	1.14543951	1.17201316	1.18277490	1.20192003	1.24052584	1.27282214	1.31458151	1.36269343	1.39516532	1.40049267	1.42131722	1.45761740	1.51072896	1.58334517	1.68885720	1.78087115	1.84145701	1.87534010	1.90990198	1.93914163	1.95816147	1.97517228	1.98381197	1.96314240	1.94024980	1.84489739	1.76656401	1.75217640	1.80610967	1.99220622	2.39403439	2.80566621	3.12269521	3.34223461	3.30059910	3.30580091	3.33630610	3.34548879	3.26163268	3.18434024	3.24262238	3.34829664	3.42949486	3.43066311	3.44987297	3.47636199	3.43851328	3.34116554	3.26561594	3.14085221	3.01436949	2.87627482	2.75140691	2.69933391	2.67047095	2.67096591	2.72602010	2.84088254	3.00085044	3.12324548	3.19746184	3.24329162	3.28309751	3.34181571	3.44322515	3.53762603	3.60244346	3.63875365	3.67128420	3.61074018	3.57706833	3.61629438	3.72480989	3.84937453	3.86494732	3.83808112	3.81796384	3.84369445	3.94428039	4.06619310	4.14702463	4.20720720	4.26288223	4.32589817	4.37324667	4.33902073	4.25280809	4.14044762	4.02402687	3.91727257	3.80443692	3.71109414	3.66610217	3.70160103	3.72336793	3.77990746	3.91898322	4.12088776	4.29844522	4.21631098	4.11154509	4.03274298	3.95564747	3.78314781	3.30322623	2.66542315	2.13258004	1.85113811
54.0000000	1.84984720	2.18158984	2.44137502	2.65349102	2.84254265	3.03344870	3.13770175	3.13418150	3.06040311	2.86188030	2.39212155	2.11119819	1.98175192	1.96085322	1.98683786	1.97930646	1.98673189	1.88321984	1.78765321	1.75129855	1.75780475	1.68092477	1.61684787	1.54984522	1.48851824	1.46579862	1.47152615	1.43376017	1.39236271	1.37737548	1.40902019	1.40105116	1.40007889	1.39541960	1.38599789	1.38034725	1.38141859	1.40607190	1.39549541	1.33930552	1.27554810	1.29681075	1.29736888	1.29483342	1.28833508	1.25852358	1.20295858	1.15794039	1.11843133	1.09065783	1.09211051	1.09350467	1.12217522	1.12825084	1.12580395	1.19285238	1.45969987	1.51821375	1.41481721	1.24945664	1.17560065	0.996973097	0.914847493	0.905575991	0.949924350	1.03307247	1.09458005	1.13179767	1.14208078	1.13199723	1.11732733	1.07758081	1.03543770	1.00794721	0.990372956	0.956192493	0.936544955	0.960842669	0.998142838	1.03752196	1.08807588	1.14898503	1.20982897	1.24514186	1.28048158	1.39242876	1.65426278	1.85872638	2.01938677	2.04646540	1.74683833	1.45929551	1.44311786	1.83019984	2.71350718	4.14707804	3.30725384	2.86339712	2.51578903	2.15164137	1.84509790	1.75852191	1.64492524	1.61766863	1.67257583	1.68793297	1.60138786	1.63788581	1.69684112	1.79934049	2.08814406	2.17313957	2.19964981	2.21726847	2.24134159	2.25296855	2.41601849	2.54055762	2.62917709	2.67601275	2.66674614	2.76480126	2.78633571	2.74338865	2.68724346	2.70843053	2.62116361	2.60526776	2.59336448	2.58230591	2.63317299	2.62772799	2.70422983	2.78786755	2.91676164	3.24196649	3.38457131	2.87352681	2.48607183	2.41410780	2.26420045	2.12507224	2.09074783	2.09677100	2.11620331	2.15962195	2.25038099	2.32424402	2.36530256	2.40068936	2.50057745	2.59706664	2.78290963	3.03259087	3.29009533	3.46890616	4.88494158	5.35063267	4.91179609	4.13944197	4.12977362	3.68109822	3.25634098	2.95659232	2.81447411	2.79414177	2.82260895	2.90218353	3.00577664	3.11742592	3.23229623	3.33419037	3.44261527	3.53387523	3.59818769	3.63968444	3.62509370	3.59719515	3.56448030	3.53653693	3.52405095	3.54964805	3.58538222	3.62469792	3.66746044	3.71995783	3.73714566	3.73304725	3.72431445	3.72605944	3.75185227	3.79915047	3.78105807	3.75244951	3.75275755	3.80597663	3.90656781	3.96173000	3.92696428	3.82180190	3.72980762	3.67916083	3.62317753	3.57426596	3.53598022	3.50302172	3.48370099	3.49789119	3.52088046	3.52712321	3.49023819	3.50819635	3.54945445	3.59253740	3.62215090	3.62918186	3.61566067	3.62429523	3.65943861	3.71690392	3.78396297	3.80668569	3.82544827	3.87145448	3.97573113	4.16912842	4.57668161	5.24786806	6.01366186	6.68809271	7.06824827	8.85098362	7.22204065	4.61885881	2.70010591	2.34566903	2.27600288	2.28681898	2.70341825	3.32541466	3.42673182	2.20188475	1.65304756	1.48129761	1.41039801	1.18679655	1.08740962	0.996631861	0.941922724	0.921745181	0.905565858	0.921013892	0.964593947	1.00580835	1.04356480	1.10617566	1.15957808	1.20981705	1.29456294	1.39561391	1.43889606	1.38197529	1.39331460	1.44102859	1.50570345	1.58039594	1.68053138	1.78215396	1.84590149	1.86403251	1.86042750	1.88387680	1.92616403	1.95440388	1.96068347	1.96206057	1.88697791	1.75230563	1.62357843	1.57294881	1.67918646	2.02147293	2.47843122	2.75460386	2.83001852	2.96018958	3.00404048	3.08154202	3.22161531	3.36240005	3.35125494	3.31698990	3.40747190	3.51533961	3.57143712	3.54481220	3.64553976	3.72522593	3.78984618	3.83936501	3.86773252	3.79479098	3.61993289	3.27988744	2.89301109	2.75928688	2.77360749	2.79889560	2.86039186	2.95075536	3.03006387	3.08904433	3.14433169	3.20508146	3.27057147	3.33020496	3.42658114	3.50782800	3.56445408	3.58617687	3.56192422	3.53712797	3.57326031	3.66830635	3.79401755	3.89591002	3.90496540	3.90189409	3.90931273	3.94602728	4.02703381	4.10324621	4.10974693	4.08032084	4.05305099	4.07032204	4.14339828	4.20260096	4.19249010	4.09370565	3.92296505	3.81585670	3.74193430	3.68368244	3.65018749	3.67713928	3.68418622	3.73029423	3.94602823	4.30219793	4.60985756	4.41014147	3.86598468	3.34234309	3.03354740	2.96330214	2.91185760	2.59008312	2.12864327	1.74539661
53.0000000	1.67406023	1.93310010	2.22090054	2.50305724	2.74437761	2.90887952	2.92008424	2.75876307	2.54004550	2.29630208	1.97714710	1.74249685	1.62526608	1.60243630	1.61972225	1.59157324	1.58328879	1.58671510	1.54870784	1.48622298	1.48631918	1.48250365	1.44321322	1.38194335	1.31956077	1.28430331	1.26794887	1.28481615	1.31300449	1.33070016	1.31617653	1.25875425	1.26043487	1.30324769	1.34772432	1.33289719	1.33698416	1.28960168	1.22778428	1.16952705	1.11378622	1.14870191	1.13933134	1.13740563	1.14145231	1.09679699	1.03979135	1.01351869	1.00947499	1.01165891	0.996570885	0.969694376	1.00587678	1.01809633	1.00467384	1.04927206	1.24326301	1.25789356	1.16220593	1.03823853	0.981026053	0.878035426	0.838439107	0.845631659	0.890506923	0.971457243	1.05733180	1.13656604	1.16242611	1.13215482	1.08697188	1.01627910	0.930390179	0.890939534	0.901621580	0.908191979	0.906309545	0.904381156	0.909893990	0.930839837	0.975715816	1.01296663	1.07433295	1.14978778	1.25266361	1.41965222	1.72867739	2.05080914	2.39673209	2.58066750	2.22037363	1.92025197	1.90340161	2.05553532	2.33131266	2.75433969	2.52559566	2.44080281	2.52179146	2.78303528	3.23165274	2.86213303	2.33636904	1.97605896	1.81415987	1.59489024	1.50644910	1.48664427	1.52028406	1.64570916	1.95479226	2.00796962	2.07420897	2.13901949	2.17441630	2.13891959	2.26499009	2.36505651	2.46622849	2.56537414	2.62911677	2.62337351	2.70265603	2.75412798	2.76769710	2.83601451	2.63885951	2.47404504	2.33168292	2.22243500	2.17751193	2.48489213	2.71828365	2.80456305	2.84070325	3.09377503	3.14012098	2.75629306	2.49993205	2.49097443	2.41165304	2.32394767	2.34521031	2.35105085	2.33206654	2.39384174	2.48135233	2.51379204	2.51589417	2.53322148	2.63216543	2.76380968	2.95750475	3.21581364	3.50317764	3.74591613	5.00282955	5.70143032	5.50440168	4.61173248	3.76071620	3.48927283	3.25086355	3.07266259	2.98840761	3.03840137	3.14116073	3.24333668	3.33409691	3.42207646	3.53538036	3.66799808	3.73756886	3.75492835	3.74127674	3.72818065	3.72049737	3.72587180	3.74083591	3.76566911	3.80439687	3.84953403	3.85303044	3.83677673	3.81347752	3.78665137	3.80137706	3.81705952	3.83366394	3.85746741	3.90105939	3.98895001	4.02034569	4.03272724	4.04153776	4.04018402	4.00618935	3.97173452	3.93191671	3.87379837	3.77640676	3.66108465	3.58597374	3.55051899	3.54925823	3.57182145	3.58407164	3.59431529	3.60235572	3.60894895	3.61580372	3.65490079	3.70530534	3.73929811	3.73502731	3.67650938	3.62182856	3.61577487	3.63433146	3.65709949	3.66729832	3.66317391	3.64114904	3.64006281	3.67996097	3.76209474	3.92208672	4.29161882	4.82516432	5.42381573	5.93527603	6.83940315	7.50558662	6.26178980	3.58707166	2.11157990	1.86983585	1.89828157	2.27970099	2.90382481	3.46732926	2.70429802	2.21210241	1.91171467	1.65944612	1.24694800	1.15883744	1.01483274	0.898696184	0.840989828	0.819075823	0.810465336	0.836624026	0.891159892	0.973397434	1.08837783	1.17887568	1.25933158	1.31877661	1.33442760	1.27168512	1.23535693	1.22518981	1.28055191	1.39397001	1.51112759	1.60821259	1.71274412	1.79070437	1.82691121	1.82501793	1.83449960	1.85809636	1.88710129	1.90560877	1.89051676	1.81210482	1.73955274	1.67562568	1.63526571	1.64559186	1.91574144	2.29266191	2.52527380	2.61334038	2.80746508	3.03075600	3.13999009	3.20290709	3.23861837	3.21760798	3.28161144	3.42764282	3.59499073	3.73333573	3.80274916	3.78815722	3.79380727	3.82844496	3.87194061	3.87528920	3.85612321	3.76945472	3.49050426	3.07925987	2.78047800	2.83519745	2.86678219	2.89303899	2.91878152	2.93583369	2.98942280	3.08694839	3.18247890	3.25419855	3.30440354	3.39445806	3.47601199	3.53342772	3.56155300	3.56572080	3.59381342	3.67059946	3.78098416	3.90033174	3.99446392	4.00792885	4.03328991	4.06900644	4.10954475	4.14537859	4.12557507	4.06307697	3.96263194	3.86096311	3.82676721	3.91992402	4.00944757	4.03521919	3.98127985	3.87583017	3.83025622	3.75705266	3.66931796	3.59494710	3.57663274	3.54638577	3.58085990	3.82951593	4.24372578	4.57677031	4.14313412	3.50369906	3.02900529	2.87532067	2.98464227	2.92351174	2.56446218	2.09293199	1.72940361
52.0000000	1.70062041	1.83598840	2.02082825	2.26012492	2.47921658	2.52379537	2.48861408	2.39404631	2.28363919	2.14332199	1.90140414	1.69454372	1.60848570	1.61832201	1.66316652	1.64615488	1.58176327	1.56784201	1.52865541	1.46216214	1.44001615	1.42475843	1.38744700	1.31684244	1.23250270	1.18478370	1.18825114	1.21545386	1.24683666	1.25781858	1.21879220	1.18751383	1.21488011	1.28834808	1.34759963	1.28454077	1.20037091	1.12493670	1.05447328	0.995257795	0.963609397	1.01969934	1.05101275	1.05158818	1.01373184	0.928017497	0.882754326	0.857802212	0.860533893	0.867255569	0.823207200	0.806292057	0.828044355	0.835393310	0.829262674	0.864571095	0.993571818	0.998284936	0.940480411	0.865883887	0.804176748	0.787820458	0.789372563	0.812322378	0.851674855	0.893950462	0.947084188	0.991594315	0.982337654	0.934179068	0.921991467	0.919547260	0.887893319	0.857761264	0.839920282	0.825176418	0.814862430	0.809266388	0.803310871	0.804351866	0.832178950	0.904474795	1.03039169	1.20386243	1.41305327	1.64036500	2.04368019	2.41765928	2.76677561	2.97484279	2.80501461	2.49673772	2.23077941	2.05146813	1.91493404	1.68911159	1.83308518	2.37382913	2.81530762	2.94785953	2.84819794	2.91097641	2.64083219	2.26027417	1.90330482	1.61542141	1.51529813	1.47551441	1.51998973	1.66385865	1.91346955	1.92119646	1.99917734	2.08214092	2.12391257	2.09741569	2.12073469	2.13802862	2.20234132	2.30993652	2.40030003	2.45983768	2.62926626	2.78705263	2.83886647	2.71757889	2.59048343	2.41213560	2.24484038	2.14579868	2.16710663	2.51751328	2.84573865	2.93194318	2.87395239	3.08725739	3.19564080	2.89211941	2.65409851	2.59053278	2.44192553	2.35788703	2.46663785	2.54743767	2.56777191	2.68335462	2.72407198	2.70956540	2.71141815	2.76382542	2.86359286	2.98262882	3.14670706	3.36456895	3.61192822	3.83147049	4.44575548	4.89978170	4.80110550	4.21712923	3.67509937	3.58232117	3.45260119	3.35594749	3.33472013	3.40362668	3.50481296	3.57413340	3.64267302	3.73385525	3.86344004	3.95509696	3.98996687	3.98257160	3.95068526	3.91533542	3.91717982	3.94993877	3.99182844	4.03703928	4.09573746	4.16641045	4.18352032	4.13258076	4.03647041	3.95543122	3.93063331	3.91655087	3.93018603	3.96759605	4.00389385	4.04843760	4.07571459	4.10284948	4.13120794	4.14639664	4.12295628	4.10031843	4.07188034	4.01511097	3.89154983	3.74292040	3.64526510	3.63277245	3.68676829	3.73571873	3.72451711	3.69398999	3.67512512	3.67768002	3.69018054	3.71383071	3.76585054	3.79571915	3.78086305	3.72665739	3.65789223	3.61272550	3.58341742	3.55925298	3.52654076	3.47386408	3.45062184	3.46572137	3.50553727	3.53391004	3.59193015	3.70259523	3.90746284	4.24878454	4.76950359	5.26403379	6.08445024	6.46061707	5.76079035	3.49161863	2.19678593	1.81259418	1.96661508	2.40794754	3.00721717	3.65766931	2.97247028	2.06990671	1.51191211	1.30406797	1.14939106	0.946032882	0.804807246	0.762128770	0.780012488	0.829251647	0.863582969	0.898773611	0.942054749	0.992122650	1.05038691	1.10914731	1.14159417	1.13343418	1.08289075	1.10555637	1.13932490	1.20613289	1.32245278	1.49929321	1.59384632	1.67120326	1.72807026	1.76382267	1.78050399	1.78489459	1.80195868	1.85478902	1.92566657	1.95605850	1.91638875	1.87386107	1.82254815	1.77037346	1.73911083	1.98359895	2.32262206	2.57164502	2.72094870	2.93562937	3.16920471	3.28663993	3.30240846	3.26413846	3.25261426	3.37249041	3.55375624	3.73414660	3.89362240	4.05437136	4.08731890	4.02994823	4.02296782	4.07787132	4.07693958	4.02054882	3.87979865	3.59347606	3.18933249	2.78408289	2.79432273	2.77156401	2.76167107	2.78976560	2.86022639	2.97924852	3.08168912	3.14483428	3.17448354	3.20494604	3.31306481	3.39285493	3.47071791	3.56207943	3.67138672	3.75459838	3.84848356	3.95024991	4.04597282	4.11059618	4.14636612	4.20518494	4.26309967	4.30873966	4.34331417	4.23600006	4.08587790	3.93142533	3.81005383	3.75811172	3.77604365	3.82988620	3.85791206	3.84064150	3.80084276	3.78581834	3.72411656	3.62408304	3.50257564	3.38496590	3.31645274	3.31636810	3.48754144	3.78256941	4.00381613	3.60488629	3.12993884	2.78928161	2.70470071	2.90946078	2.91864157	2.55862689	2.14086938	1.87654340
51.0000000	2.05922723	2.07721519	2.08826852	2.14731622	2.21831203	2.17423296	2.16744876	2.15679574	2.10133481	1.99986863	1.89094627	1.85486639	1.83099163	1.81797028	1.81040931	1.79887354	1.78011286	1.74564922	1.69425869	1.62466991	1.53556335	1.47480023	1.37895179	1.29091275	1.23753977	1.22965181	1.25306690	1.26735747	1.24942338	1.20499575	1.16863585	1.18100393	1.19781518	1.21703017	1.21791494	1.16104102	1.06668007	0.988537490	0.920837164	0.874671280	0.878001213	0.936528265	0.959872305	0.930524051	0.859581888	0.786752045	0.756120265	0.707569599	0.676174045	0.658630490	0.613258839	0.602318645	0.622831762	0.653792202	0.686528862	0.724705875	0.797696412	0.797594309	0.765470266	0.724054158	0.677735388	0.657683253	0.661570787	0.685119569	0.715702355	0.732342064	0.760863960	0.783828735	0.771154761	0.741589844	0.762711465	0.800925314	0.859004974	0.902297556	0.910323560	0.876777589	0.806702971	0.748176873	0.723999500	0.727686942	0.723472238	0.830341399	1.09489751	1.47408032	1.91959405	2.37790895	2.85009289	2.92652512	2.87633491	2.81557703	2.70722961	2.37920332	1.87539101	1.59714103	1.58150125	1.50121748	1.95079195	2.31792688	2.34589815	2.15555167	2.24530411	2.37274075	2.31964207	2.17546868	1.97506261	1.69864786	1.61261976	1.62678397	1.73066294	1.92411685	2.21734500	2.12304020	2.16591907	2.20472693	2.16672659	2.04769826	1.99860799	1.99272478	2.09057713	2.24676514	2.30995893	2.38879323	2.49797273	2.59562039	2.60785007	2.42876387	2.35460520	2.30339456	2.26933479	2.25260520	2.25936151	2.55303836	2.90126514	2.99157357	2.91349578	3.15856647	3.15464497	2.88239145	2.72219682	2.71176195	2.54609966	2.51637101	2.63427782	2.75196147	2.83824968	2.97865391	3.03651524	3.09285593	3.12759781	3.13057423	3.10152483	3.14753151	3.26297975	3.42125607	3.61554718	3.85883880	4.17066813	4.38289976	4.35484076	4.10681152	3.82014322	3.74083376	3.68533921	3.66238284	3.67634630	3.72727203	3.82921243	3.90779686	3.99309850	4.09215450	4.18896151	4.29671621	4.36693287	4.39906263	4.38888454	4.32850647	4.31182814	4.30666590	4.30224991	4.30556011	4.34132433	4.41413975	4.42654037	4.35740423	4.23950386	4.15950441	4.07432604	4.02604103	4.01851559	4.04153728	4.07081938	4.09062433	4.11687660	4.16481924	4.22030020	4.23977137	4.19184113	4.18363190	4.18718433	4.16171598	4.05362272	3.92326665	3.84198666	3.83074832	3.87255549	3.91245031	3.86673927	3.80912971	3.77942753	3.77856731	3.76861191	3.80979490	3.84504795	3.84092379	3.79257488	3.72375059	3.65628505	3.58317733	3.51035619	3.43524456	3.34676218	3.28227901	3.28062844	3.31228852	3.33561468	3.29683757	3.24210501	3.18844914	3.20314431	3.35234666	3.70109129	4.26615143	4.78130054	5.55823755	6.00251102	4.61351585	3.05751181	2.22637558	1.90726113	1.93370497	2.18562841	3.07770729	2.94014382	2.26090598	1.53102434	1.24459255	1.02827322	0.820919096	0.725158989	0.742492139	0.773288608	0.866577387	0.905664504	0.909052610	0.893393934	0.873489738	0.860871851	0.861653268	0.870636642	0.891647398	0.937533021	0.955689251	1.01176608	1.08615589	1.18292677	1.32982314	1.41637003	1.50749481	1.59146297	1.66830564	1.74981904	1.83641982	1.89542103	1.95955491	2.02234817	2.03812385	2.04171491	2.02606630	1.99929392	1.97438896	1.96921849	2.10759664	2.36148190	2.62414265	2.84461236	3.02769279	3.05664444	3.10940146	3.19834018	3.27885413	3.24935007	3.34390140	3.48520923	3.64715791	3.81171393	3.96892881	4.17986012	4.27587271	4.24804449	4.15220070	4.10890865	4.03481579	3.89449120	3.61053872	3.20130491	2.78087926	2.70534468	2.66231704	2.68246150	2.76511908	2.87830710	3.00503111	3.08015871	3.10393119	3.11721683	3.20150924	3.35047150	3.46375799	3.54773831	3.62788177	3.74875450	3.84283066	3.92817879	4.01073217	4.07383490	4.07824659	4.14640331	4.25237513	4.37352800	4.46079254	4.43866682	4.21959352	4.00123882	3.81593394	3.68738794	3.63068652	3.60084653	3.61169505	3.63479757	3.65399528	3.66540837	3.62320065	3.52997494	3.39547491	3.23857832	3.08729410	2.98160720	2.93218064	2.99261332	3.10788012	3.11433268	2.89505124	2.64087057	2.50208616	2.53870320	2.72043610	2.73303604	2.50202465	2.26607156	2.14630389
50.0000000	2.04061961	2.03981900	2.01769233	2.03676486	2.08353686	2.06848311	2.05632830	2.05589271	2.02370405	1.96454704	1.93146253	2.07675147	2.04108405	1.96574605	1.92068231	1.90449595	1.83511841	1.76920235	1.70877862	1.63405585	1.50342262	1.42655671	1.37992501	1.37676668	1.40524125	1.42842996	1.38674259	1.29589498	1.22131956	1.19166100	1.19877672	1.17469239	1.12007833	1.05481434	0.994723499	0.951571822	0.906038284	0.853812218	0.818318248	0.810748756	0.830064297	0.833997786	0.795206785	0.720722497	0.636039913	0.585117757	0.578951657	0.548984945	0.502341986	0.451374024	0.413659513	0.406508654	0.430050701	0.475593060	0.530245185	0.576918483	0.615911067	0.605979919	0.586161733	0.570506692	0.548078060	0.534434438	0.534151316	0.551919460	0.578883469	0.592641294	0.622728169	0.643857062	0.638547003	0.626529336	0.664747775	0.726651192	0.834504485	0.908169746	0.913770676	0.863692999	0.783879459	0.697985709	0.640249312	0.626675010	0.655035019	0.758803606	1.00305164	1.35368347	1.77310050	2.22020221	2.62693357	2.44812179	2.17397976	2.06458569	2.14988542	2.21449065	1.79510987	1.48826754	1.42218399	1.25677586	1.86502457	2.06460667	1.96820772	1.83288419	2.06006336	2.14408422	2.15362740	2.05573440	1.89109206	1.77403319	1.83014536	1.98991215	2.15817881	2.29929948	2.43713593	2.24785805	2.21050310	2.17574239	2.08799124	1.98540878	1.90990567	1.92400908	2.02035809	2.13851595	2.16497111	2.24766207	2.33803511	2.42565680	2.44030619	2.25197768	2.24258375	2.28224468	2.33918095	2.37348747	2.33713341	2.57257271	2.91257405	3.06067824	3.05519724	3.26921535	3.13631153	2.88235927	2.76230073	2.78689480	2.72272110	2.66227889	2.75838137	2.92403293	3.08163953	3.16300750	3.17241812	3.22105241	3.25331616	3.24874806	3.22202015	3.28049159	3.38678312	3.55087209	3.75458837	3.95161748	4.05010176	4.15164518	4.17696285	4.11376953	4.01677847	3.91112185	3.83454275	3.82780910	3.90523219	4.05466700	4.21064329	4.32095861	4.39537382	4.44990158	4.50680828	4.61636066	4.71856785	4.76142263	4.72936058	4.64325953	4.60621119	4.55906963	4.51596737	4.49740744	4.53026772	4.58835840	4.56533813	4.49316025	4.40567589	4.33863592	4.29015064	4.26659966	4.24399185	4.22212267	4.22457075	4.23895836	4.26922512	4.31379461	4.34772158	4.32269382	4.26290560	4.23878431	4.22033119	4.17915821	4.08849573	4.00573444	3.97169876	3.97814536	4.00084209	3.99956775	3.94048333	3.89765286	3.89299369	3.91223598	3.90492177	3.93867230	3.91088104	3.84272742	3.75455570	3.66587186	3.56567049	3.48620749	3.40735078	3.31503940	3.20128226	3.13232803	3.12268615	3.13814473	3.13180923	3.04410672	2.92102718	2.80684495	2.74268603	2.76854086	2.92326140	3.35660839	3.81272984	4.17468500	4.35351229	4.28822565	4.01925230	3.41362810	2.58760095	1.81958997	1.55018389	1.74081719	2.04976463	2.06701422	1.71125448	1.22987604	0.970142663	0.753228784	0.689096153	0.762488306	0.832930505	0.910440862	0.912229717	0.859900773	0.790810227	0.758066773	0.748834133	0.755115569	0.780309260	0.824420869	0.884063601	0.862169385	0.914754212	1.00649512	1.11262500	1.21893239	1.36245000	1.49743140	1.62605393	1.75588131	1.89986479	2.00757694	2.10791445	2.17308974	2.19202065	2.17033172	2.18085074	2.20087147	2.21705317	2.22747159	2.24161983	2.29092288	2.41030121	2.60789204	2.81969094	2.90955138	2.82069492	2.82375526	2.91936255	3.05112767	3.10564327	3.11062884	3.03388166	2.99150014	3.01413536	3.04699087	3.21225023	3.37072849	3.41849065	3.38899350	3.45308566	3.46638107	3.55120397	3.45989633	3.16195822	2.84404969	2.67619562	2.62909365	2.69020176	2.82129383	2.95845985	3.06605101	3.11979294	3.16356039	3.22772384	3.32914877	3.44218850	3.52513194	3.56293154	3.58512449	3.66583133	3.80421782	3.93609929	4.03324604	4.07892036	4.06787777	4.14034700	4.24816656	4.35970497	4.41079807	4.30475283	4.02125883	3.78997898	3.61525106	3.49274635	3.40947032	3.37103367	3.37930298	3.41302752	3.43963218	3.41521859	3.31144881	3.18736076	3.03921056	2.87354898	2.70722175	2.58133769	2.50204682	2.48203397	2.49507499	2.47603726	2.37594032	2.28641582	2.27058721	2.33316898	2.42046809	2.37386036	2.30633688	2.22840786	2.16738605
49.0000000	1.71060121	1.66629565	1.67574942	1.74704587	1.87250447	2.02868128	2.02843499	2.05315948	2.06052089	2.03959632	2.01087356	2.05187368	2.00888300	1.98842192	1.99784601	1.94534612	1.72163677	1.59673822	1.52861130	1.46657646	1.35131431	1.32668328	1.37067461	1.46159136	1.56587970	1.63812923	1.46968210	1.26746857	1.18145442	1.21344495	1.21708500	1.10084200	0.987277746	0.901390195	0.843025267	0.786877453	0.778368115	0.751082301	0.740558445	0.754027367	0.770412683	0.720829368	0.651617408	0.566995144	0.483612180	0.430548698	0.428683549	0.392155826	0.340042830	0.290788233	0.262202263	0.260163784	0.283392042	0.324016243	0.371811330	0.414197654	0.439459413	0.443132430	0.443918020	0.446336120	0.440725386	0.441747665	0.435722232	0.444413513	0.469089866	0.490523905	0.538394511	0.541702211	0.521898150	0.508286417	0.538025320	0.592695534	0.695984840	0.740849018	0.706737757	0.659594953	0.612523198	0.585939348	0.577098012	0.588108301	0.625933945	0.667377710	0.731599689	0.814484835	0.917501390	1.04770100	1.41003716	1.60422325	1.66646910	1.61598933	1.45500207	1.65294397	1.41575885	1.23650253	1.21460116	1.05585146	1.55978787	1.83660376	1.81317902	1.69041729	1.94324672	2.05463433	2.06234479	1.93831050	1.75379598	1.67939591	1.94048893	2.27504396	2.42159128	2.34250784	2.22401690	2.09852219	2.05761433	2.02190971	1.94728243	1.82486379	1.74271595	1.78867388	1.89351678	2.01524782	2.13909459	2.17701721	2.27358890	2.33985400	2.33090544	2.24588442	2.27578759	2.34651875	2.40601134	2.42960691	2.42005420	2.56461430	2.74228191	2.86742711	2.92986631	2.99486279	3.07971072	3.16608572	3.19410586	3.13223314	2.97727275	2.82588482	2.90807939	3.06953740	3.20884085	3.27747250	3.16027045	3.13939524	3.19341993	3.30311561	3.45145440	3.60672331	3.75306392	3.90873361	4.05471277	4.13470507	4.21517467	4.30378056	4.33372593	4.28605223	4.18964005	4.13622808	4.14426947	4.24316502	4.41740274	4.60655403	4.69243240	4.75764751	4.78872585	4.78963900	4.78180218	4.86544037	4.89798927	4.85855770	4.77697086	4.73376656	4.70627642	4.71430779	4.75247717	4.80341291	4.83775187	4.77529287	4.69592857	4.62478638	4.57585335	4.55197716	4.54855251	4.54192543	4.52258587	4.49868441	4.49603319	4.51279449	4.52601337	4.52040958	4.48304939	4.40334415	4.32046461	4.25623178	4.20422363	4.15838051	4.11300135	4.04415703	4.03419971	4.05594635	4.07770300	4.06326866	4.01094913	3.98144007	3.98332477	4.00804472	4.02990055	3.99235415	3.86220431	3.72470832	3.61976004	3.54189348	3.44808221	3.36926556	3.28467488	3.18241239	3.05945230	3.00967407	2.99216747	2.96817851	2.90366697	2.76930785	2.61507177	2.47508335	2.37017775	2.31474495	2.31673431	2.46493578	2.71261811	3.01987171	3.31957078	3.51737475	3.49230170	3.20172405	2.73965359	2.14938855	1.42351627	1.16384542	1.17565799	1.37528956	1.55940127	1.40497923	0.940650702	0.787532806	0.784482241	0.824270427	0.853583157	0.879278600	0.846111238	0.785061598	0.727357805	0.704474866	0.729634762	0.775828302	0.828808248	0.876323283	0.908117890	0.900003791	0.939828277	1.00971460	1.09754932	1.19698143	1.36616945	1.51950777	1.64773738	1.76397288	1.90370381	1.94135511	2.03365374	2.12780476	2.21097875	2.31031203	2.30528188	2.36014152	2.39678240	2.39838934	2.40944052	2.46870303	2.52349830	2.60789442	2.69544697	2.69919538	2.69478989	2.76609230	2.85067916	2.90893769	2.92406535	2.95900440	2.95627356	2.93147254	2.89426732	2.84839034	2.56537747	2.57406569	2.68548679	2.80485034	2.93154097	3.16521740	3.43804049	3.50205898	3.32640624	3.09730363	2.82039666	2.72369170	2.76379442	2.87599134	2.97424912	3.06034780	3.13486505	3.19505262	3.23882246	3.26474762	3.34484124	3.36448431	3.35293508	3.36370134	3.47454309	3.64996624	3.83672643	3.98296261	4.07027769	4.11374187	4.09942055	4.12472820	4.11717749	4.03226852	3.85348678	3.62795019	3.45541692	3.33161449	3.24136114	3.15856576	3.12927938	3.14085650	3.15030956	3.12105799	3.02293158	2.89677858	2.78506827	2.67082429	2.54360008	2.39947987	2.26458144	2.19838166	2.17242670	2.16163754	2.14431143	2.09504747	2.04462337	2.03777862	2.09176779	2.19636130	2.18072438	2.14690614	2.06462216	1.97110534
48.0000000	1.49406266	1.49070454	1.52245998	1.60509324	1.76301026	2.02925873	2.19016600	2.21792650	2.23963594	2.30372715	2.37997341	2.25718522	2.17278910	2.09406614	1.99870050	1.87477779	1.63304651	1.51044273	1.42324531	1.33010662	1.23205268	1.29958701	1.35532808	1.47474837	1.62569582	1.66839468	1.50627780	1.27642024	1.18586445	1.22475898	1.16635859	1.00836337	0.888968825	0.801566482	0.729744136	0.647285998	0.640334845	0.636696219	0.647196591	0.665148497	0.666350842	0.622262120	0.567490757	0.497761190	0.424083441	0.372753292	0.339754969	0.286508203	0.238768294	0.210843742	0.205596223	0.216712728	0.231866464	0.252343327	0.276554555	0.300036609	0.310737073	0.323922098	0.331981510	0.335473597	0.343125224	0.344092369	0.344869584	0.360640794	0.386434585	0.397124708	0.422000319	0.413940907	0.398100436	0.389673471	0.393895358	0.429143518	0.474105060	0.477702409	0.442140460	0.422906518	0.402182698	0.395113617	0.412467062	0.450780630	0.492361814	0.527173162	0.545682192	0.544406533	0.530523360	0.521868646	0.598704100	0.705438197	0.957309604	1.23593557	1.18931150	1.05226278	0.987108290	0.993075013	1.01586449	0.947653949	1.29647899	1.61027122	1.63712347	1.50566137	1.72504222	1.82792521	1.92624366	1.95574164	1.90245020	1.80268860	1.90052831	2.13031268	2.23506355	2.17841291	2.14460254	2.00853229	1.93100774	1.85384500	1.76309979	1.68906772	1.61734951	1.66687179	1.82331026	2.04717875	2.27382827	2.27338290	2.31731701	2.30557036	2.23607373	2.20474672	2.24620557	2.39672852	2.48972583	2.50036955	2.54559159	2.59473681	2.65452123	2.71713305	2.73954344	2.64350533	3.25276113	3.55495262	3.63127041	3.47604203	2.99673033	2.94805670	3.05652094	3.16503859	3.22970915	3.31981850	3.25220704	3.27346659	3.40398431	3.61395192	3.82336593	3.99005437	4.16955709	4.31330442	4.39857912	4.42851925	4.54914761	4.64303398	4.66122389	4.61885500	4.59516001	4.63234949	4.74565887	4.89778423	5.03454065	5.08486271	5.09768152	5.10198259	5.08803415	5.05169296	4.99440479	5.01548815	4.95241642	4.85156250	4.76912546	4.77113152	4.82999134	4.93754578	5.03381872	5.06452084	4.98105240	4.83517075	4.73105669	4.67043066	4.64932775	4.65809822	4.67419100	4.66762686	4.65821600	4.66470098	4.70475340	4.71734476	4.70075798	4.66170835	4.59644032	4.49072504	4.35690212	4.26384115	4.21974993	4.21573734	4.22581530	4.19164562	4.17602587	4.17047358	4.16098309	4.12802553	4.05345058	4.01140022	4.01752520	4.05121088	4.05557537	3.88698649	3.69168901	3.54934788	3.48293352	3.45871949	3.38254738	3.28520465	3.17618370	3.06777120	2.97504473	2.93624330	2.88262486	2.79494095	2.66746569	2.50799608	2.35707259	2.20705938	2.09387302	2.02621770	1.98558593	1.97938049	2.02625656	2.18324113	2.46368051	2.83723879	2.59537292	2.15088797	1.96120191	1.90588057	1.28663862	0.916757464	0.826527655	0.921725690	1.15467608	1.52425230	1.03379989	0.894802034	0.912401974	0.946995020	0.914229453	0.926555455	0.871513247	0.823746622	0.805435419	0.786295235	0.826668799	0.885385513	0.930320740	0.954530060	0.976248562	0.968981504	0.986607373	1.02107108	1.08199811	1.19669509	1.37961817	1.51845920	1.62238002	1.70800173	1.79940462	1.79378319	1.84374249	1.92557299	2.03889847	2.20667720	2.22239876	2.28095698	2.32784438	2.34130692	2.33234406	2.37662697	2.38708925	2.44165683	2.53903127	2.59868884	2.67586303	2.77908611	2.85529685	2.87044573	2.80949187	2.86247540	2.96335697	3.05334830	3.09002733	3.04733849	2.47969198	2.34250569	2.39281940	2.47965932	2.54403949	3.09344482	3.48424673	3.53415084	3.33025551	3.22905111	3.09276438	2.92407799	2.85195041	2.89285994	2.95080733	3.02951646	3.10005069	3.12990856	3.12094855	3.10938811	3.15429115	3.13468194	3.13158154	3.20464301	3.39214969	3.59155917	3.76557994	3.92001247	4.03248549	4.05245113	3.94315124	3.83522296	3.68749404	3.50344205	3.33119631	3.22922993	3.14853501	3.06897426	2.98499560	2.90563178	2.88385677	2.88315940	2.84731746	2.75359559	2.61274242	2.49804258	2.41012311	2.33095241	2.24461055	2.13729000	2.02860522	1.96558595	1.92540252	1.89477336	1.86996448	1.85627627	1.83017290	1.81388474	1.83287001	1.91581476	1.97779107	1.95407641	1.83204937	1.68821776
47.0000000	1.45819283	1.60868108	1.65786719	1.67496431	1.73999071	1.94376922	2.39282918	2.88828087	2.81744337	2.36048007	2.49039578	2.39831400	2.28230572	2.14556098	1.99212134	1.82687962	1.66012859	1.49644291	1.36127424	1.25853896	1.17061698	1.24004054	1.34132051	1.50127900	1.64247739	1.58321655	1.53281498	1.30112159	1.14361238	1.10122991	1.00038242	0.898084879	0.805702090	0.700124979	0.587703645	0.504247367	0.494060874	0.499863535	0.512773812	0.524914682	0.529413998	0.519387245	0.493957579	0.451173633	0.395144284	0.336039037	0.279095381	0.243822172	0.213159904	0.191082031	0.202594936	0.214480475	0.221668988	0.227852821	0.234092906	0.238818884	0.235991195	0.235977530	0.234234393	0.233436972	0.243479058	0.246595621	0.253666848	0.263850272	0.272606254	0.271697700	0.273727745	0.281829268	0.288871288	0.291015685	0.287717342	0.302481472	0.293752074	0.268466264	0.237933919	0.217837706	0.227156445	0.233197883	0.258751810	0.305663437	0.354833156	0.442917854	0.479483396	0.471196562	0.430763185	0.376928151	0.273987085	0.227253750	0.331987828	0.564889789	0.784100890	0.727373660	0.752688825	0.764189422	0.743112326	0.747788072	0.990598857	1.37144601	1.51757956	1.44720221	1.56946898	1.69046450	1.87089217	2.00083232	2.01617503	1.89861858	1.89638722	1.91089809	1.92669570	1.92987621	1.90808630	1.87833989	1.84414113	1.79742360	1.74709594	1.71904182	1.65634692	1.73271739	1.89945328	2.09478831	2.24388814	2.26657343	2.19163966	2.15432596	2.17056227	2.13696694	2.20086336	2.33206129	2.44090891	2.49890614	2.53870463	2.49772000	2.57380199	2.69492745	2.80800033	2.87885070	3.50809050	3.80437183	3.87195301	3.64684582	2.89681649	3.04580069	3.16461110	3.25435448	3.32754397	3.40809703	3.43196726	3.54250598	3.74254084	3.97797132	4.13777161	4.31279993	4.48413992	4.62034082	4.72146368	4.81908274	4.98430777	5.07557726	5.09979534	5.08871317	5.09893036	5.14490461	5.23187685	5.29644108	5.30987978	5.27816534	5.28899240	5.27029133	5.21717358	5.14900541	5.10940647	5.06773472	4.95858335	4.85057259	4.79057264	4.80370522	4.91008997	4.97447014	4.96646547	4.88692474	4.76792431	4.68562508	4.62937355	4.60841370	4.62364006	4.66759586	4.69480944	4.68811131	4.70155859	4.75249624	4.82155991	4.81192684	4.78262711	4.75174856	4.70225334	4.58197975	4.45147848	4.36209345	4.32569551	4.33976460	4.38739157	4.37590981	4.29606771	4.20340633	4.12253571	4.04713964	3.99044204	3.99263048	4.01510477	4.01341534	3.93726301	3.73115420	3.55881524	3.45461845	3.40814114	3.36416626	3.27079487	3.15838671	3.04850650	2.95583630	2.88817239	2.85696936	2.76675391	2.62094069	2.45140314	2.31847167	2.18308592	2.05351305	1.95616257	1.89157820	1.83443832	1.77370667	1.73417842	1.75214899	1.88653219	2.21885896	2.33167696	2.02107692	1.53254437	1.08662510	0.878927290	0.793872178	0.799034774	0.918161511	1.13175023	1.37704945	1.10295546	1.02607274	1.04634273	1.11095452	1.21434534	1.16981542	1.04660153	0.956329525	0.928120434	0.908591151	0.925907016	0.969625592	0.997326314	1.00399053	1.02200282	1.01300097	1.02199543	1.06177843	1.13742554	1.24629533	1.36995506	1.47665906	1.57732737	1.67953062	1.78749108	1.87322259	1.89297771	1.91321206	1.95633972	2.00073242	2.12625504	2.22692299	2.24275708	2.18065953	2.11441255	2.15451598	2.21387744	2.31524181	2.44197822	2.53808117	2.60827065	2.68258023	2.75339580	2.82332969	2.90522170	2.93373299	3.00496960	3.09133935	3.14835906	3.11465502	2.77930713	2.64720750	2.60298038	2.54097652	2.36527586	2.59110713	2.79583287	2.90268040	2.93391395	3.01083302	3.09496117	2.98691750	2.86118031	2.80306673	2.80873156	2.89212584	2.94473290	2.95617104	2.94934726	2.98045659	2.98685622	3.03211284	3.15535164	3.36317515	3.62966418	3.79170156	3.90408635	3.99688005	4.03793859	3.93291020	3.75098348	3.54204321	3.32181740	3.13163972	3.03844762	3.04562259	3.02616906	2.95755506	2.84863925	2.73967314	2.69774365	2.64778924	2.55806041	2.42718935	2.28418899	2.18166471	2.10859871	2.05381560	2.00329351	1.94016087	1.84106588	1.78329170	1.74365318	1.70325077	1.64747226	1.60899651	1.59895587	1.60308123	1.61236978	1.62308693	1.63316584	1.61408138	1.55956161	1.49938607
46.0000000	1.54799104	1.84007978	1.95199561	1.89008784	1.77286601	1.83099961	2.13030028	2.40598559	2.24616456	1.90712178	2.31331778	2.41724658	2.37126255	2.26923919	2.12536812	1.87415910	1.72399890	1.60546100	1.48049235	1.34769070	1.24230468	1.23087704	1.30393052	1.41993570	1.51837289	1.51973188	1.45609903	1.23676038	1.05040073	0.958534539	0.895504534	0.870251358	0.766327679	0.632856548	0.509769678	0.427808017	0.404588073	0.410701811	0.424675733	0.439863563	0.464446396	0.460314661	0.455125660	0.431190223	0.385003209	0.327244073	0.261327922	0.243423298	0.224834383	0.197563171	0.194309697	0.196793422	0.194210291	0.196413860	0.202184558	0.199229956	0.193581983	0.181124821	0.171794906	0.170924813	0.179243103	0.182965517	0.184711441	0.185881808	0.186770022	0.186561942	0.197309777	0.212130904	0.223590970	0.226457968	0.217702404	0.215483114	0.196750402	0.178775236	0.166400358	0.152040154	0.159898713	0.170476601	0.206315115	0.268757522	0.337949127	0.430327326	0.447571784	0.419369966	0.368802637	0.312343776	0.230181426	0.187517717	0.176162854	0.214609399	0.348032475	0.515732646	0.526935995	0.487671643	0.472101390	0.522520363	0.713836908	1.10046256	1.30695367	1.29931355	1.38499212	1.58951902	1.72997487	1.78471053	1.75990963	1.68958557	1.69539905	1.70002007	1.66965580	1.63120198	1.67224383	1.75821030	1.80268729	1.83603156	1.87396789	1.91758883	1.90608788	1.93260312	2.06920886	2.27402401	2.39121246	2.43389630	2.16669774	2.07622290	2.21872425	2.22010159	2.24025583	2.28969908	2.34083223	2.36883259	2.35165453	2.38356972	2.48858714	2.64217043	2.88306594	3.31330514	3.55039620	3.93097901	3.91251326	3.42742157	2.88308930	2.92851877	3.00447869	3.11309505	3.25121093	3.41038704	3.57681298	3.78618169	4.01634645	4.23172951	4.38332081	4.60557413	4.73713923	4.85067034	4.98699951	5.15513420	5.30061769	5.38820457	5.41323948	5.39465332	5.37496614	5.42248106	5.43600464	5.42691183	5.39747810	5.34087801	5.30967283	5.19134951	5.06274223	4.97515869	4.95438194	4.90740871	4.80914688	4.71760416	4.67790699	4.72230339	4.75480986	4.71952343	4.65003347	4.57378817	4.51209641	4.49591351	4.48888445	4.50666380	4.55173826	4.61342144	4.65861559	4.72666407	4.81108093	4.88948536	4.92359972	4.85121918	4.81007814	4.76227856	4.68080616	4.54952955	4.43466616	4.36350250	4.34854174	4.37901020	4.42085695	4.34700489	4.18721104	4.03922081	3.94888115	3.91013527	3.93527198	3.94721031	3.91825867	3.84352612	3.74091887	3.55012703	3.40325975	3.29769945	3.21829486	3.13736081	3.04993939	2.96090293	2.88168716	2.81982994	2.77896881	2.73095822	2.62840986	2.48005128	2.31660652	2.19079542	2.07469130	1.96914065	1.87026215	1.77049565	1.65860188	1.54299331	1.45924127	1.43409038	1.51790762	1.78468251	1.98623967	1.88576186	1.36153424	0.700601578	0.598768413	0.604125082	0.636480331	0.910697341	1.30466056	1.35927355	1.12696064	1.10096133	1.20133972	1.37574530	1.59941351	1.68638468	1.41397130	1.19566345	1.14596426	1.08038962	1.06872582	1.04572630	1.02202940	1.00255442	0.986502230	0.989639699	1.00980306	1.08122706	1.19673622	1.30774510	1.39175570	1.48752820	1.58697784	1.69426167	1.82577884	1.95373785	1.97967553	1.98197055	1.98479545	1.95811725	1.98209286	2.07438374	2.11473155	2.08233523	2.05585337	2.11961365	2.24580622	2.37181592	2.46738243	2.53459954	2.55682826	2.56029248	2.61429834	2.74908400	2.95582271	3.17937517	3.15892076	3.16195297	3.23892808	3.22326803	3.11988306	3.07682681	3.00072455	2.78886557	2.32920337	2.26130462	2.32451582	2.48536301	2.69530082	2.89071250	2.94524479	2.90444160	2.78064942	2.64553690	2.63009214	2.70937657	2.77289057	2.82739711	2.88069534	2.94161844	3.03759193	3.26335001	3.55167699	3.83426881	4.04173279	4.09630489	4.09797907	4.06064177	3.97527266	3.80994964	3.59817028	3.36645031	3.13073421	2.94152522	2.88388753	2.93410707	2.90959024	2.83917332	2.74779987	2.65652657	2.56112337	2.43868136	2.30010772	2.15559268	2.01461148	1.93563128	1.89997280	1.86838245	1.82252777	1.76499605	1.67086399	1.60317504	1.55512691	1.51323915	1.45735240	1.43898034	1.45356131	1.48187232	1.49527812	1.45573211	1.36716580	1.33059907	1.36981297	1.44305897
45.0000000	1.65477085	1.97596538	2.14673996	2.07632899	1.84607792	1.70944488	1.77197695	1.65843618	1.55309975	1.50949097	1.45037973	1.58480048	1.76060891	1.91323662	1.95510018	1.77560258	1.87727940	1.85398746	1.70122457	1.46967888	1.26523042	1.25129032	1.28582537	1.30080760	1.27039790	1.21094644	1.15543187	1.05738223	0.967933238	0.922221422	0.939383149	0.863511443	0.736526251	0.607063353	0.500216842	0.417539507	0.366112977	0.368804008	0.400400102	0.460296065	0.572494209	0.601131976	0.591779172	0.509732723	0.385404408	0.314321011	0.260317236	0.238170981	0.224781677	0.207003877	0.181647062	0.167615667	0.166542545	0.170949981	0.171869114	0.158840194	0.149036586	0.135103628	0.128518239	0.135053903	0.154780611	0.140305772	0.134572864	0.137863919	0.147625670	0.158469409	0.166513994	0.170200929	0.169720605	0.167676866	0.169086963	0.173015550	0.172679141	0.169220001	0.164917782	0.163189501	0.177497447	0.202319369	0.346064329	0.574468136	0.710593641	0.624893844	0.497145474	0.429097056	0.419886857	0.366043001	0.306822240	0.235874340	0.185979128	0.174326599	0.202517062	0.237678260	0.254176587	0.275983065	0.317529976	0.383710802	0.518012524	0.702247381	0.846841037	0.932746351	1.01144302	1.23271000	1.34012377	1.38861978	1.40801978	1.40303195	1.41340232	1.43129003	1.44901145	1.47822702	1.54994154	1.68989980	1.83083081	1.94191849	2.01728320	2.07598186	2.10014057	2.14238000	2.22665477	2.33901834	2.42762375	2.35093904	2.20035458	2.22256756	2.37883759	2.34498477	2.25576043	2.27925920	2.41928887	2.57578540	2.54481411	2.69748855	2.69584203	2.79718447	3.08858752	3.48688579	3.64502382	3.53347111	3.28665185	2.99426460	2.70127988	3.02758026	3.41606283	3.58760691	3.55422091	3.61903858	3.86550546	4.02527475	4.18310738	4.38076639	4.61701441	4.79672670	4.91989803	5.03204012	5.15832567	5.30359364	5.45019007	5.56217813	5.59738159	5.56431675	5.52218819	5.44569826	5.37444925	5.31215811	5.25707674	5.20198870	5.14152193	5.04365015	4.95659447	4.90243101	4.87709236	4.83989286	4.76947880	4.69972801	4.65736723	4.66197252	4.61675882	4.57772970	4.54524946	4.51823854	4.49417639	4.47306871	4.47852039	4.50228930	4.53902102	4.58624697	4.71073914	4.82973385	4.89609385	4.89127207	4.82531071	4.71849537	4.61631680	4.51427555	4.40670824	4.28678751	4.19501829	4.14877844	4.16480637	4.21735144	4.23817015	4.10221100	3.94943714	3.82576656	3.76300406	3.77883983	3.79320168	3.73649931	3.64662433	3.54103470	3.41675496	3.25246954	3.12370777	3.02782416	2.95401239	2.88330340	2.84302020	2.78519630	2.73278117	2.69286752	2.65668988	2.58121443	2.48763371	2.37344384	2.24481583	2.11659837	1.98285198	1.85443020	1.70151353	1.52655482	1.36427832	1.22531247	1.14548767	1.13289165	1.22167611	1.47205460	1.58373976	1.55914176	1.25129580	0.816519916	0.714415073	0.591800094	0.576782584	0.840529382	1.22554660	1.24567962	0.966557264	1.02300203	1.22930312	1.47240353	1.71190023	1.94382799	1.72791898	1.49636137	1.40022814	1.30947733	1.20276308	1.10045445	1.02135956	0.972585857	0.949540496	0.948806286	1.00119209	1.10277712	1.23479056	1.36361229	1.48431683	1.59935641	1.69588125	1.77634680	1.85851383	1.89114487	1.84433711	1.83560216	1.87436056	1.86194205	1.80727792	1.82224786	1.92252529	2.07454705	2.19551444	2.18562126	2.23735499	2.33101940	2.43115520	2.48653936	2.55332184	2.61757135	2.67694116	2.78076720	3.03006625	3.03489184	2.97892618	3.01577902	3.13861442	3.18015218	3.09022117	2.94175005	2.71360087	2.42777753	2.14942098	2.10582709	2.22802663	2.46381021	2.75010085	3.01295471	3.09828258	2.95784426	2.76281190	2.62553906	2.59956360	2.76887202	2.96843100	3.13975096	3.25087094	3.29635620	3.41821456	3.67310095	3.93427587	4.12587547	4.22291183	4.23210430	4.12372732	3.95929861	3.78845549	3.64895892	3.45844889	3.21694136	2.95222783	2.72920704	2.64988637	2.71943808	2.70449948	2.66161990	2.61664152	2.56470108	2.43350315	2.26072383	2.09021592	1.93961442	1.80033588	1.75422955	1.72911453	1.69120872	1.62804437	1.54846764	1.46293569	1.39430130	1.34586692	1.31777000	1.30698347	1.37549520	1.40513670	1.40834975	1.38904178	1.34258914	1.32058895	1.36002767	1.45504475	1.55263126
44.0000000	1.86193323	1.97820139	1.97539532	1.90499365	1.79530716	1.65147972	1.42994356	1.24046135	1.12140930	1.08820391	1.13330281	1.24856091	1.42290545	1.65733683	1.87241793	1.90827358	1.87625039	2.04786444	2.02515984	1.74583387	1.48323810	1.37342072	1.31474185	1.27044082	1.21813202	1.14980519	1.07831430	0.995618463	0.969866037	1.00012338	1.01637387	0.909477711	0.807024896	0.708745658	0.613008857	0.516821921	0.450635999	0.421658158	0.425591081	0.481175721	0.630191386	0.796854079	0.729974091	0.575514138	0.437707007	0.379055321	0.345686644	0.304616392	0.250673652	0.194089428	0.160496980	0.142045528	0.128926843	0.121021360	0.117259182	0.115619920	0.105422176	9.53453556E-02	8.85386616E-02	8.77243727E-02	9.51977968E-02	8.75215158E-02	8.82186219E-02	9.59464610E-02	0.106548108	0.113052294	0.110070132	0.109329596	0.113724165	0.124838576	0.142948821	0.169054464	0.200208545	0.221334100	0.233176962	0.252305925	0.323543191	0.412124842	0.770851552	1.24276495	1.26114750	1.13102770	0.911724329	0.832133889	0.857222795	0.688026905	0.555614948	0.389508575	0.249205396	0.162537038	0.125669003	0.114315718	0.128351003	0.167825416	0.228363082	0.301161706	0.446692675	0.539866030	0.643340290	0.747915924	0.772535205	0.933099329	1.04829979	1.15880835	1.25028646	1.25338602	1.29822981	1.31428111	1.35803568	1.44418287	1.54560435	1.74151170	1.92087448	2.08179975	2.20823312	2.26995659	2.27370524	2.32594132	2.41145611	2.50314951	2.56203461	2.51218367	2.43829703	2.45000696	2.51520395	2.46003556	2.51471806	2.63773727	2.69406199	2.71035075	2.87495112	2.99519157	3.01697111	3.18743372	3.57473421	4.06803799	3.86343670	3.31964636	2.95221233	2.83692193	2.60980439	3.16155672	3.80698705	4.24956083	4.44911623	4.62186813	4.56420135	4.54299545	4.65993738	4.89684725	5.11567402	5.17228222	5.19125605	5.21867085	5.28838539	5.42204285	5.63506269	5.70108509	5.66337442	5.54678917	5.35778284	5.16780949	5.05435228	4.98287868	4.93892097	4.92807245	4.91904926	4.89681387	4.88335991	4.89737272	4.95423126	4.95171404	4.89142179	4.79613781	4.70249367	4.66096973	4.67645741	4.70031643	4.71675587	4.70318317	4.63020658	4.61303473	4.59528637	4.57293892	4.57913685	4.68419600	4.76338720	4.80961227	4.77867794	4.66278934	4.49054575	4.36455154	4.27258492	4.17645264	4.07559109	4.00707054	3.96641898	3.96239305	4.00055170	4.04034424	3.99510860	3.79012108	3.63617396	3.55562186	3.54399753	3.57001042	3.51486516	3.40669107	3.29481006	3.19486690	3.08882809	2.97472596	2.90794945	2.85720086	2.80221152	2.73373914	2.70651531	2.66418386	2.61298800	2.55914545	2.50884795	2.44562840	2.34180999	2.22529030	2.10499930	1.97089946	1.79574323	1.60468948	1.40620494	1.21512461	1.05265212	0.935853601	0.879502594	0.892101586	1.00611496	1.27797043	1.32278979	1.32556689	1.14345539	0.834105551	0.655664861	0.552660942	0.538414896	0.631651819	0.800319433	0.961588025	0.848649621	0.942273557	1.13488591	1.34786332	1.53153276	1.74095988	1.67658985	1.54727125	1.45941162	1.41698015	1.30608594	1.16916692	1.06264210	1.00247991	0.964198053	0.983260214	1.07927918	1.22049725	1.36706483	1.47104025	1.57433569	1.66911280	1.75128841	1.82310140	1.89311218	1.90189779	1.76487768	1.72357452	1.80936158	1.84346271	1.79724050	1.77154803	1.89421797	2.12404370	2.25078034	2.16279960	2.15692353	2.20354819	2.27772737	2.35917497	2.46817565	2.61381292	2.77522349	2.83931971	2.60078788	2.32552075	2.28294301	2.39648533	2.57793546	2.72743535	2.51762462	2.29194713	2.14360762	2.08168530	2.03113341	2.17628336	2.46157026	2.82219911	3.20773697	3.58211136	3.78801727	3.59266877	3.26208711	3.02296424	3.06266451	3.29573774	3.53171802	3.71904516	3.86025238	4.01197004	4.08419991	4.17760038	4.26479721	4.31403780	4.28919649	4.17800236	3.97466874	3.75995469	3.58798695	3.48625946	3.32149744	3.06593013	2.76296830	2.49923110	2.40454435	2.44300628	2.49520802	2.52238822	2.50877213	2.46157312	2.32274771	2.13555408	1.95901358	1.81775093	1.70199454	1.64590597	1.58228540	1.51016200	1.43012488	1.34432268	1.26037443	1.18715024	1.13650286	1.13374162	1.21763325	1.38617170	1.45724964	1.40650952	1.31692100	1.37878227	1.35398102	1.37912691	1.49726689	1.64313054
43.0000000	1.97728097	1.74105608	1.72832799	1.61361027	1.32852185	1.06178713	0.899542630	0.839684963	0.863779366	0.943596065	1.04110956	1.18453062	1.35459805	1.55033064	1.72215474	1.77190423	1.82476401	1.97422862	2.22230935	2.38943720	2.11446214	1.66684103	1.46627629	1.32979727	1.18660581	1.07807648	0.938560128	0.829143703	0.853835642	0.988318622	1.07994914	1.00682163	0.933424771	0.848266721	0.755996883	0.677405059	0.585264683	0.535041809	0.535826325	0.584174335	0.664108396	0.940105140	1.14269483	1.05252516	0.770333827	0.716948509	0.567657888	0.417851239	0.280612648	0.175001398	0.126051828	0.112828813	9.66641530E-02	8.38092119E-02	7.66057819E-02	7.34860599E-02	6.71072155E-02	5.95646128E-02	5.29078767E-02	4.82799113E-02	4.59169447E-02	4.47082072E-02	5.01489937E-02	5.76424561E-02	6.36530668E-02	6.57066405E-02	5.92975877E-02	6.37289882E-02	7.52873272E-02	0.104423538	0.175753027	0.216283366	0.285490841	0.367217153	0.460840940	0.581277192	0.896577477	1.13981724	1.26308823	1.25471783	1.13926864	1.16549909	1.10231900	1.08594060	1.11218917	1.03650308	0.887098014	0.554703474	0.276951849	0.143121317	9.41356942E-02	0.101527743	0.110572301	0.130330741	0.173636764	0.257096559	0.346258938	0.438940525	0.544008136	0.634223104	0.646241188	0.741457462	0.863478124	0.984854758	1.08316040	1.14098930	1.16280258	1.21878076	1.35495710	1.55527353	1.74158096	1.91320813	2.05722523	2.21250176	2.38983369	2.57194281	2.54814816	2.55252886	2.58646345	2.64261365	2.70492315	2.82120395	2.74932122	2.74252200	2.86383438	2.98606896	3.24902725	3.29785252	3.15258527	2.99828553	3.18502879	3.19438720	3.16206956	3.24029279	3.39439321	3.40282750	3.13703036	2.90714598	2.78824496	2.82300973	3.02173352	3.81440616	4.44983530	5.08739996	5.57151842	5.43164253	5.20684147	5.10499716	5.19567490	5.38162708	5.39879847	5.28321981	5.21060801	5.24521017	5.39645338	5.61894178	5.72784853	5.74499369	5.67340803	5.50186491	5.20487309	5.02373075	4.88290215	4.80334711	4.76737356	4.71863365	4.65149546	4.64290524	4.68915462	4.76506281	4.82397270	4.87082005	4.77435207	4.64995003	4.57316637	4.57972813	4.60414267	4.63579130	4.64538527	4.62267923	4.57646656	4.54304266	4.47358465	4.44216013	4.47840834	4.56753874	4.53384399	4.42259741	4.30067730	4.18982077	4.06662607	3.97074866	3.89959979	3.83513999	3.79330826	3.82402277	3.80569911	3.82246733	3.85043740	3.82988024	3.66522813	3.38942027	3.24666286	3.20090508	3.20848536	3.21812940	3.19418573	3.13142323	3.04512525	2.95956230	2.90799141	2.79789114	2.72383642	2.66695142	2.61934018	2.58408642	2.56046891	2.50754285	2.46163106	2.43349290	2.40832376	2.27212739	2.10010719	1.95165694	1.82822251	1.67330050	1.48555112	1.30842578	1.12357271	0.942486525	0.806506515	0.738331854	0.717321038	0.758058548	0.875889242	1.08691764	1.15049529	1.16592550	0.977688253	0.667003691	0.551829636	0.510701716	0.502891600	0.509641588	0.534382045	0.602731526	0.638090730	0.728671551	0.953205943	1.25387526	1.43631065	1.50938976	1.51322246	1.49633396	1.47693670	1.44292974	1.35162270	1.20747685	1.13172722	1.14768434	1.18073618	1.18913949	1.25344348	1.34495354	1.43177867	1.47883236	1.52712500	1.61586773	1.72830546	1.82907498	1.86420596	1.82953215	1.78954136	1.81458271	1.89823055	1.95728433	1.91543138	1.94082093	2.04148221	2.16421080	2.19456935	2.21951890	2.27777767	2.30829358	2.31350255	2.35933185	2.52537370	2.71251178	2.74816346	2.49100995	1.83099687	1.82539439	1.82650626	1.86306727	1.92624044	1.96961641	1.92658079	1.95907009	2.00204992	2.06539273	2.23387814	2.68159747	3.16524720	3.63034511	4.06626844	4.50625134	4.81272840	4.75891256	4.49668264	4.19888401	4.05932665	4.18139362	4.27725887	4.35392570	4.42118692	4.49162436	4.50149393	4.46278381	4.40438032	4.31794024	4.15788698	3.92988968	3.70862818	3.52521229	3.38044739	3.24483514	3.10618258	2.88686109	2.63451552	2.40710020	2.27287865	2.29905009	2.38273525	2.44404721	2.44053817	2.36720037	2.17143393	2.00688124	1.86059046	1.72727764	1.60932505	1.49990892	1.40335679	1.31191182	1.22009468	1.12470281	1.03312337	0.963858724	0.930196643	0.975653827	1.17397571	1.56391954	1.76776695	1.68162084	1.44623899	1.44703412	1.40765095	1.50639439	1.70469952	1.89356780
42.0000000	1.30997634	1.26219440	1.30878901	1.23520327	1.03101587	0.889941156	0.787389994	0.762170017	0.786602437	0.848444641	0.950889766	1.16476381	1.35363865	1.41198754	1.39938307	1.54049706	1.70513773	2.01855254	2.44936419	2.79024577	2.65791845	1.83919084	1.47437096	1.28109241	1.13823485	1.08592415	0.941786587	0.814545751	0.885329485	1.11570823	1.24769449	1.17541325	1.13379431	1.04278088	0.912829101	0.844908059	0.791390479	0.788024962	0.828332484	0.912416279	1.04696167	1.70375514	1.73185134	1.27446294	0.686250508	0.533323467	0.379361302	0.291214615	0.229540065	0.170081511	0.103670031	8.14254507E-02	6.30967468E-02	5.06121665E-02	4.40288633E-02	4.15328741E-02	3.77146415E-02	3.39206122E-02	3.16853896E-02	3.11278552E-02	3.09511442E-02	2.85031851E-02	3.02472953E-02	3.27929221E-02	3.44871432E-02	3.54146846E-02	3.44691947E-02	3.57505232E-02	4.04189304E-02	6.24812245E-02	0.128790706	0.147378370	0.203380436	0.335306376	0.533015192	0.737715006	0.871735156	0.981734276	0.973284543	0.864323616	0.785152495	0.596652389	0.472875834	0.434229225	0.440305263	0.389882684	0.342153519	0.250553250	0.160578027	0.101129107	8.45130533E-02	9.08940658E-02	9.35753733E-02	0.105990648	0.145640194	0.234090969	0.293735683	0.372324824	0.449610114	0.509126961	0.538194954	0.668572545	0.794664979	0.878645778	0.923833251	0.974689722	1.09326696	1.25604141	1.48639703	1.78128088	2.11120129	2.30630946	2.52970004	2.71098185	2.82062531	2.86996531	3.07669115	3.33091903	3.35044599	3.10359526	2.80921531	2.95532990	2.98573112	3.08352280	3.27275968	3.41844559	3.85386682	3.59217095	3.26965427	3.14651442	3.10684967	2.92658615	2.88760424	2.95854211	3.05031252	3.01610231	2.92775488	2.88511014	2.92892170	3.13092899	3.59385729	4.44886684	5.23619795	5.92802095	6.31143045	5.98844385	5.79844713	5.49621868	5.31535769	5.26745224	5.14207554	5.10758400	5.15014458	5.29634237	5.52717924	5.77807331	5.96374655	5.99231339	5.85725403	5.59249973	5.27243376	5.01605082	4.84091854	4.72550106	4.64155960	4.55414963	4.42810726	4.37030792	4.37280798	4.42969465	4.53708172	4.64741135	4.64234924	4.53998566	4.40947390	4.37102699	4.37974405	4.45084047	4.48520184	4.43788481	4.31812620	4.21980572	4.17889118	4.19472218	4.22862577	4.20391655	4.10610437	3.97408509	3.85641265	3.76023245	3.65128160	3.56255007	3.53496718	3.55054736	3.59185839	3.64202118	3.62207961	3.57292271	3.49190402	3.35996318	3.14162469	2.94175434	2.86021495	2.85445547	2.89200377	2.95046639	2.96480870	2.89879251	2.80382490	2.71684289	2.66031432	2.56835961	2.48325777	2.42581487	2.40436125	2.41474867	2.39151335	2.37656808	2.36791301	2.33775091	2.23248887	1.98635244	1.79851413	1.63938820	1.48897982	1.33688474	1.19837368	1.04859257	0.892971694	0.752559364	0.664021969	0.621077120	0.606125474	0.619301617	0.673639059	0.795070350	0.811257124	0.791005135	0.668956578	0.497704089	0.447790205	0.417590916	0.420091808	0.441740632	0.479087979	0.538787246	0.597539783	0.660942912	0.813825309	1.07442522	1.39439106	1.33335316	1.37983584	1.45325351	1.52455342	1.61621714	1.53064263	1.34165359	1.20167565	1.17212713	1.22341943	1.27740121	1.34587848	1.41029251	1.46154559	1.50000072	1.54304445	1.64586031	1.75827968	1.83755612	1.84836495	1.83544612	1.81561387	1.87253416	1.98746920	2.03927565	2.07245255	2.07004094	2.11871767	2.22490454	2.31476521	2.35597277	2.35755515	2.36486864	2.42619872	2.59275770	2.70759058	2.67287207	2.57108593	2.30655265	1.60543191	1.66730154	1.73128545	1.83870304	2.00655103	2.22750473	2.34382868	2.34386706	2.35471606	2.48058963	2.80281997	3.31659818	3.86607003	4.39723825	4.87491322	5.28271055	5.57227039	5.69847918	5.63988304	5.42090893	5.11186934	4.96310377	4.88083124	4.82434082	4.76273251	4.67492437	4.53107262	4.38872671	4.20672989	3.98594427	3.76925349	3.63264418	3.50163078	3.35818243	3.20796776	3.08035707	2.92665195	2.73269463	2.50412369	2.28661323	2.16587687	2.18635082	2.24762082	2.29514050	2.28120732	2.16496515	1.99749029	1.86154830	1.72474885	1.57390487	1.41503298	1.30397964	1.21832371	1.12257195	1.01014650	0.903385222	0.808928311	0.744164228	0.716629148	0.757096052	0.919575155	1.20418358	1.29582500	1.14725864	0.924439967	1.00652182	1.13558459	1.30609882	1.39740753	1.39612186
41.0000000	1.13911378	1.01895905	0.840084493	0.707760513	0.661774755	0.676432014	0.694847941	0.728505850	0.762650490	0.810180366	0.911647916	1.02532649	1.10061049	1.19479692	1.30427110	1.36450541	1.17495167	1.48812056	1.99632311	2.40042448	2.40984488	1.65417254	1.23291600	1.05816984	1.03665304	1.06970966	1.02272820	0.902224243	0.920182049	1.07014894	1.12723529	1.28506505	1.24019849	1.11829543	1.02438438	1.04286301	1.18519998	1.40948820	1.61435795	1.79136837	2.02500820	1.66018200	1.24971199	0.862137318	0.554380655	0.371748865	0.290358067	0.273662984	0.250308841	0.189326778	0.100133970	6.54265434E-02	4.44575250E-02	3.40243578E-02	3.01711019E-02	2.81884242E-02	2.56158132E-02	2.38273572E-02	2.22719312E-02	2.08643936E-02	1.99856181E-02	1.91440973E-02	1.86221395E-02	1.88298263E-02	1.90277379E-02	1.73269417E-02	1.76150221E-02	1.88516844E-02	2.32340768E-02	3.83799188E-02	7.73274824E-02	0.100718252	0.135433197	0.309129536	0.600531757	0.839431345	0.794008434	0.943658948	0.922303319	0.642516077	0.295526952	0.210153982	0.177808955	0.154077366	0.121911518	9.16305631E-02	8.60614926E-02	8.60743299E-02	8.30911994E-02	7.79593289E-02	8.09510872E-02	8.42700377E-02	9.30311605E-02	0.112111732	0.153390020	0.235745311	0.307510793	0.389444977	0.487144798	0.572094321	0.581664443	0.693535030	0.785479248	0.836244464	0.866865098	0.940662563	1.19427502	1.53253686	1.86435544	2.17865419	2.54437184	2.94388652	3.24941278	3.42106867	3.45537901	3.38527536	3.49566936	3.50440025	3.44902563	3.38201213	3.37074113	3.26196957	3.18000865	3.27018738	3.44951701	3.40669370	3.76715732	3.53419852	3.44711089	3.46688914	2.77622557	2.54334021	2.62024832	2.74686146	2.81236029	2.85519433	3.00233006	3.22479892	3.58018303	4.10618401	4.82062197	4.88880539	5.25143480	5.92042971	6.57922173	6.58274984	6.14267731	5.63185787	5.29621601	5.17014027	5.07648563	5.05745697	5.19651747	5.42310905	5.69531393	5.99985647	6.10751915	6.02168894	5.79349613	5.49268198	5.20759487	5.02115011	4.91997242	4.84423065	4.73676920	4.54310894	4.29188919	4.17640543	4.20579529	4.35421324	4.56083298	4.64104223	4.63657761	4.51011610	4.31311274	4.18579435	4.29625320	4.36570024	4.35467720	4.25415850	4.08555555	3.99314642	4.00454283	4.06106615	4.08630133	3.98609781	3.86199236	3.78130817	3.65381169	3.46890950	3.29564643	3.25992560	3.29888701	3.38504744	3.45902705	3.42954516	3.33140969	3.24237227	3.12762928	2.97330546	2.78645277	2.67623854	2.63962150	2.66448307	2.72620988	2.78769302	2.76408052	2.72386360	2.63661218	2.51476216	2.41361380	2.30637288	2.22261572	2.17967296	2.17959404	2.20914507	2.26244378	2.30010724	2.27932858	2.16927004	1.95106173	1.72120643	1.54099298	1.38094401	1.23276401	1.10933971	0.981654823	0.852048576	0.725723982	0.621067703	0.569649637	0.511520684	0.469351858	0.451915443	0.479621738	0.584518611	0.564300060	0.541773021	0.482643127	0.403429657	0.371464908	0.375676006	0.389792919	0.441431165	0.534683406	0.650119543	0.606326997	0.617073536	0.733287930	0.988699675	1.39983821	1.24670053	1.31746066	1.44238281	1.55873525	1.71079063	1.73078382	1.48599887	1.25961709	1.18522799	1.24682927	1.34190726	1.39980114	1.46393108	1.53621221	1.57705462	1.66821301	1.75470531	1.80082333	1.79971898	1.77340436	1.82835531	1.87201798	1.91476941	1.96250045	2.01661658	2.08083868	2.19099092	2.30552888	2.40661740	2.50013041	2.51661277	2.53882861	2.51951170	2.47736239	2.49704981	2.46004391	2.25271344	1.96744668	1.74396968	1.76934850	1.82615077	2.01453066	2.25701475	2.53008819	2.86419535	3.04304886	3.07326484	3.11424446	3.25648832	3.52159333	3.92271495	4.33405399	4.74666882	5.14727736	5.51825571	5.82806540	5.99649763	5.98915052	5.81933498	5.54807377	5.32794523	5.14036179	4.93656635	4.69722557	4.43242550	4.26514196	4.10012484	3.91039419	3.71112490	3.55964589	3.48981667	3.41121459	3.29856300	3.16164660	3.04530931	2.85709190	2.64666843	2.42727375	2.23708916	2.13924599	2.12842512	2.15371251	2.14769745	2.07397246	1.92713296	1.79448915	1.67376983	1.54383922	1.40109253	1.25945711	1.16258919	1.07579207	0.974351227	0.855047345	0.736156642	0.629699171	0.566617072	0.539250255	0.558941305	0.656034768	0.797845602	0.906552136	0.885190785	0.803505898	0.897948861	1.05836570	1.14856613	1.19351792	1.21084940
40.0000000	0.904396892	0.716974497	0.567827821	0.483187407	0.468921632	0.510536671	0.595456004	0.675744951	0.708811224	0.720386267	0.804524720	0.912356317	1.03888154	1.16170573	1.26345801	1.33179176	1.09519553	1.20078087	1.54978597	1.91430032	1.93726420	1.53579473	1.15496874	1.00325334	1.03564143	0.953650117	1.02486682	0.885382414	0.818845689	0.904727638	1.01832116	0.820552349	0.703081071	0.653985143	0.666374743	0.738392591	0.840870857	0.893049359	0.884380758	0.816751659	0.704480886	0.610218346	0.623839378	0.551606059	0.388546556	0.318455666	0.261575282	0.242150605	0.207617268	0.142017215	6.59988225E-02	5.08863963E-02	5.22180386E-02	4.38590944E-02	2.46290192E-02	1.83013845E-02	1.64888799E-02	1.62757542E-02	1.55101968E-02	1.37114562E-02	1.20698344E-02	1.17006386E-02	1.07799582E-02	9.66224074E-03	8.85778014E-03	9.03271511E-03	1.24642383E-02	1.66765135E-02	2.51538642E-02	4.04356644E-02	6.41163364E-02	0.136164352	0.239868805	0.407189876	0.649847388	0.959320903	1.29839182	1.07051170	0.677403450	0.354441553	0.170652702	0.131646022	0.114360906	0.101812087	8.79890695E-02	7.78561831E-02	7.46720582E-02	7.50041604E-02	7.80310556E-02	8.43912587E-02	9.61832032E-02	0.117799833	0.139229178	0.182116225	0.276216209	0.459394693	0.785593271	1.05939364	1.32198346	1.41107786	0.960919619	0.854162514	0.840522349	0.879303455	0.978036821	1.19247925	1.54772389	1.94086468	2.36196303	2.80826926	3.28422046	3.72960377	4.03591633	4.27399969	4.50022936	4.75651598	4.18521214	3.49263906	3.17437410	3.27651548	3.39568377	3.17454600	3.06950474	3.14495063	3.38827634	3.70987678	4.41074991	4.59702873	4.45464420	3.90114069	2.58567476	2.68946838	2.85276604	2.96429753	3.01570106	3.10152340	3.42594624	3.92433977	4.46495008	5.01255369	5.62845182	5.73624659	6.47928143	7.10977888	7.24239254	6.85420132	6.08376503	5.59688997	5.38399220	5.35552502	5.34197855	5.45693064	5.58454800	5.75248098	5.94706106	6.11329937	6.06636477	5.83547306	5.55662584	5.30656290	5.10276079	5.05388689	4.99640894	4.89882946	4.74288225	4.52353716	4.34407520	4.33166170	4.43592501	4.59679079	4.74448681	4.73718882	4.60267115	4.39764309	4.19688845	4.09326315	4.11725760	4.10881472	4.03727913	3.92591548	3.85190082	3.87611651	3.93604755	3.91988349	3.80107546	3.63833356	3.56735682	3.45071578	3.28687477	3.11908317	3.03537154	3.06978202	3.12307286	3.14800119	3.12146068	3.04448462	2.99829388	2.92661881	2.82169294	2.70095348	2.60704255	2.57547855	2.61175895	2.66319895	2.69756269	2.70306206	2.65075231	2.58992362	2.49857712	2.37019920	2.21376133	2.15175653	2.08279371	2.05674028	2.09622860	2.19665456	2.21708488	2.18628097	2.10577607	1.96783924	1.75547421	1.55803943	1.39679551	1.23923755	1.07912552	0.936483741	0.843735993	0.721390069	0.607207358	0.519065797	0.454959869	0.395563632	0.355731905	0.332577616	0.346275836	0.440063506	0.410498947	0.385527074	0.376561046	0.377691686	0.365687340	0.388027400	0.417415321	0.484820426	0.568270981	0.592854202	0.595497787	0.599284649	0.679730415	0.865687668	1.13934672	1.40035868	1.48459637	1.47590673	1.54945683	1.97173333	1.95512891	1.63753712	1.33649600	1.20375013	1.22525239	1.38472545	1.50258398	1.57671404	1.62399781	1.68031371	1.76890731	1.83164203	1.86817503	1.90363646	1.98862970	2.11762214	2.17060494	2.20870352	2.24401522	2.23961091	2.24771047	2.26350546	2.32905006	2.49303222	2.81077266	2.63892531	2.67798567	2.67213655	2.55024695	2.42587185	2.19916272	2.07485414	2.11951256	2.29169726	2.44196010	2.56283855	2.79219508	3.08983779	3.46247768	3.96372914	4.13701439	4.23948336	4.26156330	4.24050665	4.26039267	4.47216749	4.75759792	5.06563807	5.36496973	5.64400101	5.79622364	5.85010958	5.76385164	5.55629396	5.30693340	5.07791996	4.84338999	4.61536503	4.40174198	4.20629215	4.05719233	3.91333389	3.76133394	3.61738372	3.52724671	3.47350693	3.40246558	3.30837274	3.17938924	2.99758291	2.75977635	2.54917526	2.37723851	2.24446011	2.14036679	2.14909768	2.14013100	2.07264781	1.94620347	1.80072570	1.66451240	1.54226649	1.41774356	1.28718412	1.15931535	1.04910064	0.929482639	0.803852677	0.677943408	0.559828818	0.463811904	0.413023382	0.396672338	0.413411945	0.471340001	0.528526247	0.585833848	0.618544042	0.638930440	0.696259439	0.845852554	0.903109550	0.953402460	1.00898314
39.0000000	0.537339151	0.465668410	0.421869844	0.412285864	0.436865747	0.489165336	0.599008143	0.709976673	0.744772494	0.713089764	0.711615086	0.832560420	0.923901320	1.00312412	1.07390165	1.12609482	1.02747250	1.01389897	1.14309895	1.33933389	1.39340162	1.31610096	1.00264478	0.818740249	0.824883044	0.776356936	0.888663888	0.802206218	0.762126207	0.796707153	0.717373312	0.584804475	0.527321994	0.499210566	0.490596265	0.527446210	0.560469627	0.547831774	0.497581452	0.429622084	0.375711918	0.314033419	0.364179373	0.366956085	0.295469910	0.255127430	0.203983992	0.195821986	0.173253834	0.116184071	4.18091863E-02	5.09618744E-02	7.56507218E-02	6.64009005E-02	2.66700853E-02	1.28483865E-02	1.26311406E-02	1.16132451E-02	1.10161025E-02	1.07871154E-02	9.59969033E-03	8.21060967E-03	7.27162277E-03	6.89478638E-03	7.00063817E-03	7.31819402E-03	1.13577647E-02	2.34374329E-02	3.71094793E-02	5.75980842E-02	0.101799309	0.465082794	0.798395932	0.871751666	0.904786944	1.56676364	1.26598823	0.689554930	0.283251286	0.163246259	0.116090074	0.100558743	9.40575898E-02	9.00326744E-02	8.68526399E-02	8.78086239E-02	9.51922983E-02	0.115921415	0.175506040	0.277677745	0.404389650	0.413698971	0.422457933	0.492526412	0.687926650	1.07484317	1.65826666	2.24060345	2.93143749	3.46720409	3.21119022	2.46726894	1.84215307	1.49428654	1.47869170	1.74696922	2.24650335	2.69050360	3.16112685	3.65159726	4.06620598	4.41096735	4.55469513	4.78379154	4.91694117	4.30511379	3.64914727	3.26251078	3.07834935	2.98826528	2.84231687	2.51963329	2.42190647	2.49888992	2.75194693	3.23405385	3.80326295	3.98521471	3.87768650	3.54321933	3.00911880	3.31580043	3.45075703	3.54130602	3.66546512	3.85195351	4.30239820	4.65988159	5.00650835	5.40861559	5.91676950	6.62800694	7.37226963	7.77815533	7.63439369	6.88984346	6.04264164	5.76012230	5.74940395	5.82393074	5.90347815	5.95518112	5.99558067	6.02219200	6.04135752	6.06824684	5.93373156	5.71481609	5.50232029	5.32784653	5.16378498	5.10263443	5.06737566	4.99060822	4.86411762	4.73886633	4.60876894	4.56194019	4.57767248	4.63637638	4.71958303	4.66057444	4.49434519	4.23235464	3.95721984	3.82271552	3.81241584	3.78196359	3.74885511	3.73258448	3.75464225	3.77624083	3.71356368	3.56415391	3.37404609	3.23776793	3.15913558	3.02122569	2.88282752	2.79658365	2.80899072	2.85903597	2.83184910	2.77519965	2.72394729	2.70004082	2.70462084	2.66655588	2.60515237	2.55760169	2.57898045	2.60005450	2.60835910	2.57431245	2.50414014	2.43987775	2.40906167	2.40265989	2.36249566	2.26581097	2.12526512	2.07974100	2.06232142	2.09966159	2.17045045	2.20541072	2.14555550	2.03269577	1.90824687	1.77195561	1.58189893	1.42200565	1.27267706	1.11537814	0.956746101	0.828590512	0.714933157	0.609163046	0.514606774	0.433378786	0.366381705	0.315974563	0.275266886	0.248951986	0.244806513	0.273690611	0.220791325	0.196037769	0.213338405	0.273285687	0.363156050	0.411886394	0.470301926	0.518887401	0.553030074	0.583019733	0.630716503	0.686853766	0.747361839	0.830011070	0.974411547	1.27196455	1.66460991	1.71630025	1.60291064	2.11223745	2.05479121	1.75873721	1.44383788	1.26693892	1.32196903	1.51979589	1.66277814	1.76788187	1.84319007	1.88790321	1.96407139	2.04071379	2.06831956	2.07593393	2.17115903	2.21912718	2.23709130	2.22673488	2.22768950	2.31753278	2.35203576	2.34036255	2.41057873	2.57846141	2.74749827	2.58554912	2.45605373	2.42091131	2.42688465	2.30559754	2.24450326	2.56875801	2.98331451	3.30106378	3.44283628	3.51649404	3.75264835	4.11256123	4.50154161	4.76894426	4.92204046	4.98899984	5.00109529	4.96882153	4.88189602	4.85944796	4.92762280	5.07003832	5.25179148	5.41946030	5.44780970	5.39814615	5.25300694	5.03531981	4.80840492	4.61260796	4.42543364	4.25992393	4.13252401	4.06308174	3.97846317	3.84446979	3.70504951	3.58441162	3.48702645	3.40958166	3.32385659	3.21578074	3.07069111	2.87332892	2.66393757	2.47279453	2.31398106	2.20364046	2.15997696	2.13235974	2.06534457	1.94110513	1.78211212	1.65113485	1.54823840	1.42066276	1.27528965	1.12837827	1.00556505	0.870058119	0.735811055	0.608727217	0.492992401	0.391074330	0.324356586	0.289818823	0.282314569	0.303728342	0.362975508	0.338482201	0.354491770	0.389938891	0.434793383	0.490060061	0.596856833	0.600987852	0.639850259	0.720712066
38.0000000	0.416000545	0.467028022	0.489211291	0.523780823	0.584664881	0.658489287	0.764835477	0.843012512	0.858011127	0.825037956	0.809515953	0.864167094	0.904018104	0.932785869	0.938544810	0.893726647	0.834178388	0.825860620	0.870313704	0.946386039	1.01023436	1.01652575	0.824166894	0.649509788	0.591457486	0.631464660	0.739065349	0.751531541	0.748014212	0.717682064	0.559721589	0.477334470	0.431723446	0.406446338	0.410991222	0.480776161	0.491248339	0.426976025	0.334135592	0.250119537	0.203536242	0.183816031	0.216382250	0.226186067	0.198491275	0.178874433	0.144952804	0.140366644	0.152928472	0.144955739	5.32708541E-02	4.86317426E-02	6.96350336E-02	6.31607100E-02	2.75687594E-02	1.26992250E-02	1.15171531E-02	1.01374192E-02	9.17002093E-03	8.15623347E-03	5.56861749E-03	6.24758052E-03	6.06463151E-03	5.73313516E-03	5.62934158E-03	5.79237426E-03	6.53749658E-03	1.15958871E-02	1.86331701E-02	2.91356761E-02	4.84104678E-02	0.341710240	0.683717787	0.805155873	0.821106434	1.23101056	1.47198009	0.932037711	0.415926009	0.217737868	0.120916292	0.108083546	0.101949573	0.102204986	0.125253484	0.204211861	0.382196307	0.694315970	1.02421868	1.29664695	1.47743833	1.35389245	1.04054034	0.793085337	0.730132043	0.833185971	1.30799139	2.18529201	3.01057982	3.55766678	3.82868433	3.83236885	3.49372816	3.02617359	2.67303610	2.70756698	3.24870849	3.65638041	4.09525061	4.51815271	4.66608286	4.84624910	4.81301737	5.02386236	5.13287354	3.99075270	3.56230021	3.29618955	3.07548761	2.84226871	2.59761620	2.40556526	2.44498706	2.62485909	2.90794468	3.31079125	3.74384952	4.20457077	4.45230770	4.38019371	4.01514006	4.14542389	4.18466330	4.22400618	4.35397005	4.66444397	4.74612999	4.75433302	4.99514866	5.43563843	5.70383072	7.49898005	7.90582752	7.87159157	7.67922878	6.94744062	6.23373938	6.01038980	6.01503468	6.06706047	6.06759310	5.99947929	5.90266562	5.82164049	5.76536465	5.70726967	5.54511738	5.41450787	5.26306868	5.09352446	4.96370125	5.02623177	5.10133171	5.12493277	5.04462099	4.81964302	4.62362194	4.56527901	4.58822775	4.63244581	4.63427258	4.59384251	4.40781736	4.12232590	3.82605767	3.65025735	3.60741186	3.60843349	3.61325336	3.61275983	3.62879682	3.59233260	3.45919180	3.28418231	3.11891031	3.01177764	2.92167020	2.77806234	2.65234303	2.58614516	2.59134412	2.55095768	2.51043105	2.47870708	2.46584487	2.48302102	2.50320339	2.48710251	2.48113799	2.49633360	2.50831604	2.48478627	2.41270208	2.34285402	2.29613924	2.26356077	2.20801950	2.19424725	2.21007729	2.21107721	2.12054801	2.07646704	2.09939194	2.13517714	2.14285612	2.09464002	1.97699487	1.87691617	1.76116180	1.61040378	1.41922867	1.25547504	1.11195982	0.976977229	0.846732020	0.725339413	0.612482548	0.523294151	0.446088016	0.373284757	0.301412225	0.258962363	0.221985847	0.196274847	0.187499151	0.201206356	0.165922433	0.142829582	0.133019596	0.157241002	0.255899042	0.363560736	0.445222527	0.485688776	0.513295949	0.599912107	0.676564693	0.696820021	0.716658652	0.778761744	0.912510395	1.18780625	1.70213544	1.97350180	1.99470079	2.23331928	2.02969098	1.74404263	1.49883127	1.38365328	1.45524478	1.59589398	1.65652061	1.74125147	1.86025882	1.92975903	1.99170661	2.07422066	2.10711622	2.09837723	2.13415742	2.17216969	2.12756419	2.11797476	2.20009995	2.36970353	2.39898133	2.38356781	2.48663878	2.68313837	2.75977898	2.75645137	2.60579300	2.51774812	2.44949841	2.10546255	2.56521845	3.39964128	4.10705519	4.44441223	4.42729235	4.49927998	4.67895651	4.88687372	5.07553768	5.22941160	5.30938196	5.37154007	5.38611221	5.33732367	5.22339773	5.06711912	4.96156454	4.94155598	5.00648355	5.12030172	5.05106688	4.86401033	4.65726948	4.48710728	4.36790943	4.26988649	4.15596199	4.04497719	3.97076917	3.98216820	3.88139248	3.75178623	3.63038421	3.53008175	3.43963575	3.33129501	3.22172594	3.08190560	2.90593290	2.71103024	2.53742838	2.37297034	2.23813844	2.14719987	2.10820556	2.02813315	1.90499592	1.75256085	1.60364389	1.51010787	1.44808948	1.31135011	1.13687372	0.958894968	0.808899581	0.659866035	0.532425702	0.425531328	0.339846104	0.277742922	0.243376493	0.219420001	0.217869818	0.243507668	0.293900907	0.250412673	0.247094095	0.274541914	0.323508948	0.384904236	0.415306479	0.381682575	0.418953151	0.516083479
37.0000000	0.444591135	0.544754744	0.616155624	0.691989660	0.778613687	0.855545819	0.913352966	0.925136030	0.908929944	0.869154632	0.796615183	0.848751843	0.874130487	0.859641135	0.793509841	0.665298223	0.638474286	0.627712965	0.647354782	0.690804839	0.730533302	0.780189455	0.690518975	0.587620914	0.532479644	0.520965397	0.570795953	0.608106732	0.639936090	0.646380544	0.580593944	0.553272128	0.476734489	0.409738660	0.395915210	0.463767767	0.375062644	0.264322758	0.169771180	0.109213032	8.00351501E-02	6.53332919E-02	6.61832392E-02	8.39679837E-02	0.109629132	0.123666920	9.78007317E-02	8.69682655E-02	0.111004546	0.139428705	9.14440006E-02	6.79085180E-02	6.41889796E-02	5.08078635E-02	2.57190093E-02	1.43076247E-02	1.15797548E-02	9.70805995E-03	8.67212005E-03	7.79512711E-03	5.74389659E-03	5.89256734E-03	5.28685842E-03	5.34842396E-03	6.29124232E-03	7.12161511E-03	8.48758779E-03	8.66423175E-03	1.07851084E-02	1.96544379E-02	4.17471044E-02	0.323240757	0.900265872	1.32310545	1.48248935	1.60959363	1.49645960	1.22944629	0.944709659	0.673718452	0.343254328	0.353994936	0.343721539	0.392178625	0.600216091	1.08978939	1.68641984	2.53813934	3.00533628	3.09709859	3.47121453	3.28712630	2.70342684	2.01884770	1.52307272	1.49673879	1.75074184	2.33072019	2.80693388	3.20335340	3.99765921	4.61964750	4.94184065	4.87717676	4.45751810	3.83365297	4.28515673	4.72992086	5.05051231	5.21579981	5.28095722	5.33379936	5.16640186	5.15000677	4.97533035	3.65256715	3.50325894	3.28533363	3.09197688	2.96381330	2.88890743	2.91366458	3.02463078	3.17963648	3.31030846	3.32207012	3.64757514	4.06496191	4.39175510	4.59249306	4.77873230	4.74143934	4.61127234	4.55486727	4.62235689	4.74737024	4.80638456	5.59482336	5.87660742	5.79647398	6.87997055	8.04631424	7.91855621	7.63589096	7.50047112	6.97740841	6.49015856	6.31770086	6.28514719	6.24055815	6.05494452	5.86602640	5.71912622	5.59141397	5.46136093	5.30873537	5.14354753	4.99240351	4.86179972	4.76310921	4.71258497	4.84406710	4.94891977	4.95068169	4.83217001	4.63547993	4.52322054	4.51035309	4.52770281	4.51874447	4.43960285	4.34613371	4.17917347	3.95696497	3.72782779	3.57015800	3.55441213	3.53425670	3.52357435	3.52344632	3.52215481	3.41463137	3.25085807	3.07699490	2.92666864	2.82097507	2.68111873	2.53887129	2.43061900	2.35943437	2.29507756	2.23460150	2.23770308	2.27821231	2.32605839	2.34726954	2.40139437	2.40803552	2.40871787	2.40937209	2.38033628	2.29902244	2.25227785	2.21969748	2.18458748	2.13396502	2.11325574	2.14199591	2.19822836	2.23124981	2.16161180	2.10844874	2.10729861	2.09450293	2.04029632	1.94880605	1.84663534	1.74439359	1.60780847	1.43509233	1.25694215	1.10573399	0.988792300	0.870123148	0.742901325	0.629470289	0.523795545	0.453228474	0.388576567	0.319276482	0.253393620	0.215401292	0.185055465	0.161812931	0.149403587	0.155830383	0.141763315	0.138700023	0.126741827	0.116317011	0.148180649	0.305010647	0.388725013	0.415013790	0.418664187	0.453560382	0.542382956	0.591702521	0.642844498	0.732858479	0.894518435	1.09090185	1.60402930	2.03350687	2.26131392	2.45180082	2.14384079	1.80396748	1.58549643	1.53343761	1.58449399	1.61863256	1.64587390	1.70483315	1.79939651	1.89872026	1.99948788	2.11859012	2.19558144	2.19808912	2.12181330	2.20947671	2.18563843	2.21172667	2.33526516	2.48987365	2.68835759	2.79229093	2.78467679	2.74719810	2.86021852	2.74396729	2.75450230	2.78437901	2.82889295	2.98608065	3.88682365	4.72665358	5.22970104	5.30990028	5.07098866	5.08301735	5.24113655	5.41342354	5.52969408	5.58150005	5.59431791	5.56341314	5.52798891	5.48421669	5.38523436	5.18646479	4.99664593	4.87667274	4.82535887	4.77944088	4.61195278	4.39508152	4.19789314	4.06148911	3.99900389	3.98431683	3.92834783	3.85905051	3.80596423	3.80021548	3.70519018	3.64765859	3.61518192	3.58365798	3.51731944	3.36506200	3.16703105	2.94565678	2.72391343	2.52531791	2.35974693	2.21354842	2.11121631	2.05905390	2.04517174	1.93730807	1.78703725	1.61441207	1.45214581	1.34561265	1.27479756	1.14365244	0.961465061	0.760877550	0.597887337	0.485554099	0.397445440	0.328175098	0.272487760	0.225259274	0.199423715	0.183818296	0.183131337	0.198800489	0.229012653	0.182819277	0.188639283	0.209177047	0.231841385	0.268745601	0.314501524	0.335841238	0.397155941	0.479227245
36.0000000	0.514806628	0.632269561	0.730491281	0.745587647	0.687651455	0.640753090	0.693597317	0.708273530	0.695040822	0.645475924	0.532473028	0.625332296	0.671025693	0.663179755	0.608636260	0.527451515	0.512717605	0.509734213	0.517670274	0.530558705	0.537295401	0.563530624	0.540370286	0.523055732	0.511236370	0.448969036	0.405534029	0.403657109	0.422901988	0.443734556	0.447523177	0.530547559	0.462541431	0.383076757	0.366880953	0.423837215	0.335969299	0.217955366	0.123504281	6.98816702E-02	3.79101895E-02	3.57410312E-02	3.60297784E-02	4.47916128E-02	6.21097945E-02	8.21356326E-02	7.30709955E-02	6.75155222E-02	6.31856620E-02	5.71029559E-02	4.55940217E-02	4.10161391E-02	3.54405120E-02	2.51665954E-02	1.30349183E-02	8.42704717E-03	7.03342399E-03	5.77198341E-03	5.04335249E-03	4.75534238E-03	4.32294607E-03	4.01404686E-03	4.81113652E-03	7.87118357E-03	1.32013876E-02	1.96591727E-02	2.66263001E-02	3.07807177E-02	3.49670984E-02	4.68420461E-02	7.88741410E-02	0.471929580	1.40695000	2.29052353	2.76065683	2.68677306	2.19429493	1.62721264	1.36327529	1.38715827	1.29046273	1.46279001	1.54123473	1.68648767	1.98727322	2.46035004	2.58284259	2.87543631	3.19763613	3.60493255	4.34879971	4.79100847	4.76441479	4.38090467	3.87605262	3.60912371	3.63049746	3.86814594	4.07664871	4.31079960	4.92560768	5.77107525	6.19007158	6.13887835	5.70111227	5.08773041	5.15209150	5.50585413	5.75900888	5.72586298	5.42503929	5.30978966	5.18317175	4.83754730	4.21012163	3.38294101	3.32249308	3.16500640	3.04243398	3.00563979	3.02439618	3.17251301	3.28352880	3.34744883	3.31480718	3.09666777	3.31690454	3.70529962	4.06378460	4.36524773	4.75353718	4.87250519	4.82614183	4.73214579	4.63917542	4.52684689	4.42120266	5.22221994	6.11122274	7.03433418	8.70248032	8.50652599	7.78355551	7.22539234	6.97497797	6.62636518	6.33975458	6.20192051	6.08796978	5.92595768	5.69689226	5.46095228	5.26197100	5.08127022	4.92634630	4.83086872	4.77971745	4.69718742	4.63435602	4.62074709	4.66432858	4.69062138	4.74865532	4.71812439	4.58563185	4.44469070	4.38606787	4.34692287	4.31521749	4.27152729	4.18903971	4.06277084	3.90691757	3.74053288	3.58985686	3.48831725	3.45328617	3.40098834	3.36206603	3.32908916	3.25655532	3.12665486	2.99542952	2.88346815	2.79539251	2.71985674	2.58141351	2.45760822	2.34536862	2.24301720	2.15027189	2.13630342	2.18957090	2.25308657	2.30328703	2.35003543	2.38933349	2.38793778	2.36747670	2.33239365	2.26994824	2.19339967	2.16444325	2.16129923	2.16296911	2.14923692	2.17361498	2.21267867	2.24600124	2.24108195	2.15334439	2.09691453	2.07019639	2.02747059	1.94657886	1.82892466	1.72098947	1.60210967	1.45241249	1.27936113	1.11775494	0.998426139	0.899813890	0.796425998	0.681240499	0.565706670	0.475693733	0.405965179	0.339580566	0.273295730	0.217562631	0.184161618	0.158846691	0.136399463	0.120569766	0.124075837	0.119439855	0.139983371	0.135469422	0.105479434	9.94132534E-02	0.219961986	0.313877255	0.342266649	0.319821566	0.314817309	0.415714502	0.546448827	0.658313870	0.760056257	0.917875230	1.09963083	1.50855255	1.94093096	2.28060055	2.49893951	2.15734076	1.81235719	1.60861337	1.56093872	1.55436826	1.58519328	1.60533667	1.68015599	1.79710710	1.86574459	1.96458840	2.12388945	2.25453830	2.30574107	2.26502109	2.34726000	2.34225416	2.38775730	2.50427270	2.59505248	2.69879842	2.75557542	2.82933688	2.92417169	2.98430848	3.04105568	3.16628098	3.42415357	3.86336946	4.51714802	5.16502142	5.62461376	5.72906017	5.51874065	5.24128199	5.30833149	5.47729683	5.62169886	5.67490530	5.63012791	5.54651213	5.44756222	5.36874390	5.30329609	5.20223141	5.03557396	4.85001278	4.67058325	4.51370907	4.38719940	4.22371531	4.02961159	3.85682201	3.73600388	3.67653942	3.69722962	3.71085978	3.71746659	3.71059465	3.67729974	3.64981699	3.65556479	3.65465975	3.60745168	3.47452545	3.26238608	3.02212334	2.78427005	2.55300307	2.30614352	2.13810253	2.03341293	1.98343933	1.96487880	1.93976057	1.83925271	1.68960464	1.49431705	1.29147816	1.15376151	1.06366444	0.935414255	0.777825236	0.617486238	0.498760521	0.414936483	0.343671888	0.286433160	0.242005959	0.206495300	0.173480242	0.160457730	0.156049103	0.156619236	0.166276664	0.127816349	0.138112605	0.165635660	0.208618566	0.295057327	0.343093455	0.414739758	0.476519078	0.509550750
35.0000000	0.586683333	0.622981250	0.589617550	0.520608425	0.437473923	0.349237949	0.406910092	0.414306700	0.424768925	0.435201198	0.386071056	0.424353987	0.435293823	0.434048325	0.427710682	0.415310144	0.408172250	0.400886595	0.396153092	0.393243581	0.388002038	0.397522539	0.386962861	0.400004804	0.414053679	0.340238303	0.265872538	0.238294497	0.236024976	0.242001846	0.243580326	0.275717616	0.256145656	0.232204914	0.238113314	0.294966519	0.264123321	0.167814136	8.15063864E-02	3.63224447E-02	1.90395731E-02	2.29029097E-02	3.39607932E-02	4.16361578E-02	4.53658439E-02	5.46005815E-02	5.23091741E-02	5.77616766E-02	5.83537705E-02	5.08267693E-02	4.12675999E-02	2.66680270E-02	1.74045749E-02	1.13352742E-02	7.25576328E-03	4.89928899E-03	4.35653189E-03	3.86239938E-03	3.49074998E-03	3.18942918E-03	2.78026587E-03	3.42801888E-03	8.63640849E-03	1.49577260E-02	2.33122800E-02	3.89884114E-02	5.58122918E-02	7.30043054E-02	0.104587562	0.176050767	0.324348181	0.805794477	1.64724123	2.76105237	3.76866055	4.00056982	3.08761621	2.49121022	2.23879099	2.28410506	2.50720596	2.62958193	2.71060801	2.78045058	2.80306983	2.67622328	2.69005704	2.83139014	3.06023836	3.40714478	3.97317982	4.60770559	4.88105536	5.16646624	5.49186134	5.53985310	5.55133915	5.37922812	5.22908354	5.25703478	5.56977797	6.11154509	6.84800148	7.17570162	6.93377876	6.40394545	5.82181358	5.41286421	5.15056849	4.97463083	4.79099417	4.67839146	4.61935568	4.15717936	3.39485931	2.99510336	2.95599341	2.88332677	2.87945390	2.95067215	3.00722623	3.05015540	3.14297533	3.22477412	3.20849299	2.98092437	3.21061015	3.57928634	3.93696499	4.22832680	4.49271822	4.63220739	4.81131411	4.95135450	5.02271891	5.04487133	5.62381363	6.80443144	8.01569176	8.64833355	8.05486202	7.51430798	7.01983833	6.63267279	6.36239243	6.16694260	5.97446251	5.79701853	5.60089445	5.38126087	5.16217375	4.86435556	4.63453674	4.48903465	4.43373013	4.46406984	4.47640562	4.44240856	4.40511465	4.38981485	4.40405607	4.38068819	4.43429184	4.45741940	4.39637327	4.25120592	4.14086199	4.06346893	4.03562927	4.01937056	3.92213869	3.80000782	3.65015221	3.52773380	3.43654943	3.32903481	3.25503922	3.21280622	3.18661189	3.13913226	3.01144505	2.92295456	2.88710332	2.84655190	2.77988482	2.70160866	2.59138036	2.48221469	2.37294507	2.27773309	2.22606730	2.24519396	2.30570102	2.35304260	2.37354231	2.39439440	2.38510132	2.34708977	2.29664540	2.24194717	2.18306613	2.13813734	2.14416981	2.19135427	2.24509501	2.24601197	2.22089338	2.22063279	2.21902299	2.18772531	2.09626889	2.09686351	2.05384350	1.97334671	1.85916197	1.71273136	1.57251930	1.43421435	1.28695393	1.13109112	0.978195667	0.881029308	0.807444811	0.726105869	0.625055432	0.511716008	0.429259092	0.357417464	0.293674707	0.237754762	0.191621989	0.165121987	0.138858154	0.114514761	9.84896496E-02	0.101894245	0.102015913	0.121687576	0.125551149	0.105170265	7.90301636E-02	0.149633825	0.233239785	0.272645772	0.267000109	0.271801710	0.351509750	0.559823036	0.775460422	0.947284997	1.09430420	1.22974193	1.44175649	1.69489598	1.90898550	1.95912755	1.81102407	1.67844164	1.58705652	1.53613186	1.49851632	1.50440896	1.51896048	1.59168470	1.70597410	1.77909911	1.88263547	2.03336596	2.16439605	2.25147176	2.31298137	2.41120338	2.45764661	2.48485112	2.51938248	2.58183408	2.73043084	2.90485144	3.08229327	3.20082307	3.15937805	3.43988633	3.70797658	4.10265255	4.63114738	5.16891956	5.57439566	5.71565247	5.62706614	5.42115402	5.28857231	5.36575508	5.47536278	5.55252838	5.55883932	5.48233747	5.38781404	5.27874565	5.15636063	5.01763439	4.85529041	4.65598011	4.45024967	4.26395798	4.11546135	4.01561308	3.89857388	3.73516369	3.60863018	3.55485773	3.56236482	3.58522582	3.64224124	3.67415190	3.66622376	3.64825106	3.69252753	3.71060252	3.65855622	3.51472735	3.27971268	3.03533220	2.80280042	2.56894898	2.32912254	2.08717680	1.96163905	1.89657605	1.86714756	1.84422839	1.79440832	1.70145321	1.55048847	1.35561419	1.15795720	1.02567220	0.927353442	0.806402385	0.677057743	0.558307827	0.473889828	0.389472097	0.312371731	0.252733529	0.212048560	0.183154032	0.154788956	0.141326815	0.130854994	0.121464983	0.121252231	9.48538408E-02	0.121343188	0.165846348	0.242304236	0.413472682	0.412254035	0.420978963	0.448286384	0.480217844
34.0000000	0.417458177	0.372769952	0.335790157	0.280770987	0.211519480	0.161397532	0.150837347	0.137824222	0.146026567	0.182475075	0.237562880	0.301231146	0.322901279	0.329318166	0.336165369	0.348064572	0.324757457	0.298358381	0.279659361	0.273884892	0.280691832	0.307751924	0.309307843	0.308550864	0.298016757	0.239585429	0.204454675	0.184402153	0.178363264	0.180598691	0.180694491	0.195400119	0.195415184	0.199410602	0.217847034	0.252974719	0.200424045	0.114174604	4.77414839E-02	1.82890631E-02	6.63096178E-03	1.33453161E-02	2.08125208E-02	2.97263525E-02	3.82635705E-02	4.20839116E-02	5.24820238E-02	7.69768059E-02	9.30771753E-02	8.98745582E-02	6.80429637E-02	3.94719392E-02	1.73236709E-02	5.99687267E-03	3.85352666E-03	3.21888807E-03	3.23559996E-03	3.77194840E-03	3.78008070E-03	3.11346399E-03	2.52688746E-03	4.99978522E-03	1.46120423E-02	2.15833969E-02	2.82368362E-02	4.89985906E-02	5.95991686E-02	0.128097355	0.322226644	0.643407762	1.02674842	1.68864870	2.49473023	3.40874481	4.21129799	4.49984455	3.67292166	3.00699520	2.52455044	2.28842783	2.40182567	2.38740873	2.31675005	2.30160022	2.35236263	2.37809253	2.47261906	2.59921241	2.75809026	2.98560762	3.35425782	3.86210608	4.24260807	4.49846125	4.66797686	4.82507849	4.87243128	4.79442978	4.80856085	5.03907776	5.51700163	6.19568729	7.39787483	8.20496845	8.15686893	7.25197840	5.97589779	5.19592428	4.71506310	4.43935966	4.37790966	4.26567507	4.07847548	3.63576603	3.04462743	2.69976830	2.65402269	2.63365149	2.66292524	2.75747561	2.92429495	3.04535389	3.14208198	3.25588059	3.37869358	3.45300245	3.61695266	3.82619190	4.07936144	4.32811165	4.47710133	4.53252602	4.76288366	5.27064848	5.89515209	6.21258450	7.05392075	8.21171474	8.89093304	8.67748928	7.53824472	7.02600002	6.49783850	6.10016727	5.87594509	5.76468563	5.57336283	5.34460783	5.09390354	4.84078503	4.60883999	4.34781075	4.19121599	4.11640406	4.09816265	4.10871840	4.13503170	4.11957645	4.09501934	4.08609915	4.10962534	4.11864662	4.16197348	4.15778112	4.06984806	3.90755439	3.75848460	3.67838287	3.66728330	3.67250729	3.58866382	3.52851105	3.44223189	3.37637424	3.32198215	3.21459365	3.13532424	3.10512018	3.06856823	2.99453092	2.87614465	2.86017752	2.88039708	2.88913035	2.87063980	2.84112358	2.77362108	2.67453909	2.58509016	2.52188301	2.47692323	2.50253749	2.49888992	2.47401810	2.43521404	2.38902831	2.30355096	2.23019886	2.18636155	2.16943789	2.15683794	2.13872218	2.17881918	2.24623537	2.29244828	2.25130701	2.17844844	2.16202021	2.16491866	2.15238166	2.09198523	2.08159685	1.99996650	1.87469804	1.72840023	1.57868564	1.41719365	1.27318263	1.13198853	0.995371640	0.881515682	0.799480319	0.729613900	0.649892688	0.556102276	0.461837560	0.382990390	0.313720375	0.256124288	0.210452497	0.175108984	0.146473333	0.120356187	9.86396596E-02	8.56393948E-02	8.81046355E-02	8.81802142E-02	9.76635218E-02	0.111684613	0.113204636	7.30158016E-02	0.113407314	0.170008346	0.211463451	0.228267744	0.232766822	0.307223201	0.483964294	0.711040616	0.950636923	1.17907202	1.29749465	1.47671545	1.63284457	1.70532238	1.65691864	1.60497963	1.59439170	1.58754790	1.55723655	1.48664296	1.44355452	1.46199191	1.52707744	1.61942291	1.71512842	1.81310248	1.92415321	2.05916715	2.19497418	2.27434802	2.36144781	2.42962837	2.48932743	2.55416250	2.64093304	2.79418063	3.07152605	3.30316067	3.47533178	3.73034453	4.14425135	4.33872652	4.57756376	4.97518444	5.49664211	5.69303989	5.62880707	5.44734621	5.27770996	5.23460531	5.29589081	5.36237383	5.40590811	5.40314579	5.33553886	5.16611147	4.94678164	4.72887230	4.53139591	4.34105110	4.15684700	4.00679159	3.88536358	3.78831720	3.71268034	3.67247820	3.57334304	3.50242138	3.48733163	3.49616528	3.49957418	3.54837227	3.59044528	3.61423850	3.64875412	3.68384457	3.63639927	3.49112773	3.27595305	3.06201339	2.82137513	2.58203745	2.33666229	2.10321569	1.92497003	1.83989561	1.77225876	1.71774030	1.67010736	1.62121499	1.53225911	1.39517033	1.23355770	1.07755280	0.963810027	0.843456030	0.712739408	0.594089806	0.497237712	0.419214427	0.352547407	0.288780123	0.236584738	0.197980031	0.168331295	0.138298228	0.121676087	0.110555388	0.103305914	0.104576737	9.64723080E-02	0.121090576	0.172834009	0.292940915	0.569485545	0.528389931	0.480422586	0.435644627	0.406171113
33.0000000	0.253727436	0.224885151	0.186214209	0.143620089	0.101086810	6.06769398E-02	4.66501750E-02	4.14521731E-02	4.47253361E-02	6.07738569E-02	9.85637382E-02	0.168940142	0.207631752	0.234082073	0.260521472	0.291967243	0.281805754	0.251476139	0.224682897	0.215191752	0.226829365	0.226300552	0.217058107	0.206343010	0.193328470	0.169119939	0.169659853	0.167584777	0.164590150	0.163032144	0.165927649	0.179301947	0.180193081	0.182626307	0.189075336	0.190462455	0.115138903	6.21008277E-02	2.79541593E-02	9.80693661E-03	5.26939100E-03	9.49141197E-03	1.36251980E-02	2.09724642E-02	3.12527716E-02	4.06035408E-02	6.88777715E-02	0.104978524	0.138952479	0.148176014	9.73552018E-02	5.70209250E-02	2.45990362E-02	7.47363130E-03	4.56687622E-03	6.33902894E-03	9.36266407E-03	9.71377641E-03	8.48990865E-03	7.39123207E-03	8.72053765E-03	1.64547376E-02	2.85945274E-02	4.58285511E-02	8.47821236E-02	0.178017214	0.228857324	0.336761266	0.732608438	1.32688677	1.70969224	2.05914903	2.17051959	2.44769764	3.10752821	4.17981052	5.64612341	4.83319044	3.62804103	2.89304328	2.46590495	2.20265841	2.09000230	2.11517906	2.21538138	2.27775168	2.40043092	2.58848929	2.76762843	2.96145391	3.29147792	3.63874769	3.86755037	4.08203268	4.32587957	4.58231640	4.52211809	4.42293453	4.48645926	4.75605822	5.11677599	5.91241980	7.45039988	9.13441563	9.99440670	8.68655872	6.33715439	5.17881155	4.43568182	3.86128855	3.73853230	3.76528144	3.41192889	2.96512008	2.61479354	2.45417905	2.47443986	2.48150992	2.50156879	2.57978535	2.78031588	3.06921101	3.24579787	3.43363571	3.67868924	3.94933009	4.16462517	4.31630898	4.47397470	4.65404272	4.81975746	5.06844282	5.86874580	6.73270130	7.23501158	7.01304960	7.16453028	7.37491798	7.50810719	7.43899107	7.05346298	6.47947168	5.98209047	5.63869715	5.44264984	5.30328798	5.03623724	4.74759960	4.48342752	4.27256203	4.12663651	3.98307323	3.89842463	3.85054898	3.81805611	3.78030968	3.83396173	3.83457637	3.82145166	3.82367229	3.86011052	3.90182352	3.89005947	3.80924225	3.66531205	3.48572493	3.36548042	3.32101560	3.36754608	3.46584535	3.52224350	3.54329228	3.47952867	3.39013577	3.29734945	3.18645787	3.14958978	3.11766911	3.04153848	2.92411065	2.82037187	2.79090261	2.83393407	2.92198849	3.02530956	3.11186361	3.06785488	2.97659659	2.89158559	2.83747602	2.81008029	2.77610016	2.69891810	2.60243893	2.49842906	2.38651609	2.28284359	2.21701503	2.19236422	2.18845248	2.16106749	2.14111376	2.18871546	2.23945117	2.24200940	2.15819025	2.08795428	2.09037757	2.11527395	2.12243652	2.08163953	2.00771618	1.86261559	1.70430553	1.56576443	1.45498097	1.31201303	1.17156065	1.03780603	0.920284390	0.833884537	0.760137796	0.674304962	0.585245013	0.497910559	0.413347512	0.339581937	0.278673887	0.231950417	0.195886239	0.162103519	0.132057190	0.108946018	9.02930796E-02	7.83917680E-02	8.03058371E-02	7.88417906E-02	8.07817951E-02	8.55284259E-02	8.82192776E-02	7.97268897E-02	0.105120577	0.121045373	0.145033851	0.177752793	0.203003198	0.280649513	0.382654965	0.524485528	0.744200766	1.10245347	1.29030955	1.46247876	1.55153322	1.53779626	1.44934249	1.43977463	1.48601830	1.50664079	1.47234261	1.40595615	1.42114317	1.44104052	1.48368192	1.55752695	1.66146088	1.75090230	1.84671617	1.94651747	2.04215240	2.11969757	2.24495196	2.35406780	2.49317980	2.64640594	2.73584557	2.93213010	3.12494326	3.43693328	3.90539432	4.48227119	4.81264544	4.94308329	5.12611771	5.42656088	5.72150660	5.66866159	5.47096586	5.27278376	5.15632963	5.14167023	5.18163157	5.23535872	5.27282953	5.25973558	5.15748549	4.86349201	4.55546713	4.29230404	4.09267569	3.93503404	3.77373838	3.66621637	3.59056330	3.54099560	3.52785540	3.54571867	3.48955250	3.44782424	3.44122720	3.42268085	3.38390565	3.38941526	3.43281698	3.49334121	3.53584170	3.50607443	3.38804674	3.22035384	3.03533363	2.85907078	2.59546351	2.35211015	2.11810756	1.91613269	1.80244040	1.75242043	1.71461999	1.65796161	1.57277107	1.47077799	1.36613250	1.23825347	1.10717344	0.981932819	0.860581577	0.732878327	0.622018814	0.524448812	0.440133452	0.372557253	0.320060253	0.266214281	0.219998121	0.184070945	0.154772460	0.124363080	0.105470203	9.32192579E-02	8.88640881E-02	9.97868851E-02	9.91775542E-02	0.110459745	0.200434700	0.382663906	0.617468953	0.516809046	0.429595590	0.362670988	0.324332446
32.0000000	0.152253583	0.120896682	9.32297930E-02	7.03920200E-02	5.13932444E-02	3.31141055E-02	2.62283944E-02	2.55451091E-02	2.84279734E-02	3.39021832E-02	4.26543728E-02	7.12831989E-02	0.100272499	0.133482948	0.164852858	0.178398177	0.225088418	0.217920884	0.194077253	0.173889488	0.160839960	0.101041071	8.43997747E-02	9.15965289E-02	0.111611418	0.141724125	0.136057928	0.143348575	0.153244406	0.160740897	0.166180611	0.164594427	0.154840171	0.146931127	0.138878658	0.116692387	5.97443432E-02	3.08516175E-02	1.69390980E-02	1.04566757E-02	9.37923882E-03	9.86013468E-03	1.19887013E-02	1.46060921E-02	2.13573799E-02	4.06915583E-02	6.42809197E-02	0.117847793	0.168711379	0.189232960	0.156815797	8.80260319E-02	4.92587648E-02	2.76344065E-02	1.88089274E-02	2.69738436E-02	2.86350064E-02	2.94507183E-02	2.77938582E-02	2.56075710E-02	2.84052752E-02	4.06392440E-02	5.12285344E-02	9.45724547E-02	0.182665318	0.305096596	0.461424321	0.615783632	0.991017818	1.50254965	1.75838101	1.74610293	1.58597267	1.78244245	2.51805305	3.65343451	6.30358553	7.93032503	7.54988098	5.64619350	4.17091417	3.30529714	2.92162514	2.79752088	2.74402690	2.60560441	2.60897255	2.69644475	2.81577945	2.98553419	3.29506350	3.53803158	3.71379328	3.89661050	4.07222366	4.13784742	4.02838707	3.96526670	4.06364107	4.28890896	4.45671272	5.62571001	7.94610071	10.5468054	11.2479095	6.56066036	4.87782383	4.02904272	3.55675650	3.27275848	3.25819612	3.52384830	3.00179815	2.55111670	2.44451404	2.36833692	2.41730785	2.47372437	2.54171014	2.62813735	2.74262476	3.05563068	3.36130881	3.63359427	3.88725066	4.17787075	4.43924284	4.63711357	4.83343363	5.08667421	5.45182085	5.87673903	6.56589127	6.96693468	6.89000463	6.50771093	6.67415333	6.91682005	7.00149345	6.81190968	6.34976149	5.83409023	5.39038754	5.09425735	4.91922522	4.73673630	4.43648338	4.16235638	3.95858836	3.84030986	3.79354572	3.69005060	3.62574124	3.60849190	3.63520718	3.69181776	3.76127195	3.74621439	3.70100188	3.67667365	3.72095227	3.78656340	3.74695420	3.62341285	3.45462799	3.29668880	3.22620535	3.21860266	3.32352281	3.51525831	3.69275069	3.70507979	3.61547732	3.48862123	3.36381435	3.25498080	3.25931048	3.23304510	3.14809132	3.02528787	2.93440461	2.93004537	2.98040462	3.06309915	3.16515446	3.28300428	3.26852465	3.23781443	3.19458270	3.14467621	3.09607911	2.99447083	2.87231493	2.73079515	2.58605981	2.46922040	2.37843013	2.30712152	2.25655627	2.21501613	2.15780377	2.16629744	2.19627714	2.19897366	2.15078688	2.05328560	1.99731052	2.01906872	2.05970216	2.07384896	2.02964211	1.85448372	1.65809357	1.50204825	1.40225780	1.32896721	1.21370161	1.09048676	0.973318636	0.874827504	0.806277990	0.719803512	0.628223956	0.540657759	0.456466556	0.365255058	0.301452488	0.261516094	0.228111029	0.191807896	0.151082575	0.121315315	0.101219416	8.57019499E-02	7.43435323E-02	7.13982731E-02	6.84525743E-02	6.54565170E-02	6.47733361E-02	6.76319972E-02	7.41271600E-02	8.28689933E-02	9.75437909E-02	0.112219431	0.134736061	0.186706096	0.298676252	0.407563567	0.560656488	0.791833282	1.12156153	1.26453626	1.36241126	1.38557673	1.35915184	1.36298609	1.33257186	1.32568741	1.32669067	1.31833303	1.28175938	1.30327845	1.31417859	1.37150407	1.48304355	1.60733104	1.74848449	1.85418713	1.93171394	2.00380015	2.10864162	2.31419206	2.50339365	2.69120526	2.85771179	2.94812608	3.10594964	3.28873801	3.76486993	4.44114780	4.86279917	5.11176586	5.37181425	5.54791594	5.60347176	5.56030798	5.37037277	5.16577578	5.04808140	5.04389668	5.10487270	5.18495893	5.25190163	5.28086805	5.22428179	5.01182747	4.64379787	4.30926561	4.04260015	3.85092497	3.71411562	3.52825785	3.40281081	3.34338951	3.34659863	3.40003085	3.47821641	3.46930099	3.43198633	3.37628388	3.26351619	3.18131399	3.17528224	3.21709728	3.26782751	3.27793479	3.19286895	3.03540707	2.86971664	2.71366286	2.53880405	2.27117515	2.04929709	1.86906719	1.73345256	1.65248930	1.63144910	1.61772346	1.55516040	1.43269956	1.28437054	1.16970706	1.06617844	0.956920564	0.840392053	0.730374992	0.625454605	0.537161767	0.455781400	0.380973607	0.321773857	0.279428273	0.229771674	0.188130841	0.158857450	0.135327876	0.108530939	8.89781937E-02	7.64917508E-02	7.17550516E-02	7.63128325E-02	7.81038627E-02	0.143910512	0.242844775	0.339041322	0.391657442	0.315024525	0.251242071	0.205193341	0.180744484
31.0000000	8.00900459E-02	6.98182583E-02	6.32658303E-02	5.34676164E-02	3.81171219E-02	1.95664912E-02	1.86205562E-02	1.90407038E-02	2.01651659E-02	2.20592637E-02	2.55154055E-02	3.96500118E-02	5.00744358E-02	6.63706809E-02	8.32892060E-02	8.07488114E-02	0.122723326	0.125148714	0.128859833	0.135008916	0.105065443	4.52751890E-02	3.08184661E-02	3.98192927E-02	5.88220656E-02	8.27915743E-02	6.96728379E-02	7.46712461E-02	8.68226439E-02	9.69258398E-02	9.75426510E-02	8.25165957E-02	7.34542534E-02	6.99029043E-02	6.57614768E-02	4.92805205E-02	2.60263309E-02	1.66847408E-02	1.42964460E-02	1.36594055E-02	1.13288444E-02	1.00079700E-02	9.58203897E-03	9.50174779E-03	1.24607580E-02	2.43956838E-02	4.27079611E-02	9.49339718E-02	0.156081259	0.220286772	0.300816834	0.233981863	0.145546317	8.88136625E-02	7.42677748E-02	6.95729628E-02	5.55511937E-02	4.37916666E-02	4.00443822E-02	4.48329635E-02	5.34547046E-02	6.14769645E-02	8.80805925E-02	0.138105050	0.209027633	0.290963322	0.508439958	0.765697002	1.10515440	1.42620695	1.48522508	1.40714407	1.31084836	1.47917533	2.00481415	2.79030657	4.68062305	8.10357952	11.3172245	12.2348480	8.42499352	6.60316610	5.21089983	4.25865936	3.67712355	3.31718278	3.14810538	2.99982357	2.89961386	2.92570066	3.20725870	3.41153431	3.51735544	3.85481334	4.36260891	4.58805513	4.28884315	3.94406581	3.80344653	3.89604020	4.03023052	6.06182909	10.2035017	11.5575027	8.59380054	3.15007663	2.98375201	2.64379716	2.63282585	2.96622801	3.17216945	3.51223445	2.92534137	2.48321128	2.46482277	2.35641193	2.46646905	2.57472801	2.67814827	2.79020119	2.94087100	3.18416429	3.54270792	3.81604123	3.98674202	4.22042274	4.49033546	4.79679537	5.16027069	5.57265186	5.99724817	6.26600170	6.29898834	6.11684561	5.85025501	5.73994350	5.91310501	6.10866642	6.14603424	5.94544125	5.52794218	5.12255621	4.84730911	4.67343378	4.53624010	4.33511925	4.04183006	3.81673074	3.68388987	3.63759470	3.64235020	3.53230977	3.48870420	3.51788926	3.60609388	3.71942186	3.78270340	3.76696301	3.72111678	3.69361854	3.73245645	3.83182883	3.81831241	3.70407581	3.53262353	3.37879467	3.30053854	3.30237865	3.42256093	3.62910986	3.81982899	3.82747960	3.76974082	3.69689178	3.62139940	3.51792049	3.49414110	3.48041868	3.43147922	3.34539175	3.26356816	3.30275369	3.36827922	3.39826727	3.39302468	3.41504073	3.42651486	3.45922971	3.48206401	3.46589804	3.38361049	3.22906494	3.06248379	2.88507605	2.71286821	2.57670403	2.46783161	2.39310145	2.33432364	2.28204489	2.23554897	2.25087047	2.23204160	2.17252994	2.08498526	2.00124192	1.96780932	1.98650241	2.01693964	2.00835323	1.89959157	1.65848303	1.46911836	1.34502196	1.27000809	1.19818032	1.10292637	0.997208893	0.900735021	0.821800113	0.757286966	0.670461416	0.594671369	0.511852384	0.419863343	0.332486272	0.293964773	0.271332413	0.239418715	0.191945091	0.141524866	0.111670732	9.20007974E-02	7.85141811E-02	6.90116882E-02	6.30958453E-02	5.84674105E-02	5.36851697E-02	5.08029498E-02	5.13938963E-02	5.65504730E-02	6.58149570E-02	7.79244155E-02	8.29767138E-02	9.87691954E-02	0.170798674	0.317197233	0.456619233	0.620269656	0.874646604	1.32154107	1.37032890	1.36950302	1.33456516	1.32737184	1.45613337	1.40652561	1.30571568	1.26631999	1.29193568	1.27713954	1.25050008	1.27119279	1.37192869	1.53580022	1.69628108	1.91920602	2.07124496	2.20170164	2.34839845	2.53767610	3.09660673	3.37140131	3.45633364	3.38367701	3.12370157	3.23878384	3.46236801	4.08333731	4.84954596	4.96781683	5.37517166	5.63105440	5.62050676	5.39401770	5.16752577	4.97044420	4.82807493	4.80207157	4.89348698	5.04277515	5.19301319	5.28343105	5.26773739	5.10914660	4.78037834	4.41575575	4.13034582	3.90047431	3.70738935	3.53726649	3.39090753	3.29177666	3.26045752	3.29041648	3.34800887	3.37321687	3.36939096	3.32017279	3.22184944	3.08335018	3.00467348	2.98442912	2.98431802	2.97839260	2.95305276	2.81611657	2.63633752	2.47582054	2.33786297	2.16695261	1.91595888	1.73810399	1.62199068	1.54571116	1.47684765	1.43069017	1.38589025	1.30401194	1.18456340	1.06499743	0.978965044	0.895321906	0.803574979	0.706831396	0.621798515	0.548299968	0.462601006	0.382579327	0.319793701	0.279483825	0.241394490	0.196194038	0.160613388	0.137159050	0.114113286	9.04757380E-02	7.18911365E-02	5.89126162E-02	4.93083708E-02	3.80616635E-02	6.03066720E-02	0.145429477	0.218471676	0.252847075	0.270341516	0.201508790	0.150171146	0.112471014	9.00502652E-02
30.0000000	6.29843995E-02	6.00735955E-02	6.04551956E-02	5.38805239E-02	3.75997014E-02	1.63616277E-02	1.33167030E-02	1.21828392E-02	1.32026793E-02	1.64188221E-02	2.16738340E-02	2.37527695E-02	2.43181698E-02	2.82514300E-02	3.60873714E-02	4.40142490E-02	5.49017861E-02	5.17763831E-02	5.69493957E-02	6.66663274E-02	5.11067398E-02	2.19055638E-02	1.28321480E-02	1.48619199E-02	1.93827767E-02	1.81951057E-02	1.72655024E-02	1.98191889E-02	2.48841289E-02	3.06577720E-02	3.45070586E-02	3.29017825E-02	3.10672559E-02	3.28382142E-02	3.64562124E-02	3.45695727E-02	2.93732136E-02	2.96545420E-02	2.82217432E-02	2.33599637E-02	1.88313033E-02	1.57898441E-02	1.17110088E-02	1.03277825E-02	1.35224741E-02	2.13267170E-02	3.99329811E-02	7.23156035E-02	0.131861106	0.225120321	0.351808488	0.439622134	0.369253814	0.266345561	0.191603884	0.140799105	0.102535106	9.97850001E-02	0.112679146	0.125471070	0.126537353	0.133314252	0.156780407	0.196962550	0.259611368	0.356201559	0.566719711	0.843452096	1.12689888	1.31571054	1.26668763	1.24089813	1.25555110	1.41061664	1.75362456	2.27966523	3.21097708	4.87129974	7.81518221	11.3978634	13.7752781	15.0331202	12.0445967	8.58839130	6.36005926	4.97201872	4.27536106	3.76284647	3.38989162	3.19282460	3.28888583	3.40319777	3.40691924	4.36134243	6.69468832	10.2021065	8.32664490	5.89131546	4.22217321	3.73495507	3.93508101	6.23478222	10.2044182	10.0590763	5.70109844	2.72007179	2.50513577	2.28383183	2.24544263	2.47859240	2.97124839	3.08772230	2.70593405	2.42818308	2.42416501	2.43097186	2.55417800	2.66241431	2.80328870	3.01802778	3.34148216	3.86943173	4.11489868	4.14360476	4.11251354	4.26983452	4.64269733	5.07997322	5.53694916	5.94835329	6.22835541	6.27237844	6.02178860	5.64830732	5.32434177	5.22298002	5.31390619	5.36000252	5.30082941	5.12574244	4.87388897	4.66934395	4.55955887	4.47150898	4.35386753	4.17700672	3.90477943	3.69620466	3.63364577	3.69533896	3.75539708	3.63837457	3.59259319	3.62851954	3.71696591	3.78908873	3.85025930	3.84563947	3.81934834	3.80490470	3.82522416	3.94660878	3.97657585	3.91250110	3.76968455	3.58135366	3.45366311	3.46503282	3.58767915	3.77502513	3.96169853	4.02040768	4.02693605	4.01764393	3.98921752	3.89867020	3.85842228	3.86992025	3.85340786	3.78783941	3.71087766	3.76265407	3.84721017	3.84387064	3.74285555	3.64528656	3.65332866	3.69140005	3.72287703	3.70874429	3.60759592	3.40330386	3.18893957	2.97797322	2.78716183	2.63655257	2.54973030	2.50852346	2.48558378	2.45769715	2.40578318	2.34395647	2.25951529	2.16522503	2.07766604	2.01723361	1.98219740	1.97490704	1.96665156	1.90717936	1.72469723	1.48820186	1.33800983	1.24368453	1.17479432	1.10091174	1.01432383	0.923820436	0.838451684	0.762756109	0.696760893	0.632074058	0.564121723	0.482205153	0.395377666	0.332444608	0.311970353	0.292857528	0.253307581	0.192660809	0.131396607	0.102889538	8.44768807E-02	7.18327612E-02	6.20660894E-02	5.37205786E-02	4.92942668E-02	4.45918143E-02	4.13665324E-02	4.10947576E-02	4.49759066E-02	4.95159961E-02	6.21893927E-02	6.90980032E-02	8.04139897E-02	0.130379841	0.275189787	0.432880253	0.625015318	0.940825284	1.53720653	1.71845019	1.72121024	1.68592656	1.65805972	1.58809018	1.47566307	1.42372882	1.42550015	1.42772508	1.33068848	1.26483095	1.36351144	1.55917037	1.85210514	2.31047106	2.73728609	2.99974227	3.22622991	3.49131107	3.81572056	4.32767010	4.53727293	4.53366709	4.38070345	4.11694527	4.12954044	4.06946325	4.41252995	5.04551029	5.26613283	5.67527199	5.65422773	5.35113573	4.95740747	4.70772982	4.61187696	4.56100607	4.60830021	4.75364208	4.94361067	5.03967285	5.09266949	5.02123737	4.80799627	4.49954796	4.22935915	3.99506855	3.77550244	3.57471228	3.42197394	3.36465669	3.31585050	3.28376651	3.26839066	3.26148391	3.18206716	3.12151194	3.05082417	2.96754766	2.89576340	2.85998392	2.81383204	2.75663257	2.68173075	2.57648683	2.39810061	2.23301291	2.09650779	1.97038674	1.80296755	1.60950208	1.48558748	1.40170717	1.33221364	1.25532687	1.17196870	1.09372830	1.01432467	0.936737895	0.873210013	0.822278202	0.756036520	0.682706952	0.608469844	0.537463665	0.468703419	0.392635971	0.326704055	0.281109303	0.258812368	0.224548757	0.182611331	0.148164913	0.122986786	9.54668969E-02	7.57538900E-02	5.97854257E-02	4.89029549E-02	4.02625762E-02	2.68350746E-02	4.89372574E-02	8.64976421E-02	0.114888959	0.128565282	0.141061947	0.108865820	8.87644365E-02	7.44942650E-02	6.51413500E-02
29.0000000	6.91786557E-02	7.30408877E-02	6.98203892E-02	5.79700992E-02	3.94216590E-02	1.95853040E-02	1.21709034E-02	9.93041787E-03	1.05907479E-02	1.29506290E-02	1.68806259E-02	1.51233748E-02	1.43655399E-02	1.41395703E-02	1.46407178E-02	1.67270526E-02	2.19279788E-02	2.23808363E-02	2.19119955E-02	2.07164697E-02	1.53579321E-02	8.43113940E-03	4.61588847E-03	3.61864641E-03	3.86099517E-03	2.47963262E-03	3.72824888E-03	4.45430353E-03	5.66485059E-03	1.16737969E-02	3.01019084E-02	3.22237127E-02	3.63894813E-02	5.33228442E-02	8.31547305E-02	0.115423404	0.114879757	9.13859680E-02	6.51493445E-02	4.63781394E-02	3.52818407E-02	3.22509296E-02	2.61125490E-02	2.13482119E-02	2.08019614E-02	2.56804004E-02	4.51017171E-02	7.38939792E-02	0.124119900	0.201866880	0.307247013	0.449373990	0.485151291	0.455757320	0.395992875	0.334280998	0.292692930	0.275810570	0.272126496	0.265759379	0.236454293	0.253143370	0.272867054	0.326317251	0.427536845	0.573919594	0.777270436	1.00218737	1.14037168	1.17330337	1.17224050	1.18942976	1.28281999	1.46283650	1.74722397	2.16104650	2.58385801	3.13498783	4.11313295	5.80998135	8.51021290	13.4169989	18.2046490	19.0705700	15.8311501	11.9217758	9.18624878	7.08996487	5.91037750	5.51141834	5.34349442	5.38932180	5.55066729	8.98498917	15.5831347	21.9693413	18.5926971	13.1572409	8.39161587	5.83875942	5.85590076	6.62131119	8.28382206	7.29288721	3.94592595	2.38832784	2.05300760	2.03485417	2.15301180	2.35742736	2.72885013	2.61106420	2.50767255	2.47280669	2.53036809	2.67402530	2.78972745	2.91611362	3.11018133	3.40510607	3.81024170	4.70758343	4.70015383	4.46414948	4.40122986	4.63851213	5.03888178	5.47847748	5.85102224	6.09535646	6.19543409	6.05682993	5.68415689	5.26626492	4.94834232	4.83191347	4.86179876	4.80305958	4.70339394	4.60466337	4.54289675	4.49768829	4.45572042	4.37727594	4.25130558	4.09542751	3.84304833	3.70769596	3.75160813	3.90632343	3.97267556	3.86912823	3.83976722	3.86300254	3.91432452	3.96630192	3.98943019	3.99458694	4.00367451	4.02195406	4.03804779	4.16706038	4.20213652	4.17874193	4.10677624	3.97058010	3.84855890	3.84482384	3.94862461	4.12478113	4.31369019	4.36305666	4.36430693	4.35791349	4.34532213	4.28894997	4.26001358	4.31871319	4.31550407	4.20896196	4.06578398	4.06400967	4.13630819	4.14275694	4.04844236	3.92345858	3.89833164	3.88381600	3.87929821	3.85251641	3.73955727	3.49745560	3.24815941	3.00707793	2.79999757	2.66308141	2.60773969	2.58934474	2.57668900	2.54675078	2.48469305	2.35869646	2.25461435	2.17545891	2.11254025	2.04546642	1.96683645	1.92227995	1.86821079	1.76028550	1.55340350	1.38575554	1.27909923	1.19585657	1.11416543	1.02787971	0.950452983	0.868503571	0.782519341	0.705234051	0.661627471	0.606789351	0.542193711	0.471811384	0.407340080	0.368203670	0.344000220	0.313052237	0.264379114	0.198718891	0.128527865	9.95426252E-02	8.11523348E-02	6.79773018E-02	5.72606586E-02	4.88684550E-02	4.42520380E-02	3.90349142E-02	3.56586687E-02	3.53057347E-02	3.78994346E-02	3.84530798E-02	4.86219861E-02	6.59589395E-02	8.31005946E-02	8.77674296E-02	0.166306168	0.334351152	0.570768714	0.953554392	1.65983260	2.22935081	2.21119022	2.07465053	1.97563863	1.75667048	1.55953729	1.57069433	1.65622532	1.65770864	1.39221525	1.35251677	1.67315304	2.17923546	2.72261238	3.18187094	3.49534655	3.77933502	4.08662415	4.42519569	4.75822687	5.02220678	5.17041445	5.19324160	5.11182928	4.97806406	4.93493414	4.78708553	4.78547096	5.07391024	5.68908978	5.69700813	5.35052347	4.91377258	4.57775259	4.46032381	4.47809601	4.51816368	4.59772205	4.70903683	4.81944036	4.85633516	4.85437250	4.74478388	4.52592230	4.26326418	4.12518501	3.94757628	3.73461676	3.51063967	3.32013226	3.28994107	3.26894999	3.22949147	3.16475606	3.08879232	2.93514585	2.82885504	2.74715948	2.68659449	2.66299152	2.65563130	2.62272906	2.54724550	2.42148542	2.24709892	2.09593463	1.96229398	1.82464027	1.67519951	1.51995957	1.38601315	1.28493321	1.20216870	1.12515283	1.04330230	0.966464579	0.895037830	0.831829488	0.777154267	0.728834987	0.693634748	0.646429598	0.586331069	0.517445028	0.448871166	0.388763547	0.329302490	0.280497015	0.246647716	0.226346850	0.192461729	0.157230318	0.124840677	9.70561951E-02	7.32155740E-02	6.15346618E-02	4.93098199E-02	3.93644758E-02	3.41800265E-02	3.58958282E-02	4.33335453E-02	4.83009890E-02	5.02724089E-02	5.36377355E-02	6.77025840E-02	6.23096786E-02	6.08926713E-02	5.87816648E-02	5.56839295E-02
28.0000000	7.24977404E-02	8.92507881E-02	8.32751989E-02	6.57527074E-02	4.45299894E-02	2.41185818E-02	1.38836857E-02	9.02350899E-03	8.96555558E-03	1.03960736E-02	7.26005109E-03	5.13512082E-03	4.58165258E-03	5.00293635E-03	5.65355644E-03	5.63938962E-03	7.50292186E-03	9.60252061E-03	1.02690021E-02	8.58490262E-03	4.38447995E-03	4.05917317E-03	3.08284862E-03	2.35959399E-03	2.13597529E-03	2.00103759E-03	2.60470668E-03	2.89711985E-03	3.89908650E-03	1.08935740E-02	3.34257036E-02	4.93454225E-02	6.88089058E-02	0.112183049	0.171413526	0.210025072	0.191542447	0.160624355	0.128441051	0.101210095	8.01963583E-02	7.59269521E-02	6.25936612E-02	4.78986241E-02	3.75256538E-02	3.51403020E-02	4.61431257E-02	7.59254172E-02	0.118188068	0.171778768	0.240692094	0.346780211	0.451320231	0.531972051	0.572153449	0.561039984	0.538101375	0.483807027	0.426539421	0.393736899	0.411893398	0.430278838	0.506649911	0.603877962	0.720557332	0.891005576	1.08532047	1.29199696	1.33926177	1.26158381	1.29967308	1.39451420	1.53208172	1.74647224	2.03806043	2.37349987	2.68483186	2.88298464	3.06912971	3.33842063	3.77999067	5.18608999	7.94691801	11.1212254	14.4713268	18.4630909	19.7000237	15.7938461	12.1966724	10.9930906	10.9001532	10.3971891	9.55413055	8.53647137	7.80101109	8.09585762	9.50395393	11.9537668	11.4047613	8.13071537	6.71972418	5.81966114	5.51154900	5.02726030	4.11886358	3.05862141	2.45739770	2.28010511	2.28466487	2.36407876	2.54642820	2.55410147	2.57374835	2.73093987	2.97357273	3.07187033	3.03230143	3.20657778	3.44369674	3.87280607	4.90320206	5.49124813	5.21955824	4.88963699	4.88172913	5.15481949	5.51009893	5.81997585	6.02995062	6.11299133	6.06953287	5.77994585	5.37622595	4.93587732	4.56669044	4.40673828	4.50601292	4.53789282	4.54951191	4.56550598	4.58801794	4.55062389	4.45898962	4.34665298	4.22231436	4.06984425	3.89340973	3.88889170	4.02783918	4.20683670	4.24750137	4.15163755	4.13445902	4.15812492	4.18726063	4.18896294	4.21272612	4.30343294	4.40738964	4.50206280	4.59608364	4.64094925	4.60756111	4.56860733	4.54215956	4.49167442	4.41571188	4.43228149	4.52485895	4.66183567	4.79652119	4.83506250	4.77776909	4.69259262	4.63884020	4.66717815	4.68494034	4.73536921	4.70564079	4.55038071	4.29166222	4.17404318	4.20819855	4.25659704	4.25352669	4.20509577	4.16384554	4.10190725	4.03827286	3.96322751	3.83834481	3.56910348	3.29755116	3.05149913	2.85503578	2.72852850	2.68550086	2.66204739	2.62354612	2.55207038	2.44639087	2.32576895	2.22663713	2.14501166	2.06821609	1.97488034	1.86232126	1.79801321	1.72670484	1.61513782	1.45204771	1.35644400	1.27018797	1.18033206	1.08338726	0.985322714	0.887200534	0.802039146	0.723132372	0.658932328	0.633048475	0.586587131	0.535658836	0.487530738	0.451496691	0.438876927	0.393418401	0.339632273	0.279846370	0.214972571	0.144506663	0.106648199	8.21516290E-02	6.57073781E-02	5.39402477E-02	4.54094112E-02	4.10919748E-02	3.59466970E-02	3.41095701E-02	3.54054384E-02	3.53480577E-02	3.35995778E-02	4.18633595E-02	6.05490804E-02	8.17613974E-02	8.92999470E-02	0.105060130	0.209782615	0.415656924	0.816352546	1.58701897	2.36194706	2.62790108	2.55659819	2.28742743	1.92745101	1.65379751	1.74112022	1.92048764	1.92542505	1.49191320	1.57005692	2.10233331	2.71358848	3.18383574	3.44825625	3.64233661	3.89188337	4.20349455	4.53535652	4.79724264	5.01582813	5.12122631	5.14518738	5.10328245	4.99490452	4.90769053	4.74180698	4.55046320	4.68067884	5.77328396	5.40301943	4.93029022	4.54636908	4.36288500	4.41182661	4.50339365	4.61107588	4.71400023	4.78041363	4.76768112	4.72399807	4.61018991	4.42099810	4.19880199	4.03361320	3.99815774	3.84640098	3.64395928	3.42887044	3.21159291	3.12872720	3.06945109	3.01222658	2.93753219	2.82786465	2.66085792	2.52478004	2.44594955	2.42869973	2.45537925	2.45891786	2.44308949	2.37264752	2.24754524	2.10293412	1.95865285	1.80825400	1.65203893	1.49426877	1.34316206	1.25427186	1.16434407	1.07866359	1.00207043	0.938960493	0.879245222	0.819337428	0.762332201	0.708465934	0.655116916	0.614539027	0.564348340	0.508347869	0.449199677	0.388424695	0.330023944	0.280849129	0.243076056	0.212330878	0.177689821	0.144947946	0.114052810	8.75263438E-02	6.63730204E-02	5.00798672E-02	3.97871621E-02	3.92269418E-02	4.01268415E-02	3.84761393E-02	3.45257260E-02	4.29311730E-02	4.28883471E-02	4.16255333E-02	4.30907682E-02	4.79518436E-02	5.41534834E-02	5.02904132E-02	4.72707786E-02	4.81548123E-02
27.0000000	7.95054585E-02	0.102505125	0.109320000	0.105326921	8.96100104E-02	5.49607500E-02	3.28567363E-02	1.95411406E-02	1.34052532E-02	1.05140144E-02	4.60600434E-03	2.26569432E-03	1.48005015E-03	1.86240266E-03	2.47985939E-03	1.85330561E-03	2.15571676E-03	2.95277243E-03	3.49457026E-03	3.22006969E-03	1.75709301E-03	2.62215431E-03	2.40860530E-03	2.21024663E-03	2.31375778E-03	2.19869614E-03	2.41482328E-03	2.70994869E-03	3.28532537E-03	7.03487126E-03	1.95451714E-02	6.12083897E-02	0.102171093	0.143807054	0.176303059	0.178658813	0.239542633	0.303982466	0.297231525	0.234681472	0.221863195	0.177602336	0.140563130	0.106722951	7.77967274E-02	6.12366609E-02	6.79289922E-02	9.36930403E-02	0.123742864	0.159445107	0.218319178	0.299122393	0.355807811	0.407299668	0.462057829	0.518078446	0.557642996	0.554929554	0.552604735	0.590364933	0.704937279	0.847914100	1.01361096	1.17679489	1.34208834	1.54396892	1.56153321	1.60309577	1.62067533	1.61416423	1.63132656	1.79456007	1.99832594	2.20316982	2.40115380	2.61585569	2.85478139	2.90576553	2.93080735	2.98256683	3.00436401	3.07366586	3.45492649	4.34580326	5.70433521	7.24894142	10.5972424	14.6590614	17.0893955	17.4330635	17.1246891	14.4626598	11.4576178	7.83592606	4.44113159	3.23397231	4.00651884	6.51738214	8.41196346	8.23728657	5.44198656	4.60888338	4.05811453	3.70218349	3.36906576	2.80221057	2.50272179	2.48126984	2.52456641	2.54662728	2.58876872	2.74720097	2.98754168	3.20783710	3.31021953	3.20090842	3.10491300	3.38531613	3.91798282	4.82975483	6.49844790	6.56523943	6.08854675	5.68023920	5.60003519	5.75550127	5.95121431	6.11427307	6.17283154	6.11817265	6.00471020	5.63032818	5.18927622	4.75969315	4.43968058	4.34729719	4.52417040	4.63419342	4.71581173	4.78142643	4.81739187	4.77509117	4.66997337	4.56102037	4.45109749	4.28695202	4.20616531	4.31525803	4.44954872	4.51211929	4.47381592	4.41878319	4.46673012	4.55672693	4.62716866	4.61577177	4.63717127	4.78310394	4.95923662	5.12126732	5.27492666	5.26292896	5.18630695	5.10349178	5.04331636	5.00500774	4.96281004	4.99324131	5.08691645	5.20596027	5.28400421	5.25386524	5.14698172	5.01789808	4.92609453	4.93599033	4.97335863	4.98940229	4.93712282	4.77866173	4.48530293	4.32077456	4.29242849	4.34198523	4.39454365	4.35858059	4.32063723	4.27200031	4.20802641	4.12442732	4.01726961	3.76816607	3.49858522	3.24578238	3.03388929	2.87391257	2.80061960	2.72929573	2.62236810	2.48429823	2.36158371	2.25879025	2.15950370	2.06522202	1.97028577	1.86187804	1.77703774	1.70442021	1.61899865	1.51536989	1.40775442	1.33482289	1.26295388	1.18212819	1.08652937	0.974543333	0.865635276	0.768611133	0.695489049	0.646346331	0.609319746	0.562908769	0.524284422	0.506018996	0.503257632	0.493717760	0.429356337	0.352768362	0.286573797	0.232434362	0.171053410	0.117633358	8.84018093E-02	6.97274283E-02	5.48742823E-02	4.40018438E-02	4.06668335E-02	3.78751904E-02	3.63604873E-02	3.59623581E-02	3.56264822E-02	3.30045670E-02	4.24850099E-02	5.92158660E-02	7.83362687E-02	9.49764922E-02	8.40705112E-02	0.168427244	0.298888415	0.575394809	1.24698663	2.40641832	3.24431181	3.29119444	2.69005370	2.19633698	1.91928625	2.05029821	2.21668386	2.14225411	1.64731884	1.80988801	2.43908763	3.00748062	3.28487825	3.33833742	3.51108217	3.74340987	4.04723740	4.37451506	4.61722851	4.76701021	4.85017538	4.87319946	4.84495687	4.77672100	4.72340727	4.69090796	4.55899048	4.63275290	5.64263010	5.16825390	4.73588419	4.46641731	4.39369488	4.46450424	4.53106403	4.60121965	4.64376736	4.62513208	4.50936556	4.34449816	4.14955854	3.97346449	3.84318924	3.76376271	3.72634959	3.60713482	3.45321012	3.29179001	3.13020945	2.99646592	2.89359951	2.81466246	2.73962879	2.63539505	2.50120878	2.37387443	2.27936339	2.23720860	2.26050711	2.29060221	2.25001669	2.16956449	2.06504679	1.93725431	1.77402735	1.62045157	1.47930777	1.35348928	1.24600363	1.16316700	1.08897197	1.01820457	0.950209737	0.888890743	0.847200155	0.798377872	0.743578494	0.684398711	0.622877359	0.562452257	0.505681038	0.452831089	0.401057452	0.344402879	0.289357841	0.244652078	0.207235008	0.173492417	0.139246345	0.100680135	7.57133588E-02	5.61709329E-02	3.92891094E-02	2.77153999E-02	2.15691738E-02	2.53284536E-02	2.95311566E-02	3.19556072E-02	3.76205146E-02	4.43631969E-02	4.12912704E-02	4.29126397E-02	5.57459444E-02	7.83205926E-02	6.51148260E-02	4.70940284E-02	4.15322296E-02	4.79088835E-02
26.0000000	9.44505408E-02	0.131189778	0.155553207	0.173576698	0.177553415	0.146033794	0.110786170	6.98519051E-02	3.53501551E-02	1.33060599E-02	3.65074817E-03	1.75626809E-03	1.34329766E-03	1.18157954E-03	8.92592536E-04	9.49552632E-04	1.20939780E-03	1.92211010E-03	1.99965574E-03	1.41844340E-03	1.21932512E-03	1.80983311E-03	1.92106841E-03	2.23080954E-03	2.67982087E-03	2.47185235E-03	2.97951512E-03	3.78002133E-03	4.82362509E-03	8.39774217E-03	1.91269536E-02	5.91777787E-02	0.114358187	0.145125210	0.146864042	0.149888188	0.257227778	0.398158878	0.481817931	0.485545188	0.454884499	0.351737529	0.276112497	0.220270395	0.174758404	0.128409833	0.116976008	0.129964560	0.153982416	0.178729296	0.196997449	0.264692247	0.322110802	0.345284104	0.339558184	0.339594126	0.378407627	0.434054643	0.545446932	0.707706511	0.872165442	0.987064838	1.15425992	1.34784591	1.53887784	1.69537151	1.90893829	2.09304571	2.20451140	2.23095441	2.19079447	2.32396650	2.46504617	2.62120843	2.77475166	2.88310027	3.07220936	3.12756014	3.13292098	3.14332986	3.18509722	3.41788936	3.65638208	3.81949282	3.90555358	3.99231291	4.14583588	4.47537708	4.82523584	5.16993666	5.61422348	5.36575317	4.59534931	3.84584236	3.39757800	3.26841497	3.52811050	4.20179939	5.87577057	7.26498699	5.21308565	4.17777300	3.77472687	3.53828239	3.25800705	2.97870088	2.90707326	2.97677135	2.98504639	2.89848948	2.85303354	3.16401076	3.51090598	3.71573639	3.74884725	3.72891259	3.67705607	3.99754333	4.95306873	6.10604143	6.31858349	7.14042568	7.28623152	7.03770113	6.69406176	6.57206535	6.42769623	6.26968431	6.06884146	5.85727787	5.72840548	5.41817760	5.05952501	4.77337408	4.62120056	4.60502386	4.73192358	4.82738066	4.93539095	5.03454638	5.03803539	5.00079393	4.94795847	4.89103270	4.81018496	4.65424681	4.64528322	4.80213881	4.89816856	4.83739090	4.65448904	4.70578146	4.80878687	4.92788553	5.04032850	5.13623714	5.18110037	5.31874704	5.52354050	5.73860407	5.87582445	5.75227165	5.65865850	5.56609631	5.47805262	5.43035507	5.43423223	5.46333456	5.52946424	5.61766195	5.68619967	5.60127449	5.50566816	5.37607670	5.23143101	5.13289404	5.09018803	5.06291676	5.00423527	4.87810421	4.65929270	4.45777559	4.43203306	4.49226904	4.55954838	4.56579399	4.51540995	4.46416140	4.37927198	4.26709509	4.17311049	3.99224663	3.75477314	3.49178648	3.23640513	3.02377200	2.88859868	2.74348378	2.59357023	2.45040321	2.33193159	2.22533536	2.11339927	2.01114845	1.92477787	1.85165370	1.76498985	1.68100357	1.59542966	1.50481355	1.40651011	1.33361793	1.27689278	1.20369136	1.10481310	0.994500697	0.891156673	0.785901010	0.702241600	0.641513050	0.582876921	0.528483093	0.507171512	0.512104750	0.521178067	0.497019321	0.411871076	0.327763796	0.271000773	0.238180548	0.196197122	0.139965355	0.103770927	7.87503123E-02	5.97857349E-02	4.55050953E-02	4.24477607E-02	4.27894257E-02	4.31455597E-02	4.20071259E-02	3.97405289E-02	4.24367860E-02	5.58112897E-02	6.88921958E-02	7.48192891E-02	7.08440095E-02	6.88914061E-02	0.112553217	0.191276759	0.401820004	0.948251784	2.36515522	3.52579904	3.90669775	3.54103756	3.01867795	2.75216222	2.47855663	2.26564765	2.23480463	2.56097937	2.52278543	2.83895826	3.18979049	3.38080049	3.34273410	3.46610737	3.66245723	3.90893126	4.14926004	4.29376078	4.38465977	4.47364855	4.54986429	4.62130165	4.71480894	4.90765572	5.02074480	5.13761377	5.28267145	5.42119932	5.01782799	4.71004343	4.53591204	4.47145605	4.43065071	4.40175629	4.36478949	4.33059120	4.27066851	4.11719799	3.95081520	3.81372356	3.72687554	3.68624973	3.66285443	3.61005569	3.50065184	3.36999249	3.21893191	3.01383400	2.84339952	2.75550508	2.69423985	2.62007284	2.50984883	2.38771892	2.27671123	2.17056966	2.09424400	2.10388970	2.10978699	2.03521013	1.94037557	1.84034753	1.70503771	1.56060636	1.43493819	1.33284247	1.24592090	1.15257061	1.08197224	1.01977336	0.965447485	0.917207181	0.872004986	0.832013547	0.782818079	0.718132138	0.641018331	0.563889027	0.506802499	0.448448896	0.393643439	0.344892204	0.302391797	0.251397789	0.206765115	0.169579551	0.137932748	0.106921881	7.60292411E-02	5.13820872E-02	3.45450602E-02	2.47645974E-02	1.89689249E-02	2.53849458E-02	2.22316962E-02	2.19562035E-02	3.11501902E-02	5.05500808E-02	4.37289402E-02	3.62252332E-02	4.07059491E-02	5.91755137E-02	8.29758197E-02	7.38700926E-02	5.92812598E-02	5.47308326E-02	6.02175966E-02
25.0000000	0.127019152	0.195717081	0.255299121	0.287274599	0.293492109	0.296139032	0.214204356	0.108920343	3.76988873E-02	1.47855366E-02	1.12594077E-02	3.74032487E-03	1.09214545E-03	5.31553291E-04	4.40353877E-04	3.65473185E-04	6.12904027E-04	1.15562452E-03	1.51280256E-03	1.65051059E-03	1.98172289E-03	2.08908669E-03	2.38045794E-03	3.03554023E-03	3.68817849E-03	3.42635694E-03	4.88747470E-03	8.67670495E-03	1.67693682E-02	3.00067756E-02	4.80961986E-02	7.60670081E-02	0.119412288	0.142899692	0.144290343	0.154338852	0.291401058	0.418955386	0.620664597	0.793957114	0.650027156	0.540113211	0.440813214	0.349754453	0.276031971	0.240208775	0.208323717	0.204076216	0.202873141	0.201774552	0.219493464	0.278997898	0.355877668	0.393826634	0.389637232	0.393200636	0.450524151	0.515043974	0.639133573	0.811267853	0.956023037	1.07486105	1.19035316	1.34317517	1.56729293	1.88996255	2.31793690	2.71541119	3.00728631	3.12956023	3.02932906	3.09379792	3.21608806	3.27335596	3.28150153	3.39516664	3.48352790	3.54976583	3.56454134	3.53370476	3.49829960	3.62046933	3.74468827	3.77400661	3.68295765	3.51755238	3.67204475	3.99987411	4.23572111	4.27079248	4.15281582	4.05973244	3.87997508	3.73979568	3.80062032	4.25904417	4.49098587	4.41260958	4.96474361	5.73570347	4.96128798	4.07861853	3.79417229	3.63783145	3.52455568	3.75438261	3.89974713	3.66173863	3.55851698	3.72179866	3.89685583	4.11761475	4.40183449	4.54069853	4.52412987	4.54078579	4.83925962	5.82814598	7.36533737	8.54556751	7.70040512	8.73407078	9.45354366	9.19715977	8.17635822	7.47567511	6.92792511	6.50268745	6.14786816	5.86695480	5.71902037	5.46149397	5.25307369	5.12534666	5.06539774	5.01580763	5.06462669	5.16979885	5.31835842	5.44227171	5.41843748	5.38851309	5.38431215	5.37274790	5.33099222	5.24647522	5.27200842	5.40088081	5.41112614	5.22986794	4.93331861	5.03585005	5.23695612	5.42818832	5.56200171	5.65175390	5.75405836	5.88225269	6.04509926	6.20228720	6.26443481	6.15774822	6.07078886	5.97569466	5.87537622	5.80352449	5.83678579	5.81003714	5.81885958	5.88944197	5.97858238	5.92649603	5.82636213	5.68319035	5.51386547	5.34714699	5.20000029	5.11950541	5.06229544	4.99886417	4.91356897	4.79191208	4.72674370	4.72789240	4.75403547	4.71270084	4.65985489	4.60443163	4.49394274	4.35044384	4.27053595	4.10687304	3.88658619	3.63150597	3.37571192	3.16553259	2.95862532	2.75053358	2.56893349	2.42624736	2.31964612	2.21246529	2.10963964	2.01864886	1.94019389	1.86819386	1.77968156	1.70181537	1.62175941	1.53601980	1.45044410	1.36609602	1.28199399	1.19520783	1.10872602	1.03145516	0.936604440	0.824900746	0.726492465	0.648325324	0.574142158	0.509024560	0.499682188	0.503164530	0.488780111	0.438096195	0.354636848	0.290551424	0.252217054	0.231793687	0.207224265	0.170235261	0.126867980	9.31474715E-02	7.30732456E-02	5.86191006E-02	5.71450740E-02	5.86835109E-02	5.84166646E-02	5.86999245E-02	6.90617785E-02	8.54499787E-02	9.31528509E-02	8.91368464E-02	7.35753402E-02	4.98486981E-02	5.08463569E-02	7.41199106E-02	0.147587985	0.309808999	0.609981000	1.83091569	3.74486279	5.11547852	5.24708176	3.98465395	3.32839561	2.77532506	2.30858827	2.20461154	3.03310418	3.03617811	3.14589477	3.36267352	3.55592132	3.46403384	3.62284851	3.74075317	3.81692123	3.86642933	3.92025924	4.07077694	4.25908184	4.42786217	4.57912350	4.77419281	4.98364019	5.10694027	5.17046833	5.16343880	5.03790522	4.73545933	4.54535484	4.43137836	4.34854889	4.24311781	4.14989901	4.10189867	4.08533955	4.06781578	3.99829459	3.84679651	3.76018000	3.73966622	3.74056792	3.67228699	3.58664083	3.44330692	3.29199672	3.13462687	2.92532015	2.73548555	2.65134144	2.59395695	2.51450348	2.39425540	2.28564453	2.18356037	2.07802486	1.98380136	1.94039321	1.90223801	1.81894648	1.71267819	1.60275960	1.50568545	1.43531537	1.34783685	1.25076663	1.15274394	1.06353033	0.997089446	0.950063944	0.910159767	0.873280704	0.843528271	0.797319829	0.727521658	0.646292448	0.567958534	0.509012878	0.452614605	0.395285636	0.345208317	0.302541614	0.259421051	0.212694272	0.172372192	0.135794222	0.102801502	7.57370591E-02	5.42815849E-02	3.77306119E-02	2.78760958E-02	2.67889295E-02	3.68189849E-02	1.96098946E-02	1.55333066E-02	2.01312769E-02	3.08619123E-02	4.70993817E-02	4.61022444E-02	4.36883457E-02	5.05697727E-02	6.53145462E-02	7.43466243E-02	7.48975724E-02	7.22397119E-02	7.57268220E-02	8.37530494E-02
24.0000000	0.188151285	0.261105448	0.371897131	0.476350367	0.515600204	0.416093141	0.291257203	0.162795097	6.66681677E-02	1.85342170E-02	1.37473894E-02	1.16791185E-02	7.65899895E-03	4.15196456E-03	2.39758147E-03	2.41005723E-03	3.20765958E-03	4.74454416E-03	4.89922427E-03	3.56469536E-03	2.64842971E-03	3.07980459E-03	4.08172654E-03	6.28056657E-03	8.93270131E-03	9.92451236E-03	1.27190230E-02	2.08100714E-02	3.24580558E-02	4.45285924E-02	5.24925105E-02	0.100422457	0.150443405	0.190110564	0.216826081	0.237839058	0.285541117	0.428310901	0.600142837	0.735598683	0.769808352	0.731029391	0.672743320	0.587956190	0.496311784	0.444092214	0.387509435	0.371125966	0.353247106	0.325795770	0.314312488	0.372859955	0.445285678	0.518011272	0.584929764	0.647405624	0.864316165	0.925671995	0.944550633	0.951901376	0.896544993	0.938108742	1.01871490	1.12945557	1.30343187	1.61575449	2.10616708	2.77120042	3.40916014	3.81471944	3.77891946	3.85447025	4.05095577	4.23826790	4.31881094	4.22750664	4.31236458	4.30364132	4.26180840	4.22868299	4.22743225	4.14277077	4.24949932	4.32723522	4.35617876	4.51710892	4.72121382	4.59874153	4.50832224	4.50836658	4.35706377	4.48165798	4.08597279	3.78566241	3.84839845	4.19387054	4.48200798	4.75715256	4.94160318	4.88143063	4.34647846	4.13104153	4.14014769	4.14604139	4.21291208	4.69689226	4.92099333	4.48326731	4.12828350	4.12777328	4.28063107	4.56030369	4.85851669	5.18629885	5.62551880	6.32888317	6.90870571	7.06702805	7.16730499	7.59514284	8.75829983	8.99971104	11.6156006	12.2464333	10.0848560	7.87570953	7.19771528	6.66101599	6.35487652	6.23850584	6.14105558	5.93802881	5.82769537	5.76273775	5.68905258	5.54574728	5.46552181	5.52339888	5.65422535	5.80828524	5.95129871	6.10453176	6.17263794	6.14912748	6.07816076	6.05454922	6.18128586	6.25923920	6.13223267	5.80409670	5.43866396	5.50234842	5.68544626	5.90803194	6.11144400	6.25828981	6.38783932	6.50065374	6.56789541	6.56880236	6.49069738	6.34115267	6.23321342	6.13087606	6.03841448	6.00037622	6.18988943	6.27105284	6.23694801	6.16873217	6.23563147	6.21902800	6.15330601	6.03659391	5.87502623	5.68274212	5.40258217	5.27084637	5.20738840	5.17849255	5.19687748	5.16642857	5.07682228	5.00432444	4.95794153	4.87942457	4.76769447	4.64853430	4.50646353	4.34320784	4.17770004	4.01980114	3.83177495	3.61716247	3.37971687	3.12340403	2.85853624	2.65257215	2.49862218	2.37836313	2.26203918	2.16301227	2.07471800	1.98994541	1.90776026	1.83350551	1.78105223	1.72032571	1.66216958	1.60493362	1.53447461	1.41288078	1.30335319	1.20772219	1.12499940	1.05137801	0.978240490	0.873042583	0.754373908	0.643240809	0.563065767	0.515085936	0.505302668	0.492022544	0.451861352	0.379744023	0.322252870	0.278740346	0.247094929	0.226235211	0.216109753	0.201097369	0.174177036	0.140399143	0.108837910	9.25912783E-02	8.58371258E-02	8.60525519E-02	8.97890851E-02	9.69089791E-02	0.110585168	0.114196457	0.103310823	8.26599076E-02	5.95217571E-02	4.37207744E-02	5.31966798E-02	7.02877715E-02	0.113449536	0.223204970	0.462144464	1.13585496	3.18524456	4.73824883	5.18157196	5.16068459	4.00374365	3.20314097	2.61375570	2.48242068	3.44792223	3.48735118	3.56539869	3.73582077	3.86382937	3.62609053	3.70729566	3.67482400	3.60051751	3.54287028	3.54702568	3.70832229	3.89919519	4.10392237	4.29669189	4.44160414	4.55614567	4.67490911	4.80190182	4.87149382	4.74842119	4.48890066	4.26742601	4.09356976	3.95580816	3.82152176	3.77727795	3.73719525	3.72497487	3.74045014	3.75958228	3.73799515	3.70721078	3.70515418	3.71600127	3.67017436	3.57282305	3.41174316	3.24357247	3.09083843	2.94195795	2.73967314	2.59834361	2.47135401	2.34298229	2.22839999	2.13903403	2.07249308	2.00229597	1.93716109	1.92100453	1.80476224	1.68925738	1.58220661	1.49320602	1.43373251	1.39278662	1.31739283	1.22301769	1.11989582	1.01303136	0.944769800	0.900614917	0.874691129	0.852234781	0.809594095	0.739423633	0.665527582	0.589890778	0.518588424	0.461786240	0.409680039	0.359117180	0.311687320	0.267319918	0.224284053	0.182228580	0.142625228	0.105809957	7.36670494E-02	4.96292077E-02	3.66302319E-02	3.05964239E-02	3.27298604E-02	3.69141586E-02	2.97144651E-02	1.81866940E-02	1.59517825E-02	2.19807327E-02	3.45148817E-02	5.10658734E-02	5.04983924E-02	5.66687398E-02	6.98358938E-02	8.10361207E-02	7.20829442E-02	9.40425918E-02	0.106780007	0.117188193	0.125552967
23.0000000	0.292686045	0.377216876	0.484851688	0.614471972	0.710786462	0.664330900	0.501899719	0.317011952	0.158289596	5.79776093E-02	3.19439396E-02	2.85770893E-02	2.20278930E-02	1.76679697E-02	1.73897650E-02	1.96065288E-02	1.56080415E-02	1.38360821E-02	1.38085354E-02	1.30604319E-02	7.14394264E-03	6.46475051E-03	8.92622117E-03	1.35599012E-02	1.96832381E-02	2.68995818E-02	4.06465642E-02	4.89364341E-02	6.01876117E-02	8.06727335E-02	0.114518642	0.190637350	0.265101671	0.311474919	0.327361554	0.334406942	0.351686865	0.472074151	0.652202129	0.836567760	0.957531452	0.893667638	0.851828516	0.820497572	0.782732427	0.716164827	0.617203593	0.565765738	0.539762676	0.529258192	0.536467135	0.559032083	0.647780478	0.789989233	0.955659330	1.09751523	1.23649061	1.29427743	1.24255645	1.08402026	0.852374196	0.813058138	0.869152308	0.982492030	1.16860104	1.49669087	1.99992967	2.64245224	3.42877555	4.11586523	4.21313429	4.33051825	4.66513824	5.17063713	5.57738543	5.39247847	5.33879519	5.23968935	5.13556719	5.05201006	4.99976730	5.00020981	5.11217928	5.15533733	5.16913128	5.41279316	5.80453920	5.58085489	5.37161493	5.32536888	5.10933542	5.24377775	4.72260809	4.35184240	4.45481205	4.87216330	5.06335878	4.97951889	4.79926920	4.58409548	4.27834082	4.11595821	4.36857224	4.66978407	4.88950348	5.13394403	5.31183767	5.17628431	5.00244522	4.94439697	5.03513527	5.60123777	6.18896246	6.78508663	7.48440742	8.48973465	8.40404034	8.27843571	8.06238842	8.08459473	9.05298233	9.78146076	11.8385372	11.9351988	9.72833920	7.82075739	7.27757168	6.98134661	6.87248659	6.84838200	6.76340389	6.63876104	6.57282972	6.49598551	6.37255955	6.20083141	6.02808666	6.01955414	6.13923120	6.36372900	6.68227243	6.88758135	6.98609829	6.96221447	6.85311031	6.74875641	6.74444485	6.85672140	6.79234219	6.47952557	6.06794643	6.10516214	6.22808838	6.41860867	6.64514160	6.86264372	7.07096672	7.20431519	7.24030209	7.16588831	6.97738314	6.66356516	6.45558929	6.30220366	6.21077538	6.24729347	6.44753695	6.57440805	6.58529043	6.53633690	6.58247375	6.58960676	6.52465010	6.39804935	6.22510338	6.02596426	5.75692368	5.57538748	5.46614075	5.43569803	5.51230717	5.47112274	5.35500622	5.24943876	5.16321278	5.02843523	4.86591101	4.72197294	4.57121134	4.38243389	4.11866379	3.93495512	3.75895476	3.55773234	3.31797576	3.04598832	2.77625036	2.58852291	2.45113492	2.33572626	2.21724558	2.11797309	2.02757955	1.93260717	1.83459413	1.75007629	1.71736920	1.69236934	1.65818667	1.60485363	1.52932739	1.40735841	1.28482568	1.18456149	1.11123586	1.05135608	0.994363904	0.904404044	0.797536910	0.689293385	0.594675243	0.552431643	0.539737761	0.518990695	0.470077872	0.390376896	0.329173625	0.287175804	0.256366909	0.232833639	0.216765806	0.219882250	0.220663533	0.209550679	0.185315952	0.155062959	0.143056467	0.142871708	0.140428603	0.137462109	0.151522130	0.149192169	0.121982828	9.46481302E-02	8.07048157E-02	8.24323371E-02	7.92922974E-02	9.03925076E-02	0.138183817	0.235101163	0.383563548	0.657190621	2.03604937	4.73463202	7.54745913	7.84907866	5.73637772	3.84794092	2.54039383	2.24780703	3.48169589	3.59443665	3.89032650	4.19094324	4.28932619	3.94997931	3.85532165	3.71916318	3.56987691	3.43972802	3.36487150	3.36653972	3.44873428	3.57699156	3.68683982	3.68380117	3.78600287	3.95061135	4.16976643	4.34430838	4.28378010	4.15875816	3.95825815	3.75246739	3.58750272	3.48540306	3.42703080	3.36480308	3.33937621	3.36629176	3.43597507	3.49987340	3.55298567	3.57766819	3.57390881	3.55932689	3.49484944	3.37294841	3.24572253	3.12617588	2.98821497	2.76158834	2.55070901	2.36533594	2.22674012	2.16770625	2.13438368	2.09535670	2.04664755	1.99528587	1.95930839	1.82488668	1.69289231	1.57882357	1.48862720	1.41869974	1.38207912	1.32495689	1.24910390	1.15277922	1.03072786	0.934449613	0.877731979	0.835571527	0.790503800	0.732603848	0.676076770	0.611819565	0.542875409	0.473982573	0.411574185	0.369515747	0.323808670	0.278770506	0.235578775	0.192270786	0.155001864	0.118870676	8.46761838E-02	5.49986884E-02	3.41999568E-02	2.83784587E-02	2.94028148E-02	4.09646221E-02	4.87560816E-02	2.04699878E-02	2.28785370E-02	2.29541212E-02	2.80415844E-02	4.12922055E-02	6.16637133E-02	7.10010827E-02	8.64990354E-02	9.59575921E-02	0.102254741	0.123346470	0.154948771	0.170705184	0.188537866	0.207431003
22.0000000	0.364782065	0.478909463	0.578839540	0.663290739	0.723528445	0.743364692	0.551982820	0.396898091	0.259577572	0.147484079	9.40761343E-02	8.53632614E-02	8.74987692E-02	9.24790800E-02	9.25827846E-02	8.03705826E-02	6.27516359E-02	4.82419990E-02	4.05497216E-02	3.66159193E-02	2.66147554E-02	2.60469392E-02	3.17590721E-02	4.14272957E-02	5.39829098E-02	6.96123317E-02	9.01976228E-02	0.109899476	0.139365330	0.186434478	0.256137937	0.334612161	0.421688139	0.500922203	0.552045941	0.550966680	0.490891606	0.539833963	0.741646111	1.04739082	1.31534100	1.08794737	1.03132021	1.01349819	0.986900628	0.988328040	0.932228982	0.835180223	0.777869701	0.783757210	0.819074273	0.901906848	1.05194378	1.21747434	1.34588957	1.38368118	1.48820102	1.47323883	1.28422415	0.953565776	0.600652874	0.531807125	0.618324876	0.809059203	1.09295094	1.49902928	2.07654190	2.77238131	3.68494153	4.60610008	5.02122068	4.96893740	5.19741869	5.59480667	6.01861906	6.29574490	6.31110191	6.27770901	6.19126987	6.10421658	6.12570906	5.98934269	6.07188749	6.09011555	6.07642603	6.37884998	7.03723431	6.87734222	6.55725336	6.36652470	6.22618771	6.54210186	6.15207338	5.52942801	5.17059708	5.59511232	5.70036888	5.43709850	5.07211828	4.77297878	4.60796499	4.53167868	4.49088764	4.56313944	4.75411224	4.99761915	5.48776340	5.95225811	6.03336239	5.87771559	6.13633680	7.22703695	8.13234997	8.63988400	8.73117352	8.58167839	8.84738255	9.03852940	9.03219604	8.94795704	9.14788628	9.75220490	9.91733742	9.48680687	8.68324852	8.10842037	7.88454342	7.86427975	7.90740919	7.86694717	7.58913898	7.42615700	7.36610985	7.28065014	7.12147808	6.92034149	6.79001570	6.70421600	6.73452473	6.92239571	7.27915287	7.54809570	7.68847847	7.71846676	7.65012980	7.48943424	7.38646555	7.40765238	7.37080812	7.18457699	6.84843731	6.76169538	6.82509947	6.98733282	7.20233822	7.42931938	7.68892336	7.86931324	7.87423277	7.70895576	7.48028374	7.19313669	6.97741747	6.80001831	6.68082571	6.69272614	6.82699203	6.91445112	6.96608543	6.97121954	6.89751291	6.86723423	6.74926949	6.60155535	6.45375681	6.30726862	6.15587807	6.02845764	5.92230225	5.86051798	5.89201880	5.83095741	5.67304182	5.52760124	5.41653919	5.27433681	5.05374384	4.85255003	4.66117048	4.45799255	4.20938015	4.01667690	3.82627726	3.62536526	3.40725327	3.17138243	2.94962120	2.74520040	2.55510473	2.38804674	2.26446652	2.18015838	2.09127665	1.98127246	1.85200167	1.72372842	1.66048455	1.59793353	1.54734278	1.49785960	1.41650939	1.30600214	1.19402349	1.10626698	1.04443240	0.986226618	0.936390162	0.882369697	0.823086619	0.754536986	0.669791281	0.626577318	0.592186034	0.553610563	0.498352468	0.414421976	0.358004749	0.317253470	0.288332075	0.266711742	0.247171029	0.244114861	0.257035643	0.271517456	0.277241528	0.267986238	0.246328652	0.239118591	0.229939595	0.219279304	0.224529535	0.208649263	0.184812695	0.170789272	0.167800680	0.160520971	0.156385645	0.170477107	0.201333180	0.253251344	0.336288571	0.491005361	1.27077568	3.82656527	7.57693958	10.2080679	6.99420881	4.52929783	2.96686459	2.64009714	4.06183958	4.02374792	4.27786922	4.67312574	4.91044617	4.54276800	4.27894306	4.06408644	3.85587621	3.64814568	3.47088337	3.32933426	3.39559436	3.54121685	3.69354272	3.83570051	3.90901804	3.97040558	3.92433000	3.77103519	3.60654116	4.07987595	4.00640726	3.80255246	3.66609764	3.57619333	3.40364122	3.26834393	3.19488454	3.20243764	3.30477381	3.40974116	3.48855591	3.53146625	3.54283667	3.54114747	3.46352172	3.35459805	3.25183725	3.16524458	3.07737184	2.91296196	2.69676256	2.50198293	2.36758208	2.29826832	2.27038503	2.23067737	2.18131089	2.11115170	1.99576890	1.88146091	1.75619864	1.63498330	1.53095388	1.45538819	1.41388524	1.36264360	1.28633034	1.17501569	1.02417219	0.913874149	0.830606341	0.770213544	0.722434938	0.670904756	0.613393486	0.551607132	0.489674598	0.431144953	0.378987968	0.333410591	0.288331240	0.246382400	0.207401961	0.168433040	0.133612841	9.75100026E-02	6.60287291E-02	4.25820164E-02	2.80916169E-02	2.57090926E-02	3.24884839E-02	3.93820666E-02	3.87722738E-02	2.44716667E-02	3.53596099E-02	3.82770449E-02	4.15251851E-02	4.86179590E-02	5.82819916E-02	7.51988441E-02	9.42067951E-02	0.117312476	0.144200787	0.172234967	0.210375443	0.225146458	0.252722442	0.288850605
21.0000000	0.526147068	0.606360614	0.637890697	0.643529832	0.644736171	0.661633372	0.613617003	0.495231271	0.363139778	0.253829241	0.183609650	0.174982086	0.191619873	0.234718010	0.286451161	0.309973687	0.324716806	0.262177706	0.186503232	0.126758441	7.69263059E-02	7.30179474E-02	7.52681345E-02	8.67070630E-02	0.107078299	0.132838711	0.158647880	0.189906657	0.235778779	0.296875894	0.365257561	0.463827670	0.533618569	0.632528663	0.745555699	0.784796715	0.649817765	0.640941381	0.856931865	1.25252056	1.63840723	1.66405308	1.43918788	1.25385368	1.19758630	1.15941525	1.18158031	1.12005746	1.09292769	1.12730014	1.15931082	1.27011704	1.37790513	1.47808301	1.53900266	1.50195968	1.42054904	1.31339979	1.05238211	0.677387536	0.396330446	0.370958030	0.487078756	0.748454750	1.14697850	1.66267192	2.30788326	3.06489253	4.01319408	5.08632469	6.07186365	6.33446598	6.68881464	6.91442204	6.93629980	6.82496023	7.02254248	7.14113379	7.20146799	7.18070841	7.01244974	7.05235386	6.99385166	6.88300991	6.94606590	7.58942509	7.59195614	7.43827677	7.09788322	6.72478580	6.65751076	7.14396286	7.75243187	7.51159000	6.66211128	6.65667009	6.29450655	5.86552191	5.49599695	5.24641275	5.11145735	4.90601635	5.00670052	5.38498878	6.03153896	6.95617962	7.14504814	7.40319109	7.38744926	7.24042082	7.59046459	8.80877590	9.29532146	9.43522930	9.50154400	9.65523052	9.78666496	9.82690620	9.88109589	10.0207558	10.2837839	10.6524105	10.4829159	9.98279476	9.41964436	9.12116146	8.93753338	8.94339275	8.96062565	8.85293674	8.52585316	8.29963589	8.18475723	8.08347797	7.93476629	7.71430540	7.56047010	7.44630909	7.39310789	7.44996643	7.69379616	8.00675774	8.18796062	8.22349548	8.14268017	8.01807404	7.84957075	7.86189270	7.87615776	7.79822588	7.61869860	7.43180418	7.38667536	7.48140574	7.65610790	7.79291391	7.90928745	8.08146000	8.11126804	7.98291588	7.86297226	7.80663729	7.63079023	7.41732359	7.23927402	7.16082382	7.26737452	7.41797876	7.52153254	7.49336004	7.25522423	7.07132149	6.81592417	6.61329222	6.51073694	6.47862005	6.38065672	6.26766682	6.16014624	6.07992411	6.05016136	6.05491114	5.94635773	5.80290031	5.66788149	5.54958773	5.29033995	5.03767776	4.82553816	4.65421867	4.49037981	4.33743238	4.12361574	3.89700174	3.68358159	3.48726773	3.24775696	3.04204917	2.83624434	2.62894201	2.45124340	2.33020997	2.12295341	1.92375207	1.83199680	1.95219088	1.88836682	1.65364528	1.47376382	1.40141082	1.31622326	1.22765434	1.15491545	1.08517492	1.01600432	0.955379605	0.922745764	0.897802293	0.868509352	0.828345180	0.776306987	0.734541059	0.680495799	0.622976124	0.560512781	0.481363267	0.422129184	0.373712301	0.341479987	0.323688269	0.311482131	0.305628061	0.312876463	0.339672089	0.383582830	0.433299810	0.445962191	0.435011446	0.417940527	0.405931383	0.403854460	0.373361081	0.345886230	0.334699422	0.333057463	0.314204723	0.303248733	0.300384045	0.300311565	0.315887719	0.378124237	0.532195389	1.12123466	2.96487164	6.18016291	10.1815958	7.89510393	5.53029871	3.66710567	2.96829724	4.17949772	5.00128317	5.56257534	5.86367846	5.83563375	5.34022045	4.86424541	4.50885868	4.14371729	3.74927807	3.41679263	3.41676092	3.85608506	4.12870884	4.12591028	4.23629713	4.39129639	4.42477369	4.35419703	4.22871590	4.12915659	4.01512384	3.82551742	3.85483432	4.03610373	3.94089198	3.51614642	3.21353245	3.10663915	3.21993351	3.52876353	3.59823847	3.59675813	3.62722898	3.69874310	3.72658062	3.63918424	3.52628231	3.43254614	3.37703824	3.35320997	3.24177790	3.08133936	2.91561723	2.77162361	2.65966249	2.61259294	2.54848194	2.45876646	2.33609700	2.17433715	2.03849077	1.89476621	1.75677955	1.63492155	1.53635645	1.46613193	1.38696265	1.27950621	1.14374900	0.999006808	0.873693764	0.783151567	0.718707263	0.668622911	0.618094563	0.563725054	0.512796938	0.460799009	0.407670975	0.357803464	0.310693532	0.267430753	0.226240247	0.186978877	0.151134834	0.117155135	8.52570534E-02	5.89994639E-02	4.01201807E-02	2.85359342E-02	2.56240591E-02	2.53124181E-02	2.12575663E-02	1.58936772E-02	2.04325449E-02	3.83254960E-02	5.46229370E-02	7.08936602E-02	8.23392570E-02	7.77941644E-02	9.22731310E-02	0.112953752	0.134023026	0.155651227	0.183991969	0.213997737	0.269848436	0.345629185	0.410951108
20.0000000	0.853066087	0.931181133	0.886077702	0.794367671	0.715780556	0.693163812	0.717349827	0.646352708	0.540634632	0.435865045	0.342920631	0.316378295	0.317014247	0.379593015	0.493077129	0.600627303	0.822999775	0.763801932	0.573991656	0.367459804	0.221030116	0.194005772	0.186471835	0.186033025	0.192634925	0.218563959	0.253609806	0.287823230	0.332782894	0.405396163	0.527898848	0.612619758	0.695235372	0.810144126	0.932293057	0.977177382	0.874758482	0.797887027	0.956077278	1.36568189	1.84989190	2.75639057	2.19230556	1.54951727	1.36001122	1.29587913	1.38357747	1.38136566	1.38464296	1.42894721	1.48995411	1.55491471	1.63635457	1.70354664	1.69635892	1.52525449	1.31149280	1.01656222	0.652591646	0.333704978	0.276020318	0.330865830	0.516492903	0.829894900	1.23937643	1.68455362	2.25196433	2.91944981	3.74047542	4.71637106	5.79633093	7.28255749	8.92943668	9.79454708	9.31692219	7.31705713	7.34276962	7.62244415	8.03404140	8.30609798	8.01772308	8.03596497	8.00570679	8.13768482	8.45947170	8.81548119	8.26351833	7.61704636	7.02143002	6.64199877	6.66404295	7.00150919	7.61727810	8.07237911	8.06084538	7.40971422	7.12337255	6.43334293	5.97668076	5.89665222	5.84273720	5.75115681	5.80924940	6.21276855	7.06578159	8.38067245	8.63398552	8.68296432	8.42818356	8.21742058	8.84565926	10.3198910	10.5275850	10.4512548	10.5213995	10.6165037	10.5570583	10.5654068	10.6741972	10.8609686	11.0481548	11.0480776	10.8864355	10.6861134	10.4912395	10.2671900	9.86239243	9.74693394	9.75215244	9.73307514	9.56841755	9.30137825	9.11530685	8.94264030	8.76826382	8.62950706	8.49050522	8.32343388	8.17070961	8.10568428	8.23263359	8.43998241	8.50418377	8.46594620	8.38236141	8.32688808	8.23538113	8.29789162	8.35547161	8.32853794	8.21687984	7.97144747	7.84741068	7.88053751	7.98686552	7.96269751	7.92566395	8.10130310	8.26275921	8.31056404	8.27264118	8.31519794	8.19077682	7.94659281	7.69436693	7.61033010	7.68967152	7.80817032	7.86062717	7.77770376	7.52591801	7.22175312	6.90202808	6.67563295	6.57343674	6.54828501	6.52699471	6.44334412	6.33964872	6.26090288	6.25477600	6.26584053	6.15164661	5.99067926	5.82484961	5.65949821	5.43942356	5.21549225	5.01920509	4.84697199	4.66011524	4.48398638	4.30681896	4.13012409	3.95624280	3.78834319	3.56560516	3.32094193	3.08947587	2.87727427	2.66135049	2.37163782	1.86449444	1.53137648	1.67126346	2.49065709	2.52216101	1.93380225	1.46398532	1.34353113	1.29567742	1.24935257	1.20761275	1.15796435	1.09755266	1.03316212	0.994286954	0.978026450	0.962926209	0.942182243	0.923639834	0.884364843	0.815060496	0.747026265	0.688423693	0.624275923	0.563675940	0.505036056	0.464304209	0.447998792	0.453208655	0.446249068	0.445161521	0.469293773	0.530427873	0.632779956	0.727076352	0.764623225	0.767001152	0.749301136	0.720123947	0.698826909	0.671236098	0.653960645	0.635028660	0.573886871	0.551036835	0.530225515	0.493586361	0.465247422	0.511332035	0.730346203	1.30822682	2.74243093	5.27803183	8.90771866	8.63814831	7.13140011	5.06921148	3.38311219	3.25441718	5.16632462	7.94734573	8.85874081	7.55767202	6.09721804	5.68209553	5.11113739	4.45968246	3.78133106	3.10794806	3.66699982	4.40991640	4.78968573	4.74806261	4.71556759	4.78042316	4.78554010	4.78647041	4.80097437	4.80901241	4.58262682	4.36593294	4.28039980	4.33460760	4.42424631	3.72129583	3.30586386	3.21143627	3.53685308	4.44630480	4.31048346	4.06165743	3.99702787	4.13596869	4.22002602	4.15536022	4.02880001	3.91302776	3.83883929	3.79514551	3.71149755	3.60943842	3.49380112	3.36865020	3.23728275	3.14022493	3.02938008	2.89157534	2.72255802	2.52699733	2.33863163	2.16049790	1.99470890	1.83390415	1.66124809	1.51349664	1.37625945	1.23428452	1.09015584	0.964293122	0.847029984	0.759262025	0.696152925	0.649582565	0.608145714	0.557587922	0.509598911	0.457529068	0.402282625	0.352317601	0.307273299	0.262354076	0.220901996	0.182636276	0.143653408	0.111067116	8.24292675E-02	5.90482242E-02	4.18063402E-02	3.11600287E-02	2.87784971E-02	2.78777760E-02	2.38351058E-02	1.82438549E-02	1.89135093E-02	4.09239940E-02	7.48505592E-02	9.90937650E-02	0.109825216	0.120987542	0.140529171	0.158904433	0.178873941	0.199739143	0.217342362	0.266995430	0.368497670	0.506824255	0.625225127
19.0000000	1.11960030	1.20365584	1.12490940	0.978666306	0.854764163	0.837573707	0.839461982	0.828227937	0.766670823	0.655552626	0.533597708	0.445629388	0.414761513	0.466528744	0.579430282	0.684930086	0.989074409	0.974274993	0.834899962	0.665444791	0.460532159	0.404288948	0.358061790	0.328394115	0.317901731	0.325273246	0.369235098	0.411420494	0.467850149	0.554636598	0.687983811	0.797724724	0.906206727	1.02797139	1.14440227	1.20372486	1.16706431	1.04012966	1.05016887	1.36978984	2.11696148	3.57760596	3.06757689	2.19149470	1.73320723	1.65579247	1.54654634	1.52792084	1.62772274	1.78452766	1.84768236	1.88210452	1.88767970	1.85210013	1.73377264	1.46182120	1.04550683	0.666120350	0.407914788	0.300922155	0.320953220	0.423920929	0.605007529	0.851156473	1.13996899	1.43970370	1.89985013	2.48589301	3.17232966	3.98887706	5.02047443	6.85194349	9.31796932	11.0747204	11.0182047	8.28427792	8.03572083	8.40838623	8.97513580	9.47738266	9.82509518	9.52332687	9.31188869	9.48017693	9.78827000	9.46693420	8.65533733	7.77749062	7.13930655	6.88142157	6.97918701	7.24916601	7.71609592	8.31959438	8.72445393	8.32064342	8.18846512	7.45452356	6.89518976	6.74528790	6.69809103	6.74037457	6.80872202	6.96907377	7.48122931	8.79885292	9.85066032	10.0597839	9.73247242	9.47293854	10.1833582	11.5806103	11.5633621	11.2127676	11.0331812	10.9521542	10.9976034	11.0715656	11.2149229	11.3706236	11.3836842	11.1708794	11.2795811	11.3259096	11.1409378	10.7706861	10.3351002	10.1894732	10.2756119	10.4325190	10.3963804	10.1696043	9.94322586	9.76314926	9.66076183	9.65293503	9.51459503	9.21968460	8.96346569	8.83418655	8.81307602	8.89342880	8.80706596	8.67047119	8.58841133	8.65394402	8.72135258	8.76324463	8.78236675	8.75416279	8.62677383	8.37778091	8.27215385	8.25922203	8.24678612	8.10111141	8.02409744	8.19826984	8.37564468	8.43283081	8.37103081	8.32124805	8.29158592	8.16767883	7.97366905	7.87220621	7.87715292	7.86549473	7.79362535	7.65077591	7.45902586	7.22266293	6.98184538	6.78598261	6.66166544	6.61266613	6.61938810	6.61216784	6.58128405	6.53105545	6.47984505	6.39300776	6.23705626	6.01548958	5.76986933	5.57981634	5.43166637	5.24530602	5.03926182	4.81642246	4.56403637	4.34300995	4.17239475	4.03743076	3.91649079	3.78108072	3.61270094	3.38850307	3.16169572	2.94404459	2.70587254	2.36159992	1.88244593	1.54835320	1.59880376	2.23281860	2.34847927	1.90257406	1.52208114	1.41953039	1.39300358	1.36612999	1.33708131	1.31110120	1.28136480	1.22897780	1.18051672	1.15379679	1.15119326	1.16587245	1.18179154	1.12144506	1.04590285	0.984172940	0.936772943	0.875729740	0.827465951	0.776973665	0.739712298	0.723612010	0.729073405	0.716650724	0.726084709	0.760406673	0.829589248	0.950547338	1.11790597	1.21455836	1.24290454	1.22905612	1.22283590	1.21573508	1.19859159	1.15565526	1.08027840	0.974914432	0.963623762	0.945144057	0.874544561	0.787219226	0.798886836	1.06433952	1.62035453	2.69063854	4.38444281	6.69656324	7.81141615	8.25809765	7.36282206	5.35608149	3.37265229	2.73223972	4.82921696	7.19879198	8.17943192	6.91286135	6.97159767	6.06613541	4.91188049	3.96560383	3.42543721	4.49452972	5.10733175	5.23609400	5.06588078	4.99457264	4.93407536	4.85605431	4.88889265	5.03456879	5.16865683	5.09061766	5.22855091	5.38552809	5.32115412	4.75156212	3.84320688	3.39126444	3.24258900	3.47430539	4.39381123	4.57490540	4.45687819	4.49230099	4.74208689	4.87549210	4.79984760	4.67977953	4.55073404	4.43593979	4.34640312	4.25896502	4.18371820	4.12671041	4.06638575	3.95357847	3.74523354	3.56756544	3.39614606	3.21246910	3.00395393	2.75782442	2.53437257	2.31595516	2.08761144	1.83706486	1.63023210	1.44785690	1.27170563	1.10573113	0.976074040	0.875819027	0.785286903	0.715318203	0.665200233	0.622667134	0.569887102	0.514906704	0.458565056	0.403294265	0.353119045	0.310742080	0.271714747	0.234580785	0.197176233	0.156629637	0.118749395	8.76537114E-02	6.35816902E-02	4.63615917E-02	3.54109220E-02	3.16315964E-02	3.16815861E-02	3.24712247E-02	3.18246111E-02	2.84795556E-02	4.18619514E-02	8.79336521E-02	0.145041466	0.192101657	0.208600223	0.233442396	0.244655028	0.267196029	0.306300789	0.347482324	0.445080787	0.586186171	0.758871615	0.901193976
18.0000000	1.38566160	1.41403461	1.32794619	1.20487559	1.10664022	1.07939470	1.12851977	1.18598199	1.14589012	0.983243883	0.753933609	0.625977159	0.573033988	0.590423942	0.654367924	0.721988082	0.885111690	0.951900661	0.959439576	0.899372518	0.717904747	0.722945809	0.592843711	0.479836732	0.442585438	0.446172655	0.513898790	0.594630241	0.672778606	0.757798791	0.884187698	1.03723156	1.16420329	1.27200389	1.35828543	1.41145027	1.45078385	1.35221529	1.18060350	1.24637246	2.10551000	4.23649502	4.04594421	3.18991923	2.55609798	2.26377201	1.73751557	1.68907309	1.94580650	2.23458147	2.18176699	2.17509961	2.10626054	1.94820786	1.65599442	1.16676915	0.632143080	0.345455468	0.262198985	0.303385854	0.355547905	0.453887761	0.587398827	0.756612122	0.970318317	1.24556732	1.67023027	2.20895243	2.81727457	3.50034976	4.31294346	5.89272499	8.54914951	11.3156633	12.4464302	9.41633224	8.82054043	9.04287434	9.32191086	9.60421658	10.5443344	10.3498306	10.4468355	10.5037107	10.2535000	9.49393845	8.67043400	7.87345934	7.37767124	7.26324177	7.41586351	7.68621016	8.10658550	8.63586330	9.16488266	9.51644707	9.19768047	8.35004044	7.65592623	7.38775682	7.40797663	7.17537880	7.06845808	7.04667234	7.34416342	8.46976757	10.6226330	10.9915628	10.7710629	10.7569132	11.3461742	11.8369808	11.4787407	10.9928865	10.7270851	10.6552296	10.8604841	11.0196667	11.2345724	11.4836388	11.6219397	10.9082861	11.5309267	11.8122940	11.3327503	10.9305868	10.6275234	10.5139780	10.6390266	10.8758297	10.9216490	10.6861935	10.5328655	10.4368353	10.3820419	10.3611841	10.2044535	9.92042732	9.68965816	9.55823803	9.43779182	9.32170391	9.13307953	8.94116211	8.84525394	8.97471046	9.01626301	9.03640366	9.04931545	9.03011036	8.91483116	8.79976177	8.71240139	8.65158081	8.57455921	8.39703083	8.35729885	8.40715122	8.39694786	8.27982712	8.11171150	8.02539062	8.00680351	7.98683405	7.94454288	7.90716743	7.84439230	7.70641375	7.51728344	7.31549978	7.15400696	7.01710320	6.91000700	6.83067942	6.77205658	6.72204351	6.67636108	6.63960218	6.61550045	6.58390570	6.50078726	6.37429237	6.18572903	5.94877958	5.69692230	5.48343182	5.27157736	5.03198099	4.78706408	4.53808880	4.26515579	4.05209255	3.89684033	3.78195691	3.68354869	3.57127237	3.42845511	3.25290227	3.08127785	2.91551304	2.72280478	2.45526338	2.17795324	1.96773195	1.88720989	1.98474801	2.03898191	1.90911984	1.78273499	1.73264444	1.71690953	1.70413315	1.68693936	1.68457949	1.68931520	1.66641772	1.58054459	1.53648043	1.55191815	1.60695088	1.64407158	1.56042123	1.47402251	1.40480626	1.35149062	1.29158115	1.26642525	1.25660110	1.26148891	1.27149212	1.26803696	1.24047577	1.24893069	1.30276203	1.40109468	1.53281772	1.69901931	1.80821145	1.86796069	1.89163172	1.89838755	1.87679267	1.85210431	1.80014300	1.71948910	1.63148248	1.62949157	1.62357676	1.55685735	1.45528674	1.42765331	1.66922343	2.18851352	2.95875430	3.86200261	4.68914175	5.53919363	6.56566334	7.57198954	7.79316807	5.89575052	3.13085437	3.60332942	6.56488657	9.49881840	8.11999798	8.74428368	7.06158876	5.05936575	3.94000030	4.12081099	5.33908606	5.57162476	5.34032822	5.03685760	4.92263174	4.83966017	4.74698830	4.78630733	4.93579483	5.01010656	5.03508091	5.50353193	6.01889372	6.10231924	5.19268370	4.22369194	4.10623026	4.27450895	4.47063303	4.74460125	4.82233429	4.72762728	4.82227373	5.13266850	5.34980679	5.23685646	5.14730358	5.05174160	4.94780111	4.86014223	4.78269529	4.72975159	4.71782160	4.72350693	4.68350077	4.45904541	4.24351168	4.02560520	3.79229450	3.52880478	3.25088239	2.98625970	2.70489526	2.40468454	2.11146140	1.87176144	1.64382195	1.42726326	1.23503089	1.09339607	0.979602695	0.874787569	0.789044619	0.721816182	0.661893547	0.601807296	0.540252507	0.479702204	0.422345787	0.370088816	0.327735215	0.288727432	0.252710640	0.218360767	0.183384612	0.141820163	0.105694816	7.73684457E-02	5.75690940E-02	4.53930721E-02	3.91307622E-02	3.89670022E-02	4.38191853E-02	5.48486672E-02	7.54607543E-02	0.108164914	0.185951293	0.271761179	0.346104234	0.407058507	0.444749922	0.496420413	0.534146845	0.562665820	0.619373560	0.790068030	0.969953656	1.12545919	1.22150564
17.0000000	1.70288825	1.73861313	1.66814828	1.55728185	1.45263016	1.38163674	1.45124972	1.48494732	1.39985228	1.18857658	0.919222236	0.827274978	0.791985989	0.774205506	0.763573766	0.778521180	0.898539484	1.02283752	1.12047839	1.16014123	1.11012030	1.18399656	0.972494304	0.755337119	0.661157668	0.667498767	0.735585272	0.827215850	0.928718328	1.05097198	1.22940767	1.40664482	1.46236265	1.52786958	1.62519610	1.66709375	1.78692877	1.65775049	1.35434628	1.25355315	2.03426051	4.31206274	4.79856682	4.57334280	3.97338581	2.59312153	2.11024880	2.15538692	2.49420571	2.73955584	2.35146928	2.16351819	1.91918027	1.54854572	1.08451331	0.662791133	0.335331768	0.235799372	0.242865741	0.285690099	0.343919098	0.413473397	0.514725745	0.659015834	0.868663013	1.17696691	1.57108307	2.04159045	2.61642885	3.31605697	4.15345621	5.51125193	7.86446524	11.1146383	13.1323032	9.75697899	8.55828094	8.37593365	8.68999290	9.23597431	10.0048523	10.2949257	10.7505264	10.8186274	10.3714008	9.70622158	8.89368248	8.26996136	7.89766550	7.77861309	7.85384750	8.11578178	8.50116348	9.03477383	9.58331680	9.85541344	9.94397831	9.48033714	8.65265846	7.80478334	7.43623161	7.30336618	7.38149929	7.49343681	7.66772890	8.13866329	10.1658745	11.6373262	12.1514282	11.8796444	11.5664988	11.5491371	11.0897532	10.6018953	10.3091946	10.2453661	10.5062971	10.7834587	11.2230444	11.7256203	11.9461279	10.5123444	11.1752491	11.6113939	11.2169056	11.1074724	10.9039478	10.8635778	10.9878120	11.1857033	11.2739124	11.0777788	10.9400625	10.8818235	10.8674812	10.8048105	10.6285353	10.4272118	10.2564478	10.1118670	9.92910385	9.78650856	9.59692001	9.36290264	9.18955135	9.28448963	9.23143387	9.25384521	9.25727844	9.19736481	9.07982063	9.03823471	8.98988533	8.95922375	8.92677593	8.82913399	8.74895763	8.65114784	8.46506500	8.19355202	7.91293144	7.74555731	7.66881800	7.70502090	7.81609821	7.90360308	7.68713856	7.43262911	7.21433544	7.06800747	6.99089146	6.89162827	6.83713579	6.80868101	6.78929949	6.76379442	6.70579433	6.62580824	6.56035662	6.50098705	6.39427280	6.28320312	6.11809015	5.92554712	5.69843864	5.39588213	5.05682659	4.75604868	4.48662281	4.23820686	3.99704170	3.80817294	3.67458606	3.57223034	3.48108125	3.38514209	3.27882886	3.16215372	3.05518126	2.95680594	2.84475183	2.69637585	2.57468987	2.51050544	2.51309657	2.57019830	2.56419420	2.47808242	2.39827085	2.36633372	2.37901402	2.39422774	2.38585401	2.39537263	2.42289734	2.42717648	2.32108331	2.25425911	2.26032400	2.32414198	2.38182163	2.31868196	2.22922993	2.13473845	2.04655480	1.96610069	1.95872533	2.00064015	2.06657481	2.12540078	2.14013314	2.11149311	2.12249756	2.18992710	2.30422163	2.42947936	2.53849459	2.63774848	2.72250581	2.78203797	2.79962301	2.73034072	2.69261742	2.67503071	2.67511559	2.69936419	2.68817639	2.67956924	2.65484691	2.61551094	2.58326006	2.75882173	3.16990733	3.66847515	4.12966061	4.45177650	4.80031252	5.49183846	6.69340992	7.96542692	8.26163483	5.14272118	3.39741302	4.51468372	7.20425940	7.39661455	7.81587124	6.81991911	5.77242327	5.40072584	5.79583883	6.38600445	6.08541632	5.47725964	5.03847980	5.13978434	4.98319006	4.71946478	4.56631136	4.55565929	4.53366470	4.56334305	4.89497042	5.28560734	5.45495367	5.08535051	4.55450583	4.57319212	4.69943094	4.75038338	4.80234814	4.68292809	4.55732107	4.60474491	4.84431934	5.13506365	5.22442341	5.31791019	5.35617971	5.32849026	5.27270031	5.21812725	5.20416975	5.22662449	5.26914024	5.30321598	5.18839312	5.02362013	4.78767347	4.49642277	4.20282745	3.89872575	3.57468414	3.22541904	2.86509705	2.52733707	2.24826598	1.97843325	1.72316122	1.49674571	1.32245553	1.18382907	1.05964649	0.945586741	0.841927350	0.753544450	0.678784430	0.613684654	0.551044106	0.489628464	0.434170514	0.383008808	0.338176817	0.299501091	0.265633941	0.234053478	0.189740762	0.146581709	0.109962955	8.30644816E-02	6.68596998E-02	5.65025695E-02	5.62951677E-02	7.77746513E-02	0.128173947	0.210421711	0.308110148	0.441217005	0.584729731	0.727064550	0.870066047	0.951351702	1.06621432	1.13389409	1.15259790	1.19949830	1.42813289	1.54854739	1.59952784	1.61274266
16.0000000	2.08227515	2.10074115	2.02038980	1.91869462	1.83366251	1.76383770	1.71114457	1.59978771	1.46790969	1.32805383	1.16716409	1.11516297	1.09019566	1.07158518	1.05452347	1.05007076	1.12537932	1.24475694	1.42407107	1.62606943	1.76037967	1.87873232	1.60049796	1.28235161	1.11334896	1.11492658	1.12830389	1.21388352	1.36026001	1.55046201	1.76195300	1.86534452	1.89991903	1.96939063	2.05099154	1.99547267	2.31810260	2.07452178	1.56706190	1.27472913	1.85320497	3.92727971	5.02335978	5.73579645	5.58515882	3.01823282	2.51326871	2.63902950	3.03606749	3.25167203	2.73986936	2.21339011	1.54998350	0.933333039	0.487470329	0.276774824	0.230628520	0.214181826	0.225160345	0.261010677	0.318900585	0.383800179	0.477119088	0.619928896	0.840363026	1.17361677	1.58980834	2.03964663	2.59166002	3.29269195	4.16790056	5.36808681	7.29894161	10.6277103	13.2605476	10.3425140	8.22951984	7.91597366	8.28404617	8.79498863	9.48913193	10.7391214	11.2236862	11.0931978	10.5695982	9.94641018	9.33540535	8.88238621	8.57236099	8.41522980	8.44578171	8.71623230	9.05105305	9.48635101	9.93222809	10.1727781	10.6855001	10.9088831	10.2204742	8.81579018	7.70831585	7.57406616	7.61823463	7.78321648	8.05143547	8.44534111	9.27264881	10.9226494	11.9984827	12.0139322	11.3934202	11.3702593	10.8642464	10.3484068	10.0594931	9.99797916	10.2137480	10.5692072	11.3052330	12.2193422	12.6656847	10.7275581	11.1631098	11.4627657	10.9666014	10.8643513	10.8533592	10.9890299	11.1776981	11.3590927	11.5063334	11.3966818	11.2332888	11.1413708	11.1178846	11.0315466	10.8652191	10.6940985	10.5322123	10.3719988	10.1843185	10.1435852	10.0491819	9.86365223	9.65905190	9.61695004	9.54637241	9.56301880	9.51493740	9.36675453	9.19967651	9.10027218	9.06302738	9.05871677	9.05546474	9.01873779	8.95927429	8.80193996	8.54178333	8.20689392	7.85840368	7.62376213	7.53457928	7.60121727	7.74659395	7.80618334	7.45905828	7.17670107	7.02322912	6.98822784	6.98675299	6.92029810	6.85716677	6.77543831	6.68565607	6.63082838	6.58114100	6.50177193	6.41327667	6.32664347	6.24328947	6.17184210	6.07993269	5.93198347	5.70347929	5.38096952	5.02603102	4.72237158	4.47957993	4.28258705	4.09166384	3.90571618	3.76506495	3.65966272	3.57405639	3.48738575	3.45088935	3.43591261	3.40681028	3.36479115	3.34791589	3.34197307	3.35866189	3.40326953	3.46884918	3.53622150	3.56000209	3.51179385	3.44070911	3.39425159	3.41831660	3.45276260	3.43310452	3.41623974	3.41817880	3.41404605	3.37507367	3.33883643	3.35018563	3.41485548	3.49946499	3.45723343	3.36743760	3.27174449	3.18381715	3.08931708	3.07912970	3.15146399	3.25707006	3.35434413	3.40932727	3.44479632	3.47910285	3.54894805	3.66212821	3.79753160	3.85792351	3.91120005	3.98282123	4.06090498	4.09622431	4.03795195	4.02286625	4.07311058	4.17972279	4.30263710	4.30907249	4.30792618	4.28810740	4.25701523	4.24053335	4.32019043	4.55645800	4.80108118	4.94412470	4.91397190	4.89449596	5.22174263	6.07013798	7.43411779	9.12813282	7.36003637	5.27337599	4.77563095	5.95434809	7.07713842	6.09422588	5.84003401	5.99262428	6.34260511	6.79313183	7.59583998	7.10629845	6.04403114	5.31873560	6.03027439	5.85098219	5.11803436	4.44158649	4.05815268	3.83061028	3.65994358	3.56710005	3.55201888	3.58981395	3.63077402	3.62442088	3.64785194	3.71578383	3.80550170	3.85685420	3.86337042	3.88515425	3.98573875	4.19897079	4.52900934	4.83641672	5.16997433	5.42233229	5.56637049	5.65519571	5.71044683	5.73610449	5.75729322	5.78795052	5.83082914	5.83014107	5.76809692	5.60652065	5.35474586	5.06961107	4.75160933	4.36275673	3.94831347	3.53477240	3.12985826	2.79534817	2.46929812	2.16849732	1.90605676	1.69141030	1.53234482	1.38276541	1.22823286	1.07367969	0.943410695	0.854949951	0.783203304	0.718103945	0.656863272	0.603970230	0.544448376	0.490420431	0.447302043	0.412014931	0.372987330	0.312423468	0.254520178	0.206736803	0.171275631	0.145082057	0.123932548	0.124568239	0.174485281	0.289179087	0.472144186	0.683616340	0.935404718	1.22318888	1.49245250	1.63848400	1.71021533	1.82809615	1.93745613	2.01458216	2.06671929	2.19834471	2.16837764	2.08160663	2.01432371
15.0000000	2.49129057	2.46963620	2.39418149	2.28541422	2.15724587	2.01701188	1.83052003	1.67375290	1.58083189	1.55062902	1.54676485	1.48207486	1.51191258	1.54987848	1.56185400	1.56600213	1.62520432	1.73283362	1.95308721	2.26769590	2.57592392	2.76190948	2.48259282	2.11615825	1.88933754	1.87740862	1.70408702	1.77052665	1.98276579	2.21188831	2.29402304	2.26449823	2.39154649	2.56097007	2.64043045	2.47944784	3.13150454	2.64878964	1.93120766	1.61554873	2.07548428	3.29045773	4.57385540	5.91362429	6.22560835	3.35355163	2.79426122	2.69339824	2.82829666	2.84099936	2.23825836	1.72524047	1.03292298	0.496674836	0.237024635	0.159661070	0.162534267	0.183773741	0.223372281	0.276691854	0.334463745	0.401575178	0.484255344	0.603033245	0.787751138	1.07756460	1.49755871	1.97176790	2.54198170	3.24327064	4.10398722	5.14620972	6.79929781	9.84625435	12.8285618	12.0461779	9.11590958	8.47542000	8.12564087	7.72139931	8.57142067	10.3892269	11.0484867	10.9750681	10.5311832	10.0153952	9.63622856	9.35525799	9.17446041	9.11457443	9.21510506	9.45963383	9.72859573	9.99343395	10.2551155	10.5441284	11.1375418	11.9521351	11.7627258	10.3667002	8.58402061	8.21105194	8.12591648	8.24316788	8.49147892	8.81364059	9.09499931	9.38287449	10.0338955	10.7994871	10.8258591	10.8125801	10.3660631	9.98328304	9.85613060	9.87141228	10.0862265	10.4504633	11.2099209	12.2057400	12.8744059	11.3639641	11.2130928	10.9861679	10.3536701	10.0921831	10.2980137	10.6510916	10.9395227	11.1073542	11.2545710	11.2799253	11.2038069	11.1376286	11.0991497	11.0124645	10.8935394	10.6969490	10.4971075	10.3145552	10.1159601	10.1863213	10.2485361	10.2174053	10.0916786	9.95406437	9.88909721	9.86066246	9.72800827	9.49879456	9.32909107	9.18752670	9.06981754	8.97993088	8.93226814	8.95167065	8.98718834	8.80692291	8.47281837	8.07723904	7.74297476	7.56795120	7.49770832	7.53669167	7.60049963	7.51588345	7.17558861	6.95820713	6.88390684	6.90593576	6.91062117	6.86125612	6.81148720	6.71235228	6.57262039	6.45879126	6.39037228	6.31406355	6.22267151	6.12967443	6.06922626	6.07014513	6.04793882	5.93911409	5.74933767	5.55343437	5.29778481	5.07414865	4.87730837	4.70042467	4.53503513	4.39281702	4.31838512	4.27888393	4.24218798	4.17689943	4.17907476	4.23312187	4.28546810	4.32488966	4.38251400	4.50567579	4.62126160	4.74168587	4.86512899	4.97553873	5.02598572	4.99699259	4.92181396	4.85599661	4.87737465	4.89864111	4.89430237	4.86836433	4.83607769	4.82393885	4.84390116	4.89716196	4.99610949	5.11825418	5.20622873	5.15617132	5.07850027	5.01119661	4.96893930	4.94311094	4.88844442	4.94565582	5.05742359	5.17345858	5.25049305	5.35399342	5.41535330	5.49552011	5.61532688	5.75549078	5.75924301	5.71793509	5.71331263	5.76461077	5.82855320	5.90404606	6.00446558	6.14339972	6.30112791	6.42461681	6.37636518	6.32928467	6.26862097	6.18826103	6.09073591	6.03839445	6.02758026	6.02021885	5.99624920	5.95362234	5.94419527	6.12170267	6.70392036	7.79663801	9.39366055	9.38562679	8.52570820	8.11537838	8.42032337	8.67043972	7.59125996	6.80515814	6.01522589	5.43974495	5.81219101	6.46770287	6.67027903	6.35055733	6.06445217	6.99315548	6.56887341	5.43297625	4.23677444	3.33923912	2.80700660	2.49677086	2.26951265	2.10563207	2.00474787	1.98569727	2.07787585	2.24697137	2.44744658	2.63311791	2.75715470	2.80388808	2.86031270	2.99657607	3.25437951	3.64697480	4.12010479	4.67334890	5.19297981	5.62656498	5.98296642	6.20474768	6.30038881	6.34102106	6.37338734	6.41983747	6.50213242	6.54480696	6.49319696	6.33488703	6.09970617	5.77526426	5.37461615	4.94253683	4.50199270	4.05413771	3.63662076	3.23817825	2.88358355	2.58674955	2.35072994	2.16013193	1.98416376	1.79249513	1.58069980	1.37025654	1.24852812	1.16673589	1.10715330	1.05767643	1.01182270	0.944990456	0.889175534	0.844867945	0.805180430	0.755848527	0.667393923	0.582728803	0.526391506	0.497123122	0.467867553	0.451488495	0.515554249	0.679383516	0.928491712	1.21459210	1.46206307	1.77344131	2.07915878	2.30115867	2.35289407	2.41618752	2.58002734	2.72853255	2.82123685	2.89308643	2.81836843	2.69626379	2.55308652	2.44174552
14.0000000	2.79011726	2.76304674	2.71966934	2.60340285	2.39961004	2.13559890	1.90929663	1.75484395	1.67913818	1.69485867	1.82046592	1.79148173	1.86505556	1.95238626	2.01988101	2.08915687	2.19623899	2.35715532	2.63315868	3.02375793	3.46671820	3.78659153	3.60751033	3.23360872	2.92010689	2.87330770	2.46282697	2.53946257	2.73825598	2.81028008	2.62263703	2.48762035	2.70590448	3.01014280	3.18467832	3.06554198	4.47904348	3.48033977	2.37703037	2.18818474	2.64434338	3.17600560	4.52729607	6.33831692	7.04240274	3.86611438	2.81858468	2.12916613	1.93265343	1.93415451	1.40909171	0.943998337	0.496392578	0.207469299	0.107391365	0.115289323	0.158926666	0.215731069	0.279126793	0.338987350	0.381635517	0.444017082	0.529170156	0.645053864	0.811430633	1.05986679	1.43907273	1.91263866	2.47939277	3.14133072	3.90361738	4.82768965	6.20528030	8.76906109	11.8150997	13.2028580	9.97608376	8.53533268	7.42704153	6.56201267	7.21542740	9.17905617	10.0794153	10.3108730	10.1957245	9.98418999	9.81765366	9.75487614	9.77110863	9.85992146	10.0332069	10.2087870	10.4027214	10.5851316	10.7461929	10.8961344	11.3807220	12.4820194	12.6802168	11.4931154	9.47613239	9.06502342	8.83928680	8.74413490	8.71774006	8.69122982	9.13802242	8.78710079	8.70429516	9.17801952	9.71927929	10.0014114	9.87682247	9.75482655	9.79884911	9.92643166	10.1582298	10.4634390	11.0133390	11.7660847	12.4667034	11.8585434	11.2028151	10.5364599	9.92418385	9.45845985	9.69359303	10.1265898	10.4461479	10.5718565	10.6541948	10.7059135	10.7692595	10.8055534	10.8104448	10.8139181	10.8004017	10.5621033	10.2683706	10.0259972	9.87921619	10.0138483	10.1666222	10.2212934	10.1636696	10.0816107	9.98774052	9.84401226	9.62964535	9.41275597	9.35034657	9.12138653	8.86922932	8.70711517	8.68131924	8.77114296	8.82211781	8.60646439	8.21983147	7.79609251	7.50735664	7.43402433	7.38771915	7.36032343	7.32178116	7.22009563	6.91626167	6.70998716	6.64543724	6.66947412	6.63164997	6.58697414	6.55371428	6.48307800	6.37185669	6.26242828	6.20918512	6.15250492	6.09688854	6.04631615	6.00425625	6.05515814	6.07514763	6.04192877	5.96829033	5.90210724	5.80923510	5.72303677	5.61571932	5.48677540	5.36298656	5.28071976	5.26545668	5.30660772	5.36753702	5.38556290	5.39169979	5.46418905	5.57659101	5.71459150	5.87600327	6.09692574	6.27766180	6.44119740	6.58649445	6.68849421	6.75870991	6.78027487	6.77430439	6.77307749	6.82003832	6.82764530	6.82541466	6.81949568	6.82758808	6.87894201	6.95811844	7.08989859	7.25959539	7.42050409	7.49390650	7.38222980	7.30224752	7.28576040	7.33625078	7.42887449	7.38383961	7.39207935	7.44795036	7.53439045	7.62292242	7.69314146	7.76821184	7.82556915	7.85590219	7.86315632	7.86334896	7.82874632	7.83055115	7.89909887	8.02385712	8.19750023	8.34898663	8.51721096	8.66974831	8.70284843	8.53908920	8.40762806	8.29378700	8.14108753	7.85125160	7.57245016	7.35329437	7.19002342	7.08032084	7.02331448	7.10562849	7.27392435	7.65209198	8.31511879	9.28908443	9.78699112	9.70277500	9.48281574	9.32312107	9.16933727	9.26871300	9.41456509	8.79615593	7.71961403	7.60793400	6.13469505	5.75511122	5.91499138	6.39238119	7.29756355	6.79476404	5.33568096	3.77472830	2.60625863	1.96456170	1.61120439	1.34208155	1.14005423	1.00505257	0.954076648	1.01309431	1.15901542	1.34608448	1.53253841	1.68060637	1.75075674	1.81745708	1.94498348	2.17103505	2.50673223	3.01387906	3.70189357	4.48470783	5.28414392	6.02991247	6.51659918	6.76158762	6.89229822	6.98861742	7.08289957	7.18606520	7.28677797	7.34240961	7.31812096	7.18686104	6.89856958	6.55552721	6.17613506	5.78002262	5.38804722	4.97649002	4.56468439	4.18428755	3.85399270	3.57952881	3.31568551	3.10804105	2.91688919	2.71059012	2.46557069	2.25842142	2.11397123	2.02927661	1.98506606	1.94574153	1.90587592	1.87332714	1.84517336	1.81120133	1.75390720	1.64234030	1.56031120	1.52207208	1.50961471	1.47267151	1.49812055	1.66390252	1.95299733	2.27686810	2.47546077	2.51678681	2.62886548	2.76210260	2.85204220	2.81936646	2.98948026	3.28302264	3.52788997	3.64837646	3.66517401	3.41438389	3.20917296	2.99544144	2.81735706
13.0000000	2.78315258	2.70391774	2.64555669	2.56282520	2.41158175	2.14878869	1.96059024	1.79576528	1.75640082	1.84726071	1.97578561	2.04624557	2.12541795	2.19760394	2.30855775	2.56548452	2.82924199	3.13915539	3.46760225	3.82752943	4.27245235	4.68510485	4.58848524	4.23878765	3.89236259	3.80571795	3.19249177	3.43692231	3.67531657	3.55297971	3.22421575	3.03564119	3.25795174	3.64125633	3.87551451	3.59053540	6.18333054	4.68347692	2.93557668	2.56318760	2.96881819	4.17466307	5.10064459	5.48194075	4.81007910	2.33293366	1.82877982	1.60090089	1.49680114	1.35267699	0.993416905	0.523501754	0.233247593	0.109691076	0.105945893	0.141202837	0.202449769	0.278355896	0.354740977	0.419873089	0.464468241	0.534311771	0.646159887	0.805515349	1.01944041	1.29655719	1.68203449	2.11958218	2.61766267	3.18318677	3.82151341	4.60107565	5.69141912	7.71742964	10.4238195	12.6751299	10.3214893	8.21435261	6.47443438	5.62037992	6.56876278	8.77805519	9.69135380	9.96532726	10.0204659	10.0410938	10.0934381	10.2177515	10.3326578	10.4364815	10.6072483	10.7907190	10.9708843	11.1593103	11.3221827	11.3803062	11.5846415	12.5516787	12.9324188	12.1470261	10.3848295	10.2110233	9.99974155	9.60051537	9.09847355	8.81433201	9.55154896	8.97764683	8.25261211	8.14410305	9.02744675	9.60058784	9.76786900	9.85797024	10.0096483	10.1717377	10.4332104	10.6756401	10.9740877	11.3984146	12.0132780	11.8760395	11.1375589	10.3418522	9.68140697	8.99717903	9.30187798	9.68021488	9.93858242	10.0650940	10.2295818	10.2913370	10.3533525	10.4111280	10.4858704	10.6245022	10.6563721	10.3824472	10.0693293	9.85917473	9.76969624	9.83068562	9.94544506	9.96900082	9.88537598	9.80758476	9.67294025	9.44752121	9.21557045	9.06895638	9.10716724	8.90437889	8.63678837	8.41485405	8.29997158	8.30447102	8.27832317	8.09858894	7.78043079	7.41298294	7.15935946	7.10134935	7.06563425	7.02322245	6.95606327	6.85704708	6.61008310	6.41417980	6.34954214	6.38868380	6.39643431	6.36635971	6.35338449	6.32111788	6.26518679	6.21323633	6.17205811	6.13139296	6.10226917	6.08695364	6.07895517	6.10878229	6.16851950	6.23328829	6.29524946	6.36360931	6.40873480	6.44174719	6.44964838	6.43389463	6.41040707	6.43090963	6.50232553	6.63242912	6.80055809	6.95761395	7.02314615	7.14626074	7.31534767	7.54133749	7.85770130	8.13965797	8.31267929	8.44772243	8.56142902	8.61612034	8.69908524	8.77854824	8.88210487	9.00169754	9.09362316	9.09024239	9.05120277	9.02235031	9.05410862	9.20146275	9.39011383	9.56472301	9.73477650	9.88703060	9.98551369	9.83835316	9.71554470	9.69967556	9.80248833	9.96487331	9.96699524	9.99696732	10.0384150	10.0769806	10.1003218	10.0464373	10.0220375	9.97727394	9.92926979	9.96213055	10.1318979	10.2280540	10.2883434	10.3544254	10.4718819	10.6596203	10.7574282	10.8214264	10.8617840	10.8427296	10.6665430	10.4563532	10.1931801	9.84409618	9.36223602	8.93475342	8.58711815	8.29699898	8.05434418	7.86138391	7.84169436	7.95200634	8.15032673	8.40336704	8.68654251	8.74447918	8.47842312	8.05960751	7.63261509	7.31537580	7.79305744	8.81470490	9.53812504	9.54145050	8.82313824	6.83191061	5.38226366	4.54622602	4.62636232	6.15577316	6.52581024	4.99402142	3.20341992	1.99540699	1.40977108	1.08437800	0.845453680	0.670269787	0.550970972	0.494574487	0.505152225	0.585985005	0.723244131	0.886901200	1.03072786	1.08701825	1.10859728	1.15662754	1.27160406	1.47335434	1.84195983	2.45732784	3.28164673	4.25574255	5.29907942	6.14594555	6.62624025	6.93129826	7.17553902	7.39647150	7.61537218	7.84039354	8.04177666	8.18208790	8.21621227	8.12458801	7.96037579	7.74492645	7.50220776	7.25881100	6.97288513	6.66736126	6.35497141	6.05221796	5.77937984	5.48993826	5.25028276	5.05507994	4.88600206	4.71172571	4.47192001	4.25778008	4.10771608	4.01946259	3.95007181	3.94341421	3.95914483	3.98987603	4.01134300	3.98240089	3.91098094	3.86961722	3.87487984	3.89345074	3.84212208	3.74774265	3.75723410	3.92464733	4.12371492	4.04784918	3.90157866	3.65254092	3.47336435	3.42754292	3.46943569	3.80915904	4.18583918	4.42709732	4.43163347	4.16922998	3.82389188	3.51090908	3.19511271	2.94806695
12.0000000	2.50157952	2.31019449	2.19089460	2.16367006	2.14775944	1.96164954	1.93095613	1.80280554	1.79140019	1.92298508	2.03584504	2.17913103	2.19968629	2.25489211	2.43939376	2.78509808	3.21901822	3.68121958	4.07326698	4.40685987	4.80383062	5.20064735	5.21552706	5.05610609	4.86722517	4.73093367	4.14588976	4.32185745	4.55202818	4.50289059	4.21423435	3.94827676	4.10942173	4.33158493	4.36340523	4.06824398	7.54910898	5.49063396	3.24394655	2.93213463	3.45024967	4.56475639	4.85765886	4.35001373	3.24123716	1.90910614	1.27580369	0.892028868	0.726497591	0.702601790	0.698409319	0.315369546	0.153601781	0.116471030	0.141935274	0.202545598	0.264427871	0.344339788	0.427931041	0.509192288	0.590455353	0.685273349	0.836184621	1.07071626	1.38972068	1.76737535	2.17387581	2.59364486	3.01627779	3.45764756	3.95990515	4.58059406	5.35025692	6.64447498	8.62421608	11.2358418	11.4041214	8.62165451	5.89212322	4.99552011	6.48814583	8.56590748	9.39742661	9.67938519	9.82927990	9.98541164	10.1331882	10.3856621	10.6345453	10.8366547	11.0139112	11.1974373	11.3979416	11.5681181	11.6769695	11.7098045	11.8315430	12.5755672	12.7581253	11.9097958	10.2754860	10.4591579	10.7122755	10.4612083	9.71048546	9.04279613	9.97105598	9.74265671	9.24735165	9.05460167	9.41357899	9.90827084	10.0985422	10.2481508	10.4403944	10.5781069	10.7771921	10.8662529	10.8916607	10.9833641	11.3548908	11.2692318	10.5085440	9.77893829	9.35187721	9.06416893	9.22731876	9.31269741	9.40485382	9.58383465	9.92518520	10.0352764	10.0441055	10.0728645	10.1840649	10.3815269	10.3743000	10.1653461	9.95486164	9.84313011	9.83052731	9.77510548	9.67208004	9.51029205	9.34704113	9.30809021	9.20023441	8.98979092	8.79333210	8.67328835	8.63794994	8.52596283	8.33150482	8.11049175	7.91093826	7.77295971	7.64325476	7.46990681	7.25303984	7.02942848	6.87249660	6.85146666	6.82786226	6.77139378	6.68317747	6.59574127	6.38558340	6.22807789	6.18273544	6.23991680	6.32083511	6.39743900	6.45424557	6.46349239	6.43392467	6.41079283	6.38999319	6.41218662	6.44010592	6.45990419	6.48115063	6.53092194	6.60578632	6.70244408	6.82984638	7.00919485	7.21986723	7.36119413	7.47018719	7.57094908	7.67466688	7.78615141	7.95276928	8.17387772	8.43531609	8.70942211	8.93455696	9.17482376	9.44863224	9.77077866	10.1524553	10.5061407	10.7730951	10.9619980	11.0768852	11.1171513	11.1505737	11.2143230	11.3580227	11.5491381	11.6729736	11.6717653	11.6665230	11.6435862	11.6538544	11.8127747	11.9201574	12.0605717	12.2114782	12.3255949	12.3308907	12.1884346	12.0859604	12.1132469	12.2554665	12.3931770	12.3873711	12.4028149	12.4213524	12.4198198	12.3700514	12.1933584	12.0575914	11.9606733	11.9582949	12.1639156	12.5396452	12.8269215	12.9334602	12.8946009	12.8733110	12.8588362	12.7936563	12.7870121	12.8706198	12.9986715	12.9214945	12.6698341	12.1958313	11.5553112	10.9077873	10.3452454	9.82750893	9.35528088	8.92847157	8.54619789	8.21273422	8.08628273	8.08965969	8.09504223	7.92397833	7.54872417	7.01007462	6.43775606	5.92101669	5.50862122	5.63827991	6.34131479	7.29097223	8.15588188	8.60006523	8.10496807	6.85968733	5.57147932	4.98122263	5.86341190	6.63510704	5.06481886	3.15146756	1.90794778	1.36112797	1.09532452	0.941036582	0.834295213	0.742902517	0.666432559	0.591419876	0.632800639	0.673034012	0.677674830	0.695373833	0.689981699	0.629158676	0.591424286	0.615820944	0.701913059	0.902825475	1.27809310	1.83940887	2.60222697	3.58576107	4.62394285	5.27161932	5.73885393	6.16709328	6.62916422	7.14768171	7.66139793	8.16739845	8.63458347	9.00366306	9.19164181	9.31141758	9.36394215	9.36778450	9.35912323	9.30621243	9.25070095	9.17086315	9.07178783	8.98537922	8.81165123	8.66501045	8.56769466	8.49484539	8.37449169	8.14382648	7.91912699	7.76338053	7.68452978	7.63546610	7.59748793	7.61571836	7.62908649	7.60725307	7.55060911	7.53304052	7.53229809	7.47286606	7.26420546	6.80075026	6.16796112	5.73556662	5.65620184	5.85603476	6.03476429	5.84171295	5.14879847	4.49430609	4.23927069	4.56747818	4.98132467	5.18361855	5.13619995	4.82493782	4.25972795	3.71402645	3.30303311	2.98190689	2.77478552
11.0000000	2.02178669	1.86954808	1.73206675	1.68739355	1.70400071	1.64078283	1.77016556	1.78187406	1.84250617	1.98858821	2.12657547	2.12601495	2.09591484	2.13657880	2.32226229	2.70117068	3.13032341	3.57655859	4.01870871	4.44540739	4.85508680	5.13199568	5.33923149	5.40499353	5.33189631	5.19696617	4.87248659	4.98047543	5.12163162	5.10861349	4.96604061	4.88259792	4.91781044	4.86031771	4.93109226	5.78344488	7.76498652	5.47576284	3.51402330	3.46046329	3.87822270	4.63531542	3.97379470	2.93557143	2.00431824	1.10547197	1.41263211	1.20592809	0.948229253	0.829061985	0.764610112	0.332934797	0.178019345	0.158952594	0.190949529	0.245351315	0.306254417	0.388242692	0.481611192	0.582743406	0.694111288	0.834720433	1.06502986	1.40525603	1.83959651	2.31623197	2.79050994	3.25390697	3.66500330	4.02455044	4.37546825	4.76418543	5.21690464	5.97215271	7.12846422	8.64438725	9.87477303	7.47201586	4.94797897	4.29668093	5.99429131	7.79405594	8.56606293	8.94722939	9.28158665	9.62027836	9.92182922	10.2601910	10.6172352	10.9649162	11.2652740	11.5103159	11.7092562	11.8475170	11.9289370	11.9757652	12.0757160	12.4774294	12.1253824	10.8414106	9.32470798	9.64411926	10.1241932	10.4943914	10.3720732	9.26250076	8.94854355	9.33474636	9.92063904	10.4042196	10.6819563	10.6452255	10.5669003	10.5748158	10.6813164	10.7832613	10.8419523	10.7884464	10.6699085	10.5751629	10.6346855	10.8584757	10.0110865	9.36318874	9.32813168	9.46194458	9.34442425	9.19719315	9.07575798	9.07499886	9.32916451	9.50606918	9.58094883	9.69163322	9.88100529	10.0969906	10.1378393	9.95833778	9.80926609	9.76533413	9.72519112	9.56068230	9.32974339	9.09934235	8.92999554	8.87576199	8.72213936	8.56733799	8.43226242	8.32781506	8.25490856	8.04361153	7.90144920	7.76103067	7.58047533	7.34341574	7.15832901	7.01753998	6.90184546	6.79857922	6.70160961	6.74582148	6.74895000	6.73433161	6.70940542	6.66571236	6.49143791	6.37745380	6.37296677	6.47145414	6.61067057	6.76358652	6.87981033	6.91895866	6.90662432	6.93437624	7.01448107	7.12804317	7.24065733	7.34051275	7.43840075	7.55584192	7.64971495	7.78252935	7.99455118	8.30380154	8.63514423	8.88430309	9.10400200	9.29883766	9.42528057	9.58553982	9.83438683	10.1331348	10.4660625	10.8404140	11.3006792	11.8336191	12.3311472	12.7534981	13.1292353	13.4865885	13.8852367	14.2381048	14.4818707	14.5769749	14.6122932	14.6618843	14.7526512	14.8764448	14.9900770	15.0193243	14.9818106	14.9485283	14.9707785	15.0801764	15.0644350	15.0539017	15.0662098	15.0377598	14.8237104	14.7580547	14.7947788	14.9250994	15.0562983	15.0117245	14.8347149	14.7806911	14.7538557	14.6936855	14.5749254	14.3267822	14.0913420	13.9043941	13.8522415	14.0717087	14.5290070	14.8429480	14.9216919	14.8138733	14.7085981	14.6197567	14.5935812	14.6745548	14.8733921	15.1670341	15.1681309	14.9488506	14.4869595	13.8425169	13.1578684	12.4736700	11.8611097	11.2422733	10.5784521	9.87013912	9.31381035	8.93025780	8.67486095	8.44104099	8.06025696	7.55667400	6.94507885	6.31087494	5.74272823	5.33256483	5.29310751	5.67734003	6.32005596	7.07995892	7.83966255	8.31244469	7.93718004	7.12617826	6.41940784	6.48449564	8.21871376	7.10369778	4.94988203	3.08766651	2.36741829	2.16112018	2.18507719	2.32203388	2.52268195	2.80565953	2.53855586	2.13082957	1.74943841	1.45988226	1.22620475	1.20311117	1.09868693	0.897603452	0.639459252	0.418780565	0.442316234	0.749382615	1.05646825	1.33269417	1.79981411	2.60293102	3.16024303	3.64522839	4.17285347	4.79957104	5.66277933	6.59284258	7.49117136	8.29654980	8.98513508	9.45479870	9.83024979	10.1481876	10.4308500	10.6860151	10.9498672	11.2589054	11.5784979	11.8643246	12.0623817	12.0782137	12.1638498	12.3335714	12.5239258	12.5937357	12.5159521	12.3997278	12.3211279	12.2968760	12.2843590	12.2242413	12.1236219	11.9318762	11.6482353	11.3217916	11.0408373	10.6658163	10.0804129	9.22363663	8.08982563	7.03240824	6.38817787	6.24070978	6.65587473	7.68183899	9.01060200	7.33191633	5.58116150	5.05491304	5.41093922	5.69456625	5.69381094	5.39451265	4.81061172	3.98414445	3.15117168	2.63399601	2.34135032	2.21131468
10.0000000	1.42098176	1.33693504	1.21398711	1.14676499	1.14702201	1.14363670	1.42743456	1.49026227	1.53824520	1.62221146	1.63769114	1.63020015	1.66061425	1.78149962	2.03406286	2.44815326	2.87986469	3.37902761	3.89822149	4.37437630	4.72876978	4.99656773	5.03801918	4.95987415	4.85344839	4.79462719	4.63403416	4.89898634	5.21611595	5.40397549	5.47304201	5.49114370	5.32319784	5.22238255	5.69867182	7.51883507	7.41649961	5.58296394	4.27796412	4.17545033	4.36358309	4.44024372	3.10190177	1.79419112	1.10504067	0.764675438	0.871457279	0.848791659	0.827529371	0.804678977	0.643406928	0.290348381	0.192557126	0.206035048	0.248005897	0.296915352	0.362407029	0.438401312	0.542299867	0.678710043	0.839444876	1.05927181	1.38885260	1.82506156	2.34902859	2.92613935	3.45852280	3.92465591	4.32953405	4.67096138	4.93954992	5.16478586	5.37571907	5.69149828	6.26665688	7.29111099	8.38952923	6.62739325	4.74399233	4.27540970	5.55451155	6.42310715	6.89377022	7.42431688	8.15581322	8.91258526	9.46296692	9.93207455	10.3958340	10.8548479	11.2344122	11.5946188	11.8551216	12.0209408	12.0829954	12.0181065	12.0099926	12.2417269	11.5851431	10.0537777	8.80286789	9.02732277	9.44007874	9.92123413	10.2475719	10.0925627	9.83903694	10.2208948	10.7041321	10.9550037	10.8400202	10.5388527	10.3704605	10.3237181	10.3872490	10.5494156	10.6968775	10.6290264	10.4644470	10.2972794	10.1972227	10.3291607	9.91287708	9.21178436	8.59179306	8.52131176	8.58868980	8.93945503	8.98505116	8.72651482	8.75447464	9.01062489	9.23986244	9.42016506	9.57285976	9.76260662	9.84776497	9.76452351	9.61796284	9.46240520	9.30141449	9.16992569	8.96800137	8.77754593	8.63063049	8.50949478	8.25494766	8.15245724	8.11776733	8.05964184	7.87986708	7.61121035	7.46504402	7.38264656	7.29369640	7.11626959	6.95623064	6.83713865	6.75984049	6.71684837	6.69234467	6.70232248	6.76440287	6.84919357	6.93276215	6.99662876	6.89161396	6.82136106	6.87652349	7.06079912	7.29093456	7.51082802	7.66744375	7.73849297	7.78094482	7.93102312	8.18391037	8.40985775	8.59305000	8.74549294	8.90700531	9.13819408	9.32212162	9.54985142	9.86958218	10.2866468	10.7300415	11.1353378	11.4998550	11.8018780	12.0006552	12.1886759	12.4687119	12.7686777	13.0834475	13.4748592	14.0679264	14.7341909	15.3521957	15.8527174	16.2187634	16.6268482	17.1139393	17.5656300	17.9160061	18.1476460	18.2318344	18.3265686	18.4382286	18.5558300	18.6510334	18.5805511	18.4731350	18.3686886	18.3002396	18.2939415	18.2181320	18.1080399	17.8984089	17.5809898	17.2045364	17.0646954	17.0034885	16.9170265	16.7460575	16.4759655	16.1934109	16.0460300	15.9698811	15.9036303	15.7885799	15.5276842	15.2905045	15.0844679	14.9406767	14.9138908	14.9982805	15.0480776	15.0595579	15.0656567	15.1359615	15.3654785	15.6485023	15.9773865	16.3098278	16.5688744	16.6329060	16.5699272	16.4101658	16.1807537	15.9057379	15.4975729	15.0063944	14.4197359	13.7226830	12.8978710	12.2389593	11.6790953	11.1473007	10.6166716	10.1043797	9.54983330	8.98858929	8.37032700	7.72215509	7.14860678	6.94670296	7.04109859	7.33167458	7.74506807	8.23468304	8.97211361	9.39202976	9.28929710	9.05498123	9.67633915	10.1803093	10.4788189	9.21754837	6.80440044	5.40950155	5.35152340	5.71466446	6.42585421	6.97556639	6.41781712	5.26806307	4.42386770	3.60789490	2.77701712	2.12231731	1.86152065	1.54154563	1.16375446	0.787105262	0.528152823	0.469207048	0.677217245	0.821857095	0.810484827	0.788144350	1.27735233	1.57519507	1.88379514	2.32398844	2.93532205	3.91260433	5.06783533	6.28658915	7.46245861	8.49705124	9.22991943	9.74758434	10.1212740	10.4462366	10.8417387	11.2436676	11.7249250	12.2833853	12.8697786	13.3876839	13.8520594	14.3634577	14.8957558	15.3775473	15.6921587	15.7573080	15.7408667	15.6651878	15.5403080	15.3639412	15.0622969	14.5976515	13.9925785	13.2911577	12.5589828	11.7515020	10.8427849	9.79307175	8.59063148	7.25176287	6.31722641	5.89316463	5.95467329	6.53113937	7.70624161	10.1776676	9.43899059	7.42007160	5.66966820	5.35543013	5.46135998	5.37566805	4.98973465	4.26427794	3.22934675	2.34011173	1.86318636	1.64219332	1.56532073
9.00000000	0.880284965	0.799781919	0.717806101	0.669355631	0.661626041	0.674011171	0.794246256	0.868759453	0.912725031	0.932896852	0.927608371	1.15958416	1.36829805	1.59321475	1.87806177	2.27083087	2.82759476	3.42333746	3.98250175	4.46419239	4.86217928	5.49474239	5.71520519	5.63438749	5.40463734	5.21982765	4.30205917	4.45235348	5.06282806	5.66138077	5.91168642	5.89330387	5.44752121	5.45128679	6.48723412	8.84368420	7.51182222	6.18990326	5.36709404	5.04671526	4.74624443	4.05974054	2.65620708	1.55375218	1.08901620	0.917173445	1.07435179	1.10495889	0.999696374	0.799147427	0.593776107	0.317589283	0.240579337	0.250042796	0.288552105	0.353955537	0.419660360	0.502545118	0.631084085	0.819680989	1.06866920	1.38862717	1.82734752	2.35509825	2.94247842	3.56041694	4.10969830	4.54940081	4.89697075	5.17493629	5.41090345	5.61953115	5.77553988	5.83501530	5.90535212	6.24525261	6.92595863	5.86878920	4.53623104	3.92099667	4.54602003	4.66966534	5.01188850	5.83022451	7.03485584	8.18861294	8.92769909	9.52090454	10.0544596	10.5459204	10.9441547	11.3037844	11.5402088	11.6563578	11.6396427	11.4619503	11.2693272	11.3689337	10.8659401	9.59664917	8.12848568	8.05091000	8.38876820	8.87048531	9.26576042	9.38556671	9.39328957	9.50431156	9.69244099	9.88414860	9.95856667	9.87076855	9.81653309	9.85947990	10.0353289	10.3518972	10.5259552	10.3764992	10.1133900	9.85707378	9.63858318	9.37506580	9.27757549	9.42592335	9.48467922	8.70317078	8.36200428	8.81678772	8.98945999	8.67095375	8.52120876	8.81782627	9.09334278	9.24164963	9.24814224	9.18971920	9.19198990	9.25360680	9.18320370	8.98035908	8.83559132	8.71975708	8.55590153	8.37641907	8.18757153	7.96948242	7.79951811	7.78949213	7.81057692	7.77381945	7.63014603	7.41784668	7.33491325	7.31582975	7.27571440	7.11032200	6.99406672	6.93295717	6.91820335	6.95274019	7.05122709	7.11050463	7.18875217	7.27471828	7.38473463	7.56272078	7.58313179	7.62249708	7.75916243	8.00084591	8.28463364	8.59358978	8.76194859	8.89618969	9.06686974	9.30861473	9.60342789	9.87011051	10.1156330	10.3762484	10.7174950	11.0895100	11.4143572	11.7367554	12.1157522	12.6247339	13.0015640	13.3570681	13.6955738	14.0259829	14.3617649	14.6534529	14.9318037	15.1740580	15.4098682	15.7212925	16.1689816	16.5758915	16.9512825	17.2928791	17.5868721	17.9021988	18.1447010	18.3307438	18.4840450	18.6356907	18.7863064	18.9208012	19.0035267	19.0655022	19.2044125	19.2380943	19.1924381	19.1233101	19.0433788	18.9221420	18.7371979	18.4536400	18.0012589	17.4098129	16.8090324	16.3768406	15.8984413	15.4561195	15.0808220	14.7521601	14.4977703	14.3166580	14.2195873	14.1574984	14.0214987	13.8850069	13.8094177	13.7630939	13.6727400	13.4234076	13.1425800	12.9661932	12.9051790	12.9394741	13.0180216	13.2864485	13.7045984	14.1582232	14.5607939	14.8534899	15.1555090	15.4234829	15.6757555	15.9476748	16.2915840	16.4193172	16.3389378	16.0859833	15.7046537	15.2478151	14.7098265	14.1901627	13.7160683	13.2902527	12.8908911	12.5142803	12.1422873	11.7321758	11.2843771	10.8424940	10.4955873	10.3737087	10.3587627	10.3889217	10.4586239	10.9005709	11.7717600	12.6393356	13.1030617	12.7953310	13.8339615	14.5174646	14.7006044	14.1681013	12.6346531	11.3200169	11.9255466	12.9485979	12.9757795	10.6829653	8.19379711	6.36456251	4.90431070	3.84958076	3.56440353	2.85436583	2.21098328	1.63687670	1.16072631	0.837271094	0.654352367	0.664138317	0.736896813	0.750377834	0.589813650	0.710107803	0.786545396	0.913480043	1.16005218	1.57018948	2.42991543	3.59055376	4.98212147	6.47120380	7.86095524	8.92771435	9.60029984	9.99211121	10.2363892	10.4862232	10.8526573	11.3740129	12.0148306	12.7212868	13.4211855	14.0262871	14.5566225	15.0307093	15.4623518	15.8606462	16.0401173	16.0296764	15.8630466	15.5835428	15.2440643	14.6413002	13.8467064	12.8973494	11.8533316	10.7978020	9.75821781	8.71185493	7.64451742	6.59623909	5.66128969	5.17318153	5.03879976	5.18059301	5.60747194	6.41480541	7.24001932	7.34599590	7.12025690	6.49430704	4.94363308	4.64493036	4.33937645	3.77344513	2.92780447	2.01731110	1.49085367	1.19470382	1.02833962	0.943328798
8.00000000	0.480961382	0.436785519	0.455448210	0.484736592	0.499894738	0.503623784	0.499343276	0.539613724	0.606184602	0.683117330	0.756785691	0.953231096	1.27828324	1.67613709	2.15069103	2.76554751	3.25239134	3.99866867	4.62407494	4.97538757	5.12646389	5.76276493	5.95364666	5.88771486	5.73900700	5.66698790	4.98714161	4.97150087	5.28334761	5.67079020	5.96675777	6.10974360	5.71658659	5.68317080	6.54598665	8.48212910	7.91974974	6.88501692	5.71369219	4.66381836	3.91572142	3.22350907	2.29354548	1.55565393	1.19100714	1.13212729	1.25360525	1.24025202	1.08007157	0.808753431	0.509672165	0.327263743	0.276642978	0.294366747	0.345284522	0.422538191	0.502690971	0.610151768	0.785509884	1.04766369	1.39381969	1.83484817	2.35695863	2.93314934	3.53281617	4.12175226	4.63697147	5.05291176	5.39397669	5.67177534	5.88511944	6.03619623	6.12145185	6.10232115	5.98571253	5.82401228	5.75108385	5.21875858	4.67095613	4.44029570	4.74809980	3.96619701	3.92421556	4.74910307	6.15270138	7.43174696	8.15511799	8.75651073	9.31544304	9.82753181	10.2044897	10.4159489	10.5681143	10.6457415	10.6148348	10.4226608	10.0372133	9.99116611	9.87543678	9.11615467	6.97467327	6.85731506	7.25472832	7.77864504	8.18166351	8.35724735	8.47697067	8.59071922	8.76939487	8.99456978	9.15849304	9.16721725	9.22708130	9.38393307	9.62788963	9.89332867	9.95936775	9.68302536	9.31769753	9.02806568	8.89009285	8.64639091	8.41202831	8.34035110	8.05880928	6.66894913	8.04841995	8.95542908	9.09228134	8.68024540	8.45955563	8.69763374	8.86879730	8.89628220	8.77995300	8.59629631	8.59468746	8.66701794	8.68517303	8.61878872	8.53525162	8.42479229	8.23187351	8.01011562	7.79183388	7.58803129	7.57474518	7.67830515	7.72935295	7.67654181	7.58653831	7.52966785	7.55928612	7.58792353	7.55241108	7.41387701	7.33209515	7.30636024	7.33742857	7.42219448	7.55369425	7.70787096	7.81882811	7.97371244	8.18597317	8.39537430	8.50123596	8.60752964	8.81623459	9.15853024	9.59479332	9.96429634	10.1412630	10.2936954	10.5243540	10.8707609	11.1950159	11.4873028	11.7701006	12.0540133	12.3377848	12.7357445	13.0939178	13.4484739	13.8125944	14.1764803	14.3740959	14.4793091	14.6058874	14.7855024	14.9677238	15.0883980	15.2133875	15.3425970	15.4509716	15.4884834	15.5111237	15.5391169	15.5734777	15.6121864	15.6502047	15.5342865	15.3156404	15.1071215	14.9412661	14.7703018	14.6789045	14.6164131	14.5491161	14.4729080	14.4132919	14.3475275	14.2545605	14.0962944	13.8706207	13.6114216	13.3446846	12.9960804	12.5768499	12.1092319	11.6264696	11.1594191	10.7001896	10.2796097	9.92619228	9.66612434	9.44599628	9.29516411	9.20491600	9.14462948	9.06176472	9.01897907	9.00973034	8.97393131	8.87248993	8.68729973	8.47944355	8.33835888	8.25958061	8.24884510	8.32207966	8.51627827	8.79506016	9.10506630	9.41623783	9.72181129	10.0526705	10.3581543	10.6862812	11.0434093	11.3942404	11.6786623	11.8917713	12.0856915	12.2455473	12.2894650	12.1822519	12.1383572	12.1779175	12.3045502	12.5053682	12.8311567	13.0543165	13.1685553	13.2138109	13.2762423	13.3417292	13.3910379	13.4545479	13.5062895	13.4639578	13.5832338	14.1431732	15.2008972	16.5163517	17.5522976	18.6059418	19.2722225	19.1631508	18.8886585	20.0566101	20.9818096	18.7021503	16.4015732	14.9082718	12.6946936	9.12211990	6.71173239	5.34353113	4.73733854	4.45279884	4.37486076	3.77129674	2.85548496	1.88775492	1.17538893	0.828321218	0.728600442	0.805335641	0.935297072	0.942917764	0.702517033	0.529482126	0.467286050	0.522018969	0.662387490	1.10799408	1.95873737	3.21875405	4.81214237	6.58296299	8.11057758	9.09313583	9.61164570	9.80705070	9.88022804	10.1249409	10.5804272	11.1850719	11.8574438	12.4962873	12.9005814	13.1392059	13.2960587	13.4842815	13.8462620	14.0106974	13.9377413	13.7039165	13.3366766	12.8144150	11.9514360	10.9349737	9.83416653	8.71756935	7.65314484	6.72805834	5.85363817	5.10663652	4.52107048	4.08822012	3.86678052	3.79351735	3.80915046	3.93012333	4.24860859	4.77797651	5.04646969	5.63385105	6.00009346	4.48538637	3.47285771	2.85577440	2.19974995	1.47741270	1.06840599	0.860816538	0.711844325	0.605016172	0.541848600
7.00000000	0.370093912	0.325333565	0.354114860	0.434611589	0.528543532	0.581176221	0.523108900	0.512570202	0.622753501	0.901843667	1.37301648	1.62819660	2.05304551	2.49331021	2.94203329	3.53955269	3.71278334	4.25048876	4.84352922	5.26965046	5.39348316	5.71289492	5.88226461	5.92661095	5.89095497	5.84031677	5.61342907	5.50632334	5.48198605	5.53323174	5.68269920	6.14468193	5.99208450	5.76404142	5.96643400	7.07189560	7.45653105	6.46054029	4.91145325	3.71697116	3.86496782	2.04118371	1.47361517	1.37099469	1.31158340	1.24316990	1.10720646	0.979435742	0.798701167	0.573705196	0.383009821	0.317237824	0.314173043	0.360434026	0.437420100	0.521311104	0.643193841	0.818595588	1.07532597	1.43161082	1.89609218	2.44045067	3.00006771	3.55070114	4.08584929	4.61675167	5.09330845	5.46480656	5.75618029	5.99752092	6.22407722	6.43471670	6.52912807	6.49209499	6.30805731	5.96110106	5.61080933	5.14905167	5.15825891	5.58187675	5.72436047	4.39185143	3.89176512	4.37039900	5.52733040	6.61541700	7.29024315	7.81301260	8.26050282	8.67547894	9.06669807	9.22180176	9.27726173	9.26967335	9.18771553	8.97215080	8.44405460	8.21642685	8.33562565	8.28254223	6.97260141	6.52950239	6.49213743	6.80342150	7.30316210	7.72805595	7.87820196	8.06928253	8.24328804	8.37928295	8.49340343	8.50470161	8.58955956	8.72658253	8.83825684	8.79096508	8.55254173	8.23548698	8.14141083	8.28394318	8.38873291	8.02852345	7.90415812	8.28421879	8.69149780	7.90299702	8.62390232	8.89846992	8.81404114	8.53319550	8.29375458	8.41491985	8.46283627	8.37935638	8.17881393	7.94803095	7.94193840	8.11749840	8.27264786	8.31425476	8.25812340	8.12982368	7.89059687	7.62798262	7.45375061	7.50390625	7.66085768	7.75648642	7.77920675	7.78928900	7.91886568	8.04337120	8.05317497	8.00366592	7.92627621	7.82847834	7.86294079	7.88130045	7.91498947	7.99044561	8.12911129	8.29035473	8.48149776	8.73484898	9.03163433	9.30199337	9.46563244	9.63072395	9.85773563	10.1599941	10.5036907	10.8939457	11.0430231	11.1739893	11.3971395	11.7100000	12.0309372	12.2721157	12.3897448	12.4345484	12.5517616	12.7432442	12.8917208	13.0378428	13.1906424	13.3275337	13.2748070	13.1193314	12.9747963	12.8750639	12.7741632	12.5863523	12.3704920	12.1444588	11.9149361	11.6774111	11.4527588	11.2267179	11.0153465	10.7941332	10.4980068	10.1139841	9.69533825	9.29704952	8.94215965	8.62178230	8.38039780	8.12444782	7.88716459	7.68228149	7.50403309	7.32436943	7.15146255	6.94817781	6.71768665	6.50345993	6.25461626	6.02131271	5.78125954	5.53924227	5.32712650	5.09605169	4.89454126	4.71121550	4.53601122	4.36018276	4.25402021	4.17455912	4.11491728	4.06931496	4.03307152	4.01723623	3.98840451	3.96294069	3.93839145	3.89349008	3.86756778	3.86485815	3.87082624	3.87182498	3.85509419	3.89676571	3.98134375	4.07257843	4.16050911	4.26146269	4.36310196	4.50495720	4.67114782	4.86493731	5.10873795	5.33361292	5.56609917	5.78620815	5.98439598	6.16156483	6.34985304	6.62363768	6.97643423	7.40163660	7.89251137	8.44422626	9.00827885	9.56547260	10.1109142	10.6540060	11.2203979	11.7961864	12.3534966	12.8798780	13.3783150	13.8060675	14.2535629	14.9451065	15.9855928	17.3605003	18.2509289	18.7174664	19.7283192	21.7185364	24.5900192	27.3703957	29.6465149	27.0778599	20.5019646	15.9344215	10.5057592	7.65393591	6.79769135	6.61132145	5.02467346	6.60543108	6.58535385	5.23740768	3.28964090	1.92518103	1.48288274	1.20054078	1.09108579	1.08782375	1.04443574	0.870286465	0.616352856	0.414758414	0.326329440	0.340594888	0.502382457	0.878386736	1.58631849	2.71854281	4.34207773	6.09708691	7.42248344	8.20663929	8.51745987	8.60239506	8.67045212	8.92923737	9.36717510	9.88267422	10.2841444	10.3727150	10.3175106	10.2732000	10.3459625	10.5934868	10.8188486	10.7601738	10.4428940	9.88800144	9.11205387	8.18606186	7.22223568	6.27538061	5.38808393	4.59071445	3.94450521	3.39963603	2.97772670	2.67559171	2.46524215	2.36247587	2.31212568	2.28097987	2.26960135	2.31233025	2.44392300	2.58462048	2.82676363	3.04314399	2.88700271	2.17313814	1.69697642	1.24691689	0.838965476	0.716735363	0.586720228	0.504317164	0.438762486	0.390329599
6.00000000	0.467272103	0.355658799	0.345968664	0.408800721	0.528151214	0.701413393	0.693498611	0.695723295	0.813997686	1.02021229	1.15223753	1.40593565	1.83086312	2.30019403	2.76135492	3.23602247	3.53533149	3.96128082	4.42151737	4.82954788	5.10474110	5.36110640	5.56847620	5.72079849	5.80936718	5.82282305	5.75988674	5.76300669	5.76636076	5.81246090	6.05214691	6.32018089	6.24857235	5.98027706	5.72181225	5.74325752	5.58497906	4.93511057	3.96852827	3.22159457	3.59215260	1.57331645	1.02627432	0.991803169	0.974468589	0.942624569	0.817007899	0.718697727	0.586890638	0.428174555	0.316529304	0.318947256	0.382405519	0.478913486	0.587476969	0.694098234	0.882830858	1.16193402	1.53630614	2.00375080	2.55497432	3.13071012	3.70141411	4.25756931	4.78093243	5.24453163	5.59422636	5.85534906	6.05779696	6.23188782	6.40836620	6.59427977	6.71149921	6.71858549	6.57690191	6.25061560	5.81479883	5.39858055	5.43433428	5.80853939	5.86178780	5.09072304	4.63880968	4.75090790	5.32652998	5.91983938	6.38452578	6.76048851	7.08779526	7.37268353	7.58756018	7.71084023	7.79704952	7.80282688	7.62324238	7.09179926	5.93198252	5.43639088	5.83329296	6.81022024	7.51396322	5.64598083	5.50216055	6.00795889	6.68227577	7.63745880	7.86088896	7.91302586	7.89836550	7.87305355	7.84488010	7.88894796	7.94759560	8.00706577	7.97522449	7.68155622	6.93649817	6.71265364	7.11756468	7.86308098	8.26536560	7.69765282	7.46656418	7.73494387	8.29520512	8.56933308	8.65478039	8.45658779	8.25016117	8.13775063	8.04844284	7.99779606	7.98216391	7.90800714	7.73475933	7.47482634	7.48289919	7.59690475	7.73137522	7.82773495	7.85430241	7.74128771	7.60473061	7.46258783	7.40032434	7.57090712	7.85752201	7.94414091	7.94301844	7.99744606	8.28176308	8.52977848	8.59331989	8.54072952	8.42019939	8.25976849	8.24113369	8.28074455	8.38473892	8.53535461	8.69093323	8.75138855	8.88990879	9.12320423	9.42288971	9.71548367	9.98543644	10.1520405	10.2997665	10.4553404	10.5877314	10.7572641	10.8305492	10.9161625	11.0459452	11.1750031	11.2184324	11.2275429	11.1608963	11.0173712	10.8361626	10.7545881	10.6410084	10.5297518	10.4097290	10.2244387	10.0295963	9.73172092	9.40670681	9.09582806	8.80572414	8.52033424	8.16475582	7.78657198	7.41647005	7.06824350	6.74044323	6.44213152	6.13054180	5.79831743	5.47350931	5.15780306	4.86837912	4.59265995	4.32461929	4.06478500	3.85652947	3.66636515	3.49765301	3.34125042	3.17550945	3.00099039	2.82452655	2.65467978	2.49664688	2.35225940	2.23914409	2.12389970	2.03117347	1.96342158	1.90090764	1.83829582	1.76658726	1.68808126	1.60876596	1.53831840	1.48866081	1.46027732	1.44846463	1.44870031	1.45664144	1.44066226	1.43561304	1.43531001	1.43595159	1.43611801	1.46625948	1.48466432	1.50144851	1.51624203	1.51818597	1.51796770	1.52700591	1.53975761	1.54868305	1.54424524	1.56685269	1.61165476	1.68440831	1.78006947	1.88279271	2.00676584	2.11816549	2.23273611	2.35137916	2.46015549	2.60332918	2.77019382	2.97587752	3.21792722	3.47630835	3.76717544	4.12165594	4.53791475	5.01646662	5.56018257	6.14793491	6.79745531	7.54927540	8.36683750	9.13649750	9.66829300	10.0220270	10.3783836	10.9037104	11.7500124	13.2043972	14.8713198	16.7603951	19.0045834	21.8601799	26.4172382	31.4224834	29.5052242	20.5862904	11.8780403	7.54070902	7.10906172	7.01142311	6.51625061	7.73212671	9.96190453	9.77291679	7.77360582	5.03916883	3.11156511	2.36824083	1.75318205	1.35271871	1.21231234	1.33655405	1.14416230	0.863035917	0.583159029	0.382482618	0.326923937	0.384189516	0.507700503	0.775421858	1.28074205	2.13247395	3.59256363	4.94613504	5.90043736	6.37195301	6.48639488	6.48296309	6.60511494	6.82649040	7.07847118	7.25018740	7.20697069	7.11372709	7.07758045	7.16186047	7.38610744	7.53665829	7.41406965	7.03783369	6.44708538	5.70059872	4.94928837	4.21904278	3.55988622	3.00214338	2.55644441	2.20610619	1.90921736	1.67175829	1.49433613	1.37218475	1.30064881	1.24252939	1.18528366	1.12676585	1.07522786	1.03577995	1.01247871	1.03432226	1.14419210	1.39885247	1.30774212	1.06982076	0.810937524	0.617738545	0.537666321	0.516472816	0.538207233	0.526337862	0.481501102
5.00000000	0.304360569	0.291766256	0.313581467	0.381246895	0.523929298	0.788521767	0.914299250	1.01896489	1.20795071	1.38067567	1.23054588	1.07490087	1.27273870	1.67532837	2.16434503	2.65187025	2.95451641	3.31737757	3.68771100	4.06169081	4.48440647	4.81947756	4.99084187	5.15413046	5.35906315	5.54944706	5.74813032	6.01292515	6.30153084	6.58932400	6.86935663	6.95130587	6.84797335	6.57803679	6.00344467	4.82941484	4.09735250	3.34635949	2.45607281	1.69390273	1.71503353	0.994173050	0.750522673	0.724679410	0.750180662	0.753505051	0.652144730	0.582052350	0.487090111	0.381060451	0.347706556	0.417315483	0.537965298	0.683270693	0.839847982	1.00731480	1.30797708	1.70669603	2.19864583	2.76935959	3.39472818	4.01220179	4.61119938	5.17715025	5.67720890	6.06025696	6.25139141	6.34086037	6.38692331	6.43403530	6.51284456	6.62289238	6.72761583	6.77150774	6.70934391	6.50617886	6.18122292	5.84648418	5.56322050	5.39546251	5.41001511	5.41102934	5.30952358	5.26476717	5.32457542	5.42530632	5.57401037	5.76919794	5.94488716	6.08891392	6.24293041	6.40652132	6.54689455	6.70507908	6.94022036	7.32957745	6.90848970	5.54428148	4.68363953	4.95845461	6.18582535	5.43904924	5.65094995	6.01674891	6.39031458	7.28416300	7.71141338	7.67699814	7.53169155	7.43116236	7.33598232	7.45220232	7.40503550	7.35855818	7.18846560	6.48207426	5.63989067	6.35039186	7.55676413	8.39011860	8.16948795	7.47222996	7.07670259	6.94934559	7.03581762	7.26098871	7.52398491	7.65775394	7.66922617	7.61025715	7.57763004	7.51959515	7.49805164	7.48321581	7.41519737	7.20400572	7.18881559	7.24372721	7.32193899	7.38870573	7.42133188	7.37179232	7.34933329	7.34045839	7.39802217	7.64123201	8.01929474	8.14965534	8.16057205	8.18877506	8.37947273	8.64042664	8.81972408	8.85066986	8.73899746	8.56286716	8.45975780	8.43755817	8.49335003	8.60042477	8.70828629	8.70308685	8.76276302	8.90809250	9.12017155	9.34041309	9.60964680	9.78938007	9.86511898	9.85065746	9.78808308	9.67966843	9.58759022	9.48571682	9.36666775	9.24181366	9.05353165	8.87984753	8.66698551	8.40540600	8.12979984	7.84193516	7.55341625	7.26316977	6.97774792	6.71132231	6.45942307	6.14829588	5.81438637	5.49016762	5.20413876	4.90036631	4.55049849	4.22075748	3.93742085	3.68682575	3.47473192	3.26616645	3.05946016	2.85738873	2.66717386	2.49104166	2.31186938	2.13132238	1.95709884	1.80292857	1.66880333	1.54586184	1.43920493	1.34273565	1.23916042	1.13465381	1.03128862	0.939562678	0.866394520	0.815124035	0.775981247	0.748722255	0.728870928	0.713984072	0.703651488	0.692515731	0.675378442	0.650369823	0.620790064	0.595109284	0.586299896	0.582427740	0.582610667	0.587580919	0.599684596	0.591167629	0.588651299	0.591449142	0.596864700	0.600191951	0.620039940	0.633934557	0.643225014	0.649860382	0.656388998	0.665020227	0.673517227	0.683359623	0.694330812	0.704517245	0.716449618	0.730597317	0.751135826	0.780657172	0.820169508	0.874088168	0.934033036	0.989632130	1.04005754	1.09402502	1.16266930	1.24442983	1.33489072	1.42356038	1.49387157	1.58265865	1.70253956	1.85593343	2.04213452	2.25731301	2.50881863	2.80899334	3.20719194	3.68867683	4.17461634	4.38133907	4.48947668	4.62773561	4.88909864	5.33082533	6.22974586	7.55279064	9.29952240	11.5884323	14.6569366	21.0483551	27.4513245	26.5213070	18.1454620	9.44265938	7.73288012	7.88623667	7.79757071	7.65463734	9.93810654	11.3901815	10.6352243	8.42407703	5.76370049	3.91717529	2.94814873	1.96352267	1.35547078	1.30686605	1.79127812	1.45402861	1.03874362	0.689331353	0.483005166	0.430284321	0.503909528	0.543613195	0.600139081	0.729273438	0.991844952	1.53198898	2.31885982	3.07235670	3.59828734	3.78836632	3.74309731	3.77746701	3.89180231	4.06330109	4.24603081	4.30196810	4.29613876	4.30351210	4.36994743	4.51219845	4.55159664	4.42844486	4.14855862	3.74042034	3.25517678	2.75189424	2.31519008	1.96335983	1.69480968	1.48805475	1.31301332	1.14177120	1.00663137	0.909460783	0.821690142	0.752488315	0.681670666	0.610262275	0.544257402	0.494618803	0.435172260	0.395171046	0.382484049	0.397768855	0.434471488	0.611914217	0.604718626	0.505558610	0.399880707	0.365904748	0.380457610	0.394337505	0.393309802	0.381526560
4.00000000	0.279566020	0.301499188	0.352189511	0.438904107	0.558412373	0.696985304	0.914016366	1.12203658	1.34220421	1.48193336	1.33489597	1.06696522	0.989993751	1.09940815	1.38268793	1.81936443	2.25367928	2.70636153	3.10441399	3.45212865	3.83108521	4.22018051	4.51138449	4.73082018	4.94978428	5.28475094	5.72849941	6.21445656	6.71780109	7.17851019	7.50135708	7.44926119	7.26301432	6.85720634	6.08654881	4.74587011	3.20232511	2.14810348	1.44081557	1.02960837	0.955164075	0.709965885	0.566057861	0.564826667	0.669814944	0.766721666	0.660370648	0.567252696	0.493645489	0.472118735	0.561534166	0.672248363	0.844097495	1.04661286	1.27597570	1.55501771	1.98584044	2.47454834	3.03927279	3.67846847	4.37091351	5.05212116	5.67760515	6.23995495	6.70197535	6.99668503	7.03651810	6.99226475	6.90628767	6.83023596	6.82504225	6.83174467	6.84449434	6.85367250	6.82707167	6.70989275	6.51728344	6.31676340	6.16826296	6.08616209	6.03928614	5.83487749	5.54304981	5.26909494	5.08143663	5.01162958	5.01645088	5.05475044	5.11837053	5.20590639	5.32271242	5.49865913	5.64337206	5.83999300	6.09038830	6.31514406	6.69116926	5.17901659	4.05507183	4.32132578	5.70537186	5.19114494	5.59975195	6.21764898	6.75629520	7.35214996	7.48214197	7.31090498	7.12633705	7.02884531	6.93134499	7.06738091	6.78842735	6.67622900	6.43182659	4.87556219	5.35367537	7.93279171	9.61012173	9.38559055	8.26184654	7.32329035	6.85362864	6.71430779	6.77049065	6.89106226	6.94873667	6.99124765	7.05262804	7.13562918	7.21171808	7.21158028	7.19664383	7.17309952	7.11515999	6.96505833	6.91851139	6.96719694	7.00674057	7.01091766	7.03165007	7.10238886	7.17358732	7.23474121	7.33811235	7.59872723	8.04282665	8.25782108	8.29534531	8.26447010	8.33169937	8.57923508	8.70992279	8.70431137	8.59049034	8.44408035	8.32108498	8.25663185	8.20601273	8.15100193	8.09985065	8.07463074	8.15692425	8.28882027	8.43042469	8.55985165	8.65651321	8.67617512	8.62363625	8.50076103	8.30648327	8.02889347	7.73779917	7.42373419	7.09510899	6.77821779	6.49997377	6.25325012	6.00819397	5.75933456	5.52558947	5.22985411	4.93261528	4.63210201	4.33161974	4.03955173	3.75281310	3.47932959	3.20932460	2.95625615	2.75681758	2.54915333	2.33682394	2.14664841	1.99127495	1.86918068	1.76798129	1.66299427	1.55525219	1.44706166	1.34200406	1.22975278	1.12333310	1.02568328	0.937398970	0.856734991	0.772339642	0.696967304	0.632259846	0.576613843	0.525180459	0.488565534	0.456124157	0.429127872	0.408845842	0.396545023	0.386448592	0.386124372	0.386265844	0.383221120	0.378993064	0.372025907	0.360470057	0.347532243	0.337964356	0.338063210	0.341520727	0.344289958	0.348170638	0.353866160	0.360983819	0.358895361	0.350394398	0.345353216	0.347313315	0.353485763	0.371696204	0.379292130	0.384732693	0.391214252	0.396670043	0.400820494	0.410549909	0.420585394	0.427823514	0.431330144	0.438292652	0.447842449	0.459491432	0.473289788	0.489825696	0.518817604	0.558369160	0.598034501	0.632822752	0.663197815	0.699185848	0.733193219	0.764070868	0.793383777	0.825410545	0.854427338	0.895049691	0.948497057	1.00949407	1.06627035	1.13241172	1.21698689	1.32516873	1.44005835	1.52268636	1.57760215	1.62784719	1.70622933	1.83410370	2.02137446	2.34403205	2.93917370	3.85354614	5.38904142	8.10269833	15.0799170	20.8224964	20.4501400	14.2102108	7.47773504	7.88251686	7.30128479	7.23973227	8.11641216	9.26273727	10.1556711	9.78837490	8.34410858	6.36219549	4.73802090	3.41683817	2.27407146	1.52998281	1.30264127	1.60792339	1.24867928	0.843273401	0.506455958	0.312881440	0.297108799	0.411063254	0.553579211	0.645998597	0.656444252	0.599820137	0.672015548	0.875026941	1.14795828	1.41391671	1.58001328	1.59203947	1.62787747	1.70921659	1.84419298	2.02739024	2.19022751	2.28018522	2.33108211	2.37276340	2.43110037	2.43985367	2.36168337	2.21100616	2.00599742	1.76859426	1.53670049	1.33772147	1.16924906	1.02858555	0.912743986	0.821918905	0.736850977	0.661433399	0.594838202	0.531515718	0.467376202	0.408884287	0.357712358	0.313429326	0.273500681	0.239303678	0.219113782	0.208564848	0.207884833	0.221895576	0.262546480	0.277523071	0.265037090	0.236743331	0.217739642	0.234246880	0.252521038	0.270116925	0.282363355
3.00000000	0.297915012	0.344844311	0.400937527	0.463157028	0.523950577	0.571251273	0.603097141	0.631177545	0.714505076	0.856381655	1.00439835	0.979336560	0.820794582	0.818318784	1.06618392	1.46339262	1.87077951	2.26231599	2.66087961	3.06220841	3.43490195	3.80206871	4.17538977	4.54750156	4.95064259	5.45665932	5.92751646	6.39162207	6.89743662	7.30858803	7.30387259	7.29210281	7.19107819	6.90091801	6.21294737	4.80970192	2.72985864	1.45689523	0.802554905	0.593170643	0.669664323	0.703542054	0.653378785	0.731138587	0.992219388	1.33545244	1.06162095	0.752097130	0.647808909	0.771778822	0.929123521	1.11487615	1.33487189	1.58728528	1.88448918	2.25305581	2.74214053	3.29958367	3.93073893	4.62658596	5.36373329	6.08058214	6.68162870	7.18260098	7.56445742	7.77338362	7.74271727	7.62503576	7.47965908	7.35286856	7.27791214	7.19107342	7.11801720	7.07147408	7.03465652	6.96126032	6.85402155	6.70229244	6.54829836	6.40565586	6.25937223	6.03594303	5.75039721	5.45457649	5.19027185	4.98922396	4.89256287	4.82091093	4.78830528	4.79360437	4.82048607	4.94271946	5.04206800	5.16036749	5.19682932	4.90804720	6.44640923	6.03502083	4.86964846	4.00964069	4.37792444	4.91394520	5.69334888	6.52571630	7.17309570	7.35000563	7.06582403	6.84503365	6.68807125	6.56590986	6.42005825	6.51766253	6.04565573	5.79631233	5.70814037	4.86588621	5.68699074	8.27041435	10.0738525	9.97315502	8.26231956	7.23823690	6.73348379	6.59817743	6.65749788	6.71168661	6.67059088	6.71218920	6.81419754	6.94418812	7.05958319	7.10438728	7.09891367	7.02634525	6.90435553	6.78510427	6.73037195	6.73606062	6.72073174	6.67288160	6.65093374	6.77168798	6.90808678	7.02913237	7.15853786	7.37472677	7.70496464	7.91176510	7.98118925	7.97451735	8.02824402	8.21218014	8.25986576	8.23838806	8.17117596	8.03801250	7.88777018	7.76914740	7.63379717	7.47912407	7.34828377	7.27946424	7.30444860	7.38397408	7.46420479	7.47673130	7.34883070	7.22530794	7.07608128	6.86770248	6.56335449	6.18150520	5.78879976	5.40231371	5.03495073	4.69544411	4.41213274	4.13333941	3.88657093	3.67461395	3.47554111	3.25480461	3.02644229	2.78793335	2.53715396	2.27238131	2.04889941	1.86162901	1.69011545	1.53526878	1.41936374	1.31896150	1.21537232	1.12119734	1.04300201	0.981313586	0.930297971	0.876860559	0.822660923	0.766511798	0.704379201	0.650478184	0.598449290	0.551227629	0.508761287	0.468011498	0.430394799	0.396748632	0.368063688	0.343896449	0.322368711	0.307976991	0.299245536	0.293402970	0.288746655	0.284642756	0.283638000	0.286682546	0.286493123	0.281809479	0.277394265	0.270452440	0.264002562	0.257776648	0.254524171	0.260011941	0.261638880	0.266063273	0.269711703	0.271279514	0.271731049	0.263690889	0.255293399	0.251901001	0.255430490	0.264352560	0.273264259	0.282322794	0.289379537	0.292975098	0.292339176	0.303715527	0.311567992	0.319495708	0.329353690	0.341252595	0.348055273	0.354899615	0.363639057	0.374196172	0.384562522	0.398221165	0.423716784	0.453324735	0.482584238	0.510298371	0.532856464	0.549807370	0.562332034	0.573833287	0.589935899	0.613056898	0.634760499	0.659065604	0.683737695	0.700288057	0.717373967	0.741217196	0.758196056	0.750874341	0.698001862	0.783931851	0.847193480	0.904264390	0.968596697	1.05061734	1.14719570	1.31459081	1.57487917	2.28867912	4.15515089	9.76673031	13.7548256	13.2787752	9.34741592	6.81908083	7.00452471	6.06669807	6.06400585	7.11410332	7.39390373	7.76207256	7.58674908	6.62446928	5.17905855	4.10163450	2.93370223	2.20657253	1.63919997	1.17125344	0.963115215	0.810009181	0.587748349	0.387613714	0.271270692	0.270769209	0.371154994	0.528119087	0.656866193	0.677290916	0.513977706	0.437114865	0.410752475	0.432142377	0.488324314	0.556125998	0.585089505	0.608582437	0.653426230	0.738815725	0.876318991	1.04015410	1.14752185	1.21229374	1.25188911	1.28727269	1.28703094	1.23858881	1.16317606	1.07751894	0.993839860	0.909773648	0.821499109	0.739647985	0.665599227	0.591479182	0.539179146	0.491106600	0.449090481	0.411317855	0.372334093	0.316492051	0.267202020	0.229445115	0.202226564	0.178575501	0.161126181	0.149191305	0.142860800	0.141051114	0.141505286	0.150994778	0.153638765	0.153855965	0.156306595	0.165892422	0.179287091	0.201822281	0.228623092	0.249637783
2.00000000	0.292767406	0.332339287	0.369747460	0.397919625	0.411106557	0.404882073	0.394968510	0.379885554	0.417954385	0.543068767	0.764695168	0.761317968	0.716995180	0.797707319	1.04548168	1.37839234	1.72441399	2.07955170	2.42541647	2.76003122	3.09782577	3.46095538	3.93636680	4.46996355	5.03259087	5.62003660	6.12278414	6.59617901	7.10907459	7.39434290	6.84886742	6.91966963	6.97291470	6.92971373	6.49291945	5.14712811	2.86658621	1.36230528	0.600453317	0.412715793	0.496296823	0.611452162	0.800515354	1.08236063	1.41759288	1.70854700	1.38133419	1.06589770	0.989451408	1.16747427	1.40371048	1.64404738	1.88276792	2.15461922	2.48482704	2.88909626	3.39676690	4.01779509	4.70646620	5.42535830	6.14534473	6.81509399	7.35852098	7.78225994	8.09764576	8.32070160	8.34490776	8.26288414	8.13680553	8.01668549	7.94038296	7.81465340	7.66332293	7.53403330	7.42736244	7.29682779	7.16653681	7.04208612	6.90164757	6.74122047	6.57462883	6.31346893	5.99194574	5.68407869	5.42380905	5.20500326	5.04857302	4.90993166	4.81391859	4.76283121	4.73642492	4.78539133	4.82452393	4.90807867	4.97497272	4.84878540	6.00625515	6.04148006	5.64234352	5.12385416	4.42814589	4.57190466	5.36746311	6.42793274	7.19890165	6.95843554	6.62054157	6.44359255	6.35430527	6.23800755	5.93864584	5.57738543	5.02922153	5.03111076	5.38433313	4.95448780	6.04864264	8.34015656	9.77866745	9.53828812	8.01760578	7.41006708	7.00418425	6.82457781	6.81674671	6.84707212	6.84563303	6.88941860	6.95020103	7.00784874	7.05031967	7.21526861	7.30542135	7.25131035	7.06819534	6.85606146	6.69756317	6.63176966	6.55720806	6.46260071	6.42686605	6.52797842	6.69749117	6.84162283	6.95495749	7.12045145	7.32164621	7.45415354	7.50360489	7.49070644	7.47123241	7.53317308	7.57435703	7.57987642	7.53000212	7.40018940	7.23132849	7.09914827	6.96110821	6.79281759	6.58803082	6.40844297	6.31360483	6.28634739	6.27121687	6.17447710	5.92174721	5.68752813	5.46441364	5.21159506	4.85485840	4.47899580	4.12411070	3.78049731	3.44833064	3.13766456	2.89212966	2.68128324	2.49469757	2.32016230	2.14368129	1.99140990	1.82881260	1.66119039	1.48969519	1.31133008	1.17272663	1.05549073	0.955313087	0.872652590	0.812735915	0.765443444	0.720807076	0.679887891	0.641443908	0.601929486	0.565269649	0.532036662	0.502380073	0.475766599	0.450980425	0.431695312	0.411242068	0.390246063	0.369118094	0.348053783	0.330882221	0.314604878	0.301327378	0.290763706	0.280236274	0.272581160	0.267180055	0.261964560	0.256711900	0.253044933	0.251342148	0.250214487	0.248223588	0.244914562	0.240816265	0.233400598	0.227444306	0.221646860	0.216504678	0.214311153	0.213790938	0.214882866	0.213755071	0.209782213	0.205545351	0.196113870	0.191638872	0.189810112	0.190437317	0.195450246	0.198058113	0.203339875	0.208436415	0.212825656	0.218322441	0.223630235	0.229892418	0.235404879	0.242402807	0.257060796	0.262404531	0.268571466	0.276246667	0.284919649	0.292884499	0.306759268	0.321365982	0.337536812	0.355540097	0.375080287	0.390926838	0.402637452	0.414217860	0.427129894	0.440290898	0.455506474	0.469166070	0.481995761	0.492530435	0.497113764	0.505958855	0.513957918	0.513664782	0.481002927	0.375265270	0.534942269	0.618105590	0.670449078	0.716715932	0.760698318	0.793030620	0.820869565	0.918646872	1.39191628	2.77735376	6.09468746	8.24438095	8.30331326	6.81526518	5.79092121	5.06484890	4.96585035	5.33521557	5.75170326	5.53154373	5.57227659	5.30524778	4.78796816	4.13725615	3.52923870	2.94963336	2.38192534	1.90669227	1.53145576	1.19068360	0.814598560	0.536443770	0.353919804	0.256481916	0.225339726	0.347383976	0.500157058	0.638971388	0.703360200	0.617078006	0.449005812	0.325312465	0.258780837	0.243081585	0.252773374	0.270633578	0.281887561	0.294684440	0.324127227	0.392273068	0.502052724	0.599444389	0.673956394	0.725402415	0.763901532	0.766657293	0.739990950	0.703080237	0.667244613	0.635947049	0.613522828	0.585024059	0.550597191	0.509423554	0.459719956	0.416457176	0.378239751	0.347598374	0.321398616	0.290841192	0.243743643	0.203954652	0.171521991	0.146506563	0.128982380	0.118368275	0.110754661	0.105235673	0.102332696	0.103994451	0.111726373	0.118635133	0.127766252	0.139559388	0.151848257	0.167143792	0.190128684	0.219607770	0.244665444
1.00000000	0.249860823	0.280455291	0.306496948	0.323841184	0.327929795	0.313791037	0.292041898	0.272288412	0.308126241	0.433555901	0.662982345	0.659787714	0.708652496	0.841218293	1.05155492	1.29616070	1.55878413	1.83689463	2.14879465	2.49488378	2.85766029	3.26452112	3.76940966	4.34947824	4.96815968	5.57516527	6.06387758	6.67960501	7.45363426	7.87918329	6.91140413	6.45010090	6.33115530	6.35129452	6.05068064	4.71291924	2.57734799	1.24130225	0.558261871	0.331368744	0.313427418	0.473873973	0.799902737	1.11039567	1.25867820	1.13251972	1.15713704	1.22183931	1.36567390	1.58343780	1.82567918	2.03763771	2.25025225	2.49844217	2.81272125	3.21919870	3.74072957	4.40846539	5.14005613	5.87219381	6.56061745	7.19685173	7.70604610	8.09918690	8.40275574	8.65873623	8.78810978	8.83196449	8.81829262	8.76803017	8.69506550	8.57862377	8.40859222	8.21379757	8.01181221	7.80895996	7.60982895	7.43159151	7.24764490	7.04804373	6.83949995	6.53513908	6.21077442	5.93025351	5.70625687	5.50029755	5.28079700	5.11583281	5.01855278	4.97932720	4.96574688	5.02443361	5.05689859	5.12516594	5.22080278	5.26492167	5.26532507	5.47846317	6.11774921	6.53096199	5.20024300	4.25524044	5.18132496	6.48824215	7.15822411	6.64598513	6.36197996	6.24886608	6.20948410	6.08257484	5.64277172	4.94379997	4.92849064	5.26665592	5.60509300	5.56758595	6.33727503	8.14300823	9.21881676	8.99158287	8.08103371	8.18182468	8.07767773	7.89642954	7.68486929	7.40873528	7.42006636	7.43793869	7.41175747	7.34315300	7.28598166	7.52438498	7.65788317	7.62707615	7.43478012	7.14602995	6.89774704	6.75238180	6.62021780	6.49371815	6.44752359	6.54732466	6.73023033	6.87427378	6.95598841	7.05041027	7.14992857	7.17127037	7.13785648	7.07489872	7.00939608	6.92854738	6.89907598	6.89368820	6.89056015	6.87333822	6.75550604	6.54158974	6.31321573	6.08853483	5.82221556	5.58527422	5.41703796	5.29720926	5.17532015	4.97073746	4.66636133	4.37703228	4.10666561	3.83477902	3.51649117	3.21417022	2.91830039	2.64158320	2.39144182	2.17002082	1.98940897	1.83205271	1.69247353	1.56326306	1.43508232	1.31622040	1.20085168	1.09012067	0.984103262	0.881807029	0.801870227	0.732838690	0.677121222	0.635085106	0.605056286	0.579379559	0.555119693	0.530224621	0.503651857	0.475368023	0.448141903	0.427519828	0.410426408	0.395607919	0.383631945	0.372094423	0.360636592	0.349847943	0.339502811	0.328560293	0.319873333	0.311327219	0.302239567	0.293825507	0.289197803	0.281271219	0.274591535	0.267361104	0.259663552	0.253463775	0.248996168	0.242969677	0.237613529	0.233353183	0.228810474	0.221109748	0.212722689	0.204894125	0.198525324	0.194173887	0.190402836	0.186524197	0.181779429	0.176120088	0.170207888	0.166224405	0.163525373	0.162039205	0.161982208	0.163858622	0.164659187	0.165584445	0.167525634	0.170990571	0.176103622	0.181421965	0.185723931	0.189508095	0.194235951	0.202331811	0.202849299	0.208659902	0.215247706	0.220383748	0.224125922	0.230671376	0.235675976	0.241167501	0.247804940	0.254878491	0.260265678	0.266781926	0.275732815	0.285875529	0.293419003	0.300424367	0.308777213	0.317343861	0.325022668	0.330744207	0.341631383	0.346973866	0.336459637	0.294735312	0.201406017	0.379378974	0.469193608	0.526350796	0.576027572	0.613076925	0.631104767	0.638588488	0.800363183	1.35376608	2.60863686	4.58546925	5.14575624	5.89394522	6.27035570	3.55117869	3.95209980	4.32107115	4.67572212	4.89437389	4.71604586	4.69810772	4.31861973	3.80296755	3.32696438	3.01685429	2.70415807	2.26569200	1.85651386	1.50927997	1.13424516	0.771579385	0.510202765	0.343458384	0.261873305	0.253157735	0.399213552	0.567468226	0.721333563	0.836481869	0.900846422	0.639659584	0.433636516	0.300643265	0.231286690	0.188914657	0.179062635	0.179055110	0.183031604	0.194033474	0.224003702	0.282777876	0.353338927	0.422914594	0.482301831	0.525867164	0.537791073	0.530510068	0.515022933	0.498282969	0.483198315	0.479230970	0.473149627	0.459974200	0.436760396	0.402599663	0.368096262	0.338091820	0.312711716	0.288917929	0.260509104	0.226372972	0.193486273	0.162815496	0.135795087	0.114327468	9.99553502E-02	9.11836028E-02	8.55686590E-02	8.26320201E-02	8.38601738E-02	9.01775733E-02	9.74531025E-02	0.106191345	0.116976276	0.130471185	0.143119261	0.162317991	0.188114107	0.210771576
0.00000000	0.206493318	0.236472011	0.262574196	0.282087773	0.290938765	0.283691227	0.259055942	0.235405460	0.258895755	0.366012484	0.583571017	0.682364225	0.750263035	0.830760658	0.953110158	1.13232350	1.31407344	1.59369075	1.94998634	2.35016441	2.74982119	3.16988778	3.65820980	4.21319342	4.79671812	5.33413506	6.05191517	7.17901802	8.01332951	7.96248341	6.54386091	5.57445621	5.12548637	4.92972565	4.51095772	3.18397284	1.67137969	0.910745800	0.540684223	0.364884377	0.352112561	0.604676008	0.994878232	1.22072101	1.22887266	1.21466899	1.29554284	1.45074499	1.64940858	1.85577357	2.02918744	2.18534827	2.34044456	2.53315210	2.80104375	3.18058848	3.73217440	4.40937567	5.15568590	5.92492247	6.68122911	7.35826397	7.88314295	8.27652168	8.57297897	8.82101822	9.05169392	9.20520210	9.29032898	9.31099510	9.26625347	9.12053490	8.93756008	8.71713924	8.48254299	8.28049850	8.07013226	7.83498764	7.56622791	7.27530289	6.99395180	6.68432760	6.42904997	6.21933079	6.02114058	5.77521467	5.58639288	5.48177290	5.45570469	5.49269056	5.56738901	5.65440750	5.69345856	5.78294468	5.95504045	6.17569304	6.39046049	6.51284170	6.96365786	7.29871845	6.20882797	4.77541733	4.95787621	5.95815563	6.93899870	7.02394819	6.63955164	6.42113161	6.24687099	5.98461628	5.49188375	5.01723003	5.08195591	5.40642262	5.77817392	6.05193901	6.61953640	8.39977360	9.29946709	8.91299057	8.52227306	8.93549824	9.09850693	8.92375278	8.47503185	7.96748781	7.87097883	7.79417849	7.74208498	7.70170212	7.64204645	8.43001652	8.66858578	8.57107353	8.21703720	7.55228567	7.44842815	7.35128736	7.16000509	6.90018082	6.72387648	6.79271936	6.96302938	7.07598066	7.08591700	7.06035805	7.10539913	7.06126499	6.96163750	6.83945990	6.72693205	6.58179045	6.50133419	6.48098755	6.51552773	6.59908438	6.50692511	6.16474152	5.78165960	5.45645094	5.17753601	4.93413544	4.73232937	4.54376888	4.33632994	4.07410860	3.80261636	3.54217219	3.27707005	3.00358796	2.72998905	2.46478367	2.22186232	2.00869918	1.82749498	1.67517877	1.54342341	1.42463899	1.31916988	1.22366369	1.13107193	1.03976297	0.960896671	0.887803674	0.820432127	0.765347719	0.716210544	0.673252225	0.637751102	0.609434664	0.586479783	0.567128241	0.547575653	0.526295006	0.502972364	0.478506804	0.460382491	0.444346130	0.429181308	0.415411562	0.405300528	0.392527550	0.382378519	0.373987347	0.366746843	0.360308856	0.352079123	0.346112460	0.339032710	0.330723286	0.324327409	0.315991879	0.309625655	0.302334279	0.293533504	0.284949422	0.277811557	0.268343747	0.259492368	0.252095997	0.244884953	0.234817445	0.227246568	0.218960941	0.210210502	0.204706609	0.197172239	0.191856071	0.187110931	0.182121530	0.176904485	0.173981979	0.171669200	0.171427414	0.172775432	0.173289359	0.171469182	0.169039577	0.168918550	0.172454193	0.179424703	0.183092654	0.184355780	0.186789870	0.190659896	0.192920014	0.196189061	0.199893802	0.204020903	0.207229614	0.206851751	0.206371263	0.207986861	0.210605413	0.212812006	0.212870151	0.208869785	0.208255634	0.208833188	0.209183618	0.208663955	0.206580609	0.207261354	0.210057780	0.214043409	0.218013570	0.222650662	0.227370635	0.216864571	0.214829981	0.283970952	0.315380841	0.357501239	0.400922000	0.441335291	0.479535490	0.485092521	0.475980192	0.773036659	1.50806737	2.62384582	3.20569563	3.49067044	4.03423500	4.37792397	3.04933977	4.03967476	4.11890936	4.11571646	4.25698805	4.16783810	4.13342762	3.89064455	3.57530379	3.24181104	2.86315942	2.53405976	2.13284540	1.71099818	1.32028079	1.01273823	0.734152198	0.479857743	0.327406079	0.293946296	0.336225241	0.480047226	0.683257043	0.875856698	1.02739489	1.14696693	0.984490633	0.789041638	0.587083161	0.407973677	0.283967495	0.205954999	0.169168577	0.164088413	0.178998411	0.199986205	0.229168236	0.262733370	0.304681808	0.351799399	0.393657506	0.414253265	0.418339014	0.412217468	0.402846992	0.397841752	0.404503286	0.411308646	0.412461936	0.403917193	0.383378416	0.357338011	0.333000124	0.310585648	0.289337248	0.267519325	0.242150962	0.213235363	0.182922304	0.154166892	0.130729362	0.110309020	9.64534655E-02	8.63675550E-02	7.97135308E-02	7.86109790E-02	8.18679482E-02	8.65551382E-02	9.31698829E-02	0.102200665	0.114127159	0.123931922	0.137859121	0.157136336	0.174576148
-1.00000000	0.188735723	0.219250754	0.248217642	0.269964844	0.280302197	0.276520908	0.255248964	0.229297176	0.235275194	0.318543673	0.533214331	0.667811453	0.678754508	0.669975996	0.721198976	0.887937009	1.07814395	1.44547784	1.86331975	2.27572966	2.69744563	3.10991049	3.58660984	4.10982704	4.62745905	5.05301332	6.07734966	7.50973463	7.87031317	6.85979748	5.35946226	4.34584379	3.80078816	3.44607282	2.89506769	1.65273428	0.910854757	0.717517912	0.641860247	0.533265948	0.521367073	0.961660206	1.28366578	1.36063790	1.27645862	1.32563889	1.44410717	1.61623514	1.80054224	1.96356583	2.07986021	2.16835213	2.26003098	2.38250375	2.57783365	2.90254068	3.45682287	4.12992716	4.89529037	5.71859264	6.55776119	7.30742073	7.91901779	8.37041092	8.66624832	8.83797932	8.99943733	9.15231705	9.27894211	9.35604858	9.35478115	9.26577759	9.13581085	8.96100235	8.75819588	8.56495667	8.27385616	7.97730303	7.66713715	7.35576725	7.07616425	6.80053997	6.60725260	6.46412420	6.33355093	6.17250490	6.08413839	6.10527658	6.21715641	6.39693975	6.61770773	6.73772478	6.83964157	7.03009892	7.31471872	7.59810495	7.83563232	7.76303434	7.97010946	8.34148121	8.05659676	6.00181293	5.49498558	6.02125788	7.00390387	7.80433464	7.31427336	6.87038088	6.50217533	6.19811916	5.90561962	5.35036898	5.33972692	5.50180197	5.70998096	6.08292294	7.64769602	8.63725662	8.99488735	8.81842518	8.36026382	8.62271214	9.66506100	9.97989273	9.26855278	8.44114017	8.20946407	7.97635031	7.81441593	7.73823643	7.70433855	9.02354431	8.95665359	8.51880264	8.35788441	8.75453949	8.86571693	8.70377827	8.34345245	7.90581560	7.55829382	7.43479395	7.44047832	7.41090012	7.29205656	7.14039993	7.19018936	7.15538406	7.04597473	6.89050150	6.73605299	6.62907028	6.56796551	6.53027821	6.50896692	6.51240587	6.36725044	5.98012590	5.53794289	5.14392519	4.81760883	4.52613831	4.27867889	4.05570793	3.83445430	3.58889723	3.36967206	3.13677979	2.87452364	2.59398508	2.33302712	2.11980486	1.93798673	1.78043032	1.63920748	1.50560379	1.40035617	1.30070186	1.20938921	1.12830687	1.05848384	0.996033847	0.937761247	0.884897888	0.839203417	0.802964926	0.765963972	0.732477546	0.702826679	0.676415503	0.651732028	0.629875362	0.610024631	0.591321230	0.572864175	0.553710759	0.537928939	0.520694733	0.505342901	0.492498040	0.480073750	0.465398282	0.453811795	0.443056762	0.433502346	0.428143919	0.422399849	0.414773762	0.406853914	0.399325967	0.391973078	0.384997487	0.378036410	0.370212555	0.361383647	0.352142483	0.343994170	0.337579787	0.331192374	0.323361874	0.312855005	0.301998854	0.293375403	0.283931136	0.273284674	0.263727129	0.253914773	0.246922612	0.238438144	0.228969693	0.223846644	0.215929791	0.211329743	0.207304806	0.202374980	0.196321905	0.191116527	0.186351180	0.182180494	0.179816410	0.181528196	0.182673424	0.181657955	0.180738360	0.181074411	0.182729304	0.185757816	0.188294917	0.189507723	0.189210549	0.187864944	0.187057570	0.187044427	0.187081233	0.186420172	0.184309959	0.178446636	0.174359083	0.170989633	0.166944936	0.160495907	0.155387014	0.153765142	0.153815523	0.154363364	0.154873759	0.156649172	0.163264409	0.169557199	0.206554338	0.341471672	0.293230325	0.280802846	0.291162848	0.314221323	0.342826486	0.327789694	0.308018953	0.677266240	1.38495290	1.93616951	1.99866700	2.90121675	3.40630603	3.16176319	2.70075583	3.62477589	3.73251367	3.71103668	3.78069210	3.69510794	3.65001369	3.51549697	3.37141275	3.18155932	2.79367638	2.43019795	2.01711726	1.57386911	1.16144228	0.882379889	0.662943840	0.442495733	0.324604779	0.334393471	0.418537527	0.592639804	0.808927953	1.01271093	1.17337894	1.28440428	1.27062690	1.16927278	1.02095246	0.856866121	0.698804021	0.451264411	0.308909982	0.251322240	0.251604229	0.276380986	0.298529446	0.299053431	0.297967196	0.306127667	0.325234324	0.342804343	0.348821372	0.347179890	0.343832284	0.346789360	0.359627634	0.372629017	0.382788360	0.387496889	0.384541750	0.367588758	0.354168773	0.339903861	0.323073536	0.304614604	0.279246151	0.251073569	0.222796589	0.195926681	0.170787007	0.149647996	0.129757017	0.113053098	0.101139084	9.52816606E-02	9.25219059E-02	9.28293243E-02	9.51398835E-02	9.99490693E-02	0.109311923	0.121134534	0.132593855	0.146402329	0.158611357
-2.00000000	0.184695676	0.210446849	0.234850630	0.256925166	0.272961527	0.276523709	0.268984944	0.249418303	0.244914904	0.308055282	0.516909420	0.597696900	0.529738605	0.444180846	0.437503546	0.571520686	0.750579894	1.16554070	1.65568221	2.13518429	2.59312820	3.05291319	3.55203319	4.02272701	4.43624496	4.80284595	5.83926725	6.67875147	6.43205595	5.14741755	3.81054997	3.11607695	2.66064692	2.18763208	1.56574750	0.789048374	0.542424440	0.628994167	0.710861683	0.708852053	0.802511036	1.24216974	1.41886675	1.43118382	1.39825964	1.45978999	1.57656527	1.71302545	1.84837341	1.96745527	2.06076097	2.10876727	2.15493965	2.22342134	2.35627556	2.61348605	3.09374022	3.73655462	4.48842716	5.29678059	6.10996103	6.89403534	7.58497000	8.09083366	8.38460159	8.50415707	8.56367397	8.71543598	8.89634705	9.04546738	9.10401821	9.11398888	9.06576729	8.97117329	8.81946278	8.57732582	8.29825497	8.03266811	7.77015591	7.51760054	7.29918242	7.10035372	6.97592258	6.88598490	6.81213617	6.75747252	6.78385973	6.97146654	7.25486803	7.59152269	7.96177053	8.21140099	8.44302750	8.68797207	8.92038441	9.05723286	9.23424339	9.17208290	9.16146469	9.32007122	9.59255695	8.20806980	7.03317261	6.46216393	6.58529329	7.18875885	7.77958250	7.41999245	6.77568579	6.26517868	6.05980778	5.38369942	5.37083912	5.57060719	5.81031799	6.19522190	8.30003643	8.61068153	8.77520847	8.93390465	7.71929264	8.13757706	9.84527683	10.6869822	10.0884819	9.05676365	8.70761681	8.24676800	7.89308262	7.73449039	7.72798586	8.33010292	8.23337936	8.11761379	8.73192692	10.8947697	13.0575790	13.2301779	12.4048328	11.2305298	10.0129557	9.38847923	8.81496811	8.33561420	7.99318838	7.83003426	7.83742666	7.72849512	7.58369207	7.44756699	7.32876778	7.24139786	7.16426277	7.04753923	6.88215351	6.69977999	6.40430069	6.00930023	5.59400320	5.19391537	4.80082369	4.46197653	4.17669010	3.92336011	3.67980146	3.42324853	3.20226979	2.99243712	2.76378918	2.51517200	2.27423954	2.07773352	1.93312943	1.80665016	1.67893326	1.54503179	1.43667436	1.34070635	1.26008511	1.19441020	1.13992512	1.08636308	1.02984369	0.974260211	0.923322380	0.880555749	0.846663177	0.815407395	0.785892189	0.757888615	0.731834650	0.703701019	0.681131124	0.663479865	0.648493707	0.632310808	0.616819263	0.603012323	0.589996994	0.576885402	0.562795460	0.549293816	0.537728071	0.525822103	0.514633000	0.508551478	0.501345694	0.491166979	0.481364757	0.472839028	0.464039683	0.459787726	0.452650398	0.444956481	0.437846988	0.431275040	0.427649587	0.425134540	0.423822254	0.420871407	0.410507292	0.402263910	0.392026097	0.381492972	0.370810926	0.358573288	0.349746972	0.341808408	0.329676807	0.315299302	0.307651073	0.296834946	0.287565827	0.277308077	0.265211880	0.252113640	0.241468102	0.232668325	0.222103789	0.210696444	0.203900740	0.196189821	0.193000123	0.189669773	0.184185490	0.177182570	0.180635899	0.180328101	0.177870110	0.174508855	0.171127364	0.169180065	0.166603357	0.163401127	0.159948796	0.156993419	0.153602317	0.148253649	0.143012092	0.137722000	0.130007297	0.124299712	0.119838804	0.116037302	0.112630256	0.109675042	0.111869179	0.116949424	0.131293029	0.162537828	0.219582334	0.225742251	0.221160337	0.221535221	0.230947122	0.241858006	0.212803617	0.210249856	0.528439224	1.06907129	1.34130263	1.26260233	2.66229868	3.15525818	2.47538424	2.47561765	3.18455982	3.31297660	3.34430122	3.42919517	3.38554740	3.36404037	3.25859189	3.15097952	3.01734734	2.72821045	2.29689717	1.83881569	1.38959026	1.00532568	0.762607396	0.620604098	0.497285962	0.438171327	0.459360212	0.547534704	0.675896764	0.898684919	1.13366973	1.32841635	1.46028578	1.46654618	1.46091235	1.47132528	1.46787488	1.36279917	1.03075254	0.722354352	0.526857078	0.467878461	0.503400981	0.573611557	0.538558543	0.457678735	0.381915629	0.353718609	0.342108816	0.334813714	0.325878173	0.317363828	0.319349378	0.329627603	0.341098070	0.354200572	0.367049187	0.375432193	0.377686322	0.377925247	0.371387690	0.358510464	0.344928592	0.318155527	0.291429311	0.266238928	0.242800951	0.220059440	0.200703472	0.181739956	0.162888110	0.145158425	0.130852610	0.121037349	0.116223089	0.114787839	0.115590595	0.117971443	0.127866313	0.137464523	0.148245215	0.157291755
-3.00000000	0.170813352	0.184963107	0.201137170	0.219482347	0.238364533	0.254368454	0.260110438	0.258756220	0.260002971	0.295110524	0.416901350	0.594072104	0.508708358	0.348060489	0.246812865	0.287084162	0.420134246	0.751421332	1.24510264	1.81684256	2.33381200	2.87829518	3.37673545	3.80250263	4.15496445	4.45948362	5.16244602	5.43991613	5.07148457	4.15960598	3.12959909	2.33589530	1.84136987	1.36460412	0.842538893	0.430473953	0.351701260	0.557600737	0.759000897	0.884422719	1.08007920	1.26624525	1.39602518	1.46659815	1.51345682	1.61040735	1.69539142	1.76282609	1.83340359	1.91561246	2.00573707	2.06576228	2.10204101	2.14895725	2.25029564	2.45924115	2.85305643	3.41778064	4.08454227	4.78901339	5.47141123	6.18199015	6.83566236	7.34267902	7.66842175	7.83340120	7.88665915	8.03464413	8.24134350	8.45835400	8.62487793	8.69482994	8.69849682	8.70465946	8.69020081	8.54010868	8.37712765	8.25903893	8.10423660	7.90600061	7.73249865	7.65754509	7.62377501	7.59324551	7.56527996	7.57646179	7.77072954	8.12498665	8.56276703	9.01966095	9.44331932	9.74695683	10.0004253	10.1696806	10.2481947	10.2569551	10.4252348	10.5797815	10.6717882	10.7153788	10.7876091	10.8242645	9.14867210	7.53688812	6.82178688	6.89306593	8.31621170	7.99994087	7.03508282	6.17730665	5.84711695	5.48707962	5.51065445	5.81244135	6.22589016	6.52329302	7.99285221	8.14752293	8.56107903	9.20380783	8.44251728	8.68288517	9.97627735	10.7319708	10.4474611	9.70845604	9.28289795	8.71886635	8.22107315	7.92474842	7.89563942	8.12941551	8.62217236	9.26421928	10.2724724	12.1904526	14.2310438	13.9487572	13.2962008	13.0883579	13.0025826	12.2714548	10.9659348	9.73109341	9.01889706	9.08820534	9.08792305	8.80089188	8.50938606	8.33887386	8.25801754	8.09231281	7.85666800	7.56402159	7.26673985	7.05661917	6.71121788	6.30694342	5.91323948	5.55744171	5.22478104	4.85689497	4.53063345	4.23606157	3.95505142	3.66128588	3.39882278	3.16433239	2.95330143	2.75503087	2.55263782	2.35725760	2.19961190	2.06017447	1.92676640	1.79455674	1.66088867	1.55135417	1.46029997	1.38160348	1.30867267	1.24153328	1.16841912	1.09434295	1.02472353	0.965385675	0.922341466	0.885031223	0.850637496	0.818072021	0.787976503	0.756396472	0.729838967	0.709889650	0.694976568	0.680370390	0.663939357	0.650877237	0.638214052	0.625592887	0.615270436	0.603347719	0.592068613	0.582681358	0.574917018	0.566989541	0.557868540	0.547775447	0.538705111	0.530852199	0.522610605	0.516801775	0.512044013	0.508021414	0.504229486	0.499974996	0.500478864	0.499921709	0.498046786	0.495079458	0.491727263	0.487520039	0.479208082	0.471100152	0.463472843	0.452570707	0.441724241	0.433582067	0.424694687	0.414463669	0.405141711	0.395441949	0.380157173	0.365584910	0.353453308	0.340921164	0.328461468	0.316575229	0.302299947	0.285794228	0.270337760	0.257063329	0.247338548	0.237659916	0.227258131	0.218098119	0.214475438	0.209759727	0.205157042	0.199763238	0.190564021	0.185641080	0.179880336	0.173720315	0.168028042	0.164098993	0.157011554	0.148005769	0.138719425	0.129938170	0.121595539	0.113153689	0.104745351	9.80559066E-02	9.37558860E-02	9.15009677E-02	9.31552947E-02	9.92050394E-02	0.112351328	0.133302420	0.160773665	0.177095920	0.185156673	0.190451205	0.194577321	0.195235223	0.163756400	0.166828841	0.318167090	0.670984268	1.21799207	1.31368971	2.45528936	2.85527229	2.37801290	2.53977680	2.96440339	2.99831986	3.00800157	3.09667325	3.10430908	3.18107677	3.15635562	3.07997847	2.92951822	2.61028886	2.19818544	1.70588505	1.25707972	0.921459973	0.714713752	0.627231717	0.581566036	0.581357598	0.634408772	0.752682865	0.873736262	1.06989121	1.29982591	1.50682890	1.61879992	1.61591649	1.67861605	1.81890166	1.93835390	1.82813120	1.42672110	1.00518036	0.724710822	0.671078205	0.854614079	1.25920236	1.17957258	0.933762133	0.706994295	0.551678121	0.450467855	0.399087310	0.368552655	0.347327501	0.341322958	0.339857787	0.343194366	0.348852813	0.356549948	0.368199378	0.374670893	0.375326514	0.370861769	0.363405198	0.356518239	0.338063866	0.318675309	0.299889505	0.281074375	0.259428978	0.241769403	0.224473387	0.205508083	0.184651121	0.163490683	0.152393684	0.141744733	0.134528458	0.131568268	0.131526440	0.134257108	0.139313400	0.145160452	0.149557382
-4.00000000	0.148910016	0.156890288	0.168680593	0.180737495	0.191610768	0.201943412	0.207236752	0.215327010	0.222522855	0.233587533	0.261738718	0.346372098	0.358688891	0.291702539	0.192160904	0.160546750	0.246572256	0.496300876	0.937225401	1.51316285	2.08425403	2.62855625	3.14110804	3.57588744	3.93134952	4.25042820	4.41409206	4.32845306	3.99582839	3.43331647	2.67280149	1.88245988	1.37980700	0.921634734	0.495224416	0.318346828	0.361076236	0.741759956	1.10075092	1.28622627	1.35418737	1.31804287	1.40017736	1.50043917	1.58983219	1.71051729	1.76240301	1.77639365	1.79403579	1.84377587	1.94095933	2.03018260	2.08129096	2.12610340	2.20392132	2.36152983	2.68179226	3.15832019	3.74163651	4.37639427	5.00137615	5.59344435	6.13840914	6.57151175	6.86326027	7.01943302	7.12142324	7.25183678	7.42098999	7.63355541	7.88856506	8.05550194	8.21700478	8.40188313	8.59630394	8.74379635	8.74186420	8.73878574	8.70795822	8.63576221	8.52155399	8.52507019	8.50257969	8.45942497	8.44465351	8.55102921	8.83533287	9.28649235	9.85738564	10.4409637	10.8702583	11.1552267	11.3633499	11.4685917	11.5078630	11.5810223	11.8187056	12.0906467	12.2195854	12.1123343	11.7597723	11.8897734	11.4932270	10.2444859	8.75901794	8.59339428	9.07266521	8.44271278	7.28074551	6.10365629	5.36802578	5.03200197	5.02481985	5.36184406	5.94855309	6.58053589	7.28562880	7.42163754	7.55981541	7.80104971	7.77586746	8.54245377	9.48810005	9.90603447	9.70226002	9.39556217	9.01972294	8.46236324	7.92904472	7.55697632	7.41501713	7.66744328	8.34852219	9.46674442	11.1358395	13.5747643	14.8520622	14.0140810	13.3609343	13.6789055	14.2404375	13.4877214	12.7820234	12.1932697	11.7368383	11.3735561	10.7625399	10.0740051	9.57520008	9.33988762	9.24834538	8.94430733	8.61122322	8.29546642	7.99087954	7.63877583	7.35035658	7.03310919	6.72538328	6.43560934	6.14230156	5.78634071	5.42658758	5.08701134	4.76589203	4.43582058	4.10894108	3.80284119	3.55300283	3.34951854	3.13709116	2.93468380	2.74504900	2.57034063	2.41097832	2.26565027	2.12270665	1.99703395	1.87348533	1.74964118	1.63580883	1.52794313	1.42359018	1.31849670	1.21852517	1.13965511	1.06798446	1.00806808	0.958054543	0.915120900	0.875471890	0.832966745	0.797948360	0.771651387	0.751353920	0.730377018	0.714300334	0.698124766	0.681401968	0.665324867	0.652726829	0.642335236	0.634637892	0.629180789	0.624640644	0.618824363	0.612068295	0.602382720	0.594518542	0.589023709	0.582242846	0.581866324	0.579152107	0.576416492	0.574723363	0.573884547	0.575285733	0.575860143	0.572727323	0.567324221	0.565404773	0.565118849	0.559680045	0.553180754	0.547198832	0.540797532	0.531920552	0.523616314	0.518079162	0.514467478	0.508904159	0.500752091	0.489364445	0.474802285	0.459357172	0.447551578	0.435380369	0.423379242	0.408320248	0.389895976	0.370719910	0.353812128	0.335661530	0.319621414	0.306432068	0.294221133	0.285454303	0.276362121	0.268790007	0.262288392	0.254112959	0.244134784	0.234183297	0.224096581	0.213861644	0.203614444	0.190501943	0.177836210	0.166069463	0.154884472	0.143194586	0.130953461	0.121372208	0.113350719	0.106845990	0.102871992	0.104916140	0.111114316	0.120646894	0.132664010	0.146285594	0.158324987	0.168370381	0.176718205	0.180416390	0.173264295	0.143751264	0.137809828	0.189101592	0.595496297	1.91907203	2.12679839	2.74998212	2.79123902	2.37675381	2.75627899	2.88788772	2.86969352	2.83771563	2.85012603	2.88724947	2.97487950	2.97780538	2.95238519	2.86294246	2.58176541	2.20848727	1.76936495	1.34617698	1.00831676	0.812791705	0.743762076	0.704714298	0.738254905	0.851272047	1.01493478	1.16755044	1.36396897	1.58417249	1.78821433	1.91621745	1.85073435	1.88083911	2.05244708	2.20323706	1.96265078	1.36675608	0.887993574	0.647491693	0.707236767	1.07007408	1.68807435	1.85195792	1.71833289	1.43012023	1.11655617	0.805455625	0.608909547	0.506461382	0.463707805	0.432298779	0.416250914	0.404198736	0.395524621	0.390029579	0.387933224	0.381471843	0.375237644	0.369902074	0.365545779	0.361658782	0.352609098	0.339004725	0.322731525	0.304762542	0.285157889	0.264994711	0.246262759	0.226754338	0.205884486	0.184691280	0.171247914	0.158568650	0.149770349	0.144238859	0.137628943	0.134047538	0.133927748	0.136294529	0.139069155
-5.00000000	0.124592163	0.131872460	0.140314922	0.148858801	0.156478480	0.162183508	0.163529113	0.165005282	0.166882709	0.169826254	0.174894974	0.188350663	0.195828259	0.182273790	0.149195120	0.114661962	0.223530099	0.516445220	0.953303695	1.48201239	2.03848934	2.49789047	2.93147540	3.35514450	3.77700853	4.19739199	4.11351109	3.90199065	3.57731700	3.09130979	2.33312654	1.59723210	1.08331263	0.663376927	0.356854439	0.330595553	0.484769166	0.990921736	1.43456495	1.57018793	1.32125688	1.30880690	1.40040493	1.51103127	1.61202729	1.73109424	1.77219641	1.77987766	1.78569663	1.82168448	1.92034364	2.06524992	2.15584636	2.19970298	2.22826743	2.29686236	2.55910969	2.99283719	3.54540777	4.16437626	4.79749107	5.31904745	5.77615404	6.10735607	6.30176353	6.39905167	6.44238043	6.50103569	6.64988470	6.91072845	7.25229645	7.54805279	7.88074017	8.23553085	8.61440277	9.03614044	9.19009781	9.29014015	9.38953590	9.48682976	9.52583504	9.49821091	9.42947388	9.34833431	9.32014847	9.44691277	9.71588421	10.1671276	10.7166986	11.2669659	11.7066183	12.0721931	12.3020668	12.4614553	12.5614910	12.5592213	12.6880941	12.7430477	12.6459875	12.3501139	11.8399296	11.7497406	12.1605415	12.2198811	11.6158743	10.5772038	9.79741764	8.49714851	7.16373825	6.07318735	5.29015207	4.80257511	4.65927029	4.92060041	5.50873995	6.20767355	6.56110239	6.64254093	6.59688425	6.61630774	6.94026852	7.51508856	7.98766422	8.17253685	8.14224243	8.22731876	7.93732262	7.47416210	7.04168272	6.73649454	6.54796648	6.67154312	7.05193233	7.85752535	9.26254559	11.4470501	14.2656765	16.6356869	17.4564495	17.1015530	17.4188061	15.2716732	13.1935949	12.3387871	12.7526808	13.3719196	11.6668663	9.96725273	9.26273537	9.59686089	10.0670700	10.0034609	9.86692619	9.59870052	9.20256138	8.74482536	8.36374283	8.07096481	7.85006380	7.65243864	7.39731455	7.07257557	6.70849371	6.32638741	5.94843769	5.59768629	5.22323084	4.91110611	4.64926100	4.40944242	4.14719629	3.88156056	3.63515306	3.40220952	3.19094729	3.02356482	2.87246180	2.72150278	2.58177829	2.44887447	2.30286884	2.14129162	1.98890448	1.83439994	1.68046534	1.54377997	1.43690038	1.34218168	1.25801516	1.18198681	1.11087656	1.05418301	1.00769591	0.969521999	0.937687695	0.910138905	0.879721522	0.847683907	0.817580760	0.791878939	0.771957219	0.750694573	0.736960292	0.726134479	0.716817081	0.710827589	0.706568062	0.700153351	0.694121182	0.688469470	0.680656850	0.679527819	0.676157057	0.674954832	0.676564693	0.677862585	0.678562641	0.678746223	0.678875566	0.677436769	0.670940459	0.671916723	0.669366241	0.665584385	0.661090016	0.654625595	0.647496521	0.644174457	0.641697824	0.638430774	0.634062529	0.626948714	0.617272377	0.604208052	0.588444531	0.572184384	0.556785524	0.542202592	0.527035296	0.509860754	0.489233881	0.470628351	0.447425425	0.426712185	0.409513712	0.390793473	0.378549367	0.365879595	0.353084832	0.340026796	0.326128244	0.315155715	0.300986856	0.285829037	0.270441175	0.254133344	0.237709403	0.223283932	0.208904371	0.193721145	0.177987620	0.164989442	0.150942042	0.139278859	0.131219804	0.125771299	0.124899738	0.125910521	0.130008474	0.136347383	0.142029926	0.151049823	0.156684428	0.162025630	0.163653597	0.151636764	0.126604736	0.101303846	0.210808128	0.719745398	2.02229714	2.46815562	2.63875842	2.42122722	2.16933703	2.70351529	2.81854272	2.78002071	2.73355317	2.72636390	2.70729446	2.73093915	2.75175285	2.76662779	2.72409344	2.52431560	2.25982547	1.93778348	1.58273482	1.24886644	1.02000737	0.964199662	0.913285673	0.936077297	1.05164945	1.22934008	1.41771114	1.62528586	1.83779955	2.03704548	2.20087504	2.15394282	2.12167287	2.12882948	2.07419634	1.73057663	1.17387390	0.755562484	0.585875630	0.672598302	0.921067238	1.44474483	1.57398629	1.74430418	1.99578083	1.97306848	1.47449696	1.07794857	0.826799214	0.703464448	0.629398167	0.579550803	0.542105317	0.513213038	0.490448564	0.472809523	0.457061440	0.443115354	0.429055363	0.414376825	0.399986297	0.389297009	0.374381453	0.356262416	0.335428536	0.311834574	0.287459403	0.265920877	0.245366693	0.224908516	0.204622015	0.188395470	0.172292575	0.158877268	0.148663968	0.140117526	0.136871725	0.131218001	0.127327502	0.126334056
-6.00000000	0.115970418	0.115973435	0.114843771	0.114620276	0.116983153	0.123254009	0.124003626	0.122558169	0.125740036	0.132146776	0.132151052	0.129293516	0.150211215	0.195660606	0.222933888	0.145858988	0.266322225	0.647654355	1.19136024	1.77191484	2.23676324	2.66081715	2.99673009	3.38800859	3.80819011	4.06084251	3.96780753	3.74869370	3.42176437	2.90733886	2.02779341	1.33643615	0.835937440	0.488348812	0.297221124	0.307604134	0.463730216	1.01468396	1.32369626	1.22585309	1.02809560	1.20742619	1.36871088	1.49132097	1.58605254	1.69512510	1.74377334	1.77696872	1.81768787	1.89045918	2.02136135	2.18952227	2.30049181	2.34981871	2.37499785	2.45547104	2.71357775	3.11902308	3.62885594	4.19872284	4.78286886	5.21581984	5.58361292	5.84641027	5.99103165	6.03095102	5.97495937	5.95068789	6.00869846	6.19057226	6.52890396	7.02373075	7.51184511	8.02021503	8.52726746	8.96288681	9.11403179	9.30058384	9.62016582	10.0040293	10.2170582	10.0587721	9.94788074	9.90546322	9.94447994	10.0697794	10.3357153	10.7323494	11.0835056	11.3325615	11.5424519	11.7921400	12.0536127	12.2260094	12.2330542	12.0230665	11.9444132	11.8733063	11.7206755	11.4378328	11.0164709	10.8786812	11.0500603	11.1715832	11.0662384	10.7390308	10.3946476	9.24758625	8.17422581	7.38778734	6.43832779	5.63868856	5.19462204	5.18341494	5.52632046	5.98855066	6.13265133	6.08609629	5.90383911	5.73432255	5.81947660	6.04448223	6.22700548	6.37953329	6.48400927	6.49183369	6.12949419	5.72874594	5.41746092	5.25070572	5.21074104	5.31487703	5.45495701	5.74836779	6.37609625	7.58272982	9.15351963	10.6290340	11.8456573	12.6852722	13.0752563	13.5346394	13.3404560	12.9027071	12.3823824	11.6914530	12.1366844	11.1232033	10.3510475	10.4208517	10.8338356	10.9818401	10.8754187	10.7141724	10.5762453	10.4183207	10.0279112	9.58745289	9.25399208	9.04367542	8.83175373	8.51806736	8.18311691	7.79511595	7.38183451	7.03059912	6.64753485	6.35424328	6.09574413	5.83927298	5.57427835	5.27473164	4.96994257	4.67940712	4.41070366	4.15948868	3.98193812	3.83213615	3.69157481	3.54281116	3.36946797	3.18211508	2.99021220	2.79274201	2.59475970	2.40739369	2.22782564	2.07237148	1.94301534	1.83663344	1.74499202	1.64965606	1.57479322	1.50945270	1.44925666	1.39640021	1.33009243	1.27246988	1.21844709	1.16765845	1.12445807	1.07576454	1.03620827	1.00240588	0.972624302	0.946782053	0.931061506	0.915830076	0.900377870	0.884393930	0.867965996	0.854902089	0.846879780	0.844078183	0.843586266	0.839402497	0.838280082	0.835614443	0.831340492	0.826385379	0.822668195	0.821096599	0.817178071	0.813923597	0.811811507	0.808788121	0.803376198	0.800553203	0.795712888	0.788034618	0.780483127	0.771025121	0.758124113	0.743011117	0.726402998	0.708502054	0.686840475	0.667276204	0.646556735	0.624119759	0.602092564	0.578042388	0.555603147	0.533777595	0.512073994	0.490505904	0.474133015	0.457335144	0.438928753	0.419016421	0.398986608	0.381448239	0.361425072	0.341825098	0.322785884	0.301674396	0.279347539	0.260880321	0.242875442	0.224575251	0.207861811	0.190720603	0.174596727	0.159863919	0.148384213	0.143507987	0.141113177	0.138875365	0.138158634	0.138331786	0.136768356	0.140952826	0.141471773	0.140640497	0.137770861	0.129171193	0.110544935	9.15188566E-02	0.215696573	0.488990992	0.779624462	2.15918303	3.42552137	3.80253053	3.20760179	2.25163054	2.75820279	2.72119379	2.66338944	2.69077945	2.49255967	2.56265855	2.59966731	2.60786772	2.56644702	2.42949772	2.30222988	2.11281323	1.85106385	1.54338562	1.25277007	1.16779459	1.18157661	1.23697686	1.31296420	1.42461658	1.57226872	1.78649008	2.00944209	2.21769118	2.42220974	2.39014864	2.23179722	2.07079339	1.90117490	1.58737934	1.11320770	0.769138157	0.580664933	0.587698340	0.844565332	1.17157972	1.31982732	1.73443854	2.54164004	3.54875588	2.71949220	1.93733084	1.39854372	1.12881410	0.983237863	0.882572412	0.802637219	0.740643799	0.692081928	0.650718808	0.621016860	0.591577947	0.563033104	0.534773052	0.504947960	0.472975582	0.446212143	0.419367701	0.390859097	0.362809867	0.332692176	0.304953396	0.277572125	0.250893742	0.227630094	0.209399894	0.189938486	0.171626523	0.156389102	0.145695582	0.137469038	0.130525887	0.125258699	0.122244388
-7.00000000	0.111897491	0.111202724	0.105093203	9.93580222E-02	9.62395370E-02	9.44332629E-02	9.42843631E-02	9.18272138E-02	9.38580260E-02	0.102429748	0.114852071	0.102935292	0.111899108	0.156507194	0.198312238	0.145655781	0.225826770	0.600514472	1.18825805	1.83914220	2.33479619	2.69320917	2.95438886	3.24901986	3.56331611	3.73902130	3.62772155	3.37109947	2.97447324	2.43975830	1.76546752	1.09737122	0.651054323	0.383016825	0.280041605	0.359194249	0.552245140	0.944028914	1.12093425	1.06342435	1.14603627	1.25893402	1.34704959	1.41682839	1.48564589	1.58180821	1.64586747	1.72262371	1.81607401	1.93482709	2.09210110	2.28178811	2.43966508	2.55859852	2.66617680	2.82471538	3.04817772	3.41241622	3.87101173	4.36633635	4.82955360	5.16394711	5.42735910	5.68367004	5.90359068	5.96466637	5.79820013	5.57034302	5.43174314	5.47350979	5.72721767	6.16417646	6.69324684	7.29174566	7.87938547	8.31827545	8.52438641	8.77342319	9.19209194	9.68212891	9.92029572	9.78984165	9.68676472	9.60876179	9.57815170	9.64188671	9.86262131	10.1476812	10.3743019	10.5054426	10.5897884	10.5655756	10.6818094	10.7169275	10.5259838	10.0406427	9.88988686	9.91438866	9.94071770	9.82953358	9.47559643	9.26739216	9.38298035	9.64805126	9.86179447	9.79691696	10.2220201	9.56438637	8.79654694	8.16959667	7.21319151	6.45841408	5.88631248	5.63430500	5.69357538	5.90907097	5.84024811	5.72550201	5.52655840	5.29235983	5.15906811	5.11309576	5.06084776	4.93361759	4.69583225	4.34505749	4.05860233	3.87635589	3.77294087	3.74764061	3.82439923	3.92748833	3.99788356	4.09290028	4.30189657	4.74627590	5.58266926	6.47997475	7.67996502	9.05714035	10.1187296	11.3381281	12.1572857	14.0798979	16.2212582	15.3082581	13.1673717	12.3145180	11.7169180	11.1161003	11.0278969	11.1178894	11.4889631	11.8523331	12.0572958	12.0912180	11.7342091	11.2655439	10.8511724	10.5260344	10.1940651	9.78739834	9.41828918	9.05755806	8.70304012	8.37960339	8.08648396	7.84101725	7.61268091	7.37469196	7.10400534	6.83129740	6.53944874	6.24778461	5.96053123	5.66682196	5.43376732	5.24510527	5.08224678	4.92054796	4.72930574	4.56546593	4.40258265	4.22549343	4.03430986	3.84442186	3.62697649	3.42383814	3.23709106	3.07417417	2.94788051	2.84310722	2.72460246	2.60229683	2.48085952	2.35969758	2.25445414	2.15601254	2.06387591	1.97878838	1.90273273	1.81195807	1.72692478	1.64736557	1.57349646	1.50601757	1.45146072	1.39920413	1.34935272	1.30128133	1.25363517	1.21851826	1.18880653	1.16063356	1.13675106	1.12653100	1.11105192	1.09801757	1.08018029	1.05867577	1.04302251	1.02947164	1.01505136	1.00217450	0.991434991	0.981606543	0.972963393	0.968321502	0.960816443	0.946438670	0.924033403	0.906915724	0.884490311	0.860267162	0.836499929	0.814185858	0.786250055	0.758873343	0.731489420	0.704499483	0.679271519	0.651562095	0.626344979	0.602737665	0.579979181	0.557429790	0.533947766	0.509619355	0.485141277	0.461771697	0.441330343	0.418514132	0.396647185	0.375370264	0.354558527	0.334321290	0.308964372	0.285628974	0.264262378	0.244512960	0.225730404	0.205675527	0.188349262	0.175570190	0.166457549	0.157431200	0.150022119	0.143813759	0.137666151	0.132663980	0.132116601	0.129575267	0.128055796	0.125167325	0.120341852	0.114834189	9.47967470E-02	8.04050043E-02	0.116092280	0.441229790	1.49012673	1.76165771	4.02673721	5.10648870	4.02424145	2.00552630	2.84237766	2.73222947	2.55702400	2.56760836	2.38373470	2.41409349	2.41051054	2.38544202	2.36131668	2.37053466	2.32918310	2.23281670	2.08131170	1.88043654	1.64184999	1.49739516	1.51545393	1.56233883	1.60481405	1.71009576	1.86597300	2.04683447	2.23687267	2.41398001	2.54974937	2.44294214	2.18862891	1.89338112	1.60132658	1.29414809	1.00479996	0.774156034	0.605930328	0.592971683	0.917264104	1.10916424	1.53975403	2.27764964	3.15188885	3.75193214	3.35147309	2.64256120	2.02746201	1.65768635	1.43398583	1.26493633	1.14191854	1.04437995	0.963193476	0.900656998	0.840248644	0.791895390	0.747512102	0.702970505	0.658098698	0.609512687	0.565336645	0.523025274	0.481109083	0.439194530	0.402965754	0.363675684	0.326725036	0.293937773	0.263560861	0.239169970	0.214986891	0.191005707	0.169254109	0.153793186	0.141459882	0.132114753	0.123533055	0.116922289
-8.00000000	0.111673981	0.107126489	0.101112753	9.67120156E-02	9.45989117E-02	9.30435210E-02	9.13718194E-02	9.04835016E-02	8.95979330E-02	9.12338942E-02	0.101209618	9.67619866E-02	9.61370394E-02	0.138429642	0.190412849	0.146537960	0.186987907	0.511661053	1.05967891	1.69683385	2.21558952	2.48306346	2.75903773	3.04574156	3.31166577	3.49156427	3.35934663	3.08980632	2.65361547	2.06728387	1.39315617	0.866379619	0.521638691	0.326435179	0.286248505	0.444535583	0.776032388	0.834859610	0.857257724	0.977784574	1.22931516	1.29539514	1.33044946	1.34926140	1.37852180	1.45682979	1.54641759	1.66529751	1.79623914	1.93781054	2.10437846	2.31929374	2.53119230	2.73387003	2.92897987	3.12603045	3.38642430	3.68551278	4.02795649	4.38554859	4.69721508	4.99514198	5.29715681	5.54559851	5.68656158	5.66988850	5.48541737	5.29300594	5.15781546	5.13709545	5.28018188	5.53711843	5.90723085	6.35377169	6.80842447	7.17130280	7.44313288	7.80929565	8.30224228	8.80340004	9.04317474	8.99363041	8.96557140	8.94292831	8.92532253	8.92807198	8.98300934	9.11770535	9.29134083	9.41426659	9.34799099	9.08117199	8.80024147	8.48426914	8.11355972	7.66965771	7.48065805	7.40204573	7.37347746	7.35052776	7.30469131	7.30900383	7.40773535	7.62738895	7.99567890	8.54153156	8.90169811	9.20625687	9.32451534	9.15432453	8.62208080	7.81333780	7.21059084	6.79769278	6.52535057	6.31112862	6.07811785	5.93712664	5.79304409	5.59427023	5.33271265	4.89043331	4.39675379	3.92954445	3.57377052	3.42149949	3.40544081	3.05798578	2.73883939	2.61633706	2.66743970	2.73197412	2.78854060	2.88179517	3.03391123	3.24458003	3.60729575	4.14160442	4.82366753	5.47419786	5.75846195	6.20419216	7.82043934	9.84788322	10.8318195	8.62215424	6.32672834	6.78785086	9.05704784	11.0099478	9.34627819	10.1665897	11.0039454	11.8108339	12.4097204	12.4930391	12.2795753	11.9337139	11.5285940	11.1147919	10.7203054	10.4115429	10.1522131	9.86110401	9.55029202	9.32514286	9.12171078	8.90011692	8.71940422	8.57559967	8.40171432	8.26204586	8.06871319	7.85039330	7.61156988	7.33254147	7.07708979	6.84295797	6.62992573	6.43393278	6.24706745	6.05966663	5.93046236	5.81543732	5.69275331	5.56274462	5.41327238	5.23368454	5.03697014	4.84691286	4.69808626	4.58026886	4.44993973	4.29575586	4.12696695	3.97341585	3.78355765	3.61231589	3.46273208	3.33361578	3.21954370	3.09583926	2.96274853	2.82429099	2.68785238	2.56418514	2.45657420	2.34394622	2.23186374	2.12755919	2.03993559	1.94863892	1.86391044	1.78390253	1.70973754	1.64550781	1.58570993	1.52145696	1.46082604	1.41004360	1.37348604	1.33048773	1.28979993	1.25135756	1.21684039	1.18967247	1.16291916	1.14321673	1.12013471	1.09008372	1.05631542	1.02327323	0.993566573	0.961852431	0.926588714	0.890033484	0.852646589	0.816628933	0.781951368	0.749174416	0.719448030	0.690068781	0.662258804	0.633749783	0.605296195	0.580675125	0.554708779	0.526780427	0.501083612	0.477112830	0.449663579	0.431433439	0.410389870	0.388714492	0.367250592	0.345502794	0.321072698	0.302594602	0.282297820	0.258378774	0.235000923	0.216583222	0.197779551	0.182541534	0.171825066	0.163590461	0.154235050	0.141772509	0.131524637	0.125990346	0.124845527	0.122343563	0.118401870	0.112899236	0.106701493	0.101661481	8.59607011E-02	6.78557679E-02	7.88439661E-02	0.151311293	0.318532348	1.43642557	4.31194592	6.08607388	5.35038137	2.14703369	2.84639239	2.77069020	2.67526555	2.71834326	2.46103287	2.31647086	2.26717162	2.26505184	2.27733016	2.28652501	2.27832437	2.28562093	2.27443504	2.19870710	2.00029969	1.82653391	1.69308901	1.71619165	1.89806664	2.12693810	2.18535614	2.31366134	2.48287439	2.66006684	2.80836344	2.61656952	2.19224119	1.76453960	1.41406655	1.07286525	0.885632634	0.753356576	0.667629838	0.664141178	0.822674394	1.06039298	1.69249034	2.80594873	3.99219394	4.34709597	3.66455889	2.96415806	2.41327810	2.05166912	1.79144275	1.58941376	1.42175579	1.29082882	1.19182646	1.11277533	1.05436528	0.990513265	0.931043863	0.877686501	0.824075580	0.766775727	0.708384573	0.654108524	0.602867782	0.547295749	0.493504733	0.442603648	0.394122481	0.349868923	0.313928366	0.279127300	0.245742977	0.215528160	0.188534260	0.163111493	0.147209078	0.132158354	0.121262215	0.115993142
-9.00000000	0.114594512	0.111649387	0.109768249	0.106573239	0.103831500	0.107455209	0.107152365	0.103913367	0.100300938	9.82965827E-02	9.93006006E-02	9.98116657E-02	9.58793312E-02	0.141547710	0.213187397	0.209495485	0.202365875	0.542152524	1.09910476	1.68715119	2.06390023	2.43036819	2.67402744	2.88745093	3.05603623	3.05800486	2.83974600	2.56336784	2.06737280	1.42849195	0.961685896	0.613973975	0.377596200	0.276963145	0.315288395	0.474588424	0.770214736	0.693518579	0.672247767	0.856603682	1.11924076	1.26136041	1.32778084	1.34658325	1.34144056	1.33161771	1.39047480	1.51250041	1.67330205	1.85632682	2.05286074	2.26866364	2.49968028	2.72806168	2.95051622	3.17831087	3.41737437	3.65349126	3.88648677	4.12537241	4.38834620	4.60413456	4.81468010	4.98211336	5.06660032	5.02634525	4.93529177	4.84265137	4.78928471	4.81016541	4.93437004	5.09457350	5.23949432	5.41044950	5.65047312	6.00431252	6.39902258	6.92832708	7.46229219	7.88900852	8.11458969	8.11502647	8.12160778	8.12700939	8.11336899	8.05229092	8.00113678	8.03068733	8.08243847	8.07078362	7.88300085	7.55855942	7.06061459	6.50620937	5.98777485	5.57313538	5.37864399	5.24682713	5.11102390	4.98735237	4.97471046	5.12049103	5.29040432	5.53575230	5.90226746	6.43010759	6.84123993	7.21918154	7.56576586	7.77562284	7.63617516	7.72992039	7.69221354	7.34122086	6.71658039	6.07939768	5.95856714	5.90797472	5.75613499	5.45158148	5.06286240	4.58231211	3.88704681	3.23501921	2.81671667	2.75516033	2.80608249	2.40096474	1.99142528	1.78113949	1.72584164	1.73095202	1.77369356	1.84376013	1.93261385	2.03348565	2.20291758	2.37429500	2.50103092	2.55312753	2.51717567	2.73373532	3.41544414	4.40739441	5.14205503	4.63926792	4.03319788	5.35230923	7.39369535	8.55756092	6.84722137	8.01862431	8.94332218	9.80089188	10.5964718	11.1607656	11.2835007	11.0706072	10.7629480	10.4818935	10.2293282	10.0959539	9.88003349	9.67991924	9.53484440	9.42492104	9.30909824	9.21792889	9.13963890	9.04699993	8.89733505	8.83099842	8.80780602	8.77178764	8.67872524	8.49615192	8.33530903	8.13779354	7.90746403	7.66583967	7.45209551	7.30082798	7.17705011	7.07058764	6.97593260	6.89224434	6.86535454	6.85549021	6.78168249	6.63062859	6.45668554	6.32204771	6.21532106	6.12028074	6.01228142	5.85825634	5.65286970	5.44407749	5.24558258	5.05475569	4.85262871	4.64507532	4.44037724	4.23270369	4.02701044	3.83904099	3.66643739	3.48532987	3.30537772	3.13096356	2.96119094	2.81458402	2.68638372	2.56709003	2.45236492	2.34303236	2.22831535	2.10618591	1.98786259	1.88110924	1.79023361	1.71206021	1.63174367	1.55865598	1.49505067	1.43606162	1.38342214	1.33171380	1.28203630	1.23364508	1.18395102	1.13889182	1.09304678	1.04909360	1.00603962	0.959221244	0.917257547	0.874472439	0.834940255	0.799313784	0.764825642	0.729360163	0.693280518	0.657548428	0.622251213	0.586601973	0.556646109	0.526031137	0.496532023	0.469864726	0.447686374	0.425536156	0.403760284	0.384037405	0.366093785	0.347703129	0.326158524	0.305098295	0.281720906	0.257782966	0.239599526	0.216909409	0.198239937	0.184784919	0.174872294	0.163964033	0.153708920	0.142395005	0.132619113	0.125082895	0.118592739	0.115172289	0.109996416	0.103038467	9.47284773E-02	8.59532580E-02	7.26349726E-02	5.77750616E-02	4.72300015E-02	5.55287972E-02	0.105872974	0.948768139	3.66860199	5.96814775	6.08282757	2.78071404	2.75176024	2.75882959	2.85197234	2.94045639	2.79276800	2.56682992	2.39112377	2.25309658	2.17279625	2.20287275	2.21938062	2.22053957	2.27223539	2.32938528	2.23593831	2.15924430	2.08824825	2.01629114	1.98869836	2.10277891	2.22877359	2.43878794	2.66778183	2.85008645	2.91940498	2.82378554	2.38956165	1.88141561	1.43548930	1.05938411	0.857298017	0.738841891	0.676765263	0.695264280	0.869981945	1.41803718	2.42301607	4.03496647	5.60633898	5.69198370	4.06037140	3.10611439	2.57903838	2.26837969	2.00278783	1.77420223	1.58562982	1.42975950	1.30250525	1.20300603	1.13184309	1.07022810	1.01682127	0.966462433	0.910171628	0.853522122	0.797076941	0.739821613	0.683162928	0.630928993	0.574272871	0.518471956	0.465380996	0.414880365	0.364875883	0.323110014	0.284083009	0.246590316	0.211474180	0.181623727	0.158748820	0.139175892	0.125935256	0.119928487
-10.0000000	0.113690108	0.113681547	0.112672940	0.111475006	0.110641412	0.110468782	0.110475764	0.107280597	0.100923851	9.62688029E-02	0.103001431	0.102162085	0.103696920	0.176396176	0.304229677	0.386346728	0.364436835	0.792224050	1.37248194	1.85884571	2.05581284	2.22034502	2.42742562	2.54330111	2.50340176	2.31234360	2.12180042	1.84085906	1.46601045	1.05426192	0.723139286	0.473070890	0.338323236	0.315883607	0.373110145	0.447731584	0.519587576	0.641536415	0.780976117	0.906001985	0.985406578	1.20825732	1.36890268	1.43299341	1.39075315	1.25697792	1.21075320	1.25526750	1.41096592	1.66941965	1.99332678	2.23462725	2.46311736	2.66468096	2.83932543	3.00118256	3.16222119	3.33023930	3.50122619	3.67335224	3.84696698	3.95121646	4.06504869	4.16565561	4.23114347	4.24052334	4.25901890	4.24188232	4.18931293	4.12816477	4.11195040	4.20362616	4.31482220	4.46047831	4.66642857	4.96939993	5.42251110	5.90268278	6.32098389	6.62338972	6.79077959	6.76570797	6.74874067	6.74603462	6.75333929	6.75599432	6.80737925	6.80951357	6.77712584	6.69403791	6.51316690	6.16842651	5.70467329	5.21516800	4.77378273	4.43500137	4.13097572	3.85511303	3.66061473	3.55633998	3.50680614	3.64671850	3.80035830	4.00122356	4.28856230	4.70736647	5.06776667	5.32849264	5.58424568	5.88060474	6.21402454	6.21214056	5.93350363	5.58162880	5.26972961	5.02071619	4.95481443	4.90191936	4.80932808	4.68973684	4.62123537	4.07088375	3.32961750	2.71569419	2.36932898	2.25269437	1.95998502	1.64228034	1.41152084	1.29492164	1.23497403	1.19734871	1.17846417	1.18202388	1.20263696	1.22581971	1.26995420	1.29554486	1.27749324	1.22626054	1.18786871	1.13954842	1.52779484	2.13318467	2.63284421	2.60044765	2.80483532	3.70035982	4.54484272	5.29183769	6.59062910	6.86076069	6.96117449	7.29830551	7.93948269	8.61293507	9.09500790	9.16924858	9.11863327	9.13909435	9.33952236	9.39096165	9.23090076	9.07970333	9.01210117	8.95719242	8.95676899	8.94871426	8.91624451	8.85570240	8.77656174	8.71440792	8.66373634	8.65970135	8.71097469	8.79974461	8.78519344	8.70136261	8.51781750	8.27716351	8.09504795	7.96977568	7.85403109	7.73541546	7.62601995	7.56243134	7.59137774	7.62909412	7.62519693	7.56019831	7.44550467	7.33252907	7.23358345	7.12909365	7.01069593	6.88123655	6.76446867	6.60273123	6.39350557	6.15132284	5.90776539	5.66305113	5.40639782	5.15613890	4.91901922	4.69019651	4.47463846	4.26143312	4.05442476	3.85778618	3.67601085	3.53126621	3.38346767	3.23658037	3.09521914	2.96464753	2.82398653	2.68185091	2.53216839	2.37919974	2.23754001	2.12440062	2.02414918	1.92702174	1.82881343	1.73087716	1.64059937	1.55688643	1.47789931	1.40325344	1.33401775	1.26995194	1.20820856	1.15236056	1.10130203	1.04924822	0.999370754	0.954309165	0.911320984	0.867882311	0.821687937	0.781316161	0.736450851	0.691369891	0.647599578	0.603915274	0.569041908	0.534374595	0.502542019	0.474128038	0.447671622	0.422348589	0.400486082	0.381453395	0.363821030	0.345361084	0.327109337	0.306415915	0.284825087	0.263157427	0.241510093	0.221616700	0.204183221	0.187813282	0.172912985	0.161690965	0.149598554	0.137574017	0.127087295	0.118807457	0.112602860	0.104865879	9.93923098E-02	9.19061676E-02	8.11439231E-02	6.88545182E-02	5.51781282E-02	4.26214002E-02	3.32136676E-02	2.94515137E-02	3.42987999E-02	0.377484113	3.26432681	5.62141800	6.12335587	5.19274330	3.48023248	2.72867775	2.64517355	2.84492087	2.85123038	2.82774568	2.63016748	2.41208649	2.26131749	2.19990158	2.20774674	2.27148414	2.35538125	2.40489960	2.34669566	2.33285761	2.32669044	2.26216364	2.17567039	2.20602775	2.19113064	2.37657285	2.60713291	2.79766941	2.93312168	2.82938671	2.44336295	1.94835544	1.46911180	1.08182049	0.841791689	0.699706495	0.662410080	0.823272526	1.36218905	2.63184643	3.96343851	4.73446465	4.69456339	3.96550894	3.44576621	3.01692867	2.66413665	2.37069154	2.11805654	1.87906039	1.67625129	1.50681043	1.36301494	1.23223686	1.14164627	1.06443024	1.00131810	0.948430777	0.897281528	0.846309304	0.798553944	0.751545668	0.704841197	0.660023630	0.613414466	0.565489292	0.514949203	0.462360054	0.410152614	0.362054527	0.318668544	0.278524369	0.240248531	0.202564657	0.177346095	0.154386461	0.136056349	0.125216201
-11.0000000	0.121269077	0.115247443	0.115041189	0.114536785	0.112596244	0.113057196	0.109586596	0.105391800	9.75495875E-02	9.07241851E-02	9.71672386E-02	8.99655148E-02	0.100607492	0.259427577	0.525517881	0.686727941	0.840324640	1.41563320	1.86934519	2.00417829	1.96887600	1.98371375	2.15539145	2.21439004	2.07658362	1.84324181	1.59778702	1.30638003	1.02736962	0.773568571	0.512253821	0.360451877	0.300677359	0.324563086	0.381472856	0.378501028	0.433571637	0.576061308	0.697024286	0.784760714	0.924817145	1.22177327	1.44049072	1.53010035	1.47632420	1.30147576	1.16318226	1.06985664	1.10283649	1.33725512	1.84204078	2.24290347	2.47721434	2.62273788	2.72801924	2.81238508	2.85411382	2.93496609	3.02615333	3.11110258	3.18545556	3.22086358	3.25636029	3.28938293	3.31832194	3.34252453	3.46858215	3.52150273	3.47913957	3.36784124	3.26245403	3.30038619	3.40916038	3.54903722	3.72732401	3.99837255	4.42536736	4.81128836	5.10156155	5.27407932	5.33919859	5.35415745	5.41637278	5.49777460	5.57153416	5.61206532	5.71412134	5.75483561	5.74958897	5.68930435	5.54044437	5.24941826	4.90781164	4.55505085	4.21507597	3.89633846	3.53883195	3.19890881	2.95180368	2.82187176	2.78259134	2.84382534	2.87287331	2.91707492	3.04334307	3.33816433	3.63173819	3.86119580	4.04972553	4.24401760	4.51426601	4.61781836	4.48999071	4.27287102	4.04194117	3.80608034	3.73824286	3.71819830	3.71772242	3.70688128	3.65403390	3.20746541	2.67156148	2.18952155	1.84387839	1.65649569	1.45561683	1.31362236	1.26911688	1.30867088	1.36682105	1.27369797	1.12080598	0.959421217	0.835900247	0.791680157	0.797424734	0.799958825	0.766382933	0.699877799	0.639704645	0.584320366	0.858850777	1.24902594	1.53272009	1.47995090	1.79929101	2.20212054	2.83290601	3.75144267	4.93285227	5.31545448	5.15119648	5.13903093	5.48823929	5.91843271	6.37033510	6.65002918	6.94020557	7.33990383	7.86451006	8.05107594	8.03234482	7.98728609	7.98864937	8.00296688	8.10012722	8.23308563	8.33034325	8.37663174	8.41291618	8.39410305	8.33165455	8.30115128	8.33632660	8.42907524	8.56264877	8.67034054	8.66973305	8.53355598	8.28968143	8.10132408	7.94897366	7.83155346	7.74174213	7.66597080	7.65293217	7.63874340	7.58073759	7.47627592	7.36274958	7.27816486	7.21984434	7.12848902	6.98949575	6.83295250	6.75787115	6.64326143	6.46273136	6.22436428	5.97072268	5.75311232	5.53410053	5.32768583	5.13497114	4.94416571	4.73349428	4.51155424	4.29493141	4.09644079	3.92512631	3.78840733	3.65780473	3.53058028	3.40750456	3.29286003	3.17194247	3.04092884	2.90421748	2.76375985	2.61906171	2.48476124	2.36541104	2.24723077	2.12875128	2.02081728	1.90984678	1.80686057	1.70726466	1.60969746	1.51602960	1.43253839	1.35536993	1.28573573	1.22158468	1.15760231	1.09591544	1.04084027	0.990409851	0.942154169	0.893100083	0.841013849	0.789788127	0.738570690	0.687888741	0.639648914	0.598120332	0.559579432	0.523938179	0.492031187	0.465616286	0.441387266	0.417984873	0.394988030	0.372973353	0.353515446	0.333361179	0.311477631	0.289539635	0.268246472	0.247322112	0.227888644	0.209319040	0.191578686	0.175242603	0.161495447	0.148056433	0.136222884	0.125344723	0.115279771	0.106393702	9.97233242E-02	9.20689106E-02	8.38656723E-02	7.44877756E-02	6.22482337E-02	4.94043417E-02	3.63733284E-02	2.81647518E-02	2.53634918E-02	2.41297446E-02	8.49263221E-02	2.48455167	4.35901976	5.49882841	8.34895229	6.95699310	4.37866497	2.81441712	2.69373655	2.67514992	2.74584842	2.73693752	2.63529682	2.48615456	2.39308453	2.27615499	2.27157116	2.32850981	2.38059902	2.34591818	2.38684297	2.38226557	2.34447265	2.28690267	2.22414160	2.14728165	2.24698400	2.43484592	2.63921738	2.80519938	2.73146534	2.32247877	1.81108892	1.36502290	1.08688474	0.863888860	0.765268087	0.825159252	1.22739613	2.30550885	3.55170989	3.87803721	3.86492276	3.77570653	3.55663872	3.31391692	3.03681946	2.75869823	2.49586844	2.24760723	2.02680945	1.80538130	1.60918152	1.44535351	1.30232453	1.17814958	1.08150029	1.00071859	0.930565298	0.872220218	0.822342455	0.772124410	0.726389229	0.685831606	0.647018254	0.614522398	0.580064774	0.540641010	0.495528370	0.446286470	0.394884527	0.344966263	0.299427152	0.258922160	0.221865341	0.195815042	0.170161650	0.148202702	0.134405151
-12.0000000	0.126750603	0.119083188	0.112281457	0.109029643	0.109187432	0.109789915	0.105217628	0.101979576	9.76949260E-02	9.43945423E-02	9.85209942E-02	7.87190348E-02	9.56743658E-02	0.339896142	0.725316107	0.889288545	1.44581401	2.04069686	2.24540424	2.03688884	1.79759395	1.81403232	1.96202993	1.97962046	1.78941059	1.49858153	1.20124543	0.955495954	0.735819399	0.530544877	0.341845185	0.305665702	0.286872059	0.299211740	0.341132075	0.395779788	0.423279017	0.489088714	0.552713394	0.655089498	0.918585539	1.15627408	1.38935137	1.52351809	1.51560318	1.37356317	1.20479596	0.991299808	0.844339669	0.945028603	1.54432690	2.17608452	2.47767544	2.60069203	2.65736628	2.72057438	2.70102596	2.70283771	2.69947362	2.68587232	2.67844820	2.66785288	2.65264463	2.64055681	2.63795495	2.64984107	2.73575091	2.80862761	2.80240130	2.72501731	2.65843654	2.70055223	2.76859474	2.85035896	2.96383810	3.15722561	3.46690345	3.74983907	3.93938994	4.02542162	4.05431175	4.13933992	4.32459497	4.50997972	4.64976501	4.75259590	4.80678701	4.78338242	4.75898218	4.74096489	4.66749239	4.52742004	4.33101177	4.09437275	3.82884598	3.54101682	3.20702744	2.88007307	2.61902118	2.46040678	2.41843152	2.41653490	2.35782886	2.27768946	2.23803449	2.32732177	2.48758936	2.60570836	2.72052574	2.85581160	3.02025867	3.17014432	3.17770982	3.10599971	2.98621035	2.81768775	2.71768904	2.69719100	2.67759132	2.63159966	2.58323717	2.32343650	1.99943137	1.70027637	1.47385526	1.32688129	1.24921107	1.28702688	1.46531427	1.74833453	2.03962612	1.84987116	1.48480844	1.10611045	0.828791797	0.721211433	0.637850106	0.600937903	0.570181727	0.525550842	0.467276812	0.427952319	0.630083382	0.955694497	1.19156086	1.02920902	1.20108008	1.52140594	1.92394161	2.34698510	2.73337674	3.00360203	3.22978234	3.46985149	3.74148440	4.02209759	4.32405710	4.59682798	4.91457367	5.30210161	5.73486328	5.93945551	6.08270741	6.21326113	6.35110474	6.48757124	6.65447474	6.90408516	7.15107822	7.35252094	7.50786638	7.62536144	7.71262407	7.76424217	7.77762747	7.75301838	7.82258415	7.98277855	8.10696888	8.11655903	7.98097897	7.84583092	7.77960443	7.72163439	7.62105608	7.43680763	7.28230906	7.19695234	7.13609695	7.04178762	6.84275341	6.69740152	6.61794376	6.55934191	6.48605490	6.37203503	6.26324272	6.07872343	5.86433935	5.64184523	5.40888882	5.20907021	5.03852606	4.89724207	4.77805996	4.66668034	4.50551510	4.32722473	4.15165663	3.98974919	3.84352803	3.74080706	3.64494944	3.54922318	3.44919276	3.34272242	3.23118615	3.10414362	2.98199391	2.86910367	2.75380754	2.65108705	2.54134130	2.42616868	2.30835032	2.19185162	2.09068632	1.99332500	1.89358127	1.78864336	1.67907321	1.57474077	1.48220801	1.40031433	1.32544708	1.25154281	1.18033063	1.11650813	1.05565774	0.999129772	0.954042435	0.903253853	0.852588177	0.801054239	0.750186443	0.704044521	0.657048106	0.615517318	0.576290786	0.539159834	0.506868541	0.482285678	0.456486613	0.430083483	0.403737098	0.378156871	0.353620559	0.331910819	0.309360594	0.285683244	0.263972491	0.244846284	0.225160390	0.206583083	0.189058945	0.170809224	0.154392973	0.140976936	0.129726335	0.119200416	0.107352495	9.62532088E-02	8.66685510E-02	7.79094473E-02	6.94966838E-02	6.11610450E-02	4.97407205E-02	3.88351083E-02	2.94332393E-02	2.24247929E-02	1.86000392E-02	5.26995920E-02	8.96464065E-02	1.60494483	4.29269171	6.06557608	9.51938057	8.57408428	6.27057791	4.25339699	2.77072287	2.58072710	2.63745117	2.71258187	2.68637538	2.54765439	2.53299451	2.42654395	2.37758589	2.40331769	2.38885355	2.44716120	2.44432521	2.41266870	2.35199285	2.22957730	2.13666797	2.14962935	2.26362538	2.43567157	2.58463097	2.55028772	2.18822646	1.73475492	1.34257770	1.08079720	0.883600175	0.912707806	1.21461189	1.84636939	2.87560296	3.59056234	3.76412797	3.57959509	3.27515697	3.14390397	3.10525560	2.98099041	2.79645681	2.57484722	2.33719826	2.12093329	1.91513014	1.71640110	1.53205013	1.38007379	1.24934018	1.13749278	1.04269958	0.962448239	0.893545389	0.831199765	0.776657462	0.726402283	0.679735482	0.638776124	0.603485584	0.572054744	0.540988743	0.506599188	0.465003937	0.414777488	0.364194930	0.316165775	0.273883283	0.240824580	0.211600631	0.185535043	0.162164047	0.145867169
-13.0000000	0.134134740	0.119533971	0.108511344	0.102716766	0.101239808	0.100609526	9.92699265E-02	9.78939310E-02	9.88688543E-02	0.101494178	0.101981603	8.14518183E-02	0.122739337	0.295222133	0.605761647	0.998703063	1.61657405	2.00923276	2.05984879	1.82813835	1.55036485	1.57726455	1.70474339	1.66873586	1.43129468	1.18059039	0.940583587	0.752895951	0.568542778	0.390835047	0.275379270	0.261036724	0.257663816	0.270982862	0.306507647	0.369543374	0.399952680	0.444410324	0.491243541	0.570609570	0.754495561	1.03424168	1.25102413	1.37904179	1.39476812	1.27695143	1.08627594	0.785969913	0.567455590	0.773108661	1.89625812	2.63154459	2.70113683	2.60848975	2.58803201	2.60516715	2.58947277	2.57607341	2.53875208	2.47544384	2.40823412	2.35921431	2.31600952	2.28450274	2.26672602	2.26086044	2.26424718	2.29009438	2.27810955	2.22970366	2.20799279	2.24489641	2.29606032	2.36074233	2.43954206	2.53440046	2.68004847	2.81405544	2.91660666	2.97930121	3.00515079	3.15573788	3.38809943	3.58107924	3.70300484	3.81168747	3.83460951	3.80425739	3.78057933	3.77457500	3.74829531	3.76620865	3.71521640	3.59275222	3.41172147	3.20050001	2.93083692	2.64361453	2.39861798	2.22061849	2.09937191	2.04140806	1.97538018	1.87878752	1.76751411	1.69583058	1.72240019	1.73064172	1.75441456	1.81271553	1.90968060	2.00130129	2.09344387	2.12645388	2.09263635	2.03625488	1.96914232	1.95901120	1.95784771	1.93973982	1.90087724	1.76888168	1.56886280	1.38859522	1.27299988	1.22414315	1.26304424	1.40620065	1.70892024	2.16855168	2.72448373	2.43080091	1.75812268	1.14145029	0.773360848	0.604007423	0.517504990	0.439216077	0.411320001	0.431102455	0.450955451	0.465506196	0.607347131	0.848576009	1.03355455	0.878908515	0.981268227	1.12857068	1.32937574	1.55918586	1.76044559	1.98185909	2.17524290	2.38794494	2.62804484	2.86435366	3.07544208	3.24988246	3.42860031	3.65355134	3.96772099	4.22616196	4.42615223	4.59151936	4.73279953	4.84723568	5.01233482	5.27654743	5.58216286	5.88035440	6.13118410	6.34240675	6.50633860	6.65270138	6.77564240	6.83373737	6.89891481	6.98704100	7.04553223	7.05420351	7.02526951	7.03990459	7.13519716	7.26396656	7.34883738	7.28224230	7.08445120	6.93546009	6.79317188	6.60578394	6.31179810	6.12853193	6.04033279	6.01086569	5.99142885	5.92095089	5.78393269	5.57004309	5.32617855	5.08604813	4.87017536	4.65157509	4.50075531	4.38950825	4.30263424	4.23794413	4.14765787	4.02118015	3.89064431	3.76978898	3.65395904	3.55131316	3.44339561	3.35525441	3.29161620	3.23688459	3.14302015	3.02446413	2.89897847	2.78185773	2.68592882	2.59948349	2.50559068	2.40006614	2.28616023	2.17455530	2.09020305	2.02287173	1.95806587	1.88449991	1.79409730	1.67137551	1.55443823	1.45177901	1.36673379	1.29748058	1.22461092	1.15527380	1.08970869	1.03068960	0.983525336	0.945950091	0.902348936	0.857400417	0.812962472	0.768072486	0.722899497	0.684935451	0.646595240	0.607850552	0.576230466	0.546220958	0.516818166	0.485861391	0.455022782	0.429806501	0.402914375	0.378126234	0.353005201	0.327516228	0.304026067	0.283288091	0.260539383	0.237544581	0.215378061	0.194424078	0.174222052	0.157158464	0.140904307	0.125595123	0.113831133	0.101176247	9.05486420E-02	8.05502534E-02	7.07597062E-02	6.17323220E-02	5.28049357E-02	4.36460897E-02	3.62658277E-02	3.04676164E-02	2.38483567E-02	2.05598604E-02	3.54729518E-02	0.635448396	2.13216639	4.58212757	6.31806183	11.5764561	14.5682926	13.6356554	11.2517319	5.87397146	3.36530137	2.65206003	2.73373652	2.68297005	2.67562175	2.62474847	2.52536368	2.41327977	2.36510825	2.40970039	2.43489528	2.45740867	2.46178460	2.40039539	2.30683756	2.26123190	2.29033232	2.36700344	2.41022062	2.34630847	2.08824658	1.71894383	1.34670544	1.10523129	0.916834116	0.951035380	1.25948548	1.98497641	3.36144185	3.81451774	3.44288993	3.02353168	2.86188388	2.79185843	2.82713485	2.79848838	2.70446682	2.54742813	2.33353901	2.11693954	1.92481256	1.74849737	1.58157885	1.41988957	1.29672551	1.18735588	1.09097922	1.00520384	0.926048279	0.862447083	0.804755747	0.748672009	0.693492055	0.642111003	0.596805692	0.559860289	0.530036807	0.502585053	0.469242394	0.425943643	0.376077265	0.327491432	0.285905331	0.254909366	0.223943517	0.198848307	0.174823418	0.156139806
-14.0000000	0.135358289	0.119470231	0.105702214	9.58017781E-02	9.02320668E-02	8.81717950E-02	8.73438939E-02	8.63094553E-02	8.85328874E-02	9.24505889E-02	9.14709345E-02	8.83715227E-02	0.150551990	0.259484887	0.483354956	0.977058768	1.37315404	1.58181918	1.60054505	1.48622823	1.35516918	1.29209530	1.34675026	1.30389285	1.11832786	0.914906740	0.764248073	0.603483081	0.442483425	0.305049807	0.228911743	0.221436277	0.243525639	0.277291268	0.317545891	0.371803582	0.398977816	0.462059736	0.524414778	0.603444576	0.770586908	0.936377347	1.08873796	1.19745111	1.21886396	1.09588814	0.888875306	0.658252597	0.592624128	1.26064885	3.61104131	4.35579252	3.37619948	2.53768277	2.44504166	2.44245458	2.44022155	2.43571854	2.41629696	2.37660742	2.31860185	2.25389242	2.18746281	2.12091851	2.06025553	2.01586223	1.98082769	1.96687376	1.95334029	1.93795025	1.93680823	1.95004511	1.97658682	2.02685022	2.09109163	2.13940740	2.18067718	2.21387434	2.24062657	2.26778436	2.30741930	2.40061951	2.55408120	2.68565512	2.75913548	2.78425670	2.79096603	2.81412911	2.84790301	2.88354897	2.90942550	2.97396064	3.01033235	2.99810386	2.93539095	2.83886290	2.66407061	2.44678116	2.22117639	2.01124525	1.83078122	1.69795203	1.60814607	1.51636708	1.40640020	1.29081059	1.22913206	1.18008173	1.13791645	1.11998916	1.16674864	1.21223330	1.29559493	1.34970534	1.35619020	1.34542966	1.31360126	1.34874511	1.41070986	1.45379806	1.42676747	1.36887813	1.27145958	1.23574030	1.30506635	1.46490002	1.64347577	1.73120880	1.91196311	2.27796626	2.82980871	2.48828959	1.81088746	1.17648256	0.761718750	0.541004837	0.337269068	0.274568200	0.287944436	0.343520314	0.438498735	0.550844431	0.654716134	0.750124097	0.820706248	0.833728135	0.934367418	0.961419821	1.02482712	1.13863862	1.22101152	1.38524461	1.55232894	1.73256373	1.92160809	2.10048127	2.27206516	2.43203783	2.57298589	2.70514774	2.85641408	3.02225900	3.17122912	3.32088995	3.46901917	3.59360456	3.70968723	3.90906572	4.15417528	4.42145014	4.70132065	4.99478006	5.24095774	5.43189240	5.58439922	5.74007320	5.89135122	5.98966169	6.01976299	6.00724077	6.01850939	6.13286781	6.29303122	6.48733616	6.66387415	6.73048830	6.80083323	6.82402992	6.70930958	6.43994617	6.07325363	5.88223982	5.79657078	5.77459288	5.77448559	5.75426340	5.69003153	5.53923512	5.30812216	5.03448534	4.78766298	4.57405043	4.38986540	4.22519016	4.08424282	3.98537970	3.90102530	3.83058953	3.75801086	3.67386770	3.57538295	3.46713281	3.34532666	3.23309827	3.14764023	3.10020661	3.05966139	2.98597980	2.88988805	2.77923870	2.65900612	2.55182552	2.42543197	2.29645061	2.17564988	2.06794214	1.97230494	1.91754901	1.88431191	1.85548472	1.81621444	1.71492732	1.58806002	1.46297276	1.35722935	1.27859831	1.21199703	1.14429593	1.08004808	1.02378523	0.980017960	0.949540973	0.915830553	0.880751610	0.845146239	0.808833599	0.774856865	0.746589422	0.716640294	0.684156418	0.654821932	0.622819483	0.591854513	0.559492707	0.526914954	0.498917758	0.470557123	0.443968982	0.416673392	0.388535351	0.361765146	0.337496042	0.312650651	0.287169486	0.261470765	0.236450136	0.210728362	0.187658966	0.166295350	0.146767095	0.130279973	0.113815196	0.101169258	9.01369005E-02	7.92967528E-02	6.80113882E-02	5.88725731E-02	4.94229794E-02	4.09650914E-02	3.48303989E-02	3.23793590E-02	2.69034579E-02	2.01623198E-02	2.66755279E-02	0.396636546	1.81591284	3.84384131	7.53197241	13.1402912	19.5417366	24.2221794	14.7548180	7.10415173	3.22891092	2.69576502	2.67931938	2.63927770	2.60569334	2.57389045	2.53673410	2.48463178	2.51643848	2.54105830	2.55182409	2.55252671	2.55741620	2.57677221	2.53433108	2.49873638	2.46916699	2.37533689	2.21500349	1.99631560	1.68889165	1.35636032	1.15636134	1.01260209	1.01716590	1.28139246	2.00074387	3.45480561	3.88413143	3.25516200	2.68035722	2.55948377	2.57961488	2.59738350	2.58095694	2.51431537	2.38882518	2.20324063	2.00946116	1.84247041	1.68832958	1.54467571	1.42072129	1.31392860	1.21515954	1.12207711	1.03595006	0.961653471	0.897623062	0.838043928	0.780222952	0.722210228	0.662798643	0.608571112	0.564618587	0.530216038	0.501797795	0.472957075	0.434739530	0.391022712	0.346501380	0.304087132	0.264908075	0.237395465	0.210789472	0.184200436	0.164044738
-15.0000000	0.139910996	0.119204506	0.102799363	9.00391415E-02	8.10761452E-02	7.68714845E-02	7.48988390E-02	7.35221952E-02	7.54222348E-02	7.88156167E-02	7.74549097E-02	0.100794598	0.120285563	0.193912163	0.379980803	0.737119853	0.980043828	1.14325941	1.18856370	1.14718378	1.11977792	1.04253793	1.05369365	1.00237119	0.863492370	0.737774551	0.623599172	0.462243974	0.312414646	0.213898018	0.187562093	0.185128599	0.209297284	0.258814186	0.326924711	0.401374102	0.469482899	0.536698818	0.607836783	0.695881307	0.821986616	0.864185035	0.935042918	1.04987645	1.13356698	1.02056038	0.755714357	0.581053317	0.645053089	1.50819552	4.14296722	4.08370209	3.06100464	2.33804560	2.25723219	2.24020672	2.24603772	2.25276184	2.24655795	2.22269630	2.18553495	2.15146446	2.09657431	2.03275990	1.96745574	1.90363348	1.84693360	1.81269085	1.79017925	1.77194154	1.75378907	1.73782635	1.74860322	1.78349900	1.82991898	1.86529577	1.87666595	1.88411367	1.89005077	1.90212917	1.93324125	1.98737240	2.02623773	2.04051471	2.03573918	2.03230572	2.04609942	2.10613561	2.17670202	2.24080014	2.30014300	2.36075306	2.39842105	2.41723204	2.41946101	2.40557241	2.30900145	2.17967772	2.01889014	1.83262849	1.63158274	1.46389687	1.33641326	1.22820675	1.12329996	1.01066554	0.923044086	0.840857744	0.765461266	0.709091425	0.694867432	0.744693398	0.796805978	0.838228583	0.862738073	0.870864749	0.853968680	0.880334198	0.960809112	1.06309831	1.11176467	1.10280919	1.10770011	1.26358128	1.60145855	2.04619980	2.26532292	2.21153808	2.16633916	2.26337266	2.48843789	2.24046969	1.75232518	1.21797395	0.788127124	0.570235550	0.393332213	0.290074229	0.261715025	0.300498277	0.389658123	0.549082577	0.661260545	0.707559288	0.748470128	0.923608303	1.04697502	0.920553029	0.837278903	0.871590555	0.879427433	0.982351065	1.11220002	1.26827610	1.43570530	1.58543646	1.72532213	1.90166593	2.07170606	2.20360827	2.27646518	2.34444356	2.43018866	2.53350091	2.63724208	2.70733476	2.79559064	2.96877956	3.18884969	3.41977596	3.62756038	3.89526415	4.15071869	4.36204624	4.55068636	4.79139280	5.03228235	5.21993351	5.33359528	5.38735437	5.43014383	5.51730442	5.63910198	5.79205084	5.94746447	6.05145502	6.22898722	6.43928194	6.50418711	6.36224890	6.06871080	5.86515570	5.74686861	5.67006731	5.62526464	5.63727093	5.68226719	5.62953329	5.45905733	5.20969057	4.97914743	4.80156231	4.62657595	4.44731283	4.26709414	4.09943771	3.96437621	3.87815571	3.81541252	3.75126696	3.66131830	3.54489446	3.42545986	3.31026506	3.21219182	3.14974809	3.12079072	3.08928561	3.03979826	2.95423627	2.81185174	2.66769433	2.51003718	2.35746217	2.22065568	2.10240889	1.99338186	1.90823090	1.84556866	1.80139089	1.76907623	1.71214604	1.60771799	1.48481333	1.36633229	1.26905441	1.19183743	1.12200046	1.05972219	1.00692105	0.967255294	0.938649595	0.909088552	0.879033029	0.850127399	0.825198889	0.804831743	0.788935363	0.771696746	0.749984324	0.723347306	0.693604112	0.663230062	0.632763386	0.602556050	0.572774231	0.544193506	0.515737593	0.486969322	0.457342982	0.426204771	0.399497658	0.373135597	0.347094774	0.320141822	0.289833784	0.258939922	0.229628325	0.202019393	0.176191926	0.152183190	0.134181142	0.117532738	0.102638483	8.95782560E-02	7.81111941E-02	6.81306794E-02	5.92139326E-02	5.06869964E-02	4.25808541E-02	3.56314220E-02	3.54417078E-02	2.96519287E-02	2.67255306E-02	5.85481040E-02	0.180427372	1.14410639	3.15562916	5.55253124	8.37178135	12.3497877	15.6704302	11.6582289	6.41090012	3.23540950	2.64797354	2.60947013	2.55128956	2.54534125	2.57321858	2.52619672	2.49510741	2.49719572	2.50975108	2.53579545	2.60408235	2.60593867	2.54600787	2.52409244	2.54344630	2.51077533	2.31583500	2.02232337	1.71101177	1.43078899	1.19866312	1.11222148	1.16518116	1.53038859	2.29080725	3.43951702	3.77568078	3.14531732	2.57058668	2.42729807	2.44490957	2.43568635	2.38641477	2.30175996	2.17816234	2.00383973	1.83187437	1.69222307	1.56551898	1.44961488	1.35958457	1.29067409	1.21790481	1.13900721	1.05887222	0.989550173	0.927911818	0.868638277	0.813616097	0.760155261	0.700988829	0.640520573	0.587158740	0.545515180	0.514135540	0.485499322	0.443627268	0.402941346	0.361397505	0.319499165	0.280297279	0.249132156	0.218906328	0.191950336	0.173950836
-16.0000000	0.145072609	0.120648034	0.101392828	8.67793858E-02	7.61884600E-02	6.89091012E-02	6.58075139E-02	6.36644214E-02	6.38810471E-02	6.50357157E-02	6.28837869E-02	9.66946632E-02	9.16329697E-02	0.155833378	0.317137718	0.523095012	0.655770898	0.777509749	0.841620386	0.858909667	0.897682190	0.872178853	0.853702724	0.783073366	0.669406295	0.590113342	0.512048066	0.380576432	0.254659444	0.174733967	0.162712753	0.154348373	0.151907578	0.186856300	0.277113825	0.427052826	0.565853477	0.702514648	0.791497946	0.806841552	0.742160141	0.679764688	0.722079396	0.921070874	1.11068153	0.906829476	0.613290012	0.478948176	0.650550902	1.58052981	4.02700138	3.52165055	2.64994645	2.11039186	2.04059911	2.01728988	2.02078223	2.03613019	2.04689050	2.04395390	2.02554512	2.00971222	1.97469330	1.93260169	1.89111769	1.85348856	1.79986632	1.75875175	1.72485852	1.68960905	1.64113629	1.60326827	1.60574543	1.63097227	1.66453075	1.69517875	1.70178294	1.69644213	1.68881512	1.68663132	1.69569230	1.71595752	1.71862531	1.70437467	1.68623650	1.68959427	1.71147859	1.76636231	1.81369770	1.85176647	1.91767776	1.96113980	1.98287964	1.99486315	1.99882841	1.98628592	1.94080245	1.88531482	1.80352819	1.68271112	1.51369345	1.33631444	1.18453479	1.05896914	0.952562034	0.850588143	0.763534844	0.672125578	0.586623788	0.520655096	0.491206914	0.505499661	0.531108499	0.558629215	0.580447137	0.590736926	0.580910146	0.583561063	0.631254077	0.721561134	0.817061484	0.871940017	1.00261617	1.30091763	1.74595439	2.20411968	2.33504486	2.28404951	2.19871616	2.13388848	2.05167222	1.97546542	1.67196906	1.27742362	0.918159425	0.710595667	0.563367963	0.433603078	0.342351109	0.312202334	0.367287070	0.540989935	0.654749990	0.725667119	0.798570633	0.946020186	1.28071511	1.00718284	0.760325074	0.739645243	0.709248304	0.753670096	0.830526352	0.941475987	1.07308793	1.19684076	1.31781459	1.48343408	1.66816902	1.82824302	1.90163457	1.93216264	1.97530639	2.02534032	2.06923556	2.08665800	2.15981913	2.32953763	2.53321671	2.73660612	2.93380284	3.20407820	3.48478746	3.73630977	3.94384384	4.11740446	4.32227850	4.59407377	4.90374327	5.16776514	5.24814177	5.25908232	5.25133228	5.30173635	5.42150021	5.55619335	5.66957331	5.86716747	6.00329256	5.99669218	5.83053589	5.63832426	5.51805019	5.43991232	5.39299011	5.38524246	5.39713812	5.39319420	5.28450871	5.09262180	4.94951439	4.83758688	4.72922516	4.62583876	4.51933718	4.39213610	4.25116301	4.12122631	4.01102018	3.90992403	3.78800344	3.65089917	3.54087400	3.44640231	3.36594033	3.30792332	3.26800609	3.25299907	3.22297621	3.14867520	3.01149559	2.87431192	2.74255848	2.60976696	2.47356653	2.33568263	2.22773528	2.14289641	2.05732465	1.96312225	1.86833835	1.78239858	1.67181098	1.55303037	1.43627298	1.32551718	1.23313928	1.15315521	1.08592451	1.03136063	0.988930225	0.957332313	0.925422907	0.893360615	0.863278866	0.839285970	0.824165344	0.819554329	0.815665483	0.805670321	0.785699368	0.760077119	0.731833696	0.702018797	0.671016574	0.638545215	0.610922754	0.584489584	0.555673897	0.523383975	0.489008009	0.460657537	0.432704777	0.404940873	0.376495123	0.345834941	0.310266376	0.276406556	0.244106695	0.213690132	0.185952380	0.161366329	0.139922857	0.121331066	0.105524585	9.26615223E-02	8.24727789E-02	7.18400180E-02	6.24896921E-02	5.41167371E-02	4.43845168E-02	4.06320542E-02	4.01304513E-02	3.91249917E-02	4.01069187E-02	5.18134236E-02	0.165591419	1.03943074	2.59188962	4.58908081	6.64467192	10.1490545	12.0804043	10.3664751	5.99652481	3.02132416	2.73764968	2.56291866	2.50682974	2.52614236	2.52467847	2.46425295	2.44737935	2.44680762	2.48303580	2.62431026	2.64860034	2.61828613	2.60727453	2.61102414	2.54654503	2.36900139	2.07849503	1.82708073	1.62697637	1.35056472	1.27105629	1.36748123	1.89371073	2.73332787	3.39962840	3.66986012	3.15266871	2.63379097	2.42917943	2.38500738	2.32742167	2.22458863	2.08731556	1.93229973	1.78212667	1.66595542	1.55121613	1.44581199	1.35427630	1.27777243	1.23157907	1.18515742	1.12754464	1.05855215	0.988764644	0.934645474	0.881515861	0.826830268	0.768921256	0.706999123	0.640144944	0.587464392	0.553297579	0.530724287	0.501563787	0.455809951	0.413225740	0.373104542	0.334197909	0.294715673	0.258167982	0.227103800	0.200001419	0.181275100
-17.0000000	0.155077726	0.128505826	0.107252866	8.86833742E-02	7.31031373E-02	6.37591034E-02	5.78403994E-02	5.52491471E-02	5.54341227E-02	5.48097901E-02	4.67562638E-02	7.06441030E-02	7.86184892E-02	0.149703205	0.282088757	0.393132389	0.473935276	0.543638408	0.609414876	0.676945984	0.750422299	0.780722916	0.741922796	0.668140233	0.583558023	0.502422333	0.447559208	0.362870246	0.266017973	0.186661988	0.166459039	0.153397694	0.182763994	0.300209254	0.446381986	0.456927836	0.589561760	0.699984074	0.745957792	0.696425974	0.531511486	0.455365062	0.486935049	0.750867426	1.06297648	0.930244982	0.648191392	0.626077235	1.32559061	2.57066560	3.54748297	2.64087558	2.06103635	1.82042098	1.81024349	1.80047536	1.80918550	1.83682513	1.86924374	1.89319015	1.89631271	1.87632453	1.84372926	1.81190002	1.78994143	1.78269112	1.76194859	1.73417747	1.70110559	1.66116405	1.60948801	1.57162488	1.56010115	1.56394696	1.57583714	1.59209180	1.59576678	1.58447599	1.56147063	1.53278279	1.50722492	1.48817265	1.48973143	1.49842000	1.51500762	1.55451381	1.59386575	1.63159680	1.65313029	1.66508520	1.69527662	1.74105644	1.76179540	1.76396143	1.75630784	1.74987328	1.72523296	1.68788171	1.63129807	1.54762006	1.42764592	1.27060223	1.12027192	0.985140324	0.867676437	0.764333010	0.680497468	0.603163838	0.532293618	0.474824846	0.444672227	0.428185165	0.415714234	0.420131773	0.434998453	0.434563309	0.414235771	0.391001821	0.401233464	0.464156657	0.581851184	0.683104873	0.910557687	1.24413753	1.61250925	1.89307559	2.07904577	2.07033038	2.03438687	2.00961471	1.90535891	1.84296834	1.60350788	1.32303822	1.08116925	0.901059806	0.741949081	0.633201063	0.534600317	0.452762216	0.441132963	0.603413522	0.684378684	0.747217417	0.846446753	1.02791083	1.51717007	1.09730661	0.726117432	0.699914932	0.653527200	0.653943956	0.690474093	0.759864211	0.854354203	0.961677253	1.05086315	1.16469038	1.31346893	1.47935355	1.61634398	1.66185689	1.68576133	1.68822289	1.67842424	1.67456722	1.72061741	1.83655596	1.99247229	2.18514204	2.43802810	2.74924016	3.06698537	3.35185766	3.56555057	3.67085671	3.76318121	4.20869827	4.77834940	5.22598982	5.28839684	5.20529890	5.08592510	4.99593258	4.97238302	5.02373886	5.04398394	5.15652370	5.30135059	5.41364861	5.42379332	5.32142353	5.22726011	5.14675426	5.07451344	4.99429941	4.96592569	4.95104504	4.87559462	4.74594021	4.64887714	4.62869549	4.62897921	4.63238478	4.62101793	4.57643223	4.48165703	4.33781767	4.17137098	4.00830078	3.87412071	3.73193860	3.60689712	3.50087047	3.41904569	3.36992216	3.37999320	3.42348146	3.44748950	3.41771412	3.31844807	3.20917988	3.11299157	3.02725577	2.93620062	2.81091166	2.69329238	2.59636021	2.49300981	2.36962080	2.22605562	2.06559086	1.91228437	1.77027261	1.64159632	1.52619946	1.39673746	1.28481770	1.19367170	1.12192476	1.06359518	1.02416837	0.986143112	0.949335814	0.912626743	0.873960137	0.851561129	0.847185850	0.847613275	0.842882574	0.826293290	0.808225930	0.783426464	0.755469799	0.726052344	0.694991946	0.663548589	0.638153195	0.610436857	0.577915907	0.543992460	0.510937452	0.479721129	0.450173467	0.421087891	0.390221536	0.356876075	0.322492927	0.289389461	0.258261353	0.228182748	0.199307904	0.173719406	0.150207728	0.129086956	0.112194858	9.99594629E-02	8.82201642E-02	7.79835582E-02	6.78896382E-02	5.42118177E-02	4.67694439E-02	4.35841270E-02	4.56047170E-02	5.27437851E-02	6.38776049E-02	0.130281314	0.183976561	0.685440660	1.71548355	2.97524810	4.21993113	6.90795135	9.31905365	9.82072258	6.86817408	3.93338847	2.74653959	2.46049285	2.49268055	2.52510262	2.54412150	2.53136301	2.55162334	2.57430792	2.47343469	2.67586064	2.76002359	2.74878764	2.67411685	2.57707477	2.37235618	2.12819910	1.95445406	1.83285630	1.61702621	1.51767766	1.63596022	2.30439162	3.17263985	3.20752239	3.42365956	3.08855844	2.68694282	2.44554281	2.33309531	2.23420906	2.10482502	1.94652867	1.77666664	1.62834716	1.55470765	1.46395779	1.37403584	1.29138410	1.21094751	1.15877354	1.11303115	1.06595767	1.01546812	0.965156257	0.913372815	0.854963601	0.791748881	0.725788832	0.659382761	0.606620491	0.572354555	0.558799565	0.553911865	0.531389117	0.479397386	0.432852596	0.391415268	0.352596670	0.311758876	0.272937715	0.239886880	0.210348397	0.189386219
-18.0000000	0.168418109	0.141482040	0.117476061	9.52970237E-02	7.62329549E-02	6.39630184E-02	5.46519458E-02	5.06725311E-02	4.93753590E-02	4.71524931E-02	3.94374952E-02	5.10222502E-02	5.67193329E-02	0.113045350	0.218102708	0.311579704	0.392703921	0.451786429	0.505792916	0.567907512	0.647532165	0.701206744	0.652220547	0.582121730	0.524802029	0.466497421	0.437107146	0.378372550	0.310327739	0.256580979	0.244314745	0.202953994	0.311450124	0.518924713	0.658753097	0.448564291	0.572995186	0.569836855	0.511952996	0.430886000	0.316857517	0.258748472	0.297209024	0.559845150	0.938051999	1.08701348	0.776051223	0.936837196	2.18462873	3.55154920	2.48658800	1.87464809	1.60450435	1.54387558	1.57243681	1.58181930	1.60443211	1.64783669	1.70611155	1.76034248	1.77862215	1.74633694	1.70911169	1.68662751	1.68515456	1.69755328	1.69983208	1.68426061	1.65717542	1.62698901	1.60418808	1.57927132	1.56176078	1.55105829	1.54308820	1.53029764	1.52571249	1.51627195	1.49296558	1.45027840	1.38619196	1.34421706	1.33245015	1.34758496	1.38538432	1.44068015	1.49031591	1.52404249	1.53667080	1.53728354	1.54923630	1.57776558	1.59304714	1.59991693	1.60402572	1.61184072	1.60119057	1.56308603	1.50463402	1.42881024	1.33445847	1.20550740	1.08435905	0.959552884	0.832014978	0.715058267	0.641187251	0.576959193	0.526976109	0.487574339	0.446824193	0.404650390	0.356604546	0.331822962	0.337333858	0.358057410	0.338773221	0.303913236	0.291042417	0.327816069	0.431980014	0.566407919	0.821904182	1.12745094	1.42421198	1.66553366	1.88797808	1.98197210	2.00246263	1.98074293	1.92445183	1.85191798	1.65930247	1.44877875	1.26309955	1.08559608	0.917288184	0.792598307	0.714238405	0.663665175	0.601080537	0.711488664	0.788017929	0.858555913	0.964012623	1.15832102	1.62336445	1.16297889	0.763681650	0.730751574	0.688227832	0.653879285	0.642805219	0.670666933	0.740827203	0.844350100	0.919491708	0.987142980	1.06943309	1.18318880	1.33993435	1.44186866	1.50279033	1.51728010	1.49992824	1.48533344	1.50072801	1.53599560	1.61781478	1.77261937	2.02659750	2.33327818	2.63631463	2.91323924	3.15219831	3.35195041	3.52654529	4.07909060	4.72223997	5.19650888	5.27027321	5.19272041	5.04658937	4.87403774	4.71181536	4.59126425	4.46995068	4.42769670	4.49417543	4.64670753	4.81026077	4.86241341	4.86957741	4.84238052	4.77820635	4.66118813	4.57414341	4.52890825	4.46322155	4.37266397	4.31066084	4.33194065	4.41112232	4.51697397	4.60985518	4.64171982	4.54313612	4.37653637	4.18303823	4.00867033	3.90437341	3.79194617	3.66024780	3.53592038	3.44767952	3.42631269	3.48037362	3.58650422	3.68242550	3.72910190	3.71073675	3.68385577	3.66133451	3.64038181	3.60400057	3.52098966	3.39085984	3.22838140	3.05228162	2.87553239	2.70534945	2.49582219	2.30320239	2.12773108	1.97806633	1.87128639	1.73935068	1.59956348	1.46673083	1.34570920	1.23140681	1.16071594	1.09686422	1.04063368	0.988708913	0.933676600	0.903177738	0.887808740	0.878543437	0.868602812	0.853455544	0.835474312	0.814952970	0.791232347	0.763496935	0.730774999	0.697638988	0.671013534	0.643220007	0.611351907	0.577274740	0.544958532	0.512227833	0.480671316	0.450643331	0.421263993	0.393097043	0.363487989	0.333072245	0.302403510	0.271953434	0.240364790	0.211010814	0.182585016	0.156584710	0.137311086	0.120549023	0.106245793	9.47526768E-02	8.36385265E-02	6.76897615E-02	5.83946183E-02	5.13289943E-02	4.85985205E-02	5.05782664E-02	5.59127219E-02	7.19173178E-02	6.71762377E-02	0.140471071	0.343628466	0.681520045	1.09434366	2.21180868	4.30032873	6.79473543	8.29827881	5.27845621	3.27268863	2.44756746	2.46117687	2.46309257	2.48932528	2.49809933	2.55813456	2.60262704	2.42924953	2.62870550	2.74671721	2.75300264	2.67699194	2.60783029	2.38103247	2.22536922	2.12304592	2.04784203	1.96511197	1.89199424	2.09606433	2.86299825	3.76737237	3.67266345	3.35447598	3.04622436	2.76325440	2.53214788	2.39072299	2.26148343	2.10328531	1.92905235	1.76035237	1.62739611	1.55065024	1.46150041	1.37063718	1.28105199	1.18803751	1.10676229	1.04733944	0.998701453	0.958733141	0.934270620	0.889599741	0.820506930	0.748930573	0.686122179	0.632645965	0.599837363	0.579773962	0.573773265	0.575361729	0.570274591	0.519984245	0.467670679	0.418799937	0.375049442	0.334307820	0.296622992	0.261244804	0.228933960	0.206424683
-19.0000000	0.185107350	0.156717181	0.131129012	0.107831225	8.74482393E-02	7.17405379E-02	5.72569445E-02	4.88492511E-02	4.44676392E-02	4.31114472E-02	4.48291935E-02	5.43037280E-02	7.17538223E-02	9.42579210E-02	0.142474219	0.260640651	0.373151839	0.463798225	0.507969320	0.523597598	0.571157873	0.632245600	0.592743337	0.532034338	0.486679912	0.450419366	0.428849816	0.413275152	0.394159466	0.371059299	0.352623433	0.308307022	0.491925269	0.638780832	0.623259127	0.458828151	0.526135564	0.440449744	0.339121610	0.272611558	0.204489395	0.164564386	0.199942946	0.403626710	0.749933839	1.09449923	0.834764183	1.14969468	2.51122403	3.68969774	1.75387204	1.52777529	1.38103819	1.34023941	1.37026513	1.37430894	1.41910148	1.49771738	1.58660722	1.65706909	1.67524636	1.64152873	1.60207713	1.58117139	1.58463025	1.59981000	1.60036790	1.58908093	1.57292914	1.55988729	1.55892467	1.55971909	1.55938792	1.55791926	1.55028820	1.52645755	1.50748420	1.48736870	1.46283722	1.42374611	1.35308242	1.29848480	1.26253235	1.25422859	1.27715874	1.32949018	1.37710845	1.40069723	1.40056109	1.38999820	1.39529991	1.40961158	1.41082013	1.40948093	1.40942228	1.40774536	1.39705324	1.36688232	1.32043207	1.26301134	1.20203781	1.12414992	1.03506792	0.936586738	0.828034520	0.706272662	0.631162882	0.581883013	0.543452740	0.501536548	0.442443401	0.377930701	0.309429199	0.264553279	0.260081649	0.301957577	0.297973156	0.270600408	0.260668635	0.290929705	0.366058528	0.509855866	0.768156826	1.03110826	1.26825845	1.52855480	1.70533466	1.83047700	1.90287662	1.93128741	1.93432319	1.90214479	1.80157578	1.67737198	1.53736281	1.35245144	1.17405474	1.00227535	0.893527985	0.853777051	0.838534832	0.857113361	0.887344182	0.975635231	1.10368407	1.18847752	1.52465260	1.28999400	0.997954905	0.862701476	0.799112558	0.761840940	0.717547417	0.700359046	0.730776787	0.815675199	0.880993664	0.924300849	0.961043298	1.01679170	1.12724113	1.26763642	1.36468983	1.40440392	1.40749705	1.42940390	1.47079563	1.47487462	1.48865402	1.54979050	1.68658364	1.95110548	2.22556257	2.51031351	2.80078864	3.08748913	3.38449788	3.85698032	4.35085535	4.73744678	4.91348219	4.93549204	4.87799168	4.76854849	4.62038326	4.43237305	4.22480345	4.06442928	3.99297833	4.02974367	4.17158699	4.33395338	4.42606258	4.45549488	4.42827988	4.34889412	4.21283484	4.12453318	4.06517315	4.03408909	4.04876614	4.06957531	4.11155748	4.18327904	4.27231264	4.34523582	4.30242682	4.16464281	3.98817492	3.82591915	3.72738099	3.66510963	3.61800933	3.57517028	3.53908229	3.52563763	3.58265352	3.69004846	3.80348539	3.89270830	3.94154239	3.96847701	4.04033947	4.12192869	4.17558622	4.16120148	4.05743837	3.87746048	3.64332533	3.38939834	3.16235137	2.94382358	2.72350454	2.52028275	2.35005760	2.22573829	2.11095428	1.97745800	1.84246671	1.71045232	1.57314384	1.44066274	1.31786406	1.21234584	1.12647092	1.05736744	1.00533879	0.971249640	0.941179574	0.909590364	0.879325867	0.858848929	0.837652266	0.813120365	0.784198642	0.751393557	0.718045354	0.688851058	0.660809517	0.631562591	0.599395692	0.567825019	0.538260400	0.507128239	0.474445283	0.443818331	0.417642057	0.392438233	0.365697831	0.336445481	0.305239588	0.273287684	0.242894948	0.213272721	0.184916511	0.159606025	0.139599100	0.123256728	0.109610230	9.67515782E-02	8.18334222E-02	7.34384954E-02	6.45100921E-02	5.54545708E-02	4.77740839E-02	4.40665707E-02	5.43782748E-02	4.88106683E-02	9.65519771E-02	0.163184479	0.110684551	0.355183810	0.801183045	1.53462553	2.98863387	5.94351053	5.57912588	3.79532552	2.54471540	2.36355662	2.37176108	2.41822028	2.48151803	2.56130028	2.61914229	2.57855105	2.59343171	2.58490300	2.55192304	2.50164247	2.44940495	2.27724838	2.32582808	2.33893871	2.27245569	2.29433441	2.29787397	2.60720158	3.27740026	4.06954956	4.45072222	3.72979498	3.25850654	2.94662118	2.73937249	2.61746240	2.51541448	2.36524725	2.16881824	1.95803523	1.79485524	1.68670189	1.55855930	1.43800700	1.33703792	1.25205576	1.13987064	1.05783176	1.00432920	0.971182168	0.943640590	0.912510216	0.855057180	0.788733065	0.728573024	0.687194824	0.652782738	0.626675904	0.609836698	0.603643239	0.609890103	0.568351746	0.511200726	0.453118175	0.402025700	0.359084994	0.320855349	0.284760505	0.250719726	0.226195961
-20.0000000	0.205029875	0.174351037	0.147163063	0.123154946	0.102228470	8.44983310E-02	6.78100586E-02	5.54214455E-02	4.61797528E-02	4.14515026E-02	4.51225042E-02	5.62475659E-02	6.60225376E-02	6.04707822E-02	7.71685913E-02	0.205245197	0.343434662	0.464304686	0.524994791	0.536704779	0.564694405	0.592024088	0.539674401	0.488072038	0.463007927	0.435637355	0.413766176	0.427369177	0.440955698	0.442587495	0.443878591	0.507543087	0.619112432	0.630069673	0.532257497	0.457877755	0.424393177	0.326526195	0.242351532	0.194460943	0.149962977	0.127379894	0.155622169	0.306113571	0.591304839	0.964673340	0.837941229	1.23320913	2.63751459	3.75519681	1.50789547	1.37314057	1.26233327	1.22392225	1.24380088	1.24530530	1.30281878	1.39333344	1.48155987	1.53891194	1.54350770	1.53037024	1.50602579	1.48655391	1.48201263	1.49644017	1.49236465	1.48513854	1.48188651	1.48458934	1.49008417	1.51131463	1.52853787	1.54060566	1.54251635	1.52541339	1.50418580	1.48728120	1.47064757	1.44686198	1.40512943	1.34383452	1.28325212	1.23713982	1.21706712	1.23241496	1.26377285	1.27112889	1.26933599	1.26414061	1.25218296	1.25027013	1.23860252	1.22310615	1.20333159	1.17245495	1.13028502	1.10413563	1.08801997	1.07439232	1.05414832	1.02271450	0.975796342	0.907650769	0.818513691	0.714600742	0.642109096	0.603647113	0.566319168	0.510065734	0.427663833	0.368321359	0.298328638	0.234463334	0.201053455	0.229977354	0.261233389	0.269556016	0.288955331	0.341637820	0.438006222	0.577577651	0.798178494	1.03114820	1.25950933	1.51796818	1.66134953	1.76149702	1.83419108	1.89179814	1.94326997	1.96780431	1.93400645	1.88115311	1.82457566	1.75565994	1.62140238	1.42754042	1.27845252	1.19753325	1.12719369	1.06761980	1.03489709	1.09166157	1.21897876	1.31634247	1.44154787	1.38204503	1.25017571	1.10475981	0.951095223	0.938353956	0.925100982	0.891086102	0.857381940	0.886384189	0.914507687	0.935881972	0.950690925	0.979189515	1.06170332	1.19027567	1.28975356	1.33917511	1.35862410	1.40922952	1.48524952	1.46699166	1.44229329	1.45397580	1.49984348	1.69669604	1.93778265	2.21622992	2.52490044	2.85639143	3.18966150	3.60863376	4.03172398	4.38176489	4.58600235	4.61805677	4.61164665	4.58828163	4.54180288	4.43838263	4.22250843	3.99719143	3.84187174	3.80110312	3.88455462	4.02218390	4.14051056	4.19724464	4.17845535	4.09857750	3.97448111	3.88181520	3.83407593	3.82871675	3.84714603	3.87057114	3.87660241	3.86344028	3.83921242	3.82197428	3.83540201	3.79888511	3.72516680	3.63555956	3.55994463	3.53453326	3.55210519	3.57382989	3.57215309	3.53079939	3.57133174	3.65212822	3.73554277	3.80026913	3.84134007	3.91576791	4.04015255	4.18384743	4.31910849	4.42109203	4.43329811	4.36632156	4.18902206	3.91847372	3.61996508	3.42095017	3.19915152	2.97975159	2.77684045	2.59341717	2.43172717	2.25570202	2.09409428	1.96678948	1.88480854	1.78466451	1.65794456	1.52123976	1.38734579	1.26526296	1.15898716	1.08938372	1.03545654	0.985499263	0.937093198	0.901113451	0.873069346	0.842984259	0.809226632	0.778509974	0.748139739	0.714914024	0.682354391	0.652289629	0.624856472	0.591034770	0.563714802	0.534917772	0.501948178	0.467393875	0.439821362	0.415695816	0.389962912	0.361099005	0.331111014	0.298863620	0.265934914	0.235147014	0.207499713	0.182170361	0.159487873	0.141859442	0.124891542	0.107363537	9.12276506E-02	8.33702981E-02	7.32978880E-02	6.35726452E-02	5.50426841E-02	4.68419939E-02	5.00159375E-02	5.07292971E-02	7.72723556E-02	0.101211883	3.73911932E-02	0.182232365	0.596086681	1.21059620	2.49550581	5.45866251	5.86372805	4.12837267	2.73073030	2.46467996	2.43984199	2.54523015	2.57001829	2.57289600	2.59802437	2.67503643	2.56355715	2.48059511	2.40239930	2.32234931	2.25095868	2.27315664	2.36283278	2.45193958	2.52034688	2.59584332	2.70408988	3.05893707	3.60751176	4.25390148	4.85915613	4.18291998	3.69955277	3.33693004	3.06116652	2.87661719	2.77740908	2.67897224	2.54890871	2.37408757	2.16064739	1.97051167	1.78926158	1.63073766	1.50287259	1.40769255	1.28198361	1.17420244	1.10155308	1.06468773	1.04770756	1.01125586	0.967636645	0.918287873	0.865742445	0.813629091	0.764187694	0.714693248	0.674159527	0.651613891	0.656097472	0.621501088	0.559326470	0.490739793	0.430607557	0.387496322	0.350667775	0.311535805	0.272738487	0.244467348
-21.0000000	0.225172937	0.196205080	0.167164817	0.141867623	0.120492727	9.95828807E-02	8.13217238E-02	6.57053813E-02	5.22627607E-02	4.31512184E-02	4.31565791E-02	5.38579449E-02	7.07592815E-02	6.37522340E-02	5.75243048E-02	0.131558895	0.258741796	0.400886834	0.510042489	0.570132315	0.596954644	0.577879846	0.517901003	0.477947295	0.470577002	0.459977806	0.445606261	0.437439620	0.434853226	0.434179693	0.428709060	0.442338288	0.460234851	0.457971066	0.438161999	0.430465519	0.385438740	0.293924540	0.215078235	0.166840881	0.125939190	0.103559755	0.132979512	0.288275182	0.549496472	0.802666187	0.804507613	1.33447385	2.31673646	2.89009309	1.40796840	1.29865026	1.18405342	1.12963533	1.15470576	1.23242712	1.28841615	1.30769289	1.32663369	1.35476089	1.37474370	1.37166965	1.36858416	1.36612701	1.37028253	1.39237881	1.40115643	1.39978981	1.39388573	1.38916683	1.39147234	1.41812325	1.44570565	1.46619511	1.47149372	1.45343113	1.43753040	1.42496943	1.42339408	1.42848098	1.42393708	1.37646067	1.30887330	1.23858786	1.18218255	1.15539908	1.16359460	1.16388571	1.16313636	1.15954971	1.14266956	1.13444602	1.10740554	1.07306552	1.03470659	0.987371922	0.936954200	0.908167422	0.905418813	0.920145929	0.930816770	0.905538559	0.870831370	0.821825743	0.758783400	0.687097490	0.625891626	0.590847313	0.566140711	0.530742645	0.458418489	0.379093438	0.318424135	0.254711270	0.195368052	0.176920176	0.283500075	0.398254156	0.490003318	0.563422441	0.659040570	0.746912539	0.872337639	1.05890572	1.29197872	1.51869094	1.71095896	1.87727690	1.96374178	1.99458790	2.07218719	2.10393357	2.11395288	2.11846447	2.13084030	2.16160583	1.98533452	1.85618424	1.75836313	1.66896093	1.55794942	1.43237889	1.32806015	1.28162479	1.29396260	1.33022237	1.36867046	1.43610287	1.42156851	1.30953753	1.17990208	1.25678468	1.29103589	1.24831891	1.15449095	1.09560192	1.04820943	1.01465547	1.01207769	1.04703057	1.11548626	1.22450840	1.31247878	1.36820590	1.41956604	1.53350234	1.62469780	1.56434929	1.47740245	1.43150878	1.43702531	1.54830980	1.73239207	1.98800528	2.29914331	2.63505983	2.97117567	3.33205700	3.70672345	4.06665802	4.36580801	4.50433445	4.49356604	4.45984793	4.45188379	4.44073725	4.26558542	4.03025293	3.82455182	3.71432471	3.74144673	3.87185001	4.03842306	4.17102051	4.20951605	4.10380173	3.99789476	3.95141602	3.92988014	3.90262890	3.84282851	3.78713799	3.71689773	3.62525463	3.52238989	3.43551970	3.46114683	3.50238729	3.52698040	3.52004242	3.48406625	3.45683742	3.43961167	3.43465996	3.43617272	3.43026161	3.43072510	3.47879004	3.55346251	3.63227224	3.69127154	3.80257797	3.93364406	4.08355665	4.24369621	4.39773750	4.50564003	4.56619358	4.55014181	4.44003105	4.23021507	4.02616405	3.82716894	3.59273672	3.32270026	3.05721998	2.82249022	2.57068062	2.33935380	2.15395594	2.02781653	1.95091069	1.86176872	1.75225127	1.62431085	1.48999310	1.36057758	1.24535286	1.15360403	1.08744156	1.04180133	0.993462384	0.946488559	0.904211521	0.868091941	0.837719500	0.804043710	0.765724063	0.727892280	0.693505764	0.663346708	0.627865493	0.595664382	0.563139319	0.528741002	0.492975593	0.465072542	0.438206226	0.413781732	0.388799727	0.355856359	0.318080634	0.283645481	0.252064377	0.223712966	0.199828893	0.175850794	0.154459938	0.134851113	0.116576388	9.95451659E-02	8.86282474E-02	7.90844038E-02	6.98440447E-02	6.10823222E-02	5.42191528E-02	4.96593900E-02	4.82864603E-02	7.51832351E-02	9.67905894E-02	2.09074747E-02	0.155321091	0.611332595	1.31385231	2.83020115	6.37011099	6.29057407	4.26167488	2.80696535	2.63664222	2.64754629	2.74614716	2.76006055	2.74155641	2.71869111	2.69530725	2.58368206	2.43136954	2.26209950	2.13826299	2.16091180	2.26233053	2.35426784	2.48472238	2.66318083	2.86061954	3.20891118	3.68471336	4.04586124	4.18057632	4.10746861	4.13744211	4.05732298	3.86684251	3.59712315	3.31068063	3.09534860	2.98074865	2.89606285	2.77903581	2.57597661	2.33716059	2.12407684	1.94624829	1.79880250	1.66247022	1.52554750	1.39178526	1.28248549	1.21187615	1.18711138	1.15961981	1.10917509	1.06067288	1.01988208	0.973445356	0.910522819	0.832651675	0.760598242	0.713050067	0.706616580	0.684085190	0.617284656	0.536648631	0.464811742	0.416609377	0.380327344	0.338932872	0.298526496	0.270240963
-22.0000000	0.249805510	0.216813564	0.186585009	0.158988446	0.133988902	0.111647755	9.17018279E-02	7.42731318E-02	5.90932891E-02	4.76915352E-02	4.33946997E-02	4.87467013E-02	6.30593225E-02	6.50020242E-02	5.69938719E-02	6.52035251E-02	0.181564882	0.330891281	0.462614000	0.550908208	0.594692886	0.557808518	0.496616542	0.464066476	0.467735410	0.469827682	0.452920109	0.425748169	0.404437393	0.400071263	0.418690741	0.434011698	0.396204770	0.374502569	0.402715743	0.479232758	0.420854688	0.301642686	0.207546338	0.162234530	0.127095416	0.104560278	0.138339922	0.279843420	0.515243113	0.765474916	0.838582993	1.58740997	2.20821452	2.19950485	1.36203873	1.22242069	1.12321031	1.08130527	1.10926020	1.21528602	1.26145172	1.22601438	1.19585252	1.20025861	1.21093929	1.20572245	1.21556246	1.23528087	1.26248300	1.29755723	1.32765150	1.33133042	1.31539857	1.28580368	1.24763715	1.25431085	1.28545690	1.31589782	1.32905471	1.31694734	1.32179952	1.31367517	1.30852580	1.31469512	1.33291817	1.31954610	1.26961195	1.19977236	1.13276494	1.09740818	1.08854413	1.09396052	1.09167182	1.07254767	1.04031408	1.03835475	1.02419555	0.994240284	0.949516237	0.895674050	0.837794244	0.798193753	0.788332105	0.801585078	0.813244879	0.792288542	0.766245246	0.732054412	0.690149665	0.644459009	0.588744462	0.557080626	0.539437592	0.524065971	0.497497261	0.430727839	0.360422134	0.294015020	0.244326398	0.229561523	0.328776598	0.477889210	0.608446777	0.709162474	0.825914800	0.904806674	0.966865122	1.09555781	1.30515218	1.54071641	1.76184642	1.96810973	2.10319877	2.17473769	2.25427890	2.40206409	2.40673780	2.34786081	2.26957273	2.18059158	2.08729672	2.05722713	2.06266594	2.05668902	1.97316372	1.83341563	1.68900561	1.60714185	1.59707391	1.61009336	1.58147216	1.64111078	1.71677184	1.75300896	1.71116519	1.64716446	1.65008283	1.62935662	1.55197072	1.44245982	1.31444728	1.21871579	1.16930401	1.18005824	1.26463223	1.37456191	1.46576798	1.55104721	1.64863229	1.78219283	1.80671084	1.74902761	1.64932036	1.55401754	1.51579750	1.54447305	1.63038576	1.81403637	2.11140895	2.51397324	2.84566164	3.15164256	3.46057510	3.80744839	4.23357964	4.44948721	4.51185226	4.49752235	4.46667385	4.46281385	4.33809805	4.11691618	3.89289665	3.72458863	3.63546276	3.69421649	3.87539411	4.07661819	4.21193695	4.21182489	4.08764410	4.01529837	3.95723152	3.89047480	3.80664682	3.70377278	3.59155965	3.45880628	3.33426261	3.28662705	3.36756110	3.42666507	3.44587731	3.42231154	3.36825633	3.31709242	3.26535249	3.21705365	3.18965626	3.21406245	3.24195242	3.29409885	3.35495973	3.42968607	3.54412389	3.71578693	3.88388181	4.05729008	4.23781586	4.42018414	4.54589272	4.64567614	4.72088814	4.76957273	4.78646421	4.64537907	4.46922398	4.24989891	3.97985387	3.65209055	3.29907775	2.95230985	2.64476085	2.39533377	2.20886397	2.07335687	1.95283294	1.84342062	1.73775649	1.62498462	1.54528356	1.45361674	1.35957372	1.27115846	1.19479084	1.13651633	1.07402587	1.01189959	0.955527365	0.911109269	0.876246274	0.832208574	0.786172390	0.742779791	0.704139054	0.675222397	0.638065934	0.597443163	0.558353007	0.526020229	0.493400633	0.465630680	0.439710349	0.411020607	0.373323143	0.332564473	0.296331435	0.264357746	0.236846343	0.214469060	0.189727426	0.164952442	0.143317476	0.125023395	0.107298620	9.36081186E-02	8.45670775E-02	7.56558552E-02	6.58556968E-02	5.76487407E-02	5.19990362E-02	4.76356186E-02	7.65623301E-02	0.101620495	1.64888799E-02	0.198712319	0.513454378	1.28407216	3.15581393	7.09581709	6.24176598	4.14015865	2.80947924	2.70947027	2.74113369	2.88591409	2.90330935	2.87168241	2.81806684	2.71816063	2.56922650	2.38931847	2.19461346	2.03916788	2.01491594	2.14177155	2.24178219	2.43445873	2.73064709	3.03253102	3.83935428	4.09359360	4.13110876	4.11507511	4.03598785	4.18120575	4.22906065	4.18810558	4.06747770	3.87689614	3.62464976	3.42163944	3.25953579	3.10336161	2.89149475	2.62611890	2.39210558	2.21115756	2.07420707	1.94141603	1.80556750	1.65460539	1.51288009	1.39873064	1.32448483	1.29935503	1.25948811	1.20501947	1.14598882	1.10234058	1.05096292	0.973189950	0.873568535	0.779452264	0.741001785	0.734706342	0.680255353	0.598083317	0.512762308	0.453001827	0.411570907	0.369092345	0.326517940	0.294777215
-23.0000000	0.274571240	0.235532477	0.202464685	0.173083976	0.146550134	0.123466723	0.103709705	8.54201317E-02	6.84499815E-02	5.43076135E-02	4.61577587E-02	4.75485623E-02	5.55166416E-02	5.85045926E-02	5.52709065E-02	5.48899621E-02	0.147243172	0.247261360	0.354848444	0.461534500	0.550475717	0.525628090	0.500727355	0.495553643	0.504281640	0.495480448	0.468008816	0.439101458	0.408606321	0.415230989	0.536542416	0.531996489	0.449128300	0.397709608	0.429950655	0.540500402	0.471075237	0.328089595	0.217380032	0.168869123	0.136565343	0.120657898	0.155231327	0.273917884	0.461715102	0.654985666	0.867265701	1.66418564	2.16529131	2.00455546	1.33037901	1.18442035	1.12686193	1.11304021	1.11749089	1.13394797	1.16443717	1.16736138	1.15468717	1.13401449	1.10857785	1.09016395	1.10499012	1.13562775	1.17224085	1.21258581	1.25322819	1.25907552	1.23698807	1.19326758	1.13365829	1.12030530	1.13083148	1.14810860	1.15930045	1.15586197	1.15960145	1.13889217	1.12415683	1.12999046	1.15515959	1.16705263	1.15253031	1.11493838	1.07053757	1.04850316	1.04405844	1.02614331	0.998486757	0.970556974	0.957561851	0.959251940	0.954756558	0.939086318	0.909733295	0.866671503	0.812145948	0.771415114	0.747441769	0.735730588	0.724328160	0.712625325	0.700037599	0.683879852	0.659206033	0.618809402	0.571071506	0.534673810	0.518330276	0.513842762	0.496101499	0.482977509	0.443736225	0.390807003	0.359645844	0.408734947	0.444233298	0.529167175	0.664136529	0.810267210	0.889210820	0.968437433	1.02662814	1.12959790	1.30951846	1.56491852	1.81541228	2.00364161	2.13826346	2.25606275	2.42195368	2.59822989	2.65039444	2.66106796	2.61507916	2.39946342	2.27594113	2.19714141	2.17636991	2.16974473	2.07619691	2.03102708	1.96869278	1.91999376	1.89863718	1.90123928	1.90963209	1.92573667	1.96587145	2.02254057	2.06443238	2.07049966	2.06206965	2.06032801	2.04063988	1.93255055	1.76242971	1.62452173	1.53065932	1.48724222	1.49523830	1.55001664	1.61865306	1.71516907	1.83206427	1.94031811	1.96193659	1.96474838	1.92399180	1.84621787	1.76928973	1.73289943	1.72632980	1.79826701	1.98958421	2.33334136	2.72922325	3.05698013	3.36255264	3.70035720	4.13328505	4.37642813	4.49970007	4.54478025	4.53888273	4.49475384	4.44251823	4.29443073	4.09582329	3.88257623	3.68112063	3.56313944	3.58881807	3.70696807	3.87676811	4.06776476	4.07421398	4.01581287	3.90362453	3.77111959	3.67418051	3.54024458	3.46319222	3.40113115	3.35104012	3.34876847	3.42389679	3.49317741	3.50071716	3.44296980	3.36873627	3.26806188	3.16898608	3.09594870	3.06173468	3.06747150	3.11967492	3.19436216	3.27211785	3.35220671	3.45257211	3.62001634	3.82443404	4.04174519	4.25609779	4.45986271	4.61090136	4.71323156	4.78553057	4.84622383	4.91348696	4.93854570	4.91410828	4.81825256	4.61993027	4.27896786	3.84876871	3.40550399	3.02875853	2.75199413	2.56254888	2.36316347	2.19938445	2.07431960	1.97317553	1.86325729	1.77462602	1.69839287	1.62671554	1.54859757	1.44988906	1.35729265	1.26260900	1.17314434	1.09549248	1.03553367	0.967495501	0.901809037	0.842900276	0.789773881	0.736013353	0.703946412	0.673212826	0.638957381	0.599721968	0.557445824	0.521075249	0.489506602	0.462359607	0.433473676	0.390907943	0.350320667	0.314266175	0.282046765	0.253239632	0.227696911	0.202362075	0.175844908	0.152487293	0.133500949	0.116967320	0.105154976	9.43931714E-02	8.40058848E-02	7.31814727E-02	6.09726608E-02	5.74397072E-02	5.03638014E-02	7.82612413E-02	0.104682781	1.82136558E-02	0.184380457	0.440794438	1.31580281	3.26287413	6.66059780	5.15397835	3.48707128	2.61596107	2.60135555	2.60858250	2.81827998	2.95782709	2.98449659	2.91932726	2.84712291	2.56367040	2.37953591	2.22641277	2.11674619	2.14373398	2.16532373	2.31000137	2.51252961	2.81001472	3.34190869	3.32791114	3.13590384	3.27054930	3.72545552	3.98317289	4.14798498	4.27615929	4.36390543	4.39695501	4.35056114	4.17444324	3.94902015	3.71723127	3.47345424	3.16350317	2.83833098	2.58665776	2.40653706	2.27710533	2.15858436	2.03846622	1.90473747	1.76175797	1.61454403	1.46876967	1.37671578	1.34025836	1.31650496	1.27623117	1.20388162	1.15860653	1.09823275	0.996548355	0.870654702	0.780966759	0.765787661	0.721578896	0.651232481	0.566046894	0.485727072	0.442058325	0.398848832	0.357021391	0.326572478
-24.0000000	0.299306840	0.256722271	0.221244127	0.191901430	0.166849494	0.143369973	0.121186167	0.100607723	8.13230202E-02	6.47572428E-02	5.40722199E-02	5.12135327E-02	5.05890772E-02	4.96566594E-02	4.86783199E-02	5.07203639E-02	0.130157039	0.185360357	0.256602854	0.351938337	0.447202176	0.478361219	0.479557872	0.506494820	0.555135190	0.561701775	0.532719254	0.501075685	0.486772269	0.511857927	0.600429237	0.838628531	0.680543303	0.558472574	0.613384545	0.694917500	0.593966663	0.397602171	0.246994242	0.186233968	0.162333369	0.153862819	0.181812704	0.289279431	0.469054431	0.663623929	0.895256639	1.46797240	1.83149493	1.76427305	1.37348139	1.22281492	1.15625381	1.12672913	1.10870826	1.09819484	1.11597919	1.13265288	1.13436770	1.11581278	1.08021569	1.06989467	1.07377231	1.08369529	1.10022974	1.13266230	1.16601217	1.17214537	1.14893079	1.10217893	1.04564226	1.04521489	1.04990578	1.04323769	1.02088881	0.990691841	0.974826038	0.938064516	0.914299488	0.912645340	0.917438328	0.946543038	0.970107079	0.981724322	0.984424055	0.990671396	1.00856256	0.980551183	0.929017663	0.880678117	0.866584718	0.880942106	0.898305118	0.904328406	0.890556633	0.854424834	0.802260160	0.757116795	0.718197823	0.687062263	0.667625904	0.655492783	0.647569358	0.644772530	0.638768375	0.611972690	0.570649445	0.543107450	0.522341073	0.506439269	0.498585939	0.495365590	0.487675697	0.470204860	0.459307641	0.493004620	0.514336646	0.606897175	0.739279687	0.880197048	0.998481870	1.06293869	1.10353017	1.19998109	1.38460350	1.64229679	1.85296750	2.02589583	2.18772864	2.35591602	2.53871012	2.63261867	2.73506284	2.78229237	2.75145507	2.66059494	2.48113275	2.40622401	2.39994740	2.39898014	2.31259680	2.25127292	2.24596524	2.24237514	2.22169709	2.20061898	2.32587099	2.39139152	2.41926241	2.41204834	2.35279775	2.41592956	2.44180059	2.42253661	2.35987735	2.26517868	2.08619809	1.99775159	1.95424724	1.92616832	1.90007281	1.87204850	1.87735689	1.92719257	2.02115107	2.14723039	2.22388387	2.25542045	2.22627163	2.14927888	2.06569457	2.01047516	1.97490859	1.98785627	2.07177687	2.24272466	2.59105492	2.92036653	3.26414537	3.63481808	4.02375221	4.29396677	4.43748093	4.49888229	4.51742649	4.52703476	4.49935961	4.43628836	4.30122089	4.10937548	3.92778635	3.69732857	3.55410767	3.48484492	3.53076601	3.78759956	3.95171762	4.01835251	3.99070454	3.88018727	3.70642972	3.55127287	3.47470737	3.43707705	3.41044807	3.37860703	3.41193438	3.47689366	3.53265929	3.54565096	3.48953414	3.39516473	3.24891496	3.11749554	3.03797531	3.01778078	3.05441046	3.17972946	3.32521248	3.44594336	3.52061653	3.63065767	3.79325962	3.99847960	4.22952414	4.46275043	4.64353752	4.72549915	4.74919462	4.75745010	4.79535294	4.91521645	5.03438568	5.14194202	5.15582180	4.92281294	4.49872541	4.03952789	3.60158896	3.22916365	2.95439053	2.74885368	2.57113743	2.41953731	2.29747415	2.21349430	2.12124491	2.02223301	1.92137158	1.81998730	1.71582162	1.60655904	1.50338542	1.39100885	1.27795637	1.19657433	1.12026417	1.04629731	0.964456022	0.877923906	0.803285718	0.755073786	0.715144932	0.682063878	0.649006784	0.603761256	0.561640620	0.527377307	0.498231024	0.466288835	0.418464780	0.368785799	0.332148343	0.305060029	0.279370338	0.242270857	0.218525097	0.194018319	0.168959200	0.145623133	0.128352180	0.114919022	0.104880229	9.60822776E-02	8.58082101E-02	7.07777068E-02	6.03613593E-02	5.66812381E-02	8.11690167E-02	0.102697574	3.75810415E-02	0.221035123	0.469130158	1.43601406	3.27610588	5.64409447	3.98045444	2.78859949	2.33361316	2.44597745	2.52157569	2.55601740	2.77226543	2.93941498	2.97703004	2.95514607	2.74324322	2.59277654	2.50744557	2.49153590	2.54991984	2.71759081	3.10756159	3.33872867	3.21041918	2.70239115	2.60324049	2.80388856	3.18563366	3.63586283	4.04805040	4.24143839	4.37805796	4.47420502	4.55070686	4.63291788	4.51355648	4.35635281	4.17145061	3.93346620	3.58149743	3.17863250	2.86587787	2.64900136	2.50355816	2.37488890	2.21599507	2.07408953	1.94674230	1.82310355	1.68390429	1.53286099	1.43357956	1.39472079	1.39338505	1.37511206	1.31161094	1.23387027	1.12787890	0.997207284	0.863006830	0.803422391	0.752173305	0.689739883	0.612826526	0.534361541	0.489541322	0.438559890	0.387443632	0.350545704
-25.0000000	0.330587983	0.290098250	0.249544680	0.215869442	0.190286770	0.168283120	0.144183964	0.120309733	9.81406644E-02	7.90689588E-02	6.43988401E-02	5.76422252E-02	5.16704805E-02	5.24409115E-02	5.34005240E-02	3.54860574E-02	9.01040360E-02	0.146245360	0.205770046	0.273142397	0.355430901	0.426719546	0.465298027	0.519745350	0.596122086	0.657970607	0.702650726	0.729097128	0.754606843	0.798539460	0.882317126	1.57157707	1.23369539	0.939715803	0.988610804	0.907282233	0.705420613	0.512335181	0.358471394	0.260633826	0.221986011	0.237307549	0.278201491	0.329956442	0.399601549	0.515906453	0.783359051	1.13559234	1.39885402	1.48328853	1.38293779	1.25636852	1.17331243	1.12559938	1.10191298	1.08778989	1.09848416	1.11173439	1.12099349	1.11728585	1.08920729	1.09023452	1.09395385	1.10261774	1.10713124	1.08705115	1.05995357	1.05105233	1.03781164	1.01212478	0.980314612	0.972526968	0.986962140	0.986193657	0.956072807	0.905728221	0.870151639	0.823817849	0.783837676	0.757902265	0.744282544	0.767503321	0.797706783	0.829308152	0.862094820	0.901226401	0.935652137	0.924831390	0.883494437	0.833740771	0.805039942	0.819748521	0.852300525	0.880371749	0.886614680	0.858659208	0.808520257	0.752802014	0.702394962	0.663291156	0.636584222	0.622309744	0.619631231	0.623677135	0.628434956	0.626751482	0.596802711	0.563776731	0.540365458	0.532483101	0.539266169	0.520558178	0.492020786	0.461802483	0.457743049	0.527374268	0.606850266	0.691755176	0.789176345	0.892061472	0.979218066	1.07746959	1.17784166	1.31425571	1.49157786	1.68561840	1.86031878	2.03533411	2.22853661	2.41162992	2.51015019	2.51206064	2.47385478	2.42797136	2.38064671	2.31191373	2.25379801	2.22133231	2.24619937	2.28925729	2.24053979	2.25184178	2.33876300	2.44826508	2.55169082	2.64476418	2.90878010	3.04601407	2.98132563	2.78721309	2.68381238	2.75202274	2.89490175	2.89637065	2.73138261	2.56592250	2.39195204	2.30420899	2.29273438	2.31501985	2.29600573	2.24437690	2.20698214	2.21859264	2.27530694	2.33454895	2.48277688	2.58028007	2.58115315	2.49185467	2.37120724	2.32814217	2.29188800	2.26620746	2.28033710	2.38898468	2.59395123	2.87724590	3.20103645	3.55342531	3.94844937	4.19276428	4.33484602	4.41227388	4.44177723	4.41923761	4.42073107	4.44486856	4.44136095	4.39274740	4.31439209	4.19571447	3.98883677	3.82415032	3.74883628	3.72686601	3.87953448	4.01082754	4.08552361	4.07882118	3.97633910	3.79990125	3.65252233	3.54257846	3.46284223	3.39048553	3.35459185	3.37193656	3.43008089	3.50539207	3.56304455	3.51864719	3.43487096	3.32326150	3.21017623	3.13678432	3.13487506	3.20286536	3.31320477	3.44169855	3.56750965	3.64600801	3.76297975	3.91021872	4.07854509	4.25780630	4.48202276	4.64433575	4.74588203	4.81117153	4.88808441	4.97678518	5.07896614	5.20314550	5.31519556	5.33833885	5.05463028	4.67566633	4.25584602	3.85047364	3.51575899	3.24365854	3.00241113	2.78451443	2.61206174	2.53674269	2.47640181	2.38415432	2.25583720	2.09705973	1.92320371	1.84138131	1.75635064	1.65394056	1.53274190	1.40410924	1.29200768	1.20528758	1.11647022	1.01956272	0.930056095	0.856160402	0.797266126	0.744683981	0.695473015	0.652440727	0.620179415	0.584843218	0.550173581	0.513974726	0.468113035	0.409586877	0.362167269	0.326419801	0.298628986	0.270798445	0.242276818	0.216431513	0.190102980	0.164549917	0.145449430	0.131064430	0.121441960	0.110271960	9.42237973E-02	7.29463398E-02	5.85098453E-02	6.06287122E-02	8.50532353E-02	0.110828571	9.02947262E-02	0.339793116	0.507707894	1.54416132	3.44856906	5.26963711	3.32781887	2.43056059	2.23037148	2.37463737	2.50562453	2.57401252	2.68903708	2.80459070	2.90022779	2.98116589	3.07770991	3.16039515	3.15140915	3.11139989	3.23947334	4.01073313	3.35811663	2.61092591	2.33048010	2.31011629	2.46583271	2.74462771	3.14324617	3.64307308	4.21013308	4.48890686	4.55692959	4.56928778	4.60028410	4.64343548	4.59548044	4.58040667	4.52819872	4.38458872	4.11105728	3.67491293	3.27649879	2.96110511	2.73346400	2.55774999	2.38938975	2.23669100	2.11162329	2.00131106	1.86803329	1.75759602	1.63388598	1.54578245	1.51700330	1.54610360	1.50835693	1.42431939	1.29495907	1.13745070	0.985175967	0.897437215	0.824757695	0.752607763	0.674591660	0.592447937	0.537640095	0.480555177	0.423941523	0.382404029
-26.0000000	0.381895036	0.331174523	0.286042780	0.247398481	0.215110004	0.188015372	0.170442715	0.146449566	0.124433547	0.105635613	8.41399729E-02	7.26656467E-02	6.32512197E-02	5.95667101E-02	5.63155822E-02	3.92347164E-02	6.16894625E-02	0.109156601	0.149702489	0.188437134	0.267514288	0.371077240	0.460188210	0.561275542	0.675662220	0.779565692	0.910807967	0.971913874	1.03420472	1.13625395	1.28388798	2.16627741	1.66848624	1.21333730	1.19798982	0.993941426	0.813480854	0.647884965	0.513564944	0.420057029	0.370023429	0.369516313	0.404400468	0.466777980	0.556648970	0.681911826	0.910150826	1.20459890	1.42154586	1.48300707	1.37672234	1.27375925	1.18195415	1.11456203	1.07846177	1.07415724	1.08958554	1.09629393	1.09656823	1.08797395	1.06335473	1.07181811	1.07935572	1.08848774	1.09037983	1.06484270	1.01174212	0.986125171	0.968131542	0.949490547	0.933521926	0.926837087	0.916741610	0.907946765	0.896513760	0.869852722	0.805862308	0.757574618	0.723103106	0.699356496	0.682038903	0.683904588	0.698045015	0.720551133	0.752750993	0.801209569	0.835053861	0.843908608	0.827801824	0.798149943	0.777757883	0.779906392	0.799695790	0.830055833	0.860223472	0.875741839	0.840018749	0.786846817	0.730884850	0.683666229	0.653598905	0.629524529	0.626288891	0.636312962	0.648907304	0.650271893	0.629099846	0.606191039	0.585952342	0.572349429	0.568907261	0.582644403	0.548109770	0.499083936	0.477463454	0.533260942	0.660286486	0.745831311	0.800025344	0.831578910	0.847784042	0.931844294	1.01768887	1.12593174	1.27240324	1.46815121	1.63639653	1.78281152	1.92143774	2.05778193	2.18881583	2.17968488	2.17597103	2.16931772	2.13193989	2.01662660	1.90802443	1.83432114	1.82938147	1.87745094	1.91315544	1.98248947	2.12079620	2.31239462	2.53452086	2.75732827	3.08695984	3.12774682	3.05623960	2.97976160	2.93640661	2.97861099	3.14614534	3.26842809	3.23215914	2.98131752	2.76411033	2.60140395	2.53143120	2.52794909	2.50023746	2.47806215	2.49138284	2.52389789	2.56829333	2.62623930	2.70483303	2.83458042	2.91928601	2.90913105	2.80067372	2.74501824	2.71563816	2.69544864	2.69705534	2.76275468	2.91726303	3.10625434	3.34236670	3.60777760	3.85420609	4.05046797	4.19953346	4.29752779	4.33947945	4.31932163	4.30315638	4.40169191	4.48301601	4.50071573	4.49387407	4.49062252	4.36454058	4.19857597	4.05907345	3.99577188	4.00744390	4.06083155	4.14562845	4.20943785	4.15778065	4.00165462	3.84682155	3.74159503	3.67214322	3.56248879	3.48296738	3.44221473	3.44832850	3.49375820	3.55530381	3.55956483	3.53323412	3.48502278	3.42372036	3.35819745	3.31338263	3.31362104	3.33608890	3.37491107	3.44116473	3.48939180	3.58558941	3.72883272	3.90423512	4.08295107	4.27727699	4.47600460	4.66742373	4.83953476	4.98004961	5.12563753	5.19034863	5.23824739	5.31761551	5.46095324	5.37468004	5.09362364	4.73837519	4.38464880	4.06327868	3.82187581	3.55103850	3.26896453	3.01559591	2.85262251	2.79704618	2.70789027	2.58188939	2.42441511	2.24947882	2.12647820	2.02281308	1.91228735	1.79130638	1.67887616	1.54543769	1.42962801	1.32222021	1.21720278	1.11177957	1.02903819	0.950073063	0.877517700	0.811459363	0.749438941	0.701299965	0.666260660	0.627963543	0.578333914	0.517580569	0.455392927	0.400547892	0.354326874	0.318021148	0.292932361	0.264773518	0.237462938	0.212122902	0.190523744	0.175083727	0.153768748	0.139738247	0.127918288	0.111733720	8.31081197E-02	6.11118078E-02	6.85214177E-02	0.104442269	0.144522354	0.140952379	0.343774468	0.411925077	1.70896256	3.86416388	4.77252436	2.97321081	2.36240864	2.29966855	2.39795446	2.52363896	2.76341581	2.91190529	2.99266982	3.03365612	3.06719422	3.33571887	3.44564247	3.46025848	3.53567219	3.92080116	4.44270945	3.35613656	2.48635411	2.38624620	2.33630991	2.45812988	2.74194145	3.18122697	3.72232175	4.26441240	4.63343668	4.79384375	4.80703211	4.74842882	4.70749044	4.60425758	4.57741547	4.57019091	4.53194666	4.41818237	4.12789583	3.75425887	3.39173961	3.08296061	2.81870031	2.60750914	2.45853305	2.33899570	2.22419739	2.09751439	1.98445702	1.87140834	1.76107848	1.67478001	1.65242755	1.68161356	1.63310850	1.50936854	1.33534074	1.15846336	1.02648270	0.918362856	0.831537485	0.752962589	0.659116983	0.585491419	0.524824083	0.470249355	0.430648208
-27.0000000	0.447208107	0.391820610	0.338691354	0.292439818	0.254290313	0.222071916	0.200384125	0.180482924	0.160889015	0.140966088	0.120920666	0.102429673	8.79086107E-02	8.13257992E-02	7.79838040E-02	6.45194128E-02	5.77795468E-02	7.86089748E-02	0.106612764	0.142168462	0.206426188	0.328020513	0.457091659	0.592940450	0.731282175	0.864246607	1.01886916	1.16688323	1.32738829	1.52722728	1.80098748	2.85644698	2.18704605	1.50485790	1.35958850	1.13857794	0.975148976	0.825446784	0.704953909	0.625065982	0.593091667	0.574559510	0.597335756	0.656068504	0.753022075	0.898076892	1.09316897	1.30505240	1.45732999	1.50099051	1.41440856	1.29777277	1.19821334	1.12491059	1.08124518	1.06479955	1.08482373	1.08483589	1.07112443	1.04925585	1.02407479	1.01296008	1.01280022	1.02100337	1.02646339	1.00955963	0.966206908	0.941777050	0.918920100	0.893675447	0.875471830	0.867538869	0.858301520	0.839781404	0.815382302	0.799890339	0.769222140	0.742210567	0.722945929	0.709367752	0.693264842	0.667372704	0.659415126	0.664235830	0.679965734	0.708022594	0.741385937	0.757920563	0.755070865	0.741365969	0.736419499	0.740440905	0.753009140	0.780466795	0.816327512	0.841276228	0.835887313	0.806745291	0.765241802	0.722674668	0.690248489	0.666548431	0.670404792	0.684697032	0.694907904	0.689124048	0.674402297	0.662504673	0.648602962	0.634830296	0.630281985	0.630071402	0.621242583	0.610053599	0.597458303	0.579106033	0.680258393	0.753568590	0.770305097	0.749616683	0.758532882	0.784084558	0.833721161	0.916959286	1.03948450	1.20315206	1.36776292	1.49290133	1.62741590	1.78096974	1.92404044	1.88355684	1.91574216	1.94740140	1.93088603	1.84409320	1.72563887	1.60254300	1.55885839	1.59670496	1.63627100	1.69183624	1.80545294	2.00225163	2.26218486	2.52002668	2.73654771	2.86875868	2.97986865	3.11559224	3.30414987	3.31901360	3.44208455	3.60072494	3.63136888	3.27952409	3.08345461	2.84592366	2.68737864	2.64094949	2.65245271	2.65886116	2.68070793	2.73515034	2.82601619	2.94380426	3.01443863	3.15434265	3.27049875	3.29567552	3.18842554	3.09621215	3.06084538	3.08388162	3.13907504	3.17237949	3.29379559	3.43974781	3.60744929	3.78810191	3.96689773	4.02480841	4.10007572	4.15797424	4.18342781	4.18100643	4.24757719	4.36708260	4.47164440	4.53316069	4.56330538	4.63049936	4.61642790	4.51320362	4.36572599	4.27167511	4.27659464	4.30211258	4.30732679	4.28615189	4.26731825	4.08651924	3.96033025	3.89534068	3.88050961	3.88717008	3.85640192	3.81734776	3.76963973	3.72143722	3.68942761	3.71241069	3.72258949	3.70919180	3.66878653	3.60528374	3.52774692	3.48925066	3.46963668	3.46299052	3.47764015	3.48849392	3.50588870	3.58770967	3.73970366	3.91547894	4.07647038	4.26127768	4.43398571	4.59805965	4.79634714	5.03085232	5.22400331	5.33016586	5.38566399	5.50877857	5.53273869	5.41886997	5.17208004	4.84415197	4.53374910	4.32287931	4.10379314	3.85842276	3.59178066	3.33195925	3.19039440	3.08034992	2.95378208	2.79885507	2.63993788	2.50175738	2.34616160	2.18020201	2.02809501	1.93122315	1.86405063	1.76563132	1.63869691	1.49856126	1.37312031	1.27263486	1.15760052	1.05637765	0.977818310	0.911267340	0.834480286	0.780621350	0.735729635	0.686355054	0.619558752	0.543447971	0.470943987	0.411932319	0.367185444	0.328362942	0.298786968	0.268182635	0.240547955	0.217156276	0.196556374	0.172906294	0.156218454	0.141651601	0.124485455	0.100120775	7.44414255E-02	8.66493881E-02	0.130285427	0.194569260	0.264399469	0.251636714	0.311262339	1.95513463	4.21894836	3.66223478	2.54146433	2.23226833	2.31371975	2.51108694	2.69583416	2.87245274	3.08986068	3.25013089	3.33246851	3.39321518	3.69502330	3.84068680	3.90652323	4.01513004	4.33538866	4.67210340	3.45021462	2.49866533	2.35991335	2.28993320	2.45545697	2.78453541	3.20222640	3.65625572	4.11701679	4.50909233	4.71696568	4.77843285	4.75981426	4.75595856	4.69501352	4.55637884	4.42511415	4.34782410	4.33265305	4.25423384	3.98662996	3.64491153	3.31704783	3.06391025	2.83662009	2.67421079	2.55171132	2.44660592	2.33883691	2.24176526	2.15600014	2.05893445	1.96207118	1.91102171	1.88080812	1.81111979	1.69125116	1.53389299	1.37513244	1.21464777	1.06936777	0.955196381	0.865686476	0.772039413	0.677176654	0.596594691	0.534157574	0.497368366
-28.0000000	0.488721848	0.442877233	0.400542021	0.357565880	0.315245837	0.280326337	0.249944746	0.224193826	0.201771557	0.181840390	0.164027154	0.143021643	0.126268685	0.116074011	0.113740362	0.119567446	0.115407526	9.79040787E-02	9.06046480E-02	0.105992369	0.145485952	0.274303317	0.416490048	0.583257735	0.761408269	0.913333118	1.10657191	1.41128540	1.76004791	2.16287374	2.70721769	3.54696774	2.88178539	2.07690740	1.66348219	1.33857262	1.14421809	1.00225735	0.893136263	0.808471620	0.751051486	0.729408503	0.752114058	0.808137059	0.898813546	1.03784764	1.15210176	1.24778795	1.34248698	1.42053258	1.43301177	1.36000896	1.26939261	1.19033098	1.13781810	1.11267364	1.11599886	1.11346769	1.10358417	1.08506358	1.05683279	1.01782143	0.990104795	0.976440787	0.971593440	0.962333739	0.932723403	0.906339586	0.870775342	0.828327477	0.795996487	0.780991793	0.784733653	0.786636889	0.776080072	0.752405345	0.740100920	0.733504713	0.729124784	0.726087749	0.726138711	0.694296420	0.667715669	0.647655368	0.639624655	0.653382599	0.671976328	0.686259449	0.692512214	0.691629112	0.689118505	0.704602718	0.722914159	0.747643411	0.776005805	0.798840702	0.809779286	0.799596310	0.782251596	0.764502883	0.745906293	0.741803408	0.753266752	0.768316090	0.775098562	0.761888087	0.743352056	0.736041605	0.724524260	0.709669173	0.708647370	0.720049143	0.722722113	0.731914818	0.734214246	0.687546194	0.736067712	0.783937156	0.791791141	0.767163515	0.764486253	0.765038550	0.768322110	0.802557409	0.873403132	0.963956237	1.11699188	1.26531768	1.40477633	1.53134668	1.64114439	1.65472209	1.69452512	1.71955585	1.71069360	1.67069268	1.62075424	1.56697726	1.56184804	1.59521961	1.59431243	1.63513827	1.72152042	1.84982288	2.00792456	2.17521954	2.33545876	2.51299310	2.73404121	2.98345804	3.20473933	3.26771379	3.36481595	3.67484665	3.93416381	3.43667793	3.45380259	3.26492953	3.07248092	2.96646714	2.92448616	2.93623519	2.94479871	2.96874499	3.02567124	3.13220477	3.24486232	3.34148312	3.41917205	3.45800471	3.42102551	3.35713172	3.33953786	3.38142347	3.46923041	3.56266427	3.63343120	3.72437024	3.85656071	4.00181007	4.08265972	4.08037901	4.09746647	4.12163544	4.13435936	4.11087227	4.14760971	4.28498268	4.46207905	4.61871815	4.69545078	4.78023815	4.78537512	4.76416731	4.74021292	4.70740414	4.65632105	4.61622620	4.57170486	4.50097513	4.37588882	4.24207687	4.14971590	4.07996416	4.04272556	4.07664442	4.12521315	4.13352156	4.11042786	4.06327868	3.99790549	3.97191572	3.98719049	4.01538181	4.03598022	4.03631401	3.91805792	3.83924508	3.80814123	3.80636716	3.78889608	3.70864606	3.65678835	3.64191580	3.68059397	3.79736209	3.89228225	4.03749657	4.20106077	4.36413479	4.52098131	4.74648190	5.04863262	5.29317808	5.43346596	5.51044941	5.55715656	5.56304264	5.47582054	5.27985001	4.99613905	4.76885176	4.58190155	4.39152145	4.17870474	3.94920444	3.78557491	3.62828803	3.45065427	3.24922681	3.04379678	2.88706231	2.70113444	2.50222063	2.31768012	2.18602705	2.12477589	2.06569338	1.95696175	1.79652596	1.63209295	1.52520895	1.40831733	1.28553140	1.17143452	1.09107971	1.00835133	0.932116091	0.869053245	0.815272212	0.756313086	0.677063763	0.593217611	0.518490970	0.457794398	0.407232851	0.363244623	0.321603924	0.284657389	0.253907919	0.230014414	0.202329770	0.180538401	0.161691085	0.141474158	0.114209339	9.84840244E-02	0.121439748	0.133506820	0.218012884	0.591182888	0.356887430	0.622064173	2.13967347	3.73829746	2.32213831	2.03608775	2.05811238	2.22093034	2.43714809	2.69926190	2.89183569	3.08300328	3.34907961	3.63174438	3.73804665	3.91249609	3.99351048	4.07563591	4.20994997	4.40406132	4.91547871	3.82909942	2.88864565	2.65059471	2.48417974	2.60430694	2.90246153	3.27993584	3.65194726	3.94763684	4.24911594	4.47236061	4.58900023	4.63909769	4.73115015	4.78441000	4.64800358	4.42347097	4.20250273	4.06694126	4.01510906	3.87166524	3.63086939	3.34996629	3.14918685	2.97327614	2.78228140	2.63451433	2.55054879	2.51322198	2.48330379	2.41887712	2.32998824	2.23900557	2.18061900	2.07329655	1.91985428	1.77079678	1.64606416	1.53503263	1.41833973	1.27530885	1.13079369	1.00241959	0.900583029	0.799882829	0.709035337	0.626950324	0.569495201
-29.0000000	0.538360000	0.486168921	0.462509722	0.434709877	0.392646998	0.348749042	0.313398004	0.282439351	0.255800515	0.233294502	0.214619875	0.196515799	0.180650502	0.168953300	0.161427677	0.156151444	0.180190638	0.165681258	0.135590538	0.116715215	0.139681548	0.239031807	0.350125283	0.506482959	0.705432713	0.908108354	1.19839132	1.59228206	2.02732468	2.65025043	3.81697702	4.20150185	3.39998031	2.57107425	2.11308289	1.66394341	1.41331220	1.24306130	1.09517252	0.965850353	0.905521870	0.867932379	0.878404677	0.916718841	0.973823071	1.05183327	1.08960640	1.12599528	1.20237052	1.31200325	1.40006685	1.42127168	1.38735414	1.31858635	1.24298549	1.19631255	1.19321668	1.21082664	1.21483111	1.19659841	1.17317736	1.12888026	1.07500386	1.02953696	0.997630775	0.971599877	0.952122867	0.927217543	0.897364318	0.860593557	0.812484920	0.767596722	0.749175608	0.749167502	0.755871177	0.753937900	0.748094141	0.742813110	0.743659973	0.750227869	0.756138504	0.730276167	0.695584714	0.661184013	0.635225236	0.624890447	0.625158668	0.644205749	0.662087083	0.669931352	0.669939578	0.687377036	0.710470378	0.727979422	0.740133464	0.758631766	0.778287292	0.788244903	0.794899404	0.802342415	0.812362671	0.825897157	0.847381651	0.867659628	0.874052823	0.850360870	0.820238411	0.811906874	0.807181060	0.800207853	0.797467053	0.838069260	0.885623097	0.928387880	0.954294324	0.950945139	0.867518187	0.859832168	0.845116675	0.803521276	0.778116226	0.792191803	0.805948257	0.839289606	0.881017268	0.888829112	1.02132761	1.15086997	1.28171289	1.39508998	1.44921148	1.50980437	1.52057719	1.53510201	1.57190406	1.61446023	1.54583752	1.49009478	1.48262942	1.51346731	1.52726126	1.59322786	1.65172672	1.70820093	1.77807868	1.88677263	2.07301760	2.27851844	2.47016788	2.65868735	2.89862871	3.06327057	3.07230043	3.47951102	4.00943995	3.55737162	3.81765079	3.72494340	3.55754280	3.44725585	3.37939954	3.32163906	3.29143810	3.28548932	3.31356239	3.39850235	3.46355581	3.49376750	3.50178814	3.50089478	3.50499034	3.48974514	3.50709796	3.54778218	3.61825681	3.74070382	3.80730462	3.88509059	4.03685093	4.22653723	4.31926346	4.25279713	4.23771620	4.24702358	4.24300861	4.17724371	4.17883635	4.26529694	4.42230940	4.60874510	4.75665808	4.82554436	4.80746937	4.77195024	4.77856684	4.87696600	4.85979080	4.80273533	4.71897840	4.61701965	4.50068092	4.37785101	4.29020262	4.21473217	4.15874004	4.15982866	4.21208858	4.28729248	4.34750128	4.36107969	4.30269289	4.27799559	4.26826763	4.26917076	4.29049397	4.35615826	4.26802111	4.20067120	4.14353561	4.10030079	4.08891201	4.01081705	3.89462900	3.80322385	3.76940346	3.79589415	3.82825518	3.91243815	4.03850079	4.18125153	4.30025005	4.47516727	4.73851728	5.01932907	5.25637293	5.39815807	5.43824816	5.46721697	5.48839712	5.47983313	5.39427567	5.21288109	5.04454565	4.87743235	4.70504761	4.52623987	4.37771130	4.17828941	3.93305206	3.67918706	3.48598814	3.29744411	3.09676528	2.88560486	2.67767549	2.49874997	2.40233541	2.33359671	2.21715307	2.04461598	1.87458718	1.75939643	1.64733219	1.53576219	1.42460036	1.31630766	1.22168112	1.12684810	1.04729164	0.981813550	0.912535667	0.835436106	0.746246397	0.659430861	0.582304895	0.515036166	0.454642773	0.400231957	0.350831121	0.308012873	0.275895000	0.246835485	0.218001127	0.194615737	0.172087580	0.136009097	0.136810452	0.155927256	0.170238540	0.296492249	0.791305423	0.639504075	1.36071169	2.07510114	2.19520116	1.42589617	1.58989322	1.83930206	2.10536885	2.35794497	2.60548830	2.87746572	3.10068655	3.35478306	3.64194393	3.88691735	4.10815096	4.12553120	4.08228779	4.09668875	4.26204062	4.45141840	3.90222740	3.33201313	3.00945497	2.75436044	2.88889694	3.16160011	3.45852327	3.70205951	3.85094571	3.97670937	4.14475060	4.28739929	4.41008186	4.59132004	4.72042179	4.68720865	4.51075792	4.25788832	4.04315901	3.90755391	3.75123358	3.54971623	3.32583451	3.14973855	3.00504470	2.82475185	2.63956904	2.50299430	2.49131417	2.57477188	2.58428812	2.53444219	2.45778704	2.40485168	2.29148746	2.10419011	1.89996612	1.72234118	1.60136199	1.50102293	1.40657318	1.30154777	1.18069911	1.04999745	0.933240294	0.826402128	0.725479484	0.651744425
-30.0000000	0.646700919	0.595567226	0.565540016	0.535959542	0.495261818	0.440977842	0.400703192	0.366839081	0.336013317	0.307728380	0.284361482	0.268383384	0.253284454	0.238550529	0.223224193	0.205904812	0.231985614	0.247279048	0.219314277	0.172171205	0.186480433	0.268640816	0.366985917	0.491134971	0.653209627	0.867833972	1.16248119	1.49576640	2.05409694	3.02416229	4.59293556	4.55691862	3.62352371	2.83711362	2.45826769	1.96378517	1.71225870	1.50723469	1.29917192	1.10368490	1.00154388	0.963200867	0.976911843	1.01822066	1.06596339	1.10226846	1.11260295	1.13048995	1.19283140	1.30533230	1.44250071	1.51329231	1.52879643	1.49250698	1.42454886	1.36167848	1.33960819	1.33169007	1.31510007	1.28726733	1.26587403	1.23602152	1.18427908	1.12840211	1.07962036	1.04263735	1.00145960	0.966148317	0.949206233	0.945233226	0.930926561	0.883773088	0.844331920	0.817470610	0.802830815	0.794828057	0.801400185	0.797412634	0.795649529	0.799986482	0.805390716	0.789083779	0.757465541	0.720770538	0.685804546	0.655944467	0.641281009	0.656767905	0.678660035	0.691302359	0.687128901	0.701225281	0.725355089	0.745984674	0.762558639	0.787499368	0.801598608	0.814422429	0.829965353	0.850758612	0.877870262	0.906923711	0.936270714	0.950722158	0.941641390	0.906945288	0.889291584	0.885870457	0.889846444	0.896791399	0.904684782	0.951777458	1.03302777	1.13636613	1.22961402	1.26048362	1.02566981	0.952447116	0.896058977	0.818717420	0.789603055	0.798587322	0.828611374	0.863596320	0.887164176	0.882638216	0.961117983	1.03885508	1.12895453	1.22069013	1.27950406	1.34915996	1.38643658	1.42772615	1.48269880	1.53430307	1.56910789	1.54458606	1.50193691	1.46406078	1.43555856	1.49798524	1.56258929	1.62057889	1.68131542	1.77231336	1.89562774	2.03969145	2.22176933	2.46999860	2.82339287	2.74634671	2.70834804	3.15695548	3.85827541	3.89696002	4.23267221	4.18609619	4.01415253	3.85459518	3.72601247	3.62092662	3.57106519	3.55107832	3.54910922	3.56679630	3.62623668	3.66371965	3.67657828	3.66901255	3.65209079	3.65747833	3.68603015	3.71139669	3.73698592	3.79596496	3.86066604	3.97420478	4.16393566	4.37995052	4.49507570	4.47907448	4.48324728	4.50038004	4.51304674	4.49361324	4.40118122	4.41995621	4.49015284	4.58380413	4.70476341	4.78753519	4.81486416	4.78389597	4.74054623	4.77950239	4.82594013	4.79909182	4.73024607	4.64535475	4.56502962	4.51817656	4.45322227	4.37999487	4.30980492	4.25544596	4.28078842	4.32839298	4.39529657	4.46481752	4.50655317	4.48488617	4.47654724	4.47113323	4.46462679	4.45939159	4.43201017	4.39768744	4.36087084	4.32096291	4.27232504	4.21218872	4.13306332	4.05514431	3.99141169	3.94762969	3.92447352	3.95380139	4.02164602	4.10700178	4.18182325	4.30113745	4.47677040	4.67921877	4.88609505	5.08213043	5.21891594	5.27763176	5.32432652	5.38230801	5.43214273	5.45642233	5.40239573	5.30445480	5.17869377	5.02291155	4.84469271	4.64632082	4.38621092	4.10174227	3.90925717	3.77197051	3.57817817	3.34906840	3.11627102	2.92185521	2.80255270	2.68984818	2.52946019	2.32848072	2.15537405	2.01899695	1.90211487	1.81196213	1.73150480	1.61944020	1.48528099	1.37711740	1.28079414	1.18599463	1.08624148	0.989071071	0.904205680	0.819580138	0.734464824	0.659466445	0.587788880	0.520147443	0.453681916	0.392090201	0.345628828	0.308680683	0.269894570	0.240048110	0.214529395	0.173337013	0.186966881	0.207906231	0.235604271	0.325413287	0.588588595	1.23700416	1.66693103	1.64068103	1.32369554	1.28454518	1.42172766	1.69921601	2.03735876	2.36363006	2.61262918	2.85901141	3.08811283	3.29974556	3.52508426	3.82666564	4.02804375	4.10642052	4.11479712	4.06828403	3.94409847	3.92717052	3.80284119	3.58072162	3.31490803	3.10398126	3.17390418	3.34599757	3.52249908	3.64817595	3.71032310	3.72785401	3.82275176	3.93308258	4.05234766	4.22948074	4.43108988	4.56400633	4.54861784	4.37780809	4.11695814	3.92818046	3.73692751	3.51364851	3.28002119	3.10895061	3.01407075	2.87961507	2.71543097	2.55504823	2.45568013	2.55016112	2.61939073	2.63516164	2.60319281	2.56313038	2.48983312	2.31746030	2.09205127	1.86312187	1.68366647	1.53434014	1.42120588	1.35040188	1.30066633	1.22333717	1.09245384	0.955490530	0.830707550	0.747775733
-31.0000000	0.803193390	0.764580846	0.727921069	0.683418989	0.628766000	0.569139302	0.525505006	0.487064034	0.450911611	0.416493446	0.385606110	0.369827151	0.355387032	0.339422464	0.319972426	0.295978725	0.296443135	0.321187228	0.318619341	0.289548904	0.287186265	0.337445498	0.435405523	0.566570282	0.722515166	0.900887430	1.19462800	1.57304204	2.51292276	3.71644807	4.11118126	3.52010775	3.10934377	2.74258041	2.35504746	1.95351434	1.82930148	1.66096592	1.48071826	1.31263840	1.17267609	1.11766720	1.11567032	1.14237273	1.17614734	1.19805229	1.19921732	1.19164848	1.22356069	1.32000363	1.48286331	1.59917164	1.66984451	1.68940198	1.65649652	1.57391274	1.52442062	1.47720802	1.41428924	1.34291756	1.29558575	1.28566349	1.27041173	1.23812377	1.18465686	1.11343181	1.06781399	1.02151680	0.995651186	0.998715699	1.02659726	1.02374518	0.993084311	0.955925822	0.922509670	0.892004967	0.875530660	0.867365897	0.866885245	0.871488810	0.876603246	0.875371337	0.860593975	0.829292059	0.786611378	0.745823324	0.725130141	0.731266797	0.742377877	0.747406185	0.746092558	0.754860461	0.766583264	0.782269061	0.804283559	0.836349070	0.860835075	0.880770206	0.896412432	0.915176988	0.951637030	0.981481433	1.00097859	0.996495783	0.971828699	0.948199868	0.948956788	0.955531359	0.975447059	1.00770497	1.04278398	1.10284281	1.19968152	1.34234667	1.49615729	1.58270466	1.26646388	1.10863900	0.994378567	0.887393475	0.829955399	0.810239375	0.826718152	0.848415732	0.855620027	0.839882731	0.887044787	0.933569491	0.997321308	1.07591176	1.14669991	1.22872245	1.31482792	1.37849247	1.41416061	1.43724585	1.55316257	1.58026636	1.54374933	1.47481942	1.41070092	1.44759941	1.51750672	1.58149505	1.63974464	1.73154390	1.83237445	1.93454182	2.09609866	2.35515261	2.72986531	2.44786072	2.60782909	3.21148729	4.02245569	4.56625557	4.84584570	4.75229120	4.54410982	4.34374475	4.13756180	4.02046490	3.93297505	3.86009336	3.80010080	3.76455235	3.79603791	3.88330531	3.94237733	3.93787050	3.88299251	3.86360478	3.87862754	3.89411163	3.90446615	3.93245840	3.96148515	4.07124376	4.25162077	4.45707417	4.60663176	4.60885143	4.64683151	4.71978855	4.80396080	4.85261202	4.75736856	4.66630745	4.61622906	4.61243820	4.62874460	4.64014196	4.65974283	4.69197512	4.71893692	4.70039988	4.71576643	4.70467043	4.66904497	4.61566448	4.55614567	4.50889158	4.51373625	4.52165031	4.50294113	4.44725323	4.36625004	4.34658575	4.36913538	4.42837715	4.53239059	4.59433603	4.60230207	4.58769035	4.56927729	4.55321312	4.49992895	4.46917772	4.45795393	4.45149469	4.42327976	4.37452698	4.34623384	4.33325434	4.31652164	4.26304865	4.20098209	4.19950676	4.21485806	4.23169708	4.26311207	4.30950594	4.41130733	4.53543282	4.67384768	4.84357166	4.96166420	5.07532454	5.16349363	5.21878195	5.24747276	5.33943748	5.40783787	5.44454861	5.43675995	5.36698103	5.16962910	4.98676157	4.78502417	4.56512451	4.36183071	4.23172140	4.07303810	3.85878348	3.60440564	3.36780119	3.23325133	3.08859515	2.89297009	2.66487765	2.48218441	2.33541393	2.20513773	2.11453247	2.05420709	1.98220336	1.81786644	1.67105401	1.53928196	1.41282356	1.27471185	1.15295732	1.05327976	0.970874488	0.899988353	0.833918869	0.759526134	0.682443738	0.601818979	0.521850705	0.451789856	0.400987953	0.348573983	0.310880244	0.282753557	0.237554848	0.257282168	0.293102413	0.340380430	0.486033350	0.908530653	1.88067150	1.69726682	1.30574846	1.19323587	1.38653481	1.57590461	1.73155689	1.99078965	2.34094334	2.61939955	2.81118011	3.05295420	3.25680447	3.40555692	3.55277944	3.79052711	3.90352559	3.84014416	3.64989281	3.48341942	3.75232339	3.77571893	3.62557483	3.41158080	3.28115106	3.29054809	3.34391689	3.40280437	3.45348263	3.50694656	3.53146219	3.62117362	3.72442555	3.82762313	3.95523024	4.09044981	4.26038837	4.38221359	4.38700485	4.21975088	4.01000595	3.81110024	3.57772732	3.31155348	3.06121898	2.93650460	2.83767724	2.74629378	2.65233803	2.55422258	2.54972124	2.58975625	2.63450408	2.66150928	2.66568542	2.61821461	2.47972012	2.27948928	2.05434942	1.84866881	1.63792968	1.47490489	1.37355006	1.32422781	1.29370809	1.22929776	1.11665380	0.988901913	0.893815219
-32.0000000	1.00640833	0.955483735	0.910374105	0.857577562	0.793252349	0.723216653	0.674559534	0.640509605	0.609861135	0.576497972	0.539393842	0.512330890	0.499183506	0.486300051	0.467036784	0.441757828	0.431804776	0.468458712	0.498068899	0.498607755	0.479670495	0.448143929	0.536530197	0.688742280	0.886300266	1.14833188	1.45108879	1.99763119	2.88055921	3.56382608	2.88273907	2.71896696	2.66264820	2.47890663	2.17393875	1.99501324	1.93285084	1.83210194	1.71531880	1.60277236	1.51245213	1.44001365	1.38538098	1.35547411	1.33945370	1.30872130	1.30306470	1.29700434	1.32503140	1.40249765	1.52561712	1.66381609	1.75096226	1.80942035	1.83367383	1.79032362	1.71897793	1.64954758	1.55936909	1.45430911	1.36876500	1.34406483	1.35538828	1.36454201	1.34317815	1.27279425	1.21292388	1.15413153	1.10334468	1.07200313	1.07605994	1.10854495	1.11273944	1.09893620	1.07358479	1.03929234	0.998071909	0.976063192	0.971090019	0.977912605	0.988227606	1.00516880	1.00276899	0.974504054	0.928158283	0.885825157	0.857003450	0.854233503	0.860865831	0.862906814	0.849018991	0.843315899	0.842557371	0.846804678	0.860002100	0.889976144	0.923336089	0.956712425	0.986499190	1.01527941	1.05182683	1.07596278	1.07245660	1.04860210	1.02133727	1.01724446	1.03315163	1.06244385	1.10699105	1.16618073	1.23691750	1.32357931	1.44478536	1.62680280	1.83328378	1.96526635	1.60265350	1.39721167	1.20222056	1.00305521	0.917184830	0.866023779	0.843757689	0.840975583	0.845618784	0.842981398	0.904270232	0.939682126	0.973428190	1.01778376	1.07308793	1.15434253	1.25327730	1.36244249	1.45610368	1.49024284	1.53376019	1.53358531	1.49893296	1.45354033	1.43566751	1.43955386	1.45953047	1.50392711	1.57949054	1.69138443	1.80930901	1.94763505	2.12641907	2.29070878	2.31054211	2.23375297	2.59739161	3.39198232	4.41694260	5.28058243	5.41040373	5.22559738	4.98566151	4.79675865	4.61171293	4.48057795	4.36213493	4.24806738	4.14228487	4.06092215	4.07580280	4.16452980	4.24444246	4.27258778	4.24571228	4.15768194	4.12484312	4.09989643	4.07408571	4.07719374	4.09319448	4.15722561	4.27603579	4.43705320	4.60838032	4.66375732	4.70101595	4.77311230	4.90057039	5.07148123	5.02940130	4.92212820	4.79047918	4.67457438	4.61383629	4.59751701	4.55448341	4.54887772	4.58080769	4.58635092	4.59778357	4.58747005	4.57141113	4.55166292	4.51633739	4.43400526	4.39199495	4.40805912	4.46217299	4.49653530	4.42951202	4.38439035	4.37383175	4.40745831	4.49184465	4.58993340	4.62533140	4.61868286	4.59440708	4.58069801	4.54064512	4.53971243	4.56949854	4.60241556	4.59168768	4.58894491	4.59106779	4.61136389	4.63259602	4.60698605	4.55870056	4.53742981	4.52871466	4.52782631	4.53976679	4.50779486	4.51078701	4.55755615	4.64549017	4.76055384	4.85059261	4.94008446	5.03640079	5.12247610	5.15681362	5.13876057	5.18206120	5.23821783	5.29720545	5.38747072	5.30941486	5.15918589	4.99863005	4.85149956	4.70345402	4.54196692	4.40408325	4.25546122	4.07410669	3.85036731	3.66546726	3.45547485	3.24199557	3.03812265	2.84843779	2.66689181	2.51800179	2.40432835	2.32431793	2.27230334	2.15090656	1.99836421	1.84359777	1.69197810	1.52532291	1.35818839	1.21836531	1.11847448	1.05309749	0.998777270	0.928716958	0.850711942	0.764429092	0.675842464	0.597233534	0.535744131	0.464828104	0.408746630	0.368984312	0.324249059	0.367326587	0.407498628	0.525964618	0.804018497	1.32304859	2.03366256	1.64379859	1.25460052	1.25144804	1.30395699	1.63500047	1.74664915	1.95235062	2.30858445	2.61486030	2.84190035	3.03468919	3.21544504	3.37436700	3.46963573	3.60124993	3.59556866	3.46984220	3.35669875	3.50414038	3.83993316	3.85044932	3.66417050	3.41830969	3.25881648	3.18394852	3.14858079	3.17181516	3.24360609	3.32475924	3.40219545	3.53260255	3.65083194	3.73820591	3.82251787	3.91288137	4.01253939	4.13457918	4.23950577	4.23524189	4.10660601	3.95707369	3.75822353	3.49793410	3.18038464	2.96495104	2.82079935	2.75175953	2.73400545	2.71605372	2.67897010	2.69364691	2.72427177	2.74689913	2.74945402	2.71434212	2.59701943	2.42007709	2.21148396	2.00458694	1.79818404	1.60456324	1.46230650	1.38053048	1.33888650	1.29792273	1.23915887	1.16207135	1.09496295
-33.0000000	1.20003748	1.13543904	1.06956542	1.00556326	0.944833875	0.887034953	0.831345558	0.806964159	0.794773936	0.779805660	0.751237214	0.712741196	0.692621827	0.685125589	0.679127574	0.658131659	0.632965028	0.678468227	0.756830156	0.847561538	0.947495401	0.831339061	0.959171593	1.13433242	1.31032050	1.59079421	1.89374721	2.30879617	2.65102911	2.77254605	2.56245661	2.51771331	2.46990514	2.35952854	2.23213935	2.23835206	2.24411631	2.18401027	2.08081746	1.96164727	1.85793591	1.77313125	1.69594729	1.63210332	1.58353615	1.54839921	1.53287816	1.52733028	1.54854739	1.59977412	1.67070782	1.79518414	1.88528931	1.94788337	1.97836411	1.96066880	1.91631925	1.84754014	1.74652588	1.62388456	1.50863743	1.43831205	1.41870987	1.43879509	1.47338355	1.48314285	1.41877091	1.35234451	1.28609586	1.22681856	1.18586707	1.18771553	1.20683575	1.21875656	1.21284461	1.19230533	1.16714883	1.14811170	1.13821220	1.13539982	1.13255429	1.15094686	1.15160084	1.12615573	1.08390367	1.05179000	1.01513147	0.998669684	0.992960751	0.985543907	0.960940242	0.949726641	0.950061083	0.955528378	0.963827252	0.976770520	1.00876367	1.04897177	1.09484887	1.13877475	1.16805375	1.17391479	1.16107380	1.14458573	1.13492334	1.13797724	1.17070162	1.22505963	1.29410028	1.37574100	1.47276604	1.58146250	1.73737609	1.97340322	2.24294448	2.41990161	2.02101350	1.75041258	1.47399783	1.20914030	1.12468350	1.07068443	1.02400303	1.01565742	1.03910112	1.05022371	1.08147383	1.09718335	1.09781313	1.09509361	1.11202455	1.18460095	1.25176871	1.36920047	1.52842593	1.65683258	1.62209547	1.60592961	1.58478606	1.55344427	1.52501118	1.48448622	1.49239862	1.57067347	1.68756962	1.75768089	1.91816390	2.06229115	2.20667601	2.30341935	2.24011087	2.48370314	2.83142662	3.73749399	5.00440979	5.78297186	5.70099068	5.43318415	5.18475294	5.02801800	4.90241718	4.79621410	4.67296171	4.55559540	4.45379257	4.36397171	4.35283279	4.39729929	4.44513702	4.46630907	4.45297766	4.41352940	4.35946703	4.28712606	4.20447779	4.13113117	4.14491558	4.21929407	4.30658770	4.39176750	4.49244738	4.57779264	4.61885738	4.67789698	4.79797745	5.00296783	5.05190420	5.00328684	4.89241219	4.76392031	4.67179298	4.64866734	4.60811996	4.56416750	4.53583765	4.54716873	4.52995253	4.48712683	4.44369841	4.41443062	4.40384340	4.35728502	4.29993773	4.27282095	4.30149937	4.39608526	4.42884159	4.42970800	4.41957521	4.42591429	4.48277712	4.57224894	4.62010908	4.63120222	4.62812233	4.65120840	4.64163303	4.64619398	4.66716576	4.69539022	4.71027660	4.69609404	4.70257902	4.74852276	4.81523609	4.84654856	4.81417179	4.77116680	4.74272680	4.73390388	4.72960186	4.69742203	4.64126396	4.61503172	4.64692593	4.73944664	4.80114079	4.82779455	4.87584829	4.95800734	5.04324245	5.01588869	5.00588703	5.01271963	5.04011059	5.09602976	5.15353060	5.12856102	5.04423761	4.93124294	4.82782507	4.67669296	4.52655220	4.40609026	4.31397963	4.21887875	4.06407738	3.82805490	3.58316088	3.36312246	3.16304564	2.98030972	2.82207465	2.68029141	2.55510235	2.45484185	2.37582994	2.28119779	2.15496063	2.00122452	1.84418607	1.65536964	1.46948886	1.31673908	1.20779252	1.13379824	1.05902052	0.986166060	0.908101261	0.825108171	0.744884670	0.681969404	0.608777344	0.542244732	0.487125933	0.435994089	0.522421718	0.553236544	0.751432657	1.17213345	1.70259154	1.98288178	1.55451477	1.26783717	1.34316730	1.37079477	1.68782568	1.73581553	1.85838127	2.15180087	2.46501255	2.84564328	3.09565783	3.23139071	3.30854058	3.42217064	3.51279306	3.44686961	3.34671378	3.31614685	3.44049239	3.74503350	3.82525992	3.71948147	3.51504350	3.34832835	3.17994308	3.05987144	3.04731774	3.12893176	3.21880913	3.32990265	3.46596074	3.58542776	3.67500925	3.74967194	3.84679008	3.89719772	3.96197581	4.05000210	4.11794662	4.08236933	3.97822213	3.84399605	3.67404485	3.41858006	3.14522696	2.92942047	2.80430412	2.77025628	2.79489017	2.81423688	2.83592558	2.84002280	2.82291365	2.79730129	2.74097228	2.64173341	2.51179218	2.36602211	2.22196436	2.04759860	1.84590340	1.66633666	1.53947723	1.47702539	1.40962064	1.34354484	1.29227686	1.26459980
-34.0000000	1.33972430	1.26666141	1.19098616	1.12094104	1.06289709	1.02135396	0.991997242	0.977485359	0.977779329	0.983219624	0.974525690	0.961876512	0.950630546	0.942319632	0.936244965	0.929477453	0.905352950	0.946760356	1.05693793	1.21063769	1.35412562	1.27658975	1.36646676	1.46888971	1.55335259	1.71370912	2.01856661	2.38852954	2.65938377	2.75112271	2.66794920	2.55738807	2.50901890	2.47202611	2.45605397	2.53120494	2.59032130	2.56677794	2.47592640	2.33852172	2.18072248	2.05502653	1.96331942	1.90149808	1.86793017	1.86345470	1.85416317	1.85209227	1.85554993	1.87333584	1.92473912	1.99426210	2.08009100	2.15004134	2.17935991	2.15072203	2.09293365	2.04367447	1.97583342	1.88006520	1.76478994	1.64331639	1.57725096	1.55887270	1.57980609	1.63102174	1.60193884	1.54242873	1.46217644	1.37846076	1.31615436	1.29542565	1.30134451	1.31026518	1.31381047	1.31887102	1.31351745	1.30669665	1.30158710	1.29951501	1.29995334	1.30237103	1.29692054	1.27393031	1.23999703	1.21798503	1.17772472	1.14182568	1.11489642	1.09531379	1.07522321	1.06271696	1.07349896	1.08954620	1.10392582	1.12079513	1.14681196	1.18184924	1.22749162	1.27323365	1.29647887	1.28597105	1.28067565	1.28450775	1.29612195	1.30891109	1.36227345	1.43244386	1.52240098	1.62678170	1.73188019	1.82585931	1.98475266	2.25674224	2.59544253	2.85989904	2.50539827	2.14364767	1.79756153	1.53489840	1.46825957	1.49864078	1.47289312	1.45495880	1.46252728	1.46703529	1.43483293	1.38971901	1.34604812	1.31065547	1.28285611	1.34184933	1.41840827	1.51319420	1.63255918	1.78854632	1.78957915	1.78110099	1.76092517	1.71071434	1.59598017	1.56483710	1.59800553	1.70203769	1.82569802	1.85996425	2.05083394	2.22845125	2.32557988	2.34139705	2.34149361	2.83391190	3.38326144	4.37386131	5.54560089	5.99394083	5.76134920	5.47168446	5.24176788	5.09928560	4.98278856	4.89873552	4.81977940	4.74684763	4.67409134	4.58888149	4.53969955	4.50740004	4.48027802	4.43944073	4.35880804	4.38474035	4.41740608	4.39965773	4.32808495	4.25301170	4.20967007	4.24192762	4.29472971	4.33463144	4.34978867	4.41350412	4.44603157	4.48495960	4.56022930	4.69413757	4.77634621	4.81033230	4.79577684	4.75602055	4.73807001	4.70730686	4.67782497	4.65256739	4.63259077	4.61706734	4.59833813	4.53259897	4.43849945	4.34454679	4.28910875	4.28554916	4.25356865	4.20944738	4.18779564	4.24155426	4.34731960	4.43004847	4.47688389	4.48849964	4.47910500	4.52877092	4.58152485	4.62399769	4.66186523	4.71985197	4.75627756	4.76966572	4.77973223	4.78300285	4.75281477	4.73799562	4.73458910	4.76183128	4.81916809	4.88625860	4.89978361	4.84045219	4.76242352	4.70997143	4.71748304	4.72846985	4.69204807	4.65730143	4.65914488	4.71832895	4.77926493	4.79114580	4.78509045	4.79029894	4.83405495	4.88155937	4.89463854	4.90526390	4.91978550	4.91893387	4.94687223	4.97973442	4.96393824	4.89416170	4.81334782	4.73015594	4.60804081	4.48221350	4.38505983	4.34614277	4.26498985	4.09004641	3.89722514	3.70089626	3.45388889	3.25428033	3.10087276	2.96190071	2.82427883	2.69360185	2.59276700	2.50365782	2.38798666	2.24026918	2.08782196	1.93531775	1.75092196	1.57954788	1.43432009	1.29657614	1.17618251	1.08330417	1.00742841	0.939548612	0.872164428	0.806607664	0.745792985	0.687581658	0.633387983	0.588179171	0.733893692	0.753965378	1.02413571	1.55705750	2.00229430	1.99049032	1.54781091	1.29305768	1.35417974	1.36827314	1.55845606	1.63571072	1.73081470	1.90348208	2.14236593	2.57993007	2.91675162	3.07893968	3.09717250	3.10669327	3.20048594	3.30301380	3.40673923	3.49702311	3.55212498	3.67610216	3.73768020	3.72725129	3.65853119	3.56855941	3.42715549	3.27944756	3.19199967	3.19525075	3.28351831	3.35608363	3.41217446	3.46174550	3.51845527	3.59966850	3.68879318	3.78320956	3.88987803	3.99400997	4.05906677	4.02912378	3.95284891	3.84930873	3.73036432	3.60067010	3.37864709	3.16182971	2.96800399	2.82799006	2.78564262	2.83045101	2.85224366	2.83815169	2.79379272	2.74327016	2.67460561	2.58386850	2.48775339	2.41026521	2.38271880	2.28038788	2.11660695	1.94237554	1.79750836	1.71063662	1.60567379	1.50033045	1.42655337	1.39499044
-35.0000000	1.45342195	1.36073220	1.29028487	1.24516022	1.21784019	1.19020867	1.17700446	1.15883791	1.14931405	1.14783776	1.13961339	1.16904128	1.20194519	1.22194791	1.23304987	1.25962925	1.25515676	1.27599657	1.36679423	1.50967348	1.62423646	1.65103114	1.73224926	1.85925019	2.03215218	2.25983357	2.60541463	2.88147020	3.02939939	3.01515913	2.82926512	2.76281452	2.80291128	2.80970025	2.77077699	2.80119085	2.84779382	2.82113481	2.75664496	2.67506862	2.58246398	2.45718241	2.34952116	2.26465726	2.21380067	2.21419597	2.21759748	2.22797179	2.24693966	2.27307367	2.30189991	2.35345292	2.42582035	2.50223517	2.54302549	2.48561358	2.39362621	2.32008648	2.26793408	2.21915078	2.13475990	2.01210046	1.91287827	1.85022640	1.82252169	1.81338418	1.78897905	1.74773908	1.68049824	1.59449935	1.51339579	1.46680093	1.43809128	1.42887819	1.43395221	1.44128335	1.44114208	1.43999267	1.44280910	1.45052063	1.46001208	1.45874655	1.44433832	1.41837561	1.39021635	1.37698710	1.34472060	1.29738963	1.26142418	1.24173641	1.22172034	1.20749974	1.21623027	1.23474252	1.25778747	1.28803575	1.31820118	1.35457265	1.39238358	1.42531335	1.44548857	1.44511545	1.44760454	1.45485806	1.47271037	1.51092732	1.59853387	1.69557714	1.79942000	1.90622270	2.01093984	2.09403443	2.22957587	2.46586561	2.78123569	3.08404922	2.96801400	2.67211866	2.35725594	2.13434362	2.06432414	2.12293291	2.10001969	2.05021405	2.00049806	1.95020640	1.86490786	1.77733922	1.68889451	1.60832798	1.55175447	1.57628083	1.66083848	1.75890279	1.85424304	1.96092093	2.00871682	1.99479389	1.98382604	1.96860778	1.87005138	1.78449678	1.79285800	1.86740816	1.96705949	2.03736401	2.21502399	2.45140290	2.46057177	2.32527041	2.49690795	3.16828752	3.94534421	4.93669748	5.85931349	6.03850174	5.76002884	5.46745872	5.24286413	5.09584761	4.96354389	4.82833862	4.75782156	4.72780943	4.70035028	4.62371778	4.56245756	4.49927568	4.43607903	4.35964823	4.24163914	4.21528482	4.28324127	4.38534784	4.46499014	4.46909904	4.34921694	4.32099390	4.33329725	4.34668970	4.33342791	4.32611942	4.31274462	4.30860043	4.32283497	4.35844612	4.41457844	4.46625423	4.52208948	4.58903408	4.67237186	4.70366478	4.71274805	4.70557356	4.68530369	4.65230942	4.61816120	4.54524088	4.45013714	4.34638500	4.24446535	4.22443438	4.18913984	4.14373350	4.10906839	4.12170410	4.17810774	4.27187204	4.37536335	4.44850111	4.43876219	4.44027901	4.50213242	4.57402754	4.63710976	4.70396662	4.75356054	4.79067993	4.82006598	4.83200645	4.80233717	4.79264450	4.77671337	4.77294302	4.79180574	4.83584690	4.86539793	4.80732250	4.71549892	4.63793612	4.61677885	4.64526033	4.63420248	4.61697006	4.61577559	4.64168167	4.73651505	4.79354572	4.78742361	4.73996544	4.72016001	4.78927612	4.85185909	4.89723873	4.92341805	4.93706894	4.91911602	4.88771677	4.85662270	4.82523394	4.77859783	4.69241858	4.63038349	4.55668449	4.47744226	4.44070673	4.35392475	4.22598124	4.12460756	4.03650570	3.86734605	3.61035562	3.41271496	3.23462510	3.06461763	2.91955495	2.80256081	2.68176389	2.54966855	2.41106415	2.28302312	2.14638352	1.98309982	1.82582831	1.67913949	1.51951647	1.36186457	1.22212863	1.11287415	1.03341460	0.969811440	0.911070585	0.858255088	0.820976257	0.803130746	0.802901328	1.04025757	1.06267095	1.40791357	1.99006701	2.09952211	1.90807676	1.51406825	1.30653179	1.35353005	1.40215254	1.53295851	1.67058671	1.75642037	1.81050169	1.93153143	2.25414562	2.56031632	2.70038772	2.67012382	2.61070895	2.62457252	2.86233640	3.18969560	3.46560097	3.54225922	3.56796169	3.59337497	3.65350318	3.73036146	3.75297546	3.68919325	3.58601356	3.45763922	3.36399674	3.41073656	3.46317291	3.45900917	3.42973208	3.40817213	3.42850614	3.47249126	3.58578873	3.74005556	3.88921976	3.96948195	3.98118615	3.96910167	3.91668367	3.82837057	3.72957897	3.57672429	3.41431952	3.23656535	3.05837631	2.91537929	2.87486529	2.87956691	2.86850882	2.81510067	2.72713590	2.66922808	2.57412243	2.47129297	2.39416122	2.38009238	2.33387256	2.24261999	2.13117862	2.02234316	1.93685830	1.83680654	1.71473539	1.60699654	1.54244685
-36.0000000	1.60083544	1.50884831	1.44515181	1.41462183	1.40780747	1.40093112	1.36560619	1.32852376	1.29677927	1.27636206	1.27215505	1.30021441	1.37528002	1.45942986	1.53727579	1.61596346	1.70069814	1.76372814	1.83149779	1.92620707	2.06581235	2.19133663	2.41388154	2.70569491	3.01104903	3.24624276	3.35295510	3.35796332	3.30500627	3.20511746	3.03662395	3.03021336	3.15246654	3.23186183	3.22527742	3.21799111	3.24937630	3.23843169	3.19769144	3.14607263	3.10887361	3.02128553	2.92207527	2.83395457	2.76870370	2.72717500	2.71001148	2.69698238	2.70496368	2.73388147	2.76671147	2.78334355	2.84505916	2.91681886	2.95193887	2.89208841	2.80804968	2.70630240	2.61524582	2.54618311	2.49332333	2.40459800	2.31311178	2.24745536	2.20379233	2.14585924	2.09032440	2.03259754	1.97035050	1.89795125	1.80646193	1.72709978	1.67179596	1.63899672	1.62685633	1.63323748	1.63886976	1.63621712	1.63004887	1.62751818	1.63816214	1.64112628	1.62920749	1.60673785	1.58181632	1.56630969	1.53712595	1.49191487	1.45599520	1.43723619	1.42605889	1.41565800	1.41338098	1.42107069	1.44111848	1.47646427	1.51082182	1.54771233	1.58426166	1.61808205	1.64727044	1.65944231	1.66262484	1.67340887	1.70279086	1.75617337	1.86111164	1.97927845	2.09002280	2.18828535	2.28459859	2.36942172	2.47079706	2.61593890	2.80263019	2.99922490	3.04136109	2.96381474	2.83961058	2.72272682	2.64809179	2.61494184	2.56031251	2.49828863	2.43419313	2.36458659	2.26304293	2.16618776	2.07074833	1.98516345	1.92958319	1.92623496	1.97036135	2.03988099	2.11892295	2.19782591	2.28131104	2.25998926	2.24211740	2.27577615	2.34886980	2.27491856	2.27729201	2.29644704	2.33669710	2.46621108	2.86991668	2.88282394	2.62655711	2.39440536	2.65132093	3.48703146	4.50628996	5.44692421	6.04011154	6.01037550	5.72472286	5.44631863	5.21898127	5.04606581	4.89045811	4.72712374	4.60674000	4.54430437	4.51289415	4.44366741	4.37817478	4.33271122	4.28926516	4.23183966	4.14645481	4.12255335	4.15668058	4.24383307	4.35247993	4.42455816	4.44168520	4.42750406	4.43812084	4.46463156	4.43312120	4.34340477	4.28811598	4.24080610	4.18773222	4.12786055	4.15810108	4.23169279	4.31371355	4.40909147	4.56260633	4.66365910	4.69163847	4.65703344	4.59524393	4.56658030	4.55509949	4.48460960	4.39162159	4.29348660	4.18839025	4.13401747	4.07412100	4.02192116	3.99103451	3.99547625	3.97447276	3.99576259	4.08400822	4.21391869	4.31025219	4.34667587	4.37676907	4.43499374	4.51563072	4.57278538	4.59531021	4.64301014	4.70004463	4.74955750	4.77367258	4.80071735	4.79888296	4.77824831	4.75585222	4.75568676	4.76060677	4.72119856	4.66943073	4.61992598	4.56996250	4.56476450	4.55590343	4.53373575	4.50641155	4.49987125	4.55640841	4.65654755	4.73393917	4.75721788	4.73000431	4.76732731	4.86157894	4.94928885	5.00479603	5.04024553	5.01195526	4.95211601	4.89052963	4.83710718	4.78186655	4.71042109	4.65602255	4.59596872	4.53061056	4.48335218	4.41384554	4.32403135	4.27182436	4.24908304	4.18161201	3.97067308	3.74558687	3.53476024	3.34383631	3.15569496	2.99994874	2.85605264	2.73421574	2.62592983	2.50396967	2.36216044	2.20307660	2.04970098	1.91090631	1.78145373	1.61936307	1.44512343	1.27916837	1.14479911	1.06818426	1.02287495	0.982369959	0.969674408	1.00322735	1.09690177	1.45674038	1.53947783	2.05820942	2.63597274	1.80574572	1.68463886	1.38437521	1.24183393	1.32263899	1.42115867	1.51364625	1.67866457	1.82170928	1.91388524	1.99190712	2.23409843	2.42533493	2.48877501	2.44798446	2.42693543	2.48085928	2.66259003	2.93400455	3.21508551	3.38392162	3.42465973	3.45125461	3.52263618	3.65636849	3.82865047	3.90363979	3.88910794	3.78610206	3.64513731	3.56619573	3.60485053	3.60479689	3.58309340	3.55732083	3.54557776	3.52459192	3.52349877	3.56967568	3.65060520	3.71387649	3.78162003	3.81768632	3.83740020	3.83584738	3.78787780	3.65864110	3.54313707	3.42516613	3.30272985	3.18803239	3.09063268	3.06196213	3.03568125	2.97983193	2.89683628	2.78891683	2.67986751	2.56990695	2.46827316	2.39322186	2.32710838	2.24736881	2.17890811	2.12288713	2.05672383	1.97976792	1.88249850	1.77915645	1.70217431
-37.0000000	1.72376382	1.68653417	1.64634669	1.61615145	1.59510517	1.56857324	1.51929629	1.46633828	1.42432916	1.40307152	1.40754008	1.45110512	1.53401566	1.63785529	1.75316703	1.87945235	2.07333851	2.27499509	2.47003007	2.65730333	2.84892678	3.01372004	3.23739314	3.43352914	3.54556012	3.54676700	3.50859189	3.42253757	3.29410052	3.14983201	3.03733850	3.06873035	3.25241733	3.42491078	3.52807212	3.60911536	3.68701267	3.74607849	3.77594280	3.77725887	3.76170397	3.73244643	3.65237117	3.56277585	3.47990656	3.39495754	3.33765769	3.26363993	3.21045899	3.18354774	3.15621853	3.16964912	3.20172215	3.25306368	3.29437542	3.26643372	3.18067527	3.05580497	2.93923736	2.85202551	2.78886056	2.75685811	2.71328664	2.66170001	2.60245585	2.53271890	2.46225739	2.39567447	2.33480453	2.27027059	2.18148184	2.07141590	1.99522638	1.94798267	1.92390287	1.91635346	1.90378010	1.89897430	1.88986242	1.87926292	1.88488567	1.88872159	1.88323355	1.87283778	1.85774243	1.83395064	1.80422568	1.76539624	1.73017550	1.70681822	1.69912100	1.70069826	1.70239568	1.70536757	1.71148002	1.72330987	1.75507653	1.78593171	1.81692851	1.84768116	1.87636518	1.89741337	1.90356410	1.91760468	1.95239520	2.01086974	2.09534836	2.19031310	2.28299522	2.36359406	2.42527795	2.49604750	2.58125281	2.67313528	2.75706816	2.81155682	2.86158133	2.89373231	2.90019965	2.88479614	2.86296034	2.80145645	2.73508000	2.67243123	2.61791897	2.57175803	2.48673248	2.40888715	2.33393145	2.26716828	2.22349310	2.23407912	2.25851989	2.28507328	2.31330228	2.35407495	2.40937471	2.41134882	2.44378686	2.54427552	2.70419526	2.65672350	2.66552663	2.61952591	2.57236171	2.74239111	3.30912113	3.21607900	2.84411430	2.59423399	2.88760471	3.97847819	5.06696844	5.79305983	6.02884007	5.87850285	5.60349703	5.35846567	5.13450909	4.93848038	4.79298735	4.63985920	4.49269295	4.36047792	4.25194836	4.17558241	4.12982845	4.09306383	4.07606459	4.07245445	4.05869913	4.09312439	4.13090563	4.16896391	4.24255562	4.42527103	4.51711226	4.57736969	4.58650255	4.55905724	4.54366779	4.43064070	4.30171394	4.20922565	4.14646578	4.04768038	4.03220558	4.10648584	4.18883562	4.26425791	4.38444567	4.55502176	4.60326052	4.55278397	4.45698643	4.39903593	4.45775366	4.44510651	4.36514950	4.23956585	4.10766554	4.01859379	3.95108533	3.91381145	3.90030575	3.88896656	3.80983853	3.78240228	3.83631563	3.95472503	4.07426405	4.17059565	4.22323704	4.25571823	4.29125071	4.35272598	4.37865782	4.41849089	4.45993423	4.49763441	4.53317356	4.57451248	4.64578247	4.67797995	4.66192102	4.64823389	4.64128113	4.62892532	4.60642481	4.56915760	4.51262188	4.46932697	4.45861292	4.45664358	4.44372034	4.40427732	4.39246321	4.42165709	4.50822496	4.62401915	4.69638157	4.72203875	4.80449915	4.90862417	5.01190996	5.10448551	5.08923674	5.06265450	5.02630138	4.98037148	4.92369127	4.84195471	4.73850870	4.64665174	4.57248306	4.49490833	4.44033337	4.37734938	4.33423567	4.31437778	4.29626513	4.15112972	3.97367668	3.78780818	3.61426711	3.47064161	3.30805516	3.15686202	3.01013041	2.87251186	2.76023960	2.63650584	2.48664212	2.33867168	2.20126939	2.06376171	1.90561688	1.72598279	1.53396702	1.35519946	1.23183227	1.17766571	1.14812672	1.16392267	1.25663781	1.46873355	1.99501252	2.17445326	2.48456335	2.61173296	1.45123172	1.50431752	1.25758851	1.15846932	1.29514146	1.39654362	1.41764891	1.55670846	1.74330699	1.91990817	2.04185605	2.21036792	2.35257268	2.42279625	2.43590975	2.46732712	2.63054919	2.83721566	3.05274177	3.23939538	3.35629654	3.39145398	3.40931916	3.44798136	3.54413772	3.73309469	3.93582296	4.05051184	4.06672573	4.01040840	3.94388008	3.88422298	3.84902644	3.83123279	3.82794690	3.84043455	3.79290533	3.70204806	3.62825942	3.59256124	3.57660341	3.59819961	3.61804986	3.67532587	3.76548624	3.84028077	3.72857618	3.60509992	3.51657677	3.46298480	3.39755321	3.32533789	3.27048206	3.22277713	3.17382860	3.11705160	3.00645280	2.86737037	2.72856760	2.60987997	2.52221608	2.43912482	2.34713554	2.26861763	2.20656133	2.14457965	2.03769064	1.95753515	1.87939191	1.81561041
-38.0000000	1.84564352	1.83295023	1.81510198	1.78960013	1.75455487	1.70868564	1.66401601	1.62158382	1.57667601	1.53650296	1.52019942	1.56752753	1.64355969	1.72875524	1.82936645	1.97743821	2.21339202	2.50110483	2.78669071	3.03688455	3.23904419	3.36199427	3.43907952	3.45037937	3.39506149	3.29137945	3.22534895	3.13450789	3.00656295	2.88065577	2.84736180	2.93257570	3.11538911	3.30620742	3.48265076	3.68955612	3.90488672	4.09689569	4.23409891	4.31427526	4.36446238	4.34464216	4.31125021	4.26163101	4.19148874	4.09488630	3.99042773	3.88128877	3.77468848	3.67667079	3.59210348	3.54647017	3.50407553	3.49561596	3.51823664	3.53553295	3.51113963	3.42692947	3.32236362	3.22397280	3.14535499	3.09080648	3.06594443	3.03806305	2.99167633	2.92851782	2.86437774	2.78945541	2.72990465	2.68000889	2.60218334	2.50490427	2.40919805	2.33251357	2.28905535	2.28978276	2.29308248	2.28627419	2.27667546	2.26535296	2.24712491	2.23750043	2.22866535	2.22814631	2.23403525	2.23499155	2.20573616	2.16737533	2.12806344	2.09339619	2.06640959	2.05018306	2.03303552	2.02519703	2.02554369	2.02159715	2.02768683	2.04559660	2.06993008	2.09229755	2.10131454	2.11320019	2.11710048	2.13204122	2.16192794	2.19554496	2.23614430	2.29489636	2.35839486	2.41633964	2.46153617	2.49636173	2.54858541	2.60262513	2.64239430	2.65130019	2.66942835	2.68105936	2.70520520	2.74096155	2.76750755	2.75156260	2.70492530	2.66458488	2.64054680	2.61583257	2.57748961	2.54814339	2.52445793	2.50406981	2.48558831	2.47587729	2.48792601	2.48723936	2.47086382	2.46738863	2.47579122	2.47812247	2.51478553	2.60161281	2.72986722	2.80485511	2.73497033	2.61976147	2.56370568	2.67620516	2.64505363	2.59692287	2.67369103	3.00808954	3.72370028	4.94275475	5.69283056	5.96690941	5.87809801	5.65963078	5.41379595	5.20224714	5.00957441	4.83835554	4.70915937	4.54682779	4.37822771	4.19917011	4.04642725	3.99773073	3.96981072	3.93260241	3.93141174	3.97050738	4.01312160	4.07094669	4.10950947	4.23876667	4.59969664	5.36429691	4.84119797	4.86991787	4.84224939	4.60405731	4.45527506	4.50128460	4.35464954	4.18657017	4.06314802	3.94538498	3.89382291	3.93767118	3.99419904	4.03798056	4.10089588	4.27755260	4.41590166	4.43713808	4.34533644	4.22745275	4.26066065	4.33999681	4.33432961	4.19885874	3.97511673	3.85405755	3.78499961	3.75708628	3.75406814	3.75430512	3.68873334	3.65423870	3.68450880	3.76209378	3.81840420	3.92697453	3.99713206	4.03512907	4.06619167	4.13452387	4.16909266	4.20469904	4.23509789	4.25525284	4.26133728	4.34070444	4.39493799	4.42888689	4.45279932	4.48232698	4.49878883	4.48719025	4.45462704	4.41135120	4.37077236	4.33775187	4.34198713	4.35639906	4.34885788	4.28218794	4.23994589	4.21466017	4.24299955	4.33955908	4.49685764	4.59958792	4.67599869	4.74417162	4.83130407	4.97371054	5.05121851	5.05193377	5.02449799	4.99553108	4.96963120	4.88391924	4.77679968	4.66824436	4.56872940	4.47923279	4.44944525	4.38945436	4.30851889	4.23617506	4.22224045	4.14420557	4.02640724	3.89254475	3.76328778	3.65627956	3.59170866	3.47078943	3.32605815	3.18868589	3.08847785	2.98870564	2.83463216	2.66297889	2.49930120	2.35798931	2.19945884	2.02143264	1.82578468	1.63029647	1.46865988	1.38071930	1.33651662	1.36059511	1.50523674	1.85046124	2.37018037	2.59105778	2.44874001	1.94242847	1.13487911	1.16696119	1.04756701	1.06107223	1.24351239	1.38258243	1.42558670	1.48517728	1.61660850	1.80630243	1.97184956	2.02759171	2.07833576	2.20658159	2.39502931	2.52657962	2.75988579	3.03445148	3.28687286	3.47870517	3.59646177	3.54744983	3.46708441	3.40975118	3.42550063	3.56004524	3.72735167	3.90667224	4.04823303	4.14030170	4.20918751	4.19023132	4.14371777	4.11169910	4.11522436	4.15433598	4.08235168	4.00938559	3.93520093	3.85378003	3.75332499	3.66320920	3.61687851	3.63610291	3.72331691	3.86161947	3.86518002	3.73930931	3.61576676	3.54833508	3.51282024	3.44738555	3.36814618	3.29437971	3.23637199	3.19541764	3.14693451	3.05907679	2.92358565	2.77176785	2.67449284	2.60132718	2.51612353	2.43375325	2.35783815	2.28075314	2.17757010	2.07644224	1.98379779	1.92016315
-39.0000000	1.96427286	1.91977549	1.90674067	1.89557815	1.87158680	1.83495295	1.80076933	1.76037669	1.71764386	1.67599571	1.63841355	1.63275659	1.66379941	1.73046851	1.82831180	1.94949985	2.11468887	2.30252862	2.48006916	2.62381530	2.71972847	2.78025842	2.79864931	2.77622318	2.72061658	2.64578104	2.64884353	2.67042351	2.65725970	2.63884497	2.72742581	2.85883594	3.04091620	3.19307041	3.32313061	3.52735758	3.85051942	4.15699911	4.42877483	4.64398718	4.77693796	4.82091904	4.81149530	4.77354574	4.71961498	4.64991188	4.56774378	4.44516182	4.32852411	4.22725582	4.11385012	4.00768518	3.90887451	3.82448268	3.76912522	3.76496935	3.77178955	3.72347879	3.63540030	3.53418851	3.45775294	3.41101313	3.39310431	3.38093328	3.35961819	3.32248783	3.26841688	3.19969606	3.12988329	3.06449032	3.00098109	2.93921018	2.86023974	2.79057455	2.74267459	2.71495223	2.71165872	2.70433521	2.69926357	2.69658041	2.69027758	2.67911148	2.67401171	2.66313076	2.64503002	2.62867880	2.60770082	2.57617998	2.53392124	2.48568821	2.44120502	2.39670587	2.37336946	2.35711956	2.34547758	2.34756327	2.36566377	2.37978029	2.38686204	2.38350558	2.36595511	2.35727262	2.35796905	2.37169218	2.39435911	2.41415501	2.41710234	2.43558121	2.46252728	2.48651314	2.49174762	2.48169589	2.48917174	2.50660801	2.51717138	2.49476194	2.48896408	2.47628903	2.49256253	2.54103184	2.59236717	2.59161568	2.59089231	2.59981203	2.61526775	2.62143230	2.64604115	2.65210938	2.66150331	2.68431664	2.71886945	2.73443246	2.70551157	2.65008807	2.58790040	2.54044271	2.54219699	2.53329968	2.53952527	2.57145762	2.62448812	2.64045858	2.62958741	2.64855123	2.73217416	2.89342952	2.87595296	2.78298521	2.97692060	3.60460663	4.59734154	5.42959070	5.71907330	5.65359306	5.41936445	5.20101166	5.03945732	4.91988325	4.80029058	4.66750193	4.53715372	4.34919262	4.16997528	4.00380135	3.87554455	3.83065367	3.83022308	3.82225013	3.81995106	3.85193849	3.96222329	4.09588528	4.12999296	4.16945791	4.29971600	4.58672237	3.82651305	4.08128023	4.36226130	4.33816957	4.33519554	4.46354198	4.31773853	4.11369038	3.95656347	3.84077716	3.73398399	3.75526142	3.79856515	3.82350373	3.85533857	3.96456742	4.14278793	4.24164343	4.21439505	4.11592293	4.07632017	4.13605261	4.16123962	4.08211899	3.89304948	3.75656509	3.68196559	3.62403297	3.57771373	3.57811904	3.53650355	3.50389743	3.51494861	3.57470989	3.65863609	3.74630713	3.78201032	3.78943491	3.80353498	3.87053275	3.94912601	3.99016833	4.00859880	4.01871061	4.03414536	4.11351252	4.11811686	4.08793497	4.06715059	4.10415792	4.17601442	4.21894026	4.22155094	4.19917202	4.19384146	4.20564127	4.22686386	4.23123693	4.19997883	4.12179899	4.07518768	4.05154705	4.05123138	4.08938599	4.19594908	4.36082649	4.48108912	4.56275511	4.62782383	4.71427584	4.85544062	4.89493799	4.84595060	4.75810289	4.71745443	4.68842745	4.64359045	4.59403896	4.54444265	4.49303913	4.47781372	4.44077921	4.34418678	4.20123672	4.07607555	4.01756477	3.94398022	3.86908436	3.79031277	3.68877077	3.61408591	3.52118278	3.43259978	3.36134315	3.31088614	3.26763034	3.16360712	2.98623133	2.76688933	2.58093929	2.44720721	2.29923630	2.12539935	1.93245530	1.74554801	1.60259748	1.53854108	1.57394457	1.77032340	2.23014355	2.68752098	2.93596554	2.76933646	2.18026900	1.36017323	1.22920084	1.02092898	0.992757678	1.16096234	1.30069447	1.42222631	1.49264467	1.54742134	1.62165129	1.75005317	1.80216217	1.89845932	2.04888535	2.25247216	2.49734259	2.72629356	3.01284790	3.31874037	3.58220673	3.71798348	3.68210459	3.54792953	3.40401530	3.33138371	3.40352178	3.56242251	3.70608878	3.81745505	3.91793990	4.06744385	4.22659969	4.27192879	4.26082706	4.25615406	4.32622957	4.34412098	4.27635860	4.19404125	4.12121010	4.03484821	3.90455031	3.78854990	3.71489835	3.70883369	3.79277968	3.87117195	3.83533311	3.74085474	3.63505697	3.55698895	3.50810695	3.42731261	3.32345343	3.21806598	3.14537907	3.17413664	3.17249703	3.11017132	2.98752761	2.83558917	2.74239087	2.67670178	2.61805558	2.55760241	2.49810863	2.40215707	2.29007268	2.17144203	2.08159161
-40.0000000	2.12604904	2.04373789	2.00069666	1.98709428	1.98534894	1.97012806	1.94418144	1.90635705	1.86651027	1.82983434	1.79686141	1.76716411	1.74956703	1.76599896	1.82571352	1.92528963	2.00960827	2.05961061	2.06131530	2.02358270	1.97811568	1.91241574	1.85756314	1.84613240	1.87896359	1.92516124	2.03509355	2.15952349	2.28612685	2.42908096	2.62906432	2.82062173	2.97321439	3.07265162	3.16026402	3.33290386	3.67873907	4.05807924	4.39026785	4.64670801	4.85086250	4.99756908	5.07173681	5.08980560	5.07014227	5.03304577	4.98011637	4.90645313	4.81094360	4.70451403	4.61013317	4.51563883	4.39075661	4.25725508	4.14286137	4.08126593	4.05384731	3.97776723	3.86127400	3.72645593	3.60924292	3.55195785	3.53456593	3.53802276	3.55612111	3.59549260	3.60753179	3.59714890	3.57901597	3.55287671	3.50354981	3.43456554	3.37268734	3.30162621	3.22218513	3.15225911	3.11774158	3.10278916	3.09118485	3.08258247	3.09250283	3.10057402	3.08676100	3.06353593	3.03249526	2.98436022	2.95124173	2.92180967	2.90223670	2.88794255	2.86359167	2.84393978	2.83197284	2.82685924	2.82733440	2.83170009	2.83280134	2.83629966	2.82668328	2.79867220	2.75721765	2.74447298	2.72850204	2.72211123	2.71985555	2.69804263	2.68769813	2.67408967	2.65145135	2.62251878	2.59852839	2.58746266	2.56232595	2.53797555	2.51716256	2.49053240	2.45892382	2.43287706	2.42003846	2.42415833	2.44509053	2.47830629	2.49863267	2.51953769	2.55291748	2.60909772	2.64902115	2.66110134	2.66412330	2.67709136	2.71923041	2.76088405	2.75829959	2.71785307	2.65208459	2.57969856	2.54892302	2.56069183	2.57884026	2.57356000	2.52139997	2.55418849	2.60938072	2.71298432	2.87657976	3.09731960	2.95405412	2.89212728	3.05338216	3.53299952	4.37949419	4.91978121	5.07082224	4.99599886	4.83383274	4.69798088	4.59004307	4.50645161	4.42273569	4.32493496	4.20959949	4.07046747	3.93310261	3.80589461	3.70809865	3.66983461	3.67851615	3.70739055	3.73402286	3.77186084	3.87023282	4.00753736	4.21386290	4.36027431	4.25982952	3.66757417	3.48399734	3.70490718	3.97271848	4.16085577	4.37375069	4.32105017	4.12887049	3.92067313	3.77481866	3.72456408	3.62514663	3.60189724	3.61157060	3.63250089	3.66460133	3.76069427	3.89342403	3.99360919	4.03012753	4.00991583	3.98430204	3.95124173	3.90654325	3.84260964	3.74843812	3.66441035	3.61809564	3.57086563	3.51443887	3.47087908	3.44344306	3.43079805	3.43157649	3.44781876	3.48497081	3.56738067	3.59137630	3.55683208	3.51190281	3.55302334	3.64337111	3.73649406	3.79538298	3.80550337	3.77479768	3.81586385	3.81629920	3.78534722	3.75277376	3.76886463	3.81228113	3.85420609	3.88218522	3.89349627	3.89515114	3.95471549	4.01547289	4.03890800	4.01052523	3.93984580	3.89376116	3.85799003	3.84661269	3.86536598	3.91164231	4.03534651	4.16585732	4.26492500	4.33666372	4.42754555	4.57166004	4.65783548	4.67546988	4.61327076	4.45925570	4.44650507	4.45755625	4.45713520	4.44452763	4.45357370	4.44488049	4.47034311	4.42051649	4.26667118	4.06079531	3.91673422	3.79469943	3.72013021	3.67933059	3.61946917	3.54767299	3.45924616	3.37440681	3.31360149	3.29750490	3.31929922	3.29367256	3.17633176	2.98225737	2.78570509	2.62855554	2.51102996	2.38653660	2.23972201	2.08646703	1.89598465	1.79769969	1.83299351	2.07563829	2.63179636	3.17532182	3.52104473	3.21372652	2.31806707	1.41870642	1.20174980	1.17058110	1.18852007	1.19439888	1.20256257	1.32145262	1.38341033	1.42139041	1.47295558	1.58027613	1.68983305	1.80187929	1.92190540	2.08399582	2.35082817	2.65432954	2.91451240	3.19452763	3.48585820	3.70831847	3.73236036	3.65800047	3.54748273	3.44865632	3.39497519	3.50369096	3.64440632	3.75622535	3.82038093	3.86023355	3.97494888	4.09031010	4.17077923	4.23811722	4.37138081	4.46028137	4.47160864	4.42550802	4.34534264	4.25769377	4.15270376	4.01982546	3.88956046	3.79775023	3.78557396	3.84804749	3.89651299	3.89072347	3.81618381	3.68415141	3.54656553	3.44973850	3.36634636	3.28744841	3.22248650	3.20956063	3.22918439	3.21863008	3.14531660	3.00680542	2.89346766	2.82328105	2.77780247	2.74774981	2.73300529	2.65405369	2.54183865	2.39934063	2.27807188
-41.0000000	2.39450026	2.28215241	2.21225262	2.16548562	2.12893009	2.09606075	2.07287979	2.04220653	1.99757946	1.94872832	1.92157519	1.89377046	1.87120497	1.86382270	1.88441980	1.94864476	2.01593995	2.01675606	1.96111310	1.86814547	1.76610208	1.67994988	1.63016546	1.63537526	1.69286716	1.77858949	1.86209071	1.93543458	2.02515483	2.14972425	2.31955814	2.49866438	2.69122791	2.81294370	2.88173580	3.01775885	3.40466070	3.79428148	4.12667894	4.38613224	4.60114431	4.77753258	4.95138502	5.10809851	5.22291327	5.26091337	5.21461058	5.14964867	5.09158564	5.04007053	4.96884680	4.87587690	4.74310112	4.59708929	4.46624088	4.38079119	4.32982635	4.20887947	4.05009556	3.89379549	3.78847671	3.71287990	3.64916587	3.62445974	3.64010882	3.67168355	3.73902488	3.81264925	3.87098217	3.90501118	3.91828680	3.89757013	3.83442926	3.76675892	3.70171475	3.61571503	3.53952527	3.47487164	3.43693757	3.42969799	3.44592071	3.47427940	3.48297715	3.47776341	3.45260262	3.38967562	3.34624696	3.31225824	3.29159355	3.28278804	3.27903080	3.28487039	3.28493023	3.28672791	3.29107928	3.29209518	3.28951645	3.28392792	3.27267146	3.25296140	3.22188210	3.17251039	3.13152242	3.09490132	3.05864286	3.01875567	2.97333455	2.93885565	2.90185547	2.85900974	2.81713271	2.80605555	2.78527498	2.76163340	2.73331594	2.68985152	2.63217425	2.57561684	2.53425288	2.50942993	2.48976755	2.48897696	2.50635052	2.52583122	2.55003333	2.60023856	2.66643071	2.68613911	2.67603993	2.65402985	2.63922620	2.67262959	2.70187044	2.69837809	2.66219020	2.62195516	2.52313566	2.49327469	2.51679492	2.55609369	2.55154204	2.51253104	2.57552361	2.78411436	3.07804728	3.29321599	2.98111749	2.83384991	2.88295388	3.17684007	3.78079033	4.39343023	4.56329155	4.52400970	4.42091751	4.31104422	4.13376713	4.02412987	3.94369531	3.87276363	3.81037378	3.73257041	3.68445897	3.63050556	3.55893302	3.48172283	3.44014025	3.49271989	3.61723804	3.75145221	3.79310107	4.45592785	4.98286629	4.71013927	3.82201409	3.35080433	3.44735384	3.56626415	3.79113960	4.07008600	4.21570921	4.11672020	3.95192862	3.76058483	3.59999847	3.54553485	3.51998782	3.51221728	3.50951004	3.50986338	3.52198505	3.56566715	3.63863468	3.69795299	3.73162937	3.75861120	3.77057767	3.69448853	3.59279895	3.50996566	3.47244740	3.45511007	3.43850803	3.41974545	3.39351988	3.35211849	3.32165551	3.29826689	3.27231956	3.24941468	3.25038457	3.24801779	3.25209117	3.25385737	3.25431848	3.26422405	3.31028199	3.41595817	3.51277590	3.55940032	3.54163718	3.56718063	3.54934239	3.51655984	3.50294518	3.54828572	3.57666516	3.59238076	3.60057235	3.60690880	3.61758780	3.65305853	3.71290898	3.75023007	3.74913430	3.72475553	3.70472145	3.66826320	3.63696647	3.62571692	3.64269829	3.69309282	3.77474141	3.84879827	3.90975833	3.98546100	4.11987209	4.26087809	4.35744286	4.38687754	4.35484266	4.29123545	4.27201366	4.27394581	4.27905226	4.27460861	4.26221323	4.25957537	4.25407362	4.21288824	4.08300209	3.89473414	3.74351716	3.63388395	3.56418085	3.52656436	3.51315737	3.45832682	3.37787604	3.29220057	3.22628903	3.20331502	3.19617081	3.16112804	3.07197094	2.91999722	2.78770113	2.68275809	2.59139752	2.50514388	2.42081809	2.28153300	2.19080448	2.20467305	2.41906595	2.96980071	3.53711915	4.03233147	3.65965986	2.57974863	1.90966225	1.31297183	1.19439077	1.23250532	1.25634539	1.24538469	1.21703148	1.21249199	1.26174343	1.35182154	1.42682016	1.57241488	1.76108694	1.91489124	2.01793408	2.11637259	2.43440986	2.76427460	3.05673528	3.29795027	3.50946569	3.55121779	3.55027986	3.55598211	3.57424307	3.56757164	3.51672173	3.56100655	3.64382720	3.71881652	3.74983764	3.79113054	3.88504744	4.00174809	4.12741852	4.26427221	4.43759537	4.54864311	4.59556580	4.57138395	4.46398687	4.29908943	4.15136099	4.01821852	3.90164089	3.80817580	3.80701995	3.86989212	3.91838551	3.90354538	3.80586958	3.68244290	3.53947163	3.42824721	3.36539149	3.33285856	3.35470724	3.37785888	3.37121725	3.32092094	3.23034239	3.13813353	3.05384159	2.97749591	2.91741824	2.89022470	2.86281157	2.78400826	2.66989088	2.57066441
-42.0000000	2.74014306	2.63984776	2.54722071	2.46035671	2.37656593	2.29237342	2.21013212	2.15401506	2.11560774	2.08792233	2.06539798	2.06227946	2.04978371	2.03689384	2.03599024	2.06284857	2.09127426	2.07318139	2.02231193	1.95243526	1.87734663	1.83816361	1.81491983	1.82153988	1.86299467	1.93530214	2.00895786	2.03577018	2.05034566	2.09010267	2.19527197	2.32518959	2.47726607	2.59892654	2.69199276	2.81268215	3.11460137	3.45985746	3.77182770	4.01493120	4.19462872	4.35501909	4.53209639	4.74283266	4.96732473	5.14879179	5.13966894	5.07877684	5.01340437	4.96493149	4.92883062	4.89006519	4.78847170	4.62193632	4.44182491	4.35298681	4.36216116	4.33207417	4.23984241	4.10090637	3.96902680	3.88434958	3.82070136	3.77898240	3.76521564	3.79054976	3.83529854	3.88570070	3.92520261	3.95892859	4.01368523	4.06819201	4.09301329	4.08501244	4.04807377	3.99310398	3.91169596	3.82158947	3.73625898	3.67268562	3.65135908	3.66669488	3.70206428	3.72700095	3.73265600	3.73179412	3.70689440	3.68057466	3.65988469	3.64349365	3.62169075	3.60269928	3.60531092	3.61923480	3.63525295	3.64521980	3.65535688	3.65925837	3.66281533	3.65651083	3.61542153	3.56763935	3.52982259	3.49491978	3.45856309	3.41906881	3.36661768	3.32051563	3.27905011	3.23800349	3.19065428	3.15483809	3.11804914	3.08740163	3.06101942	3.02803421	2.96319079	2.89113450	2.81671405	2.75085402	2.71055508	2.68907619	2.66954327	2.65791273	2.65645790	2.66376901	2.72317600	2.75498867	2.74760246	2.70652556	2.65437675	2.64872193	2.65196323	2.66029072	2.66519594	2.65347290	2.58702159	2.54144001	2.53448772	2.55941749	2.58497667	2.57765770	2.64738441	2.91712141	3.40614271	4.03003073	3.42805839	2.99500299	2.92324352	3.19898438	3.60225391	4.18104410	4.28721857	4.20502615	4.08908844	3.96439695	3.80591059	3.68567729	3.62611151	3.61387992	3.59990335	3.51773691	3.47505045	3.44972610	3.40962553	3.31259155	3.28283238	3.35040259	3.49389482	3.71121693	4.01958895	4.98010969	5.13308573	4.64629173	3.76906562	2.83230829	3.04286504	3.22712016	3.44235826	3.67424607	3.83683276	3.79022694	3.69787407	3.58524251	3.48453355	3.43468213	3.44394231	3.45190287	3.43082428	3.38737750	3.36264372	3.34441495	3.37458515	3.39278483	3.38034248	3.36028719	3.40916324	3.41473627	3.34994459	3.24035573	3.16416407	3.17462921	3.18096638	3.17020464	3.14175987	3.10743642	3.09772563	3.08811951	3.06528902	3.02649879	2.97960782	2.96168208	2.92823863	2.91195297	2.93383718	3.00323677	3.06512570	3.12659693	3.17540693	3.21552896	3.26715565	3.31500602	3.33214092	3.31780910	3.29757929	3.32333994	3.34525299	3.36680460	3.38553357	3.40963864	3.45798182	3.51593757	3.52407646	3.51311159	3.50910068	3.53344226	3.54516101	3.53030133	3.49915314	3.46344233	3.43632889	3.46849680	3.51391459	3.54246831	3.54828167	3.54971409	3.65550780	3.77464056	3.89246798	3.98791671	4.03348160	4.07146597	4.08243179	4.07060480	4.04887915	4.03881025	4.03860569	4.07284594	4.09910917	4.08705139	4.01840639	3.85913205	3.71804976	3.60138130	3.50933528	3.43610597	3.43726373	3.42947459	3.38790536	3.31729507	3.25195241	3.20302367	3.16213965	3.12170887	3.07339215	3.00810099	2.91525698	2.80926800	2.71255660	2.64650393	2.63144898	2.57932639	2.55713511	2.59888530	2.79454684	3.29005218	4.01089191	4.93920755	4.67127895	3.26186752	2.22421670	1.44689906	1.24230742	1.27227902	1.30610430	1.22052670	1.10276043	1.05862904	1.08685780	1.17563796	1.30262733	1.42095697	1.61790705	1.81607044	1.96979928	2.06520486	2.16825366	2.43161273	2.75156069	3.04108429	3.22988009	3.27158189	3.31185126	3.35976243	3.42569947	3.52135777	3.54378557	3.52562189	3.51856422	3.54602766	3.60314512	3.67356753	3.74942732	3.82123280	3.90302968	4.03239918	4.22925806	4.38461161	4.48995972	4.53993082	4.53227901	4.44901657	4.33385134	4.20199871	4.06993818	3.95541501	3.89477015	3.89931154	3.92245674	3.93252087	3.91271758	3.80563831	3.68257499	3.55276489	3.44708157	3.41803551	3.48205256	3.52903008	3.56231070	3.57145143	3.53221965	3.42393017	3.31998086	3.22775888	3.14935803	3.08158135	3.06460142	3.03343916	2.96602225	2.89181376
-43.0000000	2.98847604	2.92744780	2.86596990	2.78883457	2.68879342	2.56655788	2.45786810	2.37598515	2.32301927	2.29634762	2.28861713	2.29199648	2.28471255	2.27298713	2.26201320	2.25595307	2.21693707	2.14646983	2.08098292	2.03895664	2.02091742	2.01059580	2.01678419	2.03242850	2.05935788	2.10828781	2.19465780	2.24949861	2.28037429	2.30863047	2.36939645	2.46842837	2.55562401	2.63668156	2.71525574	2.79295802	2.98618722	3.21225762	3.43607068	3.63313651	3.78957248	3.90815926	4.07603693	4.27942276	4.49296045	4.67971849	4.73037863	4.71413803	4.67209196	4.62235546	4.56006050	4.51644897	4.42739773	4.29432249	4.15124989	4.06481600	4.11142731	4.14627695	4.14585686	4.09808207	4.00228930	3.90822864	3.83152437	3.77440619	3.74602509	3.76244974	3.79650784	3.82611275	3.83826017	3.84416389	3.87925482	3.97756219	4.06840134	4.13243341	4.15835476	4.14289713	4.10425091	4.04269457	3.97284126	3.90780902	3.85922170	3.85142875	3.85484195	3.87228155	3.89819789	3.91866660	3.92761135	3.92676520	3.91655517	3.89483094	3.85686588	3.82781887	3.81762552	3.82423377	3.83773947	3.84038353	3.86751056	3.89165425	3.91146374	3.91918778	3.90067792	3.88344669	3.86269021	3.84587789	3.83238602	3.81349707	3.78202844	3.74723887	3.71525407	3.68346620	3.64053369	3.58434534	3.50950003	3.44467044	3.40341115	3.38415933	3.33977413	3.28476691	3.21304560	3.12998748	3.05243826	3.00707936	2.95090532	2.89582753	2.85532188	2.84442616	2.87379146	2.89348125	2.87083769	2.80587626	2.73128557	2.69909167	2.68403339	2.67303896	2.66432047	2.66737080	2.66182351	2.64207816	2.62126780	2.62287307	2.68072343	2.72050571	2.80644917	3.04766011	3.48493552	4.09076500	3.68560028	3.30255723	3.17279387	3.33432364	3.63201809	4.02401924	4.04142427	3.94326782	3.83702707	3.67862129	3.51628351	3.40791702	3.34029222	3.31511879	3.34904718	3.33368301	3.31371832	3.29016113	3.27315021	3.28195524	3.34123087	3.52659082	3.92478442	4.47967625	4.99224567	4.55108309	3.90170002	3.39566040	3.01172018	2.35582542	2.65519357	2.85842466	3.04924226	3.24179673	3.38066602	3.43154836	3.42977929	3.39056754	3.34528661	3.34147239	3.38290715	3.38384390	3.34124851	3.26640320	3.18490887	3.15499115	3.16200376	3.17339635	3.17110419	3.15154958	3.18249440	3.19671798	3.16885352	3.10527396	3.04408789	3.02301049	3.02581406	3.01842141	2.99356484	2.97078323	2.95961332	2.94885254	2.91123652	2.85207319	2.80924320	2.81505203	2.80389309	2.78183460	2.77661991	2.83766651	2.91698599	2.95769715	2.97271967	2.97965503	3.00078678	3.08775854	3.12910080	3.13911319	3.13509583	3.13735175	3.14868069	3.18877411	3.23178458	3.27385449	3.33311391	3.40166998	3.39759254	3.35555291	3.31748843	3.33260322	3.38055491	3.39295459	3.37300158	3.33255577	3.29213476	3.30456400	3.32555437	3.33610749	3.33377266	3.33264470	3.38009453	3.46544695	3.55263352	3.62346363	3.67762733	3.71196556	3.75447559	3.76869488	3.75059915	3.72860408	3.74369144	3.82014132	3.90168762	3.94647694	3.92706847	3.80778170	3.68607640	3.56946945	3.47053719	3.40691614	3.38949585	3.38172197	3.37123752	3.35231543	3.32585955	3.25891733	3.19958639	3.15209413	3.11083937	3.06039357	3.00992608	2.93788815	2.85580897	2.78828812	2.77299595	2.76754355	2.80334091	2.89577651	3.16328931	3.82736850	4.94730997	6.33414745	5.94885683	3.90159345	2.45168948	1.60898161	1.37869275	1.35725021	1.31010079	1.17171204	1.02887154	0.963908315	0.970497370	1.04441237	1.18352592	1.31455195	1.46305180	1.63607812	1.82951808	2.02809453	2.18475246	2.33166409	2.52166152	2.75428891	2.97580409	3.10811543	3.16053033	3.19474983	3.25187087	3.35238695	3.44249678	3.50694251	3.53869534	3.54969001	3.57082582	3.58602691	3.59213352	3.58874202	3.58435178	3.59636474	3.78005695	3.98998284	4.15458632	4.25259876	4.31303644	4.32356644	4.30476284	4.24716854	4.15489292	4.04561281	3.97851467	3.92027855	3.89750242	3.90409732	3.90128827	3.83614182	3.74842024	3.64951396	3.56286263	3.52395153	3.55895400	3.60955191	3.66249847	3.69774604	3.68844700	3.62782335	3.57449579	3.50356388	3.40500450	3.28367352	3.20147657	3.15765285	3.11554813	3.07566547
-44.0000000	3.11237478	3.07999992	3.05102539	3.00571132	2.93043280	2.81767988	2.71847177	2.64508367	2.59451294	2.56616449	2.56184793	2.55044270	2.53550434	2.50966549	2.47506070	2.44332361	2.38097143	2.30107045	2.23340845	2.19550586	2.19261765	2.20865774	2.21678972	2.22886372	2.25171494	2.28716683	2.35464764	2.41824794	2.46526074	2.50022125	2.54490733	2.62125564	2.70676875	2.79551053	2.88342285	2.96832609	3.05163288	3.14993095	3.26414180	3.38281941	3.48214984	3.56796265	3.68254876	3.82810235	3.98781157	4.12585592	4.16758633	4.18004465	4.17178202	4.14687538	4.10492754	4.05728817	3.97209692	3.86612678	3.76950979	3.72573638	3.75942111	3.80707383	3.84069920	3.84800172	3.83238268	3.79999518	3.75345469	3.71024537	3.68458748	3.68743587	3.68295479	3.70042682	3.70960236	3.71456552	3.75372720	3.84466648	3.96271038	4.06718922	4.13574123	4.16430664	4.16618967	4.14253187	4.10400629	4.06484556	4.04283953	4.03268576	4.02458715	4.01777840	4.01069784	4.00098419	4.00581694	4.00570536	4.00215673	3.99318600	3.97331643	3.94220424	3.91564155	3.90399146	3.90762568	3.91692448	3.95292068	3.99891376	4.04911280	4.08804083	4.09052944	4.07196188	4.06980467	4.07310724	4.07380486	4.06672287	4.05257320	4.03925991	4.02501583	4.01374197	4.01501131	3.98353744	3.91976404	3.84100556	3.76469445	3.70837951	3.67483044	3.64512396	3.59572029	3.52323341	3.44443679	3.34366679	3.26211286	3.19958162	3.15617394	3.13228011	3.10706544	3.09043217	3.06112170	3.00232840	2.90169692	2.81775355	2.76716352	2.72674155	2.69707513	2.70252132	2.72317743	2.72640395	2.72623825	2.73734140	2.77499819	2.83802891	2.92678761	3.06472230	3.23844981	3.39775491	3.40140367	3.35314274	3.41803145	3.63415837	3.91263795	3.92358041	3.80423999	3.67483234	3.56952381	3.43643069	3.25293708	3.16572952	3.10743308	3.05930543	3.05123425	3.09290266	3.14364719	3.18658733	3.23414516	3.32804608	3.71027827	4.48582840	5.61539221	6.33621454	5.16208792	3.72273493	2.63304782	2.09013510	2.04411364	2.19810772	2.36076951	2.54713750	2.74876070	2.92516279	3.00384355	3.11979246	3.17967439	3.19503522	3.20478463	3.27519178	3.34706783	3.35564518	3.30746555	3.22371268	3.14021468	3.09785366	3.08668470	3.08319283	3.07759237	3.07382965	3.08250999	3.08527327	3.05357718	2.99231458	2.93981147	2.92614412	2.93728757	2.94678688	2.94157314	2.92196178	2.94002485	2.93196154	2.90203762	2.85748816	2.80851793	2.79387140	2.78745961	2.76784778	2.74316049	2.75108123	2.80909967	2.84345865	2.84710312	2.83569241	2.84759831	2.88925433	2.91552806	2.93014550	2.93954444	2.95287538	2.98099637	3.01475954	3.05964804	3.11906719	3.19434381	3.25635409	3.25965333	3.22816157	3.18609595	3.15797138	3.17079711	3.18371153	3.18279338	3.16909885	3.15866160	3.13636899	3.14077425	3.16464806	3.18612361	3.16869688	3.19038391	3.24574542	3.31532979	3.38052630	3.42356539	3.42830253	3.43244100	3.44650197	3.45868301	3.43485999	3.43726945	3.48925233	3.56982780	3.64858627	3.68569088	3.68538189	3.65770698	3.60991716	3.54468679	3.46011353	3.40454316	3.36892104	3.35064673	3.34165740	3.32843137	3.30164504	3.23441553	3.16152930	3.10037923	3.05096507	3.03292203	3.02960801	3.00993347	2.97962952	2.98125124	2.95203900	3.00172710	3.18022156	3.63413811	4.60680151	6.28269958	8.20232010	6.97741556	3.27321649	1.80843186	1.37734902	1.27949512	1.28751028	1.25138295	1.09845150	0.974157810	0.933977902	0.935869515	0.976107001	1.08928120	1.22545159	1.35946631	1.50804651	1.68981016	1.92527044	2.15914702	2.33253574	2.46865463	2.59001470	2.71842074	2.88199639	2.97271657	3.02541661	3.07918954	3.17738628	3.29445839	3.40229702	3.50460052	3.59026051	3.63336420	3.61424589	3.56297803	3.50134873	3.44130349	3.38494849	3.42129064	3.53095245	3.66655827	3.79737782	3.90932608	3.98532820	4.03647852	4.03348160	3.97547317	3.89001870	3.83032227	3.78285956	3.76103067	3.76112676	3.76233196	3.74331188	3.70761919	3.64845490	3.58249807	3.54990458	3.60239005	3.64825511	3.69208264	3.72114754	3.70541573	3.64652061	3.60475993	3.56279230	3.50909543	3.43796802	3.34100461	3.27029610	3.21308303	3.17373180
-45.0000000	3.24618959	3.20017529	3.16879988	3.13269615	3.07296920	2.97119546	2.89719748	2.86104536	2.84281874	2.82976341	2.81629276	2.77101350	2.72482610	2.68752265	2.65767097	2.62261200	2.56959081	2.51289129	2.46681046	2.43848062	2.42786765	2.44566298	2.44477344	2.44330168	2.44865775	2.45755839	2.49529052	2.53539348	2.57042885	2.59734058	2.61745644	2.66279650	2.73949242	2.85197997	2.98211622	3.08918047	3.15017867	3.17484093	3.20411754	3.25561047	3.32357574	3.36933422	3.40974998	3.47825956	3.58164120	3.70001388	3.76663899	3.78830409	3.78522229	3.76895809	3.74243045	3.71712947	3.67431283	3.63041663	3.59467769	3.56913400	3.58456731	3.60170603	3.61792588	3.62891650	3.62868190	3.61426520	3.61246729	3.61106300	3.61002111	3.62150574	3.62892914	3.64802551	3.65817666	3.65691090	3.65990329	3.72556758	3.82899809	3.95264339	4.07232618	4.15724182	4.18415976	4.18599987	4.17755461	4.16430426	4.14241552	4.14070988	4.12612629	4.10104084	4.06885338	4.03398943	4.03786993	4.03690195	4.03208208	4.02343798	4.01002598	3.99719191	3.98721337	3.97361398	3.95394897	3.92980266	3.95234323	4.01207685	4.08012438	4.13582182	4.16672707	4.16483736	4.15386009	4.15377855	4.16744566	4.18058634	4.19108677	4.18722486	4.18854570	4.20514441	4.23766279	4.25490332	4.23214865	4.15807533	4.04873848	3.94757271	3.89634705	3.88614321	3.87730861	3.84218359	3.76510382	3.65273666	3.55467701	3.47994089	3.43068600	3.40221381	3.35315681	3.31625342	3.28252840	3.23533535	3.15035415	3.04814363	2.95602918	2.85496759	2.76337624	2.73713136	2.74510765	2.76340985	2.78901267	2.81326270	2.82187748	2.86605501	2.95011210	3.05298471	3.17454433	3.33559680	3.48604202	3.59159946	3.69709206	3.79872489	3.84408760	3.69456482	3.54708385	3.41349363	3.30083632	3.21134996	3.06139207	2.98242450	2.94478607	2.92630196	2.91228580	2.93464851	2.97826409	3.03939342	3.14295387	3.34251881	3.90977526	4.41089869	4.40951061	3.91380072	3.37652278	2.77022076	2.13957858	1.94100201	2.12448978	2.13363409	2.21499395	2.35902858	2.54336691	2.72539353	2.84224916	2.98291683	3.05809736	3.09868574	3.13684464	3.20600367	3.26388764	3.28559709	3.26060247	3.19458818	3.10945630	3.08104706	3.07037377	3.05169725	3.02318621	3.00691628	3.03102398	3.05535364	3.03092360	2.96275234	2.90985656	2.89213443	2.87915754	2.87536812	2.88160038	2.89508414	2.92122245	2.92991066	2.91796684	2.89548683	2.88584280	2.86372876	2.84739161	2.83559561	2.82369924	2.80365324	2.80252051	2.81775284	2.82024074	2.80598831	2.79611254	2.78911805	2.78856564	2.79257011	2.80053878	2.81316876	2.83390379	2.85754991	2.89833045	2.96140885	3.04288721	3.11854720	3.15492845	3.15992451	3.14003897	3.10038376	3.05028510	3.02901697	3.01552081	2.99905539	2.97919416	2.95292401	2.96055222	2.99923348	3.04910779	3.07330394	3.05583787	3.06788540	3.11334777	3.17614865	3.22023177	3.23371983	3.24542785	3.24122930	3.21749830	3.18111062	3.17414570	3.20111132	3.24716306	3.30096054	3.35466695	3.42446637	3.47637105	3.49717593	3.47924256	3.42049956	3.37960148	3.33877373	3.30681491	3.29095221	3.29684353	3.27986503	3.23438668	3.17303038	3.11046171	3.06339025	3.03954840	3.05168557	3.07602215	3.10171914	3.13087702	3.16053462	3.30918002	3.68587065	4.46227980	5.87269688	8.00070095	9.44620514	6.85700989	1.95651412	1.54372203	1.27460849	1.10089576	1.02703166	1.01317370	0.975189745	0.944973826	0.970413566	0.999153495	1.02229130	1.07437718	1.17120647	1.28613698	1.43105125	1.60532939	1.79584920	2.01338124	2.21084929	2.37803531	2.51250577	2.61960959	2.73772049	2.84173250	2.90204239	2.92711115	2.96346402	3.04845881	3.13827443	3.24239016	3.35756755	3.46784782	3.51046038	3.50127244	3.46888590	3.42850327	3.38192582	3.34661460	3.33760929	3.35705805	3.40852618	3.49699736	3.58082247	3.63895345	3.66643262	3.65486550	3.59242058	3.52425122	3.46888256	3.44400430	3.44488907	3.44439101	3.45418501	3.47395635	3.48083806	3.47475553	3.47842765	3.52654386	3.57240009	3.60960603	3.62571692	3.60223293	3.57668567	3.53823781	3.50003290	3.46561909	3.42894816	3.38717818	3.35607004	3.32740736	3.30507898
-46.0000000	3.38418794	3.34459567	3.31184483	3.26723814	3.20700645	3.14230752	3.10009265	3.08766198	3.08758330	3.08135462	3.04940319	2.99030304	2.92381835	2.86353207	2.81342411	2.76787043	2.71297479	2.68891716	2.68405819	2.68825102	2.69284320	2.71174383	2.70043993	2.67618489	2.65209174	2.63713360	2.64049244	2.64476275	2.65790606	2.67644143	2.68544555	2.71302342	2.77288818	2.85652280	2.95311213	3.04954195	3.15368295	3.21699834	3.24734139	3.26388264	3.29710889	3.31528401	3.31319976	3.32535076	3.36929178	3.44563913	3.53205538	3.59584689	3.63605022	3.65208983	3.64377713	3.64052296	3.63365030	3.62520480	3.61680484	3.60964417	3.62791777	3.65074348	3.65322065	3.63136172	3.60209584	3.56391907	3.53797412	3.51315594	3.48891759	3.47526932	3.47590661	3.49434114	3.51335740	3.52124453	3.51179290	3.53552032	3.59853530	3.71686172	3.87764788	4.03916740	4.15242672	4.22370720	4.26522732	4.28425694	4.28311729	4.27693796	4.25927687	4.22521830	4.18018532	4.13993645	4.12871456	4.12285662	4.11176872	4.09152031	4.06484222	4.03339148	4.00206280	3.96346521	3.91859531	3.87683702	3.90355587	3.94701409	3.99529219	4.04052496	4.07890177	4.08439636	4.08869028	4.10157871	4.12354088	4.14574289	4.17884779	4.19416428	4.20685005	4.22758532	4.26257706	4.30704069	4.31928730	4.28715324	4.21480179	4.12271976	4.05263662	4.02445602	4.01673126	4.00478315	3.96069670	3.90258455	3.82458639	3.74605727	3.67946291	3.63038039	3.58301377	3.54277349	3.50465512	3.46057391	3.39936280	3.31106424	3.18704891	3.04236174	2.89955783	2.78870010	2.75689268	2.76158834	2.79395866	2.83405638	2.85081339	2.87512994	2.91450548	2.97404075	3.05493641	3.15449357	3.30277061	3.43200111	3.52943015	3.57107067	3.52170277	3.43137431	3.32522202	3.20559788	3.08592844	2.99071765	2.90314627	2.84642172	2.82142615	2.82040596	2.82697392	2.82157063	2.80849886	2.81152892	2.88402438	3.10893941	3.71551394	3.87661409	3.32747817	2.46267867	2.33612013	1.98375213	1.88993704	1.96420002	2.07329965	2.04122925	2.10418344	2.21149731	2.35414338	2.52044535	2.69607568	2.83329940	2.91218615	2.94687104	2.96491289	3.00729418	3.04212976	3.06889653	3.07611966	3.05609512	3.00489163	2.98392296	2.98993540	2.99452424	2.98813486	2.98005652	3.02317095	3.07667398	3.08986092	3.05102491	2.98745918	2.93108225	2.87977529	2.83211470	2.79555416	2.78642154	2.83411956	2.87116718	2.89240789	2.89764285	2.89162922	2.87449861	2.86640763	2.86438727	2.86615229	2.87010098	2.83883667	2.82499409	2.82665205	2.83203363	2.81950688	2.77658677	2.74636126	2.72376585	2.71149874	2.72002101	2.74070382	2.75777197	2.78898931	2.83953619	2.90200996	2.95417905	2.98093748	3.00587058	3.03114057	3.03748775	3.01379228	2.99011827	2.96395326	2.93319726	2.89616323	2.84488583	2.82419801	2.84306908	2.89369845	2.95151258	2.95866776	2.95595980	2.96880007	3.00198793	3.03971148	3.07458305	3.10102081	3.11856389	3.11359692	3.05935049	3.00742960	2.99826837	3.02631974	3.07312083	3.10729408	3.14671087	3.20889306	3.26393127	3.29193664	3.28303838	3.25254560	3.22813773	3.21052480	3.20400763	3.21647906	3.22702026	3.18917775	3.14402795	3.10938334	3.07979631	3.07933474	3.09783149	3.13752890	3.19612265	3.26676202	3.39721727	3.65940809	4.31461334	5.52131796	7.33521175	9.86659050	9.16918945	5.71981478	1.78366876	1.41434860	1.19571209	1.03242993	0.913277805	0.847188413	0.863251686	0.903202057	0.962343097	1.02671337	1.08380318	1.12255526	1.18250000	1.26290083	1.37679136	1.52209532	1.68162847	1.83976281	1.99285662	2.16650820	2.35441232	2.51835823	2.65364432	2.76953578	2.83964753	2.85562539	2.82714581	2.84803748	2.88635182	2.93938208	3.01273370	3.12032127	3.23735976	3.28604674	3.29491472	3.28188014	3.25424218	3.24964952	3.24069142	3.22430706	3.21253920	3.23253131	3.24598384	3.29698730	3.35901046	3.40540004	3.40938425	3.36643171	3.31547308	3.27870131	3.26031804	3.24653292	3.21984601	3.23328304	3.27398920	3.32993937	3.38993597	3.43199253	3.45823336	3.47363448	3.47465372	3.44923568	3.42737031	3.42756581	3.43627810	3.44020557	3.42628551	3.40728188	3.40176558	3.40030837	3.39888787
-47.0000000	3.47178721	3.46239805	3.42572522	3.36933637	3.30934620	3.27041459	3.25558829	3.24834728	3.24310565	3.23614597	3.22561765	3.18564868	3.12089777	3.05468774	2.99598193	2.93938327	2.87327957	2.83473921	2.82861495	2.85042119	2.88633251	2.91250420	2.91859651	2.90741658	2.88467932	2.85901117	2.83520913	2.82179880	2.81723046	2.81917048	2.82450223	2.84072924	2.87159467	2.90309596	2.93907762	3.00123191	3.09684825	3.17344165	3.24015832	3.30177879	3.35871673	3.38737369	3.40273809	3.40442538	3.40119600	3.41095567	3.46064925	3.52991247	3.59639525	3.64954686	3.69061589	3.69910455	3.70645618	3.69732785	3.67734194	3.67308688	3.69455171	3.71817255	3.73959351	3.75068927	3.73956394	3.69957519	3.65055704	3.60048246	3.54856706	3.48526955	3.45284009	3.44288158	3.43581057	3.41646385	3.37409902	3.35121083	3.40272212	3.53341722	3.72421241	3.93215442	4.11569452	4.23944092	4.30501080	4.32966614	4.34631681	4.35272551	4.34383440	4.31486320	4.27257824	4.23529053	4.20984554	4.19895506	4.19088411	4.17369223	4.13523436	4.10216856	4.05880165	3.99666429	3.92694139	3.88047004	3.87619829	3.87397575	3.87650108	3.88484645	3.89845657	3.91343451	3.93404913	3.95807672	3.98245215	4.00327063	4.03842974	4.06963444	4.09214592	4.11438894	4.15795088	4.20378017	4.23216248	4.23531008	4.21058559	4.16050053	4.09867764	4.06176424	4.04567337	4.03458118	4.00092888	3.97369671	3.95176792	3.91838861	3.86861253	3.80930233	3.76855421	3.72783518	3.68007708	3.62635326	3.57588124	3.50780869	3.39738107	3.26649785	3.12919354	2.99163818	2.90302730	2.86505461	2.86482978	2.88218856	2.88969326	2.88659024	2.88775301	2.89205909	2.89945960	2.91098070	2.97042537	3.06914878	3.17341399	3.24170303	3.22471642	3.16756511	3.10411620	3.03143167	2.94767594	2.85211468	2.80569983	2.77165055	2.75858808	2.76836729	2.79607868	2.77839494	2.72000837	2.66177320	2.65927601	2.78283286	3.12472248	2.98170018	2.54546332	2.06915569	1.86736584	1.84258616	1.87442303	1.94089317	2.00722980	2.02588296	2.07548785	2.13272977	2.19385910	2.28166699	2.44548273	2.59792566	2.69787359	2.72801995	2.71195602	2.71416974	2.75282383	2.80150604	2.83131695	2.83455825	2.82473278	2.81528926	2.82365608	2.83711219	2.85279226	2.87769055	2.93508077	3.00069022	3.04517436	3.05667496	3.04082131	2.98571277	2.90974641	2.83163762	2.76751804	2.73093414	2.76154304	2.79805899	2.83087468	2.84807515	2.83543706	2.80181003	2.79178238	2.79904675	2.81722689	2.83987975	2.82486653	2.80427217	2.80340552	2.82210803	2.83475709	2.81071424	2.77469254	2.72745538	2.68451047	2.67611051	2.69072700	2.71372914	2.74381113	2.77289367	2.78612351	2.78810096	2.78609443	2.79565263	2.82628870	2.88148189	2.92092991	2.93794107	2.93432689	2.91794562	2.90270066	2.87924528	2.84912634	2.83312988	2.83865166	2.85969687	2.88017321	2.88259196	2.89461446	2.92006159	2.93891168	2.95056653	2.97354746	3.00734901	3.03300762	3.01309991	2.96489716	2.92045188	2.90653610	2.92655849	2.96056271	2.98175740	3.00685883	3.04102921	3.08115387	3.11584258	3.12313199	3.11857486	3.10889173	3.10673761	3.13070226	3.14948320	3.12977219	3.09630179	3.06429219	3.03945327	3.04844499	3.10453153	3.17949772	3.26776099	3.38637400	3.60792065	3.99553967	4.87997532	6.33437252	8.17427921	10.9672680	8.98172188	5.11498785	1.89328349	1.47170877	1.21631372	1.04196095	0.921040297	0.844662726	0.822661221	0.860565662	0.916704416	0.997455597	1.08877528	1.15619791	1.22742057	1.30116177	1.38898492	1.49742901	1.62800837	1.74474382	1.84396231	1.95733345	2.10683703	2.30476356	2.49782848	2.63940430	2.74651241	2.82256603	2.85737014	2.85116577	2.84503341	2.84415412	2.85169482	2.86880708	2.95140553	3.01317334	3.04216671	3.04992414	3.07146573	3.08432603	3.09008813	3.09562540	3.10294724	3.10919523	3.07358861	3.07191610	3.11341095	3.18406296	3.24662066	3.26923561	3.27334452	3.25927949	3.23279738	3.20507765	3.19063067	3.18444562	3.19863343	3.23274422	3.27376342	3.31431484	3.33835888	3.36378002	3.39233851	3.40967107	3.40871215	3.41973019	3.43686032	3.45007873	3.44519997	3.45877409	3.45771337	3.45247865	3.44908118
-48.0000000	3.54524970	3.55842853	3.55339193	3.52356958	3.47342181	3.41843700	3.37448430	3.33520842	3.31263733	3.31494880	3.34646845	3.36762238	3.34932446	3.31028128	3.26184130	3.20799351	3.14859366	3.09296584	3.05777788	3.04989362	3.06637335	3.08361864	3.10632896	3.11829329	3.11097193	3.08349562	3.07049942	3.06483865	3.06078410	3.05565691	3.04983044	3.04459405	3.06227684	3.07854319	3.08598280	3.09411621	3.13602781	3.18003702	3.24031711	3.31427407	3.38254333	3.46762037	3.53181767	3.56459689	3.56910992	3.56219602	3.57242393	3.60590434	3.64465070	3.68316483	3.72843242	3.73818517	3.73291707	3.71932340	3.70575476	3.70221758	3.71856713	3.73310256	3.75326681	3.77575183	3.78649664	3.77828622	3.76516628	3.74221015	3.70773745	3.66331220	3.62876630	3.63964844	3.66505694	3.65007782	3.51578069	3.33341050	3.33195639	3.48274708	3.72151303	3.94838643	4.11560583	4.22501469	4.27934361	4.29675388	4.31083584	4.31855583	4.31568384	4.29809618	4.27056456	4.24675655	4.22730160	4.21646595	4.21192169	4.20638657	4.18762159	4.15884590	4.11918545	4.06189585	3.99562621	3.94442058	3.89840102	3.85037684	3.82156944	3.81355977	3.80828929	3.82089329	3.82139349	3.81890321	3.81814623	3.81945872	3.85542345	3.88987470	3.90666795	3.91709447	3.95988345	4.02196312	4.06290531	4.07846308	4.07087851	4.04889059	4.03040648	4.02249336	4.03117323	4.03903627	4.00523806	3.95911288	3.92933130	3.92421722	3.93290138	3.92532110	3.90045094	3.86198306	3.81134129	3.75178742	3.68841863	3.63401365	3.56795812	3.48558569	3.38632298	3.27369094	3.15345645	3.07411122	3.03214383	3.01529193	3.00254202	2.96365166	2.90956855	2.85595798	2.80795741	2.76017833	2.74336934	2.77025127	2.83489251	2.90497446	2.92179060	2.89718676	2.87323380	2.84830832	2.81630945	2.76665759	2.74182868	2.74527264	2.76130199	2.78030634	2.79875445	2.77404761	2.70160794	2.61772132	2.55630565	2.54891348	2.54464769	2.42303610	2.26383638	2.11875677	2.01145840	1.97010362	1.90700257	1.89189827	1.94024050	2.01318336	2.05802679	2.10233140	2.12511277	2.14501786	2.22032428	2.36531425	2.47350144	2.50489259	2.47357011	2.44769168	2.48430967	2.55838609	2.62427211	2.66215253	2.67804480	2.66016722	2.63941050	2.63341832	2.64613938	2.66782498	2.71192622	2.76802492	2.81480742	2.84791851	2.87996173	2.90600753	2.89433837	2.85721111	2.81007338	2.77156568	2.76940775	2.77904773	2.80411315	2.83371377	2.84244132	2.80598235	2.77613425	2.76541471	2.77614880	2.80047178	2.80327845	2.78219867	2.76682591	2.76897359	2.78267479	2.77635813	2.76310492	2.73485017	2.69899845	2.67842269	2.68661976	2.69294143	2.70599270	2.72172904	2.72345471	2.72116709	2.71693730	2.71601081	2.72597218	2.75674415	2.81434965	2.86318374	2.89085197	2.89586163	2.88762283	2.88942981	2.89142203	2.88654280	2.88227558	2.90064216	2.91719842	2.91677046	2.91816664	2.92590451	2.93020844	2.91465235	2.90653157	2.92179346	2.95412922	2.97497940	2.94969130	2.90498185	2.87086606	2.85924196	2.86388731	2.90436959	2.91621780	2.91977048	2.93506074	2.98181510	3.01989245	3.03311062	3.02503943	3.01102543	3.01818967	3.04623127	3.05777025	3.05531430	3.03842783	3.00373411	3.00831795	3.05788541	3.14847255	3.27627397	3.43764448	3.72576308	4.25651550	5.39592361	7.11927319	9.01111794	11.9653139	9.58721828	5.34483337	1.99176908	1.56724632	1.26979494	1.05323553	0.920648992	0.856426239	0.826267719	0.870052516	0.928700507	1.00233710	1.08720684	1.17567301	1.27551067	1.36457419	1.44926548	1.53291798	1.61579740	1.68995392	1.75432777	1.82940435	1.93308842	2.08070469	2.29477930	2.49125147	2.64640045	2.75280213	2.81932950	2.83396649	2.83762383	2.83069730	2.81507277	2.79412603	2.81251621	2.85577440	2.88922524	2.90552878	2.92467690	2.93805623	2.95550656	2.97713804	2.99885082	3.01233530	2.99257874	2.96987057	2.97517872	3.01597881	3.07625771	3.13550591	3.17966795	3.20173001	3.20306468	3.19343472	3.19153619	3.18964362	3.19017100	3.19708419	3.21589637	3.27469945	3.31288314	3.33770299	3.36426568	3.41552806	3.45144415	3.47274351	3.48904514	3.50006127	3.49560142	3.50103974	3.50567389	3.51841211	3.53424549
-49.0000000	3.63359046	3.65899205	3.67021370	3.66720414	3.65399384	3.63869476	3.59884262	3.53776002	3.48396564	3.45410204	3.45293617	3.49498153	3.53087568	3.54713750	3.54082108	3.51951599	3.49827266	3.47602725	3.44766879	3.41737938	3.39863610	3.39495397	3.39697266	3.39856148	3.39161015	3.36603045	3.36168265	3.35529208	3.35449338	3.35927129	3.36195827	3.35294485	3.35103130	3.35183692	3.35043478	3.34135580	3.33027434	3.32198501	3.33193207	3.36671638	3.42409348	3.49404430	3.56035876	3.61440730	3.65718865	3.69932890	3.71050262	3.72665429	3.75179100	3.78947067	3.84279990	3.87846971	3.89481091	3.88624358	3.86052394	3.83874607	3.83484626	3.82686162	3.82222676	3.81559396	3.78883505	3.79419160	3.79071212	3.79108357	3.80226111	3.82546544	3.87593055	4.02518272	4.17415237	4.16922092	3.80222321	3.36118031	3.27284360	3.44189954	3.73271513	3.96933699	4.12188482	4.21684313	4.25329733	4.25257301	4.25823736	4.27159262	4.25932741	4.23899746	4.21986055	4.20287704	4.18910646	4.18385506	4.18554735	4.18758726	4.17836094	4.16136503	4.15271473	4.13162851	4.09380722	4.05143356	3.97597075	3.90336943	3.85848832	3.83933878	3.81708384	3.80421162	3.79702544	3.79722667	3.80385280	3.81327868	3.82813048	3.82969737	3.80978203	3.77675343	3.75554752	3.79179406	3.82669783	3.85878110	3.88898778	3.92068696	3.95108223	3.96616411	3.97783780	3.98957992	3.99643779	3.95444226	3.89833045	3.86560988	3.87390018	3.92093444	3.93451595	3.91312003	3.87682962	3.83318758	3.77719855	3.71298528	3.66897392	3.62350416	3.56685257	3.50123191	3.38587141	3.29917502	3.24563384	3.21473598	3.18096328	3.12456083	3.04200625	2.95105433	2.86434889	2.78942227	2.72443557	2.68235087	2.67610145	2.69669557	2.71321869	2.70553946	2.69426131	2.67578316	2.65412188	2.64090848	2.65620112	2.69183016	2.73761106	2.78354144	2.81980014	2.80512905	2.74266887	2.64835262	2.54477835	2.46120667	2.46109486	2.40483189	2.30622315	2.18937588	2.08869982	2.01357627	1.94460988	1.90909779	1.92101967	1.98103821	2.02210736	2.07651138	2.10712123	2.10830522	2.10592961	2.19439435	2.27601004	2.31450415	2.30493140	2.27367425	2.28582335	2.33686781	2.39968538	2.46595192	2.54614234	2.56480336	2.54351282	2.51935315	2.51065636	2.51700425	2.54559946	2.59581017	2.63412523	2.65340996	2.67290401	2.72717381	2.75859880	2.77719784	2.78580546	2.78007078	2.77138996	2.76933813	2.78302073	2.81097984	2.84119105	2.82847691	2.80346012	2.77810812	2.76923728	2.79851198	2.80951977	2.79543471	2.76832294	2.74246573	2.73436069	2.73116255	2.71866941	2.69511890	2.66823149	2.65521169	2.67911649	2.69559979	2.70006919	2.69623899	2.69613242	2.70622611	2.72088647	2.73747301	2.75397587	2.76901555	2.78843594	2.82892990	2.86863804	2.89187908	2.88914943	2.89067793	2.89185429	2.89316726	2.90396976	2.94247580	2.97483850	2.98920918	2.99113822	2.98967123	2.99734616	2.98241448	2.95792222	2.94756532	2.95529342	2.96530700	2.95086765	2.92003727	2.88808322	2.86037636	2.83238864	2.84801841	2.86501312	2.86709094	2.86401272	2.89158297	2.94111133	2.96423697	2.95859218	2.93637061	2.92433023	2.94753361	2.97787499	2.99924827	3.00160241	2.98093939	2.99105406	3.02139330	3.09044313	3.21881986	3.42926764	3.74894214	4.36829758	5.65215826	7.57582664	9.72508240	13.0926790	9.31970024	4.51565742	1.81725168	1.38837492	1.15370762	0.955374777	0.849533856	0.834718347	0.851838410	0.915103972	0.992662072	1.07465696	1.15621805	1.23745990	1.33788288	1.42530847	1.50501406	1.57812655	1.64162099	1.70929837	1.77318347	1.83594656	1.90376961	1.98634541	2.14829159	2.33480787	2.51351714	2.65361547	2.72587061	2.75999999	2.77994132	2.79673672	2.81486559	2.83224201	2.85575962	2.88503551	2.91338515	2.92909288	2.91541195	2.90567017	2.91022062	2.92000628	2.93662572	2.97232938	2.97744727	2.97302818	2.98046899	3.00777721	3.04957461	3.08213854	3.09872842	3.11267757	3.12869287	3.14285660	3.14415026	3.15109968	3.16696882	3.19562483	3.24153948	3.31643176	3.37171745	3.40787101	3.43182325	3.45696330	3.48925686	3.49690294	3.50271845	3.51473784	3.52621198	3.52365971	3.52601457	3.54816771	3.57840347
-50.0000000	3.69855380	3.72821879	3.75434923	3.78238130	3.81109381	3.83260775	3.84509802	3.81883740	3.77601337	3.73303533	3.70053053	3.69038916	3.70189691	3.71867681	3.73477101	3.75463867	3.77719140	3.80269027	3.82262874	3.83627176	3.85065556	3.85581160	3.84849644	3.82676530	3.79579353	3.76787615	3.74388099	3.72239828	3.71534157	3.72114182	3.72474980	3.72848606	3.72294760	3.71378088	3.70935106	3.72074127	3.71077752	3.67830133	3.64160299	3.61708879	3.61928034	3.65379333	3.69497824	3.73800707	3.78105640	3.82530665	3.85961580	3.89270878	3.92017365	3.94545221	3.97983718	4.03524399	4.08125973	4.11715889	4.13962841	4.14276409	4.12037516	4.09148026	4.06179094	4.03147507	3.99515224	3.99555111	3.98724055	3.98487997	3.99533296	4.01766062	4.11419058	4.33989429	4.53649092	4.51591921	4.06033897	3.55544686	3.44097304	3.59233952	3.85216331	4.03025532	4.17546129	4.25857878	4.28366280	4.27429485	4.27358580	4.29053020	4.28169918	4.25678301	4.22730446	4.20662546	4.19372988	4.19328308	4.19395638	4.18794250	4.17095661	4.16647768	4.18023729	4.19356871	4.19329596	4.17173243	4.10445070	4.02926302	3.96703935	3.92461658	3.89479327	3.88619900	3.89623189	3.92003632	3.95588827	4.00519609	4.01792145	4.00667715	3.96675253	3.90139771	3.82181907	3.75502610	3.72994518	3.73042130	3.75583839	3.82111812	3.89671040	3.93667841	3.94215512	3.93155193	3.94055724	3.94095683	3.92240906	3.89692187	3.88014364	3.89136195	3.92524219	3.93251348	3.92015028	3.89349318	3.85624743	3.79510117	3.73758316	3.67959809	3.62179685	3.56957579	3.50180650	3.43873715	3.39787388	3.37726450	3.35549593	3.30657101	3.23091912	3.14700150	3.06441212	2.98387766	2.89489388	2.80712914	2.74096489	2.70322847	2.68719101	2.66425657	2.64648843	2.62017417	2.58666778	2.56238937	2.57862616	2.61341000	2.66945791	2.74136353	2.81559277	2.85331511	2.83359718	2.75888467	2.64555264	2.52390409	2.46282601	2.37984324	2.28175306	2.18336916	2.10752058	2.07002568	2.02779460	1.99458814	1.98104227	1.99466968	2.02025056	2.06839108	2.10863614	2.11964107	2.08917212	2.11961031	2.18361545	2.24039721	2.26374698	2.24203753	2.21948004	2.21936369	2.23437834	2.27321887	2.36058998	2.41130376	2.42895532	2.43636870	2.44531631	2.45651555	2.47976995	2.53728175	2.57230902	2.56701589	2.54247355	2.55111599	2.57568741	2.61476874	2.65779042	2.68503332	2.70214987	2.72004199	2.74627662	2.77878451	2.80585957	2.80921078	2.80761528	2.78797626	2.76454449	2.77891922	2.79323292	2.78797150	2.77253675	2.75347948	2.73449731	2.73826861	2.72033405	2.67714047	2.62576127	2.60389709	2.62888098	2.65507960	2.67109084	2.67512655	2.67501283	2.68778968	2.70422149	2.72754931	2.75814533	2.79351473	2.80163884	2.80694890	2.83345652	2.87686324	2.90456009	2.91407728	2.90750337	2.90541601	2.91898561	2.94997740	2.98553681	3.00213075	3.01556849	3.03467393	3.06128573	3.07132149	3.05925155	3.04628754	3.03875613	3.02809596	3.01829672	2.99966383	2.97392297	2.94164348	2.90223598	2.88471937	2.88756776	2.88675380	2.87760234	2.87478781	2.90597892	2.92036891	2.91371083	2.89057374	2.86434507	2.86294794	2.89397383	2.92128468	2.92798305	2.91641212	2.93712616	2.96678329	3.01820540	3.11886573	3.31089115	3.63536572	4.24643898	5.52217531	7.52806282	10.0170174	11.9839039	7.69420862	3.36367321	1.51676035	0.986651540	0.901711404	0.830949247	0.819744289	0.867130280	0.925795496	0.999741137	1.10026479	1.21435404	1.32961941	1.43429410	1.48677218	1.53011274	1.58187771	1.65212250	1.74339724	1.82707322	1.90200496	1.96448803	2.02147388	2.09057045	2.17232418	2.28892112	2.43090367	2.57465100	2.68237519	2.73482633	2.78243303	2.83256936	2.88538599	2.93380666	2.98245835	3.01697135	3.03263688	3.02832508	3.00648594	3.00687361	3.01076889	3.02208400	3.04405451	3.07923865	3.11007810	3.12364197	3.13138795	3.13877916	3.14528394	3.16637135	3.16509938	3.16120982	3.16650653	3.18485165	3.22352505	3.24383163	3.26559258	3.29686832	3.33395696	3.38215280	3.43986487	3.50097179	3.56105423	3.61739469	3.65180206	3.65356493	3.64627957	3.64133406	3.63790703	3.63562036	3.63461995	3.64313912	3.65634727
-51.0000000	3.88164234	3.90736055	3.93616247	3.96561289	3.99215746	4.01112223	4.04828596	4.05564785	4.05886555	4.07031965	4.08911324	4.07414484	4.04948568	4.02776337	4.01710558	4.02113914	4.05326557	4.08634043	4.11820698	4.15071535	4.18971252	4.20858908	4.22932196	4.23268318	4.21854258	4.20586205	4.18008995	4.16032076	4.15453577	4.16161966	4.17135811	4.18871212	4.18875074	4.16403341	4.12766933	4.11331606	4.11008596	4.10724211	4.07650805	4.02341843	3.98731613	3.99066496	4.00020838	4.01802254	4.04493427	4.08051920	4.11029148	4.14991665	4.18438911	4.20667696	4.21772385	4.23866844	4.27985764	4.33225441	4.38730478	4.43693876	4.47504997	4.48283482	4.45939398	4.41311598	4.36167288	4.34873533	4.33226633	4.32962704	4.34273911	4.35808039	4.41096830	4.52211809	4.61493397	4.60434818	4.39682817	4.12889147	4.05681086	4.11425161	4.21798468	4.26788902	4.30234337	4.31562090	4.32007122	4.32661295	4.34473562	4.36671400	4.37849951	4.37476158	4.36297703	4.36342764	4.36530685	4.37473679	4.37342262	4.34898663	4.29496574	4.25772095	4.25473022	4.27968979	4.31299591	4.32174397	4.27859735	4.22288609	4.17589998	4.14655161	4.13137531	4.13461447	4.14685774	4.15328693	4.17002344	4.24412537	4.32579660	4.33431339	4.29287004	4.22122765	4.13571453	4.03971910	3.96718979	3.90576434	3.85480881	3.82541871	3.83685160	3.87364745	3.90702057	3.92656207	3.94024110	3.98155928	3.98272777	3.95399928	3.91944194	3.91693974	3.95466995	3.99814153	3.99912500	3.95565581	3.91203403	3.85806179	3.79896712	3.73277569	3.66085267	3.58790207	3.51997685	3.47262716	3.44524145	3.43453932	3.43457437	3.40819144	3.37649322	3.34049916	3.29745412	3.24082923	3.16641426	3.05374312	2.94232774	2.85315847	2.78870630	2.73845339	2.70501351	2.67996383	2.65151405	2.60450673	2.56612825	2.55543447	2.58325267	2.64527988	2.72208309	2.80513787	2.85363340	2.84498310	2.77713656	2.66857910	2.56511664	2.45198655	2.34561253	2.25386190	2.17604351	2.15395904	2.12985277	2.10441446	2.08279109	2.07458830	2.08678031	2.10700297	2.13560748	2.15469122	2.12809944	2.12170482	2.15076113	2.20220470	2.24805880	2.24543262	2.19948816	2.17236042	2.15938735	2.16502023	2.20282459	2.24793625	2.28847408	2.32244682	2.35264969	2.38666582	2.41746593	2.47993207	2.53432131	2.55621243	2.53650689	2.50356483	2.49122596	2.49967527	2.52766657	2.57252455	2.63018155	2.67170596	2.71294928	2.75891781	2.80377412	2.83135104	2.84461856	2.84271169	2.83014965	2.81683707	2.82142043	2.80963993	2.79919076	2.79710174	2.79973364	2.79966450	2.79012012	2.75266242	2.68996739	2.62582922	2.60888433	2.61105013	2.62037802	2.63481498	2.66219997	2.68073750	2.69703031	2.70738912	2.71757770	2.74281263	2.77753019	2.77623463	2.77994919	2.81092906	2.87266183	2.91574287	2.93708277	2.94565368	2.94847965	2.95063758	2.97170734	2.97930098	2.98940468	3.01414371	3.06178451	3.08734250	3.10555243	3.11559510	3.11484551	3.09887457	3.09327865	3.08995128	3.08135295	3.06088591	3.02289200	3.00442934	2.98583150	2.95976114	2.93080091	2.91545320	2.91669369	2.92261767	2.91757417	2.89826536	2.87374568	2.84959030	2.84753919	2.85185122	2.85359907	2.85066819	2.86526752	2.88970995	2.93209243	3.00989556	3.14998245	3.40214849	3.91913390	5.01788092	6.68014717	8.55250835	8.54216957	5.67136574	2.92255092	1.52445495	0.952087283	0.846169174	0.812337995	0.848022223	0.933894634	1.03387129	1.12767458	1.25984597	1.42818964	1.59914947	1.70780897	1.68548298	1.64023459	1.65814936	1.75769317	1.88971138	1.98163676	2.06764150	2.13714838	2.19079041	2.24041152	2.29290557	2.36735964	2.47301841	2.60761476	2.75737143	2.82537627	2.87415361	2.91970968	2.96899223	3.01989079	3.07596517	3.11989784	3.14700174	3.15949249	3.16649008	3.19870996	3.23499012	3.26991630	3.30131888	3.33027530	3.37179208	3.40300179	3.42029238	3.42260313	3.41142511	3.41003942	3.40654802	3.39742064	3.38623166	3.38366055	3.42504644	3.46936607	3.50428700	3.52580643	3.53824830	3.54714990	3.57120967	3.61884999	3.68630695	3.75762773	3.83000255	3.86881542	3.88095379	3.87525725	3.86252022	3.84024167	3.83031583	3.83200812	3.83890200
-52.0000000	4.08982897	4.15005636	4.19550419	4.23624086	4.27358723	4.30011654	4.31924152	4.33237410	4.35370016	4.38639450	4.42262363	4.44515944	4.44638824	4.43876696	4.42857027	4.41589260	4.41982460	4.42128277	4.42734718	4.43949938	4.45362329	4.47641802	4.51520491	4.54880667	4.56397533	4.55539131	4.54219913	4.54021597	4.55525875	4.58746099	4.63127041	4.67492247	4.69309664	4.66170835	4.59345913	4.53784418	4.50109243	4.48366976	4.46938133	4.45265102	4.43852329	4.42301321	4.40495062	4.39406204	4.39954281	4.43006086	4.45260048	4.46094322	4.46953344	4.48737574	4.51803207	4.54657412	4.58719730	4.63075304	4.67436504	4.72142506	4.78460550	4.82372522	4.84873676	4.85938120	4.84518623	4.80102921	4.74505615	4.70218801	4.68292475	4.68334532	4.71563435	4.74187660	4.76273251	4.76983738	4.74580288	4.69361925	4.67075157	4.65586758	4.63684893	4.61079073	4.57094479	4.54305887	4.52423096	4.50765991	4.48264551	4.46553946	4.47664642	4.50719547	4.54537630	4.57633352	4.60803318	4.64860344	4.67374611	4.66711044	4.62028885	4.58036613	4.54584599	4.53286743	4.54201412	4.55831575	4.55193520	4.52968740	4.50306845	4.48164511	4.47306061	4.48597956	4.51162148	4.52443409	4.52653408	4.54770803	4.66323900	4.67523479	4.62651587	4.54770660	4.45723724	4.41056967	4.35405445	4.27758074	4.17911196	4.06468344	3.97328687	3.92754745	3.92219996	3.94150114	3.95923018	4.04333067	4.05341482	4.01818943	3.97471213	3.96839142	4.02868652	4.06328583	4.04654598	3.98795033	3.93210769	3.88507748	3.81601167	3.73940635	3.66986847	3.62210989	3.55821776	3.49090672	3.43906260	3.40718532	3.38539219	3.37561703	3.37741256	3.39047694	3.41055751	3.42945170	3.41414523	3.33531237	3.22785854	3.11210370	2.99378324	2.90557551	2.84491158	2.80716252	2.77763867	2.73158789	2.65563536	2.58732724	2.55712819	2.57238865	2.61734557	2.69692397	2.77551937	2.82231236	2.82338691	2.78173184	2.68322706	2.56117034	2.44641137	2.35432172	2.28479362	2.25752997	2.23928928	2.22208214	2.19854331	2.16193104	2.14709377	2.15558481	2.17644024	2.19258547	2.18083286	2.16246843	2.16783404	2.18999195	2.21206164	2.20721912	2.17146516	2.15277433	2.14014888	2.13255072	2.13890243	2.15602422	2.19029999	2.22929764	2.26377082	2.28765702	2.32686305	2.39252138	2.46814799	2.52816176	2.53788638	2.50826216	2.48163295	2.46255779	2.46472692	2.51095843	2.57506657	2.63197351	2.68115520	2.73087096	2.79816270	2.85229254	2.89964724	2.93349457	2.95152950	2.95587730	2.95383787	2.92710733	2.90376663	2.89270139	2.88360047	2.87152505	2.86653495	2.85535693	2.82469678	2.76124120	2.72081137	2.69427752	2.67848587	2.67635107	2.69685555	2.71150827	2.71560693	2.71490693	2.71034408	2.69803262	2.72014022	2.73473954	2.74031162	2.75297976	2.80650806	2.87247872	2.92440033	2.97748661	3.02145863	3.02054501	3.01650906	3.01769733	3.01724839	3.02481461	3.06656265	3.10443592	3.13418460	3.15315914	3.15706015	3.13993740	3.11738515	3.10438609	3.09903979	3.09896684	3.10131145	3.10234165	3.09511900	3.07612753	3.04844522	3.02174020	2.99435878	2.98177361	2.97308564	2.96250248	2.94933677	2.91873479	2.88625288	2.85863805	2.83974457	2.83053088	2.85476494	2.87051606	2.89518976	2.95097280	3.06483269	3.24792671	3.62225890	4.37481260	5.43393517	6.46934080	6.75576210	5.28833103	3.43935442	2.03528309	1.35671139	1.00012136	0.874202907	0.903056204	1.01355362	1.13534033	1.25802052	1.41646588	1.61699510	1.80405068	1.86019886	1.75777841	1.71735334	1.78603816	1.94242895	2.09660268	2.20479202	2.28211236	2.33704710	2.37482429	2.39741850	2.43843579	2.49419498	2.58124304	2.70394921	2.85450220	2.96259189	3.03908181	3.09494090	3.14673901	3.21664453	3.24616432	3.25990725	3.27625656	3.30562901	3.35047722	3.41359353	3.48068738	3.52822018	3.55255771	3.56997037	3.60887361	3.66690731	3.73164344	3.78018212	3.77915239	3.77121949	3.74450231	3.71875143	3.69587922	3.65995955	3.63595295	3.66164827	3.68969035	3.70207262	3.71013618	3.71990561	3.74673057	3.78299165	3.82609415	3.87847257	3.95452881	4.01137972	4.04097414	4.04211426	4.02045822	3.99720407	3.98534274	3.99310827	4.01080513
-53.0000000	4.26345015	4.31737804	4.37340021	4.42731619	4.47944212	4.53460932	4.54622841	4.55684710	4.57438231	4.60183764	4.63730335	4.67732525	4.70808935	4.72438240	4.72392893	4.70739031	4.70070982	4.69222784	4.68060541	4.66658783	4.65300131	4.66479778	4.69837379	4.73899221	4.77494192	4.79754162	4.80882978	4.83421516	4.86738873	4.90537930	4.94855213	5.01869678	5.07289505	5.09675312	5.08298635	5.03141546	4.96127892	4.91779566	4.88717222	4.86584616	4.86048651	4.87473488	4.86451197	4.83662415	4.80556107	4.79349470	4.81160545	4.82185030	4.83062220	4.83772898	4.83639669	4.86621094	4.90626812	4.95071173	4.99386787	5.03024006	5.07339382	5.11076689	5.15816259	5.20710564	5.22484207	5.21214294	5.17024231	5.10916138	5.04729843	5.01143408	4.99677086	5.00377703	5.02046204	5.03736925	5.04756832	5.05634117	5.04802132	5.02059793	4.98630857	4.97164106	4.94705009	4.94008160	4.93487644	4.91210222	4.84895325	4.77871132	4.72355080	4.70728111	4.72469425	4.74156666	4.81395102	4.88497019	4.94376230	4.98597193	5.01375294	4.99055004	4.95797777	4.92697001	4.90573406	4.89975548	4.90233755	4.89773560	4.89313507	4.88367844	4.85246229	4.82228804	4.83060122	4.84599495	4.85945129	4.88434505	4.93666697	4.91086340	4.86241150	4.81080437	4.73955536	4.70881224	4.66228437	4.58987284	4.48926067	4.36591578	4.29473448	4.19516850	4.11487579	4.07663393	4.07833576	4.16014671	4.18735647	4.16905642	4.13512135	4.13620806	4.15363455	4.13368607	4.07864618	4.00228357	3.92984867	3.89104486	3.83205700	3.74471283	3.63992119	3.54767156	3.51326942	3.48902273	3.46271729	3.41838455	3.33630204	3.30607486	3.30350280	3.31731939	3.33532739	3.34439635	3.39168906	3.42273211	3.41006827	3.34702444	3.24771190	3.13360047	3.03575969	2.97583652	2.94838619	2.92087531	2.83684826	2.75038528	2.67116570	2.61426902	2.60017300	2.64074087	2.69987249	2.75296950	2.79088712	2.81993508	2.78736830	2.71202803	2.61567831	2.51921201	2.44264936	2.39562154	2.36561680	2.34798336	2.33080459	2.29489946	2.24809504	2.23164392	2.24190116	2.26109028	2.25730133	2.23893595	2.23424363	2.23113680	2.22473693	2.21737456	2.21451616	2.19904351	2.18063927	2.16245842	2.14112735	2.12556100	2.14166880	2.17494440	2.21385694	2.24985123	2.29386950	2.35027051	2.41656232	2.47900510	2.51260948	2.50514007	2.48449278	2.45717764	2.44201255	2.47012281	2.51724935	2.57047272	2.62114477	2.67225432	2.73842812	2.80435705	2.87377024	2.94161987	2.99938202	3.03505588	3.02277780	2.99527645	2.98003745	2.97702432	2.95867467	2.93283296	2.94212198	2.96280456	2.97496271	2.96249866	2.93991256	2.90184617	2.85805941	2.82181716	2.80988622	2.81344247	2.79612756	2.77803993	2.76602674	2.75368261	2.75650907	2.76558590	2.76368809	2.75426674	2.76145124	2.82145715	2.90332770	3.00104618	3.08995366	3.12674594	3.14266944	3.14138722	3.12712359	3.11046195	3.10834193	3.13771939	3.16514325	3.18579292	3.19653106	3.19590092	3.17087102	3.15571976	3.14526224	3.14107966	3.15152264	3.17524052	3.18673253	3.19490051	3.19472265	3.16725183	3.11798048	3.08280873	3.05574012	3.03084207	3.00225067	2.98992729	2.96988034	2.93960309	2.90387416	2.87475848	2.88993311	2.90547276	2.92469263	2.95960259	3.03090906	3.16196966	3.41432238	3.89220142	4.60702515	5.47739792	6.35976839	6.14404392	4.98766661	3.44174385	2.45105386	1.77529919	1.29762852	1.08745980	1.10762298	1.21435976	1.37547469	1.54547262	1.73021340	1.89463043	1.96273005	1.92232931	1.95213854	2.04602432	2.17643094	2.29438162	2.39503264	2.47319984	2.52439570	2.55370116	2.57576394	2.61739540	2.66292524	2.72617030	2.82466507	2.97966433	3.10347891	3.19010520	3.25915337	3.32093477	3.37646127	3.51944232	3.58390641	3.57303166	3.52610135	3.51850343	3.53843451	3.58845663	3.64688754	3.69912958	3.73767352	3.78808403	3.85024309	3.93815613	4.04328346	4.13454103	4.13253880	4.09671688	4.05772209	4.02554131	3.98949504	3.95010948	3.92763209	3.91943836	3.92079759	3.92487144	3.93694735	3.95713449	3.97851396	4.00320768	4.04237795	4.08986473	4.12925339	4.15560102	4.16971111	4.17813492	4.17818546	4.17879725	4.18802547	4.20126867
-54.0000000	4.41258335	4.43174219	4.45134640	4.47953415	4.51512671	4.54763031	4.55736446	4.57238483	4.59758949	4.62970495	4.65729189	4.69711304	4.72542572	4.75478745	4.78384924	4.79735327	4.79899549	4.80702591	4.80493021	4.79011917	4.77393246	4.76648235	4.76678514	4.78670502	4.82570410	4.87084150	4.91406584	4.94406509	4.97641563	5.01588297	5.05641985	5.11090755	5.18109131	5.25819159	5.32363749	5.34906530	5.33652925	5.32082367	5.29335737	5.25994730	5.24082327	5.25600767	5.25794888	5.23424244	5.19185781	5.15713787	5.15038109	5.16557598	5.18536329	5.19680405	5.19138145	5.19786930	5.20921898	5.22956467	5.25702000	5.28368187	5.32240152	5.34761477	5.35046625	5.34553719	5.37083960	5.40606833	5.42373753	5.42090559	5.39618111	5.34972000	5.31433582	5.29202747	5.28424025	5.28839827	5.29790354	5.33403540	5.33359528	5.30202198	5.25939465	5.24042988	5.21131563	5.19941044	5.18702602	5.16228294	5.11911154	5.04412842	4.98531675	4.94759512	4.93463707	4.94886923	5.00326872	5.06472731	5.11619568	5.15243340	5.18001127	5.21283674	5.20270443	5.18016052	5.15776777	5.13010740	5.11899757	5.11496878	5.11596441	5.11772442	5.11378908	5.08566761	5.05829906	5.04667425	5.05471754	5.07528591	5.09043789	5.05199957	5.00759840	4.97920513	4.96314240	4.93023348	4.87798643	4.81842470	4.74732304	4.64420271	4.57141924	4.50930977	4.43201780	4.34948063	4.30742836	4.37040281	4.41007185	4.41483021	4.40031815	4.40942001	4.42847967	4.37336969	4.27792025	4.16525412	4.04778767	3.96328974	3.91092491	3.85019326	3.76195741	3.64844298	3.55056429	3.50084710	3.50793314	3.53429508	3.49623919	3.40151668	3.32195568	3.27218604	3.23798776	3.17629147	3.14368033	3.20421100	3.29856348	3.36972499	3.36298823	3.25968695	3.15700626	3.08811164	3.05928278	3.04991364	3.00528741	2.92704058	2.82862329	2.73233986	2.66935062	2.68066621	2.73153234	2.78006506	2.81352329	2.84831238	2.87432170	2.87079048	2.83729649	2.77606821	2.69198561	2.62853384	2.57069921	2.51934743	2.47976375	2.46165299	2.42210746	2.37886453	2.35791564	2.35942054	2.35770559	2.35521960	2.34401155	2.31553149	2.27754354	2.25412464	2.26652193	2.27290916	2.27574873	2.26966238	2.24142885	2.19595981	2.18660450	2.20139670	2.22612333	2.24432278	2.28162265	2.33083057	2.39539695	2.47021890	2.54164124	2.56561494	2.55688190	2.54094958	2.53431225	2.54445243	2.56467056	2.57929921	2.59600735	2.62542367	2.68113899	2.72876287	2.76951957	2.82099342	2.89101124	2.97764230	2.99094057	3.00553298	3.02589202	3.05002356	3.06946683	3.05489421	3.05949545	3.07655168	3.09444666	3.09666753	3.09079981	3.06986070	3.02691078	2.97078228	2.92608047	2.91706538	2.90772223	2.89525509	2.88495564	2.89020491	2.90271688	2.90972114	2.89851594	2.86986804	2.83801150	2.84881115	2.90334535	3.00185299	3.11803174	3.19903970	3.23308635	3.23811841	3.22787523	3.21005821	3.18632746	3.19531798	3.21242642	3.22132921	3.22224045	3.23191333	3.24826646	3.25403261	3.24613070	3.23214960	3.23034739	3.24959970	3.27431512	3.29358315	3.29708743	3.27510262	3.23973942	3.21072268	3.18783212	3.16393280	3.12497711	3.09933901	3.09211159	3.07513571	3.04190063	3.00754476	3.00142455	3.00595164	3.01007152	3.01830006	3.05072284	3.12013531	3.25173259	3.51105571	3.94743919	4.59401083	5.52222967	6.22246313	6.25436974	5.52413988	4.28449488	2.99263859	2.02437210	1.43858492	1.22418773	1.30011165	1.50377071	1.70421815	1.88468885	2.03062820	2.12969279	2.16215420	2.19925570	2.26337814	2.34831429	2.41927028	2.48709035	2.54749966	2.60938048	2.67221570	2.72608924	2.79573393	2.86650586	2.93675184	3.01689410	3.12942863	3.24472070	3.30843878	3.35914922	3.41902924	3.49386692	3.72469544	3.80862951	3.74797392	3.62147617	3.58432627	3.62602997	3.70508003	3.78468418	3.83893847	3.85282397	3.89328003	3.94462252	4.00031853	4.06411409	4.15002775	4.21990395	4.23114872	4.21105051	4.18110323	4.15700388	4.16165304	4.17582226	4.18237257	4.17539120	4.16019106	4.14224434	4.13785696	4.14356565	4.16235685	4.20367002	4.23677015	4.26590252	4.28890133	4.30791616	4.32941294	4.35331678	4.36592531	4.38243675	4.40057278
-55.0000000	4.48550510	4.47373247	4.46041870	4.44814062	4.44304466	4.45484543	4.46400928	4.47901201	4.50305367	4.53333616	4.56106234	4.57917881	4.60031796	4.62889910	4.66568565	4.70778990	4.74227667	4.77673721	4.79922295	4.80169725	4.78004265	4.77128649	4.77220058	4.78128290	4.79925728	4.82907057	4.87109995	4.92800665	4.97944355	5.01738977	5.04614973	5.06719589	5.11563683	5.19279337	5.28990221	5.38811541	5.44253397	5.47296667	5.48222399	5.48296547	5.49770117	5.50393534	5.50756264	5.50514793	5.49595308	5.48193598	5.46809483	5.44501925	5.41951466	5.39847755	5.38889790	5.39921284	5.41222811	5.42594719	5.44559240	5.48360920	5.52464819	5.50060511	5.46272898	5.44930410	5.48564816	5.53258610	5.58566380	5.62301826	5.63564873	5.62741470	5.60316420	5.57746315	5.56383801	5.56622314	5.57896090	5.58992672	5.58713770	5.56151295	5.51921654	5.48165703	5.44262838	5.39262009	5.33496904	5.28075790	5.24881744	5.20904446	5.15716839	5.11094809	5.10088491	5.17022562	5.24317265	5.29045868	5.30315971	5.28936958	5.27419853	5.31072283	5.30610466	5.27729940	5.24807215	5.24899673	5.25022650	5.23404551	5.21725035	5.20981693	5.21489620	5.22417974	5.22969770	5.23305702	5.23746300	5.24771595	5.20712900	5.12850046	5.08371019	5.08668852	5.09341669	5.08988810	5.05675602	4.99825239	4.92344093	4.84621429	4.75399494	4.70756531	4.67683983	4.64673424	4.61716080	4.65997314	4.72416925	4.73312950	4.69018745	4.67862988	4.72773600	4.70713806	4.64372110	4.54227781	4.38550806	4.25261688	4.15509510	4.06017160	3.95534945	3.84840560	3.74909377	3.68892217	3.67305517	3.68349981	3.67910528	3.62939334	3.53477693	3.43874717	3.35445523	3.26470804	3.16962838	3.15774488	3.22156882	3.31709051	3.36378121	3.31289577	3.23265505	3.16146922	3.11460829	3.08419943	3.05665278	3.02179217	2.96510696	2.89446926	2.84013653	2.85216427	2.88072634	2.89997029	2.91265869	2.95016599	2.97698402	2.98975706	2.99367690	2.98420024	2.94704819	2.87110257	2.82022882	2.75797129	2.68268991	2.62756085	2.61384177	2.58709502	2.54670548	2.50765729	2.50053549	2.49596596	2.48600554	2.45690441	2.40917683	2.35760379	2.34696269	2.35047865	2.36773658	2.38683724	2.38439894	2.34121466	2.31832767	2.31763792	2.32962537	2.33335042	2.33347774	2.35119867	2.40145922	2.48326111	2.57965994	2.64362454	2.64622784	2.62849903	2.61506510	2.61414647	2.62340379	2.60736680	2.59246254	2.59301853	2.61126018	2.63125849	2.65052414	2.67842007	2.73411894	2.84660363	2.92466092	2.99027419	3.03249121	3.05880809	3.09516883	3.11868358	3.13209271	3.14472651	3.15622187	3.15652323	3.17414927	3.19731259	3.19966841	3.17242455	3.12434363	3.08380604	3.06301808	3.05723119	3.05580950	3.04223347	3.05320621	3.08568430	3.10874701	3.10480475	3.06959701	3.06499887	3.07940817	3.12250805	3.18975997	3.26240587	3.28538561	3.31542468	3.33612394	3.33797908	3.31838226	3.30026484	3.30296373	3.31663227	3.32895327	3.32513762	3.32294798	3.31773353	3.31442118	3.31533957	3.32021785	3.33646846	3.35360479	3.36512876	3.37063432	3.37581086	3.37044287	3.35147524	3.32844734	3.30371737	3.27246475	3.25670195	3.24907112	3.24156284	3.22467065	3.18739176	3.16809177	3.15954733	3.15568542	3.15491891	3.16014767	3.17583156	3.22332692	3.32900715	3.52163863	3.83238101	4.22958899	4.63838625	5.19525623	5.62400055	5.23573971	3.87768006	2.80593920	2.04949617	1.64071071	1.61532068	1.84792006	2.05981445	2.22340846	2.33171773	2.39836884	2.44487023	2.46402931	2.48629928	2.52102709	2.55645823	2.58625698	2.63400269	2.69354868	2.76211762	2.84030080	2.92578864	3.01836753	3.10789847	3.19698858	3.30099368	3.39346647	3.45562625	3.49284363	3.52169442	3.56996059	3.70935106	3.76298451	3.74084926	3.68313408	3.66022897	3.71125555	3.80077839	3.88648057	3.94507360	3.97229671	3.96693110	3.98304915	4.00753832	4.03818417	4.08366680	4.16639233	4.23380041	4.27554798	4.28834963	4.27597570	4.29918718	4.34310198	4.37854910	4.39037943	4.37747192	4.36405849	4.33915710	4.31229401	4.29038382	4.27772570	4.29444742	4.30966377	4.33158398	4.35642195	4.36839533	4.39061975	4.42166996	4.45808935	4.48722458
-56.0000000	4.41150570	4.39207792	4.38323307	4.37865162	4.37788630	4.38636589	4.37703419	4.37690020	4.38084173	4.38624430	4.39300585	4.40819454	4.43345594	4.46396828	4.49935961	4.54370785	4.60018539	4.65335894	4.69640064	4.72308159	4.72776937	4.73472548	4.74846363	4.76938486	4.79223251	4.80609512	4.84537792	4.90501356	4.97580004	5.04746389	5.10866213	5.11952782	5.13769197	5.18091059	5.24894333	5.32354975	5.37444544	5.42399979	5.46273708	5.48698711	5.49888420	5.51305437	5.53084040	5.55269527	5.58271980	5.62866783	5.64406872	5.65553713	5.64241266	5.60227728	5.55095434	5.51700258	5.50886345	5.52004385	5.55058908	5.60708761	5.62835884	5.59171534	5.56517315	5.57554626	5.60844374	5.65035343	5.69481134	5.72178841	5.73522091	5.76300478	5.76066303	5.77826929	5.78215647	5.76233339	5.73248243	5.71091938	5.68475771	5.65616798	5.62292814	5.57842255	5.48483801	5.38645697	5.31486988	5.28294134	5.28480291	5.29322147	5.27168751	5.23271990	5.20939112	5.25532532	5.35188150	5.40859032	5.40378094	5.34632444	5.27563620	5.32186794	5.34077930	5.33770561	5.32041407	5.29910517	5.27700377	5.26331520	5.24640226	5.21931696	5.17979574	5.18741465	5.20812130	5.21823263	5.21265602	5.20488977	5.21635246	5.20993328	5.19847965	5.19290161	5.20218039	5.19609213	5.14969254	5.09256792	5.03854513	4.98569345	4.92652369	4.89607382	4.87213421	4.86129332	4.89893961	4.95783043	4.99314499	4.98851442	4.95481205	4.93015194	4.94289398	4.97883558	4.99093485	4.95552683	4.87232065	4.72092581	4.56829119	4.42262030	4.28089237	4.12886095	4.05496264	3.99624014	3.94872093	3.90508080	3.85463977	3.84361339	3.83920336	3.79481721	3.70176148	3.58924174	3.49112844	3.38184977	3.33685589	3.35917974	3.37943816	3.33204389	3.28425908	3.23464847	3.18737578	3.15220451	3.11747050	3.08953619	3.05310750	3.01826477	3.02046108	3.05847311	3.09201860	3.10591149	3.09993911	3.08886456	3.07842040	3.06426907	3.05051041	3.04007983	3.03474641	3.00688243	2.96228766	2.91966009	2.87849092	2.81906605	2.75519037	2.73755932	2.72035241	2.68286014	2.62948275	2.62790155	2.64514971	2.65474629	2.64002585	2.59414124	2.54391813	2.51394343	2.50360107	2.50855064	2.52072811	2.51445198	2.50095439	2.48283029	2.46725941	2.46600223	2.45611906	2.44719124	2.45998955	2.50475502	2.58120179	2.64345455	2.67763638	2.68004370	2.66742611	2.67698574	2.70333886	2.69647741	2.66670537	2.63268471	2.62143588	2.63253593	2.65231252	2.68823314	2.74564981	2.82779837	2.94522238	3.02938533	3.09624171	3.15272760	3.19675994	3.17429209	3.17526221	3.18373823	3.20160961	3.24858713	3.27894306	3.31072593	3.33975601	3.35985279	3.36283159	3.33142138	3.28401804	3.24089980	3.21742558	3.22403574	3.23159003	3.27866960	3.35037899	3.40759039	3.38693976	3.34141731	3.32617593	3.33855748	3.37232113	3.41764307	3.42120767	3.42622161	3.44266677	3.46608782	3.47759199	3.46842194	3.46231556	3.45116210	3.43528342	3.42343521	3.41356921	3.39992976	3.39186502	3.38987160	3.38559651	3.40383077	3.41069436	3.41913843	3.43461561	3.45508361	3.46354508	3.45465851	3.43210840	3.40278888	3.37680292	3.37490511	3.37202501	3.37444997	3.38184428	3.38724971	3.36998534	3.34758377	3.33291698	3.33093858	3.33868384	3.33078742	3.32998633	3.35757995	3.42678785	3.54274726	3.70935845	3.92558336	4.18076086	4.41607666	4.52456284	4.11262751	3.55623794	3.00805759	2.58789659	2.38271332	2.50990295	2.61765385	2.69159818	2.72580147	2.72276354	2.72579312	2.70618224	2.69213772	2.70015454	2.73501682	2.77256799	2.81070375	2.85707998	2.91732550	2.99504256	3.07380033	3.14944410	3.22975588	3.32139802	3.42991281	3.52308798	3.59328508	3.64277911	3.68556428	3.74735212	3.79266024	3.82877421	3.85509920	3.87292862	3.88544345	3.88771963	3.90734506	3.93649650	3.96322036	3.97143173	3.97502136	3.99350500	4.02217054	4.06023073	4.11082315	4.14582777	4.22475386	4.29674816	4.33583450	4.34091330	4.34680367	4.36009169	4.38707638	4.42776108	4.47585487	4.49059439	4.48601389	4.45300245	4.40035248	4.35475969	4.32931042	4.32854462	4.33720589	4.34276581	4.33542252	4.34800339	4.38060808	4.41179752	4.42912197
-57.0000000	4.34837246	4.32585001	4.33204269	4.34545088	4.35805798	4.37533379	4.38561869	4.37355661	4.35726929	4.34961700	4.35819340	4.37795639	4.38681078	4.39184999	4.40542507	4.44514418	4.51169872	4.56168127	4.59382915	4.61310148	4.63067722	4.65346718	4.66514444	4.68515396	4.71857119	4.75609684	4.84173393	4.91448784	4.98232126	5.04297829	5.08398533	5.14116573	5.18629360	5.22583818	5.25906706	5.27804518	5.30694485	5.34150267	5.37545109	5.40317965	5.41973209	5.42464876	5.43089819	5.45300674	5.49532413	5.55202484	5.63914776	5.70533037	5.73115921	5.71174240	5.65671349	5.59833860	5.57811594	5.58387232	5.61044455	5.65967894	5.66081238	5.63253164	5.60609293	5.60538769	5.64694452	5.69685173	5.74172497	5.76025295	5.75619936	5.75839520	5.77583694	5.78279877	5.77869987	5.75904560	5.71542645	5.65917349	5.60320568	5.54103470	5.47489405	5.41574478	5.32613754	5.22237730	5.13260317	5.08646679	5.11512995	5.17477608	5.20034218	5.20047951	5.19658709	5.22281408	5.30432415	5.36213684	5.36545086	5.32455778	5.29084015	5.32744598	5.34615278	5.32227993	5.26523113	5.21849537	5.19255590	5.16767502	5.13797951	5.10459709	5.07565498	5.06365633	5.05048704	5.03373003	5.02122211	5.03105021	5.05509233	5.08271933	5.11409664	5.14504242	5.16702604	5.15300941	5.14793587	5.14554024	5.13948631	5.12336588	5.10435438	5.09484434	5.08864641	5.08680487	5.09759617	5.07634974	5.08522844	5.10879707	5.12981367	5.12922144	5.14465618	5.18705368	5.21436071	5.21334696	5.19960022	5.11556292	5.02879715	4.90942049	4.75176477	4.57437897	4.44632959	4.36608839	4.31296873	4.26249981	4.18643141	4.14956665	4.12554884	4.09396029	4.04765415	3.99275970	3.90167689	3.77633071	3.65610003	3.56394100	3.50638604	3.47249055	3.41741586	3.36927557	3.33599162	3.30529594	3.24823833	3.20533204	3.19176698	3.19693756	3.18444800	3.21733069	3.24549961	3.25712657	3.24775076	3.22027922	3.18434572	3.15499163	3.11057639	3.05895758	3.03749084	3.07078481	3.07504606	3.05014586	3.00311089	2.94812417	2.90302014	2.86962199	2.85718131	2.85921073	2.85348320	2.81827712	2.81123519	2.82601118	2.85039043	2.86628747	2.81946874	2.76561618	2.72105598	2.69273567	2.67822504	2.66393423	2.66120696	2.65658092	2.64862061	2.64791775	2.63715816	2.63287115	2.63491511	2.64643335	2.67385507	2.71498990	2.74363375	2.76584578	2.78315496	2.79255986	2.80641985	2.80394006	2.79297376	2.77951050	2.76767731	2.82621002	2.90656209	2.98613524	3.05076718	3.09473228	3.13259578	3.18647456	3.22464728	3.24877000	3.29387712	3.31541872	3.32806444	3.32731295	3.31907749	3.31968856	3.37254643	3.42653656	3.46093845	3.47613382	3.49360394	3.49683595	3.48330760	3.47893333	3.49091148	3.50772309	3.50594902	3.53797245	3.56044364	3.57232642	3.61490083	3.59214497	3.57610703	3.57161665	3.57981062	3.59813499	3.59271264	3.58844399	3.58126211	3.58289218	3.62084794	3.66592717	3.68365598	3.68671942	3.67170525	3.61910510	3.56398487	3.51229763	3.48590851	3.48901176	3.50813150	3.53760409	3.54896832	3.55247951	3.55127287	3.54136348	3.53352976	3.53736305	3.53597474	3.52467299	3.51096344	3.46579814	3.45412278	3.47671437	3.51233578	3.51773643	3.53078771	3.52848029	3.52156544	3.51567507	3.51131797	3.49188995	3.48589945	3.48734069	3.49174643	3.49619246	3.52666354	3.60312343	3.72015405	3.84970546	3.94109344	3.90586448	3.74741888	3.52999949	3.30941582	3.13304019	3.03600717	2.98647499	2.95253992	2.91974640	2.89108467	2.87145853	2.84807873	2.81914902	2.80063152	2.82624841	2.89325762	2.95481992	3.00777388	3.05306268	3.09573722	3.16629052	3.25913882	3.36855316	3.48759794	3.60813022	3.69875360	3.76570678	3.81318593	3.84746313	3.87688398	3.91623592	3.95049191	3.97591805	3.99472356	4.01506138	4.00137281	3.97318125	3.95065737	3.94562435	3.96155930	3.96472454	3.97742820	4.00855350	4.05788088	4.11608648	4.16634798	4.21443796	4.26526785	4.31324387	4.34226370	4.33482027	4.32224083	4.31975937	4.33229780	4.35446692	4.39347887	4.43745279	4.45321226	4.43278122	4.39338112	4.38057899	4.36806774	4.36507368	4.37179375	4.37939262	4.36534834	4.35910273	4.36318779	4.37204838
-58.0000000	4.35466433	4.32917404	4.33296299	4.34703445	4.36618757	4.39902115	4.40516949	4.41023064	4.41214275	4.40988064	4.40345621	4.41218472	4.40628815	4.39219713	4.38218689	4.39437485	4.44005775	4.47815037	4.49625874	4.50023937	4.51420021	4.53856707	4.56749058	4.60252666	4.64936829	4.71784973	4.80953074	4.89173412	4.95277214	4.98977852	5.00871468	5.03992987	5.09545279	5.15934849	5.21355677	5.23788786	5.26994658	5.28689957	5.29525805	5.30617046	5.33542252	5.34966230	5.37812233	5.41115713	5.44954634	5.50448895	5.57814503	5.64439821	5.68501806	5.69289684	5.67204714	5.63400841	5.61643982	5.61578417	5.62459803	5.63155890	5.63436937	5.62654495	5.60346699	5.57433271	5.56215286	5.59254742	5.62423229	5.63792181	5.64842415	5.70464849	5.75900650	5.75967693	5.73265314	5.69209242	5.64031935	5.55212831	5.44313002	5.34656954	5.27330589	5.21181679	5.16764116	5.10823774	5.05154181	5.01794195	5.03028488	5.05369663	5.07310343	5.09319973	5.11628532	5.14226294	5.20204258	5.24741983	5.25636005	5.24096537	5.24747467	5.29858303	5.31917000	5.30194092	5.25406456	5.19717312	5.17943573	5.15528917	5.10651922	5.03910112	4.98319864	4.95599318	4.93499756	4.91314745	4.90126085	4.92803812	4.94549274	4.95276260	4.95215082	4.95387411	4.97606564	4.99202108	5.00432825	5.03063440	5.07701540	5.13797998	5.17353535	5.18566513	5.19174767	5.20067358	5.21285152	5.20012474	5.22832251	5.26505661	5.29307175	5.31024790	5.31446457	5.32266998	5.32890797	5.32847786	5.31793308	5.30682659	5.28961086	5.25196838	5.17374754	5.02896547	4.88243818	4.76267910	4.67260599	4.60677338	4.55137157	4.52180243	4.50207090	4.45865297	4.38624811	4.30777788	4.25043058	4.22699213	4.18532801	4.08950901	3.91980886	3.75428605	3.63792872	3.56437826	3.52868795	3.52731991	3.52738023	3.48940539	3.46053076	3.45033550	3.43084526	3.44524646	3.43272758	3.41430449	3.40544963	3.41609216	3.38685226	3.33081961	3.25402331	3.17935014	3.14654303	3.15977597	3.19896674	3.20412278	3.15713215	3.08176255	3.04773521	3.01251507	2.99363327	2.99986053	3.03120494	3.04147053	3.02985954	3.01437116	3.00425053	2.99999213	3.00709677	3.00821710	3.00082231	2.98095369	2.94322205	2.88981938	2.86131787	2.85358238	2.86260128	2.88448739	2.91839385	2.93421197	2.93009877	2.91761494	2.92172694	2.94581509	2.97736263	2.99914098	3.01122427	3.03098869	3.07982349	3.12931585	3.15899730	3.17234278	3.19677353	3.22326303	3.27331233	3.35348105	3.44676685	3.51260376	3.48325300	3.44915390	3.43752170	3.46053720	3.51534390	3.56298494	3.62489486	3.66588116	3.66940355	3.63757491	3.63898897	3.64714432	3.67335916	3.71022058	3.73158264	3.74975657	3.74460435	3.74067950	3.74810171	3.76255941	3.78390861	3.79030704	3.77719426	3.75846004	3.76644397	3.81910634	3.86246753	3.89867878	3.92197418	3.91866851	3.90359187	3.89312816	3.87481117	3.84512281	3.80949044	3.81144214	3.81460309	3.83420205	3.85805225	3.84655476	3.81064057	3.78244376	3.74463797	3.70135641	3.67819118	3.70327353	3.71421576	3.70965195	3.69776511	3.69628644	3.69935846	3.68916607	3.67043996	3.65611362	3.66731906	3.66844344	3.65458536	3.63874698	3.63307786	3.64887619	3.67470503	3.68348432	3.68477559	3.68612885	3.69308352	3.69670033	3.69024467	3.66823268	3.63536406	3.60652542	3.59983373	3.60830879	3.62272906	3.63937187	3.66001296	3.66705370	3.62760139	3.55224776	3.45435119	3.35003781	3.26880503	3.20116925	3.15776753	3.13754368	3.12774515	3.14040732	3.12911034	3.10086465	3.07178497	3.06708860	3.11178184	3.19980097	3.27717328	3.32138014	3.34135604	3.37209749	3.42299271	3.47956634	3.55148602	3.67255926	3.78489971	3.85063577	3.88778734	3.91576314	3.95536160	4.00729656	4.03829622	4.05128813	4.06002760	4.08910179	4.07527447	4.06208897	4.04603624	4.03043127	4.02540731	4.03467655	4.05274057	4.07074594	4.08919954	4.11796904	4.12817049	4.15445232	4.20178080	4.25942516	4.30096149	4.31368017	4.32439089	4.34015751	4.36364508	4.39311886	4.41373825	4.44313431	4.45864201	4.45184422	4.42857027	4.42109966	4.42193317	4.42619514	4.42428064	4.40185738	4.38016605	4.36641312	4.35812807	4.35402966
-59.0000000	4.31827259	4.32658243	4.34500885	4.37715530	4.41835690	4.45568275	4.47202492	4.49170446	4.50974846	4.52088785	4.51955414	4.49530458	4.47173071	4.45054913	4.43061733	4.40793467	4.40921831	4.41605091	4.42379427	4.43202400	4.44452429	4.47477055	4.51305580	4.56708670	4.63100100	4.68536186	4.74835968	4.82148075	4.89308214	4.94904852	4.97278976	4.99705791	5.02079678	5.04946709	5.08221054	5.11184454	5.13180971	5.14266491	5.16318274	5.20109272	5.25308132	5.29059410	5.32921553	5.36663294	5.40453434	5.44860315	5.48235893	5.51336050	5.53808641	5.55084801	5.54378700	5.54996777	5.55082798	5.55226660	5.55818605	5.57049131	5.57673216	5.57932711	5.57180452	5.55403852	5.53225851	5.54928541	5.53858948	5.51509190	5.50166750	5.52914810	5.58577156	5.63006878	5.63916063	5.61215687	5.57014704	5.47502804	5.34561586	5.21965551	5.12004471	5.05483484	5.03877449	5.01060629	4.97890949	4.95549917	4.95542669	4.95469904	4.93697119	4.91430283	4.90210104	4.91912603	4.96740294	5.00308847	5.02954149	5.05733871	5.10427666	5.15090895	5.17930937	5.19772816	5.20560789	5.19358301	5.18201971	5.14431620	5.09164286	5.03457069	4.98307228	4.93016243	4.88945341	4.85378361	4.82634115	4.82066441	4.80254078	4.80762863	4.81217480	4.81789017	4.85195255	4.89820337	4.92164898	4.94609785	4.98860979	5.05949020	5.13463354	5.19479227	5.24110317	5.27304983	5.28846121	5.30108309	5.30816650	5.30590963	5.29802895	5.29575968	5.31144094	5.33468771	5.35335779	5.35951090	5.34940767	5.38518143	5.40703630	5.43014431	5.44747543	5.42980051	5.31859779	5.19591999	5.07141113	4.96531487	4.90847540	4.88292074	4.85490990	4.82035112	4.77428913	4.71090651	4.64491463	4.59721804	4.56527567	4.53581285	4.48482180	4.37339973	4.23314953	4.09776163	3.98672175	3.90531325	3.85797691	3.82897735	3.79770470	3.76268792	3.74159503	3.71546721	3.67986894	3.64045215	3.60367680	3.57681108	3.56129789	3.52432060	3.46997762	3.40909195	3.35921335	3.32980895	3.33687901	3.33610916	3.30457258	3.24073195	3.20064068	3.17584896	3.16615891	3.17250824	3.19697165	3.25003934	3.25682187	3.22903419	3.19061232	3.17771435	3.18515658	3.20218754	3.21747231	3.21532512	3.17570806	3.13524795	3.10514688	3.09734464	3.11368036	3.14588857	3.20471072	3.22464252	3.22248793	3.21093869	3.19857168	3.22242332	3.26055288	3.29098082	3.31262612	3.34530520	3.45685148	3.58292484	3.67237926	3.70694065	3.70120525	3.69322014	3.72157836	3.77575159	3.83389497	3.86284566	3.83789492	3.79210329	3.76111746	3.76445079	3.80548191	3.89423871	3.97075844	4.01941299	4.03837395	4.03961468	4.03051472	4.04300785	4.05049229	4.04131317	4.01876163	3.99738693	3.97201252	3.94708633	3.92820382	3.92210388	3.92139554	3.93760324	3.94625044	3.94130540	3.93518686	3.99220538	4.08372927	4.17405367	4.24500942	4.29595900	4.28899240	4.27344608	4.24476194	4.20636368	4.16966009	4.12571621	4.08254147	4.05335855	4.04561996	4.06101179	4.03534651	4.01367617	4.00457764	4.00251436	3.98783636	3.95525551	3.93145227	3.92698574	3.93576431	3.93504715	3.92815232	3.91636086	3.89248443	3.85743356	3.82021713	3.82443261	3.83718467	3.86101818	3.88274741	3.87345362	3.84035659	3.84475541	3.86208224	3.87682819	3.88253975	3.89606595	3.90553093	3.89410448	3.86577058	3.84533000	3.82704949	3.81316090	3.79282570	3.76796103	3.75323820	3.71811819	3.67488503	3.63546133	3.60382104	3.57599139	3.50249720	3.45397830	3.41349173	3.37931156	3.36492944	3.38897538	3.40888238	3.41715050	3.41856647	3.43020535	3.46360660	3.51589990	3.57281327	3.61951065	3.64059019	3.66456151	3.67265010	3.68992949	3.72131991	3.75158858	3.79134822	3.85426307	3.91576767	3.96497822	4.00469446	4.03649187	4.06799841	4.10501623	4.14286661	4.16638660	4.18432760	4.19140387	4.18810415	4.17813587	4.16842461	4.15228081	4.13939238	4.14154196	4.16014242	4.18623352	4.19873238	4.20339823	4.21372604	4.23215628	4.25007677	4.26468134	4.27725697	4.28681803	4.29457092	4.30391264	4.32980394	4.34598589	4.35908985	4.36780119	4.36285734	4.33797646	4.32256222	4.32079411	4.32505131	4.31591034	4.28837633	4.27599812	4.28328180	4.29970169
-60.0000000	4.45872879	4.48340511	4.50798655	4.53505611	4.56344795	4.58824730	4.59861660	4.61639500	4.61458445	4.58691978	4.54786968	4.51315308	4.49251318	4.47151279	4.44614267	4.42282057	4.40964460	4.41747236	4.42540503	4.42933178	4.44193172	4.46618462	4.50236082	4.53521061	4.56397629	4.60239124	4.65888357	4.71771479	4.76854324	4.80222368	4.81080246	4.82786036	4.85593176	4.89222097	4.93159389	4.96658182	4.99635983	4.99588060	5.00144148	5.02729559	5.06565475	5.08524895	5.11639643	5.16437912	5.21594000	5.23927975	5.26129007	5.27737570	5.28508282	5.29707003	5.34110546	5.36514902	5.40049076	5.43506336	5.46004343	5.46984816	5.47917795	5.48106098	5.48625088	5.49495649	5.49684715	5.49303675	5.47603607	5.44696474	5.41510963	5.39792824	5.40846300	5.39527035	5.36654949	5.32942629	5.28995275	5.21481466	5.12432623	5.04060125	4.97443676	4.92530918	4.88849449	4.86015511	4.83201075	4.80916023	4.81007385	4.80291176	4.78367996	4.74657202	4.70498753	4.69153595	4.69484806	4.70480347	4.73002291	4.77434778	4.83683491	4.88175058	4.91543102	4.93480968	4.94822645	4.97542477	5.00147247	4.99898767	4.98002815	4.94874191	4.90137196	4.87280941	4.86097813	4.84440804	4.81185722	4.76230717	4.73983383	4.74784946	4.76483011	4.78384829	4.81257200	4.83370066	4.84722853	4.85823679	4.88086987	4.93833542	5.00065231	5.09940386	5.19076347	5.24913645	5.26715708	5.26984692	5.25984144	5.24409151	5.22619867	5.20642138	5.23112774	5.28641891	5.34985781	5.39219046	5.37734747	5.38639450	5.40368748	5.44682217	5.51648617	5.59645414	5.60010958	5.56221676	5.48598194	5.38874817	5.30199432	5.22013950	5.16038513	5.13394594	5.12717247	5.10154819	5.04122305	4.94644928	4.84879684	4.77560425	4.74997759	4.69143295	4.65547800	4.61464500	4.54997730	4.45103073	4.34472609	4.24878693	4.17633152	4.12947798	4.09935141	4.03046656	3.94200325	3.85226464	3.78067303	3.74777102	3.75630307	3.75689197	3.73182011	3.68357730	3.63485837	3.62347674	3.59430981	3.56094813	3.52776504	3.48991561	3.46356130	3.45107174	3.45425606	3.47004271	3.49048305	3.50667691	3.52413893	3.51793146	3.49140835	3.47621655	3.49955440	3.51895547	3.53123975	3.53055811	3.50839210	3.49489141	3.48382616	3.47486591	3.47309041	3.48899412	3.52964425	3.54684544	3.54774833	3.54432774	3.55338454	3.59342885	3.63249373	3.68869233	3.75569725	3.80274057	3.85229254	3.93715382	4.03035688	4.10400152	4.12924957	4.10653019	4.09555292	4.10651255	4.13259792	4.14999104	4.13675213	4.10555983	4.08561993	4.08882236	4.10973692	4.17742062	4.24632692	4.30943346	4.35338831	4.35850954	4.37560701	4.40512848	4.42700386	4.43221283	4.42278862	4.41994333	4.39503098	4.35537148	4.30945873	4.26695681	4.25670576	4.24563980	4.24758148	4.26400709	4.28404188	4.31919241	4.38353491	4.46466589	4.54196548	4.58660269	4.59838486	4.58596516	4.56069803	4.53075600	4.50113058	4.47486258	4.43948269	4.40584660	4.38602829	4.39331484	4.40853596	4.41459084	4.40148926	4.37603760	4.36184168	4.33905172	4.30640030	4.28375959	4.28026295	4.29430866	4.28065825	4.25971699	4.22134686	4.16716909	4.11055756	4.08132505	4.07466507	4.08895063	4.11436653	4.13290930	4.08476496	4.06008720	4.05216837	4.05300808	4.05330753	4.07373333	4.09126282	4.09486103	4.07748985	4.03610468	4.00082350	3.97901106	3.96237946	3.94574356	3.92701960	3.90447140	3.89620233	3.89895248	3.90748930	3.91460681	3.87407708	3.83655620	3.78237414	3.71310282	3.65155458	3.64468288	3.64082932	3.65101886	3.67455626	3.69902658	3.73883867	3.77503967	3.80091596	3.81405783	3.81635904	3.85076714	3.89771557	3.93535852	3.95835090	3.97784662	3.99378514	4.00870371	4.02658606	4.04549265	4.05756235	4.06982660	4.09729242	4.12854624	4.15495443	4.17066383	4.20592451	4.24275923	4.25935698	4.24736595	4.21188831	4.19227982	4.17690182	4.16993666	4.16970396	4.16865921	4.19131947	4.20082378	4.20719624	4.21753454	4.23601103	4.25670290	4.25688982	4.23839855	4.21159077	4.19536257	4.18492317	4.17390347	4.17883158	4.19637156	4.20332193	4.21262646	4.21885395	4.22797108	4.24167728	4.25740433	4.28330564	4.31810617	4.36156273	4.39842272
-61.0000000	4.71913290	4.73101425	4.73198366	4.73212051	4.73508406	4.73811388	4.73055363	4.70782995	4.66980124	4.62130833	4.57216978	4.53340387	4.49349356	4.45926476	4.43375301	4.41620445	4.42410851	4.43108177	4.42744541	4.41140747	4.38906479	4.36590481	4.35925341	4.36164999	4.37272215	4.39918423	4.42720127	4.45388031	4.47389412	4.48190546	4.47256708	4.48410940	4.51864719	4.56955099	4.62535381	4.66975451	4.71089411	4.73681307	4.75991917	4.78782129	4.82332563	4.85479689	4.89163876	4.93479872	4.97661018	5.00079489	5.01187468	5.02241421	5.02963352	5.04217529	5.08009863	5.11926842	5.15032434	5.17259359	5.19241524	5.22314548	5.23899126	5.24051952	5.25105667	5.27995253	5.32257795	5.32795191	5.31421375	5.27730751	5.22082996	5.15603113	5.11520147	5.06020927	5.00661039	4.96280813	4.93005562	4.90680313	4.86389160	4.81619740	4.77108288	4.72839308	4.67266893	4.62801123	4.59978008	4.58895540	4.59213495	4.57670927	4.55909920	4.54210997	4.52472639	4.50211000	4.46368504	4.43098354	4.42284393	4.44151545	4.47265816	4.50075436	4.53399849	4.57156754	4.61431599	4.66477966	4.70790339	4.72211885	4.73302698	4.75401068	4.78623343	4.80588150	4.80786133	4.79003477	4.75511456	4.71066236	4.72145128	4.75968266	4.79158640	4.80255127	4.79712915	4.79478073	4.78591490	4.78518820	4.78993559	4.78017235	4.81495810	4.88651562	4.96667337	5.03280640	5.06784058	5.08925247	5.08368158	5.07608223	5.08020067	5.09857655	5.15727711	5.22729111	5.29627228	5.34875250	5.36614656	5.37049389	5.37930012	5.40719271	5.46172094	5.54335356	5.61003828	5.64842224	5.66322565	5.65212297	5.60574532	5.53189182	5.44049788	5.37409258	5.35262871	5.37347794	5.32271433	5.21979284	5.09344053	4.97191668	4.88301420	4.83751392	4.80002403	4.76994324	4.75132942	4.75289965	4.70955610	4.63147497	4.54075861	4.45851851	4.40487623	4.33093071	4.25284863	4.16182327	4.06286049	3.97477961	3.93760300	3.95683217	3.99627328	4.02633667	4.02403784	4.01115036	3.99491262	3.96026325	3.90783286	3.85394430	3.84346485	3.83362627	3.84606767	3.88166618	3.92053652	3.95189500	3.96537852	3.95502353	3.93384981	3.93386030	3.94751048	3.96967125	3.98004222	3.97367716	3.96098495	3.95275331	3.94651794	3.94336295	3.94598198	3.95867753	3.99499536	4.02151728	4.03716612	4.04323053	4.04336691	4.05048084	4.07156372	4.10345221	4.13849974	4.16457939	4.18334866	4.19677305	4.22648716	4.27869415	4.34416008	4.37582827	4.36884069	4.35410595	4.34764624	4.35059547	4.33914900	4.31638050	4.29648876	4.28832817	4.29540586	4.33159924	4.37858105	4.42661858	4.46780062	4.49603462	4.53233814	4.56202269	4.59597635	4.63569927	4.67330599	4.68697786	4.69167185	4.68233919	4.65981674	4.63082743	4.60222006	4.57231569	4.57117319	4.60105371	4.63642073	4.66754150	4.69489717	4.73179722	4.77897024	4.82456589	4.84454250	4.83761740	4.83621645	4.84005880	4.81615782	4.77141809	4.73076677	4.71336365	4.72193861	4.74278784	4.79685259	4.85643339	4.89340973	4.89979553	4.88774443	4.83438969	4.78819275	4.74692106	4.71441841	4.70060253	4.70700312	4.71236563	4.68510723	4.62269735	4.55165672	4.50078487	4.46733856	4.45627737	4.46738100	4.49525023	4.47159529	4.43893671	4.40099335	4.36743927	4.35390711	4.35470152	4.36493731	4.36537409	4.35100985	4.33107948	4.29046011	4.26581383	4.24327707	4.22349644	4.22163343	4.24392891	4.27985716	4.31363440	4.33676434	4.34803534	4.33799744	4.31276894	4.27092743	4.21431446	4.14803219	4.06028461	3.97228551	3.88529134	3.81092453	3.77116752	3.79455566	3.83086705	3.87849259	3.91874647	3.91586947	3.93521738	3.96191525	4.00548410	4.05564404	4.08231449	4.07498407	4.08449078	4.10781717	4.13018703	4.12506819	4.10805511	4.10382509	4.10073471	4.09986973	4.11504936	4.16168928	4.21410608	4.24393988	4.24737453	4.24513578	4.20771694	4.19030190	4.18064928	4.17327213	4.16943789	4.16717339	4.15850830	4.15427637	4.15815449	4.16666365	4.19554138	4.20917749	4.20657301	4.19395638	4.18478823	4.16550398	4.14006662	4.11477757	4.10039425	4.11213350	4.14606380	4.18349409	4.21797228	4.25727177	4.32339668	4.40041542	4.49095392	4.58289909	4.64953423
-62.0000000	4.87171698	4.87332773	4.86366892	4.85151291	4.84224319	4.83785295	4.81800556	4.78869057	4.75143909	4.70735264	4.65710497	4.60461235	4.55224800	4.51374865	4.48582363	4.44815683	4.41813183	4.37610197	4.32266855	4.25790977	4.18138027	4.11936092	4.07851696	4.05676413	4.05247450	4.06447363	4.08009768	4.09106445	4.09092236	4.07626390	4.04672527	4.06743383	4.10819244	4.14979410	4.18314123	4.20924711	4.24330187	4.27516222	4.31156254	4.35618019	4.40963650	4.44268990	4.47112322	4.50514603	4.54886913	4.60030413	4.63316488	4.66007566	4.68566275	4.71368647	4.74704361	4.76800442	4.78497839	4.79616737	4.80547762	4.82251835	4.84627914	4.87659264	4.91657734	4.95969677	4.98976564	4.97408533	4.94055986	4.88349867	4.81175137	4.74870872	4.69834709	4.64665318	4.60433006	4.57598448	4.56013346	4.55275345	4.54783058	4.54493570	4.53617716	4.50619841	4.45861912	4.40491724	4.35633039	4.32104778	4.30421019	4.29138327	4.28259230	4.26963377	4.25295544	4.24165249	4.21392632	4.18521166	4.17324543	4.18064785	4.19492388	4.21511650	4.24937439	4.29641008	4.35755110	4.43673229	4.49806404	4.53467751	4.56613302	4.60980082	4.68086433	4.73866272	4.74229956	4.71123123	4.66936016	4.64503813	4.67775822	4.69919634	4.70387793	4.69954443	4.70715380	4.73537397	4.74304962	4.74365330	4.73123169	4.68040943	4.63509035	4.65604591	4.71342468	4.78029490	4.83264112	4.88414240	4.92050886	4.96500349	5.03027105	5.11834097	5.21040010	5.27183151	5.31382990	5.34722185	5.38246584	5.42419100	5.47637606	5.52540016	5.56922245	5.61737728	5.64531660	5.68350077	5.71664524	5.74081326	5.76341343	5.75559425	5.70952702	5.63659525	5.56893206	5.55941582	5.54524660	5.47188139	5.34073257	5.18087196	5.04903269	4.94425392	4.87102890	4.81372118	4.77343893	4.76802921	4.76579094	4.76664925	4.75143147	4.71428728	4.66269302	4.57684231	4.51548100	4.46990061	4.42635727	4.36607075	4.31274128	4.30277252	4.33434439	4.38813782	4.42732954	4.43332100	4.42741060	4.39706898	4.34277630	4.27802086	4.26757956	4.27260590	4.29514551	4.33056784	4.36756563	4.37270498	4.38754129	4.40404081	4.41861439	4.43211508	4.43685913	4.43761778	4.42616558	4.40940905	4.40938616	4.41482258	4.40076065	4.37619448	4.35465670	4.35421610	4.37120914	4.40379381	4.44686079	4.48561144	4.49555731	4.45740938	4.42017698	4.39600468	4.38314438	4.36595345	4.34289360	4.31399632	4.29922819	4.31696081	4.38397264	4.45582771	4.49938250	4.51236296	4.50538731	4.50196409	4.49008608	4.47205400	4.44777012	4.42207861	4.40476227	4.39859152	4.39434958	4.40562725	4.43324566	4.46525383	4.52051401	4.57019711	4.62860727	4.70103979	4.78377962	4.82384014	4.83374548	4.83284903	4.82613134	4.80420256	4.76079416	4.72523880	4.70186186	4.69979668	4.73298216	4.78346443	4.81685781	4.83871508	4.85285139	4.86134386	4.88299084	4.90071154	4.91858578	4.93856668	4.96048450	4.94894552	4.93668222	4.94359446	4.97005606	4.99691153	5.05007696	5.11998177	5.18465471	5.22566509	5.22812414	5.18450880	5.15460062	5.11681271	5.06782293	5.02256966	5.03647184	5.05117178	5.04514360	5.01450968	4.97304106	4.91775370	4.85839176	4.82118130	4.81407499	4.82675123	4.81536627	4.79816341	4.77292442	4.74561834	4.73039818	4.72970009	4.74481487	4.73784018	4.69843864	4.64383888	4.58779716	4.55988264	4.55379295	4.56381941	4.58484983	4.61529970	4.64997292	4.68189478	4.71786499	4.77845812	4.78195763	4.81149769	4.98711824	5.22704124	5.24767447	4.91215086	4.56826735	4.18175650	3.80996251	3.60184646	3.60315108	3.67469287	3.77379560	3.86235833	3.90685606	3.92823339	3.95887136	3.99425435	4.02663517	4.04503345	4.05592012	4.06527662	4.08720970	4.11693811	4.13079214	4.13619423	4.13277006	4.11045313	4.08195448	4.08276463	4.10203409	4.12163353	4.13948488	4.15925550	4.19035959	4.18267298	4.16678190	4.15213156	4.13876438	4.11732340	4.10065174	4.08279371	4.06541395	4.05096912	4.04270506	4.04638338	4.05736780	4.07835484	4.10214901	4.11166906	4.09757757	4.07363176	4.05473042	4.05054569	4.06552410	4.11910868	4.17988539	4.24630737	4.32306004	4.42105627	4.53217173	4.64548445	4.74586105	4.81089163
-63.0000000	4.84056711	4.86366510	4.87461567	4.87351465	4.86579037	4.86220121	4.86679220	4.85017824	4.82081079	4.78552914	4.74955416	4.69348860	4.63875723	4.58467770	4.52183533	4.43208265	4.33835745	4.23336411	4.12138748	4.00932693	3.90669703	3.82310367	3.76811600	3.73079252	3.70596004	3.69421053	3.68990231	3.69866395	3.69828367	3.68446875	3.67084551	3.67738104	3.68994975	3.70514250	3.71646571	3.71434188	3.71192193	3.73376751	3.76869035	3.81345177	3.87276506	3.91427302	3.94910026	3.98476315	4.02468157	4.06817627	4.11723614	4.17694950	4.24807739	4.33094263	4.42543364	4.53531313	4.62190485	4.67717457	4.69655848	4.67895746	4.63089657	4.58810091	4.55367517	4.52505064	4.49398708	4.46554136	4.44496536	4.42961788	4.41430473	4.39128113	4.39272356	4.37683010	4.35110521	4.32505798	4.31020117	4.28366613	4.26385880	4.25232077	4.24538851	4.23419285	4.21110630	4.17291594	4.12498760	4.07619095	4.03889513	4.03838730	4.03959560	4.03711510	4.03411388	4.04232788	4.02666283	4.02694988	4.04405212	4.07612228	4.11859941	4.17065382	4.21982527	4.27890921	4.35326338	4.44080591	4.51661921	4.57203865	4.63651896	4.72196531	4.82273579	4.89422083	4.91052389	4.87762260	4.81083345	4.73481655	4.70336008	4.67772770	4.66094017	4.65916061	4.68169737	4.71712637	4.73479557	4.72070503	4.66480255	4.56098032	4.49195051	4.48655653	4.52698231	4.59799862	4.68696213	4.76444387	4.83877420	4.93442154	5.05907440	5.20363665	5.32639360	5.40913725	5.45628500	5.48569250	5.52865410	5.59376240	5.68311977	5.75454044	5.79399490	5.81560993	5.82855463	5.87613535	5.91961479	5.93872213	5.93164825	5.93406296	5.89768648	5.82508373	5.73463869	5.66055632	5.62046289	5.55436468	5.45566130	5.33418274	5.21618938	5.10715437	5.01607704	4.94088697	4.88452721	4.85495090	4.82678509	4.81382465	4.80932045	4.80344725	4.78330469	4.74586868	4.71097708	4.68612289	4.67027617	4.65388680	4.66084385	4.68488598	4.72167206	4.76327372	4.79817724	4.80340624	4.79705048	4.77849197	4.74739790	4.70372391	4.69242382	4.70108223	4.70501280	4.69660425	4.68532181	4.67748356	4.68556643	4.70810556	4.74020576	4.77354193	4.80007696	4.80170965	4.78309631	4.75244856	4.72152996	4.71117544	4.69159698	4.66398239	4.63278866	4.60574102	4.59402895	4.59603310	4.61673307	4.64986181	4.67790508	4.67098904	4.63011789	4.58684921	4.54970217	4.50416040	4.45889616	4.41761160	4.37781239	4.35191393	4.36723757	4.39823961	4.43663502	4.47808075	4.50688362	4.49600077	4.49318886	4.51170588	4.52357292	4.51390648	4.48091888	4.42610455	4.38327217	4.35996914	4.35913658	4.37911463	4.44584322	4.50226259	4.56971216	4.64951611	4.72298622	4.78744745	4.82708931	4.84420633	4.84285116	4.82883978	4.76564407	4.72528028	4.70343256	4.69996309	4.71891594	4.76334906	4.79979420	4.82841253	4.83849382	4.80845928	4.76665640	4.77097034	4.79282522	4.81834793	4.84837008	4.87152529	4.90124702	4.94582462	5.00227499	5.05633593	5.09849501	5.14677906	5.18921804	5.22063971	5.24266481	5.24404287	5.24286032	5.24117851	5.24149227	5.24672794	5.25743484	5.24932241	5.22767925	5.20111036	5.18153620	5.16703701	5.13161945	5.08958054	5.06006527	5.06706762	5.07847404	5.07197809	5.05595064	5.04521847	5.06105900	5.05840731	5.05333185	5.03764439	5.00197029	4.93574762	4.86929178	4.82612658	4.82069588	4.85209370	4.90406275	4.95192719	5.02205467	5.14031267	5.33131790	5.61843824	5.97511816	6.47713518	7.19085264	7.69218397	7.06659460	5.75913811	4.68791246	3.80562520	3.19106078	3.04908514	3.18048692	3.35257244	3.53247976	3.68630028	3.77907920	3.81384325	3.83837128	3.85179734	3.85716844	3.86144352	3.86775494	3.88493395	3.91246152	3.94680476	3.98141575	4.00488949	4.01224566	4.00590229	3.99222231	3.98150873	3.97857499	3.97327352	3.97249079	3.98333359	4.01312780	4.05860710	4.09088898	4.10929585	4.11112261	4.09163809	4.05317402	4.01253319	3.97512627	3.94345379	3.91709995	3.91865754	3.91695976	3.91668773	3.91806531	3.91685796	3.91415071	3.91262913	3.91565537	3.93206096	3.97614741	4.05167150	4.12142897	4.19722080	4.28606701	4.39020920	4.49701929	4.61290216	4.71219349	4.77195072
-64.0000000	4.61532736	4.66580296	4.70991039	4.73514080	4.74495411	4.75877762	4.78343582	4.80369759	4.80775070	4.79304647	4.76629496	4.72187996	4.64343834	4.54528856	4.43104649	4.29362774	4.15007019	4.02271461	3.90671873	3.79941821	3.70032811	3.61732435	3.54774356	3.48419213	3.42782116	3.38832545	3.38014913	3.38425636	3.38502598	3.37978053	3.37878466	3.38046098	3.37888241	3.37763572	3.37390447	3.35846996	3.33233619	3.33349299	3.35842156	3.40124059	3.45370555	3.51028728	3.56405687	3.62180233	3.69195294	3.78457904	3.91320705	4.06950808	4.24141455	4.41435385	4.57125044	4.75468779	4.93032885	5.06751776	5.15553999	5.20362186	5.08271980	4.85623455	4.61551476	4.41505527	4.27249670	4.23896408	4.24928856	4.28014755	4.31061363	4.32215071	4.32897711	4.31670570	4.28471231	4.23528194	4.17360926	4.09004545	4.01672554	3.95998144	3.92257404	3.90369368	3.89805603	3.88586879	3.87119937	3.86237621	3.87198472	3.91043115	3.95822024	4.00843191	4.05633926	4.09940672	4.12563467	4.18870735	4.27853918	4.38381577	4.49199533	4.60025406	4.70128822	4.80681467	4.92191553	5.04503441	5.16001463	5.24455452	5.31116533	5.36707067	5.41420603	5.46973753	5.49610567	5.48597383	5.44067192	5.37019539	5.22895002	5.08904266	4.95702505	4.83101654	4.70070028	4.67170048	4.73588610	4.80008125	4.79943275	4.69740725	4.60483360	4.55877972	4.55436945	4.59383392	4.68651295	4.81228209	4.95391464	5.11393070	5.29614782	5.50568724	5.69787073	5.85475159	5.97175741	6.06019497	6.14724588	6.27397776	6.40538216	6.49906921	6.54468250	6.56389189	6.56353140	6.56099796	6.55179167	6.53173780	6.49698639	6.44317770	6.35977459	6.24013519	6.08321619	5.89357328	5.73757887	5.57808161	5.43394804	5.31414080	5.21772289	5.13831425	5.06326914	4.99577999	4.94283772	4.91523266	4.90299034	4.89526892	4.89066839	4.88250399	4.85880613	4.85575342	4.83241129	4.81743956	4.82300186	4.84475756	4.87748957	4.91013908	4.95717764	5.01443720	5.05911303	5.09219646	5.10191107	5.09675360	5.07936525	5.04652834	5.00356483	4.96972275	4.93758583	4.90929222	4.89652967	4.89515018	4.88757706	4.88780642	4.90321445	4.93455219	4.95123720	4.94565964	4.92690897	4.90586185	4.89517641	4.87840080	4.85650063	4.82904482	4.79576874	4.75657415	4.72412920	4.71234846	4.71808767	4.73939133	4.77549458	4.78569317	4.76353264	4.72094822	4.66724968	4.60912561	4.55544376	4.52487993	4.49370480	4.45657301	4.42651749	4.41841316	4.43282795	4.46576977	4.49993134	4.50468349	4.49876976	4.51028013	4.52992296	4.54381180	4.53346682	4.46664762	4.39763546	4.34167957	4.30996799	4.30962372	4.33795500	4.38880968	4.46063995	4.54092741	4.60617733	4.67903566	4.73001003	4.75804329	4.76420116	4.75167274	4.72750139	4.73364449	4.74493885	4.74943542	4.74839878	4.75769043	4.78806925	4.82818890	4.85553503	4.83642435	4.77187967	4.71802187	4.68811846	4.68346882	4.69340134	4.72372150	4.75824785	4.80513191	4.86141777	4.91304350	4.97080183	5.03425694	5.08890152	5.13157845	5.17047596	5.17984772	5.18602562	5.19440174	5.21454334	5.26019192	5.30831385	5.30841780	5.28296375	5.24666119	5.20646286	5.21271944	5.22159243	5.22103930	5.21217966	5.20930099	5.23341322	5.22687674	5.20899534	5.19785643	5.21034050	5.20360374	5.18912411	5.17073488	5.14737177	5.11307096	5.07721090	5.04060459	5.01631927	5.02692318	5.10448599	5.29226351	5.59083796	6.09492207	6.93853712	8.29500961	9.73824120	9.59795856	8.59993172	7.08097935	4.98896885	3.89587259	3.16066480	2.72391367	2.55529618	2.65359521	2.89863729	3.13642240	3.33743572	3.48337555	3.56715393	3.60432839	3.63017344	3.64284563	3.64563513	3.64696407	3.64006066	3.65133142	3.68432260	3.73154449	3.77446675	3.79395533	3.79876471	3.79661274	3.79252958	3.78885603	3.79699516	3.81244826	3.83014059	3.84779668	3.86594105	3.91418815	3.97088504	4.01835442	4.04496956	4.04515457	4.00221205	3.95034099	3.90452027	3.87064648	3.84553504	3.84533668	3.83739948	3.82159710	3.80092883	3.78151989	3.77106786	3.75489950	3.74654341	3.76246643	3.82207441	3.89777064	3.96739030	4.03713655	4.11159325	4.19372654	4.27692795	4.37060595	4.46120071	4.52421474
-65.0000000	4.26361799	4.34740305	4.40848875	4.45667553	4.50488997	4.56918144	4.60372829	4.62844563	4.64482927	4.64591503	4.61627531	4.54191589	4.42756414	4.28731823	4.13346958	3.97650576	3.84023547	3.72845340	3.63911748	3.56736088	3.50548863	3.44419169	3.38041306	3.32213497	3.27414799	3.23805237	3.21988034	3.21251392	3.20684385	3.20020390	3.19637465	3.19367218	3.19470191	3.19772172	3.19813919	3.18850946	3.17009020	3.16830420	3.19375014	3.24869537	3.32708120	3.42825627	3.53209662	3.64141154	3.76272273	3.90626264	4.09991503	4.31735086	4.47591543	4.51987314	4.42040873	4.46264172	4.55193853	4.63226509	4.77662706	5.18707323	5.39225483	5.17025042	4.84084749	4.56240749	4.33187056	4.21243811	4.17990875	4.19457912	4.22329664	4.23945427	4.22841883	4.20646954	4.16163588	4.08692122	3.98029876	3.86694241	3.75411558	3.65552616	3.58664298	3.56469846	3.60316110	3.65481257	3.72076058	3.80046034	3.89171767	4.01571608	4.15191221	4.28218651	4.39887381	4.50476027	4.63191557	4.78229046	4.92258596	5.02806807	5.08257103	5.09991503	5.05882263	4.97792816	4.89936972	4.88878202	5.04539824	5.20225525	5.28147888	5.21931982	4.96615314	4.96315098	5.08657312	5.23531055	5.38899755	5.60800838	5.53526020	5.41455555	5.19108915	4.79134464	4.12309599	3.98191977	4.41232586	4.98906898	5.36666298	5.27938318	5.20260000	5.14442682	5.08781195	5.05334187	5.09924316	5.26992130	5.48608780	5.73364925	6.00890875	6.31856298	6.61606836	6.84289122	6.95001841	6.93494320	6.84167147	6.99075031	7.14530754	7.24369764	7.25084066	7.15822315	7.06712151	6.94841433	6.81932306	6.70293713	6.62822151	6.57928991	6.55862331	6.51975870	6.41738987	6.20736885	5.92258978	5.63137484	5.37887669	5.18558788	5.04733467	4.99103689	4.94823790	4.91317368	4.88714409	4.87851572	4.88476658	4.90127373	4.92272377	4.93866873	4.93352938	4.91733503	4.90160799	4.89540195	4.90158415	4.91684055	4.94404078	4.96856689	5.01208782	5.07689571	5.14590693	5.18659687	5.21137524	5.22928047	5.24414682	5.25460339	5.19979525	5.11993885	5.03414059	4.96397543	4.93348598	4.93268442	4.95811272	4.98601913	5.00290775	5.00554180	4.98029327	4.95417738	4.93432283	4.92406082	4.92292595	4.92006350	4.90482855	4.88333178	4.85745716	4.82486010	4.79173374	4.79138613	4.81162310	4.84413624	4.88450336	4.88588715	4.87004471	4.82669830	4.75576067	4.66733503	4.59906721	4.55118513	4.51783133	4.49428844	4.47698259	4.46660995	4.46814489	4.48359108	4.50817394	4.53033924	4.52676392	4.53248262	4.54585791	4.55769253	4.55122995	4.50942039	4.45536184	4.40258360	4.35971689	4.33049965	4.32468033	4.35471201	4.39851570	4.44678545	4.50298738	4.55933237	4.60922241	4.64433527	4.66546488	4.68251705	4.72788429	4.78553867	4.82507896	4.83196497	4.80751276	4.76811266	4.75291061	4.76846838	4.80093002	4.81602621	4.80066824	4.75719929	4.70530462	4.66047716	4.63401699	4.67561913	4.70499563	4.73736715	4.77789831	4.82169390	4.89164114	4.96341228	5.02845621	5.08273029	5.12669992	5.15239954	5.16668081	5.17584515	5.18873549	5.21673918	5.27931595	5.29766655	5.27810812	5.23429441	5.18721247	5.17012501	5.19732904	5.23227262	5.25372171	5.25576210	5.26367807	5.25091696	5.23111153	5.21559811	5.21341801	5.18199253	5.15975571	5.15061998	5.15912342	5.19043446	5.17280769	5.14859152	5.14191580	5.21615839	5.47394466	5.98224640	6.69980526	7.97545719	9.85185337	12.0654573	11.3759794	8.89107990	6.16248512	4.05025530	2.72278023	2.67177105	2.66934013	2.67106581	2.67941666	2.74374914	2.90282536	3.07323408	3.21940351	3.32118821	3.37386274	3.40008235	3.43282652	3.46458006	3.48557425	3.48378468	3.46869731	3.47227049	3.50159383	3.54617739	3.57795048	3.59049964	3.58751273	3.58110547	3.57884288	3.58374238	3.61095858	3.64521027	3.67344403	3.69390798	3.71615410	3.76342368	3.81335926	3.85422730	3.88016391	3.89117765	3.87145424	3.85020208	3.83158350	3.81668663	3.80352426	3.79074693	3.78149843	3.76487017	3.74076843	3.71991396	3.69041419	3.65755844	3.63190126	3.62547421	3.65178084	3.69362140	3.74141479	3.78865409	3.83656693	3.89411283	3.95467758	4.01717997	4.09054470	4.15323019
-66.0000000	4.00483513	4.10117102	4.18283033	4.24651337	4.29582357	4.34127092	4.38711643	4.40454769	4.39230680	4.34815407	4.26887417	4.13641453	3.99673247	3.85098410	3.70348668	3.56171823	3.46155548	3.37932467	3.31811285	3.27770400	3.25457740	3.22386646	3.18958163	3.15599728	3.12401581	3.09116745	3.08015013	3.07291389	3.06475711	3.05512714	3.04761839	3.04724073	3.05017972	3.05785084	3.06698561	3.06962991	3.06722450	3.09093523	3.15637660	3.26809931	3.41959405	3.58997512	3.74106884	3.87849092	4.01243830	4.15768862	4.32941294	4.41616011	4.28079462	3.86918521	3.21020532	3.26962185	3.31671405	3.26435423	3.33964539	4.08392143	4.59639168	4.40038633	4.10586500	3.95533085	3.82382894	3.62442589	3.52123404	3.48532200	3.49065351	3.51408601	3.54052353	3.57552028	3.61379814	3.64951205	3.67625141	3.62883186	3.54910493	3.46158242	3.38901353	3.35238433	3.39147115	3.45584440	3.54290438	3.64670706	3.75796556	3.79833221	3.83493209	3.88670564	3.95490265	4.02308226	4.16022968	4.29274368	4.39654636	4.44949007	4.43135691	4.50338030	4.42998505	4.21118689	3.91992354	3.70205593	3.80222678	4.01175022	4.09078836	3.84648252	3.13295341	2.98917413	3.22530699	3.44936275	3.64072967	4.15017271	4.77914619	4.95443773	4.71009302	4.04926157	2.94419026	2.68798637	3.53560281	4.79676199	5.65864372	5.18588638	5.09643793	5.17447424	5.22533989	5.17082024	5.04913807	4.99102211	5.08829260	5.39683199	5.89611197	6.48919392	6.88570833	6.96346760	6.76000738	6.31345749	5.66254139	6.07735395	6.46955633	6.62277699	6.52869272	6.38703537	6.28571892	6.19333839	6.04878807	5.84129143	5.61040163	5.49288321	5.50591946	5.59647942	5.70441914	5.76248121	5.73142052	5.59828663	5.40110826	5.19126940	5.03351021	4.96125937	4.92765570	4.91552353	4.90405130	4.86879253	4.84353113	4.82760191	4.81535006	4.80407190	4.79401159	4.78779650	4.78170776	4.76992130	4.75837278	4.76475763	4.78173828	4.80096865	4.83427572	4.88421059	4.94404459	5.00262070	5.04865074	5.08545351	5.11474276	5.13662767	5.10978556	5.05905008	4.99845552	4.94281769	4.90773439	4.90143967	4.91896200	4.95442867	4.99001360	4.99593306	4.95518064	4.93224382	4.91590643	4.90100861	4.88844776	4.88588858	4.87685061	4.86386585	4.84911633	4.83443546	4.81986427	4.81149626	4.81770515	4.83745861	4.86031580	4.85976887	4.85592699	4.83086491	4.77516174	4.68790340	4.60145998	4.53912020	4.49611712	4.46883917	4.45482683	4.44344664	4.43846703	4.43538094	4.43659973	4.45145082	4.44845295	4.45952129	4.46927691	4.46782017	4.45073366	4.42575121	4.40496111	4.39084435	4.38061428	4.36621475	4.34683228	4.34641218	4.36395025	4.39929438	4.45314312	4.50428724	4.54100323	4.56079388	4.57249260	4.59626436	4.65922451	4.73357344	4.78527308	4.79668951	4.76659203	4.73327112	4.71506214	4.72266102	4.75290060	4.78874683	4.79471254	4.77434778	4.74494934	4.71776676	4.69800138	4.70734358	4.72390699	4.74416351	4.77752209	4.84632349	4.90611458	4.96123695	5.01242876	5.05779600	5.09280872	5.13178110	5.15242004	5.16849613	5.18330574	5.18967438	5.21397352	5.23497915	5.23252916	5.21097708	5.19919157	5.16977930	5.17009115	5.18148947	5.19600821	5.21635103	5.20038700	5.14768267	5.08884478	5.04701662	5.03786945	5.05251169	5.09581614	5.14121819	5.17763901	5.20947981	5.19207430	5.23810053	5.41108990	5.76319981	6.33521652	7.24464941	8.62110233	10.2196779	11.1929693	10.0910635	6.65494919	4.37287045	3.20763826	2.87100029	2.82364225	2.98070073	3.02831745	2.99978614	2.94465876	2.92874193	2.97419834	3.02846503	3.08074284	3.12403870	3.15516591	3.19635034	3.23587203	3.27059627	3.29383087	3.29532337	3.29751992	3.30933547	3.32914972	3.35152578	3.36721182	3.36872888	3.36251163	3.35692215	3.35761690	3.36754584	3.40500617	3.44344282	3.47185707	3.49122930	3.51452041	3.55419803	3.59897661	3.64009261	3.66932178	3.67897582	3.68665695	3.68880916	3.68723035	3.68398380	3.68139958	3.66578627	3.65018368	3.63229418	3.61016846	3.58219957	3.54284310	3.51464081	3.49423242	3.48220897	3.48311377	3.50277400	3.53272605	3.56581950	3.59934258	3.63502431	3.67947531	3.73075914	3.80408788	3.87390947
-67.0000000	3.76278567	3.84217310	3.91418958	3.96877217	4.00672388	4.03971195	4.06470060	4.05387592	4.00268459	3.91847706	3.82050657	3.71858311	3.62323546	3.52746630	3.42570543	3.31381011	3.21845293	3.14280748	3.08067608	3.03109050	2.99830794	2.96888518	2.94716787	2.93412185	2.92880177	2.92835283	2.95373869	2.97047091	2.97983503	2.98354888	2.98376584	2.99897480	3.02647018	3.06396604	3.10096025	3.11873507	3.10180211	3.12321925	3.20054269	3.32999754	3.48647785	3.53204370	3.50512290	3.49677634	3.56373167	3.72838426	3.82723403	3.76058817	3.35501933	2.64935374	1.89467096	2.11345649	2.16149306	2.06341076	2.09293032	2.77286124	3.39949918	3.10178208	2.67567539	2.47753859	2.42412663	2.27036405	2.18188167	2.11627436	2.05218053	1.98928118	2.02985716	2.18287206	2.43675947	2.75803280	3.09128618	3.33924150	3.45497727	3.45171165	3.35484290	3.20194936	3.09173322	3.00254631	2.93411207	2.89640403	2.90964389	2.78170037	2.62451339	2.56884050	2.65919232	2.85383487	2.96412110	2.97151279	2.94729662	2.92320609	2.89142227	3.16522694	3.36390710	3.36286592	3.17139935	2.93269610	3.02360296	3.29401112	3.38414335	3.03721261	2.09941983	1.77077436	1.92113519	2.04979634	2.14467263	2.68230224	4.14811897	4.59250784	4.21601057	3.33351421	2.37425137	2.10986209	2.83444953	4.18840694	5.23594952	4.46511078	4.16447735	4.30685568	4.52381229	4.55356979	4.24101210	3.83783841	3.70260119	4.00820351	4.74980831	5.74483824	6.36714077	6.34619141	5.94780111	5.23811054	4.08358955	4.40248823	4.88257742	5.09098864	4.96852207	4.82964373	4.85168791	4.86892939	4.80831957	4.64079809	4.38129950	4.21480083	4.21968699	4.30670834	4.40299940	4.45208216	4.59388065	4.76644611	4.86634922	4.86310291	4.79916239	4.79474831	4.79736471	4.82329035	4.85868740	4.85960436	4.82090235	4.78414679	4.73590565	4.67785883	4.62679482	4.58482838	4.54758787	4.52724600	4.53013802	4.55676222	4.58805752	4.62132788	4.65588474	4.68678999	4.70486403	4.72741508	4.74337244	4.75420809	4.75905418	4.75470352	4.75279284	4.75029993	4.74547291	4.73679924	4.72300339	4.72650623	4.73225355	4.75373173	4.78609800	4.80617619	4.78912830	4.79002094	4.78850126	4.77916956	4.77158022	4.76553202	4.75721359	4.74609280	4.73687649	4.73950672	4.74100113	4.73336363	4.72054529	4.70638323	4.69460106	4.68200541	4.68116856	4.68053627	4.66654301	4.62361050	4.55640364	4.49694490	4.44963741	4.41403389	4.38484144	4.36666584	4.34398651	4.31996012	4.29833078	4.28342247	4.29015207	4.29837608	4.30124617	4.29086113	4.25826883	4.22687340	4.20545483	4.20323467	4.21312618	4.21173811	4.21655226	4.22521400	4.25123644	4.30003977	4.36894894	4.43447495	4.48343229	4.51110125	4.52014494	4.52061081	4.54937029	4.57669544	4.59827948	4.61025333	4.60918808	4.60353899	4.61229134	4.64311838	4.69266272	4.74653673	4.76231956	4.75208521	4.73082972	4.71177578	4.70637369	4.72974539	4.76444197	4.80922318	4.86344051	4.92703009	4.96192884	4.98039246	4.98749065	4.98871088	4.98995924	5.00957823	5.02965546	5.05371094	5.07546902	5.07885408	5.09129858	5.11768675	5.12770367	5.11900139	5.11719799	5.08576918	5.07689476	5.08392286	5.10191011	5.12762213	5.08910179	4.99906921	4.89319801	4.81643438	4.82299376	4.92499447	5.04369116	5.12870932	5.15131235	5.10440397	5.17259073	5.46591139	5.94039249	6.57779026	7.38558388	8.79340935	10.0635824	10.3336821	9.12280083	6.33153486	4.28832006	3.28636312	3.11413288	3.39432073	3.58383965	3.40002203	3.17981339	3.00868154	2.92783308	2.93421578	2.96140075	2.95923376	2.93867326	2.91851020	2.92536354	2.96291304	3.00209475	3.03508878	3.05257034	3.04370999	3.03586674	3.04957652	3.08149910	3.12161040	3.15320396	3.15404582	3.14111328	3.12914133	3.12521195	3.12875104	3.15687895	3.19260931	3.22656870	3.25622487	3.28588653	3.34275222	3.40626478	3.45953274	3.49143004	3.49659562	3.50338769	3.50467253	3.49875212	3.48605800	3.46915531	3.44506216	3.42156577	3.39625978	3.37016916	3.34774804	3.33338451	3.33180308	3.33116746	3.33130050	3.34368491	3.35299492	3.36939979	3.38922930	3.41312051	3.44601822	3.49783945	3.54825568	3.61006117	3.66530800
-68.0000000	3.79658413	3.85296154	3.89738941	3.93232465	3.95564198	3.96063614	3.94011188	3.88445258	3.79839945	3.69055557	3.57338953	3.47097588	3.37789607	3.30557728	3.25666165	3.22500420	3.21002412	3.18305516	3.13704705	3.07304168	3.00017285	2.94116139	2.91149330	2.90521526	2.91681051	2.94119382	2.94759989	2.93421435	2.91041255	2.88149452	2.84868312	2.85386801	2.88215637	2.92930222	3.00424767	3.12911987	3.18437696	3.18189955	3.09080195	2.88520622	2.54424310	2.32533574	2.30063438	2.50772619	2.87596703	3.22648335	3.31339359	3.21255016	2.76625538	2.06384730	1.44169736	1.37408626	1.29491615	1.18605566	1.14077759	1.36375892	1.72341835	1.68951356	1.54351914	1.42992127	1.35621774	1.28578877	1.24872029	1.22396028	1.20995295	1.22463918	1.35004663	1.67712772	1.97969186	2.18057251	2.35162568	2.70946288	3.04788709	3.23485470	3.21565962	3.01293349	2.66581321	2.20924497	1.84841454	1.75123298	2.04833508	2.14483690	2.03081369	1.96574640	2.08879471	2.41879630	2.53387475	2.45621347	2.30730557	2.15298629	2.00343251	2.03217769	2.13150144	2.20301104	2.19531393	2.10401917	2.15168667	2.34433031	2.42967081	2.22139716	1.59916675	1.21340716	1.14965260	1.15154302	1.19548619	1.49065781	2.45099211	2.86194181	2.83310127	2.52222824	2.13524175	2.01975179	2.38198042	3.06715012	3.64436293	3.40659833	3.31197619	3.50996232	3.75665784	3.84034371	3.58148098	3.20132923	2.93452692	2.96039271	3.32524490	3.94240093	4.46783257	4.67064667	4.63262749	4.28235054	3.39519095	2.89918113	2.87458491	2.91294408	2.83377647	2.68457699	2.67077804	2.70460296	2.77125025	2.85452414	2.93683457	2.97416782	3.02721047	3.13405848	3.28968763	3.44595385	3.45830774	3.47520280	3.57109928	3.78767848	4.13384581	4.29730177	4.32296276	4.34094763	4.40884781	4.51172829	4.49988365	4.46705389	4.47484922	4.53384352	4.60357666	4.58692265	4.55734587	4.53467178	4.53632879	4.57734299	4.65468550	4.73914909	4.81797123	4.86370897	4.83423758	4.74303150	4.63743782	4.54208899	4.46825552	4.41384506	4.41334772	4.41829395	4.42633104	4.43454075	4.43943310	4.42521620	4.42005920	4.42962122	4.44701529	4.45281219	4.43842983	4.44585562	4.46207237	4.48115253	4.50425720	4.52253914	4.52839279	4.52205229	4.50793791	4.49464941	4.47699594	4.48392725	4.49289322	4.48740959	4.45705366	4.42942381	4.41014004	4.40434647	4.40581703	4.39695883	4.38327932	4.35538578	4.32887650	4.30561304	4.27371740	4.24900913	4.21157742	4.17076302	4.13152885	4.09446239	4.08464956	4.08958912	4.09372520	4.08625221	4.06111288	4.03182697	4.00169802	3.97589970	3.95469189	3.93342233	3.94798565	3.96682310	3.99870491	4.04956102	4.12247896	4.20443058	4.27454185	4.32529259	4.35279703	4.35680294	4.36453581	4.36670113	4.37689447	4.39391994	4.40178585	4.40625429	4.41689682	4.44354630	4.48966789	4.55236387	4.57392788	4.56117153	4.54132462	4.53290272	4.54570961	4.59542465	4.66188431	4.73197842	4.79327297	4.83401394	4.84807825	4.85739326	4.86259937	4.86600590	4.87159395	4.87675810	4.87275219	4.86537170	4.85735559	4.84839201	4.87270260	4.90099525	4.90290022	4.87094307	4.82054329	4.78008080	4.78723145	4.83697748	4.90917349	4.96854353	4.92116499	4.81785297	4.70484972	4.63863850	4.68594885	4.82562399	4.98530817	5.09408712	5.13779354	5.15900803	5.82096004	7.03600645	8.13980770	8.87187862	9.37559032	9.23847866	8.83066463	8.61921120	8.19822407	6.28885698	4.85652447	3.92058301	3.80158687	4.22141933	4.30329514	3.75711417	3.24821043	2.90699267	2.77731109	2.81645918	2.88958549	2.89664173	2.85527706	2.79455709	2.75496411	2.77058887	2.81812453	2.86877513	2.89889264	2.88997602	2.86095095	2.85713363	2.88636231	2.94246721	3.00526500	3.02996683	3.02102637	2.98932958	2.94992399	2.92201781	2.92953515	2.96027684	2.99861479	3.03380251	3.05997419	3.09324956	3.14567327	3.20358849	3.25845051	3.30682898	3.34452581	3.36517882	3.36608267	3.34702945	3.31030774	3.28296351	3.26749563	3.26295877	3.26694131	3.27556372	3.29347157	3.31798840	3.34993052	3.38935304	3.43555045	3.47462344	3.51347637	3.54405379	3.56839347	3.59862471	3.64056826	3.67299008	3.70827031	3.73925376
-69.0000000	4.11976147	4.08815861	4.05094814	4.00269794	3.93806553	3.85179162	3.75418925	3.63604188	3.48849583	3.31262398	3.11942530	2.91171217	2.73828459	2.63645339	2.61809111	2.66963339	2.73370981	2.78308368	2.80395627	2.78989148	2.74181652	2.70208955	2.66561675	2.62384796	2.57446527	2.52138472	2.48068666	2.43462420	2.34423757	2.19832253	2.01342583	1.84947574	1.82484055	1.93755484	2.17276311	2.50271821	2.70937347	2.61222076	2.28984642	1.84075129	1.38335025	1.25854909	1.24845362	1.36451221	1.58174360	1.83873498	1.94422841	1.99963355	1.87956345	1.55209899	1.07878959	0.855108559	0.794024646	0.746863544	0.665614486	0.602929771	0.636700809	0.689453125	0.757678628	0.816253960	0.818439901	0.811792791	0.802531838	0.820830703	0.899068415	1.07182968	1.28288281	1.61753392	1.78113735	1.73176885	1.68022752	1.87425554	2.07557011	2.17488289	2.15068984	2.06927228	1.76153708	1.34207666	1.04404032	1.01223373	1.30311894	1.51974285	1.55982828	1.54581976	1.56532001	1.67109156	1.75620413	1.76315832	1.71400380	1.61995637	1.48139739	1.34843683	1.26165295	1.24583137	1.28740478	1.33445299	1.40011585	1.50137246	1.55796695	1.51530433	1.34445083	1.14748752	1.02403629	0.944626689	0.907693624	0.939576268	1.12072730	1.23195910	1.33491373	1.46512425	1.63201523	1.70113897	1.73422503	1.79788816	1.89328480	1.95611274	2.03955889	2.18733692	2.32462478	2.37729549	2.27192068	2.11133099	1.97270334	1.91636574	1.96606791	2.10898161	2.31158900	2.53923440	2.69682670	2.69573760	2.45380139	2.06454182	1.85434461	1.72595894	1.61849749	1.50743675	1.44452560	1.40739608	1.43044376	1.52801716	1.69441772	1.79961014	1.85405493	1.96099341	2.16893888	2.47167635	2.61500192	2.58635974	2.58641148	2.73822165	3.08725786	3.24562955	3.23277450	3.20500207	3.23111200	3.29239726	3.29542780	3.37340307	3.50845170	3.67581415	3.84383917	3.99126673	4.07665300	4.12975168	4.16329956	4.17301559	4.22848558	4.34724569	4.52147675	4.70565224	4.81653976	4.81602287	4.70593643	4.55559301	4.40909147	4.28532028	4.23267365	4.19816589	4.16697311	4.13678122	4.11778641	4.11068439	4.10382462	4.10317564	4.10283375	4.08502626	4.06475782	4.07332563	4.09213257	4.11094046	4.12786961	4.14315128	4.14716196	4.14085484	4.12718105	4.11109114	4.11575413	4.13146019	4.14459038	4.14482594	4.12514925	4.11111212	4.08847046	4.07398748	4.07117414	4.07029295	4.07444096	4.06869650	4.06047106	4.05137205	4.03720808	4.00798178	3.97234917	3.93930268	3.90924597	3.87399244	3.85059643	3.85090804	3.85912681	3.86266756	3.85215998	3.82768989	3.80037308	3.76974130	3.73930573	3.71655607	3.71459174	3.71772695	3.72569132	3.74202871	3.77409792	3.82342577	3.88264084	3.93720031	3.97891235	4.00593615	4.02836847	4.03789759	4.04771233	4.06051922	4.06854248	4.08134651	4.08779287	4.09367514	4.10179520	4.11196136	4.12559128	4.13257408	4.14514351	4.16948128	4.20571566	4.23933744	4.26836634	4.29013443	4.31309032	4.35680294	4.44447422	4.54403067	4.63178396	4.68879604	4.70087385	4.66956234	4.62662649	4.59534502	4.58540440	4.59289598	4.62420416	4.61299753	4.56759930	4.49757767	4.41374683	4.34169340	4.33962297	4.40851641	4.51742744	4.60348177	4.56985855	4.46822691	4.36414003	4.32420540	4.41608763	4.65194464	4.96410847	5.25854158	5.50063658	5.71521187	6.44482470	7.72414255	9.00387859	9.84534359	9.92044163	7.99341536	6.54685736	6.92652655	8.16499805	6.98166561	5.29767036	4.16996479	3.83297873	4.11134481	4.41990042	4.03438759	3.50521326	3.04335809	2.76843691	2.70870018	2.76707721	2.79243684	2.76040363	2.68132162	2.60025167	2.57079172	2.60934615	2.68648839	2.76997399	2.82474232	2.82737803	2.82121062	2.82451224	2.84591007	2.88438511	2.92876220	2.93874431	2.91830611	2.87754130	2.83266139	2.81099606	2.81105781	2.82357335	2.83968329	2.85094213	2.85532308	2.87128592	2.89560294	2.93087745	2.98554468	3.05765700	3.13507843	3.20105672	3.24266696	3.25081062	3.24947953	3.26941895	3.31476188	3.38504267	3.47519445	3.57286596	3.67785454	3.78472114	3.88960981	3.99024534	4.08825493	4.16234446	4.20438862	4.21605873	4.20882273	4.17430115	4.14796591	4.13785124	4.14038467
-70.0000000	3.45802712	3.20708680	3.04413152	2.92797494	2.82484055	2.70836186	2.55391765	2.36019731	2.18437362	2.06114173	2.00272036	1.89637125	1.78204978	1.68762612	1.62780249	1.60411215	1.64423680	1.74010015	1.79252493	1.75962555	1.65680814	1.64235175	1.65242398	1.65164328	1.63366652	1.62118912	1.63015604	1.58622515	1.47634912	1.32677853	1.20306349	1.04017425	0.934979796	1.03046238	1.34796619	1.78719759	2.02182961	2.02297735	1.82332301	1.49425197	1.14585280	0.913601458	0.740141869	0.624537289	0.574753404	0.607658207	0.654398978	0.710679054	0.744091630	0.722067475	0.611874163	0.508095503	0.456760943	0.433960438	0.416459560	0.381699324	0.358493358	0.372893244	0.419093043	0.481356889	0.534018993	0.552308261	0.535656393	0.539371550	0.609808683	0.784369171	0.938601255	1.10543358	1.14134395	1.07806110	1.12256563	1.16005445	1.10371315	1.10204709	1.27085876	1.69324613	1.75344837	1.49121237	1.14898682	0.887921810	0.787868798	0.776413262	0.767886400	0.761810005	0.763959706	0.786364853	0.850262880	0.913909018	0.955182552	0.958176970	0.913200438	0.847907901	0.785511851	0.749948859	0.751799464	0.788288116	0.857871652	0.911747098	0.946893573	0.960194111	0.948436081	0.925158143	0.899352312	0.878671110	0.866522014	0.862066686	0.815599859	0.756299913	0.730316997	0.770882368	0.898307979	1.03263736	1.07423544	1.06389523	1.04364717	1.05675888	1.10431397	1.15173197	1.17978704	1.17683160	1.13879633	1.08125079	1.03022397	1.00268543	1.00620019	1.03892875	1.08670819	1.17005682	1.24715304	1.29031026	1.28597879	1.23926830	1.18607032	1.13015270	1.07042754	1.00095153	0.959926069	0.930167019	0.919957876	0.939423978	1.00053334	1.06196392	1.10848749	1.17321742	1.27508664	1.41884768	1.51978087	1.54174888	1.56650114	1.65324581	1.83865082	1.97691929	2.05873060	2.08422947	2.04212689	1.90969944	1.86394000	2.04546833	2.47423029	2.96182013	3.11147904	2.95429087	2.91215205	2.99687290	3.12994981	3.14256597	3.17482519	3.28274107	3.53621840	3.83695364	3.91843534	4.15014458	4.32396555	4.40230227	4.37005186	4.23460579	4.08247519	3.97568154	3.90652370	3.86366606	3.83213949	3.80893850	3.77813768	3.75413275	3.74007940	3.72789788	3.72693300	3.74151611	3.76191425	3.77903390	3.78441954	3.76789880	3.76041508	3.76050544	3.76898217	3.78892994	3.81960893	3.83806920	3.83751845	3.82114196	3.80210066	3.79492688	3.78100538	3.77535820	3.77999115	3.78389239	3.77632165	3.75615716	3.72945166	3.70449090	3.69179368	3.68762302	3.68278837	3.67282915	3.65394998	3.62302017	3.61022401	3.59708858	3.59069824	3.59187293	3.59516454	3.58838701	3.57468033	3.56367970	3.56165528	3.57151103	3.59295917	3.60745502	3.61588526	3.62398744	3.64234853	3.67410970	3.71356964	3.75369716	3.78775358	3.80929375	3.82199717	3.83845901	3.84795928	3.84608507	3.83473206	3.80970073	3.78564024	3.76646304	3.75125456	3.73426914	3.73186374	3.73954177	3.75804996	3.77998328	3.78978539	3.78763700	3.79442215	3.81502581	3.85794425	3.93528509	4.08328009	4.24388361	4.39491367	4.51668072	4.59198761	4.61305904	4.60909939	4.58856916	4.54864836	4.47523212	4.39555359	4.28590536	4.16828060	4.06412458	3.99433351	3.98043799	4.02382517	4.11329031	4.21833420	4.28916502	4.22857714	4.13123560	4.05749226	4.06451797	4.20630121	4.54538155	4.95938015	5.34137249	5.62083149	5.76363039	5.83904552	6.22788382	6.95056963	7.54616117	7.07235193	5.17804384	4.30138302	5.86114311	8.29614830	7.06527233	4.62781572	3.93343306	3.77171969	3.67395282	3.91309071	3.94423604	3.66980696	3.27542448	2.90688491	2.67015886	2.65569043	2.68147349	2.69083166	2.65241909	2.56022072	2.47114396	2.44835758	2.48820686	2.57434273	2.67772293	2.75861788	2.80029655	2.81034851	2.79948425	2.78153300	2.76958466	2.75786543	2.75184774	2.75035787	2.74557567	2.72544718	2.69794440	2.67190552	2.65695333	2.66349435	2.69301295	2.72673750	2.76589847	2.80722332	2.84293532	2.90130901	2.97165012	3.05189729	3.14082074	3.23801994	3.34594321	3.46232605	3.59145713	3.73397589	3.88687348	4.03524637	4.18215752	4.32603693	4.45849276	4.56431103	4.55638456	4.51910639	4.47439051	4.42610359	4.36006117	4.21606636	4.02796745	3.85425353	3.74578309
-71.0000000	2.17739797	1.73217916	1.64126050	1.72125137	1.81523395	1.79276407	1.61937761	1.41214287	1.25645506	1.19771254	1.24131548	1.23528326	1.19197631	1.12456381	1.04565907	0.967319012	1.03342593	1.25388038	1.40593171	1.36331761	1.09626424	1.01932323	1.04171216	1.06919897	1.06496358	1.04959881	1.01972210	0.931096375	0.842576563	0.813929498	0.905834317	0.834382415	0.676100850	0.569303095	0.590096235	0.752380550	1.01056123	1.22485757	1.32390106	1.26362240	1.02725053	0.792955577	0.669947863	0.583897710	0.502648592	0.436216772	0.414776027	0.406827420	0.412211090	0.422298968	0.419994593	0.375708103	0.318962574	0.273571312	0.249490038	0.242817029	0.250271857	0.265195429	0.294751018	0.339639306	0.394098520	0.411600858	0.392311692	0.386015654	0.433023095	0.564170063	0.636180043	0.663803697	0.668560743	0.680087268	0.736135781	0.598540068	0.539713025	0.573751867	0.721561432	1.01085377	1.10762215	1.00105715	0.846037209	0.733736813	0.691626489	0.668858111	0.652982295	0.640661240	0.631913006	0.630111575	0.648813128	0.675202012	0.694721699	0.697902858	0.680362761	0.683851779	0.665230513	0.633212626	0.607492507	0.618744671	0.661011815	0.686048031	0.700300157	0.706097066	0.701649845	0.699200869	0.706368268	0.722983181	0.747061372	0.774803340	0.742746115	0.691458106	0.638722658	0.595425606	0.565554798	0.605465412	0.663376153	0.706421614	0.722715139	0.721349299	0.754886210	0.786395490	0.803412676	0.805602670	0.804759920	0.776779115	0.741295099	0.715502441	0.707173824	0.714659512	0.726183474	0.730043828	0.729802608	0.727943838	0.725873590	0.734027267	0.745528638	0.748257816	0.737054944	0.713719964	0.696931660	0.682824671	0.670051098	0.663510561	0.674350619	0.704873860	0.741192997	0.778535187	0.813066006	0.841889918	0.867729604	0.892101228	0.925346017	0.980897188	1.07527971	1.19479573	1.26409531	1.25802135	1.17483914	1.03623688	0.958406091	0.973974645	1.23338234	1.72551048	2.27768183	2.11808753	1.92159998	1.90024471	2.03821731	2.09188128	2.03600669	2.13764668	2.41698837	2.70789409	2.65789914	2.82728672	3.14184475	3.45773864	3.67470312	3.73604250	3.62185264	3.53291297	3.48643780	3.48527408	3.51790333	3.52531004	3.49514294	3.44609380	3.39453459	3.35451794	3.36455750	3.39102197	3.42732525	3.46239185	3.48065829	3.47359252	3.46493959	3.46128678	3.46709752	3.48471212	3.51924324	3.54308105	3.54796982	3.53352284	3.50722408	3.48274541	3.46300268	3.45449686	3.45637441	3.46042657	3.46196485	3.45091915	3.42551780	3.39575267	3.38337994	3.38909602	3.40310407	3.41244912	3.41150689	3.40198207	3.38393354	3.36465502	3.34169102	3.32438183	3.33386350	3.34477258	3.35686493	3.37227917	3.39503670	3.43104243	3.47081733	3.50672340	3.53828144	3.56928635	3.60780644	3.63711858	3.66452312	3.68804908	3.70597172	3.71681523	3.70917654	3.68911195	3.66552806	3.64612794	3.63741040	3.64676428	3.64759469	3.64094400	3.63189864	3.62958884	3.64017701	3.65374970	3.65329695	3.63507104	3.60858297	3.61049747	3.64645195	3.72093773	3.83254933	3.97398782	4.13429213	4.34349537	4.60193586	4.86991119	5.06767845	5.19384527	5.32637739	5.36397028	5.24879313	4.96649647	4.74886131	4.57380247	4.42742538	4.31572485	4.26458502	4.25980759	4.26739645	4.26707125	4.24128580	4.17522812	4.09917402	4.07818127	4.12276268	4.24162531	4.44167376	4.66855097	4.83132601	4.93468428	4.99165964	5.02363014	4.88118505	5.02961683	5.54679871	5.99603510	5.42605972	3.72940278	3.36250496	5.17447329	7.41410780	5.72990561	3.29908347	2.99361444	3.16251564	3.15566564	3.32380462	3.68007159	3.63330555	3.36138821	3.01375461	2.71139288	2.62160659	2.62876177	2.66425228	2.67423296	2.61961913	2.51874924	2.43960690	2.40670562	2.43103337	2.51005316	2.61690450	2.68812728	2.72192454	2.71572399	2.66617680	2.60641837	2.57468939	2.57272863	2.59581065	2.63274550	2.64811730	2.63622165	2.60977364	2.58351445	2.57420850	2.60555077	2.66116285	2.72879481	2.79964709	2.86837339	2.92526603	2.98209953	3.06255841	3.18523097	3.36361074	3.60439968	3.85753965	4.10012197	4.31135941	4.47258520	4.48192215	4.35368443	4.22137308	4.19031954	4.33768749	4.08416224	3.77928710	3.64024043	3.70120263	3.81335711	3.74646068	3.52482915	3.21024251	2.94327044
-72.0000000	1.70028472	1.20344448	1.05549908	1.10300887	1.21915758	1.30375421	1.24336731	1.14358807	1.04681027	0.973174334	0.920566916	0.909342468	0.938294291	0.948789775	0.891549349	0.726646781	0.736476481	0.899122059	1.03589952	1.04305589	0.891769946	0.770941615	0.700647295	0.683197260	0.721701741	0.820070922	0.872621000	0.861060023	0.825413108	0.793391466	0.780392110	0.721771121	0.607314825	0.477678716	0.369553536	0.315665603	0.366721213	0.445903450	0.518591821	0.563566327	0.573007226	0.558917642	0.549296677	0.526509166	0.481127679	0.411932319	0.355303317	0.311739117	0.281938821	0.264491975	0.255878568	0.246100485	0.234067991	0.222511515	0.211878717	0.200334579	0.216244459	0.247213140	0.278275192	0.300602883	0.311506182	0.315775305	0.318908393	0.326905936	0.348380804	0.394558191	0.380194247	0.380433440	0.427104205	0.508380890	0.568783939	0.464839309	0.428979874	0.401380777	0.361610979	0.328633368	0.363083184	0.385402501	0.396910220	0.403600693	0.416143328	0.436014682	0.461928755	0.492185444	0.523020327	0.548604846	0.554341555	0.550781369	0.544699728	0.538774431	0.531586170	0.533709645	0.533636093	0.528627336	0.519810021	0.512176037	0.520903647	0.533544421	0.543845117	0.548405170	0.546676099	0.539487064	0.538441539	0.546358585	0.563510895	0.587624967	0.592563510	0.581127226	0.556894183	0.521364689	0.473961711	0.445720196	0.442412734	0.451814651	0.466711253	0.484897822	0.503900170	0.526720226	0.545921981	0.558542728	0.566093266	0.568065047	0.563832223	0.550943792	0.531407893	0.511691451	0.510774970	0.500287175	0.480033159	0.455102921	0.435871691	0.434682071	0.446122915	0.461398512	0.474281013	0.481110096	0.469965845	0.453875989	0.446207434	0.451870620	0.467319131	0.482808441	0.499162436	0.515493095	0.529284656	0.536393464	0.536779463	0.540069044	0.552017927	0.574982584	0.607920289	0.655377209	0.688232362	0.685983539	0.644472599	0.575884938	0.523504555	0.518155456	0.599771321	0.768570244	0.985055208	1.02156866	1.03258348	1.05227470	1.10039902	1.18229508	1.29497945	1.30319500	1.31931090	1.39752197	1.53384686	1.71848249	1.99724245	2.32040548	2.63603806	2.88999534	2.94265938	2.97463679	3.03005648	3.11894393	3.21722198	3.25224495	3.25513482	3.22939849	3.18605089	3.14361644	3.12018299	3.11628032	3.13771725	3.17520475	3.20435643	3.21573400	3.20818901	3.18839478	3.16771221	3.16219115	3.16756964	3.17885113	3.19213247	3.20094562	3.19625354	3.17912960	3.15821981	3.15012932	3.15660930	3.16455269	3.16766191	3.16306806	3.14664125	3.12046719	3.09284806	3.09249473	3.10831642	3.13881326	3.17300725	3.19043922	3.19926715	3.20396781	3.21198606	3.22959423	3.26189423	3.33408403	3.43151069	3.54661489	3.66863179	3.78359222	3.88357759	3.96058655	4.01769447	4.06307364	4.10999680	4.18833590	4.27381325	4.35079336	4.40472698	4.42215586	4.35110235	4.25388145	4.15834093	4.08607244	4.05241156	4.04774284	4.05211449	4.04881382	4.02627325	3.97807121	3.90533710	3.80191159	3.69590449	3.60349488	3.52893114	3.52170420	3.56764340	3.65921021	3.78061056	3.90779424	4.00975561	4.17314863	4.43606853	4.72372723	4.84844732	4.91519213	5.14285421	5.35794497	5.45216084	5.38238382	5.39306211	5.39990330	5.38811207	5.36650610	5.36751318	5.40337610	5.41574955	5.39867878	5.34908438	5.26676035	5.17989159	5.15434361	5.23621988	5.40739536	5.58551693	5.50636911	5.30617619	5.08100271	4.89737320	4.79227448	4.69899225	4.81971264	5.05946636	5.09938240	4.39668751	3.09471989	3.30085945	5.06857204	6.69435787	4.71774769	2.79530907	2.60985661	2.86309695	2.97165942	3.06709552	3.45377851	3.53629470	3.42661738	3.20029163	2.89643550	2.70614219	2.62658143	2.60383916	2.59240198	2.55515909	2.48097944	2.39732099	2.32842350	2.29329491	2.30571175	2.36607933	2.43113160	2.48900819	2.52507710	2.52193356	2.49348164	2.47123146	2.45929813	2.45956326	2.47167420	2.48929763	2.51700592	2.54786062	2.57744145	2.60384512	2.62497044	2.66990066	2.73985100	2.83656931	2.96233320	3.12246728	3.29433465	3.47358274	3.65441585	3.82959366	3.97583199	4.09269857	4.19811296	4.30383873	4.41548491	4.22977877	3.72193623	3.23167515	2.97676563	3.05302835	2.93261313	2.76742339	2.83016086	3.16114807	3.56832814	3.59350562	3.37151814	3.01285386	2.70313978
-73.0000000	1.45169783	1.08513427	0.766536593	0.520093143	0.359912008	0.290020823	0.280366182	0.282882869	0.289268851	0.294515193	0.296906054	0.311850339	0.334753513	0.355927259	0.369445354	0.373143464	0.429306835	0.524698377	0.589916289	0.590149760	0.525179386	0.442584693	0.346931249	0.288414150	0.301319271	0.404022902	0.562669933	0.696362257	0.724592924	0.655086517	0.583798349	0.556556642	0.512925744	0.446818650	0.365991443	0.292043149	0.258468121	0.259617537	0.279262155	0.303179651	0.319154948	0.323215961	0.322586119	0.315603763	0.298722982	0.266513348	0.229138806	0.203374103	0.186235622	0.174232662	0.163367510	0.158919841	0.163687259	0.175298363	0.192027807	0.212796181	0.227993086	0.235715076	0.240319446	0.243507400	0.244324058	0.245512873	0.256015331	0.277665794	0.309375763	0.347133517	0.312000334	0.252830774	0.211332515	0.234978929	0.377008766	0.476279318	0.453003645	0.390564322	0.334280610	0.291408449	0.325502545	0.363307953	0.381118536	0.373093724	0.351258218	0.337793857	0.335093111	0.342514455	0.356336564	0.369758397	0.361454755	0.345683068	0.335680991	0.335933834	0.342174470	0.345732123	0.348612159	0.349877566	0.347351134	0.337615639	0.338605106	0.344950676	0.353231311	0.361199260	0.367780387	0.370062977	0.371556163	0.373352110	0.376604676	0.382529259	0.394262552	0.400330156	0.395814031	0.382104129	0.366898477	0.348022550	0.329026967	0.317810357	0.317109257	0.324498564	0.331495613	0.337961197	0.342194289	0.343898267	0.344180912	0.344995677	0.343213350	0.338775247	0.330218285	0.314674616	0.290297061	0.270631194	0.255655020	0.243177503	0.228838697	0.224551812	0.229327247	0.243740380	0.265043020	0.287163496	0.288266808	0.283196211	0.285253614	0.298024267	0.315376908	0.323128372	0.331198126	0.339971483	0.348540902	0.354705662	0.357755601	0.363859057	0.376279265	0.395607948	0.419765741	0.429907203	0.426128656	0.417441934	0.410394281	0.409068257	0.423727989	0.467353195	0.531406522	0.596181571	0.630802393	0.598857939	0.571450472	0.593745589	0.686428785	0.845705450	0.949415982	0.963206470	0.982348442	1.05359375	1.17517352	1.31313407	1.52189279	1.77549303	2.03413844	2.24419379	2.31786060	2.38294744	2.47446299	2.60225773	2.75102496	2.85243869	2.93233943	2.98964977	3.02658224	3.04863954	3.04604769	3.02700543	3.01637816	3.02209949	3.03517318	3.01975250	3.00656128	2.98580050	2.95342183	2.91112614	2.88530159	2.87676096	2.88018370	2.89052486	2.90301514	2.91321874	2.91879606	2.91765976	2.91358757	2.91622043	2.90435719	2.88428259	2.86119199	2.84379363	2.84430909	2.86995912	2.92312050	2.99646139	3.08300471	3.17612791	3.27698541	3.37805915	3.48573208	3.60322261	3.73058510	3.88433790	4.05046511	4.21331835	4.36409140	4.50082445	4.60474300	4.67613363	4.69363689	4.66119576	4.60804892	4.72643280	4.86908436	4.98610735	5.07325315	5.17192125	5.06199408	4.90344715	4.78718233	4.74171305	4.73316288	4.69880867	4.67087460	4.65386963	4.63850975	4.60172319	4.51616144	4.40386486	4.28309679	4.16497803	4.05347919	3.95761943	3.89964104	3.86792135	3.85108876	3.83802295	3.78591156	3.70987439	3.62431526	3.53889465	3.45853400	3.54964948	3.76419520	4.06534243	4.41167641	4.75719166	5.05800772	5.30589628	5.52190638	5.73037958	5.95894766	6.12969875	6.23715019	6.31959629	6.37837076	6.37784719	6.12388515	5.90873480	5.96760416	6.28950548	6.61725712	6.40329981	6.09421825	5.79888773	5.55478954	5.32801056	5.28994608	5.21644783	4.91057348	4.34567165	3.66538143	3.31489372	3.99172997	5.02764845	5.36143589	3.53890967	2.48327899	2.55773807	2.82307029	2.86548567	2.79661989	3.15813637	3.37142181	3.44508028	3.36651850	3.10194421	2.84587955	2.66774201	2.55765772	2.49066949	2.42673779	2.35060000	2.27421212	2.20688844	2.15891314	2.14153910	2.16014433	2.20431876	2.26185346	2.31691575	2.35004830	2.34383106	2.32375145	2.30472159	2.29975319	2.31995749	2.39559579	2.49811602	2.61170340	2.72406936	2.82645297	2.90339923	2.97856307	3.07664776	3.20876026	3.37241030	3.54163790	3.70246100	3.79057336	3.76772285	3.62171316	3.42923594	3.26460171	3.21923447	3.31966257	3.52752376	3.34389925	2.96405244	2.60331464	2.34788060	2.15480924	1.97380114	1.85764980	1.87978351	2.04837322	2.30633092	2.31560397	2.24625468	2.08990216	1.92704129
-74.0000000	0.611393332	0.493299872	0.390101165	0.309767604	0.256271392	0.229586229	0.228363916	0.227136865	0.220257312	0.207419932	0.193662018	0.184088126	0.175991759	0.169289798	0.164816365	0.164322779	0.175572634	0.195391223	0.215760008	0.228162453	0.223584309	0.202372059	0.176703066	0.155990034	0.149406388	0.165886477	0.218689308	0.270225585	0.302160144	0.311904162	0.312615186	0.314885229	0.307618767	0.289008439	0.261715978	0.232872203	0.207307398	0.187349349	0.174718201	0.168638423	0.165838823	0.165925890	0.170301303	0.175548643	0.178584829	0.176660269	0.165980056	0.153287321	0.141994834	0.134500906	0.132189378	0.135627538	0.144232124	0.160488322	0.183911279	0.211046249	0.226117894	0.230377287	0.233468100	0.240852430	0.253810972	0.270221025	0.289085001	0.307951927	0.325072259	0.339397639	0.330558568	0.278561890	0.210165352	0.159501895	0.168080077	0.203590855	0.235649124	0.270898759	0.310797840	0.351618767	0.367845297	0.362428606	0.348006010	0.331716597	0.315201104	0.306677341	0.299220264	0.291204423	0.281424373	0.269094765	0.248521253	0.231214121	0.223113075	0.225059941	0.232798666	0.238805324	0.241181910	0.241249770	0.240068421	0.238435611	0.236023352	0.235304490	0.236120105	0.238325223	0.241788730	0.246864870	0.252262294	0.255336225	0.255857110	0.256010979	0.258571535	0.261733145	0.264775753	0.268210024	0.273777574	0.271487653	0.259256542	0.242111668	0.226045772	0.218017042	0.217940331	0.219242528	0.221283063	0.223126784	0.223543957	0.218263432	0.212860674	0.208009243	0.203451067	0.197996750	0.189568684	0.179856300	0.171932846	0.167678073	0.167778328	0.169349998	0.170133680	0.171687141	0.174925953	0.180123627	0.185205132	0.189126790	0.192917332	0.197341427	0.202899829	0.211853072	0.221794590	0.231448233	0.239268750	0.243441865	0.246235564	0.248877585	0.253203988	0.261361599	0.275807738	0.295634568	0.317735404	0.337281138	0.351878375	0.361569345	0.388728768	0.422512382	0.442491531	0.446906209	0.452665061	0.541325390	0.662816048	0.772048712	0.857150853	0.939466417	1.04072046	1.11785591	1.16425133	1.19065261	1.22517383	1.26113987	1.33075464	1.43271804	1.54861605	1.64291906	1.70957220	1.77817893	1.86427748	1.98069477	2.13754678	2.29323554	2.47135234	2.66456628	2.84799933	2.97922826	3.04047537	3.06594610	3.04760122	2.98842907	2.90244699	2.83224273	2.77304077	2.73703837	2.71602535	2.68138480	2.64685297	2.61674380	2.60237098	2.60408497	2.61127162	2.61477470	2.61982083	2.63140011	2.64969277	2.67006993	2.69163895	2.71933174	2.75604296	2.80492401	2.86938524	2.97969818	3.11572146	3.28917599	3.51080823	3.79038763	4.07352209	4.34560013	4.58710337	4.78845835	4.95003462	5.09541035	5.22481585	5.32517147	5.39006710	5.41976070	5.44506121	5.43026114	5.30781555	5.06018639	4.71984625	4.60801458	4.67738342	4.79752970	4.90718746	5.01424265	5.00424910	4.94239426	4.91340351	4.94275522	4.99668121	4.96078348	4.89673328	4.86958742	4.90112591	4.96985626	4.91273737	4.82466221	4.78434229	4.80372286	4.82798147	4.69785070	4.52591801	4.36877441	4.23891115	4.10471916	3.90502453	3.60239530	3.25954008	2.95830131	2.79965377	2.99755573	3.32900977	3.70350552	4.05248642	4.32935286	4.31425810	4.18505430	4.11506033	4.19833565	4.44968081	4.85497761	5.35512781	5.96516752	6.54700136	6.80940247	6.43228388	6.12874937	6.05304527	6.20620108	6.43603182	6.32723284	5.95991659	5.65984058	5.62631893	5.93221617	6.53718901	6.94964457	7.03216887	6.78694296	6.35574007	5.92279959	4.98246288	3.77344847	2.64527893	2.05827761	2.25812531	2.56571722	2.78164339	2.85186481	2.86771059	3.16508961	3.30214763	3.33095098	3.26160765	3.06226540	2.85690475	2.68408108	2.55482602	2.46009636	2.37077737	2.28505898	2.20581770	2.14158082	2.09748626	2.07528186	2.07388020	2.09341669	2.13313556	2.18318367	2.22461176	2.24492359	2.25355268	2.26705980	2.29926324	2.36123753	2.47926664	2.63191056	2.79640150	2.96017909	3.12089205	3.27016783	3.42249846	3.53329086	3.57486820	3.53647733	3.55850720	3.58437228	3.56964588	3.48125267	3.29746890	2.98004127	2.62316966	2.36492443	2.29666996	2.46306562	2.63376832	2.59504914	2.40598369	2.12912202	1.83048940	1.48097837	1.13818181	0.865626097	0.700911582	0.655712664	0.688546598	0.726123452	0.737338960	0.724793792
-75.0000000	0.277733326	0.269706070	0.270825595	0.277920246	0.287119955	0.293856055	0.286779076	0.267232418	0.239962757	0.210961178	0.187463224	0.173164010	0.162467301	0.153651208	0.146209091	0.140849501	0.139182732	0.138508156	0.138356566	0.137926564	0.136084586	0.131827772	0.126926824	0.122911446	0.121324033	0.123719685	0.134453997	0.150359303	0.168220624	0.184542820	0.195550472	0.198607564	0.199338347	0.198303461	0.194999978	0.187861413	0.175747305	0.162920713	0.150714278	0.140039414	0.131386325	0.126141265	0.122658104	0.120920576	0.120884523	0.122477949	0.123631984	0.123408623	0.123106055	0.123683520	0.125761196	0.133879617	0.147154659	0.164216489	0.183862612	0.205057859	0.227376625	0.246487916	0.261056066	0.272142649	0.283206701	0.301811218	0.317391247	0.317674130	0.307507813	0.308860749	0.356495291	0.392343909	0.387119949	0.341565311	0.286450624	0.277566850	0.289047599	0.310961604	0.331117183	0.335062653	0.314910859	0.286645532	0.263105780	0.249433801	0.243074849	0.242070049	0.241330788	0.239827096	0.236535162	0.230437428	0.221033946	0.213163495	0.209012508	0.208952919	0.211542115	0.209784925	0.205327407	0.199405700	0.194422260	0.193945825	0.191527143	0.187487081	0.183571905	0.180889904	0.179911301	0.181796893	0.184221148	0.185661122	0.185676232	0.184908196	0.183345869	0.183547691	0.185287684	0.187632665	0.188942134	0.187835336	0.184047446	0.178100303	0.171253353	0.165503770	0.163821071	0.160802960	0.154852927	0.146447867	0.138138056	0.133935407	0.131904989	0.131364524	0.131650478	0.132118255	0.132414237	0.131450683	0.129646912	0.127891451	0.127542093	0.130123720	0.133090317	0.135198653	0.135778174	0.134731114	0.133127794	0.132712826	0.133697912	0.136550263	0.141992494	0.150380254	0.158162534	0.164254397	0.167784244	0.168093801	0.168106765	0.172146261	0.182876989	0.201671287	0.228608936	0.261429757	0.287423968	0.298356950	0.291382849	0.269044548	0.248428762	0.242638797	0.255727351	0.289831877	0.345174879	0.422859818	0.486460447	0.526390970	0.552279413	0.592967689	0.604987323	0.667260230	0.755195141	0.849513650	0.936250865	0.991393507	1.03543329	1.07674658	1.12433171	1.18781042	1.27627623	1.37722695	1.48839879	1.60977256	1.74357390	1.90861511	2.11534858	2.37883377	2.67264533	2.92887354	3.05487084	3.11710858	3.10986996	3.03544307	2.90412307	2.74051595	2.60576034	2.50474334	2.43291283	2.37627697	2.34713531	2.33559561	2.33701205	2.34794450	2.36615825	2.38980579	2.41838622	2.46090817	2.52011442	2.59248185	2.68959999	2.80429411	2.94104671	3.10141110	3.28401089	3.46046758	3.65276575	3.88137937	4.16043329	4.49770069	4.80303431	4.97743702	5.01833534	4.95785809	4.86283112	4.88542080	5.00656319	5.15965128	5.31228685	5.46628094	5.63310242	5.73655605	5.70997381	5.53436422	5.23840570	5.02593279	4.95072556	4.96087170	4.99789667	4.99676228	4.93279123	4.83734941	4.72505522	4.62003946	4.55594063	4.54114580	4.52952099	4.53864765	4.58003855	4.65913630	4.72559547	4.77345276	4.83068323	4.88452196	4.88146782	4.68939781	4.53248453	4.47446632	4.50660563	4.54768801	4.40777779	4.08630037	3.67526507	3.29983616	3.11833477	3.20024014	3.23674989	3.20243573	3.10964870	3.00851703	2.88434076	2.71803188	2.55060482	2.41833830	2.35277581	2.39380407	2.51214480	2.70964837	2.96105647	3.21400452	3.23361015	3.18142247	3.22513199	3.42509174	3.73431683	3.87028098	3.80731010	3.62945580	3.40338445	3.17837501	3.03628397	2.82073450	2.57856917	2.33830619	2.11013937	2.00561810	1.99508774	2.02565813	2.08225918	2.18764210	2.41613650	2.54158020	2.62987971	2.73906827	2.91930342	2.98107576	3.06134200	3.04803538	2.93422985	2.81813741	2.72213030	2.63828635	2.54252815	2.42970896	2.31360936	2.20308852	2.11887360	2.06470490	2.03782463	2.02897739	2.03607106	2.05444360	2.07692003	2.10110044	2.12935758	2.17073870	2.22670102	2.30662012	2.41683555	2.56065273	2.75171709	2.94682264	3.12687302	3.28039122	3.40352011	3.47006559	3.42872334	3.29290771	3.12101603	3.01642895	3.09819484	3.18183494	3.22233415	3.19667077	3.10381651	2.99968600	2.88244534	2.71458220	2.50001693	2.28410244	2.14503956	1.97965646	1.75625074	1.47013497	1.14363682	0.845628500	0.630318880	0.498709172	0.434749484	0.405339360	0.381269634	0.353862286	0.325407952	0.304116398
-76.0000000	0.283664852	0.289564043	0.298683047	0.306188881	0.307969391	0.300633311	0.280262440	0.251985818	0.221109793	0.193237796	0.174270391	0.166628301	0.161309853	0.156087801	0.150428444	0.145491555	0.142539084	0.139171138	0.135591865	0.131989017	0.128533840	0.125980631	0.124685995	0.124342248	0.124133728	0.122736908	0.118723340	0.115017831	0.112826914	0.112629823	0.114178464	0.115925245	0.117232531	0.118070491	0.118486397	0.118604623	0.118394226	0.116878778	0.114402220	0.111415505	0.108476527	0.104923487	0.100995250	9.71101820E-02	9.40915197E-02	9.31674019E-02	9.60623398E-02	0.100676939	0.106379643	0.113037221	0.121014766	0.133438155	0.149104878	0.166294113	0.184206739	0.202965394	0.224190861	0.242491245	0.253548503	0.259432018	0.268598527	0.297489166	0.331776887	0.354733735	0.358797938	0.345574141	0.343788356	0.347151339	0.351045161	0.352272183	0.349055201	0.347478390	0.345238060	0.340765834	0.332577378	0.319272280	0.301873744	0.282989740	0.265893072	0.252414137	0.242940888	0.236423954	0.231060848	0.226446509	0.222305298	0.218491092	0.215124056	0.211972028	0.208444461	0.203783140	0.197062269	0.186865568	0.175980568	0.166467056	0.159810409	0.156921461	0.155284837	0.150939375	0.144923225	0.138459757	0.132957518	0.131342813	0.132217631	0.134413853	0.136901498	0.138788700	0.137689039	0.135463297	0.133110553	0.130970091	0.128721416	0.127928257	0.129002094	0.131387666	0.133698449	0.133716732	0.129530534	0.123598874	0.117816895	0.113251328	0.110140435	0.108269498	0.106722705	0.105963357	0.106225468	0.107513726	0.109749041	0.111058690	0.110835984	0.109293409	0.107462667	0.107482582	0.108982407	0.111570083	0.114779636	0.118071161	0.119738817	0.121642150	0.124254405	0.128022969	0.133369312	0.138552055	0.142023936	0.144267440	0.145775661	0.147052124	0.151513875	0.160806745	0.176468715	0.197690502	0.221315414	0.236670449	0.236032069	0.219021499	0.191255674	0.164347440	0.153358415	0.163766161	0.203247279	0.271821767	0.361852884	0.411313474	0.406888366	0.394518524	0.399814278	0.428055525	0.456022918	0.498052120	0.546735823	0.597421229	0.648210108	0.718533516	0.786091864	0.856899798	0.935757875	1.02625251	1.12598693	1.22728050	1.32952929	1.42979193	1.52278912	1.67094553	1.87862563	2.15338564	2.46813893	2.76115847	2.93671608	3.01008272	3.01299167	2.95989299	2.84795284	2.70847487	2.59737730	2.51605654	2.45900583	2.41381550	2.38725257	2.37133265	2.36207271	2.36146498	2.37747526	2.44928765	2.51784897	2.62398195	2.76932549	2.91633296	3.03651524	3.15621758	3.27958775	3.39608669	3.48049045	3.46265793	3.37399364	3.29143977	3.29781055	3.48179483	3.96299911	4.46623564	4.81694078	4.93697309	4.84461260	4.73993397	4.66527224	4.58781147	4.49845314	4.41181850	4.37932825	4.36544752	4.33331299	4.26314211	4.15223598	4.04433632	3.93626118	3.83595634	3.75847197	3.72596431	3.70484090	3.65156913	3.56317353	3.46319652	3.40170074	3.50797892	3.70031023	3.84682918	3.88687158	3.83097386	3.93011689	4.16804790	4.46297169	4.70960188	4.77915716	4.56475353	4.39829493	4.37225056	4.49922991	4.71198750	4.84647751	4.82432413	4.64182425	4.33382225	3.97371411	3.67382336	3.36896324	3.05635929	2.75735545	2.51741672	2.38294983	2.29335690	2.24062014	2.22288203	2.24444485	2.34533286	2.52636123	2.69387650	2.75761771	2.63071990	2.44647384	2.41143012	2.55124426	2.82888961	3.14465570	3.22328162	3.19170952	3.04082060	2.78342557	2.45426488	2.21198654	2.05945587	1.87840056	1.65339470	1.47186053	1.50109410	1.71758211	2.00600624	2.26981139	2.43120527	2.54771519	2.64626956	2.71182466	2.72944951	2.68432355	2.63741875	2.56266952	2.50086737	2.47499752	2.49023652	2.46951103	2.46305346	2.43938136	2.38495016	2.30415416	2.22297716	2.15259027	2.09676790	2.05428600	2.01892161	1.99792862	1.98773301	1.99554241	2.02832627	2.09281492	2.19538116	2.32237029	2.46046972	2.59439754	2.70690179	2.79524517	2.82400942	2.77132583	2.65695214	2.54226851	2.58354855	2.74205279	2.98118401	3.27395248	3.60297441	3.95446968	4.26086330	4.46171856	4.51564121	4.40027332	4.12822628	3.73822689	3.23759699	2.66681719	2.09952688	1.65602899	1.30656147	1.03525007	0.826130629	0.663148701	0.557075858	0.491752923	0.461030841	0.449026167	0.430120975	0.387682438	0.345058560	0.311218977	0.292473793
-77.0000000	0.354057997	0.348742306	0.337029815	0.316239506	0.286019176	0.248345658	0.211355180	0.181880847	0.162543088	0.153973386	0.154814199	0.160862148	0.164433792	0.163222238	0.157095060	0.148094460	0.139610678	0.132499486	0.126567662	0.122644931	0.122584142	0.126746207	0.130904540	0.132441938	0.129848436	0.122721247	0.112366922	0.103442624	9.69087631E-02	9.29346010E-02	9.08982977E-02	8.93782601E-02	8.75933617E-02	8.51658508E-02	8.22642446E-02	7.96033442E-02	7.82100186E-02	7.72919580E-02	7.69793391E-02	7.71506429E-02	7.74325430E-02	7.72271976E-02	7.72352889E-02	7.81417042E-02	8.01667273E-02	8.30659643E-02	8.67055431E-02	9.09336582E-02	9.62037519E-02	0.102828421	0.110979334	0.121035017	0.132944956	0.146585479	0.161572322	0.177260354	0.194824278	0.212806940	0.231115207	0.249177858	0.265945405	0.279250056	0.293841362	0.312666029	0.335043371	0.356665343	0.367180467	0.372535765	0.375987113	0.378173620	0.377117723	0.371289730	0.365544468	0.360395879	0.355169117	0.348000407	0.338597596	0.328048289	0.316087097	0.302230477	0.285777152	0.267944068	0.252406448	0.241098776	0.234010369	0.229185402	0.222425267	0.213730738	0.203435421	0.191926658	0.179645613	0.166586101	0.154215127	0.143267393	0.134322152	0.127802998	0.124049708	0.119708523	0.114736110	0.109707430	0.105815642	0.104526512	0.104603648	0.105093516	0.105274819	0.104658410	0.103523068	0.102605425	0.102026545	0.101848140	0.102072462	0.102469623	0.102303818	0.101195484	9.91453081E-02	9.65342075E-02	9.54559669E-02	9.58290249E-02	9.70719159E-02	9.86398906E-02	0.100024872	9.98763666E-02	9.85499024E-02	9.69840512E-02	9.58929062E-02	9.57660824E-02	9.70436931E-02	9.89891067E-02	0.100602776	0.101520002	0.102010839	0.102437168	0.103536569	0.105394743	0.108016841	0.111327417	0.115448639	0.119698368	0.123306692	0.126018360	0.128092587	0.129613996	0.131494537	0.134097144	0.137943834	0.143715590	0.152699634	0.164072141	0.176755369	0.188754082	0.197155714	0.196071535	0.186846942	0.172427773	0.157258824	0.147283643	0.156485692	0.183093712	0.231555432	0.297594368	0.368210137	0.370305479	0.317307591	0.255100727	0.216603547	0.221769229	0.273525506	0.332771629	0.387940824	0.432033092	0.462615103	0.527331293	0.598185182	0.678133130	0.769355476	0.873256326	0.985503197	1.10620975	1.21696854	1.30254221	1.35086310	1.47600687	1.67705429	1.94572234	2.25277376	2.54801583	2.73586345	2.84056664	2.87349415	2.85459089	2.81237864	2.77042723	2.75149298	2.73337603	2.70742488	2.67853522	2.68317628	2.66718340	2.62534976	2.56013846	2.48168325	2.43107748	2.30099106	2.27240443	2.38727832	2.54855251	2.68942475	2.81201506	2.89526939	2.92865038	2.91213417	2.86156535	2.77403831	2.69450212	2.62199759	2.50965691	2.25114226	1.95855153	1.67868125	1.44178092	1.26155257	1.14358938	1.04884660	0.964267731	0.887196839	0.825378537	0.785885215	0.753776789	0.729162514	0.708785534	0.686023414	0.663055658	0.651833653	0.663171947	0.706158876	0.788156927	0.902680874	1.02225816	1.13559759	1.23527563	1.31773615	1.40581417	1.53437209	1.71748233	1.95162845	2.21570444	2.43155694	2.61547041	2.79012322	2.95252562	3.07402015	3.07393479	3.01845169	2.96161652	2.94519615	2.99867964	3.16533184	3.36298800	3.53296781	3.62270308	3.58574080	3.38882113	3.16479158	2.95027852	2.75839806	2.57875896	2.41816306	2.28463793	2.18280029	2.12749481	2.14379621	2.32587576	2.60339427	2.85186100	2.97365546	2.89802742	2.72522926	2.65732288	2.76220345	3.04005527	3.42335486	3.58675647	3.46163034	3.18672705	2.89383388	2.70777249	2.64236522	2.59459472	2.53925323	2.48145247	2.45662117	2.45960760	2.45096374	2.42504740	2.38685536	2.35202503	2.35087919	2.34589100	2.33166695	2.30911422	2.28544044	2.27561665	2.26271701	2.23988271	2.20556116	2.16350675	2.10730410	2.05324650	2.01908708	2.02242494	2.08070493	2.16095304	2.22023916	2.25868678	2.27793097	2.28111911	2.25810742	2.23455906	2.22865248	2.24649620	2.28212762	2.28438473	2.23601961	2.15110660	2.04677200	1.94319463	1.86901700	1.84680414	1.83749366	1.78435075	1.61296785	1.32816851	1.09411931	0.952917933	0.911835611	0.943317711	0.988343537	1.02934802	1.05429947	1.05074894	1.00583112	0.901259005	0.793340743	0.698623359	0.626746476	0.580441236	0.560085773	0.540548861	0.517340183	0.490139604	0.462797105	0.441467643	0.424629390	0.408973306	0.393730432	0.380671829	0.373668104	0.367688447	0.362240970	0.358298361
-78.0000000	0.315988660	0.307741642	0.296034008	0.278071016	0.253282964	0.223324999	0.194972068	0.174952358	0.164640024	0.163503110	0.169103757	0.175042406	0.176378578	0.172378764	0.163625538	0.152017534	0.141913325	0.133979529	0.128071308	0.124413453	0.123600110	0.125452012	0.127788648	0.128548756	0.126319811	0.120338023	0.111803532	0.104086198	9.77224186E-02	9.32810679E-02	9.13634375E-02	9.08512846E-02	8.97669941E-02	8.79667550E-02	8.54706392E-02	8.24625790E-02	7.90156350E-02	7.58180544E-02	7.33455494E-02	7.18441755E-02	7.13303834E-02	7.13678673E-02	7.18403831E-02	7.29534701E-02	7.46149868E-02	7.64351413E-02	7.84216002E-02	8.12567994E-02	8.54957402E-02	9.16472971E-02	0.100174204	0.110969752	0.123172455	0.136380062	0.149936885	0.162933841	0.175955027	0.188847780	0.201118216	0.212233812	0.221623525	0.229345769	0.237449020	0.247462779	0.260001272	0.274763614	0.289547592	0.302568376	0.313665003	0.322625905	0.329188824	0.333568811	0.336942881	0.339412034	0.340623081	0.339768946	0.336742669	0.332250923	0.326533228	0.318663090	0.306548208	0.290456355	0.273398906	0.257903129	0.244793385	0.233191222	0.219003037	0.203996330	0.189319581	0.175707787	0.163482174	0.151551276	0.138553172	0.125898466	0.115066096	0.107603319	0.103388660	9.97734964E-02	9.66125503E-02	9.39369723E-02	9.19543356E-02	9.08298865E-02	9.00763795E-02	8.99497047E-02	9.03887153E-02	9.10152346E-02	9.11671743E-02	9.11665186E-02	9.13331062E-02	9.17806551E-02	9.24168676E-02	9.24856216E-02	9.17412117E-02	9.01360959E-02	8.81230682E-02	8.66552219E-02	8.80303532E-02	9.11561102E-02	9.48965698E-02	9.83223692E-02	0.100710697	0.101525165	0.100553125	9.89602879E-02	9.77305472E-02	9.76658985E-02	9.85969007E-02	9.99230221E-02	0.101323552	0.102533415	0.103343226	0.104274556	0.105558924	0.107171223	0.109417096	0.112932846	0.118282370	0.123086154	0.127439469	0.130961090	0.132793337	0.134506345	0.137169331	0.141541585	0.148096457	0.157021299	0.169002771	0.182387114	0.196204215	0.209258080	0.220126599	0.225960746	0.229077533	0.231182829	0.234619051	0.242365062	0.264756203	0.303176433	0.354848325	0.408661246	0.445171267	0.407286108	0.336003155	0.267656416	0.227569118	0.230053663	0.276215404	0.329168886	0.375972182	0.409474671	0.428316534	0.439070016	0.454798251	0.478115827	0.507652700	0.538054168	0.569517791	0.607013524	0.702498734	0.854984820	1.01053774	1.09902585	1.22221482	1.39276421	1.60213888	1.82061017	1.97173190	2.06904411	2.13410378	2.18232584	2.22298050	2.25108504	2.26900268	2.28237438	2.31233549	2.39551616	2.46171546	2.47120261	2.40015888	2.25770760	2.08591461	1.92840612	1.61075532	1.41539311	1.41343200	1.46466601	1.56200802	1.68118238	1.81122911	1.94739234	2.09112072	2.20845890	2.21551991	2.09425068	1.86799347	1.60148585	1.36627305	1.15533412	0.967899621	0.811820567	0.703568101	0.664773583	0.647255480	0.640339911	0.636749268	0.632602930	0.629893601	0.620933235	0.604933560	0.581221521	0.549239993	0.513818979	0.486394376	0.473276913	0.481399238	0.518315494	0.583718956	0.661115825	0.745029628	0.827210784	0.896636009	0.946841955	1.01982176	1.12954772	1.27391171	1.43472481	1.57132387	1.67105997	1.74272156	1.79119313	1.81745660	1.80840969	1.77260089	1.72607470	1.68434787	1.66240931	1.68962669	1.75540531	1.85899723	1.99625397	2.15962768	2.30022478	2.38663244	2.39683652	2.31292176	2.12107325	1.85669601	1.64502227	1.51399422	1.48394418	1.56759489	1.86934459	2.39239097	2.98347378	3.44376016	3.52884364	3.07066202	2.67023349	2.48099232	2.54848957	2.81039405	3.07105279	3.20607352	3.20977855	3.08862710	2.86121273	2.59417582	2.38196254	2.24775696	2.19364667	2.20062613	2.23122835	2.24555302	2.23334789	2.19274449	2.13025737	2.05377340	1.98642242	1.93413782	1.90363419	1.90240908	1.91772020	1.94199991	1.96285748	1.96426606	1.92656219	1.80273724	1.63926005	1.48870432	1.40044379	1.42065096	1.60983980	1.86207545	2.13364291	2.38629603	2.58725691	2.57755280	2.49515438	2.40178227	2.33093166	2.28787112	2.13721013	1.86452425	1.57156348	1.33991373	1.23099792	1.21622443	1.20849311	1.17278087	1.09726703	0.993332624	0.866770089	0.759206712	0.685586393	0.646955669	0.630463362	0.618523002	0.609495103	0.605093718	0.601869762	0.591211677	0.560317218	0.522547483	0.484092653	0.452285558	0.435601264	0.438993067	0.446818441	0.451647341	0.449286222	0.438778728	0.420269072	0.401732445	0.387304932	0.379028767	0.376852393	0.371715009	0.361162692	0.346148133	0.332894176
-79.0000000	0.249388590	0.246456906	0.244368896	0.242071480	0.237935737	0.229757056	0.216345385	0.202247187	0.189929724	0.180817723	0.175293505	0.173471764	0.171301007	0.167331353	0.161166906	0.153465778	0.146560967	0.141043320	0.136814728	0.133557215	0.130733028	0.128097787	0.126125023	0.125065342	0.124493785	0.123309940	0.120550454	0.116393320	0.111118563	0.105586119	0.101235881	9.88493264E-02	9.69626233E-02	9.49692056E-02	9.23774987E-02	8.88110250E-02	8.42793956E-02	7.99172819E-02	7.63500929E-02	7.39582181E-02	7.28769749E-02	7.28161708E-02	7.30488002E-02	7.34127834E-02	7.38285184E-02	7.42990002E-02	7.50183687E-02	7.64014721E-02	7.89073929E-02	8.29742923E-02	8.90193284E-02	9.78864059E-02	0.108355530	0.119968079	0.132243469	0.144679174	0.155857235	0.165960461	0.174935713	0.182782263	0.189551860	0.195173725	0.199562266	0.203549013	0.207779676	0.212714225	0.218826234	0.225493416	0.232586682	0.239660308	0.245951697	0.250735134	0.254461497	0.257568240	0.259995013	0.261183560	0.260507375	0.258890450	0.256745309	0.253981620	0.250006199	0.244775698	0.236849055	0.226036146	0.212795436	0.198234007	0.184325248	0.171705246	0.160019115	0.148845717	0.137697831	0.126703843	0.116896763	0.108864516	0.102775782	9.83800143E-02	9.50844362E-02	9.18970630E-02	8.89132693E-02	8.63184109E-02	8.43878314E-02	8.34489986E-02	8.34690705E-02	8.43211189E-02	8.58412981E-02	8.78288671E-02	8.91273841E-02	9.01590660E-02	9.10459906E-02	9.18643102E-02	9.26442593E-02	9.31559578E-02	9.35479999E-02	9.39339027E-02	9.44612995E-02	9.53118801E-02	9.65019763E-02	9.82298627E-02	0.100280039	0.102391332	0.104256913	0.104524292	0.103742063	0.102502294	0.101421714	0.101141647	0.102055199	0.103422344	0.105313763	0.107425503	0.109079011	0.110306107	0.111239895	0.112394668	0.114406295	0.118032210	0.124104716	0.130053893	0.135572478	0.140068114	0.142663240	0.145476446	0.149356112	0.155582964	0.165422156	0.180123076	0.203974128	0.233267397	0.265367448	0.298129708	0.329900503	0.355242997	0.373658091	0.386857003	0.398786157	0.415626913	0.457178712	0.515385091	0.576790452	0.625031054	0.640835047	0.604838669	0.550947011	0.495725721	0.451211035	0.424910158	0.431224555	0.451253057	0.475116521	0.495185673	0.506080866	0.503000677	0.499689311	0.496455967	0.494225919	0.494540274	0.497060835	0.502445459	0.509150743	0.516679168	0.525578856	0.541433930	0.559161842	0.579730690	0.603356361	0.629501939	0.666332424	0.706973851	0.747135878	0.783580124	0.814120471	0.839376152	0.863136947	0.910593152	1.01503158	1.21783578	1.29775953	1.31492162	1.24379718	1.12413955	1.06098044	1.03135383	1.00392783	0.982292295	0.964503348	0.943083823	0.924783528	0.911526144	0.908369124	0.917114079	0.936305702	0.948029160	0.944754839	0.924786568	0.886932254	0.830504060	0.758208811	0.688536167	0.632216334	0.599287868	0.599097550	0.635840774	0.692453802	0.756634235	0.815429866	0.855238736	0.866477847	0.857148111	0.831901968	0.792801559	0.739319146	0.684588075	0.638955057	0.606119037	0.589878917	0.594133854	0.612894058	0.639547408	0.674717009	0.721646786	0.786200643	0.860766768	0.917957783	0.954831243	0.980528831	1.01627672	1.08752871	1.18083060	1.28281116	1.37933826	1.45551980	1.50364721	1.53654003	1.55412471	1.55815983	1.55223596	1.55291414	1.57234800	1.61057615	1.66401136	1.72544014	1.76621318	1.75977051	1.69576752	1.57615399	1.41517401	1.22897792	1.05410135	0.920535862	0.860661805	0.909248531	1.21290183	1.75183547	2.42651916	3.04843354	3.34007192	2.94831228	2.48110652	2.14018989	2.02824187	2.14888716	2.38343740	2.59223795	2.72857976	2.75749373	2.65575004	2.45938826	2.28287768	2.15990305	2.09943557	2.08573246	2.08115268	2.05324221	1.99855876	1.92163110	1.83496034	1.75558472	1.69404447	1.64914048	1.62261987	1.61917734	1.64123559	1.67384660	1.69603562	1.68537080	1.61796391	1.46511114	1.29842949	1.15848780	1.07534051	1.06852818	1.17000401	1.32750905	1.50988066	1.68688393	1.82920980	1.80720437	1.72178006	1.62065446	1.53526413	1.48076487	1.43887162	1.29512644	1.11760819	0.959616482	0.859674454	0.802225351	0.766338348	0.747841895	0.744283080	0.754927039	0.773380816	0.783466637	0.780149162	0.767079532	0.756596208	0.753971875	0.743786097	0.722500801	0.690619409	0.652687073	0.620331228	0.589107990	0.558767021	0.531487107	0.511876047	0.505695105	0.503489792	0.499722809	0.490574718	0.473943710	0.452481031	0.431059837	0.408826709	0.384807050	0.357904941	0.328005433	0.300254464	0.276803911	0.261904180
-80.0000000	0.242474839	0.245806217	0.247358635	0.245675415	0.239660740	0.228579834	0.212865427	0.196914628	0.183320910	0.173630178	0.168340594	0.167687654	0.168626294	0.169505253	0.169133157	0.166778624	0.162029460	0.157170877	0.152631283	0.148555249	0.144803435	0.142152503	0.140194044	0.139152229	0.138911575	0.139016941	0.137182117	0.133620635	0.128274277	0.121780261	0.115471207	0.110812888	0.107102863	0.103912361	0.100867547	9.76495519E-02	9.36017931E-02	8.93791243E-02	8.56015757E-02	8.26102197E-02	8.04671571E-02	7.89650232E-02	7.77050182E-02	7.68588185E-02	7.64771551E-02	7.64898211E-02	7.65566900E-02	7.66331330E-02	7.68663809E-02	7.74699748E-02	7.87237510E-02	8.14070180E-02	8.53645429E-02	9.06003788E-02	9.68443751E-02	0.103552088	0.109981805	0.115591511	0.120457992	0.124644734	0.128201932	0.131186053	0.133779526	0.136012137	0.137888357	0.139387190	0.140354291	0.141194537	0.142077699	0.143143445	0.144501463	0.145666406	0.146601811	0.147711799	0.149021924	0.150179312	0.151072159	0.151649386	0.151939139	0.151835933	0.151100740	0.149169803	0.145927593	0.141545191	0.136295855	0.130555004	0.124653071	0.118753433	0.112789899	0.106787190	0.100861005	9.64116678E-02	9.37182829E-02	9.27141383E-02	9.30024460E-02	9.38563421E-02	9.39317569E-02	9.30788666E-02	9.16067734E-02	8.98310766E-02	8.80738348E-02	8.70098025E-02	8.69672000E-02	8.77997801E-02	8.94722715E-02	9.20603201E-02	9.50282887E-02	9.77491587E-02	0.100079738	0.102034658	0.103786416	0.105406016	0.107037418	0.108714253	0.110477492	0.112375468	0.113754325	0.114330105	0.114239722	0.113799773	0.113506600	0.112205438	0.110540815	0.109255776	0.108818628	0.109422967	0.111056216	0.112912968	0.115033366	0.117093198	0.118403845	0.117880143	0.117027290	0.116715513	0.117659509	0.120418429	0.125026360	0.129386663	0.132693827	0.134761706	0.136023462	0.139412612	0.146419421	0.158386126	0.176428646	0.201436624	0.236545444	0.273707420	0.308693796	0.337107033	0.354380697	0.350726813	0.337602526	0.327260286	0.333225459	0.370296538	0.469719976	0.583726764	0.671987414	0.711110413	0.694642365	0.654351354	0.614924490	0.575842261	0.540927112	0.518344164	0.518569529	0.527803957	0.539995968	0.549229205	0.549722970	0.536356747	0.521515071	0.505989969	0.490833521	0.477357656	0.467477411	0.461795598	0.459533751	0.460334599	0.464261889	0.474294722	0.488468409	0.504885912	0.521929264	0.538259685	0.555816233	0.572863579	0.589479387	0.603887856	0.612459898	0.615684509	0.613894641	0.610913575	0.610503197	0.616364002	0.632516384	0.654011071	0.676157773	0.694742322	0.706027031	0.707676947	0.701835215	0.688260555	0.668491423	0.645846069	0.619106710	0.591129601	0.567059636	0.549803078	0.540028095	0.539154470	0.544457018	0.548211813	0.544857621	0.530995488	0.516731977	0.520241439	0.547986448	0.598691761	0.663344502	0.721865177	0.776879430	0.826190710	0.866323948	0.892525792	0.886929810	0.862283409	0.825044870	0.778811872	0.724320471	0.678814530	0.643700898	0.619225442	0.605971694	0.604860961	0.611268759	0.622027695	0.635831177	0.653675735	0.678861022	0.707802773	0.729431868	0.744598269	0.758093119	0.778648496	0.816336453	0.866530597	0.922351062	0.976867378	1.02309799	1.04823029	1.05660784	1.05621004	1.05265903	1.04922092	1.04215634	1.03729188	1.03769124	1.04370165	1.05295396	1.06836712	1.08134651	1.08791769	1.08511484	1.07098198	1.04045832	1.00767648	0.985871434	0.990907788	1.04128075	1.19500589	1.44336033	1.74188089	2.02556372	2.20886302	2.16119027	2.04471254	1.94944584	1.92596126	1.98538494	2.10865068	2.22552752	2.28860068	2.27168250	2.16981030	2.04638410	1.97038984	1.93877733	1.93887854	1.94840765	1.92124617	1.85202146	1.75429618	1.64539552	1.54640770	1.48147249	1.43843150	1.41551685	1.41080511	1.42221761	1.44745648	1.47007561	1.47766674	1.45849526	1.40150046	1.30251312	1.19963026	1.11046135	1.05084205	1.03483391	1.08009350	1.15539205	1.24041688	1.31232941	1.34576619	1.28693795	1.20935023	1.13768554	1.08560264	1.05573499	1.03136396	0.981025815	0.909591615	0.820984125	0.718178630	0.624554574	0.565491796	0.545921683	0.564269483	0.612454116	0.671112299	0.713171363	0.729536593	0.718481660	0.685648978	0.646358252	0.607637584	0.571623564	0.542151093	0.524753809	0.525944769	0.526978970	0.522765279	0.511892915	0.496632367	0.484482855	0.475127339	0.466034055	0.455331475	0.441808581	0.423671663	0.401805043	0.376296520	0.347676367	0.316917181	0.288614541	0.266604304	0.251674384	0.244214058
-81.0000000	0.253195077	0.256209254	0.255141020	0.250051826	0.241004050	0.228061318	0.212391660	0.197237030	0.184106931	0.174078643	0.167797208	0.165840194	0.166479588	0.168538243	0.170787781	0.171948642	0.170153737	0.167695865	0.164749652	0.161476701	0.158025697	0.156054273	0.155201152	0.154871657	0.154507980	0.153589070	0.150285721	0.145326957	0.138961524	0.131871924	0.125174344	0.119730577	0.115790278	0.112872854	0.110525809	0.108324610	0.105286568	0.101774633	9.83668566E-02	9.54616293E-02	9.32776630E-02	9.17655602E-02	9.01172757E-02	8.79165307E-02	8.50029066E-02	8.14718455E-02	7.77611136E-02	7.45844245E-02	7.21639693E-02	7.05867857E-02	6.98048100E-02	7.00653791E-02	7.09021315E-02	7.21781552E-02	7.37216398E-02	7.53258392E-02	7.65102282E-02	7.73299485E-02	7.79740959E-02	7.86346570E-02	7.95065314E-02	8.07343051E-02	8.21875632E-02	8.39054361E-02	8.56405571E-02	8.68590251E-02	8.72277766E-02	8.70402381E-02	8.63654464E-02	8.53833780E-02	8.43849704E-02	8.39140266E-02	8.36587697E-02	8.37885514E-02	8.43079835E-02	8.50569829E-02	8.56963024E-02	8.60117227E-02	8.60643536E-02	8.59404132E-02	8.57512206E-02	8.53404179E-02	8.46201405E-02	8.37837383E-02	8.29837620E-02	8.23320225E-02	8.18745643E-02	8.16414803E-02	8.16732571E-02	8.20951983E-02	8.31173807E-02	8.53668675E-02	8.80344510E-02	9.07247514E-02	9.32002589E-02	9.53813046E-02	9.67210680E-02	9.76555571E-02	9.80462581E-02	9.78419632E-02	9.70787257E-02	9.63069350E-02	9.63833630E-02	9.74430293E-02	9.96045917E-02	0.102970421	0.107455038	0.112075992	0.116306424	0.119883411	0.122807942	0.124151893	0.124719061	0.124937303	0.125229657	0.126014411	0.127003059	0.127376273	0.127104476	0.126351759	0.125475928	0.123859711	0.122381911	0.121036671	0.119914323	0.119201310	0.118917145	0.118794017	0.118947096	0.119359784	0.119883664	0.119656578	0.119358853	0.119194411	0.119452544	0.120507866	0.123315945	0.126835197	0.130913273	0.135566056	0.140977770	0.149441093	0.162528053	0.180911154	0.204975352	0.234818071	0.268715680	0.298661917	0.318902433	0.324780405	0.312736243	0.280527085	0.251837462	0.242118821	0.265957892	0.337076634	0.483243734	0.637179852	0.746007740	0.776730061	0.716229677	0.602200031	0.504197955	0.437561721	0.409399390	0.418589115	0.450790852	0.486407965	0.518948615	0.543666899	0.557562768	0.554107785	0.543060899	0.529493868	0.516419709	0.504793286	0.495061100	0.487525702	0.483203202	0.482626408	0.485844254	0.490157336	0.495778233	0.502449870	0.508855999	0.512620866	0.515567541	0.516662478	0.517281830	0.517978787	0.518483400	0.515186191	0.507565022	0.498255938	0.489798158	0.484633625	0.488213390	0.497257054	0.508417547	0.519711912	0.530521154	0.537240446	0.539214373	0.538658261	0.538323820	0.541499317	0.546780586	0.552428722	0.557528853	0.560965478	0.561422408	0.558102548	0.550797403	0.540170372	0.528120458	0.517782509	0.515509307	0.523281336	0.539084733	0.559689581	0.580649912	0.593675554	0.600284874	0.603252709	0.605785787	0.611523628	0.613116026	0.608925283	0.598843157	0.582849979	0.561014652	0.544554889	0.530878723	0.521263540	0.515837312	0.513578475	0.516519785	0.522335410	0.530099630	0.540314257	0.554908037	0.571332991	0.592761040	0.621747136	0.657355547	0.695159614	0.726654530	0.746869981	0.758659244	0.763467133	0.761329114	0.753072679	0.743541837	0.732577264	0.719911754	0.705170572	0.688514948	0.672344625	0.658911943	0.649793625	0.645891428	0.658935905	0.686958611	0.729693472	0.786449432	0.856110096	0.940540373	1.04078066	1.14723241	1.24547899	1.31628597	1.33586621	1.34500253	1.36610138	1.41657555	1.50884390	1.62533748	1.74679756	1.87540197	2.00994802	2.14585114	2.24245524	2.26310968	2.18648791	2.02531576	1.82637239	1.69469774	1.64204764	1.65023947	1.69540787	1.74800491	1.75671089	1.71890187	1.64578211	1.55294240	1.46036053	1.39117205	1.34648454	1.32031775	1.30561292	1.29423344	1.28084469	1.26110971	1.23818433	1.21501541	1.19434154	1.18361914	1.17468679	1.16462278	1.15350115	1.14439213	1.15699112	1.18039668	1.19915342	1.19423175	1.14302754	1.04737294	0.962879062	0.906700850	0.887949407	0.907691777	0.952146590	0.986246824	0.992260873	0.961884797	0.896241844	0.805544138	0.725510120	0.668206751	0.642422199	0.653665006	0.698589981	0.748386264	0.783685446	0.788149416	0.748470068	0.671984434	0.604108274	0.557796657	0.537652910	0.539928436	0.545702815	0.541042268	0.525517762	0.500933766	0.471328080	0.446364194	0.426018745	0.410404593	0.398873270	0.390015036	0.378323436	0.360223502	0.336770535	0.310381204	0.284833610	0.265913874	0.255012810	0.250367194	0.249569833
-82.0000000	0.292475820	0.293129653	0.289623588	0.282582402	0.272234529	0.258412302	0.242466256	0.226457939	0.211285159	0.197978377	0.187700972	0.181546703	0.177640349	0.175815672	0.175652668	0.176477522	0.177319169	0.178197920	0.178596333	0.178399086	0.177893028	0.177707866	0.177676499	0.176901832	0.174805880	0.171129763	0.165143162	0.157833323	0.150105238	0.142634287	0.135866314	0.130659059	0.126883134	0.124467760	0.123113804	0.122293875	0.121295750	0.119789273	0.117542967	0.114513189	0.110844091	0.106416486	0.101650827	9.64968204E-02	9.11317766E-02	8.59607011E-02	8.17974955E-02	7.87449256E-02	7.67807066E-02	7.57387877E-02	7.53093734E-02	7.56241009E-02	7.63014778E-02	7.70821944E-02	7.77660459E-02	7.82119483E-02	7.84218758E-02	7.84936547E-02	7.85992667E-02	7.88293034E-02	7.91930258E-02	7.97201917E-02	8.02707747E-02	8.07775557E-02	8.10286850E-02	8.06676820E-02	7.96341747E-02	7.82661214E-02	7.67766535E-02	7.53567740E-02	7.41753280E-02	7.39086643E-02	7.40350187E-02	7.45912045E-02	7.54738227E-02	7.64392838E-02	7.73686767E-02	7.79710114E-02	7.83132091E-02	7.84725994E-02	7.85369724E-02	7.87750185E-02	7.91358799E-02	7.97587335E-02	8.06243941E-02	8.15553144E-02	8.25857893E-02	8.37953761E-02	8.52413177E-02	8.70148391E-02	8.92411768E-02	9.17866156E-02	9.44237113E-02	9.68585834E-02	9.90407392E-02	0.101163089	0.103045359	0.104845710	0.106338382	0.107396483	0.107992142	0.108311638	0.109135874	0.110652417	0.112937257	0.115954809	0.119831942	0.123859696	0.127415717	0.130069092	0.131580397	0.130896002	0.129040435	0.126916006	0.125160724	0.124148160	0.124039702	0.124446876	0.125149906	0.125956938	0.126704052	0.126695499	0.126100883	0.124722220	0.122730829	0.120667227	0.118511915	0.116784498	0.115600921	0.115052931	0.115208007	0.116376683	0.118116975	0.120377868	0.123126373	0.126347631	0.131540567	0.138334349	0.146469980	0.155844867	0.166512728	0.179018632	0.193357259	0.208710223	0.224583223	0.240806043	0.254835546	0.264258295	0.266751707	0.261637092	0.249879435	0.238793731	0.238095433	0.254815757	0.294865876	0.363036841	0.466571838	0.573387325	0.657452166	0.701004505	0.694552422	0.648345470	0.592318892	0.537900031	0.494658649	0.470306337	0.472105443	0.490261972	0.513835073	0.536398470	0.556039691	0.565273583	0.570312858	0.574422836	0.578137875	0.579261124	0.577652872	0.573981047	0.568087161	0.561030746	0.555089474	0.546780527	0.539404571	0.533064663	0.528502405	0.527097821	0.525443971	0.524117708	0.523739874	0.524695277	0.527132750	0.526919603	0.523734748	0.518835664	0.513783157	0.510440946	0.507096171	0.503134906	0.498908788	0.493748009	0.485961467	0.477313966	0.469236642	0.461659670	0.456446081	0.457391649	0.462844074	0.469951749	0.477261096	0.482770085	0.483928233	0.477466673	0.464948565	0.448371768	0.430868208	0.416704208	0.410596490	0.412864536	0.422741532	0.438759089	0.458747327	0.475742966	0.489408433	0.499769092	0.507540405	0.514128029	0.519222438	0.521577299	0.522040248	0.522346497	0.525119185	0.530123413	0.533946991	0.537000060	0.540144622	0.544694304	0.550991654	0.560948372	0.575669646	0.595182776	0.618436813	0.643374562	0.665904939	0.686805427	0.704323292	0.714175761	0.715539694	0.711353898	0.706494153	0.703837156	0.704260468	0.709392488	0.718229651	0.725587070	0.728235781	0.724902809	0.716463447	0.704284012	0.691020191	0.679315805	0.671802282	0.676017523	0.692464590	0.723018467	0.769740045	0.834875524	0.920433700	1.01834238	1.12219667	1.22436762	1.31600392	1.38303149	1.44098365	1.49928617	1.56387651	1.63720322	1.70668900	1.77202141	1.83295953	1.88506901	1.91971982	1.90488029	1.83233225	1.71168911	1.56434107	1.42345572	1.34499943	1.32989204	1.37399101	1.46552896	1.58511436	1.68975151	1.75204480	1.75994575	1.71090984	1.61189711	1.49153209	1.37527180	1.26523495	1.16124046	1.06080723	0.983004510	0.927512586	0.900456667	0.907494128	0.953814089	1.05743790	1.18852484	1.31674719	1.41529834	1.46089256	1.40325344	1.28209090	1.12887168	0.969668806	0.825162828	0.722460806	0.660100698	0.641216934	0.665014863	0.726771593	0.824906290	0.931195021	1.02457929	1.08847582	1.11077631	1.08194923	1.03061044	0.968252242	0.904995620	0.849589586	0.810545266	0.789266586	0.779790461	0.775054455	0.766896248	0.748186886	0.731004894	0.718212783	0.709787190	0.702819109	0.683823109	0.654293954	0.618824244	0.580934942	0.543076456	0.508971512	0.476092309	0.445700437	0.418073118	0.392502874	0.369503736	0.348097086	0.328639656	0.311607271	0.297594696	0.289892077	0.287290037	0.287709862	0.289015979
-83.0000000	0.353277951	0.345029175	0.334766418	0.322459400	0.308200210	0.292202771	0.275278717	0.258586854	0.242470637	0.227767780	0.215810195	0.207464963	0.201234534	0.197317570	0.195379347	0.194551885	0.194541380	0.195244595	0.195878386	0.196037307	0.195693448	0.193809524	0.190397382	0.185902625	0.180665940	0.174923062	0.168745443	0.163084149	0.157794893	0.152945891	0.148817882	0.146482259	0.144449517	0.143147275	0.142583624	0.142347142	0.141740069	0.140651405	0.138613015	0.135238633	0.130223900	0.123678215	0.116760135	0.110005118	0.103915133	9.89586934E-02	9.55300778E-02	9.32918414E-02	9.19968933E-02	9.14325640E-02	9.14205536E-02	9.17614549E-02	9.23286006E-02	9.30338278E-02	9.38472971E-02	9.47975293E-02	9.57447737E-02	9.66240019E-02	9.73605886E-02	9.78353396E-02	9.78844836E-02	9.73606184E-02	9.64086950E-02	9.51573551E-02	9.36446190E-02	9.18178111E-02	9.01432335E-02	8.85820612E-02	8.72342587E-02	8.61228555E-02	8.51938650E-02	8.44855756E-02	8.36568251E-02	8.28401819E-02	8.20634961E-02	8.12499300E-02	8.06702673E-02	8.04465339E-02	8.06182995E-02	8.12156498E-02	8.22592601E-02	8.38665739E-02	8.56143832E-02	8.74947533E-02	8.94454718E-02	9.13500339E-02	9.32037756E-02	9.49633494E-02	9.67150182E-02	9.85236019E-02	0.100432537	0.102240123	0.104175352	0.106197588	0.108239032	0.110204682	0.112126976	0.113868095	0.115296029	0.116384782	0.117214330	0.117675066	0.118513666	0.119595625	0.120828979	0.122164212	0.123781465	0.125341907	0.126587212	0.127305835	0.127333045	0.126549512	0.125868529	0.125422478	0.125242189	0.125256896	0.125916272	0.126567915	0.127127260	0.127467856	0.127421513	0.126612455	0.125170454	0.123103134	0.120579541	0.117930122	0.115437225	0.113415793	0.111855023	0.110831000	0.110506780	0.111820295	0.114466853	0.118301697	0.123177983	0.128946856	0.136299357	0.144657299	0.153857395	0.164048806	0.175693020	0.187632471	0.199106425	0.209522411	0.218779296	0.227267101	0.233926967	0.238920897	0.242760569	0.246027067	0.249371037	0.256221265	0.268480003	0.286875010	0.311357319	0.341101438	0.376988113	0.421022981	0.470186979	0.521705985	0.573050857	0.623792350	0.670623779	0.711301029	0.742261171	0.758622289	0.745938241	0.707197905	0.650879204	0.589272559	0.538481712	0.509916544	0.504599750	0.520301640	0.552525401	0.594506681	0.638429999	0.668237090	0.680375934	0.674942851	0.655682743	0.627297044	0.601360023	0.579406798	0.564074993	0.559104264	0.560013652	0.564352989	0.571127534	0.579445720	0.588519335	0.594563782	0.600238383	0.605087698	0.608861744	0.611516356	0.609866679	0.604679942	0.595848918	0.582591057	0.563448071	0.540635407	0.518837035	0.498724133	0.481149644	0.467148721	0.457862973	0.450697541	0.446596771	0.445306331	0.445373267	0.444389850	0.442798167	0.439417183	0.435180128	0.433134377	0.435508996	0.440956980	0.450804025	0.464886367	0.481550872	0.497607499	0.511887610	0.524624467	0.536220491	0.547247529	0.556690991	0.568164110	0.579949975	0.592374742	0.607807159	0.622325718	0.634881973	0.645999849	0.655869365	0.664346337	0.670560896	0.679823935	0.693660438	0.711839855	0.732375562	0.753300846	0.770784497	0.783560038	0.791349947	0.794864774	0.790959418	0.787667930	0.785587311	0.786056995	0.791158438	0.797578633	0.801899314	0.801814795	0.796831310	0.788266957	0.773155034	0.757988453	0.745484471	0.737686276	0.735962749	0.749126315	0.771583200	0.806896508	0.857429802	0.924346268	1.01149988	1.10774183	1.20623982	1.30279005	1.39581835	1.47374845	1.53467846	1.57861269	1.60757828	1.62562490	1.63285100	1.63269639	1.61999977	1.58904827	1.53357792	1.45216942	1.36027527	1.27029526	1.19497073	1.14738536	1.15087783	1.19422019	1.27712178	1.39604723	1.54421711	1.70010710	1.81667197	1.86247408	1.82052982	1.68830979	1.48440790	1.26491773	1.05907512	0.885751545	0.753454089	0.687325537	0.664615333	0.681992710	0.738463998	0.835372627	0.986540794	1.17877054	1.37562478	1.53686905	1.61847115	1.52334273	1.32069683	1.07767487	0.849481821	0.679386020	0.595235825	0.553795516	0.541893601	0.548172295	0.563087583	0.586593390	0.620398104	0.659625292	0.697623968	0.725969613	0.737686753	0.737722039	0.726788878	0.705403924	0.673887253	0.637043715	0.603787303	0.578918636	0.566172004	0.568215370	0.582261980	0.597728968	0.608963430	0.612175047	0.605436385	0.589368045	0.569918096	0.550119817	0.532013237	0.516645312	0.502343774	0.486551076	0.468916684	0.448916376	0.425852567	0.403309524	0.384513408	0.370989472	0.362981886	0.359453827	0.359019428	0.359548032	0.359241992	0.358145773
-84.0000000	0.346155405	0.332058460	0.317219019	0.302226156	0.287299037	0.272286773	0.258469135	0.245912641	0.235012993	0.226058215	0.219228685	0.214642718	0.211409986	0.209362745	0.208167285	0.207323879	0.206811145	0.206426024	0.205787867	0.204740658	0.203352824	0.200951159	0.197811857	0.194383368	0.190837115	0.187067509	0.183164164	0.179710165	0.176199660	0.172591239	0.169307962	0.166742012	0.163990498	0.161243722	0.158774093	0.156936079	0.155185714	0.153146550	0.150926575	0.148363590	0.145025164	0.140347585	0.135199517	0.129665971	0.123964541	0.118445501	0.113449425	0.109197006	0.105774298	0.103199482	0.101422846	0.100600503	0.100299343	0.100492716	0.101175793	0.102365553	0.103813298	0.105309457	0.106814034	0.108223513	0.109370939	0.110260665	0.110904574	0.111366920	0.111619078	0.111539498	0.111411810	0.111087218	0.110585764	0.109962173	0.109305888	0.108499646	0.107617773	0.106762424	0.105980381	0.105263047	0.104810663	0.104632497	0.104751304	0.105160736	0.105825268	0.106704131	0.107784219	0.108948842	0.110119104	0.111253947	0.112574682	0.113924228	0.115359634	0.116927117	0.118662111	0.120412916	0.122166432	0.124065049	0.126113757	0.128180072	0.130267739	0.132480651	0.134545192	0.136294827	0.137670189	0.138591364	0.139219254	0.139556125	0.139580265	0.139245838	0.138752714	0.138171822	0.137593791	0.136994585	0.136235595	0.135638729	0.135153979	0.134682417	0.134180054	0.133657873	0.133048773	0.131883457	0.130215764	0.128149018	0.125836059	0.123693004	0.121486180	0.119312637	0.117342785	0.115820408	0.115204163	0.115318544	0.116107851	0.117437981	0.119096458	0.121462576	0.125168785	0.129582897	0.134408385	0.139684290	0.146804482	0.154296547	0.162261739	0.170828477	0.180152223	0.190815300	0.201782405	0.213049680	0.224481210	0.235809207	0.246178389	0.255036354	0.261061966	0.262896925	0.259145796	0.250136912	0.240687996	0.231588885	0.224517927	0.222041979	0.230109751	0.246946976	0.273962110	0.313139379	0.367038876	0.450940639	0.561099768	0.687664747	0.817039609	0.931883991	0.992142737	0.998161614	0.960841060	0.896676719	0.827760458	0.780552804	0.760903180	0.767203271	0.792031050	0.822150767	0.838011861	0.829075992	0.795490801	0.741514564	0.675515532	0.615368307	0.571106851	0.543360472	0.534085989	0.546567261	0.580553770	0.626694322	0.678312361	0.728405714	0.769646585	0.793438077	0.803194880	0.801923275	0.790800750	0.769176602	0.742425442	0.714089215	0.686262369	0.660406351	0.637349725	0.618325770	0.602054358	0.589357674	0.579306662	0.569220662	0.561685920	0.554995120	0.548652828	0.542955697	0.538992941	0.537039161	0.535620511	0.534872532	0.534832716	0.535440207	0.536934257	0.539595842	0.542778075	0.546213508	0.550014377	0.554868340	0.561266303	0.568823278	0.577353954	0.586872995	0.599554002	0.617840946	0.637795448	0.658862531	0.683870137	0.709067523	0.729996979	0.747988880	0.763617933	0.776703298	0.785176992	0.795213103	0.807062268	0.820460200	0.834628582	0.850239813	0.865744293	0.879024923	0.889037609	0.895810843	0.897980928	0.895540595	0.887905478	0.875883818	0.861676157	0.845896900	0.829268515	0.813260376	0.799104810	0.787797213	0.779476583	0.774894118	0.775233209	0.781031668	0.792181611	0.820424080	0.858926773	0.909915268	0.973977149	1.05006301	1.13560855	1.22075021	1.29950237	1.36706042	1.41980112	1.44695580	1.45046306	1.43240833	1.39792287	1.35518360	1.31885326	1.28905320	1.26303482	1.23828959	1.21254778	1.18725324	1.16329324	1.14471483	1.13514590	1.13779449	1.16706204	1.21529818	1.27917123	1.35539484	1.44072759	1.51649225	1.55916762	1.55311334	1.48995709	1.36859369	1.20430231	1.03322983	0.878819942	0.756208360	0.672222555	0.632535338	0.618819058	0.627344429	0.657373428	0.711159706	0.793919683	0.897905588	1.00617135	1.09920394	1.15492392	1.13503468	1.06813467	0.979766965	0.889270723	0.809780777	0.751174808	0.705105782	0.667635500	0.635703206	0.607125521	0.582680285	0.564738333	0.552880168	0.546917796	0.546894550	0.551545441	0.557700157	0.563757181	0.568277776	0.569985986	0.566556811	0.559928298	0.550136566	0.537840426	0.524320543	0.509249985	0.494236439	0.479574203	0.465283036	0.451108038	0.437507421	0.424828351	0.413174182	0.402858317	0.394403815	0.389034480	0.384932369	0.381696939	0.379074305	0.376956791	0.376545221	0.377210021	0.378494829	0.379769593	0.380230576	0.377643436	0.372804075	0.365955412	0.359874904
-85.0000000	0.278295398	0.271693349	0.264751822	0.257923663	0.251350164	0.244861051	0.239807829	0.235424101	0.231784388	0.228754565	0.225991890	0.223581597	0.221389189	0.219388962	0.217268869	0.214430660	0.211417407	0.208251402	0.204867750	0.201299697	0.197678462	0.194335982	0.191827014	0.189905152	0.188417390	0.187304109	0.186807632	0.186260536	0.185522780	0.184517115	0.183229163	0.182197198	0.181043237	0.179668099	0.178201541	0.177002281	0.175443143	0.173290521	0.170799628	0.168020129	0.164796188	0.160357147	0.155526698	0.150146097	0.144313931	0.138386190	0.132783860	0.127608627	0.123035036	0.119216412	0.116284989	0.114681125	0.113743290	0.113365062	0.113548510	0.114404142	0.115744151	0.117429122	0.119231813	0.121063575	0.122974470	0.124876060	0.126770154	0.128612444	0.130323961	0.131790996	0.132991910	0.133814961	0.134373143	0.134800762	0.135253474	0.135431319	0.135726199	0.136068299	0.136466205	0.137006864	0.137880012	0.138750479	0.139593124	0.140413836	0.141249329	0.142132595	0.143229708	0.144351810	0.145400196	0.146366388	0.147381127	0.148309365	0.149384439	0.150569886	0.151559606	0.152431965	0.153248712	0.154214352	0.155349836	0.156492367	0.157638997	0.158882633	0.159912929	0.160594016	0.160964593	0.161029577	0.160897285	0.160352528	0.159342751	0.157978043	0.156725779	0.155391112	0.154023811	0.152674973	0.151397109	0.150387898	0.149725452	0.149278685	0.148998231	0.148916632	0.148640901	0.148068026	0.147224218	0.146185622	0.145078272	0.144321352	0.143680215	0.143411338	0.143671542	0.144517943	0.146159589	0.148428082	0.151060879	0.153777853	0.156281501	0.158608854	0.160850227	0.162731096	0.164293334	0.165895253	0.168363124	0.170896620	0.173434004	0.176156014	0.179485872	0.183611587	0.188762635	0.195100859	0.202525333	0.210672379	0.219841465	0.228893712	0.237121627	0.244062558	0.249498755	0.251919985	0.254208922	0.256879658	0.261282533	0.269604176	0.286906600	0.311584115	0.344943762	0.387426913	0.438609093	0.501695514	0.570908368	0.639613032	0.700317502	0.744672418	0.753394544	0.733248651	0.690963626	0.635645866	0.578778625	0.533654094	0.504163921	0.490474582	0.489430428	0.494553804	0.496538013	0.491785616	0.481790841	0.469927281	0.461447835	0.467406601	0.494019061	0.541368723	0.610417604	0.703006387	0.828280032	0.966629803	1.10377491	1.22448933	1.31260240	1.34121275	1.32805347	1.28170681	1.21174073	1.12870920	1.04699504	0.970513642	0.905375719	0.853846610	0.814346671	0.787869632	0.769371688	0.756027699	0.744578540	0.731331408	0.715798616	0.701718748	0.688447893	0.677480221	0.672448397	0.675222158	0.683311105	0.696879029	0.715216458	0.736740649	0.760697544	0.782417595	0.799906969	0.812060535	0.818662047	0.818210304	0.813033819	0.804300904	0.793015301	0.780015469	0.770270228	0.766336620	0.766648769	0.771342397	0.782254875	0.799265802	0.818362415	0.841565430	0.868995011	0.898871899	0.929637909	0.961193323	0.993101954	1.02486694	1.05592954	1.08311427	1.10751891	1.12840915	1.14445019	1.15370667	1.15520692	1.15134251	1.14125085	1.12447691	1.10097408	1.07284880	1.04187822	1.00936186	0.976347685	0.943632483	0.916387498	0.893112123	0.876628876	0.868585825	0.869455576	0.888476312	0.920261323	0.964012265	1.01792014	1.07916498	1.14515281	1.20487261	1.25590086	1.29509234	1.31858075	1.32006431	1.30449128	1.27478874	1.23548460	1.19270778	1.15499330	1.12323368	1.09925008	1.08250356	1.07009375	1.06079102	1.05285442	1.04677773	1.04341793	1.04399562	1.05418742	1.07181466	1.09426069	1.11903989	1.14379764	1.15928233	1.16032970	1.14423394	1.10958576	1.05627227	0.986378729	0.912205458	0.840644240	0.777697742	0.728478849	0.696628571	0.676103175	0.664932609	0.661967218	0.666877925	0.680623770	0.697227478	0.713160694	0.725529194	0.732072175	0.727724671	0.717953861	0.705317557	0.691852748	0.679075539	0.663993120	0.646929920	0.630447805	0.615503967	0.601451635	0.589823723	0.580706596	0.572965384	0.566344798	0.561469138	0.557974339	0.553545296	0.547707379	0.540351093	0.531731963	0.519169986	0.504824638	0.489199877	0.472930402	0.456781000	0.440413088	0.424389154	0.408684224	0.393480718	0.379168659	0.365780115	0.353045225	0.341244847	0.330535263	0.320948362	0.313432276	0.307268023	0.302451342	0.299223423	0.298070967	0.299235016	0.300747305	0.301834226	0.302034706	0.301200241	0.298370838	0.294174373	0.289283812	0.285437077
-86.0000000	0.263728172	0.261337042	0.258961409	0.256817728	0.254796982	0.252464920	0.250003070	0.247257054	0.244115949	0.240682289	0.237271994	0.233466312	0.229563534	0.225570902	0.221387833	0.216805845	0.211961389	0.207177863	0.202696919	0.198513284	0.194374785	0.190847680	0.188189566	0.186330542	0.185260877	0.185031071	0.185148984	0.185520709	0.186130300	0.186944276	0.187911436	0.189004898	0.189865664	0.190461040	0.190715179	0.190509170	0.189585522	0.187721476	0.185185149	0.182128623	0.178588033	0.173953012	0.169214964	0.164266810	0.159135431	0.153981745	0.149236247	0.144784182	0.140705824	0.137064114	0.133904576	0.131551728	0.129561141	0.128039554	0.127012119	0.126422331	0.126252994	0.126392812	0.126780435	0.127369076	0.128126472	0.128979549	0.129980430	0.131134823	0.132355526	0.133462444	0.134779081	0.136055693	0.137388945	0.138841659	0.140442759	0.142010495	0.143649265	0.145405203	0.147274852	0.149205267	0.151238799	0.153274864	0.155364826	0.157511339	0.159668401	0.161706671	0.163684055	0.165445223	0.166932359	0.168185249	0.169430524	0.170279041	0.170953646	0.171513408	0.171853617	0.171713740	0.171200678	0.170552969	0.169823036	0.168877289	0.167820826	0.166735828	0.165528759	0.164215401	0.162920803	0.161664099	0.160759732	0.160128325	0.159734219	0.159585208	0.160053045	0.161032200	0.162401617	0.164052844	0.165890306	0.167966127	0.170393527	0.172687799	0.174702302	0.176628530	0.177996412	0.179165691	0.179806232	0.179769635	0.179089248	0.178604588	0.177669406	0.176273540	0.174500167	0.172525793	0.170712665	0.169138804	0.167670920	0.166298121	0.165131927	0.163832352	0.163172483	0.162928805	0.163012415	0.163468897	0.164433017	0.166082099	0.168293715	0.171146721	0.174921289	0.180050507	0.186305195	0.193834871	0.202653959	0.212641686	0.224901319	0.238774687	0.253601730	0.268991083	0.284820259	0.301124841	0.316054374	0.329004258	0.339120090	0.345297605	0.347621620	0.347981393	0.346221268	0.342490852	0.337245405	0.330909967	0.322963268	0.313224912	0.301190257	0.286030412	0.266797304	0.244948953	0.222726330	0.201952413	0.184032261	0.171115145	0.163152158	0.160608575	0.163233772	0.170061052	0.182560861	0.198678285	0.219438285	0.246134177	0.280327618	0.328705579	0.392129540	0.470658183	0.564677477	0.674900711	0.810621262	0.961693764	1.12236631	1.28480709	1.43910575	1.56131649	1.65466785	1.71627283	1.74670756	1.75001085	1.72010529	1.67191446	1.61206925	1.54381275	1.46700191	1.38398290	1.29949164	1.21260905	1.12388635	1.03534651	0.953755558	0.883838654	0.826622427	0.783480465	0.756132543	0.756151676	0.775057793	0.814336896	0.874599338	0.955579877	1.05881667	1.17028999	1.28073490	1.38169408	1.46551824	1.51524842	1.53149307	1.51766932	1.47748756	1.41495383	1.33033931	1.24244726	1.15713024	1.07901883	1.01152027	0.961529315	0.926147521	0.904451072	0.894642591	0.894051552	0.901873529	0.914198101	0.929536104	0.946565807	0.964132786	0.979099751	0.993409991	1.00907528	1.02640545	1.04400754	1.06334877	1.08636343	1.11180341	1.13903058	1.16801727	1.19523036	1.21979618	1.23865461	1.25009525	1.25375772	1.24696767	1.23107016	1.20830464	1.18155181	1.15433431	1.13401413	1.12217569	1.11986721	1.12709403	1.14281857	1.16746855	1.19342577	1.21824694	1.23918188	1.25317430	1.25574481	1.24905658	1.23329365	1.20966554	1.18040514	1.14576983	1.11027348	1.07393789	1.03696346	0.999729037	0.961061537	0.921035826	0.882236540	0.846137047	0.813098490	0.787496150	0.768531859	0.756949186	0.753410935	0.758498728	0.772564769	0.790721476	0.810211658	0.829120934	0.846376956	0.855934322	0.858620644	0.854687989	0.844909787	0.830580652	0.811756372	0.790674210	0.767484248	0.743134856	0.719372094	0.699435174	0.682462990	0.667840421	0.655138969	0.644115686	0.634100676	0.625777006	0.619259238	0.614629745	0.611938059	0.610226512	0.607493401	0.603843868	0.599417984	0.594391644	0.587308049	0.579260945	0.570117950	0.559868932	0.548625708	0.535993516	0.522559285	0.508051157	0.492750615	0.477492511	0.461231023	0.445896268	0.431543708	0.418204546	0.405886173	0.394585073	0.384427279	0.374956489	0.365906626	0.357201427	0.348956257	0.341321707	0.334209412	0.327501595	0.321050674	0.314726204	0.308661968	0.303285807	0.298685908	0.294610977	0.291426063	0.288379580	0.285439223	0.282500893	0.279388517	0.275720984	0.272270828	0.269085526	0.266840965
-87.0000000	0.270671874	0.269050092	0.267461270	0.265969783	0.264614314	0.263407856	0.261705756	0.259742945	0.257461965	0.255007356	0.252725661	0.250261903	0.247639090	0.244949847	0.242221877	0.239417970	0.236639768	0.233760193	0.230820805	0.227935150	0.225288630	0.222981557	0.220750377	0.218775898	0.217205122	0.216151491	0.215022594	0.214190364	0.213552549	0.213076353	0.212798715	0.212723345	0.212648809	0.212477386	0.212203920	0.211916015	0.211252496	0.210471258	0.209492013	0.208226413	0.206577957	0.204525128	0.202201948	0.199544877	0.196563423	0.193340391	0.190097153	0.186794952	0.183458000	0.180152878	0.176988661	0.174063578	0.171258315	0.168554083	0.165961027	0.163518295	0.161508068	0.159725234	0.158270359	0.157081112	0.155932307	0.155102834	0.154378891	0.153865010	0.153561458	0.153364226	0.153325602	0.153432444	0.153657213	0.154005647	0.154516786	0.154881999	0.155354410	0.155873165	0.156389415	0.156866372	0.157448858	0.157987297	0.158537164	0.159127370	0.159760311	0.160422951	0.161070988	0.161781803	0.162531346	0.163193941	0.163870126	0.164588109	0.165238634	0.165770963	0.166192979	0.166580871	0.166787833	0.166945219	0.167101800	0.167223826	0.167124644	0.167042568	0.166907430	0.166795820	0.166931331	0.167076930	0.167271286	0.167515486	0.167807594	0.168142691	0.168431789	0.169037178	0.169716358	0.170326069	0.170822188	0.171684176	0.172522396	0.173213795	0.173713282	0.174053758	0.174287677	0.174701840	0.175301090	0.176046491	0.176855341	0.178087562	0.179324850	0.180645287	0.182130516	0.183865741	0.185699940	0.187615573	0.189577401	0.191630423	0.193899781	0.196354613	0.198941767	0.201681033	0.204616264	0.207815602	0.211462632	0.215173289	0.219129995	0.223394796	0.227909356	0.232117563	0.236662626	0.241300866	0.245918572	0.250531971	0.255445004	0.260898679	0.266177952	0.271008939	0.275558829	0.279629380	0.281951636	0.282985896	0.282494694	0.279542834	0.273732096	0.266143769	0.256957710	0.246614411	0.235814929	0.224008903	0.212289438	0.201358676	0.191613823	0.183147177	0.177741662	0.174214020	0.172862604	0.173600867	0.175957412	0.181040853	0.188217476	0.197732642	0.209526703	0.223235056	0.240318805	0.260012001	0.282729477	0.308935374	0.339143246	0.375898927	0.418539315	0.466375053	0.519109905	0.576841056	0.641847253	0.710588932	0.782063544	0.854325533	0.924486756	0.986880362	1.03955817	1.08138800	1.11146462	1.12910962	1.12948108	1.11882365	1.09919083	1.07213974	1.03873110	1.00031614	0.958678842	0.914946556	0.870363653	0.826291561	0.784968495	0.748882592	0.718505323	0.694698811	0.678715289	0.674574614	0.678384840	0.690451741	0.710876882	0.739557505	0.775420070	0.814193547	0.852261007	0.886772692	0.915645659	0.931689918	0.935593545	0.928736091	0.912293315	0.887237608	0.852158725	0.814085126	0.775473595	0.738129616	0.703206837	0.674141705	0.650044024	0.630339086	0.614865720	0.603875875	0.597536027	0.594163537	0.593769073	0.596033990	0.600310981	0.607505500	0.616166651	0.627420425	0.641864181	0.659566343	0.681479871	0.707748592	0.737784564	0.771244049	0.808027744	0.847464561	0.886704087	0.924412727	0.959340572	0.990321934	1.01396334	1.03090703	1.04075933	1.04299486	1.03695619	1.02294433	1.00598085	0.987048268	0.967520535	0.949162662	0.935745299	0.926517189	0.921437919	0.919631958	0.919388592	0.919681251	0.919007540	0.916710854	0.912221014	0.905054450	0.894404769	0.880697489	0.864790678	0.846544623	0.824821532	0.800139129	0.774363697	0.748287618	0.722638249	0.698077679	0.677751362	0.660044253	0.645534158	0.634994388	0.629394114	0.627365291	0.629034042	0.634163737	0.641642153	0.649482191	0.658191979	0.664677739	0.668983221	0.671101689	0.670975626	0.668186307	0.662536025	0.654769123	0.645642996	0.635927677	0.626564682	0.617847860	0.609951615	0.603143454	0.597783506	0.592228711	0.587320685	0.582384765	0.577295721	0.572478235	0.567723334	0.562531888	0.556944191	0.550996125	0.544719458	0.537116170	0.529331744	0.521113575	0.512341857	0.503029823	0.493240803	0.482835263	0.472434580	0.462368131	0.452673316	0.442530602	0.432526767	0.423075497	0.414108425	0.405074954	0.396306425	0.387885183	0.379650325	0.371514291	0.363462716	0.356192052	0.348847717	0.341575891	0.334492475	0.327683181	0.320896447	0.314322829	0.308313251	0.302990854	0.298251092	0.294572711	0.291251957	0.288217068	0.285335213	0.282412648	0.279567510	0.276960790	0.274668992	0.273126751
-88.0000000	0.315130025	0.314424008	0.313452691	0.312258869	0.311004519	0.309970766	0.308232874	0.306563824	0.304896802	0.303178638	0.301370084	0.299229383	0.296968639	0.294487089	0.291831732	0.289197385	0.286343813	0.283435911	0.280697554	0.278063029	0.275176734	0.272339374	0.269640386	0.266991615	0.264427692	0.262106299	0.259716809	0.257462114	0.255401820	0.253565758	0.251954138	0.250200629	0.248719394	0.247392938	0.246155277	0.244991839	0.243858084	0.242981181	0.242141098	0.241237119	0.240287691	0.239606991	0.238897547	0.238008365	0.237002909	0.236159012	0.235066503	0.233880699	0.232544824	0.231047690	0.229423627	0.227726012	0.226113141	0.224445790	0.222676709	0.220850572	0.218993232	0.216954693	0.214974120	0.213183805	0.211609170	0.209955320	0.208360776	0.206934452	0.205687284	0.204532340	0.203263015	0.202295855	0.201455876	0.200663671	0.199935243	0.199250400	0.198653713	0.198070958	0.197490454	0.196963236	0.196479216	0.196329862	0.196243033	0.196176082	0.196315870	0.196631536	0.197114676	0.197658762	0.198244110	0.198937848	0.199851170	0.200885266	0.202023298	0.203287601	0.204739779	0.206311002	0.207831949	0.209494546	0.211384177	0.213479683	0.215457439	0.217606515	0.219827741	0.222128361	0.224622145	0.227312252	0.230103686	0.232947215	0.235782355	0.238537103	0.241591185	0.244637236	0.247784123	0.250972033	0.253972352	0.257044911	0.259827673	0.262368232	0.264753610	0.267110646	0.269242465	0.271360129	0.273410738	0.275373012	0.277257383	0.278772950	0.280067801	0.280928999	0.281480044	0.282180965	0.282239914	0.281961292	0.281518936	0.280912131	0.279965758	0.278991222	0.277807891	0.276472092	0.275028348	0.273509115	0.271898597	0.270664990	0.269664884	0.268767625	0.267855436	0.266981244	0.266308427	0.265543103	0.264712811	0.264166743	0.263995707	0.263874412	0.263940662	0.264224678	0.264649063	0.264769107	0.265268087	0.265998989	0.266774923	0.267368972	0.268314511	0.269618928	0.271480292	0.273913264	0.276748925	0.280023217	0.283760726	0.287892133	0.292491823	0.297778010	0.303899407	0.310509443	0.317619890	0.325342476	0.333889097	0.343263358	0.353073418	0.363444924	0.374312460	0.385420084	0.396970004	0.408761948	0.420923591	0.433503449	0.446471184	0.459424257	0.472838849	0.486366987	0.499977022	0.513953745	0.528129578	0.541920424	0.555294633	0.568210542	0.580616236	0.591427267	0.600976825	0.608823419	0.614798129	0.619005382	0.620829403	0.620912135	0.619485617	0.616605759	0.612152874	0.606805682	0.600553513	0.593510211	0.585789084	0.577503264	0.568866670	0.560748458	0.553093433	0.546032071	0.539880037	0.535126030	0.531352341	0.528232694	0.525653243	0.523712158	0.523238957	0.523315072	0.523740351	0.524415016	0.525339305	0.525972128	0.525960863	0.525366068	0.524425626	0.523554862	0.522157192	0.521113098	0.520025492	0.518785655	0.517573535	0.516816437	0.516145766	0.515596271	0.515284479	0.515408158	0.515813053	0.516214371	0.516840398	0.517690241	0.518533885	0.519838691	0.520995855	0.522405624	0.524146616	0.525975943	0.527849555	0.530115187	0.533018708	0.536644220	0.540914595	0.545440018	0.550734401	0.556379497	0.562043071	0.567478716	0.572803080	0.577359855	0.581014812	0.583617449	0.585001230	0.584951818	0.583674133	0.581381261	0.578247547	0.574408472	0.570075691	0.566605449	0.563669205	0.560997427	0.558379948	0.555896521	0.554164886	0.552878320	0.551738083	0.550453603	0.549481094	0.548271835	0.546974182	0.545671284	0.544380963	0.542777240	0.541401982	0.540130377	0.538803220	0.537226558	0.537023962	0.537134767	0.537257135	0.537164688	0.536705971	0.536191165	0.536932945	0.537896812	0.538803101	0.540126860	0.541378677	0.542454541	0.543629289	0.544848561	0.545728803	0.546645463	0.547110856	0.547236085	0.546985447	0.546175957	0.544938803	0.543207884	0.540967166	0.538472772	0.536252975	0.532702029	0.528957009	0.524595499	0.519390583	0.513310134	0.507759273	0.501885951	0.495734155	0.489363760	0.482850403	0.476620883	0.469840646	0.462804973	0.455801070	0.449108273	0.442925900	0.436497808	0.430186629	0.424118370	0.418182224	0.412010461	0.406170189	0.400664181	0.395375758	0.390068650	0.384824127	0.379717618	0.374581784	0.369543016	0.365021586	0.360661060	0.356541842	0.352594376	0.348658979	0.344485760	0.341103882	0.337715954	0.334504396	0.331585079	0.329007536	0.326621354	0.324626267	0.322896063	0.321343422	0.319920093	0.318699896	0.317432255	0.316487104	0.316031963
-89.0000000	0.399431944	0.399431646	0.399430633	0.399430454	0.399430811	0.399429500	0.399427682	0.399428964	0.399429649	0.399428785	0.399428606	0.399427682	0.399427086	0.399426132	0.399424702	0.399423093	0.399422735	0.399421573	0.399420708	0.399420619	0.399420947	0.399420679	0.399422199	0.399423361	0.399424165	0.399426758	0.399428576	0.399430811	0.399432123	0.399432302	0.399432421	0.399433404	0.399435610	0.399438649	0.399441779	0.399443835	0.399445266	0.399443060	0.399440229	0.399438381	0.399437487	0.399439454	0.399441153	0.399440914	0.399439186	0.399438858	0.399442017	0.399444073	0.399446040	0.399448186	0.399450541	0.399449527	0.399449050	0.399448186	0.399447441	0.399448633	0.399451882	0.399453372	0.399454325	0.399455309	0.399456322	0.399457127	0.399457335	0.399457812	0.399458557	0.399459004	0.399458110	0.399459302	0.399460316	0.399460435	0.399460524	0.399460435	0.399460644	0.399460763	0.399460733	0.399460346	0.399460405	0.399459124	0.399458915	0.399459720	0.399459004	0.399459034	0.399457902	0.399457961	0.399459273	0.399459749	0.399459928	0.399460137	0.399460256	0.399460435	0.399460882	0.399461985	0.399462312	0.399462610	0.399463117	0.399463415	0.399462938	0.399463266	0.399463505	0.399463594	0.399464816	0.399465621	0.399466574	0.399467289	0.399467796	0.399468601	0.399467945	0.399467766	0.399468541	0.399469852	0.399470419	0.399472624	0.399472922	0.399473369	0.399474561	0.399475873	0.399478614	0.399481326	0.399485290	0.399489433	0.399490058	0.399491668	0.399493605	0.399495989	0.399498254	0.399498791	0.399505556	0.399511129	0.399516165	0.399521261	0.399526685	0.399530530	0.399528831	0.399528980	0.399532199	0.399533778	0.399536550	0.399538010	0.399539083	0.399540156	0.399541110	0.399542630	0.399542183	0.399542391	0.399543464	0.399543226	0.399545044	0.399543256	0.399542719	0.399544120	0.399544150	0.399543941	0.399543762	0.399543613	0.399543494	0.399543047	0.399542391	0.399542749	0.399542212	0.399540573	0.399539500	0.399537921	0.399535894	0.399533570	0.399530232	0.399524420	0.399527580	0.399528176	0.399525344	0.399519980	0.399514318	0.399508774	0.399503857	0.399500102	0.399498045	0.399498224	0.399497509	0.399496049	0.399494439	0.399492860	0.399491578	0.399490625	0.399490148	0.399488270	0.399484426	0.399479121	0.399477065	0.399476498	0.399474919	0.399472296	0.399470776	0.399470031	0.399469107	0.399468422	0.399467796	0.399466544	0.399464250	0.399462789	0.399460495	0.399457097	0.399453700	0.399454296	0.399452269	0.399449110	0.399447083	0.399449170	0.399448752	0.399446458	0.399443179	0.399439842	0.399437338	0.399439961	0.399439931	0.399439335	0.399438977	0.399438262	0.399442255	0.399444431	0.399444699	0.399443358	0.399441302	0.399436563	0.399434358	0.399434179	0.399434566	0.399432927	0.399432540	0.399430573	0.399428219	0.399426281	0.399425030	0.399423450	0.399422616	0.399421722	0.399420768	0.399420351	0.399419069	0.399418890	0.399417847	0.399415344	0.399412006	0.399410963	0.399409533	0.399409592	0.399411052	0.399412274	0.399409384	0.399408787	0.399408013	0.399406344	0.399404585	0.399406046	0.399405271	0.399403214	0.399400860	0.399398983	0.399398476	0.399398327	0.399399459	0.399401188	0.399401248	0.399402648	0.399404347	0.399405688	0.399406970	0.399409264	0.399408937	0.399410754	0.399410903	0.399409115	0.399408519	0.399411410	0.399415642	0.399419010	0.399421126	0.399423212	0.399424285	0.399427146	0.399429291	0.399430215	0.399431407	0.399432629	0.399433583	0.399434358	0.399435163	0.399435967	0.399432421	0.399433732	0.399435878	0.399437159	0.399437785	0.399439424	0.399441510	0.399442941	0.399443179	0.399442047	0.399443924	0.399444014	0.399444282	0.399444818	0.399443746	0.399445504	0.399443954	0.399444073	0.399445593	0.399443090	0.399443358	0.399442464	0.399441928	0.399442494	0.399444193	0.399441719	0.399441063	0.399441063	0.399440438	0.399438173	0.399438232	0.399438232	0.399438351	0.399438977	0.399441123	0.399441838	0.399442941	0.399442762	0.399441481	0.399441481	0.399443507	0.399444431	0.399445206	0.399445534	0.399444401	0.399443299	0.399443507	0.399443239	0.399442405	0.399442554	0.399440587	0.399439454	0.399438381	0.399437279	0.399436921	0.399436086	0.399434507	0.399433762	0.399434388	0.399435967	0.399435639	0.399435282	0.399434954	0.399434626	0.399434209	0.399433762	0.399433523	0.399433285	0.399432689	0.399430990	0.399432212	0.399432003	0.399432063	0.399432063
-90.0000000	0.399431944	0.399431646	0.399430633	0.399430454	0.399430811	0.399429500	0.399427682	0.399428964	0.399429649	0.399428785	0.399428606	0.399427682	0.399427086	0.399426132	0.399424702	0.399423093	0.399422735	0.399421573	0.399420708	0.399420619	0.399420947	0.399420679	0.399422199	0.399423361	0.399424165	0.399426758	0.399428576	0.399430811	0.399432123	0.399432302	0.399432421	0.399433404	0.399435610	0.399438649	0.399441779	0.399443835	0.399445266	0.399443060	0.399440229	0.399438381	0.399437487	0.399439454	0.399441153	0.399440914	0.399439186	0.399438858	0.399442017	0.399444073	0.399446040	0.399448186	0.399450541	0.399449527	0.399449050	0.399448186	0.399447441	0.399448633	0.399451882	0.399453372	0.399454325	0.399455309	0.399456322	0.399457127	0.399457335	0.399457812	0.399458557	0.399459004	0.399458110	0.399459302	0.399460316	0.399460435	0.399460524	0.399460435	0.399460644	0.399460763	0.399460733	0.399460346	0.399460405	0.399459124	0.399458915	0.399459720	0.399459004	0.399459034	0.399457902	0.399457961	0.399459273	0.399459749	0.399459928	0.399460137	0.399460256	0.399460435	0.399460882	0.399461985	0.399462312	0.399462610	0.399463117	0.399463415	0.399462938	0.399463266	0.399463505	0.399463594	0.399464816	0.399465621	0.399466574	0.399467289	0.399467796	0.399468601	0.399467945	0.399467766	0.399468541	0.399469852	0.399470419	0.399472624	0.399472922	0.399473369	0.399474561	0.399475873	0.399478614	0.399481326	0.399485290	0.399489433	0.399490058	0.399491668	0.399493605	0.399495989	0.399498254	0.399498791	0.399505556	0.399511129	0.399516165	0.399521261	0.399526685	0.399530530	0.399528831	0.399528980	0.399532199	0.399533778	0.399536550	0.399538010	0.399539083	0.399540156	0.399541110	0.399542630	0.399542183	0.399542391	0.399543464	0.399543226	0.399545044	0.399543256	0.399542719	0.399544120	0.399544150	0.399543941	0.399543762	0.399543613	0.399543494	0.399543047	0.399542391	0.399542749	0.399542212	0.399540573	0.399539500	0.399537921	0.399535894	0.399533570	0.399530232	0.399524420	0.399527580	0.399528176	0.399525344	0.399519980	0.399514318	0.399508774	0.399503857	0.399500102	0.399498045	0.399498224	0.399497509	0.399496049	0.399494439	0.399492860	0.399491578	0.399490625	0.399490148	0.399488270	0.399484426	0.399479121	0.399477065	0.399476498	0.399474919	0.399472296	0.399470776	0.399470031	0.399469107	0.399468422	0.399467796	0.399466544	0.399464250	0.399462789	0.399460495	0.399457097	0.399453700	0.399454296	0.399452269	0.399449110	0.399447083	0.399449170	0.399448752	0.399446458	0.399443179	0.399439842	0.399437338	0.399439961	0.399439931	0.399439335	0.399438977	0.399438262	0.399442255	0.399444431	0.399444699	0.399443358	0.399441302	0.399436563	0.399434358	0.399434179	0.399434566	0.399432927	0.399432540	0.399430573	0.399428219	0.399426281	0.399425030	0.399423450	0.399422616	0.399421722	0.399420768	0.399420351	0.399419069	0.399418890	0.399417847	0.399415344	0.399412006	0.399410963	0.399409533	0.399409592	0.399411052	0.399412274	0.399409384	0.399408787	0.399408013	0.399406344	0.399404585	0.399406046	0.399405271	0.399403214	0.399400860	0.399398983	0.399398476	0.399398327	0.399399459	0.399401188	0.399401248	0.399402648	0.399404347	0.399405688	0.399406970	0.399409264	0.399408937	0.399410754	0.399410903	0.399409115	0.399408519	0.399411410	0.399415642	0.399419010	0.399421126	0.399423212	0.399424285	0.399427146	0.399429291	0.399430215	0.399431407	0.399432629	0.399433583	0.399434358	0.399435163	0.399435967	0.399432421	0.399433732	0.399435878	0.399437159	0.399437785	0.399439424	0.399441510	0.399442941	0.399443179	0.399442047	0.399443924	0.399444014	0.399444282	0.399444818	0.399443746	0.399445504	0.399443954	0.399444073	0.399445593	0.399443090	0.399443358	0.399442464	0.399441928	0.399442494	0.399444193	0.399441719	0.399441063	0.399441063	0.399440438	0.399438173	0.399438232	0.399438232	0.399438351	0.399438977	0.399441123	0.399441838	0.399442941	0.399442762	0.399441481	0.399441481	0.399443507	0.399444431	0.399445206	0.399445534	0.399444401	0.399443299	0.399443507	0.399443239	0.399442405	0.399442554	0.399440587	0.399439454	0.399438381	0.399437279	0.399436921	0.399436086	0.399434507	0.399433762	0.399434388	0.399435967	0.399435639	0.399435282	0.399434954	0.399434626	0.399434209	0.399433762	0.399433523	0.399433285	0.399432689	0.399430990	0.399432212	0.399432003	0.399432063	0.399432063
