xmlns:cpt=http://iri.columbia.edu/CPT/v10/
cpt:nfields=1
cpt:field=precip, cpt:T=2026-01/03, cpt:S=2025-12-01, cpt:nrow=181, cpt:ncol=360, cpt:row=Y, cpt:col=X, cpt:units=millimeters per day, cpt:missing=-999.00000000000000               
	0.00000000	1.00000000	2.00000000	3.00000000	4.00000000	5.00000000	6.00000000	7.00000000	8.00000000	9.00000000	10.0000000	11.0000000	12.0000000	13.0000000	14.0000000	15.0000000	16.0000000	17.0000000	18.0000000	19.0000000	20.0000000	21.0000000	22.0000000	23.0000000	24.0000000	25.0000000	26.0000000	27.0000000	28.0000000	29.0000000	30.0000000	31.0000000	32.0000000	33.0000000	34.0000000	35.0000000	36.0000000	37.0000000	38.0000000	39.0000000	40.0000000	41.0000000	42.0000000	43.0000000	44.0000000	45.0000000	46.0000000	47.0000000	48.0000000	49.0000000	50.0000000	51.0000000	52.0000000	53.0000000	54.0000000	55.0000000	56.0000000	57.0000000	58.0000000	59.0000000	60.0000000	61.0000000	62.0000000	63.0000000	64.0000000	65.0000000	66.0000000	67.0000000	68.0000000	69.0000000	70.0000000	71.0000000	72.0000000	73.0000000	74.0000000	75.0000000	76.0000000	77.0000000	78.0000000	79.0000000	80.0000000	81.0000000	82.0000000	83.0000000	84.0000000	85.0000000	86.0000000	87.0000000	88.0000000	89.0000000	90.0000000	91.0000000	92.0000000	93.0000000	94.0000000	95.0000000	96.0000000	97.0000000	98.0000000	99.0000000	100.000000	101.000000	102.000000	103.000000	104.000000	105.000000	106.000000	107.000000	108.000000	109.000000	110.000000	111.000000	112.000000	113.000000	114.000000	115.000000	116.000000	117.000000	118.000000	119.000000	120.000000	121.000000	122.000000	123.000000	124.000000	125.000000	126.000000	127.000000	128.000000	129.000000	130.000000	131.000000	132.000000	133.000000	134.000000	135.000000	136.000000	137.000000	138.000000	139.000000	140.000000	141.000000	142.000000	143.000000	144.000000	145.000000	146.000000	147.000000	148.000000	149.000000	150.000000	151.000000	152.000000	153.000000	154.000000	155.000000	156.000000	157.000000	158.000000	159.000000	160.000000	161.000000	162.000000	163.000000	164.000000	165.000000	166.000000	167.000000	168.000000	169.000000	170.000000	171.000000	172.000000	173.000000	174.000000	175.000000	176.000000	177.000000	178.000000	179.000000	180.000000	181.000000	182.000000	183.000000	184.000000	185.000000	186.000000	187.000000	188.000000	189.000000	190.000000	191.000000	192.000000	193.000000	194.000000	195.000000	196.000000	197.000000	198.000000	199.000000	200.000000	201.000000	202.000000	203.000000	204.000000	205.000000	206.000000	207.000000	208.000000	209.000000	210.000000	211.000000	212.000000	213.000000	214.000000	215.000000	216.000000	217.000000	218.000000	219.000000	220.000000	221.000000	222.000000	223.000000	224.000000	225.000000	226.000000	227.000000	228.000000	229.000000	230.000000	231.000000	232.000000	233.000000	234.000000	235.000000	236.000000	237.000000	238.000000	239.000000	240.000000	241.000000	242.000000	243.000000	244.000000	245.000000	246.000000	247.000000	248.000000	249.000000	250.000000	251.000000	252.000000	253.000000	254.000000	255.000000	256.000000	257.000000	258.000000	259.000000	260.000000	261.000000	262.000000	263.000000	264.000000	265.000000	266.000000	267.000000	268.000000	269.000000	270.000000	271.000000	272.000000	273.000000	274.000000	275.000000	276.000000	277.000000	278.000000	279.000000	280.000000	281.000000	282.000000	283.000000	284.000000	285.000000	286.000000	287.000000	288.000000	289.000000	290.000000	291.000000	292.000000	293.000000	294.000000	295.000000	296.000000	297.000000	298.000000	299.000000	300.000000	301.000000	302.000000	303.000000	304.000000	305.000000	306.000000	307.000000	308.000000	309.000000	310.000000	311.000000	312.000000	313.000000	314.000000	315.000000	316.000000	317.000000	318.000000	319.000000	320.000000	321.000000	322.000000	323.000000	324.000000	325.000000	326.000000	327.000000	328.000000	329.000000	330.000000	331.000000	332.000000	333.000000	334.000000	335.000000	336.000000	337.000000	338.000000	339.000000	340.000000	341.000000	342.000000	343.000000	344.000000	345.000000	346.000000	347.000000	348.000000	349.000000	350.000000	351.000000	352.000000	353.000000	354.000000	355.000000	356.000000	357.000000	358.000000	359.000000
90.0000000	0.644101858	0.644100130	0.644094408	0.644088447	0.644084752	0.644084394	0.644083738	0.644087017	0.644088924	0.644087970	0.644086242	0.644082427	0.644079447	0.644077957	0.644077420	0.644076228	0.644069254	0.644069374	0.644077599	0.644087911	0.644086957	0.644086778	0.644082665	0.644080162	0.644080579	0.644080520	0.644080639	0.644080222	0.644080043	0.644080341	0.644080043	0.644080162	0.644081652	0.644082546	0.644081295	0.644076824	0.644076169	0.644077659	0.644078135	0.644077122	0.644076705	0.644080877	0.644077241	0.644075155	0.644074380	0.644065320	0.644099891	0.644113362	0.644116342	0.644116104	0.644116223	0.644116104	0.644115925	0.644115806	0.644115806	0.644115865	0.644116044	0.644115865	0.644115865	0.644116044	0.644116044	0.644114316	0.644110739	0.644108593	0.644108474	0.644108295	0.644108713	0.644108832	0.644108832	0.644108474	0.644107401	0.644107163	0.644106746	0.644106448	0.644105971	0.644104183	0.644097388	0.644104242	0.644105732	0.644101143	0.644108355	0.644099236	0.644104421	0.644103646	0.644095421	0.644097030	0.644099057	0.644100249	0.644100666	0.644100904	0.644102514	0.644105017	0.644103289	0.644101679	0.644104123	0.644113958	0.644115269	0.644114554	0.644114733	0.644113183	0.644101620	0.644101262	0.644102931	0.644104540	0.644105673	0.644107163	0.644111454	0.644110501	0.644110024	0.644112229	0.644115746	0.644117355	0.644119799	0.644122899	0.644127846	0.644137442	0.644153059	0.644157946	0.644159496	0.644160867	0.644160926	0.644160926	0.644160926	0.644160986	0.644161165	0.644161403	0.644161582	0.644161522	0.644161761	0.644162714	0.644164860	0.644163072	0.644162953	0.644162536	0.644161880	0.644162655	0.644162536	0.644162476	0.644163311	0.644169092	0.644187093	0.644187927	0.644187987	0.644187987	0.644188583	0.644190669	0.644190490	0.644190550	0.644192696	0.644196093	0.644197643	0.644197822	0.644198060	0.644201279	0.644206047	0.644206703	0.644199491	0.644197702	0.644197762	0.644197881	0.644198239	0.644198537	0.644199252	0.644201219	0.644202411	0.644197583	0.644194126	0.644192815	0.644192636	0.644192815	0.644192994	0.644193292	0.644191921	0.644192755	0.644195318	0.644194663	0.644193113	0.644194007	0.644194841	0.644194663	0.644194365	0.644193709	0.644194365	0.644194722	0.644194663	0.644194961	0.644195199	0.644194484	0.644193828	0.644193709	0.644193470	0.644190311	0.644189775	0.644192755	0.644197881	0.644200921	0.644201577	0.644201636	0.644201577	0.644201517	0.644201100	0.644200683	0.644200623	0.644200623	0.644200683	0.644201100	0.644201219	0.644199967	0.644199014	0.644199014	0.644199312	0.644199848	0.644199789	0.644199491	0.644199491	0.644200265	0.644200325	0.644200206	0.644200683	0.644201636	0.644202173	0.644202292	0.644202650	0.644205391	0.644209325	0.644209743	0.644203424	0.644202232	0.644205451	0.644209802	0.644209921	0.644204438	0.644203126	0.644196928	0.644181609	0.644157767	0.644132376	0.644136071	0.644139767	0.644135594	0.644137263	0.644136906	0.644136369	0.644135356	0.644133210	0.644128323	0.644125700	0.644127965	0.644129813	0.644129694	0.644129932	0.644129455	0.644129992	0.644130290	0.644130051	0.644129634	0.644134462	0.644132257	0.644130290	0.644130707	0.644130588	0.644132376	0.644132495	0.644131958	0.644131899	0.644133449	0.644135952	0.644136250	0.644136846	0.644137800	0.644136906	0.644131362	0.644135475	0.644139767	0.644140601	0.644140244	0.644138038	0.644139349	0.644140244	0.644139528	0.644139230	0.644139290	0.644139409	0.644138455	0.644136846	0.644136727	0.644136548	0.644136369	0.644135892	0.644134939	0.644133806	0.644132614	0.644132078	0.644129336	0.644125462	0.644124866	0.644133747	0.644136846	0.644131601	0.644123435	0.644125998	0.644126117	0.644126415	0.644126534	0.644126654	0.644127607	0.644125044	0.644124508	0.644123971	0.644123316	0.644124687	0.644125044	0.644125164	0.644125164	0.644125223	0.644125164	0.644121766	0.644120991	0.644121051	0.644120216	0.644116759	0.644093335	0.644087553	0.644089341	0.644091964	0.644092202	0.644091606	0.644091487	0.644091547	0.644091547	0.644091547	0.644096375	0.644097745	0.644097984	0.644098341	0.644098580	0.644098699	0.644098997	0.644098759	0.644098401	0.644098818	0.644096732	0.644102812	0.644099712	0.644087434	0.644082725	0.644083023	0.644083023	0.644082904	0.644083560	0.644086659	0.644097805	0.644093156	0.644088507	0.644091189	0.644099772	0.644096196	0.644095302	0.644098461	0.644098461
89.0000000	0.657294333	0.657464802	0.657602072	0.657708049	0.658117414	0.658524573	0.658867776	0.659174025	0.659335732	0.659485102	0.659620762	0.659780920	0.660093784	0.660363197	0.660698295	0.660778403	0.660944402	0.661156297	0.661331475	0.661533058	0.661888063	0.662106097	0.662290037	0.662513733	0.662687659	0.662756205	0.662996948	0.663221359	0.663488030	0.663560033	0.663536668	0.663665175	0.663982153	0.664304554	0.664606929	0.664791048	0.665013969	0.665134966	0.665109336	0.665116549	0.665189564	0.665251672	0.665238321	0.665386081	0.665573299	0.665786982	0.666092575	0.666340947	0.666563630	0.666773438	0.667044342	0.667109430	0.667169452	0.667262197	0.667238772	0.667222083	0.667195976	0.667077243	0.666934431	0.666964293	0.666926444	0.666980326	0.666881979	0.666580141	0.666322947	0.666028023	0.665705264	0.665343702	0.665227413	0.665105641	0.664978027	0.664864480	0.664692938	0.664533734	0.664339781	0.664152145	0.664038122	0.663804471	0.663562059	0.663302004	0.663025200	0.662724257	0.662325501	0.661869168	0.661405265	0.661102593	0.660695672	0.660254538	0.659676731	0.659030020	0.658310711	0.658008456	0.657742143	0.657493293	0.656951964	0.656368136	0.655754328	0.655426741	0.655008614	0.654673338	0.654250205	0.653720081	0.653490067	0.653314829	0.653211236	0.652513683	0.651952267	0.651423693	0.651264787	0.651037216	0.650940537	0.650593042	0.650214493	0.649793208	0.649331689	0.648885906	0.648477912	0.648073733	0.647758186	0.647406161	0.647199094	0.646875858	0.646614492	0.646301091	0.646011770	0.645379305	0.644756556	0.644262075	0.644126415	0.643924177	0.643688440	0.643521786	0.643192232	0.642920136	0.642595649	0.642318904	0.641900063	0.641462386	0.640959442	0.640488505	0.640231013	0.639805019	0.639200389	0.638610721	0.638236225	0.637922764	0.637609899	0.637332141	0.636955500	0.636540353	0.635990679	0.635475934	0.635110497	0.634695232	0.634355724	0.633998632	0.633636475	0.633196175	0.632809222	0.632473767	0.632156968	0.631640911	0.631146073	0.630827487	0.630452573	0.630192399	0.629864752	0.629320562	0.628876746	0.628441095	0.627980173	0.627600551	0.627133369	0.626818836	0.626446426	0.625948489	0.625536442	0.625018239	0.624563336	0.624117434	0.623661280	0.623327971	0.623036683	0.622682393	0.622280359	0.621950805	0.621513963	0.620990396	0.620548904	0.620256364	0.619993329	0.619848430	0.619520009	0.619214177	0.619053185	0.618961394	0.618904352	0.618732810	0.618432164	0.617999971	0.617788851	0.617788911	0.617692471	0.617522240	0.617416620	0.617181361	0.617150664	0.617135227	0.617051303	0.617134869	0.617351830	0.617544353	0.617541194	0.617522836	0.617638350	0.617664278	0.617642760	0.617724776	0.617763460	0.617792189	0.617783844	0.617814600	0.617876887	0.617962837	0.618298531	0.618488193	0.618589699	0.618753016	0.618885577	0.619174421	0.619501114	0.619772613	0.620071232	0.620272338	0.620603263	0.621037960	0.621318161	0.621666610	0.621895969	0.622227550	0.622477531	0.622618377	0.622866690	0.623105347	0.623256862	0.623484910	0.623619199	0.623796582	0.624040604	0.624396861	0.624653935	0.625008762	0.625273347	0.625615239	0.626043200	0.626373947	0.626818061	0.627340972	0.627886236	0.628322184	0.628642619	0.628888488	0.629176021	0.629531205	0.629790723	0.630147636	0.630510032	0.630866408	0.631211638	0.631540596	0.631982744	0.632478178	0.632921517	0.633461297	0.633665144	0.634045184	0.634353697	0.634927571	0.635499895	0.636020005	0.636471689	0.636940539	0.637399316	0.637747765	0.638307035	0.638901770	0.639306962	0.639870822	0.640138149	0.640456676	0.640792906	0.641173840	0.641597509	0.642000496	0.642666101	0.643223107	0.643766880	0.644512773	0.645164490	0.645616114	0.645917416	0.646220446	0.646541178	0.646891415	0.647180915	0.647516191	0.647910237	0.648246765	0.648566484	0.648950219	0.649340451	0.649774551	0.650109649	0.650566041	0.650895894	0.651353598	0.651741087	0.652112007	0.652510226	0.652784586	0.652977943	0.653085649	0.653347194	0.653485894	0.653694808	0.653858900	0.653954625	0.654199481	0.654740334	0.654969752	0.655262768	0.655503035	0.655728877	0.655742228	0.655695856	0.655816317	0.655904770	0.655868113	0.655957282	0.656033933	0.656173289	0.656217635	0.656453073	0.656705678	0.656716764	0.656694651	0.656662524	0.656689465	0.656713307	0.656794131	0.656868219	0.656887233	0.656901121	0.657114923	0.657379389	0.657471716	0.657392800	0.657443404	0.657361746	0.657314897
88.0000000	0.734139919	0.734876692	0.735249758	0.735684097	0.736261129	0.736799896	0.737458408	0.738181591	0.737985373	0.737225056	0.737404644	0.737485051	0.738261759	0.738952279	0.739806652	0.739912033	0.739576101	0.739825487	0.739941716	0.739644647	0.739811480	0.739185631	0.739047587	0.739002287	0.738976240	0.739042222	0.739161909	0.738668859	0.737899244	0.737121284	0.736098528	0.735912919	0.735873103	0.735854089	0.735911191	0.735835791	0.735737324	0.736069322	0.736262619	0.736435115	0.736742795	0.737141490	0.736497760	0.735553324	0.734514475	0.733152390	0.732577562	0.732118547	0.731652260	0.731247485	0.731447220	0.731268942	0.730831623	0.730484247	0.729784489	0.728579164	0.727312267	0.726965010	0.726064563	0.724885106	0.724324346	0.723538458	0.722796559	0.721695065	0.720658541	0.720519960	0.719474792	0.719053090	0.718531728	0.717924058	0.716882646	0.715736985	0.715005159	0.714101136	0.713178694	0.712010145	0.711713791	0.711522758	0.710868061	0.709663033	0.708206952	0.707016766	0.705665648	0.704264998	0.703046203	0.701748192	0.700629354	0.699401557	0.697640598	0.696227551	0.695397913	0.695025623	0.694927216	0.694589853	0.693301260	0.691417038	0.689733088	0.688726485	0.687671006	0.686510146	0.684668779	0.683168411	0.682168365	0.681246042	0.680400312	0.678673923	0.676712692	0.675336301	0.674790561	0.674415827	0.674581707	0.673463225	0.672556877	0.671362936	0.670066416	0.668806016	0.667948723	0.666895151	0.665531695	0.664110005	0.662576377	0.662014067	0.660742342	0.659489155	0.658085525	0.656149983	0.655965924	0.655802250	0.655285418	0.653974533	0.653060853	0.652637839	0.652342200	0.651886523	0.651452541	0.650824904	0.648874819	0.648152113	0.647530258	0.646746457	0.646268070	0.644889474	0.643162072	0.641454279	0.640250802	0.639022052	0.638198018	0.637268901	0.636605978	0.636394799	0.636271358	0.635879576	0.634376943	0.632903755	0.632005155	0.631224930	0.630520225	0.629794121	0.629704595	0.630189061	0.629875422	0.627835929	0.625806689	0.624197602	0.623314381	0.622460961	0.621594191	0.621042550	0.620759368	0.620220482	0.618865728	0.618502975	0.617455721	0.616230905	0.615044236	0.613871098	0.612828076	0.611781120	0.611400545	0.611556709	0.611096799	0.610010266	0.608624041	0.607574701	0.607003927	0.606309354	0.605069876	0.603734016	0.602713168	0.602377355	0.602425694	0.603916883	0.604463398	0.603978097	0.602655709	0.602240324	0.602457941	0.602207065	0.601558626	0.601051927	0.600477159	0.601214707	0.601944268	0.602412999	0.602648497	0.602998555	0.602813959	0.602539361	0.601799011	0.601680100	0.602373779	0.602884471	0.602965653	0.602622807	0.602520227	0.603365123	0.603098154	0.603005588	0.603054464	0.603029847	0.602598965	0.602196991	0.602141321	0.602581978	0.603417456	0.603918850	0.604650617	0.604792058	0.605133951	0.606155097	0.607178748	0.608142912	0.607937753	0.607781529	0.607822180	0.607641339	0.608301342	0.608377576	0.609156489	0.610390961	0.610169828	0.610253334	0.611155152	0.612101078	0.612828374	0.613821089	0.613279998	0.612465262	0.612831235	0.613913476	0.614732921	0.615356565	0.616268575	0.617091060	0.617930055	0.618899167	0.619628370	0.620687962	0.621691883	0.622504115	0.622704983	0.623685002	0.624680996	0.625480950	0.626192927	0.627122521	0.627747238	0.628234684	0.629126012	0.630422771	0.632488489	0.633923769	0.634817243	0.636097848	0.637171149	0.638574064	0.639789462	0.640741944	0.641816437	0.642983437	0.644128442	0.644948006	0.646560788	0.647767186	0.648457587	0.648975909	0.650044084	0.651520729	0.653057635	0.654729068	0.655850291	0.656031132	0.655918658	0.656757653	0.658818245	0.661780059	0.663920760	0.665979922	0.668205440	0.670123577	0.670788944	0.671744227	0.673466742	0.675489008	0.677472889	0.679546714	0.681164026	0.681997716	0.683163702	0.684838951	0.686693490	0.688085079	0.689350128	0.690565884	0.691299677	0.692036748	0.693857908	0.695586383	0.697158039	0.698592663	0.700387418	0.701850414	0.703650057	0.705113471	0.706218123	0.707759142	0.708590508	0.709475398	0.709948719	0.710314035	0.711112499	0.712517500	0.713668287	0.714467466	0.715432465	0.716664970	0.717436492	0.717733800	0.718019843	0.718724787	0.719445825	0.720170617	0.720750570	0.721850574	0.722859502	0.722809494	0.724369764	0.726633847	0.728061259	0.728559136	0.729913652	0.729256272	0.729270577	0.729541600	0.730254471	0.731208920	0.731713891	0.732272923	0.732730150	0.733146369
87.0000000	0.789015353	0.789334834	0.789250076	0.790088773	0.791845024	0.793504477	0.794169724	0.794018269	0.793811619	0.793599546	0.793021262	0.793738902	0.793831229	0.793780863	0.794208527	0.794966698	0.794746101	0.793860018	0.792864978	0.791977465	0.792326272	0.793153763	0.793946087	0.794269681	0.793985486	0.793703377	0.792297959	0.791931570	0.791679323	0.791449428	0.791127801	0.790485680	0.790194631	0.790025413	0.789977908	0.790474534	0.791626751	0.791872740	0.790921092	0.789484501	0.789156556	0.788072169	0.786854148	0.785716414	0.784669816	0.783855200	0.782581091	0.781043291	0.779422998	0.777433753	0.775668621	0.774510503	0.773250639	0.771456301	0.768933952	0.766667008	0.764637828	0.762748301	0.760699034	0.758540452	0.756192267	0.754852474	0.752640784	0.750473559	0.748796463	0.747433007	0.745256901	0.743358254	0.741156340	0.738467216	0.735553443	0.734214842	0.733106494	0.731703341	0.729913890	0.727045655	0.724191010	0.721836984	0.719989717	0.718219161	0.716518044	0.714222550	0.712289572	0.710963130	0.709942043	0.707687199	0.705204904	0.703247607	0.701157391	0.699219882	0.698031962	0.696677208	0.695253849	0.694280922	0.693135142	0.691641331	0.690517843	0.688978970	0.686536372	0.683834612	0.681933045	0.680481970	0.679277003	0.678405702	0.677371502	0.675341904	0.673544228	0.671559393	0.670467794	0.669194579	0.667151570	0.665047646	0.663298190	0.660866141	0.658187926	0.656638205	0.655747056	0.654923916	0.653635621	0.652203560	0.651055932	0.650082767	0.648599625	0.646955311	0.645085871	0.643297672	0.642197311	0.641269863	0.640726089	0.639952242	0.639127195	0.638230503	0.636918306	0.635909915	0.635240316	0.635023713	0.633889377	0.632369697	0.630783617	0.629367113	0.628427029	0.627251804	0.625300527	0.623547733	0.622277915	0.621412158	0.620970309	0.619604290	0.617774367	0.616200686	0.614894271	0.613417864	0.612222731	0.610956848	0.609578550	0.608642340	0.606973052	0.605818629	0.604876041	0.603921115	0.603320718	0.602744281	0.602172375	0.601273477	0.600291848	0.599004149	0.597755671	0.596855104	0.596121430	0.595266759	0.594647408	0.594082355	0.593591630	0.592870414	0.592024088	0.591304243	0.590247929	0.589682043	0.589323819	0.589087546	0.588730276	0.587958753	0.587249100	0.586758375	0.586690724	0.586893201	0.586806774	0.585565627	0.584627867	0.584527850	0.584441960	0.584156275	0.584146678	0.583739400	0.583295405	0.583617628	0.584127724	0.584975302	0.585048139	0.584873974	0.585156143	0.586310506	0.587197721	0.587764919	0.587678611	0.587428689	0.587596953	0.587625444	0.587724447	0.588344514	0.589185417	0.590234935	0.590007246	0.589639127	0.589686155	0.590208113	0.590749502	0.590699613	0.590239227	0.589931905	0.589441121	0.589836836	0.590223551	0.590835392	0.591544330	0.592034459	0.592548788	0.592820108	0.593128562	0.593973458	0.595165312	0.596355140	0.596760511	0.596723616	0.596891820	0.598047972	0.598744273	0.599083066	0.599548876	0.600015998	0.600251496	0.600344241	0.600431800	0.600970030	0.601198554	0.600700259	0.600999117	0.601024628	0.600998640	0.601100802	0.600926459	0.601731420	0.602471352	0.603326321	0.604389191	0.605281353	0.606131375	0.607654154	0.608861685	0.609928071	0.610924423	0.612250686	0.613827348	0.615254223	0.616644502	0.618142962	0.619479716	0.620587885	0.621527135	0.622806251	0.623675346	0.624956131	0.626951277	0.629007995	0.630509555	0.631954789	0.633682251	0.634995878	0.635890186	0.637105584	0.638950944	0.639212549	0.640548766	0.641959548	0.642806649	0.643737733	0.645392656	0.647127628	0.648424208	0.649323285	0.649618387	0.649967849	0.650311530	0.651355267	0.652767301	0.654327273	0.656693220	0.659067869	0.661205530	0.662769973	0.663925648	0.664754510	0.666407049	0.668879330	0.671819091	0.675007701	0.677803218	0.679928482	0.682579756	0.685756385	0.687943101	0.689764798	0.691496670	0.693976879	0.697243571	0.701480567	0.705210090	0.709075212	0.712794304	0.716060817	0.718635023	0.721124887	0.724337876	0.727218270	0.729413867	0.730932891	0.733539820	0.736535013	0.739835858	0.743333817	0.746289611	0.749369502	0.752366483	0.754938900	0.757116854	0.758676469	0.761072695	0.763271451	0.764697075	0.766179562	0.769231558	0.771459162	0.773610532	0.775507510	0.776787639	0.777842700	0.779698551	0.781347275	0.783333302	0.785105228	0.786301196	0.787189960	0.787459493	0.787578404	0.787904143	0.788959265	0.789804697	0.790156543	0.789958358	0.789567947
86.0000000	0.858954251	0.858983636	0.858443201	0.859051347	0.860176682	0.861164272	0.860675812	0.859909475	0.858872712	0.857941568	0.857268751	0.858967066	0.859300673	0.857727766	0.855372369	0.855296969	0.855571389	0.854964972	0.853099406	0.850901067	0.850663006	0.852246881	0.851945281	0.850713670	0.849352121	0.849444807	0.850167036	0.849931240	0.849154353	0.848708332	0.848276854	0.848878205	0.849962413	0.849969625	0.848997235	0.847901523	0.848405182	0.848633647	0.848112345	0.847001612	0.845387101	0.844369829	0.843333423	0.842392266	0.841019273	0.838817894	0.835975468	0.833404303	0.831531525	0.830027819	0.828158557	0.825778127	0.823077083	0.820356965	0.816919088	0.813228130	0.808482468	0.804805338	0.801796019	0.798900127	0.795221269	0.790721357	0.786586285	0.782927752	0.779852688	0.777313709	0.774038613	0.771203697	0.768817902	0.766068280	0.761834383	0.758233666	0.755042553	0.752485454	0.749851525	0.746086061	0.742285550	0.739453435	0.736269176	0.732865453	0.729217231	0.724269092	0.720375836	0.717987418	0.716121137	0.713195324	0.710080683	0.706411302	0.703218102	0.700616896	0.697188079	0.694662273	0.692947209	0.691410363	0.689371407	0.687328577	0.685327888	0.682757854	0.680289090	0.678692698	0.677886605	0.676254511	0.674505830	0.673291981	0.672272027	0.671046138	0.668771863	0.667395771	0.665938973	0.664101541	0.661757529	0.659931719	0.658022463	0.655935526	0.653814018	0.652300060	0.651356757	0.649640262	0.647580504	0.645745635	0.643917918	0.642574906	0.641934693	0.641370296	0.640703678	0.639583051	0.637563348	0.636960626	0.636364043	0.635395110	0.634351552	0.633721113	0.632605135	0.631650388	0.630698740	0.629696131	0.627965868	0.625906348	0.623987138	0.622864544	0.622390568	0.621673226	0.619438767	0.616238058	0.613340080	0.611887097	0.611362338	0.610396206	0.608921051	0.606896818	0.604215264	0.602335691	0.601003587	0.599782407	0.598398983	0.596601844	0.594131589	0.592400372	0.591157675	0.589709461	0.588269830	0.587504387	0.586719215	0.585515618	0.584146380	0.583318114	0.582539558	0.581909418	0.580435157	0.578681886	0.577994943	0.577706218	0.577498913	0.577393532	0.577155650	0.576429605	0.576244712	0.574976146	0.573882163	0.573352456	0.573228538	0.573128700	0.572944283	0.572684944	0.572286367	0.572004855	0.571699381	0.571470797	0.571272492	0.571305931	0.571727157	0.572086453	0.572696388	0.573073208	0.573677182	0.574977934	0.575602710	0.576422691	0.577088952	0.578091979	0.578650594	0.579126656	0.580751657	0.581412911	0.580730975	0.579672694	0.580669820	0.581063151	0.581347108	0.582088530	0.583131313	0.583525836	0.583014250	0.582648695	0.582673252	0.582602799	0.583638847	0.583850265	0.583599269	0.583166599	0.581853390	0.580556035	0.579892814	0.580291390	0.581224501	0.582296789	0.581615210	0.580948174	0.580792844	0.581249535	0.582462788	0.583329201	0.584178925	0.584268987	0.583980381	0.584179521	0.583773792	0.584487379	0.585553229	0.586240947	0.585879266	0.584395468	0.583645284	0.583946526	0.584455371	0.584301531	0.584469795	0.583917022	0.582937598	0.581892788	0.581905127	0.582840085	0.583550096	0.584515154	0.585606456	0.586265445	0.588409781	0.589820206	0.591251493	0.592865586	0.594221115	0.595815599	0.597312570	0.599534333	0.602404773	0.604683578	0.606351674	0.608581603	0.610683382	0.613052726	0.615113676	0.616813004	0.617903233	0.619329989	0.620765448	0.621693015	0.622579515	0.623898566	0.624934554	0.625808060	0.626462996	0.626483917	0.627337039	0.628324628	0.628625751	0.628494740	0.627461910	0.627200723	0.626854420	0.626670361	0.626775622	0.626971900	0.626813412	0.627009749	0.627540648	0.626882911	0.627143025	0.628943264	0.630511701	0.631769836	0.632806838	0.633629322	0.635896087	0.638645709	0.641596198	0.644536972	0.647456467	0.650579154	0.653882205	0.657083213	0.660578132	0.665237010	0.669772089	0.674438596	0.679445326	0.685458541	0.691429257	0.697606206	0.704197586	0.710980117	0.715761900	0.721360028	0.727750778	0.735290229	0.743182778	0.750104964	0.756484032	0.764103115	0.771636903	0.778853416	0.785860002	0.791937470	0.797426462	0.802482903	0.808184385	0.815414190	0.822080791	0.828255892	0.833503246	0.837344170	0.841625273	0.844590604	0.848230362	0.851992548	0.855018556	0.857813776	0.859674215	0.862280369	0.864445508	0.865718007	0.865952313	0.867337346	0.868128121	0.868346512	0.868163347	0.866980255	0.866308928	0.864760995	0.863010228	0.861319721
85.0000000	0.943208873	0.939145684	0.935474873	0.932606637	0.929787278	0.927118063	0.924110770	0.921931446	0.920492470	0.919370592	0.917542040	0.915145159	0.913163245	0.911036968	0.908695102	0.907366753	0.905886650	0.904795468	0.903954864	0.903204739	0.903364062	0.903284669	0.902513027	0.901725590	0.901254117	0.901029170	0.901221514	0.900509894	0.899424672	0.899320483	0.900090575	0.901140332	0.901486874	0.901719332	0.901967764	0.902689159	0.903609931	0.903297424	0.902940333	0.902713954	0.901966870	0.900381863	0.898733199	0.897102356	0.895715296	0.894154489	0.891200840	0.889328599	0.888097167	0.886452973	0.883369744	0.881239772	0.878993750	0.876263559	0.872162223	0.867404997	0.861669600	0.856447101	0.851805866	0.846928656	0.840830266	0.835132182	0.829268038	0.824784636	0.820647836	0.816368580	0.812093794	0.808424234	0.805727780	0.803287864	0.799763322	0.795379519	0.790703118	0.786160231	0.781264126	0.776560485	0.772463381	0.768963814	0.765306473	0.761273026	0.757296562	0.751743376	0.747072041	0.742629945	0.738378942	0.733884156	0.729698837	0.725265145	0.720933974	0.716578364	0.712378621	0.708393693	0.704285979	0.700419247	0.696874022	0.693925798	0.690463722	0.686792612	0.683236420	0.680304587	0.677413046	0.674485266	0.671597958	0.669134438	0.666833520	0.665140688	0.662034571	0.659578919	0.657259107	0.655503094	0.653257132	0.650105059	0.646605134	0.643621802	0.641756892	0.640855551	0.638513803	0.636041462	0.634103596	0.632633567	0.630374253	0.628490984	0.627150238	0.625757277	0.624383509	0.623942435	0.622773290	0.621474266	0.620428443	0.619511843	0.618149519	0.617971182	0.617205560	0.616284788	0.615523577	0.616158247	0.615879357	0.615314424	0.614021361	0.612512827	0.611611843	0.611437142	0.610283971	0.608442485	0.606251180	0.603909314	0.602067888	0.600093842	0.598327637	0.596807599	0.595304847	0.594099283	0.592895567	0.590833843	0.588243842	0.585606158	0.582771778	0.580851614	0.579782069	0.578729272	0.576900125	0.575807512	0.573873162	0.572184980	0.571246326	0.570511639	0.569654167	0.568284988	0.566988289	0.565762281	0.564631045	0.563723564	0.562020004	0.560382366	0.559787691	0.559946299	0.559768975	0.558782458	0.557583034	0.556331098	0.556515098	0.557051718	0.557515204	0.557493389	0.557082474	0.557598650	0.559026778	0.560453653	0.561539352	0.562578022	0.563384771	0.564367414	0.566638291	0.568944573	0.570305228	0.570537925	0.570527792	0.571616709	0.571956038	0.571885824	0.571646810	0.572264850	0.573582828	0.575074017	0.576133549	0.576390386	0.575816691	0.575898886	0.576033950	0.576256156	0.576438487	0.577271223	0.578085423	0.578627110	0.579218030	0.579383910	0.579976559	0.580788255	0.580957711	0.580492020	0.579156637	0.578250468	0.577302098	0.577284992	0.577298760	0.576829910	0.575810969	0.574851871	0.574530125	0.574667394	0.574217975	0.574295580	0.573573530	0.572602153	0.571697176	0.571270108	0.570068002	0.570091963	0.570704758	0.570782244	0.569701672	0.568789124	0.568332314	0.568947732	0.569965422	0.570876598	0.572010696	0.571794212	0.571461678	0.571752131	0.572787821	0.574283600	0.574700177	0.575517714	0.576942086	0.578404009	0.580569863	0.581951976	0.583555579	0.585797071	0.588723838	0.592211485	0.594966590	0.597833395	0.601362824	0.605571687	0.609389186	0.613676727	0.617515683	0.621162236	0.624864459	0.627145350	0.628661692	0.630079806	0.631921589	0.633594811	0.634325981	0.634917080	0.635535836	0.636392534	0.637144566	0.637071669	0.636833668	0.636658132	0.636070669	0.634991109	0.633473814	0.631954372	0.629724562	0.627057195	0.625422657	0.624118030	0.621830523	0.618770361	0.615864813	0.614489257	0.614319563	0.614480376	0.614089131	0.613470018	0.613743842	0.612693608	0.614055395	0.616455138	0.618802726	0.620416641	0.622461319	0.626361430	0.630692601	0.635650992	0.641414285	0.648275435	0.655717611	0.663256407	0.670387030	0.677995622	0.686941683	0.696834207	0.706954539	0.718197405	0.730114102	0.742917955	0.756531775	0.770901799	0.786183596	0.802635193	0.818088233	0.830954432	0.841827631	0.852707207	0.863614440	0.875620127	0.886769652	0.897380650	0.907258391	0.916712284	0.926306546	0.936066985	0.944691062	0.951842129	0.958489656	0.962873936	0.966767788	0.970240176	0.972543657	0.973712921	0.974582732	0.975391507	0.975956261	0.975915372	0.974949837	0.973971426	0.972917914	0.971142888	0.968746245	0.964873791	0.960255027	0.955610275	0.951348007	0.947491765
84.0000000	1.03357017	1.02676332	1.02088082	1.01623213	1.01294255	1.00987852	1.00696087	1.00366938	1.00116098	0.999047458	0.994725943	0.989630878	0.986090481	0.983135581	0.980571687	0.979442656	0.978650451	0.978279531	0.978195369	0.978548586	0.979390264	0.980702996	0.981965780	0.983038306	0.983783484	0.983461559	0.983263850	0.982635140	0.981426895	0.979999423	0.980521083	0.980794430	0.980022132	0.979912639	0.980170965	0.979797602	0.979685605	0.978031933	0.975576937	0.972795248	0.970761418	0.967047691	0.963428140	0.960292041	0.957704246	0.955049694	0.952218235	0.949550271	0.947280526	0.945166349	0.941346228	0.936153054	0.932046413	0.927780032	0.923363388	0.918596387	0.912500322	0.906798184	0.901032805	0.894862115	0.889188826	0.883611739	0.877069592	0.871291518	0.865982234	0.861350596	0.855991423	0.850866854	0.845892608	0.841289043	0.836120129	0.830251336	0.825009406	0.820214450	0.814994752	0.808465242	0.803034902	0.799476385	0.795682371	0.790872991	0.785447001	0.780338109	0.775964856	0.771294713	0.766212523	0.760702312	0.756242454	0.751125515	0.745763481	0.740252495	0.735867202	0.732190192	0.728114367	0.723750651	0.719158232	0.714927614	0.711002946	0.705925882	0.700527549	0.695002317	0.689176500	0.684168875	0.678807676	0.673966289	0.669718206	0.666317165	0.662129521	0.657939553	0.653878748	0.650236785	0.646492839	0.643476129	0.640984476	0.638524652	0.636231303	0.634644866	0.632298887	0.629654527	0.626986563	0.624210119	0.621627212	0.620088756	0.618083298	0.615551889	0.612572908	0.609911919	0.608311713	0.606497765	0.604930878	0.603543699	0.601989865	0.601624131	0.600052178	0.598848403	0.598601997	0.599537492	0.600312352	0.600756586	0.600857913	0.600599825	0.600003183	0.599845648	0.599360526	0.598105013	0.595881581	0.593273818	0.591053963	0.589386642	0.587906837	0.586101532	0.583803535	0.581589103	0.579556465	0.577148497	0.574527144	0.572587848	0.571287394	0.570464849	0.569091499	0.567398369	0.566582024	0.565444946	0.564181030	0.563202739	0.562531531	0.562045395	0.560929358	0.558983922	0.557189643	0.555678308	0.553893685	0.552403331	0.550175786	0.548221171	0.547124445	0.546291351	0.545715868	0.544672370	0.543604910	0.542629600	0.542665422	0.543686748	0.544003665	0.544359386	0.545503914	0.547143281	0.549275696	0.550723255	0.552354753	0.554234266	0.556352139	0.557988763	0.560062230	0.562086642	0.563560545	0.564659417	0.565547943	0.566200197	0.566846788	0.568069041	0.569528699	0.570114970	0.570526958	0.571051776	0.571495295	0.571316898	0.571272969	0.572111309	0.572822988	0.573572457	0.574077487	0.575681806	0.577343285	0.578860521	0.579956412	0.581049979	0.583211780	0.585117579	0.586096704	0.586391807	0.586148322	0.586148560	0.585850239	0.585610449	0.584908366	0.584685087	0.583345830	0.582248867	0.580981612	0.579661250	0.578201592	0.576333404	0.573822975	0.571741402	0.569644511	0.567356884	0.565237820	0.563990772	0.563330829	0.562630355	0.561539352	0.561299682	0.561368167	0.562066913	0.562774181	0.563469827	0.564728022	0.564944923	0.565180182	0.565610528	0.566251874	0.567510128	0.567778289	0.568904400	0.570248723	0.572157085	0.573524475	0.575011194	0.577083826	0.580009758	0.583494663	0.587875128	0.592168510	0.596669436	0.601613641	0.607477903	0.613786995	0.618990421	0.623158395	0.627026141	0.631683290	0.637732387	0.642481744	0.647302091	0.653678775	0.661720276	0.670076549	0.675797343	0.677936494	0.676363766	0.670932829	0.660278559	0.650163412	0.642695308	0.639529049	0.641290069	0.648668766	0.658252358	0.668434739	0.677326918	0.683793008	0.683006465	0.676360726	0.664613724	0.649431884	0.633236885	0.621261954	0.611581862	0.604783595	0.602292299	0.605022192	0.608127773	0.612145066	0.616533577	0.620318234	0.621219575	0.622757494	0.623027325	0.622766316	0.623209774	0.625354648	0.630122721	0.637952864	0.647332072	0.658479750	0.668445826	0.683280408	0.698401451	0.713613927	0.729436636	0.747019589	0.766090095	0.786523819	0.805935383	0.825512528	0.845682323	0.864876568	0.883021533	0.900017381	0.917252958	0.936443925	0.956287503	0.979759037	1.00243211	1.02480388	1.04520786	1.06218910	1.07681298	1.08616519	1.09441543	1.10135221	1.10367918	1.10550320	1.10632253	1.10624862	1.10513306	1.10434723	1.10312009	1.10019791	1.09542441	1.08901298	1.08255160	1.07661700	1.07098961	1.06604671	1.06082594	1.05477417	1.04913139	1.04350495	1.03875208
83.0000000	1.12798536	1.12252426	1.11713624	1.11259162	1.10898530	1.10575831	1.10155797	1.09588575	1.09028339	1.08524597	1.07795167	1.07336569	1.06927538	1.06637716	1.06433892	1.06370997	1.06488991	1.06671858	1.06826806	1.06978393	1.07197094	1.07449782	1.07621837	1.07727647	1.07829356	1.07949126	1.08107197	1.08409035	1.08725309	1.08902836	1.09208226	1.09343171	1.09240770	1.09075546	1.08914554	1.08629382	1.08202243	1.07677937	1.07112253	1.06700754	1.06432605	1.06135666	1.05758178	1.05376863	1.04960334	1.04395282	1.03897727	1.03376043	1.02890491	1.02420473	1.01842356	1.01037204	1.00316131	0.996110439	0.989658296	0.984354913	0.977700710	0.971137345	0.963345587	0.955122650	0.946978748	0.938053608	0.928921461	0.920384824	0.911856294	0.905314386	0.898323655	0.890985429	0.884091794	0.878050327	0.872162640	0.865270138	0.858817518	0.853035033	0.847113967	0.840470672	0.834329903	0.828790188	0.823511720	0.818969309	0.813585937	0.808196187	0.802749276	0.797128201	0.791236460	0.785499632	0.781195641	0.776723444	0.771072567	0.764898658	0.759341776	0.753602087	0.747307658	0.740800202	0.733936012	0.727128804	0.721519589	0.715936124	0.710172594	0.703835368	0.696055830	0.688918054	0.681924462	0.674738169	0.667528391	0.660912275	0.656815410	0.651913762	0.647199154	0.643172204	0.638926446	0.635491848	0.633884192	0.632372200	0.631205440	0.630005598	0.627110124	0.624588728	0.621876180	0.618564606	0.615336895	0.612942755	0.609967113	0.606810749	0.603481948	0.599855125	0.597929597	0.595835626	0.593576014	0.591298461	0.588731945	0.587071478	0.585876942	0.585395873	0.585284531	0.585328996	0.585518360	0.586415648	0.586710274	0.586069822	0.585093856	0.585166931	0.584191382	0.582295954	0.579850495	0.577507257	0.575828969	0.574208558	0.572220564	0.569481432	0.566657484	0.564821899	0.563958764	0.562828958	0.561072767	0.560533047	0.561319530	0.560720980	0.559819937	0.558759451	0.557225227	0.556357980	0.554549038	0.552886248	0.552270055	0.552224934	0.551475465	0.549551785	0.547237694	0.544925988	0.543503225	0.542072713	0.540487707	0.539235413	0.537842989	0.536330700	0.535898924	0.535041034	0.534437537	0.534351051	0.534551144	0.535149455	0.535665870	0.536661804	0.538069069	0.540188670	0.542229354	0.543538928	0.545222104	0.547435641	0.550070763	0.552501559	0.554330409	0.556058347	0.558085024	0.560834050	0.562670350	0.564457715	0.566240013	0.567936242	0.569038630	0.569607556	0.569596648	0.569594145	0.569565296	0.569104791	0.570686340	0.571625888	0.572323561	0.573004246	0.574065626	0.574954271	0.576579332	0.578388810	0.579982042	0.581398547	0.583237112	0.585216761	0.586572945	0.587644279	0.588514447	0.588861108	0.588517666	0.588132501	0.587492049	0.587149680	0.585683048	0.584606290	0.583105326	0.580982745	0.578812778	0.576357603	0.573606491	0.571093261	0.568691969	0.566006660	0.563598692	0.561895788	0.560663819	0.559682906	0.558612883	0.556417823	0.555153608	0.554479599	0.554178536	0.554176569	0.554462373	0.553964078	0.553636014	0.554271638	0.555217922	0.556572199	0.558268607	0.560361505	0.562325001	0.564970315	0.567116737	0.570692360	0.575718760	0.582132280	0.588882804	0.595799208	0.603123426	0.609860897	0.615729332	0.618886352	0.620869935	0.621617794	0.622482121	0.623706937	0.627793968	0.635346949	0.640129924	0.644147873	0.647636354	0.648225069	0.653016388	0.656488597	0.655975223	0.649986207	0.637558937	0.618910193	0.600655079	0.586579978	0.578715920	0.579795539	0.592103779	0.611654878	0.633491993	0.655775249	0.673339546	0.680585146	0.678427517	0.670139730	0.657101214	0.642391741	0.627313912	0.617777765	0.613468945	0.614805341	0.621552885	0.625814259	0.624511838	0.617131352	0.604914248	0.590993643	0.580909789	0.574690402	0.571123898	0.568135738	0.569136322	0.576363266	0.585680664	0.596914589	0.608012676	0.612378120	0.624200106	0.641358912	0.661859214	0.684125960	0.709918797	0.731341124	0.747241318	0.755584717	0.757142603	0.762482584	0.780171335	0.802356601	0.828949928	0.862354338	0.907289863	0.957226276	1.00779021	1.05925357	1.10868442	1.14033377	1.15530515	1.16469681	1.17408359	1.18950021	1.21368432	1.23286438	1.24899256	1.26220345	1.26430595	1.25961244	1.24846697	1.23654711	1.22475398	1.21396458	1.20166922	1.19005072	1.18168449	1.17310512	1.16470218	1.15566349	1.14706957	1.14060283	1.13610840	1.13289022
82.0000000	1.22439849	1.21510649	1.20673382	1.19975543	1.19432628	1.19546783	1.19547331	1.19488752	1.19374704	1.18932986	1.18776906	1.18672717	1.18462110	1.18341017	1.18256521	1.18326831	1.18304062	1.18179715	1.18082750	1.18118882	1.18349671	1.18831027	1.19665933	1.20718980	1.21843410	1.22771764	1.23615968	1.24107981	1.24443030	1.24492002	1.24601424	1.24705744	1.24280596	1.23446822	1.22659326	1.21992505	1.21272123	1.20440364	1.19523370	1.18645799	1.17901611	1.17139268	1.16319108	1.15470147	1.14586139	1.13771605	1.13170385	1.12459409	1.11746585	1.11054718	1.10125363	1.09023285	1.07723582	1.06375551	1.05115902	1.03968942	1.02887404	1.02210748	1.01656437	1.00785398	0.997436225	0.987444103	0.976128817	0.964383483	0.954487145	0.945673883	0.935555339	0.925812006	0.918146372	0.913051188	0.907674789	0.900988519	0.893916130	0.886963665	0.879703939	0.873447120	0.868221998	0.863441348	0.859141111	0.852594852	0.846471250	0.840468466	0.835023046	0.831980467	0.827954054	0.823742986	0.819069922	0.807973027	0.796034396	0.783617973	0.773274601	0.770913839	0.769791901	0.768789411	0.764515698	0.750300884	0.732013762	0.714016974	0.695994198	0.681342304	0.669807374	0.664662957	0.664854288	0.665468216	0.664000273	0.659943461	0.653704703	0.646127880	0.638408065	0.631509185	0.624927819	0.619747758	0.616581678	0.614756763	0.613484442	0.612419188	0.610790491	0.610193491	0.608820915	0.607003212	0.605272174	0.603160381	0.600206137	0.597326815	0.594156027	0.590536118	0.587570310	0.584509373	0.581943929	0.579595447	0.577640116	0.575731039	0.574651003	0.574356318	0.574702144	0.575051010	0.575074553	0.575149655	0.575540245	0.575736701	0.575070381	0.574053109	0.572989583	0.571393371	0.569237649	0.566620827	0.565593064	0.564197183	0.562350094	0.560490668	0.558572054	0.556523442	0.555534184	0.554886639	0.553526580	0.552504182	0.552381456	0.551755726	0.550876021	0.549653292	0.548839867	0.547389209	0.545711815	0.544063509	0.542935967	0.543085575	0.543885529	0.543715358	0.543068051	0.541917980	0.539920449	0.538124382	0.537449837	0.537321806	0.537062585	0.536937892	0.537066817	0.536782026	0.536355853	0.536312461	0.536301315	0.536530197	0.536769986	0.537333906	0.538982451	0.540511012	0.541814983	0.542943120	0.544895232	0.547555923	0.550812423	0.553736389	0.556669831	0.559447408	0.561991811	0.564501047	0.566848874	0.568897307	0.570718348	0.572041273	0.572427988	0.573317647	0.573739052	0.574303925	0.575139821	0.576017559	0.577437401	0.577887893	0.578424633	0.579065859	0.580099463	0.581047177	0.581838548	0.583080292	0.584734857	0.585657835	0.587129712	0.588436782	0.589464664	0.590649664	0.591220379	0.590886235	0.589877605	0.589020848	0.588223457	0.586759746	0.584782839	0.582712412	0.579851091	0.576413870	0.574094951	0.572156489	0.569742024	0.567519069	0.565159440	0.562797844	0.561374724	0.559552848	0.557824373	0.556120157	0.554115534	0.551911771	0.549177051	0.546809137	0.544158518	0.542388856	0.541581511	0.540968955	0.541186452	0.543025851	0.545393646	0.547446609	0.550596595	0.555248082	0.560042739	0.565964282	0.570985258	0.576287508	0.581409931	0.585516632	0.589892685	0.594392180	0.600480914	0.609707832	0.620742857	0.630827844	0.632781267	0.620863676	0.603052378	0.582476676	0.563360453	0.557907164	0.557033837	0.556742907	0.552142560	0.538633704	0.523689806	0.506622255	0.491254032	0.483339697	0.478911817	0.483393788	0.492329717	0.499514997	0.507351816	0.516700983	0.517739773	0.514622390	0.506059349	0.496027440	0.489560574	0.497787714	0.531496346	0.569787025	0.606491268	0.635634363	0.646113276	0.643367410	0.621692777	0.598694026	0.580442488	0.563785493	0.543923497	0.523759305	0.496645331	0.466225773	0.441649824	0.428914309	0.424314469	0.425800681	0.433820724	0.447424650	0.460788488	0.475643009	0.494282067	0.515647709	0.550763786	0.594572484	0.639301896	0.676246047	0.684837341	0.676905394	0.669854045	0.659056783	0.652899563	0.650660515	0.656596959	0.671781600	0.699302971	0.736983716	0.791426420	0.856592298	0.922388852	0.994093835	1.06070745	1.11779130	1.16751730	1.22002435	1.27837026	1.33903599	1.39671433	1.42780864	1.43879652	1.43440104	1.41966653	1.39999306	1.38842487	1.38470578	1.37827063	1.37263238	1.36532557	1.35561490	1.34423292	1.32726705	1.30945742	1.28956449	1.27208591	1.25924015	1.24694920	1.23716581
81.0000000	1.31996477	1.31313682	1.30862236	1.31872427	1.33463836	1.34961188	1.36196268	1.36261392	1.36261284	1.36377096	1.36501479	1.36681747	1.36320949	1.35588169	1.34213114	1.33066547	1.31506240	1.30093563	1.29316199	1.29356134	1.30198526	1.32491863	1.35057008	1.37943625	1.41163349	1.43338609	1.43524349	1.42450643	1.41090393	1.39689696	1.38671243	1.38281131	1.37715578	1.36831331	1.35685563	1.34423387	1.33117199	1.31810331	1.30487537	1.29204130	1.27753937	1.26644289	1.25363505	1.24066591	1.22771275	1.21688616	1.21272194	1.21145308	1.20616496	1.19546592	1.17476928	1.15119481	1.12370658	1.09998035	1.09534383	1.08976901	1.08196473	1.07395315	1.06447446	1.05656159	1.04793084	1.04246354	1.03776407	1.03183722	1.02335835	1.01317120	0.998909652	0.986638665	0.976017773	0.966719806	0.958373189	0.951001406	0.942446291	0.933660865	0.923734963	0.912044704	0.900129855	0.889457285	0.879814208	0.874929249	0.872104108	0.873222530	0.873338163	0.867256820	0.860589743	0.854016721	0.855393469	0.855762422	0.853597403	0.848050177	0.837507129	0.834784269	0.837723970	0.847773135	0.850092232	0.828365922	0.777815521	0.725499392	0.685088575	0.663651228	0.648991764	0.642880023	0.643519521	0.646329343	0.650033414	0.653799772	0.650079966	0.643811405	0.632857323	0.620195627	0.608565390	0.599605918	0.593846023	0.590692282	0.589541256	0.590160131	0.591328681	0.593235195	0.594606459	0.594985962	0.594858289	0.592011273	0.588641465	0.585588872	0.582567632	0.579343021	0.575366735	0.571076930	0.567644238	0.565197766	0.563219965	0.561883628	0.560054541	0.559431195	0.559637785	0.560095668	0.559324205	0.558986068	0.559181452	0.559222281	0.558379114	0.557024360	0.555879831	0.554468870	0.552958786	0.550784051	0.549675286	0.549644172	0.549735188	0.549968302	0.550025642	0.549423397	0.549158335	0.549064755	0.548637152	0.547874093	0.547972500	0.547735870	0.547107399	0.546021342	0.545731783	0.545131743	0.544977367	0.544635952	0.544491887	0.544743896	0.545610249	0.546401918	0.547274232	0.548272073	0.549785793	0.550562561	0.551458120	0.552515149	0.553406239	0.554450810	0.555645347	0.556195259	0.556172907	0.555750370	0.555120349	0.554640770	0.554409504	0.554597616	0.555463612	0.556570888	0.557441294	0.558695257	0.560904980	0.563557982	0.566445768	0.568877161	0.571702361	0.574252069	0.576479912	0.577786505	0.578930855	0.579860330	0.580592334	0.580891967	0.580540001	0.580903888	0.581665993	0.582691431	0.583837092	0.585051060	0.585964680	0.586731195	0.587657154	0.589038074	0.590067744	0.590605617	0.590281427	0.590510070	0.591005743	0.591316581	0.591233790	0.590263307	0.589575052	0.589697480	0.589140832	0.587697685	0.586304963	0.585544467	0.585106969	0.584197581	0.581836820	0.579092443	0.575910926	0.572312534	0.568880796	0.566442609	0.564184666	0.562069356	0.560062289	0.557650745	0.556309462	0.554622948	0.552714944	0.551010430	0.549306571	0.547311068	0.544840097	0.542109072	0.539007664	0.535902500	0.533397079	0.530639887	0.528635621	0.528303742	0.529414058	0.531586528	0.536995947	0.546352327	0.556923270	0.567296743	0.576014042	0.584380686	0.589486778	0.591166735	0.590151727	0.587956905	0.591349840	0.601805568	0.619216979	0.638278425	0.633153915	0.604534209	0.563095868	0.517964184	0.471235156	0.448672712	0.442286700	0.450772583	0.463472843	0.471745998	0.460573763	0.450960875	0.440747321	0.430008918	0.418751180	0.412838489	0.418651015	0.430867136	0.459082156	0.498953164	0.519603133	0.528957665	0.521403790	0.506744146	0.496568322	0.502126575	0.516819596	0.525245190	0.528432310	0.521649837	0.502248704	0.481200457	0.456120998	0.436697602	0.427430063	0.414030463	0.397949547	0.378552377	0.353119195	0.326006413	0.310099155	0.301161349	0.297548175	0.298657864	0.302214444	0.314974755	0.329059571	0.345997900	0.367220908	0.392655760	0.427357703	0.463521123	0.493727118	0.511109054	0.511594176	0.505475461	0.500070393	0.494966090	0.498301446	0.508170962	0.530719042	0.563674688	0.609565496	0.672115684	0.748131931	0.826413214	0.889384747	0.937611163	0.970960200	1.01344097	1.07614541	1.16503239	1.26951110	1.38058090	1.49081492	1.56152606	1.59698439	1.60175455	1.59485292	1.58638847	1.57673287	1.57767332	1.57526696	1.57893407	1.56964958	1.55408394	1.52705777	1.49115813	1.45495224	1.41661966	1.38772452	1.36465955	1.34479403	1.33190930
80.0000000	1.47852480	1.48941386	1.50864255	1.53599322	1.56488729	1.58999717	1.60859084	1.62060893	1.61566710	1.58555508	1.55767477	1.53882468	1.50521433	1.46913159	1.43208158	1.42100036	1.42629921	1.43114293	1.42794597	1.40995562	1.40636003	1.43920004	1.51613033	1.60464442	1.67413831	1.72126830	1.68146205	1.62223935	1.58330715	1.54647148	1.52005076	1.50194943	1.48142600	1.46448004	1.44904649	1.43296158	1.41791844	1.40357840	1.38896620	1.37383056	1.36082864	1.34766269	1.33679593	1.32908177	1.32564521	1.32501781	1.33234966	1.33647716	1.33708167	1.32953501	1.31183338	1.29065311	1.27041912	1.25816190	1.25021088	1.24386859	1.23343170	1.21605039	1.19615293	1.17809474	1.16384602	1.15128207	1.13920796	1.12451017	1.10579491	1.08863378	1.07339764	1.06295323	1.05430388	1.04465663	1.03453910	1.02357173	1.01011992	0.993741989	0.975018501	0.955911875	0.936856747	0.919471145	0.905359507	0.892142951	0.880791783	0.872286677	0.868935943	0.871264517	0.876405299	0.880751312	0.881578267	0.881543756	0.881206632	0.882229805	0.884968340	0.903207600	0.925824940	0.946853280	0.955656588	0.907209992	0.839416504	0.764627814	0.700493395	0.667848706	0.649227142	0.645295441	0.639854312	0.637173414	0.636254609	0.636795878	0.637811482	0.636254549	0.629037976	0.615446210	0.603854120	0.593776703	0.587854743	0.584545851	0.582833707	0.582571447	0.583239257	0.584088266	0.585030377	0.585015357	0.583902717	0.580413401	0.575986624	0.571697950	0.567562521	0.563670278	0.559588194	0.555790067	0.553189814	0.551140547	0.549187601	0.547557890	0.546288490	0.545522451	0.544778049	0.543606460	0.542525768	0.541865766	0.541033924	0.540059984	0.538783848	0.537714124	0.536219895	0.534711242	0.534148514	0.533889651	0.534990191	0.536960065	0.539315164	0.541682422	0.544032454	0.545002103	0.545693636	0.546059668	0.546194136	0.546262681	0.547191381	0.546865523	0.546550632	0.546332181	0.546526253	0.546680391	0.548191369	0.549692750	0.551319778	0.553238153	0.555522084	0.557954133	0.559927404	0.562341988	0.565744281	0.568807840	0.571159482	0.573545814	0.576205790	0.578642905	0.580375969	0.581780016	0.582568288	0.582632184	0.581155658	0.581179440	0.581187129	0.580904543	0.580705047	0.581393003	0.582822084	0.585101426	0.587939978	0.590560555	0.592088342	0.593736470	0.594496191	0.594846368	0.595096231	0.595317364	0.594964683	0.594996095	0.595614254	0.595997095	0.595228314	0.594924152	0.595818579	0.597181439	0.598044515	0.597546577	0.598040044	0.598356485	0.599133193	0.600563169	0.601858914	0.602773786	0.602786481	0.602217793	0.600958884	0.599641323	0.598319173	0.595535934	0.592565000	0.590317369	0.588119388	0.585690260	0.583456516	0.581837475	0.580876410	0.579690933	0.577384293	0.574927747	0.571859896	0.568610907	0.565231025	0.561347306	0.558112741	0.555100858	0.552298188	0.550081789	0.546533883	0.544181526	0.542532027	0.540999293	0.540657103	0.540352762	0.541067839	0.540692806	0.538356066	0.534777284	0.531608403	0.531159103	0.530246437	0.528970003	0.524040401	0.519956589	0.518466771	0.526138484	0.537204981	0.550352275	0.558567643	0.561879873	0.560972333	0.561948061	0.565101862	0.565671980	0.561935008	0.552785039	0.549917459	0.560062110	0.563341558	0.539508939	0.499448895	0.439972043	0.384869367	0.355104357	0.362378985	0.386196464	0.419275671	0.436019152	0.427793622	0.414656907	0.406070501	0.404943526	0.400524020	0.399309278	0.408032537	0.432784140	0.470730364	0.514970243	0.538118362	0.545835018	0.538498461	0.520473480	0.485526353	0.459166020	0.436194569	0.411544889	0.386159569	0.360171109	0.336929321	0.320209056	0.303333759	0.294091612	0.295747310	0.301916361	0.308429867	0.311013490	0.300416470	0.282688648	0.269551456	0.259131968	0.251068741	0.246726766	0.244049162	0.240751371	0.240827605	0.244397417	0.251607329	0.264979303	0.285171568	0.303769767	0.318417490	0.330107242	0.341388226	0.359117180	0.377567500	0.397337496	0.420678258	0.451787025	0.490713239	0.533472896	0.580897212	0.634591520	0.713667452	0.804592669	0.889596283	0.959472775	1.01996696	1.08580518	1.15509939	1.23001587	1.30744839	1.38587654	1.47148454	1.53944945	1.58930206	1.61063468	1.62927639	1.65718985	1.68046880	1.69170129	1.69121790	1.67882311	1.65383923	1.62177515	1.58130133	1.54606330	1.51940703	1.49476433	1.47329783	1.46005356	1.45411527	1.46670640
79.0000000	1.71078169	1.75359106	1.80193639	1.85324061	1.89420891	1.93562114	1.96627712	1.95891702	1.92370248	1.86236072	1.82744205	1.80561924	1.78895080	1.74444413	1.71706343	1.71737218	1.79785657	1.90373242	2.01674318	2.02429247	1.90598905	1.82144129	1.79174697	1.79417765	1.80086243	1.79958582	1.76568305	1.72221005	1.67623961	1.62875795	1.59234190	1.56888330	1.54743516	1.53383994	1.52242172	1.51217115	1.50243413	1.49235857	1.48369861	1.47612298	1.46865296	1.46138370	1.45820141	1.46130502	1.46520948	1.47088194	1.47576427	1.48154616	1.48403120	1.48125553	1.47259951	1.45935321	1.44043839	1.41670036	1.38906240	1.35865963	1.32532167	1.29635441	1.27021563	1.24096477	1.21556258	1.19220865	1.17822170	1.16888857	1.16188824	1.15765095	1.15099883	1.14174902	1.13032389	1.11805141	1.10535562	1.08455372	1.06317985	1.04088318	1.01688063	0.995187104	0.971689522	0.949935019	0.929736853	0.913338125	0.897121489	0.882928431	0.871817887	0.866876245	0.863434255	0.860735774	0.859812975	0.861175239	0.863790035	0.867481709	0.872739971	0.881797910	0.888020635	0.892018914	0.891497076	0.886164129	0.876714706	0.847886562	0.809933484	0.767793417	0.727845967	0.689876497	0.659118891	0.659334362	0.656631470	0.644446433	0.634317398	0.627802968	0.625696361	0.624973476	0.619609535	0.611892641	0.604454935	0.597564936	0.591663480	0.586698472	0.584451377	0.582293451	0.579643607	0.576413631	0.574370265	0.571930289	0.568836570	0.566112876	0.563376546	0.559957087	0.556039810	0.551968038	0.548635006	0.546352804	0.544493675	0.541493893	0.539585531	0.538941383	0.538578212	0.536727726	0.535474956	0.533634663	0.531782150	0.530845761	0.529944718	0.528966367	0.526990414	0.525764763	0.526001334	0.527334869	0.528066516	0.530462027	0.533403337	0.535977781	0.537298262	0.538772345	0.539589763	0.540330291	0.540678740	0.541469276	0.543436408	0.545159638	0.546784401	0.548812449	0.551829040	0.554365993	0.556902528	0.559706509	0.562793255	0.565585315	0.569002330	0.572124183	0.574867189	0.577904642	0.582193851	0.585591853	0.588771403	0.591587543	0.594823420	0.598216951	0.602311850	0.605156004	0.606458902	0.607695758	0.608702719	0.608885944	0.609121203	0.609400511	0.609985471	0.611740947	0.614831388	0.617235601	0.619516194	0.621530652	0.622775376	0.623633862	0.623768091	0.623306751	0.622497320	0.621188223	0.620217562	0.619618595	0.620473027	0.621793807	0.622409582	0.623472273	0.624105215	0.624546587	0.624279439	0.622158885	0.621146023	0.619272768	0.618143618	0.618705451	0.620186806	0.620642126	0.619433165	0.618516445	0.618182361	0.617506981	0.616056740	0.613064528	0.609405756	0.605413437	0.601240695	0.597390592	0.593437016	0.589280903	0.585430741	0.582671881	0.579053342	0.574983299	0.571206272	0.568115115	0.565756381	0.562588215	0.559789896	0.555813074	0.551796556	0.548322380	0.544812024	0.543332815	0.542216957	0.539786577	0.538324296	0.536984801	0.537999094	0.539277673	0.540839911	0.542557657	0.543188512	0.542550623	0.537784934	0.530523777	0.525363922	0.523988783	0.520709097	0.518926382	0.519169271	0.520116687	0.522501647	0.521565139	0.519000590	0.515289128	0.512353539	0.505336165	0.499299169	0.497342199	0.500454903	0.502558112	0.499476135	0.481583804	0.462872386	0.436139286	0.407718539	0.378368109	0.360399097	0.353589118	0.358994067	0.363066643	0.375924438	0.395484149	0.418604344	0.442977667	0.460023940	0.473734140	0.493902117	0.528368294	0.557979763	0.575094223	0.555822968	0.541214049	0.525855362	0.495210856	0.449011594	0.403276652	0.365298599	0.334913313	0.306242734	0.286450177	0.284285992	0.288438171	0.295373708	0.303838551	0.313208222	0.321334034	0.322384447	0.317175865	0.305961788	0.290211588	0.273851037	0.261070102	0.253239036	0.247807324	0.244929507	0.243938133	0.243702158	0.243681043	0.244472861	0.247080028	0.250416905	0.253514439	0.257204086	0.265045524	0.275400937	0.291856587	0.313771933	0.342175305	0.377673507	0.419559389	0.468512654	0.518584311	0.570647717	0.621861458	0.679899514	0.747349620	0.836805820	0.942414939	1.06818628	1.22528625	1.36321449	1.46239376	1.53642786	1.58331096	1.60413921	1.62203443	1.66956699	1.73101318	1.78064775	1.80757904	1.80523813	1.78341794	1.74911201	1.71041107	1.66809905	1.63758874	1.61384881	1.59572446	1.58722734	1.58789730	1.59292841	1.59933257	1.63428664	1.67449248
78.0000000	1.98513317	2.06191635	2.14235234	2.20847082	2.26105380	2.30093551	2.32549596	2.33660984	2.30535102	2.24970531	2.18673611	2.12601519	2.09044719	2.09793568	2.14770103	2.20978212	2.30378103	2.39190912	2.42145419	2.36499691	2.24816704	2.17919421	2.15269375	2.10886359	2.05674982	1.97285604	1.87383795	1.80884337	1.79113019	1.77054560	1.76015723	1.75566399	1.75451577	1.74162757	1.71909130	1.70173585	1.69278955	1.68396521	1.67512441	1.67592108	1.68155026	1.69183350	1.70316446	1.71803176	1.73651195	1.75339401	1.76171923	1.75771451	1.75265360	1.74559987	1.73497808	1.71411741	1.67752111	1.63787496	1.59500134	1.54867244	1.49684167	1.44243550	1.38651824	1.33597207	1.30235946	1.27882874	1.25510252	1.23302126	1.21270239	1.20362473	1.20467389	1.20754695	1.20523715	1.18059719	1.15079904	1.12752151	1.10887170	1.08730626	1.06172967	1.03360105	1.00875068	0.987327754	0.966826379	0.947209239	0.929855943	0.913616776	0.898602068	0.885839939	0.874059916	0.862795889	0.854079902	0.847574115	0.842468381	0.840468705	0.840016246	0.840519965	0.843329549	0.847964406	0.853408217	0.857292771	0.851878285	0.839458108	0.827060401	0.813268363	0.794832170	0.767232478	0.740144789	0.714993834	0.690732181	0.661875010	0.648237169	0.639209211	0.636052251	0.634254813	0.630640924	0.622221529	0.614058316	0.609976053	0.605821908	0.601250708	0.596179783	0.590189099	0.585206747	0.582321942	0.580863535	0.580083430	0.577774107	0.575547874	0.573328078	0.571251094	0.567896426	0.563246429	0.558165014	0.553526759	0.549331307	0.545926809	0.543510914	0.542275608	0.540856540	0.539367437	0.538187981	0.537037015	0.535580277	0.534706891	0.533184290	0.530714869	0.528098583	0.526641011	0.526600718	0.527821362	0.529074252	0.530165732	0.530709565	0.531372726	0.531982005	0.532783806	0.533382833	0.534718871	0.536087990	0.537258685	0.539817989	0.542584658	0.546319664	0.550886750	0.555763900	0.559130788	0.561828673	0.564788342	0.568655014	0.572158098	0.575116932	0.578221858	0.580861211	0.584098577	0.589757025	0.594162822	0.598236561	0.602556050	0.607340157	0.611567676	0.617327869	0.621516109	0.624771416	0.628316939	0.632517755	0.634506762	0.636608720	0.639149725	0.641002119	0.643031001	0.645435929	0.647224247	0.648100853	0.648644209	0.649667799	0.650856912	0.652035773	0.652651191	0.653127730	0.652153015	0.649876773	0.648254037	0.647855520	0.648119867	0.648847580	0.649226665	0.648650169	0.647841573	0.646041989	0.643375933	0.642288387	0.641414225	0.640936852	0.641256154	0.642838061	0.643086374	0.641263366	0.638696134	0.635122657	0.631471276	0.626865864	0.622027934	0.616818190	0.611729920	0.607615948	0.602474451	0.598068237	0.594451785	0.590860426	0.586730719	0.582457244	0.578963995	0.575969458	0.571975887	0.566850364	0.562474012	0.558739483	0.554830730	0.551400423	0.548832417	0.546583951	0.545871496	0.546368539	0.547243237	0.548981905	0.550592244	0.549988270	0.548588276	0.547257841	0.546514988	0.544635832	0.542203665	0.537083805	0.527150631	0.520731926	0.515178621	0.511470854	0.507518828	0.502982080	0.497697890	0.495489866	0.493917406	0.490676731	0.486925095	0.484833777	0.483869195	0.479070574	0.473812819	0.470101565	0.465394557	0.460332364	0.459882230	0.460625201	0.455265939	0.438611388	0.414283931	0.392623812	0.380849868	0.375844300	0.367969573	0.361495048	0.372799039	0.427101284	0.500696421	0.569840193	0.605099261	0.618413448	0.613271832	0.590343952	0.567699790	0.539621234	0.513795495	0.477533102	0.439892888	0.424297422	0.436307788	0.447948039	0.406712025	0.382972896	0.379540324	0.381458014	0.383752018	0.374908298	0.380513430	0.389465392	0.404920936	0.415533990	0.416776747	0.407513171	0.390607119	0.375613779	0.359596580	0.341721773	0.325850338	0.315672576	0.308057606	0.300259620	0.290912539	0.281968892	0.271518439	0.261496365	0.253184617	0.248390064	0.252012342	0.259246767	0.273465812	0.295172483	0.320728004	0.350816905	0.385349303	0.422440946	0.460110545	0.502180755	0.547492206	0.602565885	0.688804150	0.815451145	0.974504888	1.14389908	1.29685163	1.41978240	1.48992229	1.53763330	1.60565758	1.68710577	1.80308950	1.87951362	1.93483067	1.95734143	1.95581663	1.91990077	1.88094628	1.83770883	1.80107367	1.77318132	1.75171661	1.73726833	1.72598231	1.73179555	1.75419509	1.77674401	1.80648303	1.85558701	1.91971564
77.0000000	2.25418019	2.33407211	2.41004539	2.48513055	2.54847693	2.61724210	2.67680860	2.72039413	2.72692847	2.70595479	2.66494036	2.61279750	2.56777048	2.54315066	2.55855942	2.60529613	2.63398671	2.61268258	2.56192231	2.46548963	2.34930491	2.28447032	2.23638082	2.19068623	2.13874507	2.07609677	2.05284071	2.05720735	2.07553267	2.10400939	2.13582134	2.10909176	2.07453847	2.03857327	2.00365400	1.97530079	1.96382189	1.95557821	1.94809127	1.94429743	1.95170176	1.96704102	1.98198247	1.99629128	2.00881386	2.01842022	2.00969911	1.99543440	1.97881949	1.95334446	1.92905176	1.90686274	1.88180411	1.85027909	1.81039131	1.74913037	1.66158926	1.58467543	1.53001940	1.50056386	1.48589206	1.45196927	1.41831887	1.37115610	1.31775475	1.28261662	1.27831912	1.28365695	1.24134386	1.17736506	1.14156926	1.12159777	1.10827172	1.08985388	1.06910372	1.05277681	1.03604841	1.01805711	0.998439550	0.978261113	0.961688101	0.947921872	0.934149683	0.921294093	0.910866559	0.902307749	0.894535065	0.886415660	0.877407789	0.866036832	0.852006972	0.841378927	0.836630225	0.835868180	0.833755374	0.823351204	0.809737265	0.799184620	0.789362311	0.785743475	0.782443881	0.772868812	0.765114844	0.746426761	0.718787789	0.686388671	0.666270614	0.654593468	0.647349715	0.644208729	0.645407975	0.633949697	0.620828867	0.609166205	0.600206256	0.598582506	0.602603793	0.602924883	0.599970937	0.595050454	0.589481056	0.585854232	0.584180772	0.583311260	0.581657171	0.579562008	0.577278495	0.573072135	0.566926479	0.560433269	0.555888355	0.551410258	0.548435986	0.546818972	0.546045661	0.545980334	0.545211852	0.545165479	0.545338213	0.545844495	0.546549976	0.546787024	0.543695509	0.540078640	0.537956476	0.538272083	0.539890110	0.540283620	0.540121794	0.539888620	0.539717376	0.538124800	0.536772847	0.535869598	0.535360038	0.536184013	0.537984014	0.540738106	0.544467628	0.548995316	0.554826438	0.560219884	0.564749897	0.567929983	0.570693254	0.573809981	0.575127780	0.576571524	0.578760982	0.582580149	0.587319851	0.594199717	0.600270689	0.605863333	0.611861289	0.618694782	0.626331568	0.633806765	0.640176654	0.646178544	0.652149796	0.657202780	0.660911977	0.664081573	0.666232705	0.668594718	0.669541478	0.670083940	0.670728624	0.671511292	0.672544241	0.673012435	0.673936605	0.674788654	0.675055265	0.674462378	0.672493160	0.670500517	0.670840859	0.672298491	0.671690047	0.669743180	0.666442692	0.662398279	0.658787251	0.656253338	0.654295087	0.652831078	0.651728988	0.651576340	0.654161930	0.653528631	0.651491404	0.648074746	0.643341959	0.638332844	0.632483125	0.627446532	0.621545792	0.615650415	0.609788954	0.602928936	0.597511292	0.593758166	0.589861572	0.584639609	0.580022216	0.574860513	0.570184171	0.566089928	0.561852157	0.558355510	0.555587947	0.553999901	0.554122090	0.555743575	0.558331192	0.561962724	0.564747453	0.566365600	0.564779758	0.560809791	0.555461407	0.551218033	0.551017880	0.552068174	0.542945564	0.531869888	0.520443320	0.513113320	0.518482983	0.530259430	0.533310711	0.524362743	0.511629343	0.503930151	0.498858005	0.494142532	0.488294303	0.482377708	0.477398604	0.470242918	0.466114044	0.465237170	0.462998331	0.452663332	0.435305357	0.426200181	0.419546813	0.414750427	0.409713298	0.407626361	0.404008925	0.398069918	0.393080920	0.392137975	0.393442303	0.396101534	0.405908227	0.447199792	0.502989769	0.551233649	0.561623931	0.551784754	0.533632934	0.519869208	0.498372108	0.478518844	0.464379936	0.450429529	0.421682149	0.400327832	0.404650629	0.435454994	0.457694352	0.499609053	0.585627258	0.648399770	0.692321181	0.737467110	0.780814350	0.788622975	0.765144348	0.739970982	0.712356687	0.664317667	0.610581577	0.561055124	0.516267300	0.477319777	0.444776267	0.416515797	0.387896419	0.356813401	0.324082375	0.292134434	0.269142032	0.251272500	0.239125133	0.242138475	0.249600276	0.263952821	0.286676943	0.311649799	0.339638352	0.370599210	0.398650289	0.426216960	0.454336554	0.485351354	0.533848763	0.638232708	0.791520536	0.998615503	1.23242915	1.43565798	1.54548812	1.57855606	1.62765288	1.72155738	1.85316074	1.98685098	2.08228230	2.13872194	2.15631485	2.11698842	2.06094790	2.02691770	2.00793624	1.97669852	1.94861042	1.92430449	1.91428208	1.90618634	1.90985334	1.93908608	1.97843575	2.03576732	2.11248016	2.18600464
76.0000000	2.40065074	2.46389842	2.52992654	2.59508276	2.66073108	2.73861742	2.83079004	2.91545391	2.98429322	3.03729606	3.06135798	3.06534982	3.04796004	3.01465154	2.96951509	2.91097522	2.83502030	2.76075172	2.67968583	2.58922720	2.50159955	2.44701242	2.41033030	2.38340497	2.36616683	2.38601112	2.41733694	2.45152760	2.49744725	2.51643801	2.52173424	2.49528337	2.45961928	2.41807914	2.36048198	2.30240655	2.24940681	2.20806408	2.17829466	2.15426087	2.14765549	2.14844370	2.15091729	2.15089750	2.14618325	2.14155102	2.11757231	2.09231162	2.07161617	2.04559278	2.02399659	2.00383186	1.97313702	1.93013167	1.87413645	1.81558120	1.77618408	1.70957124	1.62787056	1.54033041	1.47857070	1.42649257	1.40981293	1.42244148	1.39984119	1.35139525	1.29732716	1.25019610	1.20625985	1.16334665	1.12142694	1.10223162	1.09114957	1.08412790	1.07647216	1.06443465	1.05009317	1.03718805	1.02381229	1.01275575	1.00013971	0.987473905	0.977582574	0.968474329	0.960469842	0.953257561	0.945088863	0.934208453	0.924946249	0.921342790	0.916935086	0.896140516	0.868798435	0.837058127	0.801201820	0.775588155	0.754392087	0.741281331	0.742741108	0.748404682	0.750709474	0.756627381	0.762778699	0.763513446	0.751195669	0.725634873	0.695596755	0.662926376	0.638528228	0.625220418	0.608571529	0.588348448	0.572705746	0.575927675	0.590888500	0.613842487	0.617065132	0.613399625	0.608180225	0.601565778	0.596111774	0.592810750	0.590456486	0.588785827	0.586685121	0.585437655	0.582923830	0.577516615	0.571477115	0.565430820	0.560465395	0.556238651	0.553297043	0.551125407	0.551229119	0.553544998	0.556081414	0.551027477	0.541824520	0.536316335	0.535015762	0.536041617	0.538842499	0.541672707	0.542895257	0.543719053	0.544492185	0.546857774	0.548550367	0.549264371	0.552282989	0.551683009	0.547888219	0.544064045	0.541432023	0.540639520	0.541326642	0.542777956	0.544712663	0.547533929	0.550902367	0.556207776	0.561267138	0.565800786	0.569466531	0.572595179	0.576817870	0.581645072	0.585529745	0.589918435	0.595685363	0.603804529	0.611753225	0.619819880	0.627881467	0.635227680	0.643065274	0.651446760	0.658720195	0.665355027	0.672240376	0.676115334	0.679227352	0.681205809	0.683597445	0.685894787	0.687970519	0.689702272	0.691391468	0.692702472	0.692260444	0.691411197	0.692044854	0.693608642	0.695779026	0.697048545	0.696765482	0.695273697	0.695193589	0.696377695	0.695402026	0.694232523	0.691293895	0.688969791	0.687160194	0.685861290	0.684158802	0.683279753	0.682254553	0.681240022	0.679907799	0.675413132	0.670371652	0.663937390	0.656218171	0.649640083	0.644720554	0.638784170	0.631937683	0.624892771	0.619317830	0.613515437	0.607851624	0.602206290	0.596294522	0.589621544	0.583582580	0.576730132	0.569668472	0.563325644	0.558516800	0.556739748	0.557573676	0.560003877	0.565068901	0.572263300	0.574891686	0.574500978	0.573663950	0.574592650	0.577447772	0.574707329	0.567785263	0.558416069	0.558133423	0.557860672	0.545270085	0.526580036	0.512833714	0.510259926	0.515082061	0.520072043	0.522458076	0.515123606	0.502045810	0.489288926	0.484195858	0.480036348	0.475640327	0.471754193	0.467170089	0.459103525	0.451868325	0.449196249	0.450416297	0.452418506	0.453014821	0.452169240	0.448164791	0.439553797	0.432797134	0.438160747	0.440930009	0.437335163	0.436448514	0.437296093	0.438154638	0.449387938	0.487655073	0.522937238	0.539353192	0.527787030	0.508421659	0.487790525	0.473492026	0.460727572	0.452776164	0.451945573	0.459987074	0.469035506	0.479537547	0.513958931	0.567201734	0.615201294	0.677475154	0.726415992	0.753182948	0.768008232	0.820136845	0.835132301	0.808587193	0.812172771	0.836287796	0.859935701	0.863920212	0.809446752	0.754335821	0.689361989	0.624864399	0.571049213	0.523768485	0.489600927	0.458341539	0.426190436	0.389068633	0.348807752	0.312518865	0.281101614	0.257258028	0.250919372	0.253277391	0.265542567	0.288487375	0.314966619	0.345317841	0.378288805	0.406484902	0.437792450	0.477566868	0.522783995	0.575862527	0.648841858	0.754279673	0.918374717	1.16689670	1.49352181	1.82375181	2.03664899	2.15104175	2.20727944	2.29692364	2.37851119	2.43222213	2.46149397	2.46190405	2.43373346	2.37528229	2.29826093	2.23405600	2.16286278	2.10506916	2.08298564	2.08769274	2.09948111	2.12317109	2.16268396	2.20518899	2.24904847	2.30591702	2.35433936
75.0000000	2.47796106	2.50972795	2.54555178	2.58613110	2.63903236	2.71120858	2.79369450	2.87017989	2.95015645	3.01739812	3.07100463	3.11734247	3.13829088	3.13734412	3.12162495	3.07587528	2.98242164	2.88023067	2.77797556	2.68763256	2.63921213	2.62674952	2.61269331	2.62176633	2.66732502	2.71852970	2.77375007	2.82179022	2.83995938	2.83809447	2.82253551	2.79261661	2.71249437	2.61977315	2.52246475	2.42856646	2.35683465	2.30415630	2.26721525	2.23957729	2.22451353	2.22255111	2.22142911	2.21260381	2.20243359	2.20108652	2.17566562	2.15508032	2.13844109	2.12521625	2.10762119	2.06039000	1.99895275	1.93485403	1.89028180	1.87618899	1.91778588	1.93596077	1.88755524	1.65816414	1.46896029	1.38470733	1.32565975	1.29336309	1.27258241	1.25842929	1.23247778	1.20172501	1.17950523	1.16541040	1.15479684	1.14401197	1.13436270	1.12423992	1.11159515	1.10254681	1.09468770	1.08518326	1.07506418	1.06499267	1.05142510	1.03516567	1.02474940	1.01848805	1.02029490	1.02179837	1.01682162	1.01869631	1.01942396	1.01782727	1.00794649	0.988016784	0.952938735	0.899666309	0.838013768	0.785407722	0.751107275	0.740409374	0.734906256	0.728777111	0.732342780	0.755718410	0.777276576	0.743677557	0.701759279	0.681548536	0.676218927	0.658641458	0.639311910	0.622329831	0.612850428	0.597732902	0.584956169	0.589627087	0.604351282	0.624346435	0.632615566	0.632018626	0.626646936	0.620315552	0.614519238	0.611188591	0.608971000	0.607713282	0.605782628	0.602247000	0.598107636	0.592521131	0.586398065	0.579952419	0.572217524	0.564615190	0.558550000	0.553834975	0.551446021	0.551491916	0.551427901	0.546309590	0.542937100	0.537454247	0.530485690	0.527802646	0.533142924	0.540333509	0.543862641	0.544717252	0.546592355	0.547519624	0.548091769	0.549803257	0.560349047	0.553971887	0.547532678	0.544068873	0.542545497	0.542663276	0.544008136	0.545695722	0.547833860	0.550063968	0.551791251	0.556005538	0.561880887	0.567407131	0.573180974	0.578961849	0.585363805	0.591636240	0.598478794	0.606711984	0.613929272	0.620102406	0.628083110	0.636619210	0.645278931	0.653347075	0.660708427	0.666774631	0.672786176	0.679868937	0.687451482	0.691470087	0.695488691	0.698682725	0.701701760	0.702530503	0.706214011	0.709373355	0.712368131	0.714359999	0.713181853	0.712186217	0.712242544	0.713880956	0.716786623	0.721243083	0.723558724	0.725129366	0.726756096	0.727830291	0.727809489	0.726909399	0.727287352	0.728148699	0.728484571	0.727576375	0.727107286	0.725450635	0.722232819	0.717882574	0.712544739	0.704905748	0.697154641	0.689229846	0.680165112	0.670144677	0.661278129	0.653464198	0.646275222	0.639394999	0.632206798	0.625727177	0.619956791	0.614088058	0.607115507	0.598582208	0.590709567	0.583816648	0.577902198	0.571861088	0.566976130	0.565409541	0.568401694	0.572773695	0.578786075	0.584748209	0.588555038	0.593032002	0.593731880	0.590938807	0.587137461	0.588498950	0.590551794	0.585715473	0.570779562	0.544772506	0.522907794	0.512971163	0.507877588	0.504627645	0.506334603	0.507134378	0.503211081	0.496492594	0.489976346	0.486525029	0.487297893	0.488498002	0.483567685	0.478864819	0.476679981	0.477176309	0.473283142	0.469627053	0.476924807	0.488222212	0.486762553	0.477290511	0.473688006	0.469745308	0.455327302	0.437511951	0.427714527	0.424548239	0.421470255	0.416848242	0.431277484	0.452221632	0.481339484	0.502012968	0.515994012	0.514031529	0.491144121	0.467201352	0.445824862	0.433768243	0.425712943	0.420008630	0.420880824	0.429627001	0.443608284	0.457052678	0.466530770	0.471398354	0.475191444	0.481598467	0.484844059	0.483247578	0.481236905	0.487782180	0.499402672	0.530315399	0.600088239	0.684903264	0.751913905	0.793529630	0.733723104	0.672602713	0.613854706	0.565031290	0.532236934	0.509007871	0.488056391	0.466400117	0.441978604	0.412334383	0.370554090	0.329353631	0.293578386	0.271727681	0.261206090	0.267677218	0.288360119	0.314056695	0.348776549	0.389100432	0.429207891	0.475135863	0.527153134	0.587727189	0.663240016	0.737288654	0.816832781	0.927709877	1.08373439	1.32742083	1.64251232	1.97739398	2.24170041	2.40403199	2.50831604	2.61163902	2.72796679	2.82037354	2.82730150	2.76792336	2.67294598	2.55169320	2.44653511	2.36775136	2.32825494	2.31883740	2.33142662	2.35684276	2.38287044	2.40959239	2.43288136	2.44074368	2.45476770	2.47430205
74.0000000	2.50159001	2.51706982	2.55478716	2.60504651	2.66800213	2.73456383	2.78542018	2.83519244	2.88887167	2.94098711	2.99353957	3.04178262	3.08819795	3.12238288	3.14539814	3.13195395	3.07746291	3.00796175	2.93865085	2.91659904	2.90248179	2.91372895	2.93120050	2.94425941	2.96172190	2.98522329	3.00045204	3.00682092	3.01065350	3.00953984	3.00161099	2.95142341	2.88742352	2.81286287	2.72127485	2.62485337	2.52186131	2.43191862	2.36173964	2.31209230	2.27575040	2.26132584	2.26162076	2.26991820	2.28258371	2.30308008	2.29204011	2.26796818	2.22866797	2.17519951	2.10463285	2.01110196	1.92842305	1.86030591	1.80551589	1.74078536	1.71549273	1.68146217	1.62563646	1.55291796	1.47070360	1.38379037	1.32337666	1.28606796	1.27522814	1.26992667	1.25572467	1.23944449	1.21959352	1.20339131	1.19009459	1.17918682	1.17216384	1.16814554	1.16357517	1.15965736	1.15872538	1.15542841	1.14668679	1.13354695	1.11642075	1.09655094	1.07315719	1.04748464	1.02766740	1.01744437	1.02401173	1.04109490	1.06448221	1.07648516	1.06227112	1.04072988	1.01409662	0.980777264	0.937812090	0.883180439	0.821487904	0.774108231	0.743388712	0.724760294	0.727765501	0.727252424	0.712014377	0.695662618	0.677671015	0.665424585	0.658814132	0.643798947	0.626371980	0.608023584	0.589860737	0.579196692	0.585356414	0.615513444	0.647771537	0.647294819	0.653488100	0.655984104	0.651902497	0.650613844	0.647140920	0.642084837	0.639152348	0.637907684	0.635299981	0.625472248	0.616826057	0.606779397	0.596590459	0.589303017	0.580540836	0.571377337	0.563396752	0.558385372	0.555733204	0.554135680	0.558135748	0.554398954	0.552434206	0.560169220	0.571928203	0.579351783	0.583843768	0.587684512	0.586997926	0.582034826	0.577749133	0.572059631	0.565832853	0.560734510	0.556777000	0.552629292	0.548843145	0.546450615	0.545963883	0.546030939	0.548787832	0.551134467	0.552317560	0.552612245	0.554566085	0.559381962	0.564859033	0.571037054	0.577667236	0.585008383	0.593125343	0.600439370	0.606334627	0.612784147	0.619919062	0.627506196	0.635972142	0.645484507	0.654771984	0.661381423	0.666164815	0.671131730	0.677703738	0.686859190	0.696232498	0.702760100	0.708486319	0.713034630	0.718160152	0.722412407	0.727273822	0.730888605	0.732370496	0.732388616	0.732876658	0.733097374	0.735962093	0.739408791	0.743039727	0.746188581	0.749860227	0.752741694	0.753490150	0.752698720	0.752381444	0.751808047	0.751933813	0.751580954	0.749694347	0.745716214	0.741234541	0.737022817	0.734349728	0.732305467	0.729844093	0.727570593	0.723999679	0.719345748	0.713175654	0.704690576	0.693971395	0.684819996	0.676807225	0.668405056	0.659781635	0.650163054	0.642514646	0.635640681	0.628113091	0.619597554	0.612187445	0.603275955	0.595585346	0.590728223	0.588471055	0.591129601	0.595366776	0.600557029	0.612066925	0.628131092	0.650561035	0.653062582	0.626985133	0.590935349	0.573814988	0.584650517	0.591898978	0.586072028	0.572684467	0.560641944	0.551184356	0.538729906	0.533293784	0.532549381	0.535753846	0.542823195	0.544606090	0.538408816	0.525094688	0.511733770	0.504765809	0.499690831	0.503911257	0.512194514	0.513642430	0.511013806	0.515465796	0.518689394	0.517098248	0.513799250	0.506940067	0.497395515	0.484446824	0.471230924	0.465603292	0.473833144	0.464965582	0.449287385	0.446767390	0.449782878	0.466098011	0.467459291	0.460479945	0.446737736	0.430358559	0.449500978	0.471882015	0.471359521	0.452959031	0.434235364	0.420877844	0.408260524	0.404893607	0.404088587	0.403923571	0.410765558	0.421630830	0.433790416	0.442723900	0.447514027	0.449352920	0.451588780	0.452684104	0.451549739	0.453528434	0.482261509	0.516286969	0.554320335	0.600934446	0.655087113	0.673300564	0.649244428	0.601607203	0.560937703	0.529739022	0.508206189	0.494991601	0.476525724	0.461475730	0.445015609	0.414429337	0.379870862	0.347226202	0.318418384	0.294341773	0.291866899	0.314358085	0.343229085	0.378486902	0.411361158	0.463379741	0.538685083	0.633141577	0.733836234	0.835245907	0.954337120	1.07031047	1.19281125	1.30546021	1.40001214	1.55464041	1.75310183	1.97216570	2.18134618	2.39134693	2.57037568	2.72523355	2.85378051	2.91765714	2.89379764	2.80376291	2.72996068	2.68537641	2.66037369	2.64270854	2.63716269	2.63445735	2.62352991	2.60879731	2.59719944	2.58773136	2.56448317	2.54166222	2.52885485
73.0000000	2.65442824	2.70908642	2.77833271	2.85078454	2.91696358	2.96354723	2.99136043	2.99942374	3.01005101	3.02586818	3.05188847	3.09660125	3.14624953	3.19641376	3.24614477	3.23708153	3.22027874	3.20167184	3.17282104	3.14274073	3.11538100	3.09541607	3.08756113	3.08234572	3.07460809	3.05852556	3.03990436	3.02796292	3.01838422	3.01843643	3.01461267	2.99091387	2.94951367	2.88434625	2.79833603	2.70102763	2.60620785	2.50700307	2.42151308	2.36079359	2.34034419	2.34020996	2.34878898	2.36464238	2.38403988	2.40723991	2.40738130	2.40226793	2.36967182	2.28703213	2.19445872	2.08439231	2.00411820	1.97460771	1.94831228	1.84487152	1.68328094	1.52450919	1.42769694	1.38141990	1.37523723	1.36327827	1.34102845	1.31334436	1.29185057	1.27633834	1.27299798	1.26734209	1.25414741	1.22570658	1.19380856	1.18147767	1.17993164	1.18646073	1.19070292	1.19426262	1.20155430	1.20422232	1.20792520	1.21013713	1.21384680	1.22763932	1.21229613	1.16148174	1.08021879	1.04126883	1.05593956	1.06816781	1.07702243	1.08819175	1.08951724	1.06930387	1.04514456	0.998749852	0.951873839	0.903911471	0.860230148	0.822503805	0.785956323	0.754674315	0.734683633	0.718641579	0.705354095	0.690486789	0.673839152	0.660013378	0.650224149	0.638420522	0.623280942	0.606171668	0.594573617	0.599358678	0.602461576	0.602437377	0.592706561	0.584720552	0.586673498	0.594537318	0.602507830	0.616085231	0.634044051	0.647770107	0.630254388	0.605458319	0.585957944	0.575861752	0.567953527	0.564852893	0.563382626	0.567071080	0.576067209	0.576537430	0.569254398	0.563055277	0.559883416	0.559113443	0.562953234	0.567070186	0.573616266	0.588481605	0.606812477	0.620817900	0.633494377	0.635171950	0.625885844	0.610929728	0.599596381	0.592114687	0.588021636	0.583265960	0.577543020	0.576076210	0.572599947	0.567630649	0.563295364	0.559982717	0.558979034	0.557889938	0.556621969	0.556554735	0.558329940	0.561129272	0.564664006	0.570564210	0.577607632	0.585156500	0.592655182	0.602308989	0.611521780	0.620127916	0.628057897	0.636180699	0.645118296	0.653678119	0.661422253	0.668276966	0.674499869	0.682095587	0.689598739	0.698553860	0.709830821	0.721768260	0.730218649	0.737257123	0.744453251	0.751720309	0.756742716	0.762005150	0.767016947	0.771265328	0.775111735	0.780929923	0.786320806	0.792434394	0.799282014	0.803783953	0.806052625	0.805521727	0.802089274	0.796883941	0.791872203	0.783272684	0.777127147	0.772683203	0.769156873	0.766033590	0.764938712	0.764276326	0.765175819	0.766525030	0.766180098	0.764356911	0.762211800	0.759419918	0.755875289	0.750055254	0.741951764	0.733407378	0.724830270	0.716226339	0.707288504	0.696579218	0.686644137	0.677202582	0.667230546	0.657171726	0.646492004	0.635732353	0.627087414	0.622262418	0.620562434	0.625051677	0.631199419	0.638239682	0.648841739	0.666371822	0.706475377	0.688587248	0.637804568	0.592486620	0.579034448	0.583725810	0.579004705	0.580998182	0.584106565	0.587482929	0.592715859	0.595975459	0.599547803	0.593354225	0.585562706	0.579237938	0.566309750	0.553539276	0.541396081	0.526124179	0.519223392	0.524901092	0.529798031	0.535012364	0.542529106	0.546539664	0.550894499	0.548545897	0.543587208	0.530680001	0.507644236	0.501242578	0.502037168	0.489625782	0.469783336	0.493512690	0.518409014	0.494923323	0.467746109	0.457987428	0.470016509	0.461621523	0.435598850	0.392622173	0.378905624	0.427565008	0.472044319	0.487775028	0.478156149	0.432550550	0.415960461	0.416278809	0.419612378	0.416605353	0.408104181	0.407061756	0.411413878	0.421271771	0.439046979	0.460574895	0.477182567	0.487521023	0.492300838	0.498475581	0.505429626	0.511696994	0.529519975	0.553042114	0.560957193	0.579971790	0.633725405	0.663905740	0.649341524	0.623222530	0.603682280	0.580911696	0.563443601	0.554013908	0.536849558	0.521336615	0.492192507	0.463206202	0.436646432	0.412039548	0.385916442	0.368928462	0.371882439	0.393454850	0.431340754	0.473103493	0.538843751	0.643637240	0.782084286	0.949356198	1.15071189	1.33076477	1.48587990	1.65126669	1.84514391	2.06491876	2.24990439	2.35960150	2.43133163	2.56284118	2.72872519	2.87840056	2.97127128	3.01340246	3.00248361	2.95106030	2.90621495	2.88040352	2.85749674	2.83384728	2.81391788	2.78821564	2.76697373	2.74533558	2.72337008	2.70413160	2.67657161	2.64896822	2.63673568	2.63999987
72.0000000	2.88283825	2.94106007	3.00197649	3.05847979	3.10265613	3.11649323	3.11687732	3.11444902	3.11871743	3.13297462	3.15391636	3.18452358	3.22339892	3.26228786	3.29559731	3.29478335	3.29308343	3.28173351	3.24777126	3.20234823	3.16292572	3.12515426	3.08421612	3.05014920	3.01330876	2.96102476	2.92221308	2.89306283	2.87405872	2.86473489	2.86179996	2.88465714	2.88687515	2.86358380	2.80898261	2.72813582	2.64733601	2.55947709	2.49410009	2.46795559	2.45840907	2.45322537	2.44659114	2.44272900	2.43689227	2.43043327	2.40896535	2.37767625	2.33252096	2.27264500	2.19401932	2.09441638	2.04410672	2.03793597	1.99844241	1.85745561	1.65503120	1.51004231	1.43966138	1.42883813	1.42970085	1.40729237	1.38442338	1.35791886	1.33695245	1.32459497	1.31821358	1.30787909	1.28801322	1.25720572	1.21728075	1.18311667	1.16982996	1.17493045	1.18565607	1.18046141	1.17034400	1.17428887	1.18392467	1.19781005	1.21049178	1.22984135	1.24556434	1.23905611	1.21554732	1.19769764	1.18127370	1.17542279	1.17263913	1.16870487	1.16106153	1.13456404	1.07792175	1.01848841	0.964871943	0.917857647	0.874320805	0.829368412	0.784143448	0.751319528	0.733457088	0.734726608	0.738203168	0.743466973	0.739304602	0.733347118	0.728244424	0.708512902	0.677933753	0.652103126	0.634135485	0.598294377	0.595245838	0.606233776	0.610198379	0.611325443	0.606974602	0.607222855	0.606968224	0.611087024	0.616850317	0.630663812	0.630934715	0.617962360	0.608695149	0.606544971	0.591193318	0.572991788	0.567156017	0.577254713	0.591203570	0.592846572	0.589218855	0.583594918	0.578069806	0.574600101	0.577911019	0.584890485	0.590977132	0.597394943	0.602902114	0.598907650	0.593560576	0.589429557	0.587016523	0.584927857	0.586840034	0.589061499	0.591239452	0.593698442	0.600470722	0.604337394	0.600846767	0.594655871	0.589075148	0.585250258	0.578828692	0.571851075	0.567559361	0.566135585	0.567413032	0.569261849	0.573014319	0.577571332	0.582880497	0.589598477	0.596995831	0.607577443	0.618466258	0.631230414	0.645101011	0.659340680	0.671784937	0.682863891	0.692958474	0.701747298	0.710981965	0.720573783	0.730386436	0.741258502	0.751345575	0.760059714	0.771869957	0.782628119	0.793292999	0.801354170	0.809143782	0.819062531	0.828673482	0.836597681	0.843253553	0.850878477	0.860499859	0.872220218	0.884074152	0.891676426	0.896371543	0.894456148	0.887525439	0.877453804	0.866317809	0.853636622	0.842938304	0.833080471	0.825086892	0.821110785	0.821222186	0.823559821	0.824322581	0.825070083	0.828360558	0.833151221	0.836278796	0.838581920	0.839377046	0.836954057	0.830397189	0.818490446	0.803519785	0.788814545	0.771766305	0.755517125	0.740313888	0.726651013	0.712664783	0.698685467	0.685791910	0.673512280	0.663448155	0.657939374	0.658719897	0.662279844	0.666600108	0.673686981	0.679491997	0.686700463	0.711322486	0.690490365	0.647369027	0.613967240	0.600425661	0.628605783	0.662752092	0.652885616	0.640773475	0.625564456	0.617118359	0.610511720	0.601918638	0.597992778	0.593851388	0.567431509	0.534467459	0.527585804	0.538681746	0.531920254	0.520282984	0.523472011	0.531236053	0.537507534	0.540181696	0.528446078	0.518265069	0.519331098	0.526847303	0.526443541	0.510151088	0.490407556	0.479481488	0.481878936	0.488416940	0.507441580	0.529266894	0.537206471	0.518330276	0.489859074	0.489923686	0.482271433	0.451679975	0.423487723	0.398126364	0.400743812	0.396546960	0.399293691	0.417591184	0.453518689	0.475365371	0.478810281	0.474638253	0.465006471	0.465784937	0.464880913	0.465681493	0.468202889	0.473728895	0.481279612	0.497911930	0.516979456	0.528226554	0.540763676	0.549200356	0.572696686	0.593178093	0.599701583	0.622152328	0.697445452	0.751022041	0.889054120	1.01794934	1.06771898	1.06801617	0.982149899	0.897465527	0.822980940	0.764616370	0.716235399	0.664438069	0.621224403	0.582726002	0.546838880	0.509521902	0.480163574	0.466921061	0.467175782	0.493398100	0.546511829	0.647985876	0.805547416	1.00453591	1.22450364	1.44737256	1.59682715	1.65775192	1.84115267	2.20171070	2.78763008	3.25316143	3.54728436	3.67276382	3.69169569	3.64369106	3.57207823	3.45274806	3.30696154	3.15890527	3.08670950	3.02483273	2.96784091	2.91758013	2.86775517	2.82396436	2.78101206	2.74785542	2.73114991	2.72906303	2.73448014	2.75014734	2.77238226	2.80362058	2.84492397
71.0000000	3.06266928	3.09657907	3.12642217	3.14825439	3.16864800	3.17323589	3.17573142	3.17939806	3.19657874	3.20771050	3.21358323	3.23877335	3.26134157	3.29019165	3.31774545	3.31322980	3.29782629	3.27735329	3.21457696	3.15008593	3.09457994	3.00396490	2.89700031	2.77745795	2.69936514	2.57050896	2.52155924	2.50462079	2.46969843	2.47336626	2.51669312	2.58018017	2.61586761	2.63279390	2.62896585	2.61530948	2.59713984	2.57174706	2.54347706	2.51320529	2.48025012	2.44715762	2.41798496	2.39429379	2.35402083	2.31468487	2.28231406	2.25659895	2.22860026	2.19146848	2.14631057	2.11112523	2.07350349	2.01048207	1.91840780	1.80987382	1.68996358	1.59005642	1.53242600	1.50470173	1.47173142	1.43015516	1.39574432	1.37326992	1.36047792	1.35305262	1.34248281	1.31330490	1.28598845	1.26252425	1.23480546	1.20909071	1.20473003	1.22077632	1.24379480	1.23296261	1.20334589	1.20028365	1.20172060	1.20504081	1.21345890	1.21706927	1.23185551	1.27033424	1.32059574	1.33413470	1.30755925	1.29071140	1.26771271	1.24239564	1.20646131	1.13390303	1.02802551	0.937328041	0.878194213	0.851295829	0.841607749	0.811640799	0.792417049	0.777661741	0.775432229	0.775401235	0.781373203	0.767175317	0.740906715	0.727138281	0.720267773	0.685874522	0.653111160	0.619867504	0.602201760	0.569150090	0.560226440	0.575522244	0.597974122	0.610939622	0.610491335	0.611472964	0.618065298	0.626968920	0.635130286	0.654970944	0.672036171	0.680752933	0.676821828	0.651801646	0.659368515	0.650804102	0.652787387	0.629170537	0.583231151	0.563818693	0.573640585	0.591104388	0.605038822	0.607176065	0.599858522	0.595379710	0.602665544	0.613586962	0.618104517	0.610053062	0.599430382	0.592835188	0.591133595	0.599369884	0.606216729	0.604453266	0.602950215	0.605106652	0.606964111	0.608542025	0.612537265	0.616944730	0.615463614	0.610669434	0.603614748	0.595823288	0.592217922	0.592899203	0.593754232	0.594355345	0.598908782	0.603836119	0.608930647	0.613991916	0.617811918	0.626035869	0.637501299	0.653196514	0.672166467	0.693249285	0.717149973	0.738602102	0.757827044	0.774734795	0.789477110	0.799666464	0.813257039	0.833058238	0.852281570	0.863962233	0.873485267	0.878792822	0.877390802	0.880930245	0.890115678	0.901756942	0.912305236	0.921427786	0.931032062	0.942550838	0.955370903	0.969317913	0.981114566	0.986725450	0.983439982	0.972353816	0.957870305	0.943084657	0.927378714	0.916580260	0.907464743	0.906149626	0.908530474	0.908996224	0.908314407	0.906625867	0.909815609	0.911413908	0.916175544	0.924897075	0.930731535	0.929980397	0.923583090	0.918585658	0.919123948	0.904791296	0.888761282	0.874816597	0.858992398	0.841116846	0.813473284	0.786476016	0.761683881	0.739261508	0.725343049	0.714797914	0.706641078	0.704846203	0.710509002	0.717274129	0.718116522	0.725264251	0.736762404	0.737699330	0.756834805	0.753922224	0.727539718	0.708633840	0.704719007	0.730298042	0.757728398	0.776471853	0.732269049	0.664310098	0.616580307	0.599161386	0.593485236	0.586996377	0.572002172	0.542461395	0.532059133	0.528436780	0.524714351	0.524521232	0.521969438	0.523080468	0.531662643	0.542718589	0.541551769	0.531315267	0.527367949	0.532165825	0.538420498	0.531920612	0.498513728	0.464927524	0.468537837	0.492595285	0.497197151	0.502832949	0.501476884	0.491940886	0.483086079	0.478564262	0.478603035	0.481227458	0.482881755	0.475235194	0.462029308	0.449901283	0.444205612	0.444903612	0.439380556	0.428144693	0.434775293	0.458776057	0.496313214	0.517950118	0.523818970	0.532151043	0.535799980	0.534703732	0.534474134	0.531101882	0.532286406	0.539256155	0.554036796	0.576760828	0.601173580	0.631893337	0.668303549	0.704608738	0.735712945	0.710186124	0.706378996	0.800556839	0.885038078	1.03331232	1.18346226	1.14885223	1.04381311	0.948085725	0.866352737	0.798974574	0.733883798	0.679728210	0.635655522	0.597550750	0.556724489	0.532133341	0.519602537	0.517713666	0.544950247	0.610924959	0.753108263	1.00594652	1.29866791	1.60985124	1.80143213	1.93925703	2.08399606	2.29837608	2.60437894	3.02995324	3.39158487	3.74891162	3.95985270	3.99907255	3.95042801	3.79882169	3.61242008	3.41614199	3.24960876	3.11797714	3.03293681	2.97593832	2.93272257	2.89143538	2.85098600	2.82532144	2.83518314	2.83605528	2.83390832	2.83831501	2.86408734	2.90986753	2.95255923	3.00454450
70.0000000	3.21062541	3.24005842	3.24746990	3.24530888	3.24978375	3.26167321	3.27341461	3.30141854	3.33591843	3.34489918	3.33333683	3.34611273	3.35305452	3.37503576	3.40373659	3.43017340	3.42550993	3.37289453	3.40087485	3.44833374	3.30776978	2.93846536	2.59325099	2.32267022	2.11118555	1.92584264	1.84189427	1.78181899	1.72654974	1.69940019	1.75330341	1.92437530	2.11632109	2.23213816	2.29123306	2.32090259	2.32095981	2.31533647	2.31514931	2.31181288	2.31243014	2.30095506	2.26663280	2.23751950	2.22267771	2.20412564	2.18086767	2.15075350	2.10349631	2.05597401	2.02145934	2.00119257	1.95551455	1.90035176	1.84217703	1.77277446	1.70567536	1.64494479	1.59862268	1.56044948	1.49287820	1.46769655	1.41808820	1.36782932	1.32245016	1.29027891	1.28954816	1.27488899	1.25576687	1.24582851	1.23335791	1.23301852	1.24764490	1.27428520	1.30693054	1.29663503	1.26144981	1.24561775	1.23765981	1.22910213	1.24113762	1.25375104	1.26044297	1.30854309	1.37362313	1.42503858	1.47432935	1.51760006	1.49322581	1.51445532	1.59148157	1.53188550	1.30851555	1.03865671	0.836787164	0.766347289	0.765085399	0.770983279	0.765154779	0.734096825	0.683226883	0.597121358	0.599847138	0.617926955	0.644918323	0.659853816	0.649039507	0.612665951	0.578569353	0.563547015	0.549364746	0.539390445	0.547525108	0.565817118	0.582043231	0.596240640	0.600629270	0.607254922	0.620561779	0.637640119	0.652713299	0.658041596	0.663323939	0.679475784	0.705575645	0.697017729	0.753354490	0.756947041	0.691239834	0.608196795	0.579090297	0.535166919	0.518795490	0.554945827	0.611105800	0.610539913	0.611939371	0.614578247	0.605655253	0.596658945	0.613102317	0.620918930	0.599942148	0.600667596	0.612865925	0.632618248	0.639804900	0.632233024	0.625551105	0.622186780	0.619297206	0.618736684	0.611243010	0.607241809	0.608244777	0.604206443	0.599585474	0.601219833	0.604678929	0.609304011	0.612482548	0.619606435	0.627167523	0.639340043	0.654008210	0.666094065	0.675607502	0.687616229	0.705428362	0.728788495	0.755761623	0.774793029	0.796514630	0.817817390	0.840522885	0.862569153	0.878246665	0.905224204	0.947906971	0.979610682	0.992582798	0.995772123	0.994983196	0.994196713	0.993358672	0.993120134	0.996239960	1.00444615	1.01416874	1.02848887	1.04809093	1.06931615	1.08901489	1.09588933	1.09825945	1.10257912	1.10255075	1.09685767	1.08918405	1.06562877	1.03414273	1.01355612	1.00656962	0.998470664	0.987707913	0.982123256	0.977320969	0.976930737	0.971828759	0.979079604	1.00342500	1.04422081	1.11901391	1.16716623	1.13417614	1.06060302	0.995351791	0.957278311	0.938939571	0.928092897	0.906224966	0.914496362	0.900241554	0.863774896	0.832000852	0.813340545	0.799654722	0.792262256	0.788455367	0.781732142	0.787058711	0.807527065	0.810797572	0.804335594	0.797904909	0.823484302	0.905061185	0.943706989	0.917961359	0.847901344	0.818897784	0.806035578	0.797751844	0.794250488	0.783839881	0.721077621	0.660664797	0.628631413	0.612263322	0.601993918	0.588197112	0.566910207	0.549579620	0.540139019	0.542227030	0.541458368	0.529936194	0.535994172	0.548918068	0.559993088	0.562377870	0.555902779	0.556958854	0.557917178	0.555200756	0.534347951	0.511527240	0.500172019	0.502981246	0.509657383	0.511564791	0.508981586	0.501815379	0.501571536	0.505608320	0.502116442	0.489502996	0.505190372	0.519271135	0.519527674	0.518318295	0.516705334	0.523850858	0.531648934	0.514440358	0.494299561	0.483188599	0.464745790	0.451777518	0.482335150	0.541208148	0.576504827	0.587717652	0.597553372	0.611023605	0.600676298	0.582069457	0.568479180	0.574399829	0.594866812	0.632295966	0.690238833	0.750025988	0.800565720	0.840787470	0.847371459	0.793407619	0.795281708	0.859706104	0.916319966	1.00087011	1.06192744	1.05839777	1.00657511	0.922982991	0.853339732	0.780066669	0.713130236	0.656404197	0.618845940	0.584782302	0.587061167	0.626523733	0.704132438	0.832339764	0.995410800	1.22735012	1.49543321	1.79198515	2.05703950	2.20700788	2.45985031	2.70813322	3.06223726	3.52135634	4.04958534	4.22789526	4.27642155	4.22492695	4.10830355	3.93855453	3.74558520	3.53840470	3.32420945	3.17178082	3.07131481	2.99815655	2.95000863	2.91275001	2.88214993	2.87782955	2.87988257	2.88222647	2.88905239	2.89873028	2.91098714	2.94831705	3.00582528	3.07287836	3.13296485
69.0000000	3.31144309	3.33292699	3.33024716	3.32755518	3.34379101	3.40209150	3.45383286	3.50089312	3.54912949	3.56995535	3.56428957	3.58177781	3.61398578	3.66678810	3.56764936	3.55319571	3.69405913	3.59411263	3.63321280	3.34275317	2.78852129	2.28634834	2.03116560	1.88279533	1.80893493	1.69518578	1.64439225	1.63212883	1.62616360	1.64579070	1.69111001	1.73805463	1.78912437	1.89351416	1.98164189	1.97969341	1.96368563	1.96975029	1.99050057	2.02787113	2.05061412	2.05255413	2.05059934	2.05634308	2.05435848	2.03331947	2.04000735	2.01948142	1.96894622	1.90817857	1.85933685	1.80151451	1.74667954	1.70330250	1.66909373	1.62998414	1.59284198	1.56606066	1.54274464	1.52187526	1.49020600	1.55476618	1.54955781	1.44926846	1.32250273	1.23231971	1.23604536	1.21714389	1.21808445	1.24339485	1.24362266	1.24884582	1.27651477	1.31974375	1.35805893	1.33809817	1.31013846	1.28769016	1.27369034	1.27537715	1.27918339	1.29051769	1.32363975	1.34332907	1.38020694	1.45621288	1.53952873	1.65125263	1.71002865	1.69266319	1.75694537	1.91630268	1.79246199	1.48994291	1.09892786	0.878966689	0.745707393	0.630442679	0.573359251	0.530254364	0.498130471	0.509845078	0.549383759	0.592586100	0.618037879	0.620689631	0.620045722	0.613659441	0.603259444	0.590994716	0.580466270	0.564759433	0.567474604	0.562981725	0.566175103	0.581077993	0.595957279	0.605269253	0.618155897	0.637002528	0.649800301	0.637948751	0.655215502	0.698139727	0.732004285	0.705803573	0.820208848	0.813981533	0.671914995	0.520518363	0.492390573	0.467717916	0.470743209	0.514533043	0.564645767	0.559783757	0.569541395	0.575453699	0.570395112	0.548941612	0.575412929	0.602464020	0.591276944	0.586934984	0.621387720	0.652887523	0.665288627	0.674928904	0.667283416	0.657389700	0.655228853	0.649114668	0.642887712	0.643998563	0.641362667	0.636380374	0.638615787	0.642322779	0.647532523	0.654425442	0.651155770	0.651084006	0.669934928	0.684235752	0.707441270	0.731536806	0.734934270	0.760138154	0.786093235	0.805508018	0.824894547	0.853536844	0.882669032	0.913254559	0.928247035	0.917597353	0.942886055	1.01058519	1.09391391	1.16916192	1.16051316	1.16442001	1.18129206	1.18345773	1.17347717	1.16242206	1.14849234	1.14383233	1.15141165	1.16586351	1.18502247	1.22036684	1.23713863	1.24131536	1.24454606	1.24726117	1.26281059	1.26794589	1.24910045	1.27601278	1.22740126	1.16786885	1.16721618	1.16334605	1.15622580	1.14835095	1.11471283	1.09649324	1.12358570	1.18071151	1.21905804	1.22928214	1.26605570	1.36738729	1.38785350	1.29639816	1.12000406	0.989673197	0.924859405	0.910434425	0.919003248	0.940333307	0.964947522	0.951706111	0.908615232	0.909274817	0.900119603	0.869291902	0.873619258	0.871798694	0.871598899	0.895486891	0.892209768	0.877549231	0.866678655	0.907905161	1.01246798	1.02801251	0.977840006	0.876007795	0.824951768	0.774986446	0.758426607	0.775623024	0.774260283	0.746898830	0.712626576	0.691060126	0.673473060	0.655617416	0.642999232	0.626633584	0.611371160	0.598267972	0.590210557	0.582256556	0.577867746	0.580979109	0.587716758	0.596325815	0.597426772	0.598923743	0.601412475	0.594792306	0.585294664	0.579105914	0.584061444	0.578977406	0.570155323	0.545170248	0.537370920	0.539536655	0.539342642	0.549966037	0.561191380	0.538486779	0.533042371	0.545578301	0.552545547	0.560813785	0.573651373	0.581154287	0.573487699	0.563998818	0.566001713	0.573763907	0.567743778	0.556232214	0.549829185	0.547664940	0.555517077	0.589382470	0.604854465	0.634556472	0.668771565	0.663780630	0.642062068	0.632244706	0.628416419	0.635462284	0.657725036	0.719623804	0.799813211	0.878623128	0.939060688	0.932633698	0.839599788	0.710520208	0.649256349	0.682561636	0.787235141	0.899460912	0.954193234	0.946155965	0.890008569	0.841411412	0.784286022	0.728718817	0.690170109	0.673352897	0.660647273	0.699443042	0.832468212	1.11064577	1.53975272	2.11356187	2.33053136	2.42857718	2.62690973	2.85447693	2.98929763	3.26261663	3.71065450	4.15386438	4.35897398	4.36639547	4.30325985	4.36232233	4.36916637	4.22311068	3.98101664	3.72288227	3.51392221	3.35026312	3.20451212	3.09012270	3.00245309	2.94354701	2.89076710	2.86213112	2.86834359	2.87877870	2.88984418	2.91103959	2.93937159	2.97586393	3.03493953	3.11704326	3.19682598	3.24674535
68.0000000	3.34273767	3.36254716	3.37398481	3.39587545	3.43712854	3.50756073	3.57138348	3.62394071	3.67523265	3.70312786	3.73792839	3.76907420	3.78758526	3.80985212	3.91900086	4.22602797	4.60833883	3.96259093	3.14550138	2.39289188	2.05286145	2.08564854	2.12581396	2.10844088	2.03292155	1.94941747	1.89436340	1.85435855	1.86086798	1.86654663	1.84371555	1.83848941	1.88011515	1.82832146	1.81008697	1.80644011	1.78429234	1.80128992	1.82880509	1.82477891	1.79691303	1.80699670	1.85383511	1.87285233	1.88981605	1.90070629	1.90235901	1.90423465	1.89920580	1.84912276	1.78713763	1.68271458	1.59970069	1.59307301	1.61826694	1.62312794	1.57692564	1.53655243	1.51718235	1.47804797	1.46915495	1.52861476	1.53342795	1.53762138	1.53989589	1.40204108	1.29818678	1.20408905	1.15085804	1.19505954	1.23432624	1.24474943	1.27872145	1.32360911	1.36278844	1.35635591	1.31836772	1.29132962	1.27785420	1.28511369	1.29544163	1.31556344	1.35558271	1.38464522	1.43601120	1.50333726	1.55480564	1.67941105	1.75385356	1.73334920	1.80083799	1.83706367	1.78729939	1.60808361	1.30352509	1.01251662	0.858091652	0.725211978	0.627327502	0.563158393	0.533629775	0.544146478	0.587126076	0.619939387	0.627168655	0.612958193	0.612509012	0.613296688	0.608313859	0.606236875	0.595078766	0.584522069	0.577331126	0.576820314	0.581379712	0.587328196	0.591961920	0.602296650	0.612067997	0.618752360	0.623941660	0.634508908	0.656963408	0.701262891	0.739996612	0.711008072	0.857292473	0.782392621	0.604361773	0.466206104	0.454335272	0.431916416	0.443869114	0.489502728	0.525200725	0.513152421	0.488185525	0.519779682	0.535183430	0.537435174	0.575183511	0.594281495	0.580209613	0.598247051	0.668714941	0.728261471	0.735282898	0.723972797	0.732312918	0.734417856	0.741338491	0.728305101	0.719698489	0.718950987	0.715487242	0.719624996	0.721469223	0.722134829	0.717451692	0.725166798	0.733050764	0.718127966	0.726210177	0.720941782	0.704414368	0.708958864	0.758080721	0.822538197	0.889404953	0.961898744	1.02736104	1.06210124	1.09434605	1.08109689	1.07526565	1.05973685	1.05490494	1.13249648	1.22128105	1.30413294	1.37958920	1.45547020	1.48565531	1.47355461	1.42472041	1.37834144	1.34782648	1.33236086	1.32765448	1.33213520	1.34475231	1.36715579	1.38129210	1.38676798	1.40184867	1.42261028	1.52376783	1.57559192	1.55521262	1.54252064	1.47504330	1.46103299	1.41926360	1.40611327	1.46315670	1.37263525	1.23798275	1.22014511	1.21038830	1.28131056	1.29242718	1.20567501	1.13330555	1.12124145	1.11867845	1.14842999	1.11936629	1.07949030	1.05208135	1.04678881	0.991086066	1.04276764	1.10826516	1.06206846	0.977233112	0.935214698	0.975596666	0.987794995	0.959798634	0.940351546	0.925004542	0.932849169	0.951915562	0.948173940	0.938563466	0.952121794	0.975211978	0.939113379	0.881545424	0.840310812	0.823711038	0.802034736	0.814779222	0.825811744	0.828650713	0.829034746	0.828191519	0.824421704	0.806986809	0.786615372	0.754531324	0.708726227	0.698262870	0.685769320	0.671057582	0.665225029	0.658893704	0.658472598	0.659049690	0.663920283	0.666172028	0.665068209	0.665554702	0.662305236	0.662785649	0.668551028	0.685388625	0.661120236	0.629952908	0.607220709	0.598393023	0.587008953	0.584697485	0.584426224	0.593094349	0.578223944	0.556927741	0.578223288	0.596942186	0.603864312	0.615259826	0.618017137	0.614171445	0.602993608	0.597307801	0.599150419	0.602154255	0.610307515	0.621644497	0.617485106	0.596264362	0.586722612	0.619272709	0.675512850	0.703703582	0.741502941	0.774954915	0.759332478	0.747376204	0.749320745	0.769360483	0.849501789	0.939929664	1.03207755	1.10219288	1.12121248	1.02614534	0.849877059	0.707261443	0.700296521	0.793780148	0.952939570	1.00295365	0.969754815	0.900052130	0.870284140	0.866697609	0.872290015	0.919928551	1.04759407	1.12974596	1.19189966	1.34094918	1.86965978	2.84476876	4.26081181	4.60539770	4.39898539	3.87991643	3.69627523	3.54070759	3.58439612	3.87081385	4.12974977	4.28791714	4.37679815	4.52658081	4.55787945	4.43045425	4.16693735	3.87921691	3.65595102	3.47750711	3.31417251	3.16184115	3.02165747	2.91257644	2.86982369	2.84395146	2.84317207	2.86499619	2.86695981	2.86317015	2.87994146	2.91783261	2.98245978	3.07555056	3.16877913	3.25976658	3.30806637
67.0000000	3.29001832	3.33076358	3.36204410	3.41134620	3.46558261	3.54971838	3.62702155	3.69330025	3.76550388	3.84154534	3.89847279	3.94036102	4.06476402	4.36969185	4.77717876	5.09728479	4.26187897	3.43478847	2.65355301	2.37048912	2.26088667	2.29989815	2.29243231	2.28129053	2.25606823	2.22566295	2.21993804	2.17989779	2.14515948	2.10245013	2.06370568	1.99597299	1.92456102	1.95755219	1.98676527	2.02721190	2.02647877	2.00275850	1.97653675	1.92031693	1.88067317	1.77163219	1.79997551	1.83781588	1.85885000	1.85146558	1.85358059	1.87703800	1.91826952	1.90462720	1.74976456	1.64384127	1.60722721	1.64662933	1.70050442	1.69751787	1.63575149	1.60557628	1.59968054	1.56820118	1.51202905	1.45591354	1.44940841	1.50429785	1.53722370	1.47402155	1.35025084	1.25536156	1.21414995	1.21805489	1.22795260	1.23561502	1.25847518	1.29320204	1.32703459	1.32249200	1.29001904	1.27620399	1.28644192	1.29288602	1.30466211	1.32494867	1.36981034	1.40575302	1.45053756	1.51086450	1.56390822	1.63943303	1.76859057	1.86918664	1.81998193	1.69736731	1.62506175	1.55276346	1.46272779	1.28242779	1.05814195	0.910943151	0.790478408	0.714243591	0.633173048	0.619675457	0.654932320	0.667016447	0.673856080	0.666088641	0.643518269	0.633912563	0.629777133	0.622509956	0.618302166	0.615572453	0.605653107	0.592684925	0.590984225	0.581000030	0.574981153	0.575201154	0.582765162	0.601913869	0.615268230	0.623344541	0.652046561	0.692299902	0.721257508	0.707315505	0.838276684	0.737738013	0.581425786	0.449275583	0.464035749	0.459243745	0.454359651	0.478462636	0.507721484	0.494108230	0.481330752	0.479851395	0.512137890	0.565101266	0.608305335	0.605012655	0.576989472	0.610594451	0.684965134	0.741187811	0.789847553	0.825136662	0.840463400	0.801271200	0.831654370	0.851171792	0.834568799	0.819331765	0.810437262	0.823921859	0.817958832	0.806657016	0.804058254	0.810186744	0.805883288	0.819758773	0.814099967	0.795457304	0.800289571	0.795130074	0.868928432	0.967277884	1.07867944	1.24912524	1.40929496	1.42278028	1.42689037	1.47960854	1.45113766	1.38756323	1.46374631	1.57716203	1.68417573	1.74905670	1.77552974	1.77979672	1.77427042	1.73901021	1.66309786	1.60263646	1.55190802	1.55799615	1.58462954	1.57657003	1.55767703	1.54235053	1.50667942	1.45948291	1.42601132	1.40516496	1.43285453	1.51615751	1.61508715	1.69758928	1.76481438	1.79344523	1.79844475	1.89978719	2.05772138	1.99169648	1.80141473	1.71102703	1.65398431	1.64564729	1.62332916	1.44951069	1.31260538	1.19126952	1.11900425	1.09529984	1.11377573	1.14506340	1.17208779	1.20728660	1.20786333	1.17023945	1.13905120	1.16013348	1.15742218	1.03869915	1.06702626	1.09952223	1.11119235	1.09990966	1.07946014	1.06883502	1.05090618	1.02922654	1.00623918	0.987001121	0.997247517	0.986429274	0.961152732	0.944975495	0.939182341	0.924897015	0.919635892	0.918802857	0.914825857	0.911723256	0.905566096	0.886435986	0.868608534	0.842522621	0.794730961	0.749540210	0.743454099	0.751218617	0.761807144	0.739420950	0.711001933	0.705255270	0.714020252	0.727575004	0.726656437	0.712145388	0.707582891	0.715338230	0.720266998	0.729278088	0.731081903	0.681564510	0.657658219	0.638535678	0.625406265	0.610763967	0.597385406	0.600156188	0.620449662	0.584398389	0.581834674	0.600854397	0.618969440	0.624225676	0.633019388	0.635985017	0.633817494	0.631940365	0.632231116	0.633845806	0.636851013	0.646187842	0.649506867	0.653146744	0.652456522	0.663599491	0.661815345	0.667745471	0.723672390	0.768400908	0.854849279	0.919481397	0.951746106	0.962434113	0.982272804	1.06645608	1.19796014	1.34477425	1.44386995	1.46149325	1.35217655	1.19664299	0.967279971	0.837617040	0.874886155	1.00206923	1.07531357	1.05143082	0.999795854	0.983308971	1.13799155	1.49046433	1.93419456	2.38530707	2.69676208	2.76217127	2.72009110	3.14808130	4.19433498	6.02271175	6.76227760	6.13701868	5.40782499	4.79625130	4.39778519	4.17929459	4.12974834	4.26371145	4.44545412	4.55236816	4.58312082	4.45157242	4.22114468	3.97459579	3.76776052	3.65145850	3.54827285	3.45910740	3.37346983	3.26248026	3.07933760	2.95679855	2.91628289	2.90411592	2.90410304	2.87450600	2.84255219	2.83760142	2.86805749	2.93497229	3.02228975	3.09949470	3.18051696	3.23050380
66.0000000	3.23864913	3.32766104	3.41422629	3.51339746	3.61312127	3.74234128	3.85453749	3.92022800	4.00982332	4.04425335	4.07595634	4.16252089	4.45464373	5.00049400	5.24265814	4.41462326	3.36283755	2.77813959	2.65286112	2.61624098	2.54711938	2.38702774	2.36425352	2.39648771	2.42658162	2.37920141	2.42384434	2.41263914	2.34617686	2.20860815	2.11594367	2.05934906	1.99307692	1.95256948	1.97153366	2.00034857	2.03953910	2.10680604	2.13951826	2.10477209	2.02231717	1.96804273	1.93917310	1.90181160	1.90305543	1.89973605	1.90765309	1.93641651	1.95977700	1.95780575	1.83471203	1.71255314	1.64498425	1.65574098	1.70217383	1.72358227	1.73538458	1.74242878	1.82395983	1.86595190	1.72851324	1.49186504	1.41081917	1.40434229	1.35096753	1.37683702	1.36302400	1.31859672	1.27652085	1.26548243	1.25729442	1.24349678	1.25349987	1.28696203	1.30520260	1.30792713	1.27927792	1.27414215	1.29755151	1.32245004	1.32309759	1.32258272	1.35018075	1.38543677	1.42460084	1.48269987	1.51543701	1.58031583	1.74695683	1.86583579	1.80157924	1.55953276	1.51171386	1.53743148	1.50645149	1.40457428	1.23541880	1.06915534	0.918020666	0.817484796	0.771469891	0.754319489	0.772448719	0.754600883	0.733693004	0.728534043	0.721582174	0.707328796	0.692538679	0.680243194	0.653969288	0.643988192	0.616305828	0.595599532	0.582365692	0.559941411	0.566898584	0.565992832	0.569783211	0.580525756	0.593493640	0.605780840	0.633872986	0.667051256	0.689850211	0.675967753	0.781343222	0.756944835	0.616995931	0.481299758	0.473880261	0.468220621	0.469660163	0.491622627	0.514967382	0.507856071	0.495410264	0.472357035	0.484198272	0.533635616	0.554161191	0.567673087	0.594941080	0.607123315	0.638816118	0.638075531	0.740064263	0.897076070	0.982111156	0.965976834	0.941067398	0.989022315	0.975899220	0.926477194	0.910032272	0.919665337	0.907315493	0.882815361	0.878324568	0.857627749	0.852830231	0.878390193	0.872313023	0.923947275	0.957302868	1.00601435	1.14178014	1.33496666	1.57141054	1.67373443	1.72004139	1.74021435	1.77014875	1.65670824	1.73660147	1.74158120	1.78714299	1.89304328	1.95273530	2.06842995	2.13333774	2.09854031	1.97852182	1.90493333	1.81404543	1.76528120	1.72593105	1.73960769	1.90966439	1.95116889	1.87829828	1.80827725	1.70370197	1.61570406	1.54906440	1.48964703	1.47498751	1.46534467	1.49226582	1.58497131	1.65200806	1.64680827	1.71083272	1.84761655	1.95456719	1.94697380	1.85424256	1.68636715	1.68215001	1.65518820	1.53245485	1.45429659	1.42178142	1.33738267	1.21722341	1.21537018	1.20458913	1.23960078	1.34312940	1.49384391	1.46898997	1.29855132	1.25432587	1.23516929	1.22653317	1.18344998	1.27572989	1.32745075	1.31939089	1.27494144	1.20565355	1.17169142	1.16775060	1.10401189	1.05483484	1.00736761	0.995524764	1.01545501	1.04189968	1.04447150	1.04491138	0.996359110	0.962874651	0.962433755	0.964081109	0.945696175	0.924822211	0.908986151	0.869319320	0.858503282	0.840866089	0.806068838	0.783362508	0.778116226	0.775068879	0.751968265	0.719899774	0.710342646	0.721814156	0.734750330	0.735438824	0.728575349	0.726900697	0.728618860	0.734754860	0.731043518	0.713979423	0.687900066	0.661039591	0.645742774	0.642001390	0.632284820	0.630682707	0.637387097	0.645617008	0.637205780	0.626577795	0.639822543	0.643155396	0.647092938	0.660017431	0.678318858	0.688345730	0.689165175	0.690715194	0.701561511	0.702077806	0.706953466	0.702092052	0.693038940	0.698186815	0.715601265	0.745955408	0.767993450	0.769443989	0.846686840	0.981458545	1.10012090	1.12943983	1.13106894	1.13187063	1.21465087	1.36576998	1.56281352	1.74258864	1.86088598	1.88543725	1.83652318	1.80098021	1.48995018	1.35546076	1.26456428	1.19658709	1.13517737	1.15494072	1.26565969	1.78620708	2.80048394	4.07499552	5.00091410	5.33468533	4.93819094	4.20735073	4.16511393	4.57486105	5.30402708	5.72258615	5.75904751	5.60859013	5.42563725	5.27308130	5.12556601	5.02014828	4.88488007	4.72677994	4.47051859	4.25562286	4.18477392	4.07091999	3.78385544	3.65872431	3.84546971	3.93826628	4.02878475	4.28133869	4.24962568	3.71256065	3.39518595	3.13606715	3.04287195	2.98402929	2.92182994	2.86916065	2.82740498	2.83263397	2.88642979	2.96519065	3.03864169	3.10626650	3.16114998
65.0000000	3.32526922	3.43764019	3.56165957	3.70959425	3.85464668	3.99564099	4.12559414	4.16101122	4.17275286	4.15676308	4.19901848	4.31763315	4.88491964	5.16917467	4.49038219	3.50218129	2.91643882	2.64077187	2.51676726	2.58133554	2.61175442	2.39859343	2.29437232	2.24577546	2.25156617	2.25816751	2.36246514	2.42638183	2.40253067	2.28690004	2.19560027	2.12917519	2.05915499	2.00302839	1.96091950	1.95713210	2.00481701	2.06812358	2.05144334	2.07461262	2.14127541	2.13823009	2.09715247	2.01250315	1.99058664	1.98596311	1.99510896	2.02153730	2.01948428	1.98998523	1.89062393	1.77807629	1.72295022	1.71734679	1.75499523	1.82854676	1.81946528	1.88230312	1.99260783	2.07854843	1.89327526	1.53651154	1.37828302	1.33859432	1.32982111	1.33288789	1.35070980	1.33729625	1.32202613	1.31477976	1.29894698	1.27758372	1.26695073	1.28295541	1.30531681	1.31171453	1.29158413	1.28835666	1.31823266	1.33921480	1.34157932	1.34240723	1.35236871	1.36266208	1.40397263	1.45749140	1.47855353	1.54951942	1.72965920	1.89535141	1.78373754	1.52070820	1.42814457	1.42169905	1.44877076	1.40037262	1.29535115	1.16531253	1.01988673	0.903462946	0.862581789	0.855343401	0.836956024	0.826343596	0.800278246	0.758875191	0.749661386	0.741632521	0.716552854	0.706651390	0.694849014	0.664943874	0.629918516	0.603428483	0.578972578	0.570364177	0.559682190	0.557209790	0.568032324	0.574806929	0.587805271	0.597546041	0.618262887	0.634541512	0.653775573	0.652552068	0.684181750	0.714067996	0.672133267	0.578327775	0.519707322	0.490946442	0.476269424	0.476873815	0.501796246	0.511341989	0.480888367	0.467310935	0.476242393	0.514987350	0.554093659	0.558948934	0.566233456	0.542622209	0.584426165	0.623598635	0.755991757	0.857156813	1.03144312	1.14322877	1.10921216	1.15513265	1.12221575	1.09173727	1.05249012	0.985302746	0.981049955	0.958456695	0.939936996	0.944672227	0.965686262	0.947767079	1.02691042	1.12440729	1.25684798	1.47348535	1.74468184	1.81793106	1.82943916	1.97692299	1.97179043	1.82469773	1.71785533	1.71716297	1.74583125	1.79671013	1.85874033	1.93962371	2.02969122	2.19274139	2.26017356	2.23857665	2.13831568	2.05001879	2.00682330	2.04745746	2.14940166	2.22925282	2.25935531	2.23435092	2.13343954	2.06695175	1.97774041	1.92612851	1.91831195	2.02527785	1.97913945	1.92757952	1.90199292	1.81737387	1.86423445	1.80136812	1.72124267	1.72265756	1.77440047	1.83937562	1.80579770	1.69506919	1.61065555	1.52303529	1.45269167	1.44657362	1.46056795	1.56204152	1.62985206	1.51715994	1.34252644	1.29468942	1.34980607	1.54052460	1.63794494	1.42376399	1.34071517	1.33915567	1.34979618	1.39519954	1.52684903	1.55098724	1.47443509	1.34531724	1.25142574	1.22886312	1.23928142	1.05932510	1.00194633	1.00061846	0.986638665	1.01084411	1.03281772	1.04768181	1.07052898	1.01031208	0.973452151	0.960602462	0.960285127	0.965064943	0.939335704	0.905176818	0.888426602	0.881066740	0.869099140	0.837489247	0.802906036	0.793327510	0.793783844	0.777087271	0.749946475	0.746865213	0.754791081	0.762880206	0.760578215	0.747415423	0.744791567	0.734999180	0.733981609	0.722152174	0.712092102	0.697163820	0.684195042	0.677363098	0.692996621	0.688060939	0.684037685	0.681523919	0.677253544	0.663319111	0.685363650	0.688222110	0.687273800	0.711250365	0.725743473	0.763831079	0.761770010	0.731826127	0.713659346	0.719893932	0.747826815	0.764347672	0.756742895	0.764470458	0.786477089	0.815837860	0.834185839	0.879510462	0.965760171	1.04303825	1.14142644	1.20215380	1.24006939	1.25414824	1.28037417	1.38677561	1.59776807	1.86327159	2.05464673	2.22380209	2.40813136	2.40131450	2.19561100	1.94679701	1.83425522	1.69684803	1.47816193	1.27674747	1.24672806	1.47015357	2.45786309	4.34769154	6.48443842	7.68248701	7.19091368	6.27753210	5.50629616	5.18361664	5.20784473	5.35616827	5.48817873	5.56597900	5.49772215	5.40144110	5.33192968	5.26990461	5.11498451	4.87767506	4.58214188	4.29591703	4.16356468	4.25687361	4.33769941	4.35939264	4.35904455	4.53392220	4.69271898	4.87641430	5.11916208	5.20142269	4.71206379	3.95636392	3.59349918	3.38258028	3.26679516	3.15640092	3.04705215	2.96776104	2.92608142	2.94736409	3.00289321	3.07193732	3.15525413	3.23525929
64.0000000	3.57450795	3.71062088	3.86514950	4.06924772	4.23920822	4.33664465	4.34688473	4.31074619	4.26894140	4.14417791	4.32116318	4.50251389	4.30162668	4.00323057	3.17607880	2.77969718	2.70993161	2.69978142	2.62294340	2.57599831	2.52149892	2.36755037	2.23452234	2.18915987	2.22313666	2.30993605	2.34046841	2.38164258	2.41142893	2.41641164	2.36789012	2.31126857	2.20494986	2.13509870	2.09718752	2.08956409	2.10519886	2.09483171	2.11575246	2.13830662	2.08404565	2.09111953	2.11621308	2.11224270	2.09470487	2.10675716	2.08525777	2.07369661	2.04502153	2.02576733	1.98245406	1.93013871	1.88413048	1.83591533	1.83920431	1.86886954	1.89181745	1.94506383	1.94736242	1.88781810	1.70436168	1.51181138	1.42985141	1.37503386	1.38462114	1.38548589	1.39431095	1.40461111	1.39214754	1.37538707	1.35936630	1.33769119	1.32623804	1.33129704	1.34460545	1.34711754	1.33859718	1.34756303	1.36445653	1.38589323	1.39719188	1.39983964	1.39906490	1.39462399	1.38646364	1.41134858	1.44314778	1.50475514	1.65779030	1.83051240	1.89609897	1.60356557	1.46140742	1.35739768	1.34170020	1.31663811	1.26420808	1.17537367	1.02408552	0.987053514	0.912774920	0.864678085	0.839221835	0.810375333	0.806790411	0.784485102	0.758843839	0.740896106	0.734623015	0.704015732	0.696803987	0.695436120	0.667996049	0.647206604	0.624306977	0.598499954	0.575781524	0.580021441	0.593065977	0.600630283	0.600836694	0.602013052	0.610047698	0.616477966	0.616604626	0.628292203	0.629924655	0.629993558	0.619772434	0.606106579	0.569944024	0.544041097	0.533674777	0.528374970	0.528532743	0.536498785	0.508507848	0.469036162	0.472190201	0.525950670	0.583604455	0.602275968	0.591223896	0.564837337	0.638958633	0.680660486	0.684767604	0.861516714	1.09230947	1.28602052	1.38149762	1.36184144	1.29817748	1.28818738	1.16898096	1.01652026	1.01519239	1.02001715	1.08446598	1.16313946	1.34629393	1.45502436	1.53168452	1.62958527	1.77573359	1.90635455	1.92767930	1.91051400	1.80479443	1.76148212	1.77284706	1.70980597	1.67767835	1.83062327	1.95822692	2.06601000	2.15057087	2.28133154	2.42686629	2.51223969	2.54577732	2.46260834	2.37400508	2.26248789	2.23109245	2.25455379	2.27762890	2.33651948	2.36324048	2.33006287	2.25757527	2.19610906	2.13472939	2.08323741	2.05602574	2.04833221	2.00510049	1.94431210	1.95032549	2.02058387	2.03394890	1.96079361	1.97997737	1.86490405	1.79435122	1.77829516	1.66820073	1.64260197	1.71414733	1.68383181	1.75650215	1.75250006	1.68560445	1.63883364	1.52771461	1.57514787	1.37166941	1.25745833	1.24952853	1.34956431	1.38646936	1.39754736	1.45039153	1.52482235	1.56305730	1.64431381	1.69588506	1.76331055	1.86278367	1.73293447	1.47352314	1.33139479	1.25905955	1.15834546	1.05043781	0.976363599	1.01100707	1.01263034	1.00847256	1.00431395	0.990033627	0.954951048	0.935767293	0.924088240	0.925888240	0.927773178	0.935729086	0.942793429	0.933248043	0.904360831	0.897957146	0.887525380	0.875906944	0.862067699	0.848250210	0.836485803	0.813350976	0.811782420	0.820725679	0.814641178	0.806714833	0.790139973	0.778744578	0.766093254	0.744332135	0.731618345	0.720631540	0.712910116	0.712307334	0.723938227	0.749982834	0.766291380	0.788164854	0.784495175	0.767987549	0.751366019	0.748163104	0.743229568	0.752036512	0.765833020	0.816685319	0.854772806	0.858468890	0.848686695	0.863650799	0.879098594	0.893068433	0.898839831	0.897034585	0.875239074	0.870254278	0.882240772	0.921372890	1.02635241	1.20436645	1.35088944	1.35238552	1.33168101	1.32981706	1.37799394	1.50119781	1.70856237	2.03518271	2.40281105	2.81822896	3.11708260	3.17988706	3.16894102	2.98168111	2.92249012	2.47787452	2.03668737	1.69144249	1.44401693	1.44236827	1.75565362	3.05951285	5.42786598	7.61967802	8.45777130	7.66606712	6.80498028	6.19993591	5.84495449	5.67185879	5.59569502	5.45631933	5.32025814	5.21722841	5.16590595	5.16012859	5.14132309	5.03240728	4.92778540	4.77739716	4.67945576	4.67515945	4.76477289	4.98302984	5.39633036	5.87224245	6.26442909	6.44804096	6.48614788	6.31263590	5.53653431	4.77623701	4.30369043	4.02749395	3.87909627	3.72274160	3.54664302	3.37641096	3.25562000	3.17546129	3.14058113	3.17076945	3.21997476	3.32584572	3.44466782
63.0000000	3.96175432	4.11891794	4.30625296	4.55629873	4.79948092	4.96006584	5.20151615	5.25065041	5.15132427	4.45707846	3.77586102	3.54475021	3.26802421	2.70686555	2.44073009	2.40589118	2.50046587	2.54529834	2.51488566	2.34137654	2.26798630	2.24276662	2.20245242	2.22471738	2.31592655	2.34880710	2.31650591	2.37687325	2.44295502	2.49899101	2.52541971	2.52741623	2.45689106	2.35602641	2.25959516	2.25681472	2.29388237	2.26824856	2.18833089	2.10873199	2.06766367	2.04740143	2.07740474	2.14011574	2.21119952	2.20671129	2.15323281	2.10928679	2.07753444	2.05242229	2.02480173	1.99937224	1.99227440	1.97068155	1.92453849	1.92789948	1.97927868	2.00357318	1.96433353	1.80863059	1.61187851	1.47446930	1.42471290	1.39742923	1.43540883	1.44554889	1.45099831	1.44162202	1.44099164	1.43933332	1.43111217	1.43490493	1.44043767	1.45098734	1.45304525	1.44759536	1.43862176	1.43105698	1.43328285	1.45219076	1.47249436	1.46345186	1.43268442	1.41930473	1.41834319	1.40909111	1.41313362	1.43680763	1.53735471	1.69133747	1.82565093	1.69644690	1.57586741	1.43179762	1.29347301	1.24496198	1.20584047	1.15916550	1.04645264	0.974819422	0.938187122	0.913237333	0.868165433	0.836936831	0.812527537	0.794528484	0.769048214	0.755708158	0.756556094	0.751450837	0.743502498	0.738726914	0.740368843	0.721654713	0.697466016	0.657069206	0.637366951	0.646908820	0.662066460	0.665162206	0.642996669	0.644088864	0.637732327	0.618957341	0.606925786	0.599791169	0.597616136	0.585842490	0.563948214	0.535528898	0.510509133	0.494720161	0.492672533	0.491689235	0.501960218	0.530254006	0.549302936	0.538867176	0.524485946	0.533535838	0.580871761	0.620614409	0.648516357	0.685728371	0.703391135	0.784992576	0.892933965	0.953882217	1.08894074	1.30910361	1.46949887	1.45525885	1.42963290	1.40383565	1.26014137	1.20654154	1.19463086	1.32521129	1.61133099	1.97737420	2.26497078	2.25150633	2.14337468	2.11127090	2.08311653	2.03277040	1.89306486	1.68039978	1.53153026	1.43392467	1.50805712	1.69787908	1.99162245	2.28049588	2.52374983	2.54073143	2.81120348	2.81308270	2.96850872	3.02351928	2.94246340	2.76376295	2.62162805	2.52100611	2.45471621	2.42375660	2.41450810	2.40780067	2.37326241	2.33290553	2.29677391	2.27159524	2.21592116	2.15017223	2.05992699	1.99598122	1.95280898	1.91625023	2.03667283	2.16469860	2.17782331	2.07107162	1.96270943	1.93555307	1.83774376	1.84480119	1.79478085	1.73300934	2.00436831	2.28070116	2.31691456	2.17318702	1.97889495	1.83917654	1.77332246	1.79897535	1.59152591	1.41286576	1.23982215	1.16948569	1.17247522	1.22995710	1.36302328	1.48112488	1.71203446	1.74775743	1.83660078	1.93906999	2.04387569	2.07132602	1.88477838	1.61981750	1.42834902	1.23255181	1.10781991	0.992810488	0.998734295	0.980314314	0.956621408	0.942167938	0.930580616	0.921360970	0.930319726	0.925432444	0.923992634	0.934621215	0.952873290	0.971983016	0.978397310	0.952732146	0.943079889	0.953106165	0.950468242	0.939221263	0.926827848	0.905808687	0.905303061	0.881760478	0.868368626	0.866606295	0.858045876	0.828878820	0.806453526	0.794854939	0.778259277	0.764426112	0.755186677	0.753069341	0.774962127	0.812628448	0.866038620	0.877041042	0.889459670	0.912617862	0.930774987	0.919461250	0.917489231	0.872676015	0.881213903	0.905151904	0.923925042	0.940660536	0.946530879	0.933042288	0.926016450	0.939716816	0.967722952	1.00919020	1.03013778	1.02973855	0.996672869	1.02503955	1.05921519	1.08577681	1.17502487	1.32969713	1.38757157	1.40606225	1.43952405	1.57095158	1.76595223	2.03547621	2.45747781	2.98367453	3.49096012	3.83424187	3.91103625	3.86112714	3.80662823	3.65648961	3.43615413	3.19964194	2.64918923	2.13460064	1.97628832	2.53760481	4.45105839	6.44831610	7.72378588	7.88442278	7.22555065	6.55813217	6.03257990	5.68258047	5.42420244	5.22249842	5.07752514	4.98721409	4.97513437	5.00519228	5.10931015	5.16964102	5.15861797	5.11247587	5.06891012	5.03674412	5.04351377	5.08039188	5.20245504	5.46064425	5.86367512	5.97188616	5.89522600	5.77042818	5.45017767	5.01654768	4.77594709	4.59756804	4.44344139	4.29747152	4.11712980	3.93822742	3.76517749	3.61732125	3.50441837	3.44289660	3.47612643	3.55129576	3.68018436	3.81803393
62.0000000	4.35838938	4.45398617	4.69425297	5.01503181	5.56593990	6.25907850	8.31356716	7.79167891	5.70542240	3.61421704	2.88744378	2.55698657	2.53817558	2.50629234	2.48943710	2.51957583	2.45806742	2.32347775	2.15731883	2.07818913	2.09492230	2.23402619	2.37474799	2.40572214	2.40626526	2.38362622	2.38911581	2.41383386	2.42321301	2.43135190	2.48948860	2.58519530	2.59191060	2.51005530	2.35319901	2.27296495	2.36807609	2.40315676	2.33599639	2.25363421	2.20658159	2.15678859	2.10357356	2.10395765	2.16036558	2.18433332	2.18478394	2.19404197	2.10155487	2.05475378	2.05048728	2.05110121	2.04127431	2.01362085	1.98164630	1.98439443	2.04458618	2.06725240	1.98670375	1.84891641	1.63382721	1.52401984	1.46943259	1.46759224	1.50637531	1.50908661	1.48571825	1.46649349	1.48881137	1.48162365	1.48045659	1.47415769	1.47511506	1.47605371	1.47553921	1.47473538	1.46711206	1.47081828	1.47117913	1.46818900	1.46470356	1.46095872	1.45780647	1.46441591	1.46766508	1.46112168	1.45803463	1.48083472	1.51409316	1.54473853	1.67013085	1.67822015	1.65078461	1.54934049	1.38601279	1.27057076	1.19348681	1.10040033	1.03113127	0.984878659	0.954337180	0.951169908	0.923913062	0.901815474	0.871443212	0.835933268	0.806990981	0.802493095	0.801956117	0.827255726	0.822258890	0.815506756	0.812416911	0.798945248	0.778934360	0.746440768	0.731256843	0.742033005	0.776239634	0.779984355	0.758553505	0.747534335	0.709192276	0.668617725	0.643629193	0.636424363	0.637632787	0.622924030	0.592344820	0.554289043	0.537165582	0.529626191	0.516189396	0.510882378	0.521097958	0.551099479	0.578357041	0.580432773	0.582703412	0.571318984	0.578755558	0.607494414	0.690432906	0.818162084	0.909094930	1.02616131	1.15836608	1.22957909	1.18154442	1.27450871	1.37720788	1.44378448	1.44857585	1.46168280	1.48839903	1.74329472	2.28024554	2.48927593	2.47898722	2.30916429	2.15644360	2.06895733	2.24883580	2.04714584	1.92621112	1.88497221	1.71743894	1.52427411	1.46125460	1.64225113	1.97195697	2.53637052	3.28751850	3.80480886	3.95592523	3.80175090	3.52412701	3.35199642	3.24538183	3.17461634	3.09207320	2.94288349	2.81827021	2.70928264	2.63906026	2.59424257	2.56350946	2.51464152	2.44987392	2.40595293	2.38582778	2.39123440	2.37104058	2.31904531	2.25222516	2.16601944	2.12031674	2.11121702	2.11632419	2.16093922	2.16720986	2.16844797	2.16729021	2.19789362	2.26381016	2.28741956	2.36769414	2.34868217	2.52163768	2.53123403	2.47638726	2.73575258	2.83635998	2.83874702	2.68684363	2.63348532	3.13188696	2.76696992	2.29661012	1.83898044	1.77490091	1.68365788	1.58355653	1.57552481	1.70730472	1.87377620	2.03331685	2.05299592	2.08737898	2.06608677	2.05745959	2.10506392	1.83251035	1.51500463	1.29677761	1.17565203	1.07674015	1.03339696	1.01310301	0.977919936	0.989445388	0.965766072	0.944490850	0.960828722	0.976397574	0.993799865	1.01103425	1.03262067	1.04845977	1.06645703	1.06203973	1.04967475	1.03062141	1.01993227	1.00985575	0.993790686	0.982151806	0.969811618	0.959353507	0.944155872	0.922923028	0.891875744	0.865197480	0.845442653	0.830119967	0.816425502	0.817713916	0.845251620	0.872102976	0.889688134	0.916280091	0.931867838	0.946334541	0.960832059	0.973356903	0.992221773	0.982900679	0.972784936	0.976620138	0.986518621	0.976448119	0.986079514	1.03089821	1.05344784	1.00993109	0.951478720	0.965400338	1.01439238	1.02543807	1.04177237	1.04949117	1.08234501	1.11218429	1.19897449	1.25923967	1.35386467	1.42493939	1.49084127	1.60824764	1.78191996	1.99144590	2.30085349	2.77263784	3.26967168	3.78945613	4.17426300	4.34470987	4.40634346	4.34821558	4.23243999	4.05947876	3.91635752	3.63225341	3.46210289	3.46443725	3.93643022	6.11836004	8.25809574	8.49971294	7.60466003	6.65521431	5.94473934	5.46691942	5.13945913	4.98153734	4.83788967	4.72376013	4.71108055	4.82107687	4.96714115	5.08094692	5.10799026	5.08492470	5.06470156	5.09073591	5.16687775	5.24262094	5.29528618	5.32486582	5.35622835	5.39329576	5.37512064	5.32606792	5.21897554	5.09024477	4.95788765	4.89391613	4.84166241	4.76525688	4.67990017	4.53929806	4.38965940	4.18762493	3.95680690	3.88106108	3.93649364	3.92830443	4.02327728	4.15476084	4.25161457
61.0000000	4.43715906	4.46637821	4.68754053	5.09792852	5.68557549	6.58997154	9.56675529	8.04647541	5.63981152	3.58283639	3.49012637	3.39854622	3.30950952	3.10363197	2.86372876	2.72614741	2.46673083	2.18070674	1.99043894	1.93643546	1.99528158	2.19014668	2.40314078	2.50082517	2.49631095	2.48713779	2.47381067	2.47161603	2.46615887	2.45010066	2.41552305	2.40900397	2.50582194	2.60199189	2.54826593	2.35718894	2.36307144	2.40746427	2.39121771	2.35320878	2.31554794	2.23793173	2.18272257	2.18520904	2.17049885	2.16439652	2.15207601	2.14029884	2.11866093	2.10764313	2.09371829	2.09973288	2.07614040	2.04131079	1.99790061	2.01969981	2.10796404	2.13660669	2.02361345	1.81931269	1.64084578	1.55614889	1.46617889	1.48149383	1.52667820	1.52581489	1.49596763	1.47007084	1.46718872	1.48421454	1.49432874	1.49413085	1.49328053	1.48955989	1.48453701	1.46923018	1.46324968	1.48078847	1.48395252	1.47190058	1.46344197	1.46949697	1.47596467	1.48429906	1.48947024	1.48104846	1.47051549	1.48039663	1.51109707	1.54882538	1.61401236	1.66455710	1.58608699	1.52379811	1.40290010	1.26062310	1.17878568	1.11294544	1.04774332	0.974870265	0.964664757	0.983469129	0.986498892	0.970903635	0.948199272	0.891256750	0.845638394	0.852166593	0.876499355	0.912427306	0.932818472	0.943921506	0.944755316	0.945314348	0.923736274	0.902623534	0.857250631	0.840899885	0.841755271	0.835099578	0.814655125	0.821481407	0.803297520	0.750404000	0.713041246	0.704749286	0.684386611	0.661356688	0.637317300	0.607319236	0.622456729	0.622615874	0.621455789	0.623202503	0.635161400	0.653835714	0.670419216	0.675423741	0.673156023	0.725264966	0.783934653	0.803896129	0.971325517	1.05330968	1.27552354	1.59838641	1.53365839	1.45238578	1.40045452	1.36088037	1.40675044	1.39883983	1.51431561	1.65200841	2.15142059	3.11394525	3.16439223	2.65661049	2.21851230	1.87412608	1.72332299	1.84602594	1.97047567	2.04339027	2.06670094	2.19164038	2.19501591	2.18216228	2.43135810	2.84210730	3.17581987	3.94245243	4.81377506	4.89547634	4.55042124	4.07244205	3.80370259	3.56587315	3.38946939	3.25777459	3.14972329	3.02765775	2.93062425	2.84475684	2.78335977	2.73103309	2.67480421	2.60128856	2.54053617	2.49875474	2.48249769	2.49923968	2.51723766	2.51171088	2.44677329	2.35959435	2.29215145	2.23398566	2.18457150	2.11885095	2.25360894	2.32989264	2.45031118	2.46672940	2.67983866	2.96986747	3.65497231	4.31201839	4.49409294	3.87995982	3.23910356	4.68975782	6.65205050	7.11081266	7.25822353	7.04774094	6.95165920	6.93407393	6.17162323	5.36800957	4.27073336	3.35130620	2.52798319	2.09259915	1.98675251	2.02501750	2.31234336	2.39806747	2.41115284	2.27042580	2.18878269	2.20506525	2.17393017	1.91769028	1.64174473	1.43620300	1.26255333	1.14127147	1.13206828	1.08757401	1.07012331	1.02271891	1.01540911	1.01964974	1.04710054	1.07413352	1.09901798	1.11627829	1.12367380	1.13204455	1.14978945	1.14896357	1.12916636	1.10813046	1.09329760	1.07950306	1.07628465	1.06432819	1.04010284	1.01321268	0.982899070	0.947254956	0.922529519	0.900326073	0.875520825	0.861539841	0.891465962	0.900422275	0.902921259	0.915504873	0.931504250	0.945277810	0.956076384	0.964550912	0.972402871	0.984369814	0.995670080	1.00071371	1.00367486	1.01618576	1.04208314	1.07279396	1.09493566	1.10593832	1.07813001	0.991813242	0.950546920	0.954964042	0.990938842	1.04562700	1.07497120	1.16743684	1.23598909	1.29942858	1.37105978	1.48353374	1.56929350	1.64666784	1.74387252	1.92507577	2.18042994	2.52297044	2.93718147	3.44600177	4.00635481	4.46925640	4.66755581	4.80168962	4.84572983	4.84672117	4.90103531	4.89804840	4.77071238	4.92876196	4.95819950	5.12802172	6.84038925	7.80929804	7.67338896	6.85143042	6.06178522	5.52857542	5.20965052	4.98771143	4.83048773	4.75057125	4.72223902	4.75578499	4.87438297	5.00513983	5.10485935	5.09626579	5.07885695	5.08321428	5.14482641	5.23157549	5.32877207	5.40334368	5.43502092	5.42690897	5.40410137	5.35260677	5.28584146	5.19796658	5.11836338	5.03795147	4.99433613	4.94272804	4.87400818	4.79203272	4.69621801	4.61445141	4.52824640	4.44809961	4.39493942	4.38403082	4.37827730	4.37719059	4.41870880	4.41123009
60.0000000	4.24745941	4.24833488	4.41731453	4.85400534	5.44126749	6.19154882	9.42863274	8.35995674	5.94320297	4.27365112	3.58547974	3.37934971	3.11806321	2.94131112	2.81960654	2.67891431	2.39409161	2.13197613	1.95245814	1.87298989	1.92360401	2.09369707	2.24037528	2.33819222	2.38278389	2.34302163	2.30151391	2.29560208	2.32826638	2.36387777	2.33247256	2.36656237	2.41733527	2.52620792	2.63862348	2.55141187	2.37717557	2.33001208	2.34449339	2.35809255	2.38542962	2.32525754	2.29343963	2.27500796	2.25719953	2.21964169	2.20637679	2.19009066	2.17203450	2.16044974	2.14773107	2.14522171	2.13061666	2.07374787	2.02645898	2.03376341	2.16475391	2.18925858	2.08468628	1.82003248	1.61625874	1.49926448	1.42310703	1.43973196	1.48129201	1.48340917	1.48499680	1.49697411	1.50880551	1.53820395	1.57894194	1.58838558	1.57418454	1.55670178	1.52956188	1.50388885	1.47528636	1.44881356	1.42675197	1.42828691	1.45744538	1.46656823	1.46356821	1.46537316	1.45192647	1.43251371	1.42426801	1.43224418	1.45841074	1.52692568	1.62344682	1.83102012	1.77489483	1.58734345	1.33959222	1.22114408	1.16391647	1.08700192	1.03528643	0.991359472	1.01517332	1.03075123	1.03971064	1.05482173	1.07099319	1.03970075	0.958702087	0.935013533	0.946449935	0.972661316	1.00571167	1.07084906	1.16108072	1.25049627	1.31468654	1.21935916	0.949877799	0.803077519	0.794310749	0.827618420	0.845643580	0.889045000	0.907282114	0.852992177	0.824160576	0.803198993	0.777214408	0.734938681	0.710402668	0.706489086	0.726752579	0.750516117	0.765784740	0.765541911	0.775490940	0.813332021	0.853236198	0.850434721	0.819285572	0.889117599	1.10186589	1.33290565	1.37005091	1.22198093	1.29185116	1.49122798	1.50545645	1.53197646	1.50148392	1.48222542	1.50172424	1.51846218	1.75660300	2.20502448	2.79351974	2.67606640	2.36658144	2.00874710	1.73351943	1.57140028	1.55196679	1.75146914	2.28002810	3.03593278	3.36993456	3.38503957	3.23234296	3.20182443	3.08915424	3.06756639	3.26233792	3.66573381	3.90209770	4.01355600	3.99769235	3.83158183	3.66141295	3.50811958	3.37899256	3.28706717	3.18935323	3.08960366	3.00724816	2.94532609	2.91069078	2.87918496	2.82582903	2.75540543	2.68831873	2.62471199	2.58943653	2.60822105	2.62941933	2.68376684	2.67926002	2.65964222	2.63347197	2.54793572	2.57510376	2.84531999	3.36153340	3.34362316	3.08174467	2.94393969	3.07911205	3.54188800	4.44184446	5.01380205	4.89738989	4.96667814	6.16870165	6.46532440	6.55592680	6.42234612	6.34420156	6.36146927	6.79551840	7.31430721	8.28435326	9.17308235	8.94680595	7.63273001	5.83399296	4.30609894	3.49748135	3.00453377	2.72144198	2.61052728	2.52762556	2.49035358	2.22380376	2.06561422	1.94186032	1.83306444	1.76804733	1.66537118	1.40866995	1.29034746	1.21164513	1.19009244	1.14876115	1.12676251	1.12891793	1.10312927	1.17006886	1.18628156	1.12915957	1.12012577	1.11989510	1.16904688	1.17905581	1.21292174	1.22106743	1.20000947	1.17248404	1.16943574	1.15481281	1.13879812	1.11795402	1.08837664	1.03905344	1.02958536	1.00609410	0.971357822	0.932985663	0.915910423	0.933467805	0.924118102	0.919852614	0.928942263	0.947133422	0.962803602	0.970473647	0.972364187	0.978378892	0.989366174	0.991087377	0.987101376	0.997130752	1.02552295	1.06038129	1.09788620	1.11625624	1.10474062	1.08454609	1.03916001	1.01340091	0.998175919	0.992888153	1.03138494	1.06531465	1.16589284	1.26828122	1.39171338	1.54487729	1.66344178	1.66464806	1.70578897	1.79473293	1.98902667	2.24054503	2.60391450	3.05884194	3.56714630	4.14998865	4.59719181	4.81307554	5.01500654	5.16163588	5.26197004	5.37114429	5.36254263	5.33072948	5.35839081	5.51320171	5.62183237	6.48117924	6.59083939	6.33307171	5.94727659	5.59770393	5.37397289	5.17979431	5.08376741	5.00519753	4.95606661	4.95963812	5.00726223	5.11921740	5.22572184	5.30407429	5.30113316	5.28785753	5.29143953	5.32474613	5.34791517	5.37241793	5.40213728	5.40483236	5.39792252	5.39919233	5.37083721	5.31006765	5.20227909	5.10560513	5.02722597	5.00579023	4.99002695	4.96769762	4.93145990	4.88247108	4.86731720	4.86445141	4.83605766	4.75818777	4.60068750	4.44658375	4.33417034	4.20505905	4.20546627
59.0000000	3.83127737	3.91992474	4.05714560	4.34853840	4.77567148	5.30166960	7.35989857	7.70572376	6.15618229	4.35746956	3.26100564	3.10278678	2.89184451	2.69162965	2.59596682	2.50995445	2.23911667	1.98484457	1.83831930	1.82824111	1.92239356	2.03518271	2.13098598	2.21554422	2.29086208	2.31713820	2.31400275	2.30719686	2.36776280	2.37405992	2.36494398	2.35350323	2.38715005	2.48540807	2.55235124	2.46629167	2.32144380	2.26674008	2.30452394	2.34050035	2.31373000	2.30666375	2.30171156	2.30889010	2.31050658	2.30617976	2.29375482	2.28096390	2.26402211	2.23418331	2.21110034	2.19755125	2.15338111	2.09735560	2.04205370	2.04800320	2.16640282	2.20496798	2.08680964	1.83228040	1.63236165	1.47871125	1.41028941	1.42632520	1.48577762	1.50734055	1.50574398	1.51492250	1.53947783	1.56764650	1.58746171	1.58054531	1.56751144	1.55150127	1.52830160	1.48846388	1.44631052	1.41576707	1.39009392	1.36421788	1.35729098	1.37416804	1.40716028	1.43262351	1.43400788	1.44043779	1.44142163	1.44219744	1.45421541	1.48265278	1.53164268	1.65787292	1.78391612	1.73237133	1.47065592	1.28465176	1.18848658	1.11360252	1.05956709	1.06199646	1.05872428	1.04733169	1.08628142	1.15654457	1.21506310	1.16533923	1.05068839	1.03389013	1.07681870	1.12882173	1.17796469	1.21017230	1.33498716	1.52399790	1.50410926	1.18564713	0.980654657	0.913199365	0.899704158	0.870376050	0.913228810	1.00737083	1.05111027	1.03029633	0.951031744	0.951829910	0.980808616	0.977722108	0.966517389	0.920809925	0.852814853	0.896021545	0.950988710	0.978876531	0.962610662	0.941886902	0.937386870	0.949030459	1.03406155	1.16697979	1.61164093	1.70294738	1.65975785	1.45413697	1.38262379	1.41762221	1.49140429	1.56450284	1.62583315	1.61754572	1.54029262	1.58944833	1.84025025	2.11957502	2.26809287	2.22588778	2.04867196	1.78043282	1.57017839	1.49739707	1.64190948	2.21985579	3.36416936	3.90804315	4.17602825	3.70026493	3.44122100	3.34678817	3.33141208	3.36619139	3.46053529	3.58435559	3.61678576	3.60425639	3.56154418	3.49622655	3.41596198	3.33296180	3.26860976	3.21510649	3.15358114	3.10053301	3.05787253	3.02769041	3.00829029	2.99545383	2.96722913	2.91317725	2.84086609	2.76318407	2.70636892	2.70289063	2.71757364	2.74154019	2.76215625	2.80428195	2.85248828	2.89060950	3.11704779	3.57783866	4.00110483	3.75520253	3.17813110	2.80279469	2.79841018	3.42594409	4.18081474	4.53220606	4.63379955	4.86072874	4.95098114	4.85933113	4.68884802	4.52050591	4.35800886	4.33236933	4.46335220	4.72316599	5.20931816	5.94745302	6.89297438	7.64876318	8.19677067	8.61965847	8.40029049	7.40396452	5.72296524	3.79335070	2.97522831	2.76230288	2.45787168	2.15263104	1.89679837	1.86436665	1.83029354	1.73709893	1.55675280	1.43982923	1.34810317	1.29975891	1.22024083	1.16298628	1.12546146	1.14751375	1.15020609	1.10755134	1.06468987	1.09774756	1.13188410	1.16711378	1.17327166	1.24520314	1.30009818	1.29501903	1.25566149	1.26786351	1.23959720	1.19884157	1.16780400	1.13910007	1.10880959	1.09200490	1.06468701	1.02600884	0.985477865	0.973669112	0.990998089	0.976631939	0.956367433	0.956512451	0.970540285	0.993261099	1.00912428	1.01201928	1.01731348	1.02319717	1.01342821	1.00577140	1.02221215	1.06028914	1.10687268	1.14683962	1.16199458	1.15109575	1.13112354	1.10982561	1.09656572	1.08151937	1.08447421	1.09261394	1.10635388	1.16480744	1.26116705	1.45514083	1.71988833	1.86114144	1.74918771	1.71900058	1.77388012	1.93930042	2.20412755	2.56798673	2.98743749	3.48196507	3.98754501	4.41097069	4.64581060	4.85592031	5.03190470	5.19841957	5.35386801	5.46923065	5.56668615	5.67885780	5.80463648	5.93016958	5.95805311	5.86532259	5.70041513	5.57157707	5.42121696	5.33585978	5.23102760	5.15722370	5.13939667	5.15249157	5.18376875	5.22596931	5.27915621	5.31767368	5.34973764	5.35799551	5.34608030	5.33806276	5.33333588	5.32011080	5.31421757	5.32468843	5.34919119	5.38644648	5.41582489	5.41521072	5.36649942	5.26708984	5.14363432	5.02625036	5.00455475	5.01873732	5.05382395	5.06848192	5.06274557	5.04499960	5.03982544	4.95507812	4.80126429	4.52477360	4.02426577	3.54757357	3.62019634	3.73836684
58.0000000	3.26843262	3.48436666	3.64054585	3.78765917	3.95739436	4.24335432	4.67797709	4.60598373	4.12102652	3.40656686	2.83416533	2.78025603	2.91740823	2.89611602	2.64756274	2.35193300	2.05120420	1.80093086	1.72210598	1.81475866	1.96182775	2.10265040	2.19499421	2.24191976	2.33563185	2.40136337	2.36284947	2.33567929	2.34027171	2.38325310	2.28682637	2.32910848	2.42359138	2.49790406	2.42045283	2.34793282	2.25151253	2.20947671	2.18990207	2.21305561	2.21261835	2.21837306	2.24474335	2.25036669	2.24629354	2.22670674	2.22399592	2.24567866	2.24801564	2.24033809	2.20743370	2.22830153	2.20857430	2.16603565	2.12765265	2.10894704	2.14195442	2.14713764	2.05724382	1.83792531	1.64202619	1.51206231	1.43289781	1.43078601	1.47399509	1.47586405	1.46660280	1.48378682	1.51344025	1.55124831	1.57312775	1.56091797	1.54757428	1.52634180	1.49880695	1.47082531	1.44298983	1.41871619	1.38865244	1.36030090	1.33837032	1.33164871	1.33860588	1.37332010	1.45388842	1.49502087	1.51238513	1.49853957	1.47098339	1.43442893	1.41920328	1.43108618	1.42973924	1.44687378	1.44583249	1.39111805	1.31288493	1.19712853	1.18891394	1.17454576	1.16269732	1.13997912	1.13270128	1.20694435	1.24174380	1.16643834	1.13047612	1.18073905	1.25289595	1.34591544	1.43739247	1.41921782	1.48865676	1.39255297	1.25558186	1.16625893	1.12855852	1.04570544	0.955304027	0.982880354	0.910132825	1.00125349	0.961403906	0.892636955	0.866181433	0.922709644	0.907745183	0.855709672	0.868609607	0.876769006	0.891493618	0.907848179	1.02948260	1.02108669	1.01402688	1.00682807	1.00673902	1.02280903	1.11244857	1.44147193	1.95431507	1.83348942	1.62919712	1.50095475	1.46500492	1.48635495	1.54550624	1.63356555	1.71743298	1.79445004	1.83990753	1.89114368	1.94745171	1.99154007	1.98385704	1.94617236	1.78842282	1.54405618	1.37830377	1.51689065	2.04797959	3.12772512	3.88617325	4.27461576	4.07370710	3.58210158	3.47246766	3.40650654	3.38643742	3.36238837	3.36324120	3.34256530	3.31707668	3.29502034	3.28174996	3.24805021	3.20375347	3.16599655	3.15412164	3.14744902	3.14259958	3.12974572	3.10655069	3.07976079	3.05215573	3.02984834	3.01790452	2.98265028	2.93024445	2.86426377	2.80464721	2.77206087	2.76471996	2.77719712	2.79591298	2.81783319	2.85080409	2.89794040	2.96321273	2.99473739	2.97731686	2.87985396	2.78065276	2.94574356	3.56907988	4.08132887	4.18929005	4.25385523	3.94977689	3.62011957	3.39789438	3.36450124	3.34473658	3.43101168	3.51337981	3.55839396	3.65168118	3.77159381	3.94557714	4.18810129	4.50121880	5.06203842	5.78741264	6.45853758	7.06168795	6.98464394	7.54652739	6.86901331	4.91969872	3.50032783	3.04171467	3.03606796	2.87687755	2.55012131	2.29752398	2.19175482	1.77908432	1.48731685	1.41301715	1.42343712	1.38715959	1.27819264	1.20401657	1.18799210	1.16013205	1.12369466	1.15730035	1.21383834	1.17696154	1.21380067	1.29788101	1.33187556	1.34319401	1.32217705	1.30453575	1.29319632	1.23677349	1.21684432	1.20868337	1.19644189	1.16602850	1.13743973	1.11690736	1.08531117	1.05686295	1.04242837	1.01898849	1.02259779	1.02798522	1.02467275	1.02450168	1.03135586	1.04403293	1.04894316	1.04960454	1.05409241	1.04860103	1.05396843	1.07555389	1.11055994	1.16116679	1.23250532	1.30258501	1.37186980	1.34008908	1.25794280	1.20249152	1.18642747	1.20351148	1.21850049	1.23194349	1.27177262	1.33401000	1.50963545	1.70314455	1.74184310	1.58951247	1.69661605	1.80988753	1.92113090	2.11023140	2.43934679	2.83362675	3.25694132	3.70859003	4.19015408	4.46659136	4.64977264	4.77637100	4.89114714	5.01310253	5.13940763	5.25223589	5.36946917	5.46171331	5.51323175	5.52938604	5.51019192	5.45210266	5.38903570	5.33314371	5.27530241	5.25279236	5.24817705	5.26536560	5.29867697	5.31472492	5.31859398	5.33156729	5.33794594	5.30940676	5.28252983	5.24752378	5.21631002	5.18811178	5.18759298	5.25078249	5.32594585	5.39037132	5.43404913	5.46591949	5.45929050	5.42419243	5.33279991	5.21492434	5.08580828	5.02235317	5.00898886	5.04703617	5.07323885	5.08910227	5.10653257	5.17687178	5.14878368	5.27849913	4.66615868	3.58117008	2.98662114	2.85295868	2.99335384
57.0000000	2.79618788	3.09856105	3.27794623	3.37904096	3.41436887	3.45622540	3.53614855	3.56524706	3.40202832	3.02147436	2.74220920	2.64776945	2.78530049	2.93328118	2.75697780	2.43535018	2.00298500	1.75869906	1.75699675	1.92356312	2.10583830	2.21574187	2.25968218	2.24026179	2.27808285	2.42264986	2.40142345	2.28031135	2.26573825	2.30154085	2.27425694	2.39729095	2.52482343	2.44025540	2.34504962	2.25336480	2.18712568	2.12768745	2.11305666	2.12652135	2.10987091	2.10897517	2.12040877	2.13209224	2.17977786	2.17834091	2.19430900	2.18944097	2.18769479	2.17675591	2.18744016	2.23807979	2.24661064	2.23724198	2.21552825	2.20649028	2.22230029	2.14780426	2.04734087	1.82022560	1.59029043	1.46430290	1.38549209	1.38190174	1.41712439	1.41469252	1.39063609	1.39436781	1.41434979	1.44499135	1.48009861	1.47596157	1.45706522	1.44364750	1.45572615	1.45045483	1.40525210	1.38553810	1.37097585	1.36772728	1.35120404	1.33067870	1.32344151	1.34270668	1.38859963	1.46624875	1.46590948	1.48076820	1.44365096	1.36175954	1.33495843	1.38245451	1.38017833	1.33752584	1.34007800	1.27419496	1.26575291	1.24102294	1.25855815	1.27464032	1.25135303	1.19477725	1.17501092	1.16952217	1.23633623	1.22526503	1.22333515	1.31029093	1.48216176	1.73507726	1.78391683	1.47404230	1.28365254	1.18712783	1.02869630	0.974799573	0.934455335	0.875091851	0.744550288	0.717608631	0.694614828	0.649325788	0.667250812	0.712498128	0.742588043	0.737474084	0.686637938	0.687369049	0.687856913	0.730947554	0.802839160	0.848784089	0.935106039	1.08616781	1.12509465	1.06861091	1.07129824	1.20969009	1.47406960	1.64343131	1.56109262	1.51287508	1.48775721	1.49319851	1.52035260	1.58771551	1.65695620	1.73983777	1.82120764	1.90628111	1.96720815	2.01709676	2.03533912	2.01220131	1.92525828	1.80897748	1.60976577	1.43318295	1.46494472	1.74626994	2.62220669	3.58337855	4.45749950	4.51287985	4.02304173	3.59132123	3.43134737	3.37276721	3.32909846	3.28315663	3.24628234	3.21158576	3.19273686	3.19991207	3.21509838	3.20817566	3.18644500	3.16964340	3.16658306	3.16333604	3.16000032	3.14463854	3.13069630	3.11218667	3.07932115	3.05075288	3.04850316	3.02549362	2.98984027	2.95843410	2.93306732	2.87901354	2.86168909	2.86102939	2.84743905	2.80867434	2.77903152	2.74710965	2.70775104	2.75303531	2.80649090	2.90151501	3.18944335	3.56633353	3.70660567	3.88127160	4.10303688	3.81799030	3.41506910	3.14877248	3.01537228	3.01115632	3.03318834	3.07952094	3.16431189	3.26593471	3.37533164	3.47741604	3.55118775	3.61664963	3.74545479	3.94006562	4.37059498	4.92497492	5.54053211	6.19191599	6.90706205	8.40820980	8.44088650	6.73108816	5.03037119	4.45700502	3.88808656	3.37353969	2.80650735	2.46401477	2.14696217	1.72834933	1.53879213	1.54008722	1.49486780	1.40727389	1.34104097	1.32502317	1.31894541	1.23677802	1.23714316	1.18347168	1.18345070	1.25298464	1.27802217	1.28659773	1.30963933	1.29774630	1.27763391	1.25695777	1.24479496	1.23645151	1.22649598	1.22132802	1.20029402	1.17928112	1.15937614	1.13274443	1.10554850	1.09218347	1.07553637	1.07685602	1.10152578	1.10828602	1.09310758	1.08343303	1.08721936	1.08573830	1.08998132	1.09398556	1.10106373	1.11534858	1.13523114	1.16143823	1.20381379	1.26407456	1.35314322	1.48979211	1.54943466	1.43934417	1.34637392	1.30008507	1.29097664	1.31747687	1.36124027	1.37984776	1.43671083	1.52751899	1.62990773	1.64640415	1.55943346	1.68385184	1.83283877	1.93133485	2.08814883	2.35246086	2.67232084	3.04069996	3.42283821	3.84514809	4.21303558	4.47533369	4.63847780	4.74432325	4.82418728	4.89259338	4.96622419	5.01940250	5.05010033	5.08691931	5.09976959	5.09818363	5.09825706	5.10096693	5.12663841	5.16705656	5.21282053	5.26448107	5.30941439	5.33863735	5.33874655	5.35262823	5.33564711	5.28883982	5.22388887	5.18057346	5.14034128	5.09576464	5.07771921	5.10143328	5.16478729	5.23794413	5.30134296	5.34755802	5.36719084	5.36479664	5.32536316	5.25174332	5.13666058	5.00806189	4.94764090	4.94973946	4.98439455	5.02328968	5.05611372	5.10167122	5.19512606	5.39259195	5.73694277	5.63158369	4.13773727	3.02545595	2.46062255	2.58254957
56.0000000	2.56132817	2.85694027	3.06696749	3.17166328	3.17433310	3.16914845	3.20131803	3.28562617	3.19312835	3.12038994	2.83355904	2.56777954	2.47130418	2.39649034	2.29327655	2.10997367	1.93851268	1.85459065	1.89609551	2.03055072	2.20029497	2.37274027	2.48494911	2.33887863	2.22530174	2.24259567	2.28555083	2.27736044	2.27604222	2.30070162	2.30187297	2.40977001	2.46106219	2.43488169	2.32915568	2.26308823	2.16900802	2.08722639	2.05633402	2.05689263	2.06376910	2.06236434	2.07927132	2.11041737	2.10896301	2.10553455	2.12352490	2.15706229	2.14942765	2.15737820	2.18205309	2.17000222	2.13549995	2.11314154	2.11697769	2.13974071	2.18297672	2.17224646	1.99171865	1.79806852	1.55791759	1.37835085	1.31209385	1.30664766	1.35489249	1.36377072	1.33819020	1.33583736	1.33415365	1.35462511	1.35856807	1.33484650	1.31012988	1.28937471	1.26752245	1.25526679	1.24673998	1.25008333	1.27317178	1.29819643	1.31841123	1.33162069	1.34253907	1.34059596	1.38602757	1.46994650	1.51929438	1.48697424	1.35677910	1.25977314	1.25022125	1.42313445	1.44006908	1.28560185	1.22620022	1.17008710	1.19751298	1.20513058	1.19934118	1.19773734	1.19360650	1.16755569	1.13209939	1.21192980	1.25787139	1.25048828	1.17799747	1.20256579	1.39544094	1.62503541	1.48330748	1.14259148	0.927723289	0.816916764	0.689205468	0.629610956	0.641968429	0.633524477	0.594744027	0.568580389	0.578905046	0.587660611	0.597651005	0.615254641	0.638358831	0.641413033	0.625016987	0.599363327	0.584959209	0.603958189	0.698819697	0.706326902	0.747814834	0.881850123	1.05613339	1.13254869	1.17612183	1.38649595	1.47559321	1.48432648	1.47417438	1.48997581	1.50506675	1.55849230	1.64182508	1.74108052	1.81965649	1.87344301	1.91912735	1.95911479	1.98916841	2.00288486	1.98670483	1.94987750	1.87479663	1.73191524	1.63923824	1.67633772	1.81145334	2.09748983	3.00230169	4.81250763	4.80470467	4.63130903	4.03700352	3.62619090	3.42095184	3.34217238	3.27625561	3.24043989	3.20988417	3.19401169	3.20022225	3.21714473	3.22909331	3.24655175	3.25526738	3.25639009	3.24154782	3.21639562	3.18979621	3.16601896	3.14253020	3.12082410	3.09125018	3.07151675	3.06528354	3.05504394	3.05192637	3.04018450	3.01783228	2.98577261	2.96294332	2.94371700	2.89911985	2.84439874	2.84526515	2.80999231	2.81954551	3.01416612	3.47543597	3.71069241	3.57649279	3.40193820	3.31523442	3.24130082	3.20085192	3.14168096	3.07525182	3.00964046	2.98548126	3.00958776	3.01159286	3.00493002	3.00073862	3.01677036	3.08231544	3.15715218	3.22271705	3.29551649	3.40489936	3.57418084	3.79125285	4.12094975	4.57250452	5.15845585	5.93170452	6.80224609	7.83073902	8.94165516	7.77013683	5.49217892	4.65254021	3.81691360	3.41972995	3.10350227	2.66589499	2.34086156	2.00923276	1.77753747	1.58627200	1.49024343	1.43597376	1.44117868	1.45894694	1.42051077	1.32367551	1.25642872	1.22348881	1.20321178	1.21199512	1.20500600	1.22474074	1.23551774	1.24727452	1.24423027	1.24172449	1.22831559	1.22023356	1.21250784	1.20187366	1.18831670	1.17268562	1.16502357	1.16025805	1.16044366	1.16389811	1.18913651	1.20904088	1.20225394	1.17771864	1.14049768	1.11854541	1.15598917	1.17977619	1.17207658	1.17268503	1.18069351	1.19294083	1.21211493	1.24202609	1.30319750	1.41766989	1.55910683	1.60043347	1.55342233	1.47458386	1.44157708	1.42413819	1.42870426	1.43780029	1.43358088	1.52344358	1.55442286	1.60997951	1.64425325	1.65744352	1.79621160	1.97619975	2.08688879	2.21794653	2.43786979	2.66674995	2.92821360	3.22039056	3.47877502	3.78996301	4.11263084	4.37690067	4.58292627	4.72417450	4.80074978	4.86282778	4.89811850	4.91269064	4.89725113	4.88468790	4.89429426	4.91407204	4.94459343	4.99898386	5.07185793	5.13435078	5.17866898	5.20880938	5.23480129	5.23814487	5.24078178	5.21367884	5.16951799	5.09875107	5.03718376	4.98920250	4.95852137	4.94471121	4.96940994	5.01463985	5.06221294	5.11678362	5.18354893	5.24850941	5.26204729	5.24862814	5.18918085	5.09471703	5.00670481	4.93700266	4.92388964	4.95116997	5.01459074	5.08755589	5.12138796	5.15754271	5.30860472	5.41184664	5.30526400	4.18280697	3.00299358	2.47012067	2.48067689
55.0000000	2.36035275	2.58167195	2.78719115	2.92399788	3.00356793	3.05317354	3.10532498	3.18665075	3.21594405	3.04352951	2.75471306	2.42598772	2.25939322	2.18349433	2.10696602	2.07820034	2.08402491	2.06615496	2.03476930	2.07370782	2.14036274	2.25357223	2.38572431	2.36387563	2.27098966	2.25011349	2.21865916	2.19740486	2.19983006	2.19861770	2.25280476	2.32406020	2.36344981	2.34277248	2.27503252	2.19715214	2.16055846	2.10136342	2.04682040	2.00823045	2.02051139	2.06506705	2.10030198	2.12535310	2.12177634	2.08523726	2.07093906	2.06827617	2.00839281	2.04011536	2.08136129	2.12302804	2.11822128	2.04147315	1.99456072	2.01681995	2.19179368	2.21141887	1.88766301	1.58378041	1.39278114	1.30227864	1.24123394	1.25580347	1.30942535	1.30597579	1.27828991	1.24526787	1.23785198	1.22761571	1.21438718	1.17388833	1.14630175	1.13003933	1.12876165	1.11374569	1.11144960	1.11220431	1.13719308	1.17878652	1.22293770	1.26106465	1.31135082	1.35946751	1.43258214	1.47075224	1.63404548	1.88657284	1.77390838	1.30569124	1.10514498	1.11654854	1.25885475	1.49230325	1.65113115	1.63842511	1.42984819	1.33251071	1.22536731	1.08002007	1.05650187	0.986491799	0.988287747	1.03438962	1.11918247	1.10809052	0.979767799	0.908082426	1.04232883	1.11560667	1.29576957	0.904805064	0.748166919	0.568132937	0.517260849	0.472266704	0.521242976	0.528070569	0.536509991	0.513237536	0.509136081	0.512021244	0.537786067	0.573546529	0.574914217	0.565038025	0.556630492	0.535759389	0.534134090	0.564142704	0.605956018	0.604068220	0.655418277	0.743292868	0.914658546	1.16906738	1.38673007	1.48046041	1.53864181	1.55209875	1.55968547	1.56958497	1.60202396	1.67204428	1.78667748	1.90323758	1.98494124	2.02609825	2.04775572	2.06330895	2.08532500	2.09501243	2.08562827	2.03964639	1.99232101	1.88540196	1.97957695	2.02970243	2.27843428	2.47449470	3.42804265	5.41716766	5.30895710	4.48686266	3.90145659	3.63885522	3.49603510	3.43537760	3.38097548	3.29965258	3.27460337	3.26799226	3.27630877	3.27275777	3.28009367	3.29291821	3.30356741	3.30796289	3.28551483	3.24643612	3.20272660	3.18625236	3.17052460	3.16258860	3.14826012	3.11296487	3.07777095	3.06658936	3.07805848	3.09542775	3.07884645	3.05083251	3.03093028	3.04133892	3.04115272	2.98711014	3.17814422	3.14925122	3.22784710	3.31492090	3.39382720	3.36234570	3.24573565	3.14780593	3.09386134	3.06160259	3.01536012	2.99771690	2.97567296	2.96014071	2.96633625	3.00045109	3.00610900	3.00714684	3.01139212	3.01708364	3.04047394	3.06942797	3.10983872	3.16769958	3.26216912	3.38783860	3.54662943	3.76881981	4.07264996	4.49126816	5.15445185	6.28059673	7.48936510	8.47750282	9.02630997	7.37257099	5.27000284	3.92218518	3.24400997	3.12122941	2.95946622	2.91455770	2.95500255	2.50100064	2.15472627	1.84895396	1.60912025	1.51925504	1.50134933	1.37714183	1.24851966	1.17501760	1.12629414	1.11258888	1.09636617	1.10850561	1.13709915	1.18407679	1.20982003	1.21308053	1.20968747	1.20054960	1.21186674	1.22445607	1.23116875	1.22958374	1.23428679	1.24357355	1.24258947	1.25072098	1.26417518	1.28002667	1.28484237	1.28706884	1.26547766	1.24162126	1.22318232	1.20300305	1.19437051	1.21292996	1.20450163	1.20171428	1.23006904	1.27863562	1.33837116	1.43675184	1.53588367	1.60213935	1.60943866	1.58957374	1.57368660	1.57190275	1.59875584	1.62819564	1.59446990	1.59705126	1.61336303	1.62490344	1.68443418	1.74899769	1.81965053	1.94389498	2.11361599	2.27477741	2.46368003	2.65886807	2.79490685	2.95116854	3.12641788	3.32610106	3.53768325	3.80159640	4.08167601	4.35574007	4.57042837	4.70310831	4.80991983	4.86635733	4.88794374	4.89118338	4.89996052	4.91090679	4.94008875	4.99309158	5.04699087	5.09311676	5.13320255	5.14842892	5.16027069	5.14756107	5.11877203	5.10861778	5.09094429	5.04860210	4.98456049	4.94977427	4.91091251	4.87077236	4.83531904	4.83697701	4.87782955	4.93208838	4.98848009	5.07037497	5.16495275	5.20904493	5.18432522	5.12893009	5.04587698	4.97187090	4.91545343	4.91274214	4.97410202	5.06291103	5.12641001	4.92902088	4.61979818	4.15637875	4.05509901	4.15573645	4.06636524	3.36489177	2.64672732	2.37166524
54.0000000	2.10351586	2.29718876	2.47425365	2.68724751	2.89744854	3.05724740	3.13974690	3.13669276	3.15104032	2.93206239	2.72080588	2.41781044	2.24013591	2.11378956	2.08884335	2.14166856	2.26851511	2.29877973	2.14519119	2.03180408	2.13390207	2.14104748	2.19793940	2.17887974	2.10886765	2.13247633	2.15108585	2.15474486	2.12304974	2.12018633	2.14765692	2.21319509	2.25313163	2.26535964	2.22855878	2.18640399	2.14141822	2.12113976	2.06149268	2.01046681	2.01319504	2.09254980	2.13161087	2.16776538	2.18283272	2.20047569	2.12753153	2.04656696	1.97357953	1.93850040	2.00636268	2.11566091	2.21744251	2.20232368	2.11548591	2.08221269	2.30143476	2.29308724	1.93036783	1.51699877	1.36722910	1.23333907	1.20334327	1.23309553	1.25603521	1.24069548	1.22897816	1.18909919	1.15438867	1.10547721	1.06454420	1.01145041	0.981921554	0.990871787	0.991046727	0.984029830	0.967690229	0.961225569	0.988054872	1.04897976	1.12056923	1.17603958	1.29125857	1.38805950	1.50647390	1.64479291	1.84809077	1.98857272	2.17338443	1.77151656	1.07132339	0.895756960	1.03925693	1.50377738	2.18685317	2.63349414	2.01557994	1.45590818	1.13188612	0.964420676	0.836262286	0.837209165	0.801191211	0.839990675	0.911222279	0.870640576	0.739215076	0.755970538	0.837706029	0.871963918	1.07589173	0.853230894	0.682023108	0.534853876	0.459612846	0.435838610	0.456518948	0.471985012	0.480330437	0.475747854	0.474755049	0.505590916	0.526819050	0.542933047	0.530293167	0.520110428	0.496714771	0.499695748	0.539168775	0.536010504	0.581040204	0.620844305	0.703433037	0.735695541	0.857509434	1.21081936	1.51455748	1.51885533	1.54554462	1.69745922	1.81015670	1.78559983	1.75572395	1.85399306	1.92935085	2.03727436	2.12891603	2.17609644	2.18697429	2.19009972	2.21374321	2.24909854	2.26647663	2.24162507	2.19711185	2.09473372	2.24849486	2.56910586	3.26604176	4.17697811	4.78502512	4.48071766	4.17271757	3.93605256	3.72914004	3.58896613	3.48057580	3.41771770	3.37974072	3.35047793	3.32208943	3.30500507	3.30921412	3.30462122	3.31861782	3.33869886	3.36184525	3.37420321	3.34998775	3.30097771	3.26302886	3.24023294	3.22277284	3.20190740	3.17684507	3.14334488	3.11510015	3.10981250	3.12649560	3.13928962	3.12837219	3.12355447	3.12146926	3.18540859	3.24841642	3.25102425	3.23961926	3.20625138	3.17288780	3.13492346	3.10915947	3.11644864	3.12424541	3.12383175	3.12540078	3.10944223	3.08612585	3.06730008	3.03699946	2.99437976	2.96699381	2.98059678	3.01015997	3.03902268	3.06687331	3.09568191	3.12947941	3.15334439	3.17270899	3.19809413	3.25275660	3.32020283	3.40224361	3.54432845	3.78201365	4.07170582	4.49928617	5.00771475	5.91625929	7.23414946	8.59378624	9.71037197	7.76793432	4.69480562	3.28480506	2.73257589	2.66738415	2.81086111	3.50061417	4.36840725	3.84816957	2.39882851	1.82113624	1.54152834	1.39424253	1.22455418	1.14977908	1.08628845	1.03437436	1.00073195	0.984620690	0.996641874	1.05170834	1.09859884	1.11560071	1.13748598	1.11263931	1.13546884	1.16148031	1.18826342	1.22825968	1.24787033	1.27336943	1.30866194	1.32546425	1.34376729	1.37002826	1.38864064	1.38961029	1.37444746	1.35530293	1.34280288	1.32855368	1.32821691	1.32466888	1.31207228	1.28111148	1.26456952	1.30941057	1.38347602	1.46945286	1.61170316	1.69942641	1.68665946	1.69640410	1.72661102	1.73631394	1.73658109	1.78103530	1.82605469	1.78055286	1.77194762	1.79109538	1.80617523	1.85853982	1.92378974	2.03262329	2.13998961	2.26821637	2.38452220	2.62173390	2.70431232	3.00760245	3.12915897	3.24163437	3.38481092	3.54969120	3.76927590	4.01683283	4.25136805	4.43785048	4.58680534	4.73543739	4.83084106	4.88247108	4.91858625	4.96449137	4.99331236	5.02767277	5.07585812	5.11444664	5.15881348	5.17893839	5.17700338	5.16043663	5.12532139	5.09220934	5.06220245	5.02900171	5.00533962	4.96376371	4.94636345	4.91979694	4.86948824	4.81397057	4.78694296	4.80032921	4.84020233	4.90662432	4.98669529	5.02556658	5.02635336	5.00453854	4.96502256	4.91507864	4.84446049	4.78957033	4.79468775	4.88529825	5.05443764	5.07667780	4.68750095	4.22843266	3.63248396	3.30266523	3.35226560	3.57667327	3.49317050	3.05421138	2.30783200
53.0000000	2.02398539	2.07418728	2.34367990	2.61968374	2.84718680	2.91973877	2.93305373	2.88886523	2.84356093	2.73850107	2.52570033	2.24671006	2.14321399	2.10049868	2.07804775	2.12363267	2.12928963	2.06692982	1.98408818	1.96521771	1.98021781	1.97633934	2.02173400	2.04776263	2.03173590	2.03240061	2.03445816	2.01314068	2.00419569	2.02950191	2.06780958	2.12700391	2.18051672	2.21557093	2.21750116	2.19395995	2.15474129	2.13260579	2.07854533	2.03400254	2.04569364	2.12891912	2.17192626	2.19258547	2.22691298	2.21839881	2.14603543	2.05489707	1.96408343	1.91697037	1.94266522	2.01154304	2.11764836	2.17064023	2.15822816	2.15170407	2.33262300	2.24529839	1.90067065	1.55772054	1.42804480	1.27748227	1.22614181	1.23104775	1.23671389	1.23766100	1.24737501	1.24842405	1.20836699	1.10293043	1.01680219	0.924006164	0.851742923	0.822281420	0.839249551	0.830423057	0.819953918	0.844731569	0.892149210	0.966655016	1.06886959	1.15605533	1.26599705	1.33957803	1.45308280	1.56053209	1.75367153	1.94959366	2.03645968	1.86379266	1.22944629	1.09160209	1.15215921	1.39533639	1.68894613	1.77297771	1.50631237	1.31561077	1.23684955	1.18333817	1.19730043	1.02891898	0.896179080	0.798805594	0.761273861	0.650690317	0.636998415	0.632025540	0.726333439	0.896446645	0.920025408	0.718479574	0.583374500	0.508578122	0.457961053	0.419432670	0.444934279	0.458143353	0.470719784	0.491543740	0.523984909	0.573523402	0.612986326	0.638902247	0.627431631	0.576889932	0.540192664	0.539097011	0.563594401	0.590933979	0.608313918	0.705007613	0.781592071	0.849426329	0.895016670	1.21306384	1.37503421	1.35201502	1.44597590	1.53337920	1.64099491	1.78924739	1.80543423	1.92427170	2.05999947	2.22828484	2.30482841	2.34275889	2.34590697	2.35188961	2.39709234	2.45772314	2.52552629	2.54643536	2.50680161	2.42931962	2.65120411	3.15664840	4.24172592	4.74883175	4.49134684	4.12351513	3.83883977	3.72426915	3.65715384	3.57036924	3.47111773	3.43440056	3.43240452	3.42994523	3.41017604	3.38832998	3.37121320	3.42003179	3.39567232	3.43081880	3.44930124	3.45561838	3.42278242	3.38608313	3.35881233	3.32449365	3.28067398	3.25527906	3.22314715	3.18590403	3.14067245	3.18050575	3.19598126	3.22758913	3.22756243	3.33161998	3.39815068	3.32980108	3.25391674	3.22107935	3.20989108	3.17753315	3.13876081	3.12038612	3.12625051	3.15799403	3.17129540	3.17747450	3.18270755	3.18429828	3.18225932	3.16894984	3.15704131	3.13504052	3.13087726	3.12196803	3.10903788	3.11171675	3.12291241	3.14488697	3.17280936	3.19020176	3.21647596	3.24938273	3.28767180	3.33072639	3.36684823	3.43950701	3.54110646	3.74320483	4.09409094	4.69780111	5.28657103	6.09915829	7.57656431	9.02862167	9.66697502	7.28121328	4.16758060	2.93056178	2.45159268	2.56392574	3.24338222	4.07303047	4.41278505	3.34251094	2.58727479	1.93866301	1.54973078	1.19701147	1.13229883	1.06195986	1.01299357	0.976118505	0.938681364	0.910707355	0.916722476	0.940104306	0.990982294	1.03095269	1.06654644	1.13818264	1.11575639	1.15998530	1.18534219	1.21434391	1.25237143	1.34031713	1.39574814	1.43639767	1.45241404	1.47386312	1.49162126	1.48861933	1.46241999	1.44017267	1.42674565	1.42153430	1.41898966	1.41276586	1.39222586	1.38956904	1.43745852	1.50553870	1.62893879	1.78818548	1.88924122	1.86733854	1.87509108	1.90498829	1.91569757	1.94144166	1.96131444	1.96093631	1.95143044	1.94053805	1.94280207	2.00191307	2.09735632	2.15593648	2.31489277	2.36095238	2.48968077	2.66998410	2.83536577	2.92388082	3.04713893	3.21577978	3.32981849	3.45495796	3.65930915	3.87576532	4.06571245	4.22084618	4.35630035	4.52342224	4.70462227	4.85120964	4.96721649	5.02987194	5.05277395	5.07525587	5.10876513	5.16869068	5.21758509	5.22312021	5.21674919	5.22702312	5.20594692	5.15733004	5.13175106	5.11266327	5.08730793	5.05935907	5.04317856	5.03685713	5.01966238	4.97344923	4.90620565	4.86255836	4.86279726	4.85668135	4.86522102	4.88855648	4.91009665	4.88529158	4.84045410	4.79111528	4.74338293	4.67236614	4.58039999	4.55636024	4.67416334	4.86993456	4.93751478	4.59382677	3.89802241	3.44490337	3.04068327	3.39095688	3.75384665	3.13877201	2.84221196	2.38674474
52.0000000	2.23632479	2.20181417	2.32622862	2.59626532	2.65088010	2.78059173	2.84512281	2.89317775	2.87205052	2.75561309	2.41060996	2.05564737	1.86411536	1.91665566	1.95698583	1.98624301	1.90643060	1.86878300	1.85029173	1.84793794	1.85436189	1.85642433	1.87831640	1.85875714	1.87859714	1.90488672	1.90245235	1.88638341	1.88504386	1.90090334	1.94455659	1.98509502	2.03939843	2.12140203	2.19612050	2.19397521	2.16356778	2.11470699	2.06964731	2.02844167	2.06016874	2.11488557	2.14836335	2.17138696	2.18402815	2.12801409	2.03000093	1.96068132	1.88562059	1.87269914	1.88116121	1.90673196	1.95992720	1.98556471	2.01368499	1.99947178	2.17274237	2.13938451	1.81567144	1.56303096	1.41601038	1.29494500	1.23830521	1.22053969	1.21449745	1.25711548	1.27514350	1.32024789	1.27163327	1.18183279	1.09999871	1.00159800	0.889267564	0.828276575	0.761086702	0.729514599	0.735237062	0.771426022	0.821499765	0.893734634	1.01839411	1.18760216	1.35706651	1.45424438	1.46294188	1.43823504	1.53590512	1.68366539	1.92645192	1.68562734	1.41824007	1.26179516	1.08391440	1.06128621	1.01487768	1.01874518	1.05584228	1.27117777	1.37748682	1.22962332	0.976208329	0.873570979	0.775397778	0.737025499	0.669833779	0.614638925	0.564601898	0.616731286	0.669007361	0.777458668	0.804326653	0.703601837	0.603239179	0.502352893	0.439491302	0.402379334	0.418683708	0.447013170	0.474339634	0.498037368	0.529646933	0.589822352	0.642890871	0.667699754	0.640121520	0.594216287	0.559960306	0.571296811	0.596063733	0.620494485	0.639490783	0.735231400	0.824522972	0.873218060	0.918613076	1.16621363	1.33757520	1.25130868	1.33704972	1.56567943	1.49254012	1.69408154	1.83274102	2.03812146	2.24106741	2.42126441	2.48272920	2.51181650	2.51914024	2.54766822	2.61666632	2.70741320	2.79946828	2.86256337	2.86967063	2.83807278	3.01648402	3.46553421	4.37925196	4.28495598	3.91143155	3.75191331	3.64931774	3.63828444	3.61935449	3.55956507	3.50068331	3.50757504	3.54808760	3.57105851	3.57757282	3.55785346	3.52800059	3.51135087	3.51345515	3.54031515	3.56191111	3.54991746	3.55635881	3.48421502	3.46138310	3.39231801	3.40750265	3.36988306	3.40429950	3.35235643	3.34430718	3.34165645	3.32645607	3.35900688	3.37106180	3.37023687	3.36046743	3.31957674	3.26403761	3.21821642	3.21031284	3.20352197	3.20232320	3.20304918	3.20194435	3.21825862	3.24775028	3.26911259	3.28376555	3.28988433	3.29275537	3.29813075	3.29918814	3.29249883	3.29397082	3.27742887	3.24485850	3.23199940	3.23990726	3.24793720	3.24511933	3.25584960	3.28959775	3.32883501	3.36888433	3.38926649	3.40259910	3.43031764	3.47521281	3.55447817	3.78561091	4.11334515	4.59551716	5.18692732	6.16498470	7.32343102	8.35622978	8.59259796	6.88691854	4.23584318	3.07038116	2.61640954	2.74534035	3.34328866	4.13942575	4.49970436	3.97068906	2.71026278	1.69038332	1.31376910	1.18251944	1.06785381	1.01603639	0.987966299	0.948017538	0.900307894	0.877801180	0.879293203	0.924253821	0.969923913	1.03203785	1.09834206	1.11025763	1.12931359	1.12190115	1.18130505	1.23804760	1.32850504	1.42392957	1.49750841	1.52518964	1.55263090	1.56571472	1.56441247	1.56603861	1.54736257	1.54300904	1.53828549	1.54448640	1.54453671	1.55617476	1.59102535	1.61926794	1.67904603	1.77608085	1.93506336	2.07210922	2.09139919	2.11097431	2.13312173	2.18543363	2.22248387	2.19608879	2.15672803	2.08091259	2.17358255	2.21541762	2.21209216	2.38627172	2.44724798	2.51843977	2.67005968	2.80299306	2.94744062	3.06743789	3.26320744	3.41744757	3.50982761	3.52168250	3.61824369	3.78556085	3.96283078	4.12097597	4.23620224	4.34701061	4.50223589	4.71024752	4.90819836	5.04177189	5.12652302	5.15739346	5.18383789	5.20866537	5.24405050	5.27115726	5.26438999	5.26744556	5.26751995	5.24523211	5.21977091	5.23055458	5.22682905	5.21739340	5.21130705	5.20208359	5.19510126	5.15626955	5.06380749	4.97350693	4.90271235	4.86959410	4.85864639	4.84741306	4.83124876	4.81407118	4.77786398	4.73195887	4.67902803	4.61203671	4.50799084	4.39769650	4.34924412	4.41422176	4.59218359	4.69663143	4.24907398	3.72202277	3.37531710	3.36608028	3.60352302	3.94889140	3.45738149	2.88411045	2.52501249
51.0000000	2.61610532	2.60127521	2.56739616	2.58997011	2.67409420	2.76787949	2.82579112	2.91174436	3.11283326	2.69935274	2.55848026	2.34282136	2.17523384	2.20077634	2.10580468	2.09113622	1.92033756	1.82493591	1.90567970	1.89579272	1.90355158	1.88360286	1.86322463	1.84030640	1.81270301	1.83996916	1.85642278	1.87404740	1.87479866	1.84558403	1.84640598	1.85977793	1.90742481	2.00137424	2.09843564	2.15588379	2.12649417	2.08968401	2.04447627	2.01921225	2.03125238	2.08655047	2.08104038	2.11749578	2.07260203	1.99381912	1.83304822	1.76714611	1.71107209	1.71386325	1.70987916	1.71667910	1.76658595	1.77650917	1.78624892	1.82662296	1.90499806	1.82628560	1.64244521	1.47678936	1.39759088	1.27897215	1.22410727	1.21146953	1.18180740	1.22434700	1.28425634	1.24863553	1.18916476	1.09542608	1.06975079	1.04859626	1.03669631	0.956576586	0.841365695	0.753135979	0.687345564	0.674966991	0.693279266	0.768199384	0.903399885	1.18108666	1.62346530	2.04592681	2.00569224	1.85744381	1.81839931	1.75814044	1.35667825	1.23579299	0.948125958	0.799562037	0.731587231	0.697746754	0.782297909	0.854671836	1.08961987	1.16186750	1.06941390	0.794751167	0.613481760	0.538321853	0.551926911	0.615256727	0.628761590	0.625600338	0.501178622	0.529965222	0.661801994	0.832991183	0.936546683	0.771941006	0.661751032	0.540104330	0.406817645	0.361204624	0.382597327	0.415339589	0.426966757	0.455757022	0.512731969	0.578548849	0.588753760	0.595499277	0.583344936	0.560068905	0.568571329	0.580341816	0.599677682	0.636071742	0.675243616	0.776883423	0.833795846	0.884319127	0.964751422	1.21791542	1.39237595	1.28521669	1.34280050	1.57924640	1.84030497	1.84461355	1.97961044	2.33963609	2.53241968	2.59151387	2.63372016	2.65831852	2.70405936	2.76347995	2.82631874	2.91968036	3.00838947	3.10136509	3.20121360	3.25745130	3.48370910	3.76901579	3.97487164	3.91021514	3.74186301	3.64866519	3.63127398	3.65784216	3.66918206	3.61779308	3.58181763	3.61283660	3.67167687	3.70475864	3.72421479	3.71881509	3.68623304	3.66580367	3.65262294	3.65706134	3.65545201	3.65638661	3.64173532	3.61736846	3.57814074	3.52494884	3.48178363	3.46139169	3.43509483	3.41208267	3.41869211	3.43362141	3.45230842	3.47113943	3.48239446	3.47924733	3.46296668	3.41889834	3.36696672	3.32585788	3.31078529	3.31075454	3.30337739	3.31162572	3.32944632	3.36049891	3.38376188	3.40487742	3.43391395	3.45211601	3.45231867	3.44380975	3.43449950	3.40961623	3.39137387	3.36135411	3.34549785	3.35643578	3.36672211	3.39328527	3.41591358	3.43888593	3.44539571	3.44067526	3.44123125	3.43186474	3.42462134	3.45665312	3.48495889	3.53062177	3.64004946	3.83936858	4.13512516	4.61184216	5.27766418	6.23434305	7.31947327	8.48353100	9.48997498	7.71591139	5.45192575	3.67984366	2.93570662	2.87954593	3.24381661	4.13159323	4.13453341	3.52022457	2.22979045	1.62432063	1.29460049	1.09477758	1.01803517	1.03323054	0.996127784	0.968389571	0.951823950	0.924882650	0.930779219	0.962683201	1.02095222	1.04518986	1.06768942	1.08767271	1.09394419	1.10519290	1.16494823	1.25623488	1.39207160	1.49879956	1.54961932	1.59268320	1.61538863	1.63784933	1.67164457	1.66304588	1.66395938	1.68122327	1.70635009	1.73995268	1.79294705	1.83419800	1.86281049	1.92754424	1.98542476	2.09266114	2.19159126	2.23556638	2.29981112	2.31751347	2.34873414	2.43221855	2.48224878	2.44988036	2.42432594	2.38319564	2.45859909	2.53043008	2.65679598	2.75649858	2.98370981	3.19293547	3.34625053	3.46494460	3.62357950	3.77554464	3.88206816	3.77282977	3.69791126	3.73538780	3.86241913	4.03468180	4.21280193	4.35202789	4.46754026	4.61748314	4.79345179	4.93741035	5.06487274	5.14956522	5.22766781	5.29483938	5.33732510	5.36502743	5.36287928	5.35712910	5.33947468	5.33476973	5.33107090	5.34747410	5.37578058	5.38504648	5.38163614	5.38355446	5.35781050	5.29814339	5.19423103	5.06299639	4.92849922	4.85122395	4.82269669	4.80665016	4.78559637	4.75865984	4.74204636	4.71200800	4.67691088	4.61069584	4.49895239	4.35547829	4.22316408	4.11945677	4.09444666	4.10337639	4.08628845	3.83634520	3.57912755	3.45018578	3.45963359	3.57076478	3.51386499	3.17293215	2.96895933	2.74258590
50.0000000	2.82602191	2.79757118	2.74793720	2.78096080	3.08085871	3.24657702	3.21139860	2.90892649	2.69422936	2.68684864	2.61939430	2.92333841	2.80625939	2.29463577	2.01437354	1.95423150	1.90870225	1.88110709	1.77255881	2.03198671	1.99005961	1.97895682	1.94140577	1.89610636	1.92240715	1.95658708	1.90276206	1.84314728	1.80852807	1.80411887	1.77858460	1.75675488	1.79661763	1.86979508	1.95289063	2.01421237	2.02505040	2.02541661	2.02177811	2.02506280	2.01722836	2.00091147	1.98790801	1.94973779	1.90574002	1.77683938	1.65941513	1.59358013	1.53822887	1.50228775	1.48230338	1.49316072	1.52655411	1.58284688	1.63035083	1.63801026	1.66665053	1.61285365	1.49672210	1.35104275	1.28076029	1.21190619	1.16007423	1.15262544	1.13491786	1.14773405	1.21529663	1.20204186	1.06228113	0.984730005	1.02039933	1.07983232	1.14001834	1.08695412	0.972586751	0.843863010	0.741683543	0.663723826	0.625962973	0.680424988	0.835994542	1.09804201	1.52914488	2.04334402	2.42888069	2.67120028	2.31438160	1.73479927	1.23011136	0.838977337	0.689834177	0.526978254	0.462218583	0.501523912	0.625327706	0.734489501	1.04977584	1.01557958	0.788378060	0.550669849	0.465937138	0.425824791	0.444058836	0.485746324	0.529901326	0.508541048	0.511566043	0.621971428	0.787792981	0.928007841	0.926656842	0.751564384	0.541178405	0.410606861	0.357044488	0.346932173	0.355580360	0.371160388	0.392904580	0.440268964	0.518077254	0.564214885	0.575478256	0.567461073	0.550908983	0.528036118	0.556623459	0.594363093	0.621963680	0.657975316	0.706928194	0.793161809	0.868356705	0.907039165	0.947386205	1.01982772	1.15669477	1.29831076	1.51170468	1.59495723	1.75477254	1.85016704	2.02114296	2.08954024	2.54900289	2.66298985	2.70307136	2.78268075	2.86054564	2.93686771	3.00230432	3.07502723	3.16231394	3.27428150	3.42917442	3.58063078	3.74021459	3.79229999	3.81612062	3.78172660	3.74796009	3.73136878	3.75395656	3.78103185	3.76770067	3.73738194	3.73323417	3.78252769	3.83136868	3.84211707	3.85653996	3.86398101	3.84371519	3.82345533	3.79629302	3.78030539	3.76134300	3.74578309	3.73229456	3.72371721	3.70300937	3.65942430	3.61068487	3.55719638	3.51962376	3.52115393	3.54747915	3.55608368	3.58145118	3.61188245	3.62752199	3.61820698	3.58541417	3.54189825	3.50508308	3.47673249	3.47286654	3.47208881	3.47317195	3.49670362	3.51305056	3.51802468	3.52407789	3.55425215	3.59209561	3.60535932	3.60288000	3.59596610	3.57379365	3.55133033	3.51976132	3.48291206	3.46729922	3.46759510	3.47413206	3.48725438	3.50388980	3.52545071	3.53258514	3.52649808	3.53024650	3.50401926	3.49343967	3.52522922	3.56530929	3.57989311	3.60331583	3.68562698	3.87274003	4.13475847	4.60377312	5.35440731	6.60405207	8.35817909	8.20962429	7.90722704	8.04166412	6.85759640	4.99024248	3.54803419	2.98802543	3.30555105	3.71282244	3.96951795	3.03369212	2.32875752	1.58772099	1.20680392	1.09238756	1.11275125	1.08129179	1.06610584	1.03410244	0.988084853	0.983875692	0.990974247	1.01681447	1.03451931	1.05438733	1.06697309	1.08389735	1.08863664	1.13860404	1.23111486	1.36383879	1.47253978	1.56173122	1.61687958	1.66227961	1.72304893	1.74005306	1.73329508	1.78304720	1.82437849	1.86781752	1.92811227	1.99786687	2.04816580	2.12103605	2.19966102	2.22676802	2.25399661	2.30981135	2.38354874	2.47284174	2.47983718	2.47788143	2.51548862	2.60794616	2.65910840	2.66400719	2.62850881	2.62588739	2.63971710	2.85690856	2.99730277	3.17520928	3.40016079	3.63598537	3.83796620	3.99227333	4.18794727	4.22390795	4.04850292	3.77820921	3.70594287	3.81460238	4.02790213	4.27755117	4.48308659	4.63503075	4.75490522	4.86869621	4.96076822	5.04974508	5.15526819	5.27232409	5.37642622	5.45546246	5.48368979	5.50101519	5.50399399	5.50752687	5.50539970	5.51449966	5.53743839	5.57246017	5.58834267	5.56654215	5.50448704	5.41146946	5.29339695	5.15735054	5.01161909	4.88219357	4.79407835	4.73876858	4.68660545	4.64949846	4.62281466	4.60687351	4.58477592	4.53591490	4.44196415	4.31718493	4.17012215	4.01618671	3.88736796	3.77855611	3.70804834	3.62608647	3.50680995	3.41268086	3.38159990	3.40801835	3.39001012	3.25381279	3.09675384	2.93134022	2.89040613
49.0000000	2.64842749	2.54264402	2.49935436	2.66158915	2.90585470	3.28748155	3.12469220	3.03978395	2.68493652	2.70877647	2.67452049	2.60943341	2.58143544	2.64185476	2.23075223	1.95954251	1.54329896	1.53703523	1.83737254	2.15130043	2.13117862	1.79631412	1.89835954	2.21689129	2.14535141	2.08066535	1.80178070	1.66158211	1.64968073	1.69865561	1.72577083	1.69281137	1.71697783	1.74939036	1.81437707	1.88297677	1.94394338	1.96260870	1.97044015	1.96964931	1.95404971	1.91320801	1.85409117	1.78783298	1.68182623	1.56833959	1.49298024	1.43106902	1.39914095	1.36224425	1.31849301	1.31430972	1.31282759	1.34570181	1.40126634	1.44678140	1.46831000	1.43102169	1.36074483	1.23056853	1.15250933	1.07909203	1.03704512	1.04102266	1.07821238	1.11818361	1.23385310	1.17570555	1.02791262	0.951458812	1.00122821	1.08226931	1.17406559	1.15944421	1.00985789	0.866257429	0.796009779	0.738412678	0.715367258	0.752211213	0.880250514	1.00009239	1.18865597	1.39613783	1.65507138	1.87929654	1.90658104	1.86455703	1.49379969	0.934401333	0.583307564	0.425021946	0.373196185	0.381250024	0.488294661	0.566982329	0.866002023	0.904994965	0.753243566	0.545153260	0.460352808	0.413157910	0.402785838	0.423889756	0.400224507	0.396631151	0.514177263	0.706180930	0.796671629	0.757129908	0.579797745	0.473489374	0.392876089	0.355724245	0.348801345	0.350234538	0.354319513	0.350731283	0.396394402	0.489922285	0.602080047	0.609183490	0.570822716	0.513033092	0.486322999	0.496655554	0.546544194	0.636592925	0.720373750	0.749825895	0.761418164	0.795911610	0.838538229	0.896127999	0.939285159	0.958228230	1.16308045	1.45505178	1.62484574	1.72675383	1.92027855	1.91338825	2.00688076	2.23611212	2.41398525	2.66005325	2.77120519	2.88991666	2.99769044	3.09675384	3.15062523	3.21699476	3.30653262	3.41034937	3.56659389	3.69947696	3.76336741	3.81891918	3.86151075	3.86415243	3.88818550	3.89332843	3.90908837	3.92332268	3.92146254	3.88802052	3.90760446	3.95429277	4.00137615	4.01746893	4.00381756	3.98973918	3.98426676	3.95872211	3.92693806	3.90941525	3.87437558	3.83905697	3.81185794	3.80200052	3.79094243	3.78262806	3.75023651	3.71250796	3.66686273	3.65625572	3.68590665	3.73020172	3.75873661	3.77746630	3.80615902	3.79685283	3.75953794	3.69772720	3.65516376	3.64321256	3.65295362	3.66680264	3.67887688	3.69721746	3.68485475	3.67050862	3.67727470	3.70236778	3.72812867	3.72904968	3.71259379	3.70855713	3.70243979	3.69223332	3.66508722	3.64879751	3.63652802	3.62641025	3.60846734	3.59796357	3.57948112	3.57450199	3.59192443	3.61910701	3.64482093	3.62690043	3.60316038	3.60438275	3.61506224	3.59648657	3.57295465	3.58206630	3.64081836	3.77161384	3.97205496	4.42837858	5.09609270	6.23924828	7.21956873	7.78809309	6.91580153	6.54548359	6.50736713	5.33571863	3.74440455	3.14752698	3.21574569	3.90492558	3.99751306	3.22371626	2.28234076	1.48972416	1.28610218	1.22642899	1.10247791	1.08084285	1.03638744	1.00021052	0.982875347	0.986959457	1.01330352	1.02901649	1.05132973	1.07130766	1.11395085	1.11049652	1.15536523	1.24331307	1.33721972	1.43646109	1.58319867	1.66390097	1.73701978	1.77955258	1.81036651	1.80905890	1.90190816	2.00896430	2.10584855	2.15438318	2.16971326	2.21015739	2.27057052	2.33096743	2.37545609	2.42892504	2.49062181	2.57754135	2.60783482	2.61917281	2.56548595	2.56450224	2.75722384	2.88788342	2.65213418	2.74092460	2.81567621	2.89847255	3.05433512	3.10545516	3.25556135	3.58549714	3.83700657	4.06026983	4.31868553	4.62151480	4.69601536	4.36139393	4.07777739	3.91713929	3.88327408	4.00969124	4.26119232	4.50602579	4.67488098	4.79303741	4.87067413	4.95553303	5.04660845	5.13918066	5.25588274	5.37503862	5.49723625	5.62360764	5.69001150	5.73651028	5.74307823	5.74365091	5.76202679	5.75324154	5.76195717	5.76616192	5.70021677	5.56644630	5.41496849	5.26928759	5.11366415	4.95806885	4.81591654	4.70644236	4.61814213	4.53646755	4.49027300	4.45750809	4.42593670	4.36800241	4.27796698	4.17795992	4.05185413	3.90157795	3.73579788	3.61025906	3.51964545	3.46295667	3.38936281	3.30286241	3.24738717	3.23688483	3.27938557	3.35938668	3.23133087	2.99154830	2.87763739	2.89465141
48.0000000	2.57953906	2.50054860	2.41063356	2.52734399	2.77680111	3.12979388	3.30173421	3.46817470	3.76044488	3.22195959	3.17055488	3.00947499	2.83488703	2.69477248	2.50618267	2.12537074	1.62097919	1.40969253	1.53497410	1.71204495	1.73509860	1.65277457	1.73438835	2.13335395	2.61668038	2.27616143	1.80916643	1.52881682	1.47747052	1.58333433	1.65180755	1.64607430	1.65328264	1.67150068	1.72029483	1.77770841	1.86105514	1.93303704	1.96938288	1.96406054	1.92184043	1.87488675	1.82604742	1.72413981	1.59498942	1.40798211	1.31887126	1.24673200	1.20358658	1.16678452	1.12456691	1.13059092	1.13801599	1.16688097	1.22799182	1.26480961	1.28037322	1.26024175	1.20514786	1.10826087	1.05695808	0.967217922	0.922495604	0.916853845	0.982064307	1.05538940	1.16402519	1.07166016	0.976560712	0.907584667	0.940014362	1.02256775	1.08374226	0.981826365	0.861984968	0.797386885	0.733783305	0.711675942	0.670406282	0.744635880	0.827048659	0.917631090	0.861479342	0.914590418	0.986990094	1.12227011	1.21427536	1.16522372	1.26344860	1.29080033	0.859960735	0.513217092	0.377069116	0.353259146	0.408959329	0.446938455	0.671612442	0.767813146	0.701442242	0.499271750	0.462563664	0.435925543	0.418992400	0.414636016	0.390863717	0.381775677	0.443643808	0.520912588	0.519297838	0.462878197	0.421254188	0.380375236	0.360868424	0.368506700	0.385228038	0.382637054	0.368849933	0.382222116	0.454759061	0.577943027	0.675018191	0.588032067	0.489030302	0.444430083	0.431481451	0.456101239	0.534214258	0.647803247	0.729718566	0.734999776	0.780768394	0.773642838	0.807657361	0.886619806	0.974421084	1.00768352	1.36488044	1.58672202	1.64165401	1.95141971	1.98019826	2.19073391	2.29574728	2.44181848	2.59683251	2.82401919	2.95148826	3.07454944	3.17186379	3.25416517	3.29367042	3.36531043	3.45921135	3.54016066	3.63273740	3.71859694	3.79906201	3.88372231	3.95926023	4.00737286	4.07744980	4.09930229	4.10277176	4.09219074	4.10039902	4.08092642	4.08973646	4.13867855	4.18959808	4.20218134	4.18207312	4.15693665	4.13610220	4.11732674	4.10439348	4.08254623	4.05444050	4.01362038	3.97218490	3.95768690	3.93462038	3.91723371	3.87511373	3.85344219	3.84492493	3.84978724	3.88151574	3.92236233	3.92852688	3.94721746	3.98872662	3.99354577	3.95339894	3.90337539	3.85848618	3.82355714	3.83330083	3.86581540	3.86725450	3.86917043	3.83367610	3.80871940	3.80089355	3.80768108	3.82414198	3.83606935	3.85213923	3.86357760	3.86229205	3.82421041	3.79321480	3.79854870	3.78855562	3.77930260	3.77831197	3.76628947	3.72788405	3.70901203	3.71129274	3.71260715	3.71816540	3.69976711	3.66448307	3.62418771	3.58751774	3.55113721	3.51147699	3.50690079	3.52317238	3.54670811	3.60766649	3.77066994	4.10925674	4.63717937	5.46985102	6.24674177	6.50896406	5.29101896	5.83045435	5.78040075	3.50633979	2.82163382	2.87209487	3.52213240	4.33587837	4.07764387	2.78156257	2.17775178	1.52995944	1.36792743	1.27167845	1.19106042	1.10902643	1.03867114	0.999767184	1.00988519	1.01685905	1.02987623	1.05096531	1.08460724	1.11478734	1.12388468	1.16234064	1.22983778	1.34262407	1.46238792	1.61086738	1.67173290	1.74883664	1.82004189	1.87074804	1.89355171	1.99496877	2.15124559	2.35314393	2.45970249	2.39875436	2.36335039	2.39040685	2.41116881	2.46125078	2.59526253	2.62951374	2.73858619	2.79181290	2.78989792	2.76291656	2.81468630	2.93303394	2.86484718	2.78661966	2.87036753	2.97861052	3.05052400	3.22233868	3.39407921	3.49459720	3.67547417	3.92634916	4.20931149	4.56909370	5.19814062	5.49823856	5.33751583	4.98740911	4.73007488	4.46595430	4.30611277	4.39965439	4.61690187	4.75463676	4.83283472	4.89682817	4.98532009	5.08000946	5.16248608	5.26906490	5.38983393	5.54880714	5.67664433	5.79946089	5.88701200	5.85900211	5.83885241	5.82140970	5.81564617	5.81639242	5.77858114	5.66068268	5.51435471	5.33691835	5.17577124	5.01013088	4.83912706	4.68541384	4.55306530	4.45335102	4.36588430	4.31701994	4.26155853	4.20676661	4.10208988	3.98149109	3.86753917	3.74301934	3.60718584	3.46344638	3.34681940	3.27663445	3.22527313	3.15924811	3.09801245	3.06169963	3.06813121	3.13802886	3.24559784	3.25102711	3.08084249	2.89312577	2.83786225
47.0000000	2.61499476	2.70081282	2.68398499	2.62933803	2.77943683	2.85127854	4.09599972	4.71721649	4.68972921	3.82814598	3.63423395	2.96924829	2.70218968	2.41117311	2.08420277	1.81872356	1.57855940	1.47962344	1.46194255	1.49073112	1.56233072	1.69126058	1.91242337	2.13664794	2.29828358	2.34446406	1.85325456	1.62383473	1.49509668	1.51478744	1.52549922	1.48958290	1.48602259	1.50911534	1.54669762	1.60009670	1.70561707	1.77870572	1.83133602	1.84358597	1.83094347	1.79131031	1.78930390	1.67723846	1.52901101	1.35495842	1.23782849	1.11972356	1.04476881	0.988886774	0.959116161	0.967052400	0.981790304	1.01649475	1.06232071	1.11242795	1.11259198	1.08221054	1.04192364	0.969550312	0.933056593	0.870213985	0.819497287	0.804123759	0.823650360	0.869498134	0.903739154	0.873167217	0.853899419	0.857704878	0.894611895	0.978906929	0.933380723	0.788469911	0.645648777	0.576902688	0.577019572	0.576504648	0.581955791	0.619969130	0.727829874	0.911694527	0.933670402	0.968381882	0.965806901	1.00270605	0.692140818	0.536281645	0.595280528	0.790497541	0.986608922	0.743722796	0.489923835	0.373959810	0.344982505	0.365395725	0.489966661	0.597914040	0.537531555	0.373346716	0.392635465	0.395426601	0.422184318	0.427265257	0.406769007	0.361757010	0.359639674	0.348346680	0.340183109	0.323309362	0.331114054	0.344667673	0.365005553	0.397746623	0.440412223	0.473538339	0.467854142	0.495255291	0.561444104	0.637966394	0.633186936	0.485620439	0.420219690	0.390195876	0.396850973	0.436999202	0.514916062	0.629690707	0.738739431	0.766979277	0.786029637	0.787438989	0.831895947	0.948740184	1.13766956	1.35837090	1.59288919	1.70014715	2.02338791	2.28834057	2.31977534	2.63178921	2.75392962	2.93673062	2.93979168	3.04672599	3.16708231	3.28957200	3.36255574	3.40971661	3.42863011	3.46744204	3.57746935	3.64355683	3.70260906	3.77964735	3.85602093	3.94931960	4.05162716	4.14679480	4.24232912	4.30553484	4.32585382	4.34341240	4.35462093	4.34785080	4.32419968	4.34291410	4.37284994	4.40510559	4.39119911	4.35011673	4.31063271	4.29914761	4.29714012	4.28160572	4.26045799	4.24261045	4.23825455	4.21730423	4.17616320	4.12422514	4.08299303	4.06184578	4.06393671	4.07421350	4.10536098	4.12278557	4.12037516	4.14082909	4.17598724	4.17157888	4.14844942	4.10649300	4.05917072	4.02826071	4.04016638	4.05222511	4.04721069	4.04350519	4.01254797	3.99029779	3.95479059	3.93686604	3.95271683	3.98883653	4.04780102	4.06235743	4.03510761	4.00055122	3.96524906	3.95023990	3.94776368	3.94847775	3.92857742	3.90411639	3.87694883	3.84596324	3.80298352	3.77001643	3.75984120	3.74991441	3.72057724	3.65353537	3.58356357	3.51200724	3.45886970	3.43778729	3.44838667	3.44282150	3.44946194	3.47655034	3.57209015	3.90957022	4.52619839	5.59008026	6.35208464	6.32880878	5.87777328	3.82631302	2.66847038	2.37495041	2.62249804	3.72945571	4.64439678	4.40322924	3.04550052	2.32220316	1.75703859	1.68086064	1.50788713	1.41314745	1.19620514	1.09288383	1.06249940	1.05709517	1.07436216	1.07253075	1.07966340	1.09595847	1.12693536	1.13894939	1.16594005	1.23724341	1.35325444	1.46763468	1.59449387	1.66915023	1.76533520	1.83478630	1.91992557	2.03385997	2.13281751	2.27641797	2.39797354	2.52135587	2.65497851	2.58155346	2.54153967	2.54362965	2.61382818	2.68566132	2.72924757	2.74964833	2.81296587	2.92909217	2.83799863	2.86850572	3.19001532	3.19486713	3.17080903	2.98527169	3.08778524	3.38867664	3.37504745	3.52016783	3.60822082	3.77819967	4.04476786	4.16493464	4.35384035	4.80766726	5.02411556	5.13259506	5.20369911	5.16220665	5.18481350	4.98002863	4.77659988	4.77917814	4.85882902	4.94101048	5.01029348	5.06422710	5.12736750	5.21632481	5.32032251	5.45441341	5.56648636	5.70304155	5.86035919	5.92610121	5.89047384	5.84564257	5.82454681	5.81141949	5.76736498	5.66457653	5.50856447	5.31075573	5.14023161	5.00650740	4.84498215	4.69016218	4.53633308	4.40233946	4.30098677	4.20893717	4.13326502	4.04925966	3.94153547	3.81164455	3.68017888	3.57042170	3.45978594	3.33321738	3.20387149	3.13450217	3.08444405	3.04401875	3.00726390	2.99581051	3.02113509	3.03184462	3.03606677	3.03530073	3.02949572	2.93508554	2.84468293	2.81404114
46.0000000	2.96889544	3.33044314	3.43768358	2.89834166	2.65822482	2.67521715	3.99333310	4.67778921	3.51461172	2.62019491	2.65892434	2.64416146	2.64016080	2.57507396	2.56933594	2.11929417	1.92515111	1.72424734	1.55107212	1.46026003	1.52132845	1.81281495	2.16320515	2.26423883	2.11571074	2.06926107	1.87463844	1.67359459	1.51836872	1.45246625	1.39650750	1.42044687	1.43061006	1.45905375	1.46833825	1.46952438	1.48769701	1.54452991	1.65880740	1.76353240	1.75031459	1.67245030	1.59354365	1.50690567	1.43996119	1.28021300	1.16972482	1.05073190	0.966155589	0.917732775	0.891530156	0.882842541	0.889256001	0.908184707	0.924081028	0.951985836	0.966094494	0.954109550	0.907002926	0.840082467	0.813080728	0.781088054	0.734025717	0.712920189	0.704458117	0.717417061	0.727457404	0.770762682	0.780437350	0.805022478	0.853761137	0.897208393	0.833566070	0.708675802	0.614060521	0.552814722	0.561377108	0.592269719	0.666878760	0.822045684	0.964936316	1.07314789	0.865354002	0.899087906	0.648318112	0.527460814	0.414218843	0.372031897	0.366840333	0.430242926	0.633847713	0.607056499	0.457642615	0.352970749	0.272295415	0.296072006	0.391199321	0.447666496	0.407611191	0.308652878	0.292558342	0.305273801	0.307388186	0.299633622	0.287104219	0.275831699	0.282508314	0.280313402	0.275828987	0.270336419	0.281700790	0.318005651	0.352784246	0.416259348	0.479141861	0.534635901	0.556719601	0.559100270	0.580445826	0.585316896	0.515698373	0.439142555	0.365553349	0.345180899	0.388790518	0.449594736	0.540275097	0.672037303	0.799690068	0.859861672	0.899291694	0.830939770	0.874220908	1.04063630	1.30833364	1.59734893	1.57922626	1.84253120	2.19236779	2.52050638	2.83772731	3.18996668	3.28352332	3.24342251	3.18863368	3.26325989	3.39236617	3.49745107	3.53219748	3.56870270	3.64187503	3.57968140	3.65214419	3.71662879	3.77465439	3.84122157	3.93499136	4.04355621	4.14691401	4.25797844	4.37673235	4.45935297	4.49310350	4.54071474	4.61150646	4.63806009	4.61971521	4.61429310	4.63296652	4.64760923	4.63162804	4.57611847	4.53956079	4.53513575	4.52727890	4.52337074	4.50036955	4.50716066	4.53365040	4.54260969	4.50354433	4.43449354	4.39464760	4.36387157	4.35917139	4.37335300	4.36951494	4.35044336	4.35629225	4.37397671	4.38574743	4.37757969	4.35270929	4.31595087	4.30013323	4.27584887	4.23225164	4.22282600	4.21112347	4.22389174	4.21169043	4.18921471	4.15501928	4.14472008	4.17142487	4.21615362	4.25162935	4.26266956	4.22888422	4.17073202	4.15189171	4.15393829	4.15862846	4.13234949	4.05097246	3.99393964	3.96438551	3.91844773	3.86366963	3.83086205	3.82469606	3.80656528	3.74313307	3.65499091	3.56924510	3.49541759	3.44001698	3.39749241	3.39126921	3.38466382	3.37131929	3.35628152	3.39869666	3.58679342	4.08155727	4.93302393	5.88615751	6.18898106	6.21400976	3.22883797	2.25504065	2.23844147	3.24557471	3.63772345	4.81957006	4.62622404	3.25576687	2.33127570	1.87154460	1.90991342	1.98117995	1.58417273	1.34918213	1.25089240	1.24618506	1.20605719	1.14901233	1.08628094	1.08029640	1.09638214	1.11981857	1.15371227	1.18697155	1.26594162	1.36818266	1.47273421	1.57349455	1.66128540	1.76975751	1.91271222	2.02674294	2.13324857	2.19170284	2.30339646	2.44395185	2.52640057	2.58785510	2.63345385	2.67703700	2.72526503	2.80637574	2.79728436	2.72307062	2.83266282	2.89201927	2.97270966	2.97043014	2.97542191	3.17195225	3.28507876	3.23042488	3.33259368	3.45921779	3.62146568	3.69753575	3.74031234	3.76059890	3.91180110	4.11121988	4.40309429	4.51359081	4.62423372	4.81196165	4.95405817	5.07242775	5.13155699	5.15098333	5.11372662	5.03020859	4.98542118	5.03657532	5.11075926	5.16158533	5.19886637	5.27161360	5.36459875	5.47616959	5.57785797	5.67492628	5.81286526	5.91648006	5.92958021	5.86944246	5.81449747	5.78058577	5.72407770	5.63544178	5.47113562	5.25405598	5.07665539	4.94201183	4.79233551	4.66084480	4.50843859	4.37019253	4.23681021	4.12331867	4.02054739	3.91442299	3.78783703	3.62680316	3.49336004	3.37423563	3.26812863	3.19126272	3.09072113	2.98247933	2.93959570	2.93112493	2.93258476	2.95531821	3.00985765	3.06891465	3.06059432	2.97813249	2.86121845	2.80378699	2.80838704	2.85831809	2.80221534
45.0000000	2.86516857	3.26969457	3.63373423	3.10472488	2.44915462	2.33301163	3.28423262	2.70877194	2.37897372	1.86920130	1.70961189	1.81602502	1.82142758	1.83798981	2.07950568	2.36667657	2.53241158	2.45605183	2.16666579	1.84886873	1.69938302	1.83307433	2.15121818	2.03506231	1.89407492	1.75994134	1.63714588	1.52721024	1.46916270	1.42535436	1.45732474	1.49652874	1.55859923	1.61898458	1.59740222	1.44668484	1.42523551	1.50265896	1.68512821	1.93787766	2.26712298	2.06754661	1.86091626	1.58766985	1.36147368	1.18982553	1.10291958	1.01555741	0.932783723	0.866516113	0.851999819	0.854789078	0.869016051	0.868907034	0.857796848	0.849687099	0.847343802	0.826899290	0.780983210	0.739363909	0.730257571	0.741019666	0.702509582	0.665201664	0.642317355	0.643260419	0.686829567	0.730511308	0.747424304	0.764065087	0.776472270	0.792963982	0.782485068	0.795388579	0.730619192	0.747127175	0.747383654	0.807757497	1.12715304	1.58328903	1.29656613	0.920506299	0.729604244	0.576379955	0.562705994	0.479402363	0.391043693	0.354977816	0.341325402	0.367040753	0.429127902	0.414413124	0.259895712	0.207108706	0.200432092	0.239880055	0.252376974	0.315753192	0.325470388	0.265248001	0.241099983	0.229402453	0.226510122	0.220669493	0.220864445	0.232083455	0.233922735	0.241250396	0.245247066	0.251338392	0.266398787	0.302309334	0.357517004	0.416409791	0.477602273	0.508676171	0.541822433	0.586719930	0.594349325	0.562627733	0.443758726	0.377153754	0.344789624	0.359007686	0.429228157	0.513918579	0.645668924	0.810286105	0.987237513	1.12344146	0.975159228	0.987493396	0.980740547	1.15745437	1.43904793	1.59249830	1.64272499	1.82611132	2.21659398	2.79334641	3.36758065	3.67002821	3.71898603	3.55322003	3.41946387	3.35107589	3.47979569	3.62837148	3.69752955	3.66108203	3.64389944	3.67131734	3.74932504	3.82530236	3.88644385	3.97792292	4.07033968	4.17552328	4.26533127	4.35288811	4.46433640	4.55658960	4.62031174	4.70600653	4.79458094	4.85543537	4.85772943	4.86074591	4.86879635	4.89310980	4.88529110	4.80679512	4.76373672	4.75106668	4.72648335	4.70040417	4.70065498	4.75294209	4.84823656	4.90141296	4.88690424	4.81605625	4.77733564	4.75923824	4.77502823	4.77435303	4.72848034	4.69159985	4.65754128	4.64808226	4.65687799	4.65648890	4.60736561	4.56418180	4.53162956	4.47700071	4.41312170	4.38943720	4.41314793	4.42335224	4.39969873	4.39040661	4.37480068	4.39407444	4.41683435	4.43389416	4.47781324	4.46379709	4.40083456	4.35195160	4.33567810	4.32862663	4.33391428	4.27115297	4.17599344	4.08155918	4.06229877	4.01097393	3.94768453	3.89381289	3.85235929	3.79908347	3.70720577	3.63704753	3.57899904	3.51205230	3.45666862	3.40281677	3.36189508	3.32343984	3.27642202	3.27065778	3.35956645	3.60499573	4.06537247	4.83243084	5.72500038	5.55950260	5.38050365	3.18242478	2.79612160	2.75803733	2.79558706	4.05059099	5.19735098	4.06908321	2.59772038	2.04508114	2.21198225	2.41784334	2.45138502	1.72873259	1.53098428	1.33906174	1.34499764	1.31952345	1.21056056	1.11808741	1.07735097	1.08278620	1.10577118	1.15011692	1.22777951	1.31575787	1.39086020	1.48078775	1.56798065	1.66862094	1.78714609	1.92423797	2.05546045	2.13643312	2.17099357	2.30454278	2.49587369	2.61738777	2.52359843	2.55875993	2.68532753	2.81055808	2.94624043	2.98912048	2.91974568	2.93470693	3.00478745	3.15937448	3.11130381	3.21649384	3.32955456	3.36682177	3.46719909	3.56613135	3.73430061	3.94640326	4.11201429	4.09728479	4.16428804	4.37058544	4.43498135	4.46404314	4.52881622	4.68789101	4.87549877	5.10571051	5.28774405	5.38368559	5.37334490	5.29018354	5.21572828	5.17513418	5.19993448	5.28608751	5.37861252	5.45991611	5.54711580	5.64478636	5.72131395	5.77685642	5.84528589	5.94282532	5.98191261	5.93995905	5.82788277	5.74238682	5.64799690	5.54923487	5.40333796	5.23239470	5.03635883	4.83063364	4.68153811	4.56567907	4.44450235	4.31141472	4.16400051	4.02364492	3.88038039	3.74055815	3.60639262	3.46025205	3.32578540	3.20005178	3.07968855	2.98959112	2.93710756	2.85875082	2.77708507	2.75314498	2.76460338	2.80890107	2.89551258	3.00975800	3.05687141	3.00367403	2.88042307	2.69835091	2.68338609	2.77040172	2.85326624	2.83689857
44.0000000	2.70967865	2.69845581	2.55175591	2.16550493	1.79214156	1.86091983	2.18146634	2.17639279	1.98809361	1.75353181	1.76993108	2.02660418	2.01326871	1.75570595	1.70757043	1.93326950	2.72210002	3.25615954	3.02679777	2.66706848	2.27624893	2.03626561	1.89823651	1.70075333	1.66308248	1.62492812	1.58414924	1.55992937	1.56726646	1.60099065	1.62027931	1.62108564	1.61742771	1.60870135	1.53193569	1.44702494	1.39967930	1.55461717	1.95323491	2.80732203	3.74903393	3.14777732	2.75451756	2.12537551	1.59930694	1.26996088	1.22561181	1.13755727	1.02910733	0.872593939	0.813855588	0.790519536	0.797485650	0.778973222	0.775899231	0.739902258	0.715708733	0.692403853	0.656974077	0.624223530	0.616278708	0.616506100	0.610840619	0.588154018	0.575430632	0.593207240	0.645088553	0.735928595	0.864627779	0.848277330	0.822785378	0.846776724	0.870480716	0.921540558	1.01006305	0.986294389	1.06226647	1.29180050	1.67412162	1.76572192	1.20937479	0.863961101	0.804673731	0.990374029	1.03462863	0.806320786	0.734358251	0.596709490	0.515369296	0.336007327	0.284860283	0.234467998	0.180728078	0.151880994	0.159535870	0.191596985	0.204152405	0.213593289	0.210831568	0.187472716	0.171669722	0.175604418	0.181057274	0.204459146	0.212204069	0.223276526	0.225258514	0.226160780	0.226263776	0.242871329	0.272344351	0.310562700	0.356283426	0.408566862	0.477735043	0.550555825	0.590345860	0.662047327	0.554041982	0.449629903	0.391133875	0.380138040	0.385176122	0.428896606	0.517231405	0.627292335	0.823546946	1.04945552	1.17429364	1.02264881	1.06446755	0.932578862	1.01163661	1.23764277	1.41467917	1.52451861	1.69007921	1.94968235	2.51410723	3.22997212	3.74404073	3.94395804	3.74901867	3.41878867	3.04921937	3.07543778	3.20272064	3.35634184	3.52029562	3.63607216	3.71176887	3.77938056	3.88243818	3.97467089	4.07626152	4.17273569	4.30173206	4.41712475	4.49618435	4.53433657	4.61991596	4.71914768	4.78239012	4.86403608	4.98042822	5.06976366	5.10023928	5.12182283	5.13473129	5.15774107	5.15972853	5.12469769	5.09339571	5.02771521	4.98208141	4.96285295	4.98429823	5.04740095	5.13788700	5.20915127	5.24806213	5.22486162	5.17406845	5.12741613	5.10682917	5.09722757	5.06109047	5.04238892	4.96690083	4.92040348	4.93874168	4.93714714	4.87970781	4.80423546	4.73546600	4.66579962	4.62818432	4.63211823	4.65948009	4.66776037	4.60962677	4.56943607	4.57775450	4.59925699	4.61411953	4.61562395	4.63003397	4.62697554	4.61071014	4.57904291	4.51443624	4.45179224	4.41152143	4.35807753	4.26200533	4.16913033	4.15503550	4.10799360	4.04082012	3.95802069	3.88498616	3.80302501	3.69250989	3.62128973	3.56343746	3.52257800	3.45127177	3.37752461	3.31563044	3.24339271	3.15672278	3.15371943	3.31460667	3.60145783	4.12128830	4.88445663	5.68264675	5.95992947	5.46814013	3.15999508	2.66908026	2.40470695	2.20002365	2.69452906	4.00423336	4.22129440	2.57947159	2.11212182	2.36366177	3.05894089	2.48947668	1.56443262	1.23246741	1.26454854	1.26791871	1.24706674	1.24196851	1.13836229	1.13554037	1.14929950	1.17263842	1.19374967	1.25056708	1.34226239	1.43805790	1.52771032	1.62008572	1.72165775	1.82196033	1.93504810	2.01928902	2.09808517	2.17718101	2.34860301	2.57375526	2.61930609	2.59973359	2.62284279	2.76433134	2.99348927	2.96105051	3.02753592	2.97385001	3.08855200	3.33733463	3.47189307	3.34962034	3.37261367	3.50715256	3.58877993	3.67186880	3.75498343	3.90305614	4.15067196	4.50676346	4.54471350	4.39222002	4.40101194	4.47942781	4.64526987	4.79674053	4.98086309	5.17758226	5.40293980	5.61569405	5.72420359	5.70975447	5.60112381	5.49882126	5.42222738	5.41565847	5.51982689	5.63642550	5.79835033	5.93758535	6.00925207	6.03459406	6.03831959	6.07979059	6.10666370	6.07493687	5.94385719	5.76742268	5.60090160	5.44468880	5.33094215	5.19067383	4.99097824	4.79729795	4.59379339	4.42662621	4.30873680	4.19772530	4.06014395	3.90484977	3.72841716	3.55066442	3.39528155	3.26190829	3.14665866	3.02249050	2.91504335	2.80736327	2.73278594	2.69084191	2.62809944	2.56942940	2.55322576	2.58164477	2.68047643	2.93001008	3.28781152	3.30985236	3.10421872	2.75121093	2.59993935	2.55203509	2.67365909	2.88599873	2.89727497
43.0000000	2.94480944	2.44047999	1.98948467	1.43119323	1.28893447	1.28759968	1.55029500	1.68698752	1.73392093	1.64224875	1.72649407	2.04424262	2.16758013	2.12447619	1.65964782	1.51459455	1.97435367	2.84797835	3.80786204	4.09472609	3.34594607	2.54019117	2.18976784	2.14182830	2.05490017	2.04061627	1.97865772	1.79087460	1.77686870	1.79851329	1.79943073	1.76859093	1.75599468	1.76577187	1.70300865	1.57190442	1.53774357	1.56211269	1.70798385	2.07169175	2.86739230	4.32906723	5.07427883	3.67624187	2.17289233	2.09944463	1.98320758	1.61018109	1.29823828	0.969124973	0.793137431	0.708402574	0.667882323	0.636490941	0.637478054	0.631528199	0.616190195	0.585384011	0.541631103	0.524556637	0.529715180	0.538025618	0.544013262	0.556375623	0.574710608	0.613122821	0.674132824	0.783898771	1.01276135	1.39895082	1.84967303	1.71253562	1.87550008	1.77905512	1.65548944	1.60805202	1.74410033	1.71595407	1.62714446	1.50390053	1.23528647	0.995116472	0.980647326	1.13369179	1.07850647	1.00656009	0.918843150	0.698674440	0.347871214	0.203349352	0.125314832	0.113588691	0.101343162	0.120100655	0.198410094	0.239960000	0.189230204	0.185101897	0.169296756	0.142377019	0.122335523	0.130392835	0.151390523	0.161048606	0.178013220	0.192444980	0.192247331	0.203873530	0.233288124	0.280166656	0.325517058	0.361550957	0.393045098	0.430873007	0.512902141	0.615341306	0.631340802	0.621458590	0.546139061	0.451969475	0.403714299	0.422781855	0.460980713	0.542592704	0.671874702	0.824391425	1.06293654	1.24862957	1.26244533	1.02729499	0.947758675	0.970800459	1.02140665	1.17079163	1.33797598	1.48858225	1.75137043	2.17904258	2.75006557	3.36698341	3.84229088	4.01711988	3.19336390	2.83463168	2.83498716	2.86990142	3.02487946	3.22130036	3.45127034	3.66621137	3.85906863	4.03542233	4.18288231	4.34042883	4.48689079	4.62665796	4.71552658	4.78499079	4.81025553	4.81946945	4.88980627	4.97651482	5.01656294	5.11360455	5.24517822	5.32670259	5.34647703	5.37721634	5.42045450	5.46123552	5.49949789	5.49423075	5.44615507	5.35567665	5.27453947	5.26491404	5.31209183	5.35399389	5.42188835	5.48063898	5.54181671	5.52823639	5.51445389	5.46638918	5.40163326	5.41052103	5.39042807	5.33552122	5.26153278	5.20970011	5.18153191	5.17074490	5.10011387	5.01737404	4.98647928	4.94248295	4.86769104	4.86883116	4.89491224	4.88486814	4.83492613	4.80472136	4.80148840	4.79105997	4.80101442	4.81073570	4.80921412	4.81582308	4.77787256	4.72483826	4.61397934	4.53514481	4.49578714	4.46438646	4.39867830	4.33194685	4.30536652	4.23191881	4.13568830	4.03446436	3.93685555	3.81023741	3.69315505	3.61645174	3.55413580	3.47836757	3.37163115	3.29016256	3.23911452	3.17316699	3.09012365	3.06946540	3.20726466	3.53608370	4.12587070	5.02673149	5.73460960	6.21156216	5.59442234	3.11013985	2.28983808	1.98893237	1.76167178	1.99412918	2.12184072	2.39070916	2.01797318	1.91902339	2.65433979	3.34214401	2.45694709	1.59810615	1.14060915	1.09784961	1.20688736	1.23908317	1.19766164	1.19056845	1.20689094	1.22976685	1.25103045	1.26151276	1.29761684	1.36392665	1.47887921	1.58695757	1.67960978	1.77502131	1.90545511	1.99805284	2.11460090	2.20004272	2.33207083	2.50355291	2.66799951	2.67693949	2.64009261	2.67714763	2.85274625	3.08513212	3.13808513	3.13749027	3.05282402	3.17157578	3.48560572	3.59685159	3.47607803	3.77528477	3.55552292	3.57667494	3.66413784	3.89817715	4.12318707	4.35226202	4.49375010	4.54648066	4.57108974	4.66367292	4.82686424	5.02856016	5.23248911	5.43341589	5.65517807	5.87423801	6.05165434	6.15797138	6.15761518	6.04863977	5.89233971	5.76702118	5.73030424	5.77041578	5.91258526	6.11144876	6.32332563	6.41759682	6.36780643	6.34174585	6.34641027	6.26462221	6.08064222	5.86105013	5.60272789	5.39549541	5.27229261	5.13535070	4.94480658	4.75562811	4.53412247	4.30943680	4.14285946	4.01972628	3.88501906	3.73321176	3.58158660	3.44956303	3.28875327	3.12577987	2.99480486	2.86682200	2.74104548	2.61886477	2.52611709	2.46686411	2.41662455	2.37775588	2.34283781	2.31277823	2.33761573	2.55602241	3.14071822	4.11232901	4.32618523	3.96921945	3.00461650	2.63309503	2.21422172	2.39960814	2.71042538	3.03412938
42.0000000	1.27628422	1.22790945	1.28362846	1.27209878	1.19958627	1.19945884	1.27161181	1.42155123	1.53022408	1.59092510	1.56585944	1.82142723	2.06259394	2.17794394	2.11787319	1.70022976	1.80237055	2.24365306	3.22453189	4.16322994	4.23713303	2.85432577	2.32625365	2.33609867	2.23970366	2.25761080	2.24477315	2.17489862	2.12711835	2.12388277	2.09899235	2.16058469	2.42529678	2.66872931	2.42267799	2.16085601	1.95379245	1.89360523	1.88363922	2.02552319	2.38247299	4.43639135	5.27390146	3.46315122	1.94365013	1.60813653	1.89180470	2.01534939	1.60036516	1.34866464	0.929321349	0.668244541	0.571790874	0.530538559	0.547509193	0.567124963	0.567629278	0.533411443	0.513945639	0.504898846	0.506982386	0.489690036	0.493486971	0.530603707	0.609882891	0.672972202	0.726860344	0.781442404	1.00054514	1.51355994	2.34748340	1.99872994	1.94718659	2.10910869	2.16386008	1.82717264	1.50953209	1.37491906	1.32892764	1.19039321	1.03563666	0.714984417	0.512209773	0.424704850	0.411804169	0.408303291	0.373253375	0.263536423	0.198678493	0.146283492	0.114555389	0.110483319	9.92557183E-02	0.124206014	0.195720673	0.274690390	0.239074349	0.218101084	0.205926865	0.173564404	0.140570089	0.139427960	0.139296383	0.138800398	0.141907305	0.158337504	0.173559919	0.195187613	0.236847252	0.317427218	0.396436572	0.446679205	0.502900004	0.550570309	0.599991322	0.614466727	0.622974515	0.597590208	0.539435804	0.472856253	0.472850323	0.487220645	0.551545084	0.661290467	0.819072723	1.00363851	1.33029997	1.39819491	1.43582869	1.08050895	1.05675662	1.12569749	1.27926409	1.47825992	1.66338754	1.86866975	2.15301633	2.53923750	3.00302982	3.53428698	3.87706423	3.46250319	3.35421896	3.31099606	3.24050999	3.21997976	3.30080819	3.42720199	3.63081241	3.87558866	4.14566803	4.35885239	4.58423376	4.81294155	4.98068666	5.11309767	5.19609022	5.23586321	5.23108578	5.25923300	5.30108786	5.33133078	5.34658766	5.44492245	5.56848812	5.65469980	5.71403408	5.76866770	5.83490086	5.92065668	5.97124577	5.97016859	5.86902809	5.78189278	5.68945122	5.65460587	5.68529701	5.69933939	5.73716688	5.77087402	5.82179689	5.78909969	5.75683022	5.69875765	5.65779400	5.65806246	5.62235260	5.59926558	5.54302025	5.51911831	5.50054932	5.47365952	5.36261177	5.28055716	5.24090624	5.17602682	5.14385462	5.16625881	5.16932917	5.13909149	5.05401659	5.02909946	5.04727411	5.05097914	5.07904100	5.10158825	5.06998968	5.00341225	4.91702414	4.82492685	4.74879551	4.71495533	4.68988419	4.66497040	4.60568190	4.54547548	4.47901154	4.39922094	4.27909946	4.15184164	3.99135637	3.80337095	3.66630864	3.58153200	3.50722623	3.41698861	3.28402114	3.16047978	3.09418893	3.04605436	2.98265457	2.99055362	3.12259293	3.42413425	3.99597144	4.87461138	6.45302153	5.56414223	4.49455118	3.17419052	2.26251459	1.79930925	1.77427721	1.82591641	1.97730410	1.85669351	1.64268327	1.62121367	2.37524080	3.03013873	2.51987600	1.61061096	1.19518554	1.26743424	1.39395773	1.32304418	1.21801865	1.13285100	1.12437117	1.16054773	1.20114028	1.27119052	1.33344555	1.41125655	1.51245654	1.61253905	1.73623908	1.87824726	2.00513506	2.13327241	2.26794744	2.39098120	2.52488303	2.63916135	2.76740122	2.79806447	2.79790235	2.88826036	3.06300259	3.26221490	3.52716827	3.45164943	3.32790732	3.16126752	3.40525174	3.62500811	3.43286848	3.61228275	3.70860362	3.63830996	3.71872020	3.96871805	4.21796560	4.43147659	4.60553789	4.81786776	5.02600098	5.25600100	5.44463825	5.57441092	5.69506502	5.87007999	6.07765198	6.26779079	6.47213316	6.55634499	6.60103226	6.53447008	6.34224081	6.12841272	6.02163839	5.99352884	6.08718824	6.29846382	6.49605942	6.55176878	6.48244762	6.45252228	6.35394144	6.14828444	5.88923645	5.60405779	5.36825037	5.21184111	5.02674150	4.80576277	4.60854101	4.39330149	4.18388271	3.99260497	3.84065127	3.70575905	3.52426505	3.35932922	3.23808622	3.13247323	2.98799014	2.85758901	2.74451804	2.60547590	2.46369147	2.36377215	2.28784227	2.21343112	2.17257881	2.13475943	2.09807134	2.06890750	2.11089468	2.31680608	2.93282747	3.97734499	4.39073896	3.47989845	2.25719118	1.77135336	1.73412049	1.96879601	1.64905381	1.51880109
41.0000000	0.884775758	0.831801295	0.856767893	0.935259879	1.03974450	1.13394463	1.18287778	1.30619419	1.44771707	1.46050537	1.52398872	1.53531933	1.69969499	1.96045053	2.11023521	2.22081089	1.99598753	1.94932628	2.58837819	3.30067801	3.78783369	2.80707026	2.32919741	2.02767992	2.15399623	2.39848781	2.50622606	2.49880648	2.41627622	2.55418181	2.67760849	3.41415501	3.61655140	3.18920445	2.93572021	2.67125487	2.89069700	3.25936365	3.57635260	3.93507504	4.26265764	5.53796101	4.02824402	2.64374971	1.78557599	1.36953735	1.31528497	1.54906785	1.73945582	1.41966617	0.962625325	0.679541171	0.572430313	0.516498327	0.513736606	0.559897423	0.536447763	0.530326188	0.511537731	0.496416539	0.492727190	0.479602575	0.477415472	0.521405280	0.612521231	0.736163437	0.789542496	0.851959765	1.06857908	1.50475013	2.09488964	1.49547410	1.56399143	2.29591823	2.82327485	1.84934151	1.20832717	0.960034370	0.742233872	0.536013722	0.345246941	0.219896391	0.155650899	0.129122868	0.110608555	0.106925867	0.108376786	0.115706936	0.129228234	0.132897630	0.127660498	0.114953339	0.109672874	0.134840384	0.196894199	0.249690354	0.236542061	0.260135561	0.267467678	0.240914226	0.187872663	0.173996240	0.160970822	0.157051817	0.152540997	0.160731569	0.176509976	0.206462577	0.253239661	0.326728553	0.419655770	0.517578959	0.580688536	0.590149403	0.612780392	0.578244030	0.524255157	0.487419248	0.475627422	0.512401819	0.527165413	0.566019297	0.638774872	0.750953555	0.915235698	1.13438570	1.38305271	1.47221065	1.29521966	1.31748474	1.34406972	1.47841012	1.71918344	1.95982814	2.12207699	2.27520776	2.50163865	2.79552889	3.21486831	3.76777267	4.27651596	3.66944194	3.43294406	3.58486152	3.76741648	3.92653847	3.99137783	4.01095629	4.08251429	4.18668795	4.33484840	4.53645086	4.78586388	5.06829023	5.34002066	5.56485415	5.70427656	5.77373600	5.80460310	5.81987476	5.80336714	5.75748301	5.73104954	5.77065945	5.82480001	5.97421694	6.08625078	6.16388178	6.21412897	6.28653955	6.39722061	6.40733051	6.32003593	6.20012331	6.09483528	6.05813551	6.06969881	6.02937889	6.04206562	6.08243513	6.10827780	6.03902435	5.98866367	5.95338964	5.92833471	5.92527580	5.87360907	5.83109570	5.77477026	5.72300005	5.71745253	5.66452312	5.57765579	5.52658224	5.50417614	5.50398970	5.47183084	5.45260668	5.40980768	5.29080677	5.22370863	5.26103830	5.30730867	5.30205822	5.31894588	5.31609535	5.25605059	5.16970682	5.06764269	4.98570919	4.95088482	4.95034599	4.90454531	4.84168577	4.77101088	4.70146942	4.61521578	4.48922205	4.35861778	4.18497992	4.00987482	3.84118962	3.68953180	3.54752231	3.44013238	3.34025168	3.17890239	3.06927204	2.99667072	2.93183208	2.85732698	2.89037204	2.99760747	3.18870974	3.61638451	4.43284464	5.66306639	5.79925156	5.32023954	3.30780506	2.19328070	1.59579861	1.46571565	1.66850924	1.94387388	1.82964361	1.38268948	1.41539288	2.07375598	2.86056304	2.79703331	1.80975926	1.49004662	1.95695281	1.64969397	1.42895460	1.24919128	1.13005650	1.09938014	1.12586594	1.17233813	1.24284351	1.34184515	1.45199835	1.57228279	1.72093499	1.87337565	2.01518536	2.12326097	2.26612854	2.43189049	2.58167553	2.70099974	2.82329917	2.95056820	3.04443693	3.12037516	3.22905588	3.33699942	3.50277996	3.59641314	3.53374696	3.32321429	3.32382751	3.51888967	3.50494361	3.49593210	3.52440548	3.54865360	3.59097958	3.74124050	4.03119755	4.32747364	4.55733919	4.84903955	5.23288059	5.60719252	5.89105272	6.06604052	6.10937119	6.05954409	6.05855989	6.20950270	6.40338087	6.57307529	6.68153572	6.74830675	6.67857885	6.49198675	6.25083780	6.09399796	6.02369785	6.04044628	6.17829084	6.29934311	6.32480907	6.27385807	6.21147442	6.02831841	5.81568241	5.57171392	5.31875563	5.08857107	4.86090517	4.64129257	4.46186209	4.23021221	4.00101662	3.82318902	3.65365815	3.49159980	3.32100892	3.15266442	3.03503609	2.94867396	2.83019543	2.72018218	2.61910486	2.51637578	2.37765837	2.25838447	2.16349578	2.08226800	1.99812269	1.93506336	1.89190805	1.87195241	1.86332142	1.90501118	2.07830858	2.50531554	3.20729232	3.60115480	2.63750029	2.00456667	1.62809944	1.63710725	1.49357736	1.27812707	1.08496177
40.0000000	0.834663332	0.778450251	0.792418361	0.855090499	0.953689992	1.13806450	1.18979657	1.30032635	1.39359891	1.49118841	1.42935073	1.52407837	1.63598514	1.77854121	2.12021494	2.41221833	2.40931845	2.17032075	2.32639050	3.11176729	3.69418359	3.27657843	2.33983231	1.98110449	1.88269579	2.14222312	2.62346292	2.80284572	2.78699183	3.02298498	2.87147307	2.57934237	2.42674375	2.50665140	2.49259281	2.64143157	2.67193460	3.01592612	3.22442055	3.29860854	3.20997238	3.62218547	3.23715258	2.57106423	1.71840048	1.73883843	1.61592507	1.44211161	1.36303580	1.15046287	0.905558825	0.730515778	0.639199674	0.594000697	0.563225269	0.576996803	0.574993253	0.565094471	0.541931629	0.518910885	0.499460846	0.482617974	0.493544281	0.523792207	0.605713665	0.785489142	1.10920393	1.42849970	1.77710676	2.12436414	2.28187370	2.22902560	2.31182146	2.53994823	2.41272950	1.81215680	1.19561219	0.780287147	0.469129980	0.254395187	0.159390539	0.117514357	9.57414433E-02	9.08817127E-02	8.97455961E-02	9.74125564E-02	0.109280944	0.126613557	0.136970282	0.153788030	0.175963610	0.190391675	0.202382356	0.236403540	0.324931264	0.433480918	0.464108288	0.504388988	0.426337749	0.289330542	0.239423782	0.223429680	0.203180701	0.193116918	0.176304713	0.188899651	0.204195395	0.237782314	0.296028256	0.370390594	0.430669755	0.503555477	0.554347694	0.588671684	0.609814346	0.577640295	0.529064834	0.481750101	0.484862924	0.530945182	0.567779541	0.622776210	0.701221704	0.804954946	0.932216167	1.16075754	1.36182582	1.51176369	1.54791486	1.62316251	1.68955994	2.07511735	2.33892393	2.46846294	2.53791642	2.63541532	2.76958585	2.98124409	3.40235972	4.14039612	4.74260521	3.88924551	3.22573447	3.67978930	4.30042791	4.76479435	4.95799446	4.86855364	4.71758795	4.63489199	4.64913750	4.76158810	4.95788860	5.21630239	5.49971533	5.78132915	5.99195004	6.11849260	6.20971727	6.27986908	6.27466583	6.18606043	6.10610199	6.04870033	6.09529829	6.27843857	6.39207888	6.44561911	6.47228622	6.57241106	6.68003368	6.69498730	6.61567926	6.50948954	6.39979219	6.35381222	6.29600763	6.28068399	6.33267546	6.39501429	6.35308027	6.22819424	6.15107250	6.09600353	6.06321096	6.07707977	6.06669664	6.00624228	5.94092178	5.90239286	5.88592672	5.82978821	5.73630190	5.69689798	5.70524597	5.70058107	5.66324234	5.64373112	5.61141205	5.51388264	5.47647429	5.49219131	5.44697046	5.43112707	5.47106123	5.45207787	5.37603235	5.30946493	5.21667767	5.17499781	5.18235683	5.15380716	5.08075666	4.97726440	4.91924095	4.82690001	4.69970369	4.54647207	4.35934687	4.18646812	4.03229761	3.88228822	3.67519021	3.48051071	3.34904218	3.19565797	3.09747052	3.00701690	2.88472104	2.79683709	2.74207592	2.75900722	2.77448177	2.84822893	3.17408991	3.97843480	5.32689095	5.56741238	5.29990292	4.92441845	2.65338111	1.63955522	1.29148865	1.43726563	1.62463176	1.53083622	1.24315071	1.26820767	1.64906561	2.09336352	2.30575919	2.30296898	2.23258591	2.11108470	1.74857712	1.36617148	1.19761956	1.11102760	1.11453044	1.14852655	1.18313706	1.23877323	1.35364926	1.50475180	1.64759028	1.82838178	2.00819874	2.19663310	2.30352736	2.46141887	2.60438943	2.78386688	2.95085621	3.15398407	3.24941230	3.35620689	3.45231128	3.53282380	3.63354135	3.71745014	3.72761440	3.38826942	3.12931681	3.23556209	3.37038159	3.40964699	3.39770174	3.50505805	3.71236682	3.93807888	4.16529322	4.41783237	4.58744144	4.84510183	5.23198175	5.73827648	6.09266663	6.34611130	6.48149443	6.54261160	6.46566772	6.37885857	6.37784195	6.48658657	6.57602930	6.56490326	6.53757477	6.44152594	6.28146553	6.11068821	6.01383829	5.98217487	5.93484306	5.92694807	5.96339893	5.97083282	5.88521910	5.77362299	5.57451868	5.34234333	5.13395357	4.94296741	4.68805027	4.45265770	4.24809217	4.03500605	3.82594037	3.65626717	3.49911380	3.26143456	3.15137911	2.99316669	2.85462999	2.74119306	2.64040899	2.53020096	2.44644928	2.36274147	2.28003860	2.17506361	2.06351733	1.97278678	1.88770628	1.80656290	1.73780847	1.70458162	1.69726396	1.69150734	1.72965968	1.81049585	2.07556772	2.47057581	2.75196052	2.35282874	2.02640867	1.64500463	1.44684625	1.36096382	1.22932827	0.983980954
39.0000000	0.737962425	0.753638089	0.877114832	0.975841761	1.10690153	1.20102370	1.25840247	1.32749605	1.35089719	1.34286845	1.42207265	1.55958414	1.66509938	1.76508725	1.87884915	2.03350425	1.93950522	1.94956779	2.20459771	2.61009169	3.08915424	3.06625128	2.64448571	2.09106183	2.04600406	2.23287559	2.74035549	3.03356051	3.15571856	3.19798589	2.66224504	2.14995956	1.96289146	1.99219823	2.17526817	2.35903502	2.59445930	2.68496037	2.89440989	2.96081090	3.07533813	3.19162607	2.97140336	2.56484866	2.03809953	1.66599405	1.67535734	1.66456556	1.76536644	1.62988448	1.14070892	0.849941850	0.685463011	0.608188510	0.577269077	0.671176851	0.732291937	0.772132635	0.696572840	0.595914125	0.521273553	0.518287897	0.557742953	0.608502865	0.684282780	0.848280370	1.35852206	2.17545223	3.01773953	3.55814075	4.05152512	4.85662794	4.18800020	2.75237298	1.76534188	1.47681868	0.869468451	0.505083323	0.299302816	0.216538161	0.177478626	0.143689901	0.124293596	0.125141159	0.131196246	0.149093002	0.189274251	0.256386369	0.349674731	0.485458404	0.518689156	0.443761677	0.397630423	0.439538330	0.621119142	0.902932286	0.904765129	0.945565283	0.827517688	0.720135689	0.601124883	0.519590795	0.363654941	0.281367809	0.238274723	0.241198257	0.283382922	0.306484073	0.382430166	0.447311163	0.499714851	0.572403908	0.639874160	0.668164611	0.629354835	0.534506500	0.491927117	0.498304933	0.536014080	0.583280087	0.644973576	0.720542431	0.786481678	0.862758696	0.959132969	1.07232273	1.21502495	1.44840539	1.46365333	1.76047826	2.20017195	2.61472702	2.84509110	2.92427087	2.93012023	2.98788238	3.09710503	3.35796118	3.84173846	4.66396809	5.42462778	3.58660889	3.40981317	4.06417322	4.99455786	5.62342405	5.86962605	5.78559256	5.58791256	5.36660290	5.23009205	5.22422934	5.34496260	5.54329252	5.74183321	5.95066261	6.15305138	6.29995537	6.41596746	6.52357197	6.59222031	6.53618145	6.44007874	6.39183235	6.47973108	6.58440495	6.62595129	6.64000368	6.65829849	6.68957663	6.74442625	6.73522234	6.65132666	6.56696844	6.50298929	6.46727133	6.43725538	6.44121170	6.50107431	6.52038527	6.46182632	6.35355186	6.26996183	6.22993565	6.19657755	6.18712950	6.17207193	6.12624025	6.05526543	6.01031351	5.97921991	5.88886070	5.82046413	5.81349945	5.83064938	5.81265688	5.79944277	5.77379179	5.69881201	5.61396074	5.60599661	5.62197113	5.61667824	5.60961485	5.61924648	5.53393364	5.48630238	5.45665026	5.41384220	5.32548428	5.34430552	5.34997082	5.27048445	5.16263723	5.02608490	4.90861082	4.76139879	4.58817911	4.40071535	4.25067234	4.06571484	3.87190032	3.64091158	3.44293833	3.27312136	3.11290264	2.97863054	2.86350513	2.74534750	2.64166522	2.59659529	2.55390048	2.51612759	2.52012682	2.67963600	3.08520746	3.77938890	4.36008406	4.00504351	5.22801256	3.88909984	2.17574286	1.55709064	1.39233613	1.38155556	1.45410228	1.33881223	1.32726359	1.54071772	1.50223589	1.58021176	2.04841352	2.88619804	2.97283530	1.43824530	1.22603571	1.09284282	1.05566835	1.10057962	1.13285899	1.17562973	1.24551606	1.37895238	1.57235885	1.75174952	1.95042956	2.14291143	2.33731318	2.54431224	2.65466475	2.83255649	3.01205301	3.19690752	3.43462539	3.52876782	3.67139101	3.69248080	3.60927534	3.68800020	3.84196115	3.69146967	2.99148488	2.90130210	3.03906393	3.22024012	3.29568148	3.45665479	3.75930810	4.18177795	4.54883528	4.83136988	5.06543446	5.24861383	5.47789288	5.80043983	5.98276997	6.23084068	6.54698038	6.76097965	6.77154160	6.73100901	6.62015390	6.50549221	6.45040035	6.42109728	6.33679724	6.19843769	6.07571554	5.97605658	5.88966227	5.81938362	5.77988100	5.71455717	5.64010382	5.59050512	5.52659607	5.43651581	5.32315731	5.10399485	4.86521387	4.64781475	4.45965433	4.27993345	4.07313538	3.87142467	3.64207554	3.46894336	3.32008243	3.17281246	3.00223136	2.87239289	2.78979301	2.57206082	2.50102997	2.39764571	2.27346563	2.18126321	2.13193583	2.07331491	1.99446666	1.88529050	1.78876340	1.69360387	1.61036241	1.56764424	1.55622458	1.52850175	1.50024009	1.50984621	1.55478442	1.68377542	1.82580876	1.94168067	1.81538832	1.61839044	1.46844375	1.33629858	1.15771520	0.921650410	0.856472731
38.0000000	0.649941206	0.838148654	1.08488023	1.24664998	1.35854578	1.48525572	1.62673569	1.68563426	1.66740441	1.63150895	1.54723036	1.57475126	1.65926802	1.71585870	1.70335340	1.71833217	1.73304629	1.89214742	2.01305914	2.20186090	2.48507953	2.52080321	2.60391402	2.01955652	2.04698420	2.24051595	2.70778322	2.90339136	3.07248735	2.82180882	2.49781442	2.38316679	2.17080665	2.00679255	2.17656803	2.66418910	2.94425869	3.08157444	3.26028824	3.14062905	2.86508679	3.16260028	3.53064013	3.42630935	2.39765215	1.83063364	1.69362938	1.72703612	2.00353146	2.13489437	1.63937712	1.27334726	0.958945453	0.775226414	0.742027521	0.868527651	1.15740597	1.24605417	1.10260534	0.862526238	0.638202667	0.610438228	0.673036575	0.740974128	0.797785640	0.869807005	1.12205338	1.39603806	1.83349884	2.36667442	3.27621889	4.86352396	4.07676411	2.79506373	1.66434669	1.40096664	1.18635297	0.864062488	0.572973371	0.370953113	0.236202747	0.188939407	0.160402656	0.168826193	0.215213686	0.312302023	0.487672418	0.731989384	0.892447114	0.903394520	0.785632968	0.652173042	0.480950564	0.352043718	0.329475611	0.381288230	0.501298785	0.584096909	0.656402171	0.706935108	0.778951108	0.819092512	0.724593341	0.575033784	0.425214082	0.359131128	0.392292649	0.456274569	0.533280790	0.597150505	0.650964916	0.719736040	0.745922625	0.797752321	0.729143262	0.591423869	0.567715406	0.607502520	0.655064344	0.709853530	0.786757231	0.870656610	0.974000692	1.09427142	1.19891703	1.24920690	1.28417397	1.44751835	1.60405052	1.77249718	2.24752879	2.77523804	3.09849644	3.26933646	3.38056159	3.52090669	3.86779928	4.52845335	5.20894098	5.34905958	4.70608377	3.30655313	3.75267529	4.69793081	5.82202435	6.50176334	6.76540518	6.72185946	6.52449369	6.21086502	5.99274397	5.91824913	6.00120068	6.09850025	6.13941479	6.21548796	6.33674192	6.47734737	6.57213783	6.63465595	6.67326212	6.69599104	6.71424723	6.73784542	6.81431723	6.84336472	6.81512690	6.78078461	6.71477795	6.67560196	6.64178801	6.62144518	6.54848480	6.46316814	6.41014671	6.41887760	6.42518473	6.42446136	6.43292379	6.44260836	6.43513870	6.37967539	6.33276987	6.30510378	6.24957466	6.20830059	6.19042683	6.18394518	6.12875175	6.08083963	5.98662949	5.88711262	5.85217428	5.86887598	5.85233593	5.87379026	5.85241890	5.80349541	5.74627113	5.71743250	5.73227739	5.69872284	5.68310690	5.67540216	5.70121384	5.71933317	5.70953560	5.68905830	5.53072453	5.43473864	5.51060438	5.52542925	5.45719337	5.29442358	5.14530182	4.97844458	4.79950285	4.62155485	4.45393896	4.27754879	4.06021309	3.82112169	3.54962254	3.36687613	3.20515919	3.02194524	2.84987760	2.71873546	2.61313701	2.51863265	2.43077564	2.36339188	2.27329230	2.20907307	2.22068930	2.39697123	2.73109531	3.10579228	3.15079212	3.66990542	4.57567453	2.74409866	1.74857008	1.40706718	1.33773601	1.53179085	1.65262294	1.50723362	1.47365046	1.24969506	1.31709135	1.94824362	2.93977141	2.44173360	1.36045969	1.18394291	1.00093746	0.981350660	1.02181911	1.08227885	1.15801942	1.26360738	1.44813144	1.69191885	1.90236485	2.11342287	2.35068917	2.58287048	2.74749660	2.89755082	3.09183598	3.31389856	3.47055554	3.70097566	3.83653235	3.93735504	3.76778483	3.60335946	3.60579062	3.69382811	3.38562942	3.13793683	3.04384089	3.03205895	3.18283033	3.33542132	3.82408428	4.44777393	4.98809767	5.33079767	5.55161476	5.65064430	5.73453236	5.90113783	6.08498478	6.25988150	6.42008924	6.56908464	6.45185852	6.46162319	6.48218679	6.29272842	6.16371918	6.06810904	5.99179220	5.89070034	5.77307320	5.65469122	5.56748867	5.47496033	5.40940905	5.40996456	5.34368706	5.21821690	5.15541315	5.07245111	4.97169352	4.78982592	4.56664324	4.36505032	4.19224834	4.03932047	3.92458200	3.76824713	3.54608011	3.31368399	3.16242003	3.02212930	2.86972928	2.76591587	2.69213319	2.59906578	2.44976401	2.31024337	2.17353964	1.98057771	1.96735680	1.93286908	1.87680721	1.81293762	1.72960126	1.64171159	1.55754352	1.48807812	1.43993986	1.41707921	1.36263216	1.31141186	1.30496812	1.32197607	1.37855577	1.42088103	1.44280958	1.49744666	1.42775202	1.35688567	1.22738731	1.05138850	0.795584679	0.643181086
37.0000000	0.724681318	1.02513742	1.29275155	1.46831012	1.51956332	1.66249883	1.90466785	1.77945137	1.78598571	1.63671482	1.32311249	1.39148772	1.54089308	1.62061751	1.44041693	1.36850154	1.55549276	1.71387613	1.87836885	2.02106881	2.19079542	2.42594981	2.20346498	2.01656199	1.98961675	1.98057055	2.33298731	2.68617916	3.15184975	3.55695605	3.13900447	3.30094004	3.25328302	2.83668709	3.05195260	2.75837255	2.58540940	2.27055788	1.98018885	1.86944246	1.81997752	1.98908854	2.26187396	2.94233203	3.07847118	2.60266519	1.79647338	1.70412266	1.64393497	1.95077264	2.14250565	2.23854899	1.99816024	1.49669719	1.26580095	1.19353402	1.14653683	1.23100305	1.30627882	1.20510149	0.963300467	0.790178657	0.834481716	0.945599854	1.00905085	1.04258180	1.07170689	1.09847140	1.38974845	1.96425772	2.85157871	4.19832802	4.28706980	3.57382369	2.78226066	2.12667966	1.45140326	1.20394051	1.02180350	0.806649864	0.501487315	0.412879556	0.363564491	0.408481538	0.592617035	0.927538991	1.11566126	1.10357893	0.946256936	0.786046326	0.733057678	0.750851691	0.654679656	0.468182862	0.335324943	0.274740994	0.308919728	0.378160208	0.455752492	0.528429091	0.647268653	0.853562236	1.01801467	0.966479838	0.752674937	0.605215430	0.623524129	0.704810381	0.782434106	0.821181476	0.839703619	0.875883341	0.900884688	0.942874670	0.866114438	0.748704433	0.746188045	0.783281326	0.843711495	0.887666762	0.913304448	0.956499577	1.08434474	1.28835201	1.44920135	1.53790903	1.59592497	1.59453106	1.68237412	1.92534757	2.07602620	2.58396745	3.10136271	3.53759623	3.81434941	4.13144350	4.91690111	5.98669243	6.03880119	4.92030478	3.18046594	3.15109038	3.94602180	5.08488464	6.22940207	6.88989878	7.10665131	7.11291552	6.97460175	6.75830936	6.56528521	6.47244263	6.47049618	6.42500734	6.35517931	6.37894201	6.49713230	6.61356926	6.70170546	6.68554688	6.64644003	6.66715956	6.73763227	6.81311035	6.86555147	6.86203289	6.80603075	6.71466589	6.61141872	6.51101637	6.41833210	6.34739876	6.28251457	6.25290155	6.25430584	6.20729828	6.15531778	6.17850971	6.23913813	6.29092216	6.31082916	6.23699427	6.19286346	6.15132904	6.10480356	6.08532429	6.12834406	6.10909939	6.07636547	5.97723532	5.89279222	5.82538462	5.81731415	5.83732653	5.85830021	5.85908031	5.82828045	5.81267357	5.83004522	5.82731438	5.80481386	5.74965096	5.74336624	5.78140068	5.78921652	5.77362967	5.74601698	5.75616169	5.73838472	5.68024349	5.66391277	5.57032204	5.53751755	5.41569376	5.20211744	5.00225878	4.81357050	4.64154911	4.46522474	4.23470116	3.96280456	3.69572496	3.46580291	3.26087809	3.06828141	2.89551473	2.75708318	2.61552215	2.50923276	2.37367296	2.25191736	2.16641521	2.06482840	1.97111690	1.89390373	1.90992224	2.09321809	2.33149385	2.66443300	2.48544621	2.98467088	3.01254368	1.74815559	1.29252124	1.12246382	1.12092054	1.44095159	1.54918945	1.33248723	1.08558130	1.05891883	1.46065831	2.10528660	2.19142413	1.38429022	1.20976758	1.03762245	0.939162791	0.968215048	1.06175303	1.17911923	1.31957543	1.51235592	1.77976012	2.04240537	2.33644819	2.62305188	2.87230301	3.08693814	3.25242949	3.39626074	3.64880180	3.75896263	3.83449960	3.93773460	4.02587318	3.96296215	3.84193850	3.54097581	3.26475573	3.17182803	3.07224560	3.01203752	3.06403327	3.18677950	3.53497648	4.35822248	5.15283203	5.63850927	5.86047220	5.94679308	5.97733641	5.96067715	5.97163391	6.03508854	6.12465668	6.12733173	6.12386274	6.05672264	5.92240238	5.73843813	5.51363134	5.46925259	5.43982792	5.38694239	5.32748079	5.25234318	5.19854069	5.11956739	5.04751730	4.98920965	4.94987154	4.87147713	4.78533173	4.70466232	4.60672092	4.48101568	4.29728794	4.10545588	3.95318031	3.82144046	3.68588424	3.58163142	3.42006207	3.22459984	3.06380987	2.91793036	2.75485468	2.64183378	2.55710435	2.48471618	2.34493756	2.22517610	2.09090519	1.97671282	1.85569859	1.81896591	1.78445375	1.73102677	1.65342212	1.56031001	1.49642253	1.41940808	1.34792602	1.29961205	1.25210571	1.18846953	1.14322996	1.12706721	1.12524903	1.12173200	1.10410857	1.18146563	1.29098356	1.36158037	1.30174553	1.13250613	0.890784383	0.665164888	0.631442428
36.0000000	0.890806735	1.10497677	1.29340410	1.23468924	1.13143194	1.20347762	1.33850884	1.45144534	1.34430766	1.21779132	0.995149672	1.13657486	1.25803459	1.33481109	1.35764265	1.36394918	1.43125176	1.61259556	1.79854727	1.89941502	2.00541782	2.08303595	2.03580213	1.92395234	1.93998992	1.90281129	2.00947738	2.25602412	2.41390896	2.89003205	2.84831429	3.04304433	3.20469809	2.86067200	2.63864136	2.72288346	2.56735229	1.92108977	1.46096110	1.21046615	1.10823965	1.11727822	1.17039025	1.42427766	1.75251603	2.33421350	2.38144565	1.85547948	1.44697011	1.35515428	1.38219094	1.70664465	1.61667037	1.39176452	1.04755330	0.791337371	0.760899246	0.809176028	0.982689679	1.09990859	1.09035528	0.988333702	1.03278339	1.17708933	1.36654115	1.73067117	1.89128208	2.07001591	2.27580500	2.52405310	3.00028658	4.18514633	5.44763851	5.46321344	5.08800173	4.28441429	3.30418849	1.82523024	1.18918085	0.908049345	0.786278367	0.737574399	0.732139647	0.826719761	0.937565625	1.00635040	0.899771452	0.830627143	0.728253067	0.659915924	0.669067502	0.711506009	0.762078881	0.758750498	0.707264662	0.623062968	0.613729954	0.609448016	0.657125711	0.703936696	0.689234555	0.772546709	0.947835565	1.09839892	1.07255328	0.948806524	0.956766129	0.997491658	1.01997197	1.01244640	1.01970971	1.06469560	1.05944824	1.10769737	1.02868807	0.937757194	0.948683262	0.986471117	1.05669522	1.12062192	1.13062799	1.20844352	1.34842217	1.49446285	1.70349240	1.83516526	1.89574373	1.82951272	1.78731263	1.82708466	2.04690266	2.51007748	3.07487631	3.43811750	3.87117290	4.07317924	4.72082472	5.07808399	3.98242569	3.01773500	2.86818695	3.29930139	4.21078253	5.27411222	6.12698078	6.56342888	6.74170256	6.81870508	6.80827379	6.70219040	6.56621742	6.51756954	6.51686335	6.41623783	6.28650141	6.26377201	6.34762335	6.42675114	6.49977970	6.52763367	6.47800922	6.46284962	6.50923872	6.55281878	6.59535027	6.57060909	6.49791098	6.38945293	6.30193663	6.21831465	6.09931278	6.02062416	5.98108768	5.95744848	5.93100500	5.84905767	5.80847263	5.87180519	5.93404198	6.00109863	6.01126242	5.96322250	5.91312695	5.85923815	5.85258436	5.88988543	5.92565680	5.94377565	5.89202309	5.82630110	5.76485968	5.71262789	5.74218273	5.80620623	5.83661604	5.83904743	5.83500481	5.83706617	5.86862135	5.85345030	5.79902458	5.78389883	5.81921959	5.80540371	5.80748844	5.82152605	5.85152102	5.87911177	5.91152763	5.87001944	5.84594250	5.74451637	5.64878082	5.33099174	5.13134480	4.94308710	4.73437500	4.56951380	4.38841057	4.18040705	3.84041977	3.58863330	3.37183022	3.15859413	2.96096230	2.80129027	2.64300561	2.52250290	2.38498640	2.23902488	2.11935019	2.00284457	1.89151013	1.76873636	1.63580775	1.55971909	1.61836469	1.77026081	2.09895492	2.13822126	1.90076005	2.17981935	1.63323510	1.08027875	0.928081512	0.843657494	1.20709229	1.50731444	1.35426986	1.07955480	1.04964232	1.28740251	1.38935804	1.45533514	1.27874005	1.17433536	1.07513714	0.976393759	0.997583508	1.08869958	1.23683631	1.39802217	1.60503662	1.90701616	2.21055746	2.56389546	2.98678756	3.15940380	3.26313639	3.41224527	3.55511045	3.79666352	3.88687468	3.84742427	3.97347760	4.03179646	3.79548407	3.48971510	3.29818010	3.08061528	3.00416708	2.89623260	2.94151807	3.04662395	3.27595592	3.93109441	4.88660002	5.58284473	5.85588741	5.86738920	5.81398153	5.73559999	5.66628456	5.63438272	5.62527227	5.59886169	5.50458765	5.38435698	5.26437283	5.12288523	5.01894617	4.88844395	4.84679747	4.68859386	4.75831938	4.79387856	4.76554060	4.77053976	4.66871500	4.61206532	4.54824352	4.49363565	4.44358778	4.35510778	4.31560469	4.20940590	4.05292749	3.89278245	3.74118972	3.61944652	3.48453951	3.33191800	3.18937278	3.04484606	2.90861034	2.79425836	2.69303560	2.54606867	2.41794419	2.32731462	2.21863246	2.13354135	2.06956601	1.95592594	1.81902087	1.71528924	1.66778135	1.62732697	1.56003594	1.47449327	1.38911963	1.32963789	1.26835537	1.21023393	1.14646268	1.09015334	1.04263556	1.01041937	0.978854001	0.972163558	0.979706109	1.02278125	1.13130414	1.31400597	1.31821311	1.23757660	0.961353660	0.769269228	0.727195978	0.768604696
35.0000000	1.08637071	1.09072435	0.935986161	0.793943822	0.656686068	0.550013602	0.565984964	0.629606903	0.675807774	0.687614679	0.649760365	0.762000918	1.03260016	1.19441092	1.27791655	1.30845702	1.40290892	1.53120887	1.63476562	1.69007361	1.74751258	1.77119899	1.76770461	1.78435445	1.72005177	1.57619607	1.55272889	1.69174743	1.85413527	2.00717950	2.08116269	2.17398095	2.26557803	1.95678389	2.17134666	2.79213166	2.86607099	1.78413153	1.13732564	0.727500081	0.607877254	0.628615618	0.653785348	0.702125132	0.886184990	1.45384002	2.21597219	2.15205002	1.66414273	1.17133725	1.05468369	0.989448845	0.884336293	0.729715109	0.635453343	0.573022902	0.547971070	0.619664729	0.769629657	0.970219433	1.01865530	0.954251766	1.10495090	1.37325740	1.62109911	2.19235778	2.44362640	2.40353179	2.36518431	2.63315272	3.16237545	3.38366604	3.57815504	4.51416206	5.91944551	6.20035315	4.34201527	3.00538063	1.94958746	1.28366244	1.03055418	0.935938716	0.835185170	0.774368346	0.741516709	0.697897434	0.681665421	0.684309125	0.660802126	0.627281249	0.611600161	0.634368479	0.657319784	0.724323273	0.859430254	0.962280035	1.01024485	0.989100695	0.982604146	0.996535301	0.992342710	1.00987744	1.19449747	1.40783453	1.47565377	1.31953895	1.26915205	1.24686837	1.21244740	1.20984304	1.22134268	1.25299871	1.31268632	1.28526652	1.19897759	1.17352879	1.21495736	1.25455439	1.32890308	1.39047682	1.47021449	1.59691596	1.73367465	1.85794878	1.96615982	1.99400139	2.07489538	2.06670642	2.02528882	2.12250257	2.28481865	2.64862561	2.97784853	3.21349835	3.03187299	3.02757597	3.23861551	3.31267548	3.85456157	3.52062464	3.45250654	3.79219937	4.58151579	5.31281996	5.77294636	6.04273176	6.16478252	6.23668528	6.25942183	6.20877504	6.19133282	6.19142056	6.18959808	6.13903809	6.05928278	6.00172043	6.01306629	6.06199837	6.10234451	6.09533358	6.08753729	6.07057238	6.05178404	6.05360126	6.07191944	6.05125427	5.97843075	5.92001438	5.86993122	5.78659868	5.67892790	5.59654427	5.56779528	5.55387068	5.51792383	5.50390863	5.52479267	5.57573271	5.61476755	5.61286736	5.58578825	5.56016064	5.54187393	5.57627773	5.61318445	5.61397409	5.64547300	5.67047119	5.65544558	5.60199118	5.60508060	5.59849072	5.64090919	5.69847822	5.73368406	5.74621534	5.74091196	5.74611568	5.78353977	5.80147028	5.80839586	5.80830956	5.83427620	5.83361244	5.85037231	5.93934679	5.99972153	6.01377869	5.98463106	5.91784906	5.88793325	5.74502516	5.58814335	5.35769749	5.13767529	4.81425953	4.69974709	4.50928640	4.27422857	3.99365973	3.72312188	3.50289249	3.26546884	3.05326176	2.87830448	2.72282529	2.57065368	2.42581034	2.25905371	2.11196375	1.95786357	1.82930768	1.69730091	1.56700003	1.42688596	1.31259191	1.30122995	1.35906792	1.51749420	1.68430889	1.76908362	1.53257012	1.30285239	0.987298727	0.834307373	0.873452604	1.19622278	1.66518199	1.75370908	1.38431668	1.18508482	1.22607934	1.13885343	1.05925655	1.02724957	0.974709988	0.959047616	0.961885750	1.04071569	1.15027225	1.28420639	1.48999345	1.76675200	2.06472206	2.37384152	2.66075373	2.97701669	3.26123953	3.36151314	3.50549865	3.70370579	3.81354570	3.88009834	3.86134982	3.86687708	3.72166944	3.82291007	3.52023673	3.12437296	2.86586452	2.71339369	2.77491403	2.89260435	3.11325908	3.52453923	4.41003084	5.25552130	5.61195421	5.55654383	5.44111347	5.32998037	5.20855141	5.11557579	5.04848385	4.97293139	4.86932230	4.74540854	4.62333441	4.53102112	4.45447540	4.37372494	4.31396484	4.27881813	4.26742363	4.31445026	4.21947050	4.30623007	4.26961756	4.23926353	4.19876528	4.15703440	4.13593435	4.08594036	4.02990150	3.96352720	3.84711337	3.67089534	3.54050159	3.40383005	3.28549552	3.14296865	2.97671413	2.83818436	2.70030475	2.61209726	2.55856657	2.47719288	2.33239174	2.19983864	2.11833096	2.05759239	2.03781366	1.98337412	1.84815943	1.69925702	1.58114517	1.53051281	1.46842372	1.40964270	1.31703079	1.23629916	1.17172933	1.11967063	1.07805860	1.04152775	1.00477302	0.972542524	0.931040883	0.899720073	0.905652881	0.959347188	1.00637722	1.10736334	1.23834884	1.30306268	1.22382307	0.886955500	0.765535831	0.877736270	1.01125240
34.0000000	0.740118206	0.627359390	0.581390738	0.499800980	0.423588723	0.344840527	0.288117319	0.269224167	0.296964794	0.353209287	0.447751820	0.654165804	0.903438210	1.09314930	1.21576488	1.27106774	1.34030771	1.41044354	1.41714907	1.42369974	1.50164747	1.56044221	1.56782615	1.51862705	1.45499730	1.39751375	1.36398852	1.39084804	1.42903256	1.50569391	1.57983506	1.67302918	1.72723854	1.94588864	2.29232359	2.96486807	2.60071158	1.34517276	0.776464105	0.513697863	0.431807697	0.450286418	0.473136932	0.485045552	0.537533402	0.807085633	1.48704541	2.02337456	2.06501818	1.51906347	1.16448689	0.936006725	0.718026817	0.577234447	0.557701766	0.578217447	0.604346454	0.651125550	0.752207696	0.900083065	0.866755068	0.818411469	0.974105358	1.34031832	1.63368642	1.81494999	1.85151434	1.74897361	1.76029420	1.85781598	1.97699642	1.73013246	1.61117375	2.01277852	3.39184761	4.99733543	5.23907328	3.43647957	2.32738328	1.58218265	1.17010880	0.911193728	0.765344203	0.659211457	0.630530536	0.625533223	0.669975042	0.683832228	0.667982161	0.660284221	0.612945437	0.598586738	0.581583440	0.622273088	0.784439385	0.971108854	1.04127204	1.07525051	1.13052714	1.18822730	1.28730869	1.35339499	1.53303039	1.85820460	1.91077101	1.57200980	1.50878799	1.48316205	1.52657306	1.48761749	1.53989649	1.55813384	1.60553670	1.58635128	1.57818031	1.53986645	1.57488525	1.62521660	1.68664050	1.76573181	1.85426641	2.09401464	2.22485042	2.27311039	2.26635528	2.25976682	2.32034111	2.34416151	2.42539597	2.51179457	2.73247004	2.88744760	2.86275554	2.81479216	2.96727300	2.92616653	3.26453376	3.30199146	3.58722568	3.77419519	3.93008304	4.30781269	4.78793287	5.12143183	5.31320477	5.41624260	5.50022125	5.53716087	5.51844263	5.49283361	5.51266384	5.53053045	5.52357817	5.50313568	5.50217295	5.50234461	5.51774359	5.53351736	5.49473095	5.47844505	5.47091007	5.46032429	5.47506857	5.46115255	5.43678761	5.43428707	5.43606758	5.39712143	5.30760288	5.23891163	5.16371822	5.11121368	5.10948038	5.10293484	5.14435053	5.20261955	5.23786879	5.27870512	5.26374817	5.17956495	5.14337969	5.14956856	5.19016266	5.23490572	5.29562807	5.30134296	5.34248972	5.35969162	5.39394188	5.36718941	5.37919235	5.39583254	5.44551754	5.53446198	5.56711006	5.58042145	5.63179827	5.66781998	5.70022631	5.70845795	5.75042152	5.78371811	5.83735514	5.85682392	5.87845421	5.99140978	6.01106024	5.99977398	5.96290827	5.89359045	5.81606150	5.65639496	5.49468231	5.33339500	5.11842680	4.84185266	4.67162943	4.40323830	4.12476158	3.87298703	3.65632415	3.42805958	3.19786191	2.96934509	2.80128694	2.65350771	2.49875975	2.29939294	2.09369111	1.94920170	1.79682088	1.65581369	1.49556196	1.36281240	1.25270700	1.17076206	1.14440250	1.13714123	1.17369378	1.25894594	1.32503533	1.34280014	1.30853152	1.12750781	0.756089091	0.663433611	0.807783544	1.21689224	1.64354527	1.81082046	1.58432460	1.27350438	1.10811079	1.03057230	1.02097833	0.947721362	0.940346837	0.954275429	1.05953860	1.18008947	1.31344187	1.51528966	1.81085050	2.16984868	2.51736140	2.90034080	3.20116091	3.32614923	3.41151094	3.53850675	3.63178730	3.58606172	3.65179157	3.61261249	3.54499149	3.37379408	3.27464533	3.02139592	2.82166219	2.64512920	2.57942152	2.70535517	2.98163772	3.51086450	4.17497540	4.96281528	5.25869274	5.15563965	4.92665386	4.78208113	4.69354057	4.57943916	4.46049404	4.35392475	4.27045584	4.19920444	4.11320782	4.05590105	4.02069092	3.96343231	3.90337992	3.87244320	3.87585092	3.92631245	3.95397234	3.90130091	3.93252516	3.96323347	3.92713904	3.87359595	3.87077785	3.86605048	3.85134315	3.73613596	3.63207674	3.50355196	3.34354782	3.20045853	3.06720543	2.95217681	2.79690838	2.64763522	2.55812860	2.48520827	2.44189453	2.38910604	2.28035045	2.15324998	2.05307007	1.99604380	1.95777059	1.92915142	1.83449316	1.70723176	1.55320776	1.46269596	1.39851081	1.33827686	1.27841973	1.20529830	1.14054024	1.05661201	0.992155433	0.990647733	0.976818621	0.933087111	0.888727665	0.860086918	0.853917837	0.877479017	0.920807421	0.950619936	0.967372179	1.03021765	1.16596115	1.09502280	0.856719971	0.773043394	0.752271473	0.806270540
33.0000000	0.400907874	0.353165448	0.337894142	0.342752755	0.324283451	0.274614811	0.236544877	0.218637452	0.235773548	0.289757818	0.379757673	0.480682135	0.641106904	0.780088723	0.924066961	1.08379948	1.16085613	1.21907651	1.20853281	1.24872041	1.41353941	1.38731956	1.18394053	1.20577025	1.18820131	1.17920625	1.17217493	1.18666267	1.19874847	1.21681583	1.26699674	1.32097507	1.38933074	1.59209335	1.97767925	2.22840500	1.72887397	0.951789975	0.552742124	0.407162100	0.373694390	0.370400101	0.371362954	0.365162730	0.386663049	0.503786922	0.814876854	1.30948937	1.80170906	2.12238741	1.76568174	1.15314984	0.857188880	0.642464876	0.608841777	0.661977708	0.659742236	0.609796643	0.659823775	0.868142903	0.881999552	0.731872857	0.773470998	1.03262234	1.41485834	1.56942379	1.50835991	1.49250877	1.41403961	1.42615461	1.26172173	1.03036261	0.969082296	1.13761747	1.61098015	2.46944737	4.35154963	4.87254763	3.61099315	2.26575375	1.32550704	0.902646005	0.681654036	0.601551473	0.563098013	0.606139302	0.643597364	0.645626783	0.610174119	0.583242059	0.595541894	0.650425553	0.682016194	0.736582220	0.917509139	1.08762836	1.14623857	1.17603540	1.30742586	1.42288232	1.43844020	1.51531088	1.75791526	2.10823727	2.28396153	1.75332475	1.59096372	1.55623281	1.71574700	1.84912336	1.83755112	1.85214818	1.81540143	1.86350405	1.90519953	1.91458142	1.95277154	1.99929142	2.08630967	2.20302153	2.32077861	2.49839377	2.66103292	2.70269608	2.67564511	2.63595748	2.73634815	2.79302001	2.93753219	2.99317575	3.13929534	3.22827053	2.88235044	3.13068390	3.21143317	3.39364791	3.53683877	3.60263538	3.75900006	3.95492816	4.11906052	4.41793633	4.59817076	4.66256189	4.70236397	4.73601246	4.78522015	4.79725695	4.76415777	4.75277805	4.78713846	4.81478930	4.82859230	4.82480145	4.82855225	4.87079525	4.89913940	4.86817360	4.83137226	4.81189299	4.80900860	4.82757044	4.84157324	4.83797979	4.84548950	4.86711931	4.85582256	4.83397388	4.78549623	4.72585249	4.69984961	4.68607140	4.67736578	4.72309685	4.81076765	4.86017036	4.88058949	4.89038897	4.83481693	4.76612377	4.75048780	4.79018211	4.87517118	4.90120316	4.94090748	4.98555756	5.03964520	5.11787653	5.11577511	5.07467747	5.10963249	5.14102268	5.24430752	5.33044672	5.36998367	5.43114662	5.48557711	5.54523897	5.56442785	5.59334517	5.66195154	5.69628763	5.72318888	5.79581070	5.91892004	6.00304317	5.97147608	5.93423367	5.91000032	5.82199240	5.68019247	5.53322935	5.40520763	5.29295540	5.07329988	4.82511282	4.58534908	4.30938673	4.01276779	3.78739524	3.54176974	3.33553958	3.08682156	2.87840009	2.66258097	2.49640179	2.29307628	2.11592674	1.96066308	1.80739951	1.64911127	1.51370549	1.35996497	1.21326864	1.11017621	1.07735550	1.05251157	1.00890851	0.952523768	0.931849480	0.884245336	0.861410439	0.913198888	0.967696130	0.696903706	0.568199813	0.574048400	0.737135351	0.991811872	1.29744732	1.34878027	1.27528203	1.24411201	1.03172815	1.02031469	0.963482261	0.963387847	0.998807967	1.10523224	1.22684526	1.36093235	1.57370746	1.83894360	2.18377090	2.54851222	2.86863303	3.13106608	3.33776474	3.40085673	3.37432551	3.36949325	3.26986194	3.21051264	3.20922756	3.17629457	2.96321893	2.75970888	2.61796308	2.52695107	2.49919105	2.57519722	2.84805775	3.42908072	4.12208652	4.69981575	4.94695187	4.79097080	4.51157475	4.26029539	4.11420441	4.02953434	3.92156076	3.81884265	3.76172805	3.72286105	3.70814347	3.67649007	3.67779803	3.62941170	3.57280707	3.52815962	3.53015351	3.54791069	3.61642003	3.64220452	3.60715342	3.70362306	3.71084905	3.67901158	3.65419149	3.65117526	3.65645576	3.56494212	3.45241785	3.33787012	3.19072628	3.01285625	2.86484432	2.75108242	2.65241933	2.54968309	2.49352074	2.47924924	2.46304536	2.35584545	2.23890257	2.14507866	2.04030538	1.94390523	1.89848828	1.84929502	1.77894020	1.69035888	1.55404329	1.42403424	1.33450162	1.28083706	1.24122870	1.18474317	1.09454012	1.02718294	0.966500580	0.922340810	0.884484410	0.884767890	0.830357671	0.789319515	0.782496929	0.767421544	0.784282446	0.816811800	0.785837710	0.788138688	0.887420952	1.03558743	0.832487166	0.587163627	0.533055604	0.513473630	0.489050955
32.0000000	0.229460299	0.214329645	0.208098099	0.212123364	0.207380369	0.190396786	0.189408422	0.199802577	0.208385095	0.232746974	0.281067580	0.355317324	0.451533198	0.530128598	0.495831311	0.536652803	0.869691908	1.04203570	1.07736480	1.11729860	0.938276231	0.735255778	0.549689949	0.523235023	0.623143852	0.812278926	0.881912172	0.988315582	1.01180100	1.01767528	1.05188715	1.02850115	1.06905389	1.19245076	1.47527957	1.33170044	1.01058316	0.540371060	0.379481882	0.327302724	0.307505548	0.288496435	0.270009339	0.273340911	0.303712368	0.362312406	0.485133618	0.668372571	0.955042481	1.36660957	1.97136199	1.55098557	0.966615021	0.682719290	0.576783538	0.592892349	0.611382544	0.501244843	0.489364028	0.639940321	0.720774829	0.598771334	0.525359333	0.609345853	0.821969032	0.958806872	1.04284501	1.15120625	1.17904031	1.14777982	0.912177801	0.663341582	0.632644773	0.722375572	0.820460320	1.01708841	2.06870556	3.78068590	4.54946566	3.46819735	2.14252400	1.29007399	0.811865151	0.610773087	0.499017060	0.486770481	0.514833212	0.541381598	0.541219950	0.547848523	0.604493558	0.705079198	0.826778054	0.969942093	1.17057574	1.37802553	1.31842184	1.39013481	1.53119874	1.60563958	1.52057993	1.66128671	1.96512175	2.39712882	2.52248907	1.52435327	1.37777233	1.60373926	1.85642052	1.96940243	2.07722783	2.14070821	2.11473608	2.10049677	2.25340605	2.31234455	2.44832039	2.49054503	2.55967522	2.64008045	2.72962666	2.76306462	3.04368281	3.05661535	3.03389311	3.00764179	3.09182549	3.19006634	3.24494386	3.33117461	3.44860601	3.42006540	3.25148273	3.36459327	3.53228498	3.69209385	3.80002618	3.85403752	3.92349815	4.00659132	4.07193232	4.08956146	4.07219267	4.03498507	4.03282261	4.06449604	4.12752867	4.12753248	4.12923002	4.14035225	4.16804171	4.18916750	4.20737934	4.23342323	4.27574682	4.31061840	4.31243134	4.29863453	4.28116465	4.26755190	4.25439024	4.26825714	4.28701687	4.29784966	4.33371353	4.35562658	4.36216688	4.35619640	4.32309532	4.31209660	4.30402470	4.29897547	4.32929802	4.39767122	4.47335434	4.48685360	4.47697258	4.46293974	4.42553139	4.39889717	4.41147184	4.46896362	4.53080034	4.56414509	4.62138176	4.67609072	4.73068762	4.80144119	4.86150455	4.82035446	4.84603786	4.90109491	4.99611044	5.08593225	5.12951469	5.18082666	5.27376509	5.37065649	5.41034126	5.47843266	5.54624081	5.56412172	5.61474419	5.77751207	5.88530207	5.91625977	5.84586096	5.78625822	5.79694223	5.73026848	5.58210325	5.44655514	5.34782457	5.21808147	4.97644663	4.70172691	4.43780375	4.16598701	3.90730333	3.63441229	3.44804668	3.23196602	2.97352672	2.72420239	2.53120327	2.31552577	2.14334178	1.98810709	1.83024812	1.66332686	1.50958121	1.38077390	1.25932133	1.11271429	1.03218400	0.982776403	0.943062961	0.884709895	0.803577900	0.757127643	0.702280462	0.648636341	0.693539977	0.867427945	0.818339348	0.542902291	0.521943629	0.660103858	0.911198258	1.14430952	1.11963689	0.951807916	0.860934496	0.841131330	0.909160495	0.969522357	0.994170606	1.03803885	1.11228096	1.26984835	1.48137712	1.68228650	1.92825890	2.25836992	2.61763740	2.94518971	3.16951442	3.31279778	3.26842523	3.20154691	3.17631435	3.10623789	2.97753501	2.87061214	2.75205898	2.62097359	2.51456118	2.40123701	2.33076406	2.36759448	2.64188600	3.23145700	3.95210886	4.49207401	4.66485834	4.49228764	4.13587475	3.82599854	3.62617826	3.50090075	3.41112089	3.37824130	3.37567639	3.34660292	3.33504343	3.35484910	3.35967684	3.32757664	3.26450348	3.21092725	3.19321799	3.25431561	3.31176496	3.39079523	3.42750907	3.41464353	3.47951794	3.45805001	3.42487121	3.45557380	3.46591043	3.42736983	3.34960175	3.20807862	3.04107475	2.85212612	2.69721889	2.59452224	2.51046681	2.48190308	2.43045902	2.41206288	2.38616371	2.36387801	2.21160221	2.06652045	1.99803817	1.92682815	1.83622777	1.78877807	1.74214518	1.66722500	1.54002047	1.45381653	1.34555507	1.23851967	1.18817711	1.16974759	1.09757161	0.997589052	0.930968761	0.888076842	0.845245302	0.828094184	0.782773852	0.707763553	0.667880476	0.657415032	0.637143493	0.646021545	0.683815241	0.696259916	0.712768734	0.730046511	0.641880393	0.462963343	0.342832893	0.277400941	0.263440013	0.249630675
31.0000000	0.156135887	0.150597587	0.152338967	0.147562400	0.140557557	0.136702031	0.139012232	0.138678059	0.143164918	0.163115859	0.186894715	0.228549138	0.282738477	0.318975806	0.312210023	0.310229599	0.427091449	0.546844959	0.660415113	0.872450590	0.678353906	0.415735960	0.300388664	0.262332827	0.276957095	0.332221627	0.385113925	0.431736976	0.482691020	0.599038959	0.533504605	0.477136374	0.449721068	0.518580973	0.599011958	0.577739358	0.495771319	0.306291074	0.252661377	0.240887418	0.244693741	0.235152245	0.216416150	0.226413831	0.259687155	0.299920142	0.379162371	0.461681992	0.582359314	0.815457940	1.28718245	1.67040348	1.29367816	0.823500872	0.567211628	0.523302197	0.575500190	0.528947473	0.407651246	0.427381456	0.510472536	0.467727095	0.396769971	0.418361127	0.529221654	0.627935827	0.782075763	0.915904284	0.916669369	0.819046080	0.593139052	0.380097181	0.361892790	0.458069652	0.571020722	0.633530974	0.851925075	1.52887690	2.73763514	3.82152295	3.69904184	2.65719914	1.66338778	0.974310577	0.607771754	0.482930988	0.476535261	0.494698346	0.524239480	0.559381247	0.618274033	0.748399615	0.887730777	1.15415156	1.57752681	2.07368612	2.13512993	1.84332240	1.75496745	1.64009833	1.56598425	1.63218081	2.21359062	2.67617130	1.97902119	1.06995773	1.19341028	1.44236636	1.82875466	2.23760295	2.58310938	2.57353783	2.34743118	2.30686760	2.43788362	2.55264997	2.88922238	2.97495389	3.12512589	3.15540075	3.13328648	3.13331747	3.29573154	3.38504553	3.31239867	3.19796586	3.22878695	3.30707169	3.43738127	3.57249236	3.55212545	3.41727781	3.48481798	3.53475881	3.58196068	3.61834145	3.62723684	3.63705254	3.65908098	3.65384102	3.61424065	3.55482435	3.50571704	3.48956633	3.52001452	3.56675911	3.61416268	3.63794756	3.65518904	3.67116141	3.73292160	3.78249884	3.79829073	3.82369709	3.84820557	3.86561775	3.85603642	3.82182002	3.80315757	3.79037404	3.79278493	3.80173182	3.81801558	3.85136867	3.89206529	3.95480585	3.98401499	3.98685002	3.97809100	3.96832466	3.95493793	3.97913551	4.03427410	4.04942608	4.05989027	4.05040884	4.01304770	4.00707817	4.03783131	4.06433821	4.09709358	4.13819504	4.18399525	4.23679447	4.27699709	4.34123325	4.39490271	4.45950985	4.55311251	4.52929878	4.53600264	4.64481354	4.72997904	4.80637646	4.85083580	4.94001055	5.05813932	5.17792177	5.25767422	5.37288475	5.39400339	5.40986347	5.55339050	5.70004225	5.75438786	5.73541307	5.67810631	5.69945383	5.70104408	5.62438440	5.46638489	5.36240292	5.21897030	5.02436972	4.83753586	4.52218390	4.31224012	4.07561064	3.78093219	3.52941895	3.31717539	3.10797000	2.85963035	2.58481169	2.38081932	2.19170332	1.99584234	1.82737064	1.66847837	1.53803241	1.38347971	1.26648247	1.14999771	1.06054842	0.980439901	0.905620158	0.845007002	0.791526139	0.712928772	0.673480213	0.636995137	0.586129725	0.589879632	0.713855624	0.754240572	0.552256346	0.508705974	0.592757940	0.888625383	1.22360849	1.20950675	0.886114299	0.716920614	0.720271289	0.818762779	0.950424552	1.03022289	1.01493919	1.10949516	1.32364571	1.57087219	1.76242208	2.01524377	2.29440045	2.63351512	2.94514465	3.11149669	3.18159723	3.12239099	3.14573288	3.09248686	2.99629951	2.90940738	2.81026077	2.63174129	2.44039655	2.30858660	2.21373987	2.18385649	2.37933040	2.88368249	3.65386701	4.13976192	4.32085228	4.14711761	3.70474434	3.39263821	3.23941755	3.13299370	3.08335233	3.07890797	3.09429979	3.12382841	3.13130379	3.11908960	3.14973187	3.16531515	3.11744070	3.05480552	3.03357887	3.08495045	3.16859818	3.25532889	3.33353353	3.32859015	3.27854323	3.28367329	3.26150441	3.25348592	3.26133513	3.20965719	3.15772557	3.13083792	3.01313210	2.82902884	2.64108133	2.53981137	2.42324853	2.36372328	2.35983825	2.32075381	2.30904865	2.27632403	2.20902967	2.06211853	1.95178187	1.86987329	1.80372727	1.73024321	1.66978061	1.61699307	1.52574444	1.42379510	1.36914539	1.27761400	1.16094172	1.09752047	1.06601155	1.01103413	0.914333701	0.830817699	0.797214627	0.753897727	0.715519607	0.655832827	0.577556491	0.542297423	0.509371400	0.486486137	0.508289754	0.572682202	0.623856246	0.563307166	0.464233905	0.349378943	0.266597331	0.202946812	0.179392248	0.177721098	0.171656862
30.0000000	0.106756829	0.106300965	0.113464899	0.112646878	0.106792755	0.109539859	0.112092271	0.113076128	0.117905371	0.129935086	0.145496756	0.162104487	0.184167102	0.207048893	0.222951844	0.230745569	0.262875110	0.280852944	0.303936720	0.323523730	0.305291295	0.232581809	0.185868382	0.162020341	0.158414915	0.160532653	0.163811639	0.161610857	0.176490620	0.198212713	0.217506275	0.220773160	0.236309811	0.261029452	0.268862307	0.306647301	0.248839259	0.213159204	0.178599760	0.177854612	0.189557001	0.196735039	0.192733839	0.211859137	0.240001753	0.249799266	0.300274819	0.369610429	0.446311951	0.566081822	0.782791495	1.12765682	1.42985845	1.13798094	0.742495894	0.603916466	0.734733224	0.751216710	0.520421624	0.388865262	0.437897712	0.424424618	0.386522800	0.377155006	0.431559116	0.499760836	0.580074549	0.614641190	0.522965968	0.427883834	0.319265485	0.226727322	0.217071757	0.287850350	0.432757467	0.568239629	0.636212170	0.785236001	1.09209597	1.73425317	2.45210934	2.90000606	2.72268271	2.00179696	1.27686119	0.845099449	0.616721511	0.532047272	0.525934279	0.549230456	0.616707206	0.672384262	0.848000824	1.50155747	3.10675311	5.23625517	5.74870491	3.72951579	2.46003079	1.79671478	1.50329053	1.45194578	2.48278737	2.89659333	1.68683493	1.24362504	1.44274545	1.70974004	1.98450041	2.58072972	3.09648180	2.88325834	2.68200564	2.59032798	2.75899529	2.89729738	3.08873677	3.32166028	3.43311214	3.53202271	3.43238044	3.48811913	3.48590565	3.56298447	3.49608803	3.30382204	3.26065302	3.33112359	3.52718067	3.66062355	3.63888741	3.58287859	3.54543567	3.45941448	3.35796857	3.23784876	3.15891504	3.13524485	3.14268041	3.14258933	3.12421775	3.12006879	3.11158085	3.10434031	3.12592411	3.15887880	3.20299888	3.24373746	3.28971720	3.36896348	3.43193293	3.45626497	3.45718718	3.44527674	3.44659615	3.44519234	3.42618728	3.41644764	3.41756868	3.42190862	3.42805314	3.44627190	3.46873355	3.48355174	3.54021406	3.60962605	3.66285181	3.68787694	3.69851947	3.67680240	3.66274166	3.67461801	3.68412352	3.70065022	3.70115662	3.70792460	3.69542885	3.71381164	3.76051450	3.77492976	3.77585220	3.84480095	3.90710640	3.89583755	3.88718367	3.94372797	4.04264450	4.12908554	4.21481895	4.20320177	4.26719046	4.41126680	4.53096962	4.59821320	4.66137552	4.79133129	4.87507725	4.98655415	5.10600758	5.22881126	5.26570988	5.31901264	5.45162439	5.58408451	5.62459040	5.55474520	5.46733856	5.53261518	5.52196074	5.45256901	5.30313349	5.14536381	4.95477676	4.76522875	4.61325884	4.33679390	4.13799620	3.85932302	3.61424208	3.36871123	3.19442725	2.97315383	2.67853546	2.40909553	2.19875336	2.00751305	1.82261169	1.64760888	1.50771761	1.37802589	1.27932608	1.18132949	1.07288945	0.984716237	0.904227555	0.834004104	0.790356040	0.735104680	0.656032264	0.605414569	0.573255122	0.552169502	0.532605231	0.559729040	0.625671685	0.583312094	0.466773570	0.518605411	0.693616450	0.944433033	1.23835218	1.17306709	0.907666743	0.803309262	0.805788398	0.832500279	0.912504554	0.980953693	1.06451285	1.28786314	1.60130632	1.87531722	2.06708908	2.26690435	2.60135484	2.86039424	2.91000557	2.88973260	2.83829713	2.87152433	2.81143451	2.72129011	2.63253546	2.52771497	2.40219283	2.27363038	2.12779760	2.06754303	2.09444857	2.35453033	2.98499060	3.61353517	3.88630891	3.87056947	3.57568502	3.12576294	2.90664339	2.81395912	2.79939103	2.83647275	2.87231493	2.93533087	3.01576161	3.04942012	3.05185580	3.09131360	3.07560611	3.04773116	3.04051733	3.02907681	3.07772803	3.17367721	3.26988411	3.26949048	3.20540428	3.10496402	3.08050060	3.10320687	3.08770370	3.05753946	3.00259542	2.97075582	2.90792394	2.80174088	2.64433384	2.46147180	2.38636875	2.27583480	2.21962905	2.24372387	2.20507383	2.19963694	2.15317035	2.09985399	1.96510005	1.85551023	1.76775372	1.71191418	1.61440969	1.51828694	1.45833135	1.37764418	1.29599333	1.24438810	1.19325328	1.08712935	1.02810299	0.975940406	0.909488857	0.820684910	0.744137764	0.689930379	0.643624663	0.601758599	0.534902632	0.453094721	0.423494637	0.391486496	0.365645438	0.399698615	0.447419554	0.442583352	0.331580460	0.241863057	0.173722908	0.144288749	0.131502673	0.135562956	0.130790398	0.119613886
29.0000000	7.97690079E-02	8.50908756E-02	9.34460834E-02	0.101247877	0.102279887	0.102253444	0.102898628	0.102700293	0.107007653	0.113414139	0.124303147	0.131639883	0.140111387	0.148834705	0.160223976	0.163080767	0.167692795	0.165587813	0.163038954	0.154857948	0.153423265	0.137453839	0.121814817	0.108576149	0.102468580	9.82568860E-02	9.17984471E-02	8.80856514E-02	9.16404948E-02	9.80611444E-02	9.81760100E-02	0.105037354	0.130067155	0.135625243	0.173679978	0.164763451	0.167497084	0.168733835	0.152194828	0.152669907	0.171228051	0.188458577	0.197360396	0.213812828	0.227597073	0.229964167	0.240003511	0.271882743	0.320002377	0.401811719	0.492431283	0.666447580	0.969518960	1.08201385	0.971893370	0.837509513	0.859769642	0.878944397	0.637315750	0.411099255	0.399824768	0.415127158	0.371242434	0.317742169	0.332309932	0.367158443	0.444023103	0.388419211	0.259345025	0.197743222	0.184004456	0.181510732	0.181380719	0.197307348	0.267975450	0.388043106	0.485725403	0.547416985	0.571105421	0.662382960	0.821724236	1.16747749	1.62421560	2.22725940	2.67312241	2.45339465	1.73671842	1.16547847	0.945770442	0.892687738	0.847714782	0.949747860	1.50953913	3.04996991	4.87337255	7.11929274	7.77958345	7.45596457	5.23315382	2.70146251	1.88954830	1.57383728	2.40660810	2.84596801	2.13406205	1.59894454	1.84631348	2.11551809	2.47188067	2.92698979	3.20182204	3.13600183	2.93902421	2.92846513	3.19161224	3.34290886	3.31839418	3.35271692	3.37890291	3.43259287	3.42658830	3.55716801	3.68121862	3.68487501	3.59961319	3.46428919	3.45728683	3.52627325	3.69961905	3.75816417	3.65122771	3.45702529	3.26566553	3.08345461	2.93012953	2.78926611	2.72342634	2.72375560	2.75063825	2.75332427	2.75785089	2.76983523	2.78519487	2.78973246	2.82606006	2.89340472	2.97287679	3.04544353	3.11258292	3.14183378	3.15802813	3.14902759	3.12438202	3.12873793	3.14382172	3.15950775	3.16217065	3.15196896	3.13565397	3.14788485	3.18242693	3.19420171	3.17935705	3.21597934	3.26789045	3.34605575	3.40348959	3.42964721	3.42671156	3.41260910	3.40596032	3.41460180	3.42366600	3.40447330	3.39743733	3.42587972	3.43782187	3.43245888	3.46096539	3.46482563	3.48158813	3.53057575	3.56809044	3.53243303	3.58013368	3.65466309	3.72811484	3.84453034	3.93801379	3.94922709	4.02900219	4.20417023	4.37334442	4.39108944	4.44674540	4.60646725	4.69756413	4.76605701	4.92306852	5.04598856	5.18380833	5.20003223	5.26913309	5.35874319	5.43245268	5.35431671	5.30759144	5.31636000	5.34288168	5.26001167	5.12998199	4.92709064	4.77948189	4.62538195	4.42679787	4.14068699	3.92269874	3.65148759	3.38772249	3.19219065	2.97026825	2.73681331	2.44264030	2.21801615	2.03336716	1.86514115	1.68859196	1.52289939	1.36907411	1.28119802	1.20477867	1.10246599	0.983604193	0.904013395	0.840854943	0.761055708	0.736610353	0.680997908	0.621545672	0.561133087	0.536331713	0.538074434	0.496803313	0.476781666	0.484540671	0.497092932	0.494044185	0.473880440	0.558721840	0.732255161	1.03393078	1.25483096	1.19372225	0.889312744	0.765687346	0.711297512	0.805328190	0.923122942	1.13192260	1.23158729	1.40255249	1.66035461	1.91418898	2.15115833	2.39474773	2.57113194	2.63404012	2.62219787	2.58744740	2.50163960	2.46554494	2.46801829	2.46392536	2.39229774	2.26750588	2.11321592	1.99978352	1.94816160	1.99306405	2.22490287	2.87804079	3.40984511	3.58873081	3.48027277	3.14799809	2.78946042	2.64164686	2.59820700	2.61352301	2.65831089	2.73173928	2.81710291	2.93240547	3.02756333	3.07635999	3.07784963	3.04831910	3.04617643	3.04935551	3.07865763	3.10967970	3.19728804	3.24740672	3.18314886	3.05451822	2.96144795	2.95022225	2.95795560	2.93985939	2.87015462	2.84639215	2.82109213	2.72890019	2.61148882	2.48757100	2.36750960	2.26278639	2.15416908	2.11392331	2.16227627	2.15244508	2.09810925	2.04727960	1.94233453	1.82921839	1.73636496	1.67749488	1.61517179	1.48883927	1.37901485	1.31091678	1.24420512	1.16231430	1.12290835	1.08002317	1.00723052	0.931860745	0.871177495	0.806939900	0.720353961	0.651903927	0.595713437	0.548774123	0.491847992	0.420323521	0.349739999	0.315622717	0.309605449	0.299783945	0.286139250	0.274695009	0.219541252	0.161418229	0.119717129	0.101512223	0.100418895	9.89451706E-02	9.60021988E-02	8.91963243E-02	7.96205625E-02
28.0000000	8.55992362E-02	8.86586383E-02	9.44409743E-02	9.23697948E-02	9.32201147E-02	9.18256342E-02	8.71331990E-02	8.61048996E-02	8.92478973E-02	9.38853696E-02	0.100522332	0.108287901	0.112781972	0.116687313	0.118172616	0.113151781	0.124414556	0.132767260	0.121128999	0.107887395	9.51502025E-02	9.13843215E-02	8.56663436E-02	8.21610242E-02	7.94676691E-02	7.66208097E-02	7.30149895E-02	6.99099228E-02	6.78932816E-02	6.66158870E-02	6.36470318E-02	6.60888627E-02	7.62276053E-02	7.85164088E-02	8.66552517E-02	0.100849167	0.135399520	0.154370174	0.153657615	0.151163995	0.169685334	0.190329045	0.202454135	0.218910545	0.221734375	0.215505108	0.208441302	0.212712601	0.242160201	0.285126120	0.345464259	0.434248567	0.575580418	0.735978484	0.807761252	0.725521207	0.669966698	0.643575370	0.527809024	0.418018460	0.403991073	0.424661785	0.379433692	0.297032267	0.283119678	0.341942757	0.409858644	0.319292188	0.179727003	0.122034192	0.128058657	0.154685274	0.170477912	0.175919250	0.206900045	0.264169902	0.354266852	0.421126336	0.479481399	0.508819461	0.528884232	0.583719254	0.680927575	0.921397090	1.20955646	1.35547447	1.55325186	1.74048173	1.91611290	1.85665715	1.81661105	2.03775048	2.46596551	2.85657001	2.97968411	2.92691731	3.30543113	4.68500519	5.23529816	3.86393881	2.24876952	1.47739983	1.61309624	1.96199429	2.28912067	2.26382947	2.13956356	2.48409629	2.65900612	2.98164749	3.12361336	3.14006734	3.09228539	3.05586219	3.26121473	3.28338647	3.29250383	3.25682473	3.23143339	3.46056652	3.53447819	3.62367296	3.72744513	3.74844456	3.65117526	3.55580878	3.62646532	3.68180203	3.59805584	3.30113459	3.25297570	3.03647494	2.83498192	2.65985489	2.51882410	2.43783045	2.41589022	2.42683697	2.42251897	2.42845297	2.46058011	2.52132368	2.59605336	2.68246675	2.75641561	2.82380199	2.89227462	2.94266486	2.97422004	2.99690175	2.99117565	2.97698855	2.96772504	2.97283196	3.02002597	3.05511856	3.03870106	2.99650192	2.96459413	2.96093297	2.99178672	2.98419452	2.98546410	3.03224421	3.06560087	3.10887361	3.13950276	3.16341043	3.20416546	3.22107768	3.23099923	3.22978902	3.18729973	3.14900947	3.13206220	3.14182281	3.15986729	3.16151953	3.15149546	3.16352081	3.18720675	3.25298929	3.29015923	3.30886960	3.39071321	3.46468806	3.53122473	3.55215621	3.63468742	3.72288918	3.79667950	3.98334360	4.10190392	4.16841221	4.25083876	4.36398029	4.49807596	4.60840654	4.77246523	4.98001814	5.05250406	4.99066877	5.06284714	5.18758535	5.26947308	5.22439289	5.15280914	5.16335917	5.14465094	5.03099251	4.86705589	4.70575762	4.60849094	4.41066456	4.19028234	3.92792726	3.67395020	3.41318727	3.17807007	2.97876835	2.71937609	2.45360112	2.21769977	2.03355718	1.87917697	1.68795955	1.53827441	1.40394449	1.30027044	1.21301532	1.11405885	1.00594437	0.906298280	0.842291296	0.779968381	0.721013308	0.684764385	0.647112191	0.611912787	0.556881666	0.531796694	0.524532557	0.502639472	0.465849131	0.445447326	0.454618365	0.467867047	0.471627325	0.528198242	0.631534815	0.884955525	1.29706001	1.35459733	0.925192297	0.706141591	0.632890761	0.749798656	0.954036891	1.21921396	1.28861988	1.35553038	1.53910410	1.81643593	2.08081174	2.28396535	2.42888713	2.48699427	2.49648333	2.45734429	2.40798569	2.40833998	2.41544271	2.42343521	2.39518404	2.32327485	2.17891407	1.98028278	1.85318565	1.85591435	2.04241729	2.66453290	3.12551475	3.23120570	3.15775990	2.92500448	2.70420980	2.58092713	2.52382350	2.52719927	2.55196619	2.61476564	2.76151085	2.92325735	3.00948071	3.05341721	3.01891065	3.01554513	3.03654885	3.10022950	3.13649726	3.12847137	3.12979531	3.10292292	3.03902125	2.93263388	2.84496021	2.82609057	2.82000542	2.75051379	2.71260858	2.68129754	2.62026596	2.55606318	2.49746990	2.39959002	2.28495789	2.17498684	2.10376596	2.09208465	2.08508348	2.10793161	2.00860977	1.91188335	1.78807724	1.74056172	1.67319071	1.62087631	1.51188958	1.41026962	1.30037296	1.20283973	1.12223434	1.06974959	1.03051066	0.987463951	0.917385161	0.836574495	0.754925787	0.692263961	0.620159686	0.536841273	0.464564323	0.399370432	0.338940352	0.316141754	0.252888054	0.234637663	0.226685226	0.202131644	0.185834751	0.163232341	0.136063904	0.112480268	9.60732028E-02	9.19129476E-02	9.43910405E-02	9.27252918E-02	8.31957385E-02	7.85528719E-02	8.03880990E-02
27.0000000	9.00674164E-02	8.81237313E-02	8.09754357E-02	7.93206841E-02	8.14943686E-02	8.15018788E-02	8.10164735E-02	8.22752342E-02	8.67220536E-02	8.89662355E-02	8.92505795E-02	9.04381573E-02	9.67291221E-02	9.81247649E-02	8.71941596E-02	8.40152204E-02	9.02767926E-02	9.19405222E-02	8.66420344E-02	7.39592761E-02	6.72396943E-02	6.53489083E-02	6.17583096E-02	6.18114136E-02	6.08197376E-02	5.81482239E-02	5.48213162E-02	5.07330745E-02	4.72312644E-02	4.59077768E-02	4.61968631E-02	4.60594036E-02	5.18917181E-02	5.65321371E-02	6.53310716E-02	8.27074051E-02	0.110780522	0.155527219	0.157529742	0.140720710	0.155780062	0.182790145	0.198392466	0.190628067	0.184377626	0.189737573	0.207155541	0.211376354	0.214334205	0.245541215	0.291791797	0.338255823	0.386098862	0.453574598	0.504935741	0.470553696	0.431563824	0.440826356	0.455577463	0.432491302	0.419256896	0.442621320	0.425496221	0.358077079	0.335659981	0.361013979	0.357340813	0.241065949	0.129704922	9.38228071E-02	9.93299559E-02	0.124510363	0.147482395	0.161083832	0.194823876	0.223343477	0.267357677	0.293917686	0.359492332	0.435717255	0.512771189	0.541636944	0.538389146	0.534682751	0.519724905	0.501954257	0.606917918	0.838716686	1.05037224	1.28067553	1.53787720	1.61238003	1.64330280	1.53069401	1.19265306	1.08160245	1.49864984	2.27784562	2.66632724	2.53205752	1.61945045	1.13602149	1.14332461	1.27662599	1.85894477	2.03076577	2.16850638	2.42086911	2.64207721	2.86037493	3.12151933	3.05819726	2.88266873	2.84147525	2.94416666	2.96641827	3.06314492	3.11405110	3.28328300	3.53671217	3.52641749	3.49390483	3.67286658	3.66141295	3.58453870	3.48806357	3.49888849	3.38269091	3.15058970	2.93990159	2.71260142	2.54626250	2.38989282	2.27770972	2.23894548	2.21903205	2.20615435	2.20264626	2.23201084	2.27924776	2.34963155	2.43262959	2.51406503	2.64486217	2.70604610	2.77146721	2.83447742	2.89793873	2.96286225	2.97509503	2.93338895	2.91067529	2.90371799	2.90426183	2.91092205	2.91537452	2.90209794	2.87777638	2.84424424	2.81977439	2.78066897	2.76172614	2.76834989	2.79175663	2.81022978	2.83941674	2.86400938	2.90967560	2.95215011	2.95336676	2.95427036	2.92944121	2.88556862	2.86013198	2.86187553	2.86319828	2.88010383	2.85492396	2.80842662	2.83410740	2.87056708	2.94224429	3.03070617	3.11395812	3.19434524	3.24585795	3.27961779	3.30472445	3.36834049	3.46892595	3.53072643	3.67384791	3.81829810	3.91831899	4.00487328	4.17242670	4.31875134	4.41986132	4.63067913	4.82928276	4.89376307	4.87874794	4.94898415	5.02747679	5.11910152	5.06138229	5.03132677	4.98968744	4.93834877	4.78551197	4.65390062	4.49659014	4.35482979	4.12829685	3.88548136	3.67614174	3.49937224	3.18990684	3.00467825	2.74227762	2.47372460	2.22823215	1.99860156	1.82890964	1.68539929	1.52087164	1.38349056	1.29090512	1.19771624	1.11860979	1.02056587	0.927007079	0.860399961	0.837643206	0.783208907	0.744034648	0.688744366	0.629864037	0.589534342	0.559584796	0.530619085	0.520609260	0.515976846	0.488453776	0.463767499	0.443782449	0.453369021	0.474263102	0.498070747	0.565345109	0.701364815	1.03578866	1.38174462	1.11384106	0.677450418	0.645344317	0.735450327	0.900195003	1.14068282	1.30431807	1.40606618	1.53891635	1.82461023	2.25578499	2.40378261	2.40427852	2.37792635	2.37073445	2.37813568	2.39649391	2.37888169	2.40479922	2.41002536	2.41515279	2.31997371	2.14172220	1.88363087	1.74423409	1.71055615	1.86715829	2.29090881	2.76053023	2.82334828	2.89278984	2.79732847	2.69296241	2.57400155	2.48674011	2.46755600	2.47768354	2.55891061	2.75970888	2.88258886	2.98196936	3.04275489	3.03909516	3.05222321	3.05346441	3.07115960	3.09421420	3.06194758	3.03874397	2.97902179	2.90691900	2.79633713	2.71209645	2.69200182	2.67948246	2.62723064	2.55050468	2.51816964	2.48918653	2.45477986	2.41961432	2.32001567	2.24124360	2.14607787	2.09224844	2.08522940	2.06974912	2.02986813	1.94412506	1.84218729	1.73294628	1.68985975	1.61264241	1.52963400	1.43918967	1.34486926	1.24932027	1.13996506	1.05513763	1.00584352	0.935570359	0.858320296	0.798262179	0.739945292	0.649149597	0.587033927	0.529081881	0.433936208	0.356331110	0.293776244	0.245819464	0.217035994	0.193274796	0.172797501	0.146592408	0.134269476	0.119743519	0.116421178	0.107672915	9.65938494E-02	8.80145207E-02	8.97872746E-02	9.19542089E-02	8.81557688E-02	8.27023610E-02	8.32087621E-02	8.78971666E-02
26.0000000	7.81040713E-02	7.39631578E-02	7.49770105E-02	7.94937164E-02	8.27203989E-02	8.45304802E-02	8.79405737E-02	9.37616676E-02	0.103570610	0.101292022	8.91578272E-02	8.22675377E-02	8.37565213E-02	7.99341649E-02	7.11768493E-02	6.64983988E-02	6.43161088E-02	6.37942180E-02	6.18908629E-02	5.68279698E-02	5.20758256E-02	4.83214669E-02	4.61306758E-02	4.74078991E-02	4.72555310E-02	4.44537401E-02	4.05831970E-02	3.73552367E-02	3.56254205E-02	3.58427502E-02	3.67856063E-02	3.74470502E-02	3.98707017E-02	4.71001528E-02	5.70783578E-02	6.88952208E-02	9.13037360E-02	0.115650825	0.139334202	0.145089746	0.157088846	0.162349507	0.166674301	0.171041250	0.175522253	0.189532816	0.221892819	0.230927005	0.217886701	0.219023123	0.244750366	0.269689858	0.290937692	0.312425375	0.329910964	0.322326571	0.316903502	0.336866438	0.370176733	0.373065233	0.350766152	0.342064977	0.338805020	0.334935069	0.336331010	0.299565405	0.232363284	0.154739380	9.87750366E-02	9.01035592E-02	9.21001583E-02	9.64548290E-02	0.102889270	0.123883724	0.165783346	0.190162390	0.208970711	0.238955155	0.287559748	0.349531889	0.427489966	0.486852407	0.513112128	0.538972497	0.506018817	0.462626338	0.456833184	0.485745579	0.495560050	0.543304622	0.625330329	0.734796047	0.801334500	0.860857606	1.07849693	1.40427613	1.52616560	1.40425849	1.68930876	1.92781198	1.57427096	1.08570325	1.00098383	1.35163498	1.70415616	1.80385137	2.04671550	2.42167592	2.56750941	2.69352317	3.02455425	2.89680004	2.83520365	2.74557734	2.82163286	2.66598797	2.65387535	2.91908813	3.25251150	3.08228946	2.97166491	3.31780887	3.71206903	3.74489641	3.65488482	3.46638536	3.27193689	3.01357818	2.74015975	2.51445818	2.32499528	2.19871259	2.13833094	2.08628988	2.07793283	2.08414721	2.09597659	2.14168811	2.21777582	2.30851007	2.39718342	2.50372672	2.58643818	2.63539028	2.68424344	2.75749898	2.81350207	2.87319207	2.90413356	2.89120245	2.85384035	2.80030417	2.78867936	2.76878238	2.75550938	2.76605868	2.75243998	2.74120259	2.70138359	2.63693142	2.61315274	2.59766865	2.58014607	2.56111383	2.54378247	2.55001378	2.56966949	2.59221053	2.61810160	2.65058351	2.62833261	2.60060930	2.57560420	2.55307007	2.53388810	2.55957222	2.55951929	2.54544377	2.52881503	2.56053925	2.60101056	2.65641427	2.76546955	2.83781958	2.91205215	2.97118640	2.98715186	3.00217390	3.04725957	3.13472676	3.23526478	3.37211990	3.49107313	3.61706448	3.81902790	4.01382208	4.19205236	4.34826994	4.49657726	4.64249039	4.75867605	4.80342007	4.80020666	4.87189865	4.95558596	4.93740463	4.83946133	4.78805065	4.71195936	4.58529186	4.42913675	4.23919058	4.04901600	3.78837705	3.59336543	3.44288945	3.26997256	3.05542064	2.84298396	2.53960633	2.26733232	2.06806374	1.85594654	1.69718492	1.58664083	1.43435502	1.30503333	1.19642818	1.13427532	1.05922806	0.977781892	0.927642465	0.887477636	0.838697612	0.807756007	0.772878289	0.711093724	0.651901305	0.615340769	0.593474925	0.574948728	0.563762844	0.549799740	0.529883802	0.494678706	0.470540583	0.452723116	0.460006595	0.487309456	0.518152595	0.615845025	0.767073989	1.11105335	1.21772432	0.924229562	0.792643368	0.805825293	0.861463189	1.01954591	1.33285391	1.71693540	1.73677111	1.85638213	2.29421973	2.43498921	2.36370492	2.24978971	2.21618867	2.21045303	2.18780184	2.20423245	2.29223704	2.36353040	2.41421008	2.36658645	2.16002560	1.87208605	1.66658354	1.59125221	1.76103246	2.16411304	2.51219344	2.50807786	2.39343143	2.61174178	2.60288429	2.51265025	2.43747926	2.44502258	2.47433281	2.59687304	2.80107045	2.95322299	3.00533247	3.03330493	3.07271791	3.06498671	3.01498604	3.01438379	2.98342371	2.95053077	2.91442657	2.82257724	2.70638371	2.64947629	2.57615423	2.54006195	2.51227188	2.45280743	2.40732121	2.39312482	2.37954164	2.36189198	2.30157399	2.23972702	2.15586495	2.13410640	2.08938146	2.08047056	2.01811481	1.94206774	1.88358450	1.81195414	1.68658733	1.57813752	1.52796030	1.43484151	1.34208846	1.24490821	1.15775251	1.05162811	0.983712018	0.919894755	0.842333078	0.780486345	0.695275843	0.629084051	0.562903404	0.491558045	0.422341496	0.341484368	0.266888559	0.215566829	0.178993464	0.156764105	0.140718475	0.122581683	0.116737157	0.107173920	9.60707217E-02	9.40115005E-02	9.46894214E-02	9.32296067E-02	9.11882892E-02	8.92842636E-02	9.03940201E-02	8.97675976E-02	9.00555328E-02	9.16014686E-02	8.69010389E-02
25.0000000	7.51929730E-02	7.46245459E-02	7.51687065E-02	7.53605515E-02	8.04786384E-02	8.65722820E-02	8.97747800E-02	9.52748731E-02	0.100365952	9.93430465E-02	8.33955035E-02	7.28487000E-02	6.68728575E-02	5.92019856E-02	5.40835932E-02	5.15758544E-02	5.12886792E-02	4.97540757E-02	4.57525253E-02	4.23090719E-02	3.98167446E-02	3.72947156E-02	3.70628163E-02	3.84403616E-02	3.89244333E-02	3.83054316E-02	3.63970622E-02	3.30206454E-02	3.02170571E-02	3.01891677E-02	3.35650519E-02	3.55394222E-02	3.61819156E-02	4.04777974E-02	4.80638556E-02	5.43671325E-02	7.51162469E-02	9.50023085E-02	0.121348336	0.146117434	0.157360271	0.141558737	0.142999619	0.166782454	0.181466758	0.183215603	0.195921287	0.217107117	0.209692255	0.196566746	0.201874927	0.223085135	0.237439469	0.235330373	0.239175797	0.246991754	0.269082814	0.278463095	0.263165802	0.252149045	0.248455241	0.237580776	0.237209260	0.241961852	0.248241752	0.219409451	0.174398467	0.135167450	0.105881058	9.27157551E-02	8.62451270E-02	7.88660347E-02	8.11119005E-02	9.94697660E-02	0.139520004	0.170349091	0.201762274	0.257457465	0.307000518	0.347752541	0.402957201	0.452394694	0.495533258	0.529667616	0.559665442	0.578440428	0.587925494	0.579562962	0.566914976	0.616527855	0.739519298	0.886488199	1.01427722	1.11422062	1.31948447	1.26651311	1.11495900	0.977051377	1.33470666	1.50410962	1.46722806	1.13059652	1.15087879	1.39741528	1.72844005	1.62211907	1.63727784	1.84036839	2.14364076	2.37025285	2.58922529	2.69404793	2.68866229	2.65481710	2.59851718	2.37087035	2.41388965	2.74344945	2.72551727	2.38820362	2.30315781	3.66509485	4.43003416	4.03387976	3.54678965	3.15655160	2.87301302	2.59020805	2.36082721	2.17562222	2.04803061	1.99678588	1.96306491	1.97453320	1.97697580	2.02120280	2.08296704	2.15438890	2.24269223	2.34804845	2.45074677	2.55377150	2.62944031	2.67114925	2.72107434	2.79011655	2.85833740	2.87246990	2.83069134	2.76849627	2.70717669	2.67421079	2.65895963	2.63907313	2.62647629	2.60221767	2.57198191	2.54694414	2.53048491	2.51049113	2.50166082	2.45650339	2.41652870	2.36299729	2.31976008	2.32497263	2.34449649	2.33855772	2.34685493	2.33763742	2.29088187	2.28490448	2.28740287	2.27357340	2.27883315	2.31373429	2.30744410	2.29904723	2.31533098	2.34939766	2.35179806	2.39643574	2.48174644	2.56780648	2.62994266	2.67280293	2.69470644	2.69093323	2.74255133	2.85005212	2.98225927	3.11498356	3.25571990	3.38922691	3.59474349	3.87178206	4.07116890	4.20149183	4.34501314	4.47778034	4.55243587	4.60181284	4.62319708	4.70019293	4.72197104	4.67789078	4.57142210	4.50483990	4.49560499	4.36349964	4.16169739	4.00947523	3.74486947	3.54876423	3.35951591	3.18877363	3.03659415	2.84578252	2.59979200	2.34800243	2.13721275	1.95534229	1.79092336	1.65280128	1.52279949	1.39726508	1.29752469	1.21007490	1.13541317	1.07976413	1.02093315	0.964424193	0.914441764	0.866569817	0.818336368	0.787528515	0.765345216	0.717732310	0.670340776	0.654969752	0.655114949	0.654863060	0.622168660	0.585986018	0.530287385	0.504368603	0.486680061	0.464051366	0.450596362	0.491323054	0.551679969	0.632557750	0.787687659	1.06830716	1.29602361	0.944056630	0.816019773	0.832093775	1.03281212	1.44718623	1.99868286	1.92427206	1.84026349	2.18014598	2.34528494	2.21000004	2.08646369	2.02767515	1.98557866	1.94250810	1.96905553	2.10447669	2.29020309	2.52732611	2.61813998	2.43164062	2.14848256	1.93304026	1.80132794	1.82201898	2.13164902	2.21676064	2.05896664	2.17871809	2.24060416	2.44753289	2.42363620	2.37049246	2.38306284	2.46409440	2.60614800	2.77915835	2.92501116	2.98447943	3.01409435	3.00301409	2.93161702	2.87971306	2.85227633	2.79753780	2.76891685	2.69477534	2.59453058	2.54243040	2.51803470	2.43656588	2.38903761	2.33461881	2.29490709	2.26566339	2.27123976	2.26073718	2.22434115	2.17244697	2.12718058	2.10136032	2.05320764	2.03201175	1.99918723	1.94191360	1.84965122	1.81085813	1.72067404	1.57867563	1.43813396	1.37877727	1.29351747	1.21927309	1.12718153	1.03452241	0.939512670	0.882078588	0.805467308	0.734613657	0.669726849	0.591471970	0.524449825	0.459524572	0.389629066	0.326288462	0.256575316	0.198802903	0.157770246	0.128763750	0.115232132	0.117904589	0.106786236	9.76658463E-02	9.20891836E-02	9.10257250E-02	9.20123011E-02	9.35778320E-02	9.38052312E-02	9.26168337E-02	9.14534926E-02	9.31938216E-02	8.96596462E-02	8.50201994E-02	8.31829682E-02	7.90733695E-02
24.0000000	7.58003220E-02	7.66111240E-02	7.22543001E-02	6.78092539E-02	7.39682913E-02	8.30250606E-02	8.63214880E-02	8.18262994E-02	7.89117813E-02	7.31988773E-02	6.44465014E-02	5.57539985E-02	4.90119681E-02	4.32089604E-02	3.95320617E-02	3.99315618E-02	3.95460948E-02	3.48690227E-02	3.07216756E-02	3.16815302E-02	3.33284922E-02	3.21776532E-02	3.07817161E-02	3.01483553E-02	2.96185371E-02	3.06929592E-02	3.16254161E-02	3.00812423E-02	2.59262733E-02	2.48659402E-02	2.81566195E-02	3.02029587E-02	2.88750902E-02	2.94777993E-02	3.38157751E-02	4.29566056E-02	6.24926165E-02	8.05708617E-02	0.100368232	0.125726789	0.133479804	0.125866592	0.131764129	0.160222232	0.182079583	0.173833057	0.168100685	0.178028569	0.184025913	0.168840587	0.165614530	0.172996461	0.172736228	0.166588202	0.167206630	0.184799895	0.218929529	0.235856786	0.233576164	0.209518179	0.197834656	0.206708834	0.211464092	0.205578625	0.193731353	0.177133471	0.154369429	0.122856013	0.101228721	8.57365578E-02	7.04702511E-02	6.33221194E-02	6.73512071E-02	8.30190703E-02	0.122502431	0.157368883	0.212102637	0.278873146	0.336866170	0.396733344	0.461563379	0.484967113	0.521235824	0.559421420	0.586580992	0.618528783	0.640879452	0.651966155	0.647864223	0.717152655	0.862817883	0.948601544	1.00227404	0.996444166	0.808873892	0.569901526	0.514997661	0.668258369	0.961778045	1.14692402	1.14757431	1.16157556	1.28870237	1.47452605	1.67402875	1.62470531	1.56872845	1.62372267	1.72788334	1.79435110	1.92672884	2.03051448	2.13526726	2.16117501	2.06936669	1.98702240	1.99187982	2.13513374	1.95861769	1.76858115	2.00865388	3.11457109	5.18466282	4.24907827	3.47635508	2.80046201	2.51397443	2.21267462	2.02255225	1.93160677	1.87743104	1.85493898	1.87357652	1.90906692	1.96192336	2.00204134	2.04138374	2.13362670	2.25848937	2.38182497	2.51360178	2.60472870	2.64466619	2.67269897	2.73288059	2.78219676	2.79043388	2.76681519	2.69778347	2.61343908	2.59042382	2.57948160	2.54726291	2.51663899	2.48916149	2.43644333	2.44727564	2.44372511	2.42167974	2.40465069	2.33992052	2.27278018	2.22660112	2.18284917	2.16228294	2.16618776	2.13829803	2.10313582	2.06966949	2.02444887	1.99983931	2.02622056	2.05945873	2.09714770	2.09527564	2.07533455	2.08602381	2.08635020	2.11365700	2.14126992	2.15248680	2.20661330	2.27939177	2.33572960	2.37511516	2.42091584	2.47313762	2.52768397	2.61073756	2.70221210	2.81205821	2.93508434	3.07726002	3.24213386	3.43717408	3.72547436	3.92075276	4.05671930	4.14306355	4.27037716	4.35774088	4.38292408	4.39850283	4.41122627	4.44503260	4.39605284	4.33903551	4.32465649	4.24425554	4.07962179	3.87687898	3.72698283	3.54273438	3.36857414	3.14611816	2.94944692	2.83824277	2.64432716	2.40585876	2.19528794	2.01250315	1.88243794	1.76493394	1.64825761	1.54152536	1.43016624	1.33560658	1.28438497	1.23097777	1.16948211	1.07069480	1.01756012	0.976349235	0.923400819	0.874366820	0.859303474	0.832456052	0.795673966	0.752333045	0.741473913	0.761010945	0.764730752	0.724497557	0.653334379	0.575888157	0.541684866	0.537901998	0.526260376	0.490670115	0.481992841	0.540389478	0.611586750	0.676059067	0.801408589	1.11531782	1.30238056	0.990527868	0.961895227	1.13788354	1.54848814	2.11330390	2.05872989	1.88757563	2.25665784	2.45821524	2.24095058	2.01237750	1.85582507	1.82549548	1.76218879	1.71252537	1.82577562	2.05151320	2.33592081	2.54262733	2.48219538	2.30632949	2.15150309	2.02587914	2.00641561	2.04848957	1.99146223	1.91767931	2.08853054	2.21869254	2.24994707	2.33964539	2.38676929	2.45221543	2.53320217	2.60629416	2.69291854	2.76077175	2.82358146	2.87587810	2.83056760	2.75520611	2.73247886	2.68765163	2.63772774	2.57421660	2.52098322	2.47510600	2.43732023	2.39573669	2.34118366	2.31007028	2.26092172	2.20734692	2.20128131	2.15413809	2.11708713	2.06015396	2.00515819	1.95789754	1.93106878	1.93154693	1.92871416	1.88656032	1.83296454	1.77423036	1.69708645	1.58162642	1.44717550	1.30904257	1.22055590	1.13513815	1.05547249	0.980845630	0.903438628	0.821741462	0.757602930	0.680547774	0.616374612	0.553126812	0.484125674	0.424387991	0.358312488	0.299278289	0.245814130	0.185059547	0.140811473	0.116907835	0.103169955	9.91538838E-02	0.100779347	9.82675478E-02	9.68669206E-02	9.80410427E-02	9.93160307E-02	9.45724472E-02	9.15283635E-02	9.12101641E-02	9.22665447E-02	9.54868272E-02	9.41284522E-02	8.65869671E-02	7.96841756E-02	7.73145929E-02	7.67083392E-02
23.0000000	7.34016523E-02	6.72200546E-02	6.05918095E-02	5.85144646E-02	6.15613274E-02	7.11740777E-02	7.50830844E-02	6.94774166E-02	6.12954311E-02	5.31203970E-02	4.59084176E-02	4.24249284E-02	3.86978686E-02	3.49607021E-02	3.12838219E-02	3.10201496E-02	3.00587509E-02	2.89878566E-02	2.93924119E-02	3.03483494E-02	2.97393370E-02	2.72898711E-02	2.39605475E-02	2.19209716E-02	2.30205320E-02	2.63322946E-02	2.78539434E-02	2.59746760E-02	2.40592305E-02	2.27586795E-02	2.27058195E-02	2.22691111E-02	2.22098045E-02	2.35393848E-02	2.92602237E-02	4.02890779E-02	6.20913021E-02	8.01531300E-02	9.05998573E-02	0.100520432	0.116886251	0.119028702	0.117470473	0.127723947	0.152135372	0.160434261	0.143207446	0.137640357	0.142026171	0.142613515	0.139534384	0.129205734	0.126229718	0.129624471	0.132975996	0.138292789	0.167683721	0.218132511	0.245744556	0.231492341	0.199613959	0.192520872	0.189880863	0.182476953	0.163936645	0.142326266	0.125417575	0.106026694	8.31077173E-02	6.68640509E-02	5.96571453E-02	5.61178103E-02	5.92347570E-02	7.19394013E-02	0.110596605	0.163955629	0.218034297	0.281268358	0.362053007	0.427025616	0.502407193	0.550950706	0.580182374	0.604724467	0.603241324	0.600520790	0.591327906	0.578812301	0.586627305	0.642669141	0.682175696	0.668498278	0.721544445	0.723107338	0.533722878	0.356036901	0.378325909	0.578516722	0.778927386	0.873697698	0.946291506	1.14423347	1.35625243	1.47715342	1.72117674	1.67069864	1.59081602	1.43334854	1.32903302	1.35822785	1.47790027	1.59312987	1.64596009	1.59618521	1.53937626	1.58350766	1.63869739	1.76434207	1.85593641	1.82011187	1.82998705	3.10960770	3.66323781	3.55728412	2.98857188	2.36499739	2.12171006	1.92748106	1.82559550	1.78997028	1.80831373	1.83511961	1.90282238	1.94876003	1.96944356	1.98429394	2.08424115	2.18189192	2.30370355	2.42159176	2.54403782	2.60666394	2.64052606	2.71386290	2.75167966	2.76124215	2.77454996	2.69899893	2.61338592	2.53706384	2.47634172	2.44317412	2.41864467	2.41956973	2.36727595	2.34415960	2.34755421	2.34343839	2.33352208	2.29143572	2.22615504	2.14489698	2.07037234	2.02071929	2.00075603	1.96783769	1.91772246	1.87762892	1.84070098	1.80759835	1.81060612	1.85664153	1.90119040	1.93098724	1.86448634	1.85914850	1.85144961	1.85489810	1.88139892	1.91595423	1.94524181	2.01273131	2.08721161	2.16489697	2.22313166	2.27521324	2.36772203	2.44570398	2.49206281	2.55697513	2.68171763	2.82974958	2.98348713	3.15358734	3.35681605	3.60582209	3.72690845	3.82066274	3.91602802	3.99903774	4.11846495	4.10337639	4.10226870	4.14977503	4.11901903	4.10764694	4.10337353	4.03828955	3.96084642	3.81680512	3.61192060	3.44014621	3.31428027	3.15077877	3.01076221	2.85766196	2.72579265	2.55052090	2.31930900	2.15310693	2.00345707	1.88540268	1.81335676	1.73184621	1.60876846	1.50732028	1.42678463	1.34778845	1.29294968	1.22265363	1.16128254	1.09047210	1.02742624	0.964894474	0.945418477	0.919453740	0.898473084	0.899099708	0.878366649	0.880686402	0.909920037	0.888952911	0.813838720	0.728332877	0.647093177	0.622232795	0.620425820	0.611337185	0.557057321	0.529069245	0.563705802	0.621630013	0.686780393	0.764377415	0.994353294	1.44159472	1.24756992	1.09466445	1.11922491	1.53042650	2.09845281	2.04125237	1.89967144	2.32416654	2.62664318	2.30322528	1.87761843	1.64197767	1.60933852	1.53865659	1.47098041	1.58515155	1.80371308	2.09067822	2.25547481	2.16486740	2.00086975	1.67327130	1.60628319	1.69284117	1.74131835	1.89574683	1.98357701	2.06177211	2.07336664	2.10672426	2.21065068	2.38637781	2.53795004	2.62207913	2.66433120	2.70269156	2.68032169	2.66563368	2.69466043	2.69172788	2.66456461	2.60491967	2.53302622	2.47008610	2.42460561	2.38990569	2.36934638	2.37171006	2.32934213	2.27483964	2.24988174	2.18767548	2.13710880	2.12088394	2.07396030	2.00787902	1.93558109	1.87305176	1.81282759	1.80259919	1.82791889	1.81505394	1.76846743	1.70778930	1.67085671	1.59352469	1.45183754	1.30953193	1.21496546	1.10934925	1.00151634	0.936469316	0.873684525	0.812155485	0.727806449	0.651895165	0.582745612	0.519189477	0.450510681	0.393250197	0.340824127	0.278963536	0.229878128	0.183587775	0.137860417	0.111796081	0.104627237	9.81116518E-02	9.93705392E-02	0.101356544	0.100131743	0.100899026	0.104219474	0.102621458	9.65918675E-02	9.35859904E-02	9.42178294E-02	9.33052897E-02	9.26995277E-02	8.85701403E-02	8.35210085E-02	7.98081011E-02	7.79227912E-02	7.58135393E-02
22.0000000	6.61746189E-02	5.86012043E-02	5.79187423E-02	5.61462045E-02	5.33560626E-02	5.42796887E-02	5.31556420E-02	4.83386330E-02	4.39582169E-02	3.79154049E-02	3.21770199E-02	2.99521182E-02	2.95390356E-02	2.74617951E-02	2.45114285E-02	2.46894397E-02	2.83448566E-02	3.27998102E-02	3.40175219E-02	2.92843021E-02	2.24813092E-02	1.95945911E-02	1.93978976E-02	2.00608205E-02	2.03924645E-02	2.14081537E-02	2.25288663E-02	2.14183591E-02	2.07470935E-02	1.92117654E-02	1.83546245E-02	1.86231136E-02	2.11301669E-02	2.33601276E-02	2.74579301E-02	3.78358290E-02	6.39053434E-02	8.08163285E-02	8.01406354E-02	8.97605866E-02	0.114078782	0.133400396	0.121826082	0.103326909	0.112985469	0.129529253	0.127027228	0.113988444	0.110025845	0.110976584	0.110070370	0.106222510	0.106521316	0.110375077	0.114262238	0.111076146	0.123915732	0.167482421	0.205880135	0.192143172	0.167370692	0.148557693	0.141922206	0.128877699	0.112698257	9.98613909E-02	8.61427635E-02	7.33744502E-02	6.24969937E-02	5.33646569E-02	5.45249060E-02	5.63548058E-02	5.77713624E-02	7.41945580E-02	0.116989963	0.166615859	0.215347975	0.293037176	0.409817457	0.493067682	0.514666200	0.518723190	0.491161495	0.477767199	0.481506020	0.517436683	0.550091267	0.530576646	0.532354176	0.567400753	0.555423260	0.504489660	0.501542807	0.496975780	0.383054405	0.268593699	0.305302382	0.453306496	0.615265965	0.738556921	0.860112250	0.925363719	1.01248610	1.02768517	1.22723842	1.08102632	1.11247241	1.01717138	1.03580189	1.01332700	1.18359518	1.32912791	1.36258698	1.29591310	1.28935397	1.35869479	1.54892910	1.95238388	2.41700697	2.33003592	2.05961490	2.13003874	2.70959020	2.59374619	2.25642490	2.01255512	1.88180399	1.82090831	1.86057544	1.87948155	1.90380621	1.92765009	1.96018696	1.96398330	1.95625257	2.00520444	2.09924245	2.22841787	2.35162234	2.46144414	2.57088065	2.68334174	2.76249838	2.82881856	2.84964323	2.80754662	2.75616217	2.66648436	2.55295372	2.45011854	2.38340473	2.35412836	2.35782194	2.37028265	2.35052848	2.32268167	2.29283857	2.27402472	2.21592355	2.14730954	2.10162449	2.02160478	1.91915202	1.85636747	1.82251489	1.76514447	1.72998810	1.70591998	1.67183352	1.63844824	1.65110898	1.68238747	1.69213700	1.67521369	1.66077864	1.66100407	1.66166532	1.67330074	1.69943511	1.74853468	1.78738034	1.85762370	1.93642056	2.00675845	2.08074141	2.14206529	2.26251578	2.34700775	2.39224577	2.50039792	2.62637973	2.74604869	2.94771552	3.13705945	3.30005145	3.42610407	3.43674278	3.55892467	3.67717648	3.74336600	3.77093673	3.84816790	3.83755851	3.88844419	3.82496858	3.86980891	3.77914476	3.70895696	3.65312386	3.53880215	3.37366414	3.23542595	3.14924669	3.01675749	2.87281799	2.74444580	2.62088895	2.48575449	2.32103896	2.16956234	2.03019762	1.92543077	1.84976137	1.78744221	1.70435882	1.61448765	1.52178431	1.41536224	1.34123302	1.30759048	1.25591695	1.18571496	1.10981131	1.06811786	1.05481887	1.04363132	1.04061675	1.06104898	1.06221092	1.08937383	1.07961917	0.999942660	0.922035873	0.815608799	0.753307521	0.711486816	0.662301123	0.644161701	0.629532337	0.599594533	0.583073378	0.652279496	0.724512041	0.778106451	0.933281720	1.05191827	1.05853760	1.12522089	1.24203265	1.62575650	2.44077373	2.45970225	2.14241552	2.52679110	2.81636286	2.44818759	1.87754583	1.51613665	1.37251556	1.31075072	1.30073774	1.52011251	1.82820940	2.20896745	2.28367138	2.02621651	1.71351671	1.48555648	1.36769080	1.32380581	1.38435507	1.62831843	1.73069656	1.84659529	1.95825708	2.18626213	2.20548129	2.25582790	2.21826339	2.49147487	2.63614130	2.68883204	2.64107347	2.55715537	2.52516723	2.53674722	2.51874614	2.45916986	2.40753436	2.36855888	2.31726861	2.25874138	2.26123500	2.28423548	2.25814056	2.21504927	2.18440390	2.10067797	2.03099632	2.00277042	1.95472717	1.89601576	1.84005344	1.80677700	1.75983894	1.75820923	1.76389897	1.74330068	1.69205403	1.58408153	1.51083696	1.44702220	1.34089792	1.22725570	1.14910662	1.03495836	0.937893927	0.850450397	0.766604364	0.710021138	0.636209488	0.558489323	0.489224970	0.433362365	0.374619305	0.318484485	0.267355919	0.215916917	0.168120071	0.141777903	0.114542075	0.106624663	0.108494878	0.101712681	0.101631381	0.107369736	0.107787490	0.106829233	0.108036645	0.102788389	9.69006792E-02	9.59985927E-02	9.61559638E-02	9.25189331E-02	8.68796036E-02	8.34001973E-02	8.07920918E-02	7.82191157E-02	7.70804882E-02	7.53570348E-02
21.0000000	6.29042536E-02	5.97622730E-02	5.99402115E-02	5.70934005E-02	4.90404256E-02	4.30583768E-02	3.82890701E-02	3.44446041E-02	3.03501785E-02	2.69592181E-02	2.24899277E-02	2.07081251E-02	2.14290991E-02	1.98419169E-02	1.76508352E-02	1.92586165E-02	2.60798354E-02	3.16062421E-02	3.30789201E-02	2.60985680E-02	1.69617571E-02	1.44478986E-02	1.55824143E-02	1.66676436E-02	1.78943221E-02	1.92318372E-02	1.84030123E-02	1.70419309E-02	1.59235373E-02	1.47934789E-02	1.43458163E-02	1.51346615E-02	1.72368307E-02	1.95593946E-02	2.25517936E-02	3.21160629E-02	6.01520874E-02	8.83546323E-02	7.35514387E-02	7.67818615E-02	9.82802063E-02	0.142692000	0.134853452	0.100847952	8.49496797E-02	9.82966423E-02	0.107746989	9.98541713E-02	9.14327577E-02	9.33841541E-02	0.100301534	0.102560163	9.78741646E-02	0.100753598	0.104777291	9.94634405E-02	0.103153281	0.118392549	0.137936667	0.135389566	0.122190699	0.113733403	0.100765616	8.50987360E-02	7.65578970E-02	7.24184141E-02	6.67399541E-02	6.14250973E-02	5.48961051E-02	4.91235889E-02	4.61765788E-02	4.92395014E-02	6.18587658E-02	8.87675211E-02	0.131303862	0.174130499	0.230251044	0.336122304	0.448214293	0.460898131	0.451998174	0.437848240	0.414675325	0.403411001	0.403934658	0.475337297	0.502407312	0.463540882	0.458227009	0.432276607	0.402908087	0.368857861	0.348005861	0.348848373	0.305865616	0.240086973	0.278191894	0.406427443	0.521017730	0.643049419	0.738213181	0.809984446	0.776135325	0.835949898	0.905598819	0.995607316	0.845501542	0.765467942	0.695848703	0.691451371	0.875138640	0.992769063	1.05706692	1.16371071	1.35185230	1.59356403	1.85715091	2.29887295	2.81985307	2.75962520	2.41918612	2.54193330	2.69553399	2.36406851	2.06017780	1.91993284	1.89088809	1.91979969	1.98742664	2.02931356	2.06308222	2.05154777	2.02302909	2.01125169	2.04946542	2.14678907	2.29655600	2.44916105	2.60331488	2.71579242	2.80586123	2.87895656	2.93439484	2.97220397	2.96369839	2.91073227	2.81919646	2.68345499	2.53911495	2.43650007	2.38084745	2.35754371	2.33952546	2.32559323	2.29105926	2.24561334	2.19824219	2.13134265	2.05378723	2.00050974	1.93656135	1.85938871	1.78436339	1.73933721	1.70056772	1.64384699	1.59992397	1.56514847	1.52403677	1.51439309	1.52821112	1.53201234	1.54591691	1.55342698	1.53490794	1.52911818	1.53716564	1.55800903	1.61609066	1.66239548	1.69316173	1.78025627	1.84370482	1.91232848	1.98896694	2.07200551	2.21999907	2.29197645	2.35961938	2.46799612	2.58343863	2.73402572	2.88204193	3.02121162	3.14753675	3.17336750	3.24674439	3.41737175	3.54982495	3.64249945	3.70428944	3.70186234	3.54878569	3.24542069	3.48036098	3.54727578	3.53818440	3.40443468	3.36887836	3.25394750	3.15416861	3.03046703	2.95490003	2.87783718	2.76401114	2.65680766	2.53111339	2.47654915	2.38197422	2.23189855	2.12129307	2.05907512	1.96380711	1.87670541	1.77771795	1.70679402	1.62878287	1.54767096	1.50702083	1.45135307	1.39927316	1.33972871	1.28874683	1.26245499	1.26276493	1.28007162	1.30847263	1.31817842	1.32122612	1.29761970	1.22738779	1.15034080	1.07521868	0.972659528	0.886319935	0.814085066	0.739862919	0.703145266	0.730210721	0.730779827	0.670162857	0.698948205	0.778330147	0.840511680	0.992079675	1.11930346	1.14574540	1.25271857	1.36858642	1.61958134	2.37190366	3.31170344	3.39040685	3.21414208	3.12126923	2.78030586	2.17109561	1.63622200	1.32460117	1.19946742	1.20791936	1.56401742	1.98780823	2.50795341	2.68525743	2.26728559	1.97754991	1.79375863	1.58623278	1.41507673	1.32045460	1.29750228	1.31028926	1.52829754	1.83503723	2.31055951	2.21246958	1.85599113	1.95209050	2.16188359	2.50539517	2.63544917	2.55226731	2.41405892	2.33000612	2.32113314	2.32787681	2.28366041	2.24615049	2.21117640	2.19312119	2.16224742	2.16023803	2.15369654	2.13144350	2.10065079	2.03072453	1.97630107	1.93107069	1.90447462	1.86403596	1.84845591	1.80616856	1.74847829	1.72649634	1.70559955	1.68522406	1.63787186	1.56775653	1.45974958	1.37165511	1.29012454	1.21493089	1.14612007	1.04804325	0.940485537	0.841922045	0.747597814	0.658173740	0.583343744	0.524842203	0.454290032	0.389654785	0.346043795	0.299549043	0.243979633	0.198545650	0.161311597	0.135539517	0.121824108	0.111593060	0.115255363	0.113985687	0.107665144	0.111189447	0.117999278	0.118937962	0.113482758	0.108441733	0.103279866	9.66348350E-02	9.46104601E-02	8.99177194E-02	8.39889869E-02	7.94884413E-02	8.04771483E-02	8.04292411E-02	7.81791732E-02	7.72389844E-02	7.26207495E-02
20.0000000	5.68021499E-02	5.50129153E-02	5.37625626E-02	5.04428856E-02	4.35390770E-02	3.83416489E-02	3.26506682E-02	2.78486609E-02	2.61568427E-02	2.29064412E-02	1.95337255E-02	1.93340257E-02	1.94995664E-02	1.68661363E-02	1.49113806E-02	1.44723831E-02	1.80265233E-02	2.19593570E-02	2.38112528E-02	1.89326499E-02	1.25448341E-02	1.05703939E-02	1.18616661E-02	1.35684982E-02	1.46384696E-02	1.50885051E-02	1.53256822E-02	1.40127977E-02	1.19207576E-02	1.07386019E-02	1.01072537E-02	1.08324755E-02	1.27920331E-02	1.45679107E-02	1.73315462E-02	2.75371503E-02	6.09076545E-02	0.123617768	9.01916325E-02	6.71027005E-02	6.62147924E-02	9.30823758E-02	0.120797694	0.116915852	9.12018046E-02	8.71809125E-02	9.41868573E-02	0.103246346	9.73383188E-02	9.51250941E-02	0.101079434	0.102115266	9.53587368E-02	9.35811773E-02	9.60876718E-02	9.60256681E-02	9.95422378E-02	0.111442670	0.116242975	0.101451024	9.84305367E-02	9.18276981E-02	8.23578611E-02	7.19903037E-02	6.44404069E-02	5.97283989E-02	5.82620651E-02	5.77847734E-02	5.34422807E-02	4.78871912E-02	4.48949710E-02	5.38059287E-02	7.52594769E-02	9.99520048E-02	0.147261083	0.210559145	0.291081220	0.365851283	0.400559366	0.403501064	0.410253406	0.408280730	0.417953491	0.414514869	0.451323688	0.459086835	0.394815475	0.360212743	0.342223197	0.306807846	0.291712791	0.255654544	0.232085407	0.214740261	0.235949323	0.208996490	0.265637189	0.370146185	0.451699555	0.511319399	0.527441204	0.572220206	0.622198284	0.688177764	0.907450855	1.04992938	0.811518669	0.647250652	0.577457130	0.666778624	0.918086827	1.09202445	1.15022290	1.27814388	1.55595577	1.77277219	1.89643967	2.09830546	2.32250762	2.30394936	2.26414013	2.68257070	2.94529486	2.59478116	2.23135877	2.06580114	2.10830331	2.16173172	2.28046393	2.34103775	2.30380535	2.29288530	2.28742337	2.28975224	2.38645720	2.55844522	2.71187901	2.86771703	2.99189281	3.09610415	3.15609860	3.19601703	3.16642952	3.16217875	3.11577129	3.04154015	2.87811470	2.73968816	2.63701081	2.56679535	2.48577404	2.40356374	2.31675339	2.27121854	2.21943712	2.18260288	2.12544656	2.01764584	1.92119765	1.84084165	1.77701128	1.70923042	1.67723918	1.64560425	1.59098172	1.53969836	1.49791813	1.45453715	1.44062662	1.45731950	1.46485472	1.46830368	1.48430574	1.47967649	1.50438726	1.48977268	1.50814915	1.52628064	1.58494568	1.62263620	1.66394174	1.75220740	1.82783055	1.88707817	1.95237446	2.06675959	2.15578008	2.21683860	2.33556318	2.44745803	2.53179646	2.61830401	2.71220374	2.80891132	2.88842845	2.99638772	3.13788724	3.25705528	3.34893274	3.42427588	3.46197534	3.43130827	3.24172378	3.11682057	3.28949451	3.76122212	3.52713847	3.25714803	3.06738329	3.02428007	2.96743608	2.86652184	2.82759452	2.74300528	2.70523787	2.63575912	2.57257819	2.52310872	2.44058037	2.34177756	2.26320577	2.19183135	2.10882115	2.00961256	1.89346349	1.85300493	1.80031180	1.76787174	1.69221246	1.60436285	1.56186604	1.53172469	1.52800381	1.51903129	1.56010997	1.58031857	1.61187291	1.61793065	1.59380257	1.51424384	1.44506383	1.38777745	1.30608094	1.17758656	1.04939067	0.952084005	0.889909625	0.850529671	0.872423947	0.880054533	0.822670102	0.799438000	0.840871751	0.897684991	1.00734639	1.16097295	1.29244006	1.39099503	1.49109459	1.59438980	1.93431568	2.71983051	4.06608677	3.94230461	3.12691116	2.90541649	2.63909101	1.97947288	1.43920827	1.23506689	1.37379837	1.77938986	2.15200186	2.87084222	3.04680896	2.58547425	2.29117322	2.17112947	2.00311446	1.81278074	1.62449789	1.46979558	1.35091412	1.37891626	1.61723256	1.79153323	1.76618838	1.66523778	1.80608690	2.02043223	2.69750476	2.79396796	2.53892040	2.30711412	2.25886607	2.21269798	2.17133975	2.12866163	2.10461116	2.07469773	2.04115629	2.03349590	2.02833700	2.00871754	1.98011863	1.96566033	1.92280602	1.89504337	1.88506317	1.87202358	1.85435581	1.81243420	1.75932443	1.69302428	1.67428732	1.65358233	1.59686959	1.50785613	1.42854238	1.33923471	1.22578061	1.13804853	1.08094013	1.01691806	0.902730048	0.803846955	0.706185281	0.617801785	0.536663830	0.465845287	0.414660871	0.363023013	0.314892024	0.270536572	0.230790347	0.194302693	0.162776053	0.141420305	0.130599543	0.119303569	0.118311673	0.121047862	0.114100926	0.109252319	0.110863723	0.111538544	0.111998536	0.106436469	0.102006279	9.63041633E-02	8.86453763E-02	8.37893113E-02	8.10784847E-02	7.74772018E-02	7.69796968E-02	7.85230398E-02	7.60771409E-02	7.31357858E-02	6.74133673E-02	6.20181337E-02
19.0000000	5.10937311E-02	4.87311371E-02	4.57769632E-02	4.20131013E-02	3.66706960E-02	3.11730392E-02	2.56365743E-02	2.28741411E-02	2.20068730E-02	2.10469589E-02	1.76288914E-02	1.76434442E-02	1.85513217E-02	1.52301481E-02	1.17677571E-02	1.06213968E-02	1.22937439E-02	1.41111584E-02	1.47288209E-02	1.27042374E-02	9.79700126E-03	9.41501558E-03	1.10854506E-02	1.28755020E-02	1.27284620E-02	1.20249093E-02	1.15571478E-02	1.00705419E-02	8.57979059E-03	8.04633275E-03	7.43941730E-03	8.07688665E-03	1.02836629E-02	1.29096815E-02	1.78470667E-02	2.91023981E-02	5.59757538E-02	0.262119889	0.129625648	9.55786183E-02	6.57068714E-02	6.94241822E-02	0.100511461	0.149295628	0.148184925	0.104155540	0.102407113	0.115709424	0.110979274	9.75411460E-02	9.15978551E-02	9.86661389E-02	9.92153510E-02	9.45186615E-02	9.20343548E-02	9.21411812E-02	0.100554846	0.109521814	0.103841938	9.55541804E-02	8.84045735E-02	8.22609141E-02	7.08927214E-02	6.60517961E-02	6.04333617E-02	5.54103516E-02	5.20596765E-02	5.28685078E-02	5.42576276E-02	5.51677942E-02	6.26366735E-02	7.23569542E-02	8.77680406E-02	0.102839775	0.153298542	0.226971909	0.284910381	0.328902245	0.373277277	0.384713888	0.371921659	0.384084165	0.407045335	0.448252529	0.447413385	0.355812073	0.317794800	0.294348806	0.267796069	0.248618245	0.240293026	0.219855696	0.203993917	0.211300641	0.187251538	0.185959056	0.230118826	0.316940725	0.390321940	0.423964769	0.396599889	0.435863495	0.483918667	0.544203937	0.675430954	0.897919416	0.974884450	0.753414214	0.577942371	0.690767884	1.18197632	1.33314466	1.34556568	1.35074401	1.45684361	1.51648259	1.54587948	1.64629543	1.64500058	1.55483747	1.55584800	2.40093946	3.30935621	3.31393456	2.76296711	2.42688394	2.51678157	2.63504291	2.69754243	2.70459008	2.69144487	2.67892694	2.71313238	2.83211970	3.00672770	3.14352775	3.25809312	3.37283564	3.52326417	3.58773613	3.58539724	3.52455759	3.50730371	3.42620945	3.32079101	3.15506744	3.01549911	2.87873173	2.76068497	2.63031268	2.49882221	2.37983966	2.30143142	2.22720289	2.16838145	2.12150860	2.02505016	1.90209460	1.79987252	1.72788453	1.67632759	1.63302124	1.60224104	1.57100189	1.51798737	1.47084332	1.43152034	1.40173447	1.39461958	1.40456891	1.41661167	1.41960227	1.42188382	1.41840804	1.43529713	1.44038939	1.47247243	1.49226713	1.54507172	1.60681653	1.65718985	1.70696115	1.77640843	1.82542443	1.87964272	1.97489643	2.05708981	2.15325713	2.26365805	2.32576323	2.35111237	2.44096112	2.52374005	2.60882735	2.66438913	2.79298043	2.89979458	2.99288344	3.06537485	3.14343286	3.22390699	3.19464779	3.04151106	2.86954069	2.95646453	3.41529632	3.35496426	3.03109908	2.89463758	2.89136600	2.81685615	2.74856615	2.73795700	2.69348216	2.67120194	2.64633369	2.61812425	2.59214664	2.54402542	2.49609065	2.43092275	2.38119793	2.30813336	2.16482449	2.04973578	2.02455044	1.98514533	1.93194067	1.84920955	1.77508426	1.74410188	1.73667216	1.75224566	1.77035654	1.79962969	1.83513331	1.89428866	1.93137205	1.88399506	1.77814007	1.71946061	1.65992105	1.56036878	1.40674579	1.24924469	1.15927339	1.09936583	1.05137062	1.01778638	0.999817610	0.965576947	0.937533855	0.925742269	0.922837436	0.959006071	1.04135275	1.12332249	1.30920541	1.40664065	1.52643442	1.68643904	1.68334711	2.22950578	3.07818365	2.83255291	3.06744599	3.29609561	2.48279929	1.71795714	1.43007672	1.67200255	2.36909914	2.73482585	3.37572241	3.37047005	2.88024807	2.61109066	2.47080541	2.30302000	2.19851375	2.18260789	1.97134018	1.79176927	1.80267656	1.91641879	1.86264348	1.63830197	1.46661222	1.54508722	2.13088083	2.38765144	2.56576419	2.45621753	2.14989471	2.20863271	2.13307333	2.09453201	2.05969191	2.02144647	1.95249021	1.89244151	1.86914539	1.85848701	1.84642506	1.86208904	1.87584543	1.86340523	1.84278417	1.84433472	1.83977413	1.78559327	1.71758866	1.67801118	1.61862373	1.57186115	1.53142321	1.45166326	1.34216118	1.25785148	1.17293406	1.08442795	0.995772481	0.918890834	0.823487580	0.733165324	0.648224950	0.552619159	0.479850113	0.420675397	0.370739222	0.321480095	0.286307007	0.253466129	0.220917776	0.192850158	0.170096174	0.151861563	0.143465549	0.134439796	0.126738027	0.127018332	0.127062216	0.122325070	0.119738750	0.112037800	0.107821122	0.104979172	0.100071467	9.57107991E-02	8.80176648E-02	8.31972435E-02	8.09443220E-02	7.79916421E-02	7.51015320E-02	7.52159804E-02	7.43248686E-02	6.94474727E-02	6.32337630E-02	5.82742132E-02	5.44898845E-02
18.0000000	4.40697186E-02	3.89772020E-02	3.43159325E-02	3.11682653E-02	2.79314797E-02	2.39219647E-02	2.06548069E-02	2.01390069E-02	2.06027161E-02	1.84588842E-02	1.49599835E-02	1.41600147E-02	1.50534781E-02	1.18641686E-02	8.74621142E-03	8.82311352E-03	1.00298896E-02	1.07859503E-02	1.09667899E-02	9.98336729E-03	8.41038115E-03	8.91049299E-03	9.95116029E-03	1.12609453E-02	1.01725403E-02	8.36825278E-03	7.54077407E-03	7.17728445E-03	6.84004743E-03	6.97900960E-03	6.77051675E-03	8.59857351E-03	1.13990167E-02	1.78362094E-02	2.25178450E-02	2.82516591E-02	4.24600318E-02	0.177303120	0.214893147	0.157489747	8.64528343E-02	6.81880191E-02	7.20978901E-02	0.150453463	0.176077619	0.122616805	0.102999359	0.110036947	0.113564335	9.52759609E-02	9.25744325E-02	0.115199707	0.127173752	0.117421642	0.115538307	0.115798324	0.108074978	9.73068625E-02	9.39915106E-02	9.24998969E-02	8.69069919E-02	7.92229474E-02	7.03957081E-02	6.45086020E-02	6.10682182E-02	5.67525811E-02	5.59731238E-02	5.78161255E-02	6.25317693E-02	7.09696561E-02	8.15282539E-02	9.48565081E-02	9.97450650E-02	0.115926132	0.160813347	0.225948110	0.276889145	0.316826761	0.358098775	0.380879134	0.353498787	0.350865334	0.387181640	0.418471634	0.343470633	0.293178380	0.282002121	0.267734379	0.244631529	0.250356406	0.250684768	0.222475916	0.193857983	0.178075477	0.178149432	0.182438836	0.216587633	0.276765823	0.329550445	0.326376736	0.334945768	0.360886395	0.351867199	0.348835111	0.355215788	0.621777236	1.26687241	1.05814850	0.713206947	0.690299094	0.939437091	1.26308930	1.35271490	1.29819381	1.28497005	1.23681569	1.23164892	1.27147925	1.12381935	1.03933656	1.09515333	3.11908674	4.31647873	4.55158234	3.61042094	3.05229759	3.15929031	3.24731565	3.28787780	3.32735658	3.32559705	3.36806154	3.48507762	3.66370344	3.79644752	3.83013535	3.90661335	4.02972507	4.10711384	4.08427334	4.00083923	3.88552403	3.80257058	3.67581344	3.50311995	3.31997514	3.13667417	2.92733955	2.71787906	2.56276202	2.43382645	2.34095907	2.26300526	2.16446900	2.05952191	1.98401785	1.88496137	1.78067148	1.71749818	1.67651343	1.62027037	1.56697154	1.52077138	1.50864840	1.47058380	1.42653584	1.36947429	1.34391022	1.33477104	1.33105290	1.32952261	1.33927262	1.35274482	1.35686243	1.35399079	1.37733018	1.41684759	1.45705533	1.49873340	1.53036690	1.55312204	1.59954536	1.65098274	1.69130683	1.75864029	1.84792554	1.92255831	2.00846624	2.04379749	2.06878686	2.11547303	2.22152257	2.32026792	2.37994027	2.43664670	2.52791762	2.59009242	2.69032240	2.77841902	2.82587934	2.89059806	2.89471078	2.76620722	2.61250997	2.60522342	2.94422698	2.99541998	2.87291408	2.78883910	2.80356646	2.80713439	2.75583696	2.71380568	2.70025587	2.70590639	2.72209334	2.72358084	2.70467687	2.64242029	2.60532284	2.58757687	2.55243158	2.50889039	2.39454055	2.27219868	2.22654152	2.18730927	2.15835500	2.07978058	1.96826386	1.91265082	1.93286097	1.97130740	1.99606049	2.05808210	2.13466096	2.24028111	2.27605653	2.19252586	2.11138368	2.06209469	1.94701934	1.83273852	1.67154765	1.53791356	1.43749189	1.34945858	1.26493025	1.18866277	1.15010309	1.12668490	1.10153258	1.06790876	0.996213019	0.960282683	0.941561103	0.945295870	1.01389289	1.14783430	1.35603702	1.43143678	1.21891546	1.40667367	2.78751945	3.41568685	2.70317101	3.56857824	3.15319920	2.27366042	1.71431649	1.96573067	2.99690843	3.65141559	3.81723166	3.52280760	3.21838140	3.06479311	2.74148345	2.41016030	2.31479716	2.34457517	2.20650768	1.92723000	2.19083452	2.58902812	2.30396557	1.60149920	1.56516290	1.49919915	1.86827803	2.12522745	2.25127459	2.16275239	1.85177910	2.08809853	2.08676791	1.97749531	1.77947879	1.92516923	1.87890792	1.80791557	1.74592829	1.73211074	1.72564030	1.72515976	1.72776461	1.71940136	1.71475065	1.70712924	1.69057333	1.64621401	1.58368158	1.55245543	1.50497377	1.42336297	1.35493159	1.27741528	1.18923974	1.08708322	1.00714207	0.925981700	0.848689973	0.757334113	0.658408165	0.576555252	0.507781923	0.427870184	0.364147097	0.320710272	0.288793892	0.254222810	0.245206192	0.228008479	0.201476648	0.178844437	0.167990446	0.156125858	0.149393708	0.142645285	0.138321295	0.144664466	0.144653082	0.136153653	0.121981673	0.110871762	0.103765957	9.74381492E-02	9.22036842E-02	8.73850137E-02	8.22461396E-02	7.88409635E-02	7.49093220E-02	7.26537853E-02	7.30045810E-02	7.39540607E-02	7.05055743E-02	6.31939024E-02	5.65592721E-02	5.06379642E-02	4.70133238E-02
17.0000000	3.84807363E-02	3.46714780E-02	3.20268087E-02	3.06741018E-02	2.73885857E-02	2.25212965E-02	1.98434517E-02	1.81017853E-02	1.64887216E-02	1.32953068E-02	1.04820095E-02	1.01106642E-02	1.16484417E-02	9.48628318E-03	8.25421233E-03	8.14743992E-03	9.10452474E-03	9.39328410E-03	8.53452086E-03	7.97566492E-03	7.59659568E-03	8.51156190E-03	9.69368871E-03	1.04625048E-02	8.53443332E-03	7.46368617E-03	6.44758716E-03	6.38684724E-03	6.29564840E-03	7.76531640E-03	1.00330291E-02	1.29301809E-02	1.27373626E-02	1.65136140E-02	2.09666640E-02	3.09671368E-02	4.52171117E-02	7.16565251E-02	0.192750081	0.243480548	0.126237974	7.94868693E-02	7.89699629E-02	0.100779139	0.164851919	0.143731266	9.71030965E-02	9.07707661E-02	0.106458142	0.110394999	0.107466385	0.152154163	0.175471380	0.158536062	0.135882020	0.132551685	0.111484781	0.100263953	9.87034515E-02	9.62911174E-02	8.77666473E-02	8.38476345E-02	7.96148628E-02	7.22004846E-02	6.72071800E-02	6.63080588E-02	6.85506314E-02	7.50527158E-02	8.60577896E-02	9.54130515E-02	0.109845251	0.113650516	0.118397556	0.144564450	0.172893360	0.234914571	0.275083601	0.296985596	0.336772591	0.383741736	0.384841800	0.356865823	0.337891102	0.343154848	0.331426978	0.299471200	0.294984370	0.285280228	0.293596923	0.293282300	0.261024535	0.224434942	0.195366934	0.162333667	0.170467660	0.178790316	0.182963654	0.198028654	0.253433466	0.329134017	0.353441894	0.399943292	0.406222343	0.388470799	0.388133794	0.461341888	0.951619208	1.73646891	1.57307541	1.35914648	1.20699477	1.31013834	1.37864637	1.31070089	1.26251996	1.17561722	1.16703212	1.16601837	1.03022742	1.05920804	1.44896638	3.86119461	4.88424015	5.58166218	4.63063717	4.04946327	4.03622437	4.02323389	4.12116861	4.23187351	4.29106283	4.34887218	4.49355650	4.55106783	4.56377411	4.53674507	4.60568762	4.69846725	4.64732027	4.53276587	4.41422987	4.19316339	4.02636671	3.83110118	3.59869719	3.39546537	3.14554286	2.86076045	2.65269256	2.49788761	2.37389731	2.24111104	2.10243011	1.99552715	1.90919530	1.85950208	1.78155017	1.70497608	1.64922643	1.60096347	1.53769445	1.50150692	1.47518909	1.43926430	1.40297437	1.35338795	1.30990183	1.28820550	1.27146995	1.25450027	1.24630475	1.25755644	1.27034473	1.28544402	1.28804862	1.30303168	1.32488275	1.34073520	1.35182345	1.36752748	1.38785827	1.45016313	1.49828446	1.55873013	1.61880517	1.67904890	1.71981478	1.73644650	1.77496040	1.81680715	1.91136789	2.00415635	2.08228111	2.13206649	2.20181346	2.28011584	2.33423567	2.41906714	2.49979258	2.53843999	2.55774117	2.59163380	2.59979963	2.59920025	2.65764451	2.81458306	2.87429190	2.82863092	2.79709029	2.80582070	2.84045768	2.82935500	2.81907916	2.82257843	2.83208370	2.83358788	2.82630849	2.77874398	2.74038386	2.71102667	2.70949745	2.68161774	2.63919997	2.59414387	2.51559520	2.47096443	2.43162823	2.38663292	2.31481600	2.21652055	2.19888973	2.26897717	2.33220267	2.40191007	2.45286798	2.53811240	2.63741612	2.65450001	2.56674576	2.49674487	2.43663692	2.32342720	2.20428491	2.09815001	1.97835445	1.86491048	1.74952769	1.61377740	1.49804425	1.44246066	1.40052426	1.35218108	1.28448212	1.22241080	1.14026833	1.04799771	0.934019744	0.909006476	1.00531161	1.13601744	1.13930988	1.07391143	1.14075732	1.47876310	2.24351597	1.63820457	3.06046867	3.36471343	3.40528393	2.64719892	2.51957417	3.75580025	4.05705976	4.04989767	3.66326427	3.70934224	3.68265390	3.26073980	2.75857115	2.42981648	2.24439359	2.16918206	2.22059345	2.34243155	2.51354671	2.23624444	1.77871287	1.61732256	1.63839710	1.88513172	2.14264274	2.25743413	2.15149927	1.96773720	1.96718824	1.96052158	1.85489845	1.76522672	1.72806156	1.78811753	1.74156201	1.69192874	1.65185463	1.64066005	1.62433827	1.58740652	1.56466436	1.53938150	1.50880468	1.48774493	1.45886910	1.40329504	1.35347486	1.31429422	1.23705173	1.15138805	1.07702065	0.994718850	0.920928538	0.860535026	0.774877429	0.694326699	0.622302234	0.548314095	0.476782292	0.422006339	0.367684007	0.318364233	0.284676999	0.261263877	0.245036438	0.234400094	0.221417606	0.196019650	0.178932190	0.183005497	0.165421233	0.155037224	0.148005992	0.153463051	0.157110915	0.148508295	0.124722771	0.115356848	0.104572333	9.38902646E-02	8.57050568E-02	8.08761418E-02	7.87720010E-02	7.58513585E-02	7.27790073E-02	6.91039488E-02	6.92403391E-02	7.47163221E-02	7.51986429E-02	6.88057244E-02	6.18898608E-02	5.28299026E-02	4.66461405E-02	4.12791856E-02
16.0000000	3.82811241E-02	3.69035639E-02	3.42467725E-02	3.20043229E-02	2.70492416E-02	2.15885844E-02	1.74880940E-02	1.63263045E-02	1.25002498E-02	9.06310789E-03	8.02442152E-03	1.06157530E-02	1.17776887E-02	1.06546311E-02	9.52349231E-03	9.43102688E-03	8.98261741E-03	7.43024144E-03	6.87782420E-03	8.06932338E-03	8.94694682E-03	1.15007767E-02	1.22733368E-02	1.14555815E-02	1.05999447E-02	1.10198576E-02	9.35682002E-03	8.97808652E-03	8.44556745E-03	1.09887775E-02	1.32857952E-02	1.46935629E-02	1.43664796E-02	1.88028682E-02	2.96865180E-02	4.25026231E-02	6.15949407E-02	8.76231045E-02	0.167571470	0.484958082	0.226429805	0.125871912	0.110291176	0.126902297	0.228001565	0.251459569	0.128883123	9.50552449E-02	0.121332817	0.142622009	0.131543919	0.159625918	0.173601493	0.135764435	0.110135421	0.103848182	0.104182608	0.106373794	0.108857900	0.108833969	0.100373231	9.76846218E-02	9.34089050E-02	8.85333568E-02	8.60727802E-02	8.68305564E-02	9.56060737E-02	0.112434395	0.125932232	0.137473285	0.148815781	0.141960591	0.148057774	0.180411473	0.187812075	0.264876693	0.303952664	0.306637049	0.332554311	0.431707621	0.473654538	0.423142433	0.381293386	0.369430572	0.363786519	0.346843451	0.354868799	0.353105038	0.358319104	0.325102121	0.292652935	0.255782127	0.209844291	0.174438834	0.162400931	0.154625580	0.155967563	0.197399139	0.258753836	0.379534453	0.400909215	0.434751242	0.496412158	0.473263979	0.475121737	0.517291427	0.724003792	2.14013219	2.80839562	2.48157954	1.82988632	1.64157510	1.53986728	1.44531894	1.40222144	1.32580459	1.34590364	1.35713434	1.28019297	1.36440241	1.68535376	2.64687371	5.24666452	6.23852539	5.72329712	5.25792980	5.17619658	5.09475899	5.21037722	5.31552267	5.35938263	5.45178652	5.48324203	5.34726095	5.27782249	5.30335474	5.25791836	5.17106867	5.07222080	4.92046022	4.70860434	4.44905663	4.19245958	3.92228627	3.62465024	3.35144353	3.09694958	2.85780144	2.60672116	2.40556169	2.22863102	2.04850101	1.92167687	1.86233199	1.81702518	1.75691962	1.68588841	1.61007416	1.55007923	1.50522625	1.46462667	1.43034339	1.36887777	1.30204284	1.26861262	1.24517488	1.21493828	1.19651735	1.17593765	1.15635192	1.16699553	1.16193950	1.16196334	1.18043315	1.19114602	1.19705653	1.19744205	1.20661104	1.21328080	1.23126531	1.27646005	1.31534731	1.35040939	1.40412366	1.44789100	1.48202562	1.50934553	1.52563977	1.56905806	1.60796690	1.73128903	1.82021296	1.87531936	1.92571938	2.02771878	2.12880802	2.17705607	2.27829504	2.32923937	2.39619970	2.48021173	2.50740123	2.58964896	2.64140272	2.72346163	2.79304647	2.85541797	2.83145952	2.80602908	2.83771062	2.88682151	2.89448261	2.92077231	2.97128034	2.97232199	2.94299388	2.87072039	2.85322022	2.84294438	2.84287190	2.82846427	2.79437995	2.73760605	2.71255732	2.69327903	2.62157178	2.56018281	2.53580785	2.50323701	2.46492195	2.51328444	2.63838601	2.74881744	2.83754206	2.87587833	2.93967724	2.99146461	3.01669025	2.96622825	2.84241366	2.82937217	2.78184438	2.68619847	2.60290575	2.50490379	2.38567853	2.25171685	2.05626464	1.91313148	1.84993100	1.79532170	1.68818092	1.56200516	1.49211144	1.38864160	1.25580418	1.06334758	0.950708926	0.930020213	0.919710517	0.831922591	0.728366971	0.793579459	0.798298478	0.566030145	0.494198978	0.630187631	1.23677480	1.84663463	2.91318607	2.84790850	3.85795236	4.64937878	4.46801949	4.10688448	4.04991341	4.06752110	3.70572591	3.18718553	2.63915491	2.29131770	2.17148376	2.04701662	1.90729165	1.81994474	1.74009037	1.68819368	1.65002108	1.70705688	1.85348237	1.97818184	2.01402521	1.91394889	1.81538832	1.78263700	1.74933934	1.67981100	1.57858407	1.52603674	1.56227171	1.60536265	1.56968808	1.52796543	1.50390184	1.50361025	1.45522738	1.39476895	1.36497319	1.30760777	1.24799180	1.23413336	1.18591475	1.12131739	1.07632613	1.02354896	0.938729405	0.864354908	0.803481221	0.747295618	0.706706285	0.659679830	0.585585833	0.523093343	0.466641694	0.416498661	0.376732588	0.338258743	0.306761056	0.286852509	0.272138745	0.258330882	0.240885273	0.220142484	0.204879716	0.191316321	0.184479415	0.171120286	0.161567658	0.162044555	0.159889266	0.152022853	0.131452501	0.119111359	0.105581582	8.98746252E-02	8.06426331E-02	7.48019740E-02	7.10156411E-02	7.03007951E-02	7.05765486E-02	7.13025555E-02	6.96659163E-02	7.46006668E-02	7.31797591E-02	6.95337728E-02	6.33469000E-02	5.50259799E-02	4.96997982E-02	4.25717160E-02	3.83431837E-02
15.0000000	4.72867712E-02	4.58520316E-02	4.01108526E-02	3.34208086E-02	2.89066099E-02	2.54449211E-02	2.34649070E-02	2.13925112E-02	1.67328417E-02	1.20899342E-02	1.15617029E-02	1.37493983E-02	1.28006656E-02	1.14227366E-02	1.14800194E-02	1.17225787E-02	1.02254879E-02	8.61489959E-03	9.51467920E-03	1.39601799E-02	1.62213556E-02	2.22010035E-02	2.59115472E-02	2.20002960E-02	1.86253563E-02	1.99785624E-02	1.67025346E-02	1.45323845E-02	1.34227471E-02	1.51670892E-02	1.72558930E-02	1.93207245E-02	2.22017728E-02	3.15872170E-02	4.58415747E-02	7.42148757E-02	0.110151090	0.149862677	0.236137584	0.506575286	0.455396563	0.227097824	0.145961940	0.173565179	0.308228523	0.378305733	0.207805231	0.130395010	0.164462686	0.197472095	0.131066680	0.120775752	0.121893860	0.103000231	9.45680514E-02	9.91267115E-02	0.108229361	0.118866213	0.125361592	0.129910246	0.129401237	0.124632441	0.121527053	0.119201183	0.118806697	0.124680646	0.150554150	0.169651866	0.183694780	0.193827510	0.203710958	0.197025016	0.201804578	0.209187105	0.224975497	0.333898783	0.369176596	0.376840770	0.414875299	0.538733244	0.572866261	0.559880674	0.496440321	0.469963133	0.481983781	0.476621330	0.464236230	0.453990191	0.443276763	0.404411048	0.371044517	0.301693499	0.254843026	0.206012309	0.188741565	0.169311151	0.165424541	0.213896975	0.335247934	0.493231267	0.505662024	0.535640717	0.599487662	0.602974117	0.591140747	0.634621263	0.765739441	1.10845721	2.95251417	3.05365515	2.46363568	2.08712339	1.85055089	1.75465918	1.74969959	1.75090480	1.80791056	1.84136248	1.75478446	1.69880784	1.62112689	2.61917019	5.48024130	6.96331453	6.92753315	6.71992111	6.62287807	6.49587488	6.53425932	6.55547905	6.45543957	6.43872070	6.29179764	6.01557541	5.93073320	5.82040215	5.64428473	5.51833534	5.36781597	5.11243868	4.78903008	4.52554226	4.19041157	3.85847974	3.53956795	3.30573368	3.02902770	2.75495648	2.51956630	2.34757757	2.15607309	1.97498286	1.85569119	1.76534832	1.68365979	1.63615322	1.57548583	1.50463891	1.45642364	1.40859032	1.35054636	1.30551362	1.25029957	1.19559932	1.16992080	1.15224159	1.13037908	1.09680128	1.06583560	1.05444694	1.05712163	1.04837477	1.03974247	1.04125810	1.04682815	1.05710697	1.07001257	1.08287179	1.10876262	1.14058769	1.17298138	1.20633078	1.24360454	1.29313755	1.34467316	1.36690891	1.40393043	1.41767645	1.45546758	1.52711868	1.63890707	1.71563530	1.77679443	1.85294616	1.96678853	2.05303311	2.13643384	2.26910257	2.33508348	2.40829659	2.49368811	2.50284791	2.54172230	2.64031029	2.71407270	2.78458667	2.83559108	2.80711246	2.80900788	2.86453199	2.90372920	2.93070412	2.97603559	2.97902131	3.00539422	2.98456430	2.90593982	2.91718698	2.92500687	2.95389032	2.94569707	2.88487291	2.82533073	2.80028367	2.79662824	2.68716693	2.65306234	2.65739608	2.65545273	2.66760945	2.75367880	2.87420988	2.99358273	3.05002999	3.13783288	3.21453786	3.24808240	3.28948784	3.30996084	3.25852060	3.24697638	3.25240088	3.23110509	3.18982816	3.08012414	2.90809250	2.72513103	2.54545832	2.43342590	2.37106299	2.29183459	2.16059995	1.99606645	1.86221492	1.70285392	1.56752884	1.38195121	1.19105673	1.03748250	0.893499494	0.729054034	0.576612055	0.474629343	0.391351700	0.329421729	0.335009217	0.393178910	0.786988199	1.33084011	1.81782269	1.99784231	3.00084734	3.66224766	3.48925567	3.44609261	4.19623280	3.92483568	3.73439503	3.18092036	2.49081993	2.14988017	2.05198598	1.73778677	1.49346685	1.45538282	1.46700501	1.46679866	1.49961317	1.58245313	1.64625323	1.68382382	1.68165350	1.63712704	1.59669602	1.57361722	1.54081511	1.47539055	1.45618057	1.44356632	1.44307184	1.46769989	1.41853929	1.38487530	1.33777761	1.32051623	1.25611055	1.18232346	1.15995419	1.12302446	1.06238484	1.02010703	0.977252960	0.916268885	0.871592164	0.827059925	0.754885137	0.716592729	0.676043272	0.628729165	0.599669993	0.565599024	0.502281785	0.449796021	0.422638237	0.390766382	0.352180541	0.324923515	0.316214472	0.304176360	0.294464499	0.273900658	0.245045424	0.229441598	0.215177923	0.197600558	0.184280097	0.173377365	0.172859609	0.166141540	0.155578017	0.136454999	0.121799462	0.105966061	8.85579512E-02	7.89429918E-02	7.20425323E-02	6.58733770E-02	6.50317892E-02	6.81675524E-02	7.06279129E-02	7.28038028E-02	7.29595646E-02	7.08845407E-02	7.18266740E-02	7.00153261E-02	6.48879856E-02	5.91830499E-02	5.73341697E-02	5.83012551E-02	4.89920825E-02
14.0000000	7.46747106E-02	6.47397265E-02	5.84591515E-02	5.03982343E-02	4.42863330E-02	4.20017764E-02	3.95190604E-02	3.58533598E-02	2.83931736E-02	2.10377201E-02	1.96119938E-02	1.84574127E-02	1.61968060E-02	1.42480545E-02	1.33796288E-02	1.48167554E-02	1.70359779E-02	1.74978040E-02	2.01537795E-02	2.69603338E-02	3.37677673E-02	4.20253538E-02	4.57018763E-02	3.85918319E-02	3.20486762E-02	3.08746342E-02	2.49301083E-02	2.17299722E-02	2.23632231E-02	2.58936323E-02	2.85702199E-02	3.19217630E-02	3.72124575E-02	4.52343374E-02	7.19042122E-02	0.133613408	0.201137975	0.257294506	0.361699909	0.474902600	0.576917529	0.253510386	0.146946520	0.164221510	0.314785600	0.357360750	0.242413923	0.153784677	0.119672544	0.111381419	8.39773566E-02	8.35344344E-02	9.37902108E-02	0.103547812	0.113862835	0.128433928	0.139122888	0.148136571	0.153051615	0.161093205	0.159961209	0.163393795	0.165119514	0.167264402	0.170039177	0.191604868	0.226847500	0.249786839	0.259582967	0.268306017	0.276154518	0.288553029	0.297133982	0.304014117	0.340890020	0.481968760	0.513438642	0.512464583	0.608996987	0.790115893	0.732155621	0.697907209	0.620950997	0.598040462	0.618182480	0.633047163	0.617209315	0.601369143	0.560875297	0.521269321	0.463227034	0.392356008	0.337862909	0.271622986	0.239235297	0.217919394	0.212796226	0.284264117	0.447291672	0.703859448	0.656301558	0.685114503	0.736377239	0.777169406	0.793408096	0.719710767	0.700178564	0.892998517	1.49760878	2.88847995	2.75162363	2.59398389	2.38454890	2.35102057	2.42315507	2.53869772	2.59079695	2.54307079	2.33732748	2.13523316	2.02795506	3.05254745	5.89411068	6.95123243	7.43801880	8.00269222	7.95102978	7.76831961	7.72760534	7.70274544	7.48192358	7.26365376	6.91477633	6.53026772	6.29037809	6.06077719	5.79024649	5.67208052	5.50148344	5.12682533	4.77603197	4.51345968	4.13791037	3.74382353	3.45020533	3.21317434	2.96599960	2.75740051	2.54164815	2.33638620	2.11863995	1.93232858	1.79952824	1.68232381	1.61215067	1.55570555	1.49618459	1.41138673	1.33762169	1.29605293	1.24989569	1.19226456	1.14882255	1.10621572	1.07312143	1.04035139	1.01352680	1.00005722	0.986289680	0.966969013	0.976133943	0.972066522	0.976056635	0.992790580	0.988371015	0.989708006	0.999842465	1.01314580	1.03635657	1.07750762	1.11764824	1.14822888	1.19483614	1.25381720	1.32971227	1.34089780	1.39816093	1.44319224	1.48706877	1.58836329	1.68456125	1.72887623	1.79188788	1.90013695	2.01269531	2.09088659	2.25124168	2.33218193	2.37355614	2.47305465	2.51431108	2.53459144	2.55855823	2.64128184	2.69461823	2.76747298	2.79940510	2.84104443	2.89353180	2.88215995	2.88127303	2.92435908	2.98501587	2.98609734	3.02370262	2.99653506	2.96790767	2.99433732	3.01348782	3.03282738	2.98948240	2.91087818	2.87505937	2.86657596	2.81659007	2.75284362	2.75008631	2.77672863	2.76366210	2.79561734	2.86910701	2.96180940	3.06349516	3.12315345	3.23117280	3.35880804	3.41238809	3.44568610	3.51588178	3.60071301	3.64215612	3.64628077	3.64286089	3.59540606	3.46712399	3.31302857	3.16126347	3.05598760	2.99961257	2.92880940	2.76383710	2.62195969	2.51013541	2.33139801	2.06793690	1.87545097	1.68871963	1.48222756	1.26939118	1.05922520	0.858166099	0.675603330	0.507021666	0.414653629	0.404161423	0.427677780	0.483403087	0.613337755	0.956865728	0.834396482	0.832020044	0.974408865	1.39492571	1.66415250	2.82511950	3.79733562	3.65864086	3.60527825	3.05511189	2.24506688	1.86081207	1.66844058	1.35395002	1.17752755	1.12658036	1.06610739	1.05772579	1.15131986	1.28192687	1.34783864	1.40079689	1.46321154	1.48840511	1.49519408	1.51784050	1.55614972	1.49704123	1.42161286	1.38031793	1.35471082	1.33701646	1.26485944	1.23707819	1.17661309	1.14336944	1.10299015	1.03002489	0.983953178	0.962214351	0.922416031	0.876255095	0.843978941	0.804467678	0.760082245	0.709605217	0.653369129	0.621513665	0.605069399	0.583003879	0.557849586	0.528646290	0.490838289	0.470739901	0.442061096	0.415432751	0.378986329	0.353550673	0.342823178	0.327483863	0.314579517	0.290879846	0.267372161	0.246686086	0.220321432	0.194661334	0.177129582	0.175971329	0.182725772	0.166410625	0.144336954	0.118859001	0.105182864	8.88830498E-02	7.91162997E-02	7.39154071E-02	7.06150606E-02	6.95123300E-02	7.05951154E-02	7.08728507E-02	7.51798525E-02	7.97251463E-02	8.09956118E-02	8.54116231E-02	8.54209140E-02	8.52684602E-02	8.85692164E-02	8.91288444E-02	9.39100385E-02	9.74001512E-02	8.27514678E-02
13.0000000	0.121473640	0.103349485	9.71744359E-02	9.01104510E-02	7.87553713E-02	7.26281404E-02	7.30843320E-02	6.54785857E-02	4.82180342E-02	3.25793251E-02	2.88558472E-02	2.88825016E-02	2.72463094E-02	2.10103486E-02	2.08463985E-02	2.38629729E-02	2.93150768E-02	3.14139128E-02	3.79239507E-02	5.38916066E-02	6.07272051E-02	6.48395866E-02	6.21009581E-02	5.78266419E-02	5.40764630E-02	4.18478176E-02	3.52606438E-02	3.30689922E-02	3.62074599E-02	4.47256155E-02	5.13635278E-02	5.30959405E-02	6.02560751E-02	7.70700723E-02	0.116478086	0.207667142	0.306178033	0.382214099	0.568447530	0.562663257	0.525227070	0.248813942	0.179141223	0.187971115	0.211060390	0.167918414	0.108242936	7.19233677E-02	5.95889241E-02	6.45957440E-02	7.97082484E-02	0.108321890	0.123639509	0.133782804	0.157436997	0.173454240	0.177583978	0.185796335	0.198109448	0.204206735	0.208863422	0.220958576	0.235499203	0.244752124	0.261460155	0.294427931	0.330382288	0.352465153	0.358467698	0.360409409	0.387444615	0.402107626	0.412346154	0.450406581	0.535190284	0.673159719	0.757813931	0.683786750	0.792004883	0.977807045	0.869856596	0.865628242	0.792277396	0.758802474	0.780756652	0.820787251	0.823284209	0.797618926	0.741392672	0.694527984	0.632031202	0.528262496	0.435408264	0.333566606	0.330801785	0.309204519	0.313090950	0.407758355	0.580181777	0.862363696	0.727047086	0.788633108	1.03850520	1.05948067	1.02341259	0.872480929	0.784426689	0.851325095	1.42849290	2.87794495	3.07378054	3.20748425	3.18546629	3.18949175	3.34483457	3.53832483	3.54465508	3.39192820	3.05275154	2.79694748	2.70187545	4.55165577	5.33895922	6.26517200	7.80243111	8.89616394	9.21845436	8.90514946	8.62444782	8.47414398	8.19872189	7.82153511	7.34693193	6.94389153	6.62137890	6.28536034	5.97342777	5.79692745	5.48089170	5.10566139	4.77595997	4.44167948	4.07172585	3.70005274	3.44709063	3.16436291	2.98351455	2.80822968	2.59010243	2.35748005	2.13123083	1.94349635	1.80148375	1.67449462	1.58894622	1.49315631	1.42909348	1.35946202	1.29172897	1.23390377	1.17769587	1.13048708	1.11509466	1.09509468	1.05881763	1.02742410	0.990320742	0.977925122	0.970270932	0.959143639	0.958170116	0.972642362	0.975531638	0.977781236	0.966028690	0.971549869	0.994066477	1.02550054	1.05015683	1.08673072	1.12647676	1.17155755	1.22555709	1.28533840	1.33225381	1.37693477	1.46562433	1.53636074	1.60395920	1.69929659	1.76590049	1.81247318	1.92573762	2.03136611	2.15767288	2.29505348	2.36582470	2.43304467	2.43555260	2.47692060	2.55466700	2.54816031	2.58311009	2.62765884	2.68534279	2.74810624	2.81736207	2.89129329	2.85904479	2.85269189	2.88438129	2.91661835	2.95945668	2.96208787	3.03214979	3.02797484	3.00660062	3.01554394	3.03642368	2.99125767	2.94278789	2.88808942	2.86406374	2.84195614	2.84416437	2.78076148	2.83623719	2.88118362	2.87625408	2.92415571	3.00991225	3.06951404	3.18505692	3.28777313	3.36679244	3.46220326	3.53953314	3.59098411	3.68011189	3.78897262	3.84019351	3.81786990	3.75456667	3.74867892	3.70261121	3.55547404	3.41469455	3.33440638	3.28060436	3.21407127	3.02100682	2.81037569	2.67716503	2.55963564	2.32068563	2.06990504	1.85902894	1.66931951	1.42115283	1.12697852	0.884467602	0.674769282	0.516480565	0.465721816	0.473303527	0.517014861	0.566054821	0.633401692	0.666680515	0.672127068	0.619744897	0.549808621	0.520207465	0.522233248	1.44321549	2.65227389	3.49977207	3.32771325	2.88531756	2.20760751	1.75176191	1.36204231	1.03266931	0.845609128	0.608401954	0.563467622	0.642336905	0.786619902	0.901407361	0.951073587	1.07698977	1.29451287	1.40641773	1.40249038	1.36313486	1.45788682	1.54632843	1.49251997	1.44945991	1.41792464	1.30724597	1.21095347	1.20356393	1.15566766	1.10480368	1.07259560	1.00096381	0.934940875	0.909591556	0.871924281	0.828593969	0.792966604	0.762310624	0.739955246	0.705876529	0.657785356	0.627199352	0.605517030	0.583694220	0.572406411	0.559106588	0.537062526	0.534451663	0.518077254	0.492257416	0.467259109	0.433212340	0.396940827	0.365906626	0.351280272	0.326776594	0.302357554	0.266879052	0.229753435	0.205257148	0.192191184	0.191640750	0.180157900	0.158301100	0.125320837	0.101234064	8.65881070E-02	7.40039796E-02	7.20255822E-02	7.76407421E-02	9.27230343E-02	9.40671712E-02	9.37835947E-02	9.76620913E-02	9.90464836E-02	0.110208496	0.115130238	0.120445244	0.122170933	0.131592780	0.142933831	0.151447088	0.156531781	0.145182818	0.131008402
12.0000000	0.211419687	0.193681240	0.189331561	0.177650377	0.155433431	0.149312377	0.154306576	0.142820477	0.110609107	7.47546032E-02	6.20273687E-02	6.03472404E-02	5.71726933E-02	4.64904085E-02	4.19270471E-02	4.81319763E-02	6.00649714E-02	6.94301128E-02	8.37461650E-02	0.101008825	0.106835924	0.103245422	9.78721082E-02	9.05156583E-02	8.33211318E-02	6.81357160E-02	6.10316880E-02	6.24823123E-02	6.94809780E-02	8.22730213E-02	9.39716548E-02	0.101165287	0.120538004	0.139428064	0.189886212	0.308037430	0.415299952	0.577973664	0.858957529	0.982001901	0.702835500	0.309198797	0.223224819	0.306293041	0.160869479	8.31286609E-02	6.64740428E-02	7.00402558E-02	7.90524036E-02	8.92273337E-02	0.126049832	0.178805962	0.174576432	0.163966760	0.183814898	0.217301190	0.224414751	0.241636693	0.261200815	0.272131383	0.297495544	0.325921565	0.354538232	0.388278097	0.426520020	0.481865734	0.531187236	0.535841286	0.545302391	0.549830556	0.550829470	0.563726068	0.627630949	0.658479989	0.766618788	0.934380233	0.982263863	0.857079685	0.896928966	1.13317001	1.11077070	1.13868690	1.05768704	1.01900136	1.04885268	1.08661270	1.13254058	1.13617277	1.08543038	1.01961255	0.930142760	0.775008142	0.630165279	0.501189947	0.452929467	0.458634585	0.467002451	0.545273066	0.687948883	0.887677968	0.755864501	0.839349389	1.18591940	1.68788028	1.49969804	1.05129445	0.939701438	1.07349920	1.58843148	2.48748469	3.08082557	3.83674002	4.13034725	4.23676777	4.45837927	4.59289455	4.50572491	4.51737547	3.92542410	3.51117468	3.00138831	3.33758402	4.91827202	6.27582264	7.08794069	9.71670723	10.7430096	10.1465054	9.37144089	9.00008106	8.68322182	8.18623543	7.70208311	7.35283279	6.96861744	6.55776739	6.19958162	5.83171034	5.47361660	5.14703131	4.88259792	4.56896496	4.22360468	3.92163467	3.64381766	3.39916587	3.19886255	3.03673863	2.81476521	2.58689451	2.39830661	2.23823524	2.04622650	1.89076483	1.74648023	1.63617194	1.57598507	1.49211609	1.42093313	1.33978903	1.27747846	1.24725735	1.23448133	1.21023870	1.17428565	1.14182043	1.09045732	1.08812129	1.07223773	1.05450451	1.06552112	1.08121598	1.08727586	1.08878279	1.08149338	1.09300613	1.13712978	1.18231630	1.22323680	1.27489889	1.29912984	1.35221767	1.39517260	1.44093847	1.48114979	1.57637763	1.65689290	1.74920082	1.86147130	1.94135249	1.99825621	2.07958770	2.23215628	2.33998799	2.44869113	2.55943179	2.59958935	2.62316871	2.68517971	2.69577527	2.72701287	2.69707870	2.71428180	2.76188707	2.79313064	2.83997393	2.93043542	2.93038273	2.92346764	2.91736174	2.94691157	2.95787048	2.98916745	3.02046371	3.09389305	3.13380003	3.11035228	3.05602837	3.04247069	3.03809381	3.02181816	2.99640131	2.96559310	2.97748089	2.99247193	2.96011043	3.03925085	3.08971882	3.13154602	3.24344206	3.30072761	3.36728668	3.46993423	3.59454083	3.60193586	3.60397768	3.67785788	3.76725745	3.86089206	3.88505602	3.87199974	3.83599854	3.74001169	3.67712283	3.60969567	3.46393323	3.30710912	3.19406319	3.04755068	2.93525052	2.78518271	2.58118057	2.40457153	2.27015209	2.09308720	1.88391948	1.66363835	1.46376967	1.26754475	1.02401710	0.812052429	0.656121135	0.562327385	0.548182487	0.583945036	0.658619523	0.739946127	0.778916359	0.783392549	0.783184350	0.730013072	0.600653052	0.407610744	0.277921379	0.540306509	1.82686305	3.65585661	3.31878304	2.47058439	1.95090294	1.53911304	1.11895525	0.857778072	0.614150226	0.344846427	0.359355271	0.473588288	0.673562407	0.631860316	0.614146292	0.695078313	0.849642456	1.01698375	1.12302482	1.07223117	1.01237142	1.28996181	1.57168901	1.56329572	1.60020041	1.52360308	1.39834988	1.35954380	1.30402648	1.19926429	1.14843762	1.09949756	1.03998363	1.00186718	0.949287593	0.889839888	0.868615568	0.848858178	0.835249066	0.809203327	0.777422488	0.751553059	0.734342575	0.733150721	0.720432639	0.693289220	0.670821846	0.683473468	0.681111574	0.670941353	0.625244081	0.550672889	0.485826522	0.444137484	0.406464547	0.377014399	0.349166662	0.304024279	0.258868724	0.228620559	0.213153705	0.194200695	0.173252776	0.136913657	0.105809420	8.82951468E-02	7.59914815E-02	6.82799816E-02	6.77230135E-02	8.53501633E-02	0.128307566	0.146439165	0.170764044	0.184488058	0.187202558	0.202269629	0.207712784	0.210426465	0.218299955	0.247097775	0.260770470	0.259760439	0.244689465	0.237796471	0.225365713
11.0000000	0.347430795	0.345469832	0.351810932	0.326297849	0.266784370	0.259667158	0.267739296	0.254125804	0.218870535	0.166277677	0.131865636	0.108188979	0.100712702	8.72599930E-02	8.12951326E-02	8.81582722E-02	0.100078858	0.113248125	0.141114831	0.159917176	0.171348959	0.160522595	0.144793361	0.133941993	0.123415872	0.114659131	0.121022776	0.121338993	0.127554134	0.141100317	0.154673785	0.171258360	0.181781292	0.214032307	0.297175437	0.487354755	0.556711912	0.819113672	1.12503994	1.31578386	0.921444595	0.360731453	0.286545783	0.397211790	0.248410612	0.122171104	0.155331984	0.312637120	0.363078743	0.340547681	0.351776540	0.275428593	0.245728180	0.237537399	0.266813397	0.299087614	0.321758509	0.350471944	0.379254401	0.404111087	0.452158421	0.514211595	0.581632018	0.652968049	0.728243768	0.834673405	0.856219590	0.838905752	0.826924384	0.809959829	0.799813151	0.778597176	0.815447628	0.871053338	0.965584576	1.16302848	1.15960288	1.08175635	1.03677249	1.24441671	1.35468149	1.47462869	1.43682432	1.41810203	1.44265723	1.47537374	1.56021106	1.60900927	1.58556962	1.45703375	1.29986656	1.10960758	0.937235594	0.831555247	0.739396513	0.673886895	0.656767190	0.702528298	0.784171343	0.910543382	0.922915757	1.05260694	1.31885314	1.77342689	1.73223269	1.19152462	1.04118228	0.921220005	0.964238346	1.56293309	3.01828837	4.50625658	5.22393608	5.33518600	5.52509308	5.60158157	5.40137815	5.16205597	4.78119516	4.22415352	3.93254805	3.80597854	4.88826609	7.01817799	7.99369049	10.2687874	11.8786621	11.2055187	10.0824804	9.48960400	9.14279747	8.57693863	8.20758343	7.81868219	7.35260105	6.90256786	6.55349064	6.17214441	5.84304714	5.54673195	5.29560614	5.04869652	4.75580978	4.45448112	4.16120815	3.92843914	3.74679828	3.59838796	3.37523293	3.18532085	2.99310255	2.76078606	2.57988954	2.40420341	2.23859692	2.10591507	1.97758794	1.85066974	1.77654207	1.70191646	1.61838078	1.57296419	1.53269124	1.51463366	1.49313498	1.45618689	1.41352296	1.39406431	1.37176943	1.37217748	1.38593030	1.40390396	1.37838972	1.39620233	1.40713501	1.45055902	1.49676132	1.54046607	1.59043515	1.65544975	1.67795575	1.72331798	1.76417053	1.82155061	1.90198505	2.00234938	2.10174513	2.21675754	2.34998679	2.41999197	2.52830267	2.62978268	2.75036263	2.88751531	2.90168571	2.91672683	2.98273063	3.04169154	3.10706544	3.13207102	3.20007014	3.10863328	3.06823254	3.07414865	3.09925151	3.12441921	3.23241615	3.22988963	3.26239467	3.26309705	3.22956491	3.24882746	3.25256419	3.27712536	3.29383969	3.34108853	3.35580063	3.33817935	3.31018162	3.29743838	3.27517891	3.29708982	3.32345963	3.36639643	3.39799285	3.42033577	3.48885083	3.61168766	3.71023393	3.81561446	3.86637402	3.96108985	4.01483488	4.06506681	4.08724117	4.01485443	3.97568989	4.05105734	4.05122709	3.97036767	3.82220697	3.73780894	3.66282582	3.53910232	3.37430143	3.15881395	2.97440481	2.79848719	2.58349156	2.39565849	2.24784493	2.14314103	1.98756552	1.82870007	1.67117977	1.51739073	1.36107457	1.22798240	1.10567129	0.985820532	0.852666318	0.764890075	0.725729883	0.742825866	0.794120550	0.859687269	0.882842004	0.855417252	0.809944153	0.781146526	0.671343207	0.502077758	0.341934472	0.279246956	0.389918417	1.18050897	3.29504418	3.60069394	2.62068176	1.89316106	1.37805629	1.04936504	0.852731705	0.547794580	0.350858867	0.483205825	1.04359734	1.17155087	0.813653588	0.706474662	0.836537063	1.17047858	0.920578063	0.942794979	0.878667712	0.644198060	0.906504452	1.50149584	1.74473524	1.75293851	1.79006219	1.72864163	1.63513184	1.58599067	1.46723557	1.40408015	1.37124598	1.31439352	1.26756716	1.19058251	1.08299541	1.01244354	0.978010356	0.954663157	0.939483285	0.931314230	0.946348190	0.963484585	0.987971723	0.947808266	0.929297864	0.915318668	0.930922747	0.934046984	0.880965948	0.791053534	0.692499638	0.601862371	0.527192533	0.474635929	0.439213693	0.392101973	0.333874047	0.277800471	0.238224864	0.207757533	0.179144889	0.147907495	0.114927225	9.17253420E-02	8.21898803E-02	7.56668597E-02	7.02196062E-02	6.85107931E-02	8.30123276E-02	0.125028938	0.223436683	0.310470253	0.336470753	0.324599981	0.351286203	0.362915218	0.379511178	0.398280174	0.425911307	0.437154502	0.414735317	0.389783382	0.404122591	0.369593948
10.0000000	0.538138449	0.578887820	0.575936258	0.527688920	0.437932491	0.400973737	0.384391576	0.391022682	0.410600066	0.350950569	0.231232867	0.172652572	0.154231563	0.137918174	0.126737490	0.135518476	0.154802039	0.177896664	0.209187657	0.235111341	0.253352642	0.252021492	0.241121188	0.226759031	0.209178790	0.202743337	0.204146251	0.209633723	0.206422627	0.227755696	0.234758139	0.240604788	0.254057378	0.318266839	0.465403408	0.731688201	0.732602537	0.883066654	0.946066082	0.962028146	0.753446937	0.418701500	0.469036013	0.601674259	0.529107213	0.330683678	0.388234973	0.419205308	0.357245624	0.308219910	0.289609224	0.288713902	0.319201350	0.362973720	0.400827467	0.440745592	0.470310599	0.517611206	0.567533255	0.639348567	0.752101660	0.877503753	0.988921344	1.07890081	1.15033269	1.20669270	1.19957995	1.21673048	1.19451642	1.11679423	1.04575229	0.983034551	0.989020705	1.05572903	1.12136042	1.31992424	1.56068206	1.47674239	1.43576145	1.49186218	1.73030269	2.00132060	1.98968792	1.95503032	2.00501943	2.02914405	2.06970215	2.13348937	2.16347051	1.95136094	1.71026576	1.48382080	1.32878971	1.19672573	1.05063450	0.945911527	0.889464974	0.892746150	0.907245100	1.05114400	1.14417005	1.40587807	1.47378194	1.57576692	1.40054476	1.13154817	1.01023912	0.972289503	1.32282567	2.20875931	3.88528872	5.59267473	6.21532297	6.22669268	6.36122036	6.58627701	6.28088236	5.89078188	5.85093975	5.38275719	5.35711432	5.02885675	5.32497597	6.27819252	7.80127621	9.81835747	12.2008553	12.1204910	10.9575186	10.0029478	9.30287743	8.90273380	8.58454990	8.19206715	7.75058603	7.36924458	7.07386208	6.82052231	6.67763424	6.38080835	6.05599213	5.81940699	5.59573555	5.31781054	5.05969286	4.85797644	4.67319298	4.51934767	4.31976414	4.14828157	3.98270869	3.76090121	3.57219839	3.36892295	3.15357232	2.99289036	2.81099820	2.65333748	2.54756474	2.48352909	2.37503099	2.28046823	2.20201445	2.19487548	2.15233874	2.11606622	2.03667045	2.01380610	2.00243187	2.01066780	2.02346969	2.05429602	2.04292536	2.06626153	2.07106948	2.13504696	2.17227912	2.21258545	2.23602724	2.33371377	2.40418720	2.49876022	2.54537725	2.59139609	2.70541143	2.78329539	2.87330151	2.98274088	3.08960462	3.17213893	3.27786875	3.35325503	3.54676461	3.60305047	3.63928175	3.60782886	3.72651958	3.81664085	3.80096889	3.83309698	3.90641356	3.90309691	3.81832886	3.70970678	3.82804203	3.87818003	3.95300174	3.97159743	4.09281397	4.10309410	4.04961920	4.05540228	3.98451042	3.97872043	4.04175901	4.06777382	4.07202768	4.07371950	4.09855270	4.08114100	3.99964547	4.07050419	4.15481091	4.20937824	4.23013210	4.28034115	4.44929695	4.61240673	4.74543571	4.85821390	4.91842842	4.98595381	5.03002977	5.01315165	4.94194794	4.74942017	4.48572111	4.37784052	4.30592632	4.17827129	3.97747064	3.80543876	3.68201566	3.48199081	3.25425458	2.98656631	2.74659777	2.52127266	2.35548258	2.18248248	1.99863327	1.80828369	1.74399638	1.61803651	1.49601340	1.38316453	1.30711877	1.22209358	1.14004505	1.08677673	1.02848589	0.993214369	0.979980052	0.997319162	1.00630975	0.966016591	0.895703197	0.834433913	0.741548181	0.666238129	0.563333213	0.465083987	0.380212903	0.325409085	0.380293101	0.789826572	2.80767822	4.04877615	3.66058969	2.47100759	1.88971889	1.52571261	1.00515926	0.657321870	0.602238894	1.16237533	1.54685771	1.72816980	0.870124876	1.00210595	1.18763316	1.11216629	0.874474466	0.767102301	1.02784646	0.680416703	1.63616645	1.95363545	2.22731638	2.28989100	2.35441542	2.29161954	2.05585885	1.93352675	1.86711943	1.82936454	1.78774357	1.69988036	1.63281167	1.53594959	1.37182283	1.23165870	1.16717565	1.14277112	1.13223481	1.14650655	1.20149255	1.23986089	1.26019776	1.25013399	1.25219309	1.25525093	1.25306082	1.18980718	1.07789958	0.944173217	0.817572892	0.707374811	0.617766559	0.549013078	0.480079472	0.414338559	0.353221267	0.289781153	0.234880954	0.191418394	0.158227742	0.129590526	0.106909685	9.01771858E-02	8.43968913E-02	8.60365853E-02	8.22642967E-02	8.02683383E-02	9.54931825E-02	0.139902070	0.280111253	0.415356427	0.510836601	0.545371115	0.563348353	0.594581544	0.614780068	0.628719866	0.645125866	0.637375951	0.613067687	0.599291086	0.592534065	0.537972450
9.00000000	0.832282960	0.922066987	0.908760667	0.830950975	0.752323151	0.678524494	0.629304767	0.663581848	0.697802126	0.523182333	0.334282190	0.270417392	0.257528424	0.221724451	0.204832852	0.227119699	0.251255512	0.297702402	0.332934618	0.396959692	0.426200688	0.458365589	0.475619048	0.465188533	0.443310440	0.400434971	0.356085539	0.335095167	0.322608173	0.323807120	0.337097645	0.345358908	0.371673107	0.470810056	0.718782425	1.16845536	1.17876256	1.14581180	1.02522516	0.905828953	0.742562771	0.624539495	0.619125366	0.612965345	0.461366594	0.308478624	0.263163120	0.225597069	0.195944995	0.199967250	0.219336972	0.302719772	0.415191919	0.511395335	0.558412433	0.604754388	0.682553053	0.794138432	0.903795898	1.01481450	1.18225002	1.33020031	1.47511780	1.58086455	1.61222589	1.64077449	1.63920474	1.58877075	1.53388119	1.41537058	1.29580271	1.22748482	1.20301569	1.23948574	1.26966012	1.39741492	1.52944171	1.42978156	1.41592324	1.74788904	2.15172362	2.60123610	2.72574306	2.69166160	2.68176007	2.70859385	2.76972747	2.86990285	2.79747605	2.53877783	2.33747840	2.17892814	1.96805239	1.73112297	1.63129973	1.44617271	1.31100047	1.28255844	1.19472814	1.41339827	1.46676540	1.81188107	1.77439320	1.63155305	1.44875109	1.16055024	1.22696674	1.60139287	2.26922894	3.51140475	5.27654982	6.45534325	6.74345541	7.01172543	7.21527195	7.34274960	7.20912838	6.87118483	6.86888361	7.06109715	6.89039421	6.60499430	6.32905388	6.44058943	8.19081688	10.2128382	13.0727425	12.1477623	11.0753908	10.2489319	9.49869061	9.05071640	8.89014244	8.59104443	8.25815392	8.03728485	7.89380646	7.67861080	7.50562811	7.31702757	7.07967997	7.03661728	6.93885326	6.65445042	6.45669603	6.30395937	6.04968977	5.91111279	5.83798122	5.66963911	5.48570824	5.41004896	5.26361561	5.06771040	4.84026575	4.62687492	4.37905598	4.20284128	4.04133129	3.95576358	3.86817575	3.82976174	3.71291709	3.64106846	3.58737946	3.51502657	3.42117500	3.45737863	3.42725539	3.42232919	3.43437052	3.44355416	3.49722767	3.54238272	3.52953720	3.52808928	3.51968718	3.54375839	3.63274789	3.68050671	3.76354361	3.85345387	3.93878150	4.07615232	4.21334171	4.29262877	4.40598202	4.53472757	4.64750767	4.69519234	4.75310993	4.82930613	4.93093777	4.97776031	5.00110912	5.01230478	5.05225325	5.16785669	5.25184727	5.24207592	5.27731133	5.34193611	5.35009527	5.33004808	5.44201708	5.47459459	5.54246092	5.66843748	5.77340174	5.75472784	5.79661894	5.87011576	5.80640984	5.84559393	5.80933857	5.75634336	5.84238768	5.91713715	6.01894093	6.07205105	6.15909195	6.06326723	6.02917051	6.13215876	6.28115654	6.38089561	6.47428417	6.60121679	6.73369169	6.87655830	6.76696301	6.80753040	6.73020601	6.50338030	6.17422056	5.97927904	5.69573498	5.42396259	5.15819883	4.90615416	4.68962526	4.41460371	4.14964056	3.87230039	3.62915492	3.39412332	3.11346412	2.82149196	2.61273670	2.46776772	2.27282500	2.08534169	1.92421496	1.79010570	1.68296456	1.58887804	1.51941097	1.43895841	1.34160960	1.28921402	1.22220647	1.20325041	1.17697334	1.14926839	1.12444067	1.06456685	0.986177206	0.930111468	0.869352937	0.820127606	0.774584532	0.736309946	0.707031786	0.677246749	0.783921659	1.06387138	1.81042647	2.77563739	3.01988196	2.66377807	2.10242033	1.79688573	1.80894399	1.76814747	1.98727953	1.97758043	1.86969268	1.73402655	2.04189348	2.03529048	1.50609088	0.869987607	0.641269684	0.572555840	0.711776376	0.778436065	1.03911126	1.58736670	2.44861317	3.11133623	3.57947755	3.45895052	2.88552785	2.58766079	2.47562432	2.41958952	2.37198257	2.29979396	2.18230486	2.05230045	1.88299811	1.68066096	1.56866133	1.55799162	1.58035994	1.60035682	1.68147993	1.79159701	1.84343874	1.78228366	1.79735792	1.77055609	1.67819667	1.54209709	1.37498271	1.19313395	1.03106844	0.868701279	0.746633172	0.651735485	0.576109052	0.478131682	0.394625962	0.329122156	0.270143926	0.219835803	0.185471654	0.166819870	0.148383126	0.132835552	0.128330439	0.141141281	0.167184398	0.191984862	0.274373919	0.385276407	0.515903771	0.679770291	0.876965880	1.01097739	1.04449236	1.07527554	1.05831265	0.998033464	0.978399575	0.960039973	0.936899304	0.904840171	0.846046925	0.773034215
8.00000000	1.20201087	1.38514185	1.30433524	1.19834638	1.27452624	1.24269998	1.09769595	0.976221561	0.831169128	0.662805378	0.525407374	0.525404871	0.535800159	0.468808174	0.404178739	0.399923742	0.398803681	0.440431148	0.531287670	0.624969780	0.731214345	0.788543284	0.828360140	0.812041223	0.767184317	0.692124844	0.601316631	0.536596894	0.486147881	0.461371392	0.458482832	0.487763494	0.540927708	0.646368384	0.905117512	1.61374116	1.93363285	1.50713289	1.33793771	1.10677361	0.977882743	0.590954900	0.437052339	0.396121085	0.316045493	0.249056980	0.198595971	0.148243725	0.145554230	0.165650338	0.198947638	0.375277013	0.561905503	0.698386192	0.767450988	0.869078815	1.03434277	1.17930758	1.30220222	1.50036085	1.75679541	1.96454573	2.04344893	2.02438331	2.02817917	2.05440927	2.03697467	1.91070735	1.80665672	1.71510589	1.63399458	1.59062612	1.46798134	1.42639685	1.42056382	1.46622086	1.44308352	1.39005113	1.64501834	2.07137895	2.46371865	3.54329610	3.71527648	3.71178937	3.62610340	3.51905084	3.50986433	3.57431793	3.59494901	3.49783421	3.30808115	3.14296699	2.95311856	2.70941305	2.61015153	2.29546523	1.98215699	1.76953161	1.57924020	1.53436255	1.74268913	2.14530993	2.01802945	1.79551482	1.62393117	1.65395880	1.96592712	2.48252726	3.31973290	4.55628920	6.06696987	6.81197691	7.16381454	7.70204687	7.76883364	7.55890417	7.59513092	7.22317314	7.71133137	7.86436749	7.87060308	7.62834358	7.58299541	7.94151735	8.98224258	9.39588070	10.9290533	10.6327038	10.2990398	9.98268795	9.52746201	9.15269566	9.11783409	8.82524204	8.62770844	8.56713009	8.49459267	8.23723125	8.14486885	8.07734776	8.02147198	7.97067785	7.95226002	7.90284586	7.96277475	7.93308353	7.91048956	7.77746534	7.67244864	7.50308609	7.47231865	7.60848951	7.54331493	7.36602306	7.25880480	6.97757626	6.69787455	6.49806833	6.35117626	6.25358868	6.17441988	6.10497093	5.99789524	5.89272451	5.86040258	5.82387495	5.73825598	5.67675781	5.70049095	5.83809805	5.87941313	5.79897213	5.84224463	5.90083599	5.91458082	5.86716986	5.83001804	5.79827070	5.82652426	5.87830544	6.01824236	6.03658724	6.13696384	6.26339340	6.33365726	6.47928095	6.68534660	6.83498573	6.91332865	6.93706131	6.96566296	7.02164745	7.09020710	7.23189449	7.23777294	7.19268131	7.25047016	7.25125122	7.35977125	7.45630407	7.38248873	7.49897146	7.56982040	7.59742975	7.69981050	7.82530069	8.04756069	8.22316933	8.31111717	8.36748219	8.44501019	8.55107117	8.74873447	8.71831894	8.61734295	8.70517349	8.85145569	8.89302826	9.04754162	9.13860321	9.14530087	9.09089279	9.16132545	9.18859291	9.36318874	9.34530258	9.29566288	9.23299122	9.30038261	9.42293739	9.03180027	8.76659679	8.66059875	8.45730305	8.01090622	7.70260715	7.41125917	7.26212120	6.81700993	6.44454718	6.20763397	5.83361816	5.45636129	4.98794031	4.63240862	4.34625483	4.07746363	3.75602007	3.47477770	3.24566793	3.03100824	2.81087351	2.57482982	2.36978316	2.22450829	2.07874966	1.96338189	1.87101662	1.75612402	1.65916979	1.60165703	1.53506124	1.47827911	1.42080343	1.37659967	1.33653522	1.30131936	1.28433108	1.30061162	1.34326768	1.39856088	1.38780868	1.35161853	1.31548810	1.41006422	1.57968652	1.76356494	1.87814116	1.76635897	1.83010447	1.70969951	1.74353290	2.83004284	4.44034004	5.28375626	3.59576392	3.29642677	4.05110979	3.29646826	1.89643419	1.15749633	0.944347441	0.777915359	0.685705423	0.758731127	0.851887405	1.11926591	1.61941409	3.03706264	3.73636127	4.22602415	4.66171885	4.28585291	3.62977648	3.36870718	3.24658561	3.26838684	3.27408504	3.11883092	2.93457842	2.75025964	2.53562021	2.29026818	2.21387672	2.24251270	2.28621817	2.34701180	2.48922062	2.55747342	2.45009136	2.37719154	2.27522993	2.10138798	1.93839669	1.76407266	1.55301666	1.36807895	1.19179833	1.00981128	0.864035368	0.743593276	0.611719012	0.511553109	0.438024968	0.382590562	0.323200524	0.285942197	0.268714398	0.246820003	0.248882577	0.260173559	0.307480186	0.396988690	0.481997490	0.676047742	0.862108529	1.10516322	1.31948435	1.57031608	1.72039032	1.91412365	1.90470386	1.67139494	1.46094751	1.36170554	1.36497509	1.33786178	1.28974020	1.20200956	1.12571824
7.00000000	1.62017500	1.54944313	1.39037323	1.41107702	1.74442518	1.94987679	1.66776764	1.37467825	1.16032326	1.11925256	1.22188675	1.16982055	1.03142142	0.876885533	0.779229343	0.714232922	0.654044390	0.653542995	0.750929713	0.916225851	1.07178271	1.19857979	1.23031187	1.17171121	1.09750915	0.982497871	0.886736095	0.815475106	0.737872601	0.688556254	0.651844203	0.670951068	0.719876111	0.818797946	1.05422342	1.57043540	1.90580511	1.72096694	1.42259681	1.33342409	1.25441813	0.643272281	0.356859803	0.275294244	0.236931205	0.216150329	0.181373104	0.161093667	0.159940779	0.194483563	0.308863938	0.562095463	0.779158711	0.925308347	1.02237284	1.21231258	1.43221843	1.59665179	1.74157166	1.96809161	2.19702482	2.36638641	2.41445446	2.40272403	2.39250374	2.31995773	2.29499459	2.23343611	2.10005498	1.97655785	1.96333575	1.88142371	1.78165603	1.73310876	1.69794607	1.70490336	1.78412640	1.99032879	2.35670471	2.80565906	3.51312137	4.67478418	4.11746073	4.54427767	4.46636295	4.34053802	4.40285492	4.37452221	4.39706230	4.43215418	4.47565651	4.40593576	4.37276220	4.13438892	3.37845397	3.32160878	2.82888985	2.42680383	2.02921844	1.77080739	1.84948969	2.12699819	2.36276865	2.34409380	2.22033000	2.33421612	2.63018847	3.08991551	3.87522674	4.96595144	6.17922544	6.94266462	7.57091475	8.02207947	7.66772413	7.11678839	7.44873571	8.23742294	8.53803921	8.36792374	8.17581654	7.83391905	6.99506474	7.55234671	7.86931324	7.84931946	7.91192245	9.22740746	9.72055912	9.84532356	9.27358150	9.03588200	9.10400105	8.95085812	8.65340805	8.80754566	8.69346905	8.73319149	8.90265942	8.97153187	8.94916248	8.83551311	9.02786541	9.13828182	9.50396156	9.57567024	9.77284718	9.79222584	9.78920460	9.68294811	9.54566956	9.59888840	9.61615276	9.69118214	9.65794086	9.49752235	9.46624184	9.34806061	9.19474411	9.16175938	9.11619091	9.01775360	8.96815968	8.85076046	8.90003490	9.03332996	9.02118397	8.89991188	8.89317703	9.02772999	9.00364113	8.92456055	8.86659718	8.77265358	8.65478897	8.67641544	8.60593414	8.56324291	8.48924828	8.50088978	8.62694359	8.78060436	8.85256004	8.92593670	8.90107632	8.98003578	9.07275200	8.91196346	8.96332836	9.01639080	9.13312244	9.16772652	9.27429104	9.29734230	9.21963310	9.21781826	9.26736927	9.23977089	9.23384380	9.37751961	9.39305019	9.44818974	9.62111759	9.76364040	9.89877510	10.0261440	10.0160723	10.1059780	10.1966105	10.3327160	10.4963856	10.4739275	10.5541573	10.7069721	10.6007996	10.6328773	10.7335157	10.8492098	10.8712015	10.9208307	10.9259424	10.8201609	10.8204050	10.8044462	10.8179998	10.7089148	10.7394934	10.6285801	10.4518976	10.3343048	10.2786160	10.0608635	9.79217815	9.53228569	9.38531780	9.10503578	8.83700657	8.65441227	8.44142818	8.14050484	7.65517473	7.27876616	7.06221247	6.75601482	6.28464699	5.78592157	5.45011902	5.14323616	4.77295303	4.37541676	4.06043673	3.79662848	3.51707077	3.22790170	3.05120134	2.89690948	2.72719789	2.55963683	2.37250185	2.23640752	2.18089056	2.12414312	2.07062459	2.06690383	2.05844831	2.05995464	2.07609129	2.15661383	2.21689630	2.33848071	2.44582224	2.34468889	2.20783758	2.14131713	2.28534436	2.35425138	2.38644838	2.37057424	2.33236647	2.29351282	2.66475821	3.30643630	5.06351662	9.85028934	10.8121805	5.84934425	4.57456112	4.15017796	3.74306273	2.03415060	1.21552038	1.23358488	1.09151804	0.959622920	1.21849668	1.58668685	1.90488076	2.17481208	3.16709256	4.33941126	4.71410418	5.41327333	5.35723829	5.09989262	4.60254192	4.54233789	4.71771574	4.80138969	4.60464239	4.23682976	3.93529797	3.68405986	3.45872092	3.24502468	3.19667149	3.22743249	3.27418971	3.35576582	3.43155432	3.32084250	3.10752320	2.90672088	2.70704246	2.51664805	2.31072497	2.07488680	1.86513042	1.69750893	1.50659704	1.27353251	1.09644043	0.979431748	0.888860345	0.812981784	0.766575158	0.687490284	0.649539649	0.633611977	0.604217887	0.638353050	0.675881207	0.817666650	0.947549641	1.10771346	1.38960481	1.65488386	1.90826213	2.10604024	2.41403174	2.78611946	3.00538397	2.84282804	2.42779493	2.13174176	1.92119205	1.84522045	1.84434247	1.87745869	1.81359565	1.64776230
6.00000000	1.57667518	1.45250428	1.26825511	1.27746534	1.73365211	2.47833443	2.48645425	2.14679408	2.00089979	2.27471685	2.54262972	1.80826402	1.40329552	1.17243826	1.13289165	1.10550976	1.01148200	1.00738597	1.12423313	1.30639482	1.50884044	1.67015922	1.71949935	1.66404545	1.58895028	1.48919797	1.39757860	1.31618047	1.19617510	1.10263181	0.995916545	0.917588353	0.863220572	0.875634372	0.994471550	1.26775074	1.37238455	1.43288183	1.12914228	0.959375918	0.764984071	0.533320248	0.390859812	0.294660002	0.230961785	0.178448960	0.172050223	0.182226554	0.207592428	0.330200970	0.538033307	0.826054096	1.07710731	1.23484612	1.37294471	1.60625005	1.82403791	2.03757167	2.23437691	2.44647169	2.56135392	2.63759732	2.65267277	2.60687733	2.49690342	2.42804432	2.39785743	2.32382870	2.30723238	2.21231771	2.17649508	2.13049388	2.07898283	2.12771845	2.19454098	2.28303695	2.50162292	2.84303331	3.25385714	3.53115034	3.79216409	3.76453137	4.25753880	4.96006060	5.13511896	5.09279537	5.18437719	5.30301809	5.44813490	5.51823139	5.59720325	5.56860113	5.57649946	5.35340405	4.91536093	4.07519770	4.21614361	3.85604668	3.23692060	2.65667653	2.49091482	3.15425277	3.58648324	3.59104419	3.30900216	3.14541817	3.33495522	3.82417536	4.52111197	5.40090036	6.19840813	6.83060408	7.65414906	7.95810080	7.57583809	7.34800577	7.73994970	9.30535603	8.77684212	8.38669968	7.77452040	7.03020144	6.96620226	7.23950195	7.98571348	7.37939024	7.46761274	8.45407104	9.37095451	9.40713120	9.06514454	9.15722847	9.23088169	9.15277767	9.22330761	9.34625530	9.36819267	9.34457684	9.47614098	9.60143089	9.84353256	9.91838646	9.96025562	10.1415396	10.2892914	10.4796877	10.7035856	11.1042490	11.0239792	11.0961714	11.5369177	11.6782436	11.7120476	11.8714180	11.9534273	11.8877583	11.9391260	11.8935308	11.8796759	12.0220699	12.1337910	12.0811853	12.0172195	12.0039082	11.9825811	11.9961300	11.8240290	11.7575827	11.6013317	11.5433245	11.3295517	11.2131052	11.0428762	10.9323149	10.7773018	10.6440544	10.5510063	10.4539633	10.3605814	10.2817926	10.2957821	10.2895489	10.1825352	10.0568647	9.90737152	9.75963879	9.75097656	9.54143524	9.49498749	9.44742680	9.45993137	9.42241859	9.37363338	9.38273525	9.40932846	9.44011116	9.34759712	9.24879932	9.25715351	9.23410606	9.18426704	9.10407639	9.11630726	9.09494305	9.04089737	9.09238052	9.07791042	9.06176567	9.03626823	9.07779789	9.04595852	9.08706760	9.13184452	9.23701382	9.27373981	9.22846317	9.12540627	8.96878052	8.89708424	8.80673885	8.64881897	8.49145412	8.48212242	8.44012737	8.27963066	8.21348286	8.25147057	8.26657391	8.23319149	8.17380047	8.29204559	8.42124844	8.34535217	8.29366398	8.26982212	8.14266682	7.96744776	7.78792191	7.68126583	7.62182808	7.43740940	7.18544912	7.02717876	6.89596176	6.68461037	6.33764982	5.99611044	5.65465021	5.43292570	5.21173859	4.95399141	4.67276001	4.42228556	4.17488480	4.01988792	3.87383604	3.70658660	3.48776674	3.27815747	3.14891553	3.10523129	3.08281255	3.08599329	3.12517619	3.25872445	3.39688182	3.51937056	3.68564248	3.73355865	3.71590400	3.66316223	3.57821655	3.37059402	3.34142160	3.53652167	3.60985303	3.70817304	3.70862985	3.59919763	3.76177049	4.67970324	6.02428961	8.71771145	13.2606964	13.1825190	7.10913134	6.71916771	6.34474516	3.59894109	2.32881403	2.00773597	2.26947451	2.24772048	2.51226735	2.59868574	3.10605478	2.53133678	2.67228079	4.44458866	4.96929836	6.27589989	6.05112743	5.83946800	5.32042027	5.16795826	5.15191889	6.08883429	6.78361368	6.81153774	6.28427935	5.50014353	5.10434294	4.89243603	4.73159790	4.61937475	4.61285830	4.66024542	4.65353632	4.68457556	4.62368727	4.43941736	4.27100420	4.10513163	3.84892488	3.62029576	3.42293811	3.12494993	2.90143180	2.77193642	2.54839492	2.42263341	2.33953595	2.22838807	2.26389956	2.25118709	2.12842369	2.10578632	2.03182030	2.10888839	2.21646500	2.31379867	2.48189425	2.55004525	2.76889896	2.99195457	3.17387867	3.22256804	3.29452491	3.46734428	3.76484370	4.16253233	4.00364780	3.42658830	2.97250414	2.63902974	2.35837173	2.28941751	2.53397727	2.41410613	1.99469876
5.00000000	1.31673193	1.21766531	1.29583311	1.43340361	1.81775045	2.49707699	3.24893761	3.21832180	3.37862015	3.75854874	3.11443782	2.15061092	1.62592924	1.46971011	1.45510030	1.43259501	1.38002336	1.44425380	1.56052160	1.73578799	1.98965681	2.22697735	2.31060362	2.26765609	2.20532680	2.13147163	2.05907798	1.93704379	1.81474984	1.66014218	1.48487878	1.27713561	1.09813786	0.994873047	0.885080993	0.870410502	0.902126610	0.980448663	0.905291021	0.708563924	0.560790539	0.484516919	0.406633466	0.319506019	0.244395390	0.179418012	0.190249443	0.212913170	0.322501153	0.479049116	0.775630057	1.09469056	1.28663230	1.45262408	1.65094995	1.89579010	2.15717912	2.39297915	2.55519080	2.71682286	2.82432461	2.90455508	2.84748721	2.70475340	2.62956786	2.55489230	2.45945430	2.37742424	2.34232235	2.38240337	2.36808681	2.33912945	2.37797260	2.43662047	2.67577696	2.88547230	3.13464904	3.44520426	3.60715556	3.68397236	3.75474405	4.00411034	4.65693283	5.35242176	5.73774338	5.87045527	5.93417072	6.03515959	6.14460373	6.20750618	6.27369213	6.13329315	6.08443785	5.93269634	5.40064669	5.38948154	6.48232698	6.03463268	5.01364088	4.31400967	3.92522812	4.50075293	4.38904047	4.90348673	4.30785275	3.87172794	4.13340330	4.58940601	5.09807110	5.83737087	6.14021492	6.76875591	7.53705025	7.77293968	7.72687674	8.03975677	8.43763065	8.44291687	8.18881321	7.33088636	7.11957216	7.14651203	6.92305136	6.87084293	6.74085093	6.76696348	7.38184738	8.28332806	9.02376938	8.77094936	8.64589882	9.08160782	9.19762707	9.09117317	9.13984871	9.26802731	9.26203251	9.26573277	9.42539215	9.72848034	9.94937897	10.2364769	10.3050156	10.3952408	10.7080841	10.9378481	11.0013046	11.3709745	11.6588326	11.8548431	12.2202969	12.5596313	12.8681164	13.1237059	13.2550821	13.1855068	13.1447678	13.0791187	13.0897970	13.2765732	13.4833727	13.3549576	13.2931995	13.2331991	12.9599915	12.7903624	12.6382494	12.4602060	12.3609133	12.1430359	11.8951693	11.7677021	11.6182127	11.2580376	11.0548344	10.7730074	10.5075092	10.2033396	10.0085258	9.72988129	9.67706871	9.44761086	9.16533756	8.90608025	8.66361523	8.50305176	8.26623154	8.11179161	7.88053799	7.67737484	7.45061684	7.30909920	7.17311811	7.06233883	6.95808077	6.86650181	6.78467798	6.67008305	6.60374308	6.47188234	6.30698252	6.25264502	6.15369940	6.08643818	6.06868839	6.01541138	5.94862318	5.92732096	5.85711145	5.75533581	5.63873482	5.59546280	5.60475254	5.64074373	5.64997053	5.65071154	5.59083128	5.55502129	5.50038767	5.45885086	5.44500875	5.42250776	5.35293293	5.31744480	5.33064079	5.33864975	5.32306004	5.35024929	5.42473459	5.48769855	5.56772232	5.69057274	5.70290661	5.73134279	5.70111275	5.63675308	5.63713551	5.60523891	5.53867197	5.53735065	5.57343483	5.52080917	5.44705343	5.43070745	5.44345617	5.43183851	5.39009809	5.30531216	5.24199057	5.18635750	5.10727358	5.02137852	4.94754791	4.88504410	4.85501099	4.78174210	4.73447704	4.59231710	4.46808004	4.45669508	4.50943136	4.52809143	4.55983734	4.66278982	4.81504774	4.98106050	5.10537100	5.11631155	5.08469629	4.95575380	4.88531876	4.82585287	4.63452196	4.55600262	4.60639620	4.78391457	4.95186377	4.91801739	4.78047228	5.39303732	7.18596363	8.71190166	10.9232674	13.9810238	14.0936241	8.06555367	6.60626125	5.77812910	3.29889011	3.08962989	3.36087823	3.85064483	4.48368502	4.95288515	4.05806494	3.41835594	3.89625382	5.13189983	4.85601568	3.65538621	4.61316061	5.43506241	5.28440809	5.48689604	6.02934122	6.22040081	7.02940369	8.09719086	8.52124023	8.53459454	7.62190771	6.74893999	6.50002480	6.52087927	6.38280487	6.27969885	6.40986586	6.38774776	6.35846329	6.38895655	6.26187181	6.22123337	6.20988321	6.06071997	5.86906624	5.75566387	5.44743490	5.26105547	5.20689201	5.04679871	5.01346016	5.12907505	5.08587456	5.07822704	5.05655289	4.88401461	4.86729574	4.75625086	4.88410330	4.86923218	4.92974281	4.92326164	4.97157288	4.88986778	4.93635416	4.90409374	4.77981853	4.60946798	4.55515337	4.41979170	4.28459835	4.04042912	4.11163664	3.37526131	2.83340907	2.36283183	2.15643239	2.47437906	2.39730096	1.56569147
4.00000000	1.55728030	1.64028633	1.74787545	1.90540028	2.17539978	2.57804346	3.08588600	3.57382798	4.11811590	3.83512115	3.40486908	2.65611553	2.13995767	2.02965021	1.86757267	1.81493354	1.83786607	1.92761695	2.03863192	2.24355865	2.51164579	2.74824882	2.85795403	2.86128783	2.82348943	2.77468848	2.67442083	2.62556601	2.53243136	2.40143061	2.18630743	1.81389153	1.45307004	1.26076758	0.959644616	0.759031415	0.688156426	0.677500188	0.706741750	0.673260510	0.555154204	0.482899219	0.370648384	0.292848736	0.249837175	0.217684180	0.242600203	0.303954840	0.404877692	0.663345397	1.02569830	1.28409791	1.41929793	1.60759711	1.85275245	2.12855959	2.44533443	2.62450671	2.71595001	2.83000708	2.99930978	3.00947976	2.93920493	2.84845018	2.67457342	2.58646798	2.53737164	2.43613672	2.34760165	2.38555717	2.44572568	2.51500249	2.64230895	2.82947469	3.14830780	3.41875720	3.51330566	3.67094588	3.86499715	4.06304884	4.34958172	4.82407379	5.41920376	5.76286459	5.99782085	6.10885811	6.21443701	6.37336397	6.44034529	6.45125437	6.62387180	6.41250610	6.19337559	6.16426563	5.79810429	5.83151674	7.45642996	9.32401466	7.05049753	5.69526100	5.82750702	5.19476318	4.93318605	4.24463415	4.01994801	4.07298708	4.52115297	4.95306587	4.82263279	5.86009073	6.34472322	7.18298006	7.65604877	7.71560192	8.18605995	10.2727766	8.99676418	7.78471518	6.97316074	7.09389448	7.27891254	7.02154779	6.86079788	7.11772299	7.19095564	7.43225241	7.80524921	7.99375772	8.51058292	8.56511688	8.52137852	8.65371513	8.44456482	8.40651226	8.54600334	8.83728123	9.01957798	9.16539955	9.15592957	9.30836010	9.49805355	9.62058926	9.82055569	10.0156927	10.1290283	10.3571596	10.4598255	10.7230787	11.0716553	11.4028845	11.6943932	11.9789162	12.2489910	12.4300699	12.6973076	12.7001352	12.7463455	12.7554331	12.8571920	12.9468012	12.9987698	12.9246063	12.8534184	12.6450634	12.3460360	12.1465263	11.8857098	11.5827942	11.2787867	11.0218630	10.7590876	10.4637384	10.2623682	9.83861637	9.50604153	9.15357018	8.79700947	8.51309586	8.14654160	7.81711674	7.49183464	7.21749067	6.89713430	6.64000034	6.37943935	6.10480309	5.88297653	5.66761303	5.39886379	5.09772968	4.88473225	4.61512041	4.43638802	4.27112913	4.14647102	4.01591778	3.89946437	3.84919333	3.76151562	3.72071576	3.61820221	3.53760362	3.44485164	3.35020280	3.34426808	3.31398225	3.27827835	3.30204773	3.27229118	3.20303416	3.16280174	3.14415431	3.14479113	3.15124202	3.15460372	3.13663507	3.13650560	3.12900829	3.13186383	3.13221645	3.14409089	3.14929962	3.13588071	3.15141177	3.18741083	3.20772672	3.19274926	3.19164371	3.20935774	3.28794575	3.34186029	3.37684345	3.40332508	3.43004251	3.42055964	3.42056417	3.40089178	3.46196508	3.52295136	3.56600881	3.60090804	3.66515303	3.74682379	3.84107113	3.92799616	4.03154278	4.15509892	4.26648426	4.37703371	4.49198484	4.57836056	4.63961458	4.65692997	4.70489359	4.82854652	4.94525099	5.05548477	5.04578876	5.02145529	5.06908941	5.22014475	5.38982964	5.56418371	5.69734573	5.76183176	5.78630972	5.79491282	5.70410585	5.64081001	5.49919415	5.39908123	5.41588449	5.34843349	5.32489252	5.42203474	5.68449736	5.80209589	5.63511896	5.70640421	6.65672302	8.20294571	9.31362057	11.4033985	14.2218103	13.5633316	7.76404715	8.08089352	4.84249687	4.23136711	4.50225830	5.21240377	6.05669689	6.36137342	6.82171679	7.31954002	5.27506638	4.55298185	4.89025402	4.18894243	2.51665998	2.46951461	3.76627135	4.67546368	5.42415380	6.48413515	6.97185707	7.49644136	8.50612545	9.50715637	10.0201893	9.58481026	8.46944332	7.92382050	8.04135990	7.97331095	7.82669544	8.13753033	8.30701828	8.30125523	8.54291248	8.65079880	8.62691307	8.73494625	8.75449467	8.62399292	8.58560276	8.56126404	8.32239151	8.34579372	8.36660004	8.21836567	8.33424091	8.43658066	8.26889610	8.27609634	8.21844006	8.03863716	7.64317942	7.50001574	7.42043781	7.18216944	7.01303816	6.74054384	6.45759964	6.16347122	5.94922256	5.80252123	5.42640734	5.21737146	4.77973461	4.26601171	3.68330383	3.40453720	2.90497470	2.46744537	2.25163412	2.14606118	2.12315297	1.89304101	1.63613546
3.00000000	2.29160786	2.39966726	2.47918439	2.59858251	2.77450275	2.95160317	3.22004867	3.57417107	3.94894934	3.86356282	4.04345894	3.79568076	3.12735295	2.71785498	2.45236254	2.31889653	2.39553690	2.49577785	2.58923531	2.82039404	3.10459423	3.28113770	3.36293721	3.34275079	3.26070213	3.25061870	3.28960657	3.35151911	3.34553742	3.19238162	2.85111213	2.29206896	1.82154012	1.49513340	1.14617014	0.825699329	0.592463434	0.515186131	0.548939586	0.627320647	0.589947641	0.483439267	0.358272910	0.284957647	0.250955015	0.227204412	0.285540551	0.336992204	0.495225728	0.800360799	1.09970784	1.30062199	1.49531925	1.75640929	1.97305787	2.25344515	2.49696875	2.68334699	2.71651316	2.79520082	2.84706116	2.87773061	2.85569572	2.74045157	2.71466923	2.69292927	2.62880874	2.60333157	2.49606133	2.49620461	2.52770185	2.58429193	2.75363469	3.08188796	3.50496650	3.55692434	3.75915217	3.91185880	3.94014144	4.18777323	4.69490099	5.07008553	5.42080736	5.53921938	5.66300821	5.80091429	5.85080767	5.95380497	6.22545052	6.34402990	6.69167566	6.32644892	6.17520332	6.40207624	6.32493591	6.17091465	6.62533903	7.85685444	8.07294273	7.02012777	6.04258585	5.52656221	4.64615440	4.02788973	3.72467351	4.14759636	4.54467154	5.22428226	5.31538439	5.88873816	6.84641790	7.70216560	7.74511576	8.15595627	9.10196495	9.30266476	8.61795044	8.12097168	7.09911871	7.33482265	7.73639631	7.15094090	7.02804565	7.24866104	7.62531185	7.59980917	7.70929575	8.06295109	8.17341328	8.21753883	8.19331932	8.18105888	8.17864799	8.25773430	8.34148026	8.21546459	8.14244747	8.12395859	8.19793797	8.39542770	8.50494576	8.68587780	8.86669731	9.16983986	9.20831108	9.28792858	9.57696152	9.89290524	10.2306595	10.5772429	10.9110622	11.0426264	11.0594282	11.0965157	11.3889332	11.5355330	11.4476357	11.4589663	11.6429758	11.7437849	11.5742149	11.3236561	11.1813440	10.9806061	10.7146158	10.4510727	10.1246252	9.77901173	9.44015217	9.17573833	8.80043125	8.40164089	8.07941437	7.72381401	7.32178879	6.96176767	6.57892990	6.22349072	5.86915922	5.50848389	5.19522619	4.94349289	4.67716932	4.39484739	4.17287016	3.91086125	3.70312333	3.44981670	3.22852945	2.98860598	2.81108880	2.64826012	2.49528217	2.35332417	2.21044612	2.12403655	2.04139233	2.00478578	1.96578085	1.92937112	1.87292325	1.80429876	1.76530516	1.73481655	1.71190941	1.70302749	1.68444955	1.68736362	1.68703473	1.68129456	1.67113137	1.66804230	1.66125107	1.65845382	1.65593565	1.64710963	1.64484298	1.65142810	1.65047801	1.65164030	1.66350484	1.67666483	1.67759299	1.68831539	1.71838677	1.75114691	1.76081717	1.76572073	1.77647007	1.79946518	1.82790899	1.83633125	1.84531903	1.85925400	1.87367272	1.90422738	1.95036328	2.02404904	2.08620119	2.15109634	2.20573616	2.26219797	2.33427143	2.44085860	2.53740954	2.64261270	2.74425411	2.86908627	2.96185350	3.06321454	3.18999171	3.29225421	3.33243537	3.39703274	3.52710342	3.68694592	3.84073472	3.95480204	4.05893850	4.21025085	4.39054728	4.55642414	4.68860579	4.83126116	4.96956396	5.11473703	5.26279306	5.27031422	5.24933481	5.19989967	5.12855673	5.15198517	5.27155828	5.42312908	5.64431906	5.89660168	5.95149803	5.82408333	6.08352232	6.90444422	7.73847055	8.88382626	11.1448240	14.6859293	12.5042810	8.31893063	6.77373457	5.37359953	5.26778221	6.02982903	6.88761663	7.79130316	7.97910786	7.96467781	7.28106785	5.78570271	4.72748327	4.26067019	3.57581306	2.59631824	2.25691080	3.91496682	5.05525780	5.25800753	5.92626905	6.91801834	7.25332212	8.06664371	9.13544559	10.3204422	11.0070753	9.50002956	8.52961063	8.46158409	8.68225098	8.47765350	8.79003620	9.13641548	9.22547722	9.43238544	9.72400761	9.82592964	10.0895033	10.2582512	10.0306721	9.79761219	9.73302937	9.66461372	9.71877670	9.68808460	9.43854237	9.47199249	9.39922905	9.24500561	9.15004635	8.71280861	8.36535740	7.83025217	7.48768187	7.23353338	6.92935562	6.63203859	6.27519369	6.01721525	5.59846973	5.32816553	5.05252695	4.71300316	4.39120150	4.12677908	3.72737765	3.37151861	3.04847574	2.87578011	2.74359250	2.67046332	2.64172602	2.60408998	2.43872190	2.28626156
2.00000000	2.74760342	2.88930035	3.00058913	3.05712199	3.14048553	3.22684884	3.45400000	3.78617620	4.17515135	4.46484756	5.04271746	4.67049980	3.75620127	3.28733969	3.03558493	2.93293118	3.00344825	3.15184593	3.30204916	3.49100471	3.63558769	3.73094034	3.83057880	3.88984919	3.84304142	3.82782888	3.77074814	3.83799171	3.93012238	3.85499573	3.37726045	2.68618441	2.34651780	1.99747205	1.57351017	1.08664954	0.744034588	0.619001031	0.603093207	0.609784245	0.526733696	0.418853670	0.328308076	0.271221995	0.207169935	0.169648856	0.217558861	0.391178131	0.607264578	0.847693801	1.13199818	1.35818267	1.59512389	1.81644058	2.04152656	2.28448486	2.34325671	2.48268270	2.61342287	2.68070817	2.68101120	2.70692444	2.71275830	2.66108537	2.64360785	2.65248656	2.67488551	2.67145133	2.67771864	2.66310406	2.88404775	2.89450407	3.01248527	3.12770128	3.32921934	3.51217008	3.69430590	3.89688468	3.94610596	4.22631741	4.55710316	4.76864386	4.99244833	5.13668108	5.69358587	5.70556211	5.64454556	5.63928032	5.78697968	5.94430399	6.16634941	6.06483698	5.97906160	6.29538631	6.59564352	6.45297194	6.64446306	7.40296459	8.13929462	8.64733601	6.36849022	5.13622856	4.39080667	4.16247654	3.59203053	3.87176132	4.56726313	5.19323444	5.82495117	6.47716093	7.51571560	7.83534527	8.22999287	8.60171413	9.86838341	9.69036102	9.45323086	8.62236309	7.58715343	8.13884830	8.07779694	7.50839806	7.48353958	7.66974592	7.51471472	7.35328770	7.88012314	8.25996113	8.08560562	7.83228827	7.86114693	7.93852663	8.14702225	8.23616695	8.05379868	7.92612886	7.74815130	7.47048044	7.24778986	7.44331551	7.71159267	7.91324949	8.22477055	8.53618145	8.78429985	8.87686920	8.97970104	9.16101742	9.27234268	9.57226753	9.83575726	10.0198889	9.93272686	9.96028233	10.0945015	10.2188721	10.2681255	10.2654591	10.3632441	10.3043585	10.1521158	9.94797230	9.67109776	9.47009563	9.18974018	8.90533447	8.62650204	8.29965115	7.94618893	7.67114687	7.29533720	6.90183449	6.55971479	6.17167139	5.76032495	5.40201187	5.03996372	4.64898729	4.33869791	4.01018476	3.69309521	3.43069172	3.17277384	2.91140842	2.72151470	2.54058599	2.33227944	2.13125277	1.94777644	1.77527714	1.63236105	1.51826823	1.41552866	1.31148922	1.20624900	1.13385832	1.07686508	1.03168130	0.997391522	0.970551014	0.927150607	0.881769717	0.854549825	0.875399470	0.833925962	0.821541071	0.809670150	0.808722973	0.806583345	0.805492163	0.811722815	0.815683484	0.812111914	0.808254838	0.801073432	0.794080794	0.799393296	0.798091590	0.793710470	0.792235613	0.791003883	0.787892103	0.784501493	0.787789941	0.798276842	0.814780414	0.828287840	0.833589256	0.832421541	0.841781378	0.854374766	0.872590661	0.892257750	0.913697183	0.929791391	0.964064777	1.01113343	1.07157481	1.14147210	1.19597197	1.24813044	1.29385805	1.35336769	1.44159293	1.54164815	1.63058639	1.69580531	1.75971150	1.82818413	1.89758766	1.97775030	2.07866216	2.17721844	2.26944852	2.35606480	2.46145868	2.58534169	2.68925071	2.78795481	2.92262626	3.10729456	3.25676107	3.38048863	3.46978736	3.63749671	3.84427547	4.10017538	4.30607224	4.38728809	4.38755083	4.38835001	4.46852064	4.64012814	4.86599922	5.15947819	5.49369955	5.54196453	5.53237534	5.91875315	6.31913662	6.87195635	8.13291550	11.1595993	13.1365862	10.8154469	7.28083467	5.94031715	5.91764450	6.51933479	7.15304852	7.92637682	8.63497448	8.68125725	8.08784103	7.20398712	6.04350758	4.80590153	4.17714596	3.80941081	3.75598931	3.94591928	4.80826616	5.44898653	5.38516235	5.09724426	6.03839827	6.37099743	7.19147348	8.12830639	9.73555374	10.0613079	9.77244186	8.45869255	7.99442577	7.87107992	7.48279572	7.72987127	8.21404076	8.33600807	8.38198566	8.63945198	8.69584084	8.81465340	9.01083851	8.96371460	8.70893383	8.57261562	8.50243568	8.30353355	8.18142986	7.95221424	7.67393064	7.36167192	7.19784307	7.01465511	6.70819092	6.33587646	5.97051954	5.59264708	5.30015421	5.06560993	4.79162502	4.62361956	4.46616840	4.28571415	4.02063751	3.88677883	3.62241888	3.45479202	3.27454114	3.15800285	3.05571270	2.95748639	2.91133928	2.92803526	2.88971853	2.91673017	2.99128771	2.91921782	2.77051520
1.00000000	2.60860682	2.79180312	2.98585510	3.16605186	3.29322100	3.42628360	3.69955087	4.11007690	4.60853624	4.91138697	6.02302694	5.10718012	4.22235727	3.90792775	3.96415687	3.84723020	3.67644691	3.76230526	3.84768152	4.06926584	4.20177221	4.37384987	4.46670961	4.57801723	4.34857082	4.25187778	4.28500557	4.36652040	4.42183685	4.38162136	3.73255157	3.39709687	3.13109374	2.89735413	2.38993311	1.71575868	1.18679881	1.04526174	0.875861704	0.658750117	0.507247269	0.394668221	0.313722193	0.233322948	0.169643462	0.137276486	0.254293680	0.453560561	0.642365456	0.889378309	1.12969995	1.35408854	1.60905170	1.86863792	2.07529354	2.23792624	2.29760385	2.42805815	2.40119720	2.48219538	2.63702130	2.56263757	2.57121015	2.62886930	2.70713019	2.73302078	2.75874519	2.78081179	2.81647372	2.87723708	2.98937583	2.98820829	3.17725563	3.36777115	3.67137313	3.69470954	3.75430465	4.01483965	4.11553335	4.35320187	4.52270603	4.73472452	5.06295681	5.27376413	5.55636930	5.55944443	5.53978729	5.46266985	5.72125959	5.79505634	5.95973873	6.19301701	6.07401371	6.10792255	6.38710546	6.62053442	6.60732889	6.56724262	7.12283850	7.53064299	6.77990437	5.61978817	4.89995241	3.91374087	3.22127032	3.33213377	4.07769966	4.77803755	5.31878042	6.00557184	7.79964399	7.53269958	7.79813433	9.09165955	9.67850590	9.45380783	9.52846718	8.67146111	8.16538239	8.07401657	8.10871029	8.64887333	8.15917587	8.22564220	8.09791946	7.32224655	7.65452623	8.27190208	8.54518032	7.90857363	8.20375633	8.42929935	8.22560501	7.81672335	7.69347191	7.96395540	7.95018101	7.66490793	7.21536303	7.42417240	7.63863468	7.71000433	7.90854359	8.22525692	8.45705128	8.63300896	8.94012260	9.11870003	9.18882561	9.17264175	9.14526558	9.19935989	9.20685959	9.17665863	9.15074444	9.22451591	9.31684113	9.34966850	9.36740398	9.23008156	9.13836956	8.97612476	8.67858124	8.54284000	8.12940121	7.77194786	7.51940155	7.27210426	6.91650772	6.58718586	6.25029993	5.85958815	5.51906729	5.14691973	4.77294779	4.41542053	4.07938862	3.70904613	3.41361308	3.13656020	2.81384063	2.56658340	2.32931757	2.09278154	1.90787065	1.73388457	1.56022716	1.40289450	1.25703108	1.13279593	1.03357697	0.948993683	0.879596055	0.806298077	0.725670457	0.659078658	0.619313002	0.579994261	0.554961622	0.524509072	0.492571324	0.470391393	0.452075571	0.443281084	0.431961209	0.424241573	0.416977227	0.411591947	0.413693756	0.418996274	0.421896011	0.423703074	0.415377080	0.409033716	0.409410477	0.409267545	0.409596443	0.406111240	0.404100627	0.404884607	0.403038204	0.402692735	0.402534097	0.408483922	0.413251579	0.415281445	0.415546596	0.417733073	0.416949630	0.418777674	0.424995393	0.436825007	0.455838352	0.477733433	0.497635245	0.518937826	0.558730245	0.593070567	0.639648974	0.683503568	0.725741327	0.764047503	0.805279732	0.853530943	0.921581686	0.978565753	1.01914275	1.06057799	1.10550928	1.15575612	1.21730268	1.30209625	1.39661109	1.49045694	1.55284059	1.60779750	1.68978977	1.76348472	1.83354175	1.92652547	2.05629230	2.19755721	2.31463885	2.39206100	2.48232436	2.70042610	3.00369883	3.32703876	3.51211381	3.53455067	3.55985737	3.66488051	3.84667468	4.07032681	4.27791691	4.46108484	4.51140404	4.82405281	5.45187330	5.91759491	7.34824944	10.1509743	11.7225332	12.3011351	10.0809374	6.64799833	6.61291122	6.77058125	7.47662449	7.86166048	8.60751820	9.08282757	9.13936329	8.96212769	7.96452522	6.66115808	5.26085472	4.94146919	4.60691833	5.02073050	5.57273006	5.76645660	5.89325285	5.89643908	5.63991928	5.83013535	6.09204721	6.58181810	7.33700657	7.88447142	8.73686981	9.03417873	8.04434299	7.04739571	6.70371342	6.12856674	6.01149273	6.23060417	6.40140438	6.38754416	6.52031803	6.61862087	6.75211573	6.88170242	6.85525894	6.69271183	6.57101059	6.44251299	6.18021774	5.94972992	5.70578575	5.49166679	5.21680927	5.03490400	4.91712952	4.70098162	4.40526724	4.17470694	3.87464380	3.68448138	3.47901154	3.37843251	3.25808358	3.18488574	3.16400361	3.06665111	2.97547483	2.80007601	2.64830112	2.46409655	2.43717670	2.44961715	2.41747642	2.41394997	2.44089127	2.52502942	2.63657331	2.79194522	2.74156260	2.65276170
0.00000000	2.31967998	2.47785473	2.65744781	2.88948250	3.18339109	3.47547507	3.88663697	4.27331400	4.87161112	5.15239763	5.69721937	5.58496046	4.78095102	4.85197306	4.94253826	4.57780504	4.21547699	4.24329948	4.49918604	4.66908073	4.89316797	5.01955032	5.04892159	5.05688858	4.86871624	4.72204256	4.89475918	5.33657598	5.55550480	5.60663891	4.36170912	3.87310338	3.87603498	3.93056393	3.46402621	2.62284517	1.98849428	1.76881349	1.35657370	0.849028707	0.571469009	0.437394977	0.287559062	0.189235479	0.161166742	0.201974228	0.344923496	0.514478087	0.721700668	0.979778290	1.23470986	1.41678989	1.67228699	1.87253320	2.09653735	2.21894360	2.34931660	2.46207929	2.56606889	2.66565108	2.67741656	2.68061829	2.74581194	2.76030636	2.85379457	2.88811111	3.06768441	3.08532929	3.17804980	3.21362162	3.27284169	3.40704536	3.58247876	3.76250768	3.94707561	3.95100403	4.08439445	4.20281506	4.35090590	4.60289097	4.76012516	4.98043489	5.22572851	5.29655409	5.61810589	5.71057034	5.67603636	5.62105608	5.90988255	6.01304436	6.04300833	6.25403023	6.31888342	6.13472557	6.23652601	6.61680746	6.71369648	6.71131372	6.76867628	7.09506941	7.06115580	6.24740219	5.53584146	4.68574381	3.77854824	3.50734758	3.96218157	4.22281027	4.57810402	4.97411489	6.50032759	6.95265770	7.49579668	8.32293510	8.43146515	8.32036591	8.15133667	8.35228825	7.95023012	7.75832367	7.02120590	7.74333143	7.34374285	7.89720201	7.46654558	7.35147715	7.61140299	8.27295399	8.09433174	7.96647072	8.81220341	9.00644875	8.68729687	8.02696228	8.07997799	8.56088734	8.83426762	8.95471954	8.76835632	8.70843220	8.77035522	8.62298679	8.27830029	8.08990669	7.92649364	8.01902771	8.29182243	8.68411064	8.89285755	8.99168301	8.79555225	8.77391243	8.92143631	8.85871792	8.68681335	8.59203434	8.64689827	8.70622921	8.63930035	8.52745056	8.47251797	8.35257530	8.13292599	7.91572762	7.49790859	7.09267998	6.80270767	6.47196245	6.13660145	5.87268162	5.62427378	5.24770164	4.87781191	4.53939724	4.16370773	3.82610083	3.53042483	3.20859218	2.94129801	2.69949365	2.40657330	2.17580867	1.97372639	1.77459455	1.60281944	1.43479407	1.29961252	1.18701243	1.06496584	0.966396451	0.892621398	0.813494742	0.738430977	0.676339686	0.610169530	0.552535951	0.518889308	0.481497496	0.452904314	0.429636478	0.408466309	0.397025377	0.387810439	0.380249739	0.369269758	0.357777655	0.353803933	0.351133019	0.353408992	0.354640931	0.354470670	0.356323451	0.355806589	0.351588666	0.346492469	0.341097891	0.340306967	0.342474371	0.342328995	0.340769857	0.339383274	0.338609397	0.340431005	0.341883332	0.345298946	0.348860025	0.349526703	0.352225810	0.351624310	0.355278343	0.358873963	0.364191920	0.381112933	0.398280203	0.415958017	0.439946055	0.457069874	0.477317274	0.503142953	0.526941538	0.558532834	0.594839573	0.629932821	0.660865366	0.699530423	0.734526277	0.760442138	0.792051017	0.822550237	0.852896631	0.889437616	0.950988889	1.02484035	1.09955418	1.16273546	1.22300756	1.28328753	1.34440124	1.41336131	1.48435068	1.58799922	1.71348679	1.81428921	1.88547611	1.96771026	2.14290309	2.40007591	2.73580384	3.18680239	3.36213660	3.40844727	3.23645854	3.26555896	3.44772243	3.55718613	3.51782370	3.58112478	4.37913704	5.35648870	6.37562370	9.48071194	13.9718208	12.2638321	9.67471504	8.30225754	7.07277250	8.22884464	7.89271975	8.04854679	8.77390099	9.14336777	9.20823765	8.96599388	8.44121933	7.61621094	6.85963345	6.27234316	5.99567080	6.25033903	6.75118303	7.13966560	7.13629341	6.99110889	6.74732304	6.21688223	5.84719276	5.90503693	6.04674721	6.35399294	6.24541140	6.85339832	7.18892384	6.96575212	6.31452417	6.06237984	5.43327713	4.89544535	4.67040014	4.77088642	4.83903027	4.89651012	5.00091267	5.10237741	5.11207247	5.08937883	5.02566004	4.93285704	4.80264950	4.70757198	4.49287510	4.24006033	4.09995937	3.90387893	3.71117520	3.63450956	3.49365687	3.29263186	3.10203862	2.95725226	2.80679989	2.64595175	2.58943343	2.50642896	2.41010714	2.39520383	2.36826539	2.24832773	2.11672950	2.02240753	1.90690362	1.88311946	1.87824810	1.88879550	1.86874390	1.88467622	1.96762729	2.12488508	2.28323317	2.29750991	2.27856040
-1.00000000	2.15631533	2.27930403	2.40839911	2.63695574	3.03771448	3.40928936	3.78752804	4.22099304	4.72360039	5.17676783	6.29183722	6.71935558	5.68527460	5.21788740	5.31259537	4.85032701	4.54886436	4.71594667	5.07410192	5.42619562	5.43836880	5.47155380	5.39293575	5.38980389	5.34299135	5.24765444	5.75219440	6.43900537	7.21600580	6.63900948	5.23646927	4.19688606	4.19818926	4.65067530	4.10826635	3.59782577	2.83210158	2.31006908	1.66167057	0.989535451	0.624828815	0.447940737	0.235119894	0.162964135	0.182785958	0.251269579	0.408979088	0.589354396	0.795482755	1.02214277	1.25909126	1.50356650	1.82142282	2.04438138	2.31399703	2.46679640	2.69142723	2.79164648	2.90608215	3.06284738	3.09291339	3.18958664	3.29476285	3.23191381	3.27667856	3.38879967	3.55900264	3.61671352	3.66695070	3.66927505	3.66069603	3.83638263	4.04079056	4.13419771	4.32034588	4.36976004	4.56996012	4.68116045	4.82615757	5.05693674	5.23399305	5.42365551	5.64609814	5.79142475	5.96094275	6.09458303	6.12439013	6.17430973	6.33133173	6.53181171	6.63814783	6.74676514	6.83577919	6.78031540	6.68624163	6.61758661	6.91640520	7.24336433	7.27193737	7.13484001	7.97052717	7.80503559	6.50581837	5.54054451	4.83016491	4.34382820	4.24017859	4.10683775	4.25714731	4.54457474	5.68470812	6.71767998	7.28063583	7.63290405	7.75656223	7.75181723	8.24481678	7.91674519	7.70166683	8.39019966	8.78147030	9.10286713	9.87775135	7.93648672	8.14266014	8.28173256	8.51011753	8.68106747	8.09130573	8.98205280	9.83823204	10.2148466	11.7993698	12.6733789	10.1740236	8.90389156	8.68052769	8.81399345	9.03577995	9.17461872	9.65173721	10.0887737	9.97898483	9.42262077	8.97748852	8.69766045	8.57956123	8.60985088	8.85656643	9.18620300	9.09250164	8.92615509	8.89840126	8.80315399	8.70396233	8.60740280	8.59899712	8.61698055	8.57025909	8.44491482	8.32797718	8.21373272	8.04413509	7.75034809	7.34390211	7.01587534	6.67912436	6.30110264	5.90245342	5.62728834	5.37110424	5.03788710	4.66824341	4.28641891	3.90471697	3.58547568	3.32753468	3.04573035	2.79277945	2.57376695	2.31856251	2.10218549	1.91363287	1.74996471	1.59441543	1.43567383	1.30244195	1.21176541	1.10982049	1.01240778	0.927079916	0.835921526	0.753399074	0.688129544	0.626175284	0.582992256	0.547608912	0.513095498	0.487675786	0.471394688	0.462420523	0.454566985	0.446806878	0.441507787	0.431087017	0.416595548	0.410857409	0.414264649	0.416925251	0.415277839	0.411345184	0.411663383	0.411439151	0.411121190	0.409787178	0.400021285	0.396599323	0.398753107	0.400478959	0.400328219	0.398022115	0.395862997	0.399579942	0.402956069	0.408166498	0.411013514	0.417543709	0.422878474	0.425995290	0.426378876	0.432141364	0.441728383	0.453355491	0.469366252	0.491645038	0.506104410	0.517585576	0.530618966	0.541285753	0.554010868	0.584844470	0.618993044	0.656485140	0.688007236	0.720539570	0.748822689	0.771982193	0.798909605	0.825384259	0.857190907	0.901034415	0.970617712	1.04330420	1.11035824	1.18243706	1.26458180	1.34289515	1.41003835	1.47898149	1.55031681	1.65036047	1.75423098	1.83513069	1.90597594	1.99491334	2.15302610	2.36664009	2.63098979	2.93516874	3.24481273	3.33275485	3.13214731	3.12117386	3.28082347	3.21255088	2.95370746	3.03442883	4.12378311	5.23600340	6.59924698	11.2582483	15.6352148	14.3909845	9.68020725	8.21642685	8.38619232	9.23336029	8.60054207	8.65746021	9.38454723	9.47633171	9.21961021	8.77698421	8.38424015	8.05553341	7.70032454	7.73322105	7.71688509	7.92007828	8.73606396	8.96845913	8.78621864	8.15109062	7.81476974	7.03152323	6.37825394	6.07236862	5.44441605	5.99632549	6.31028605	6.64876127	6.47797441	6.10134029	5.71535683	5.42954016	5.45983696	4.97540712	4.32907772	4.09208822	4.19306087	4.25251150	4.36490345	4.46468592	4.47579145	4.49161530	4.54122829	4.46788836	4.30816269	4.25470304	4.14044237	3.90326214	3.74158692	3.62319040	3.46981025	3.34987974	3.22738147	3.03430629	2.83052182	2.70577860	2.60034442	2.46077442	2.35363722	2.25632000	2.14396453	2.06460357	2.03045177	1.92051458	1.80313337	1.73081088	1.67332971	1.65058172	1.65820348	1.65927291	1.64715528	1.61689162	1.67171574	1.81502390	1.96986425	2.02404785	2.05732918
-2.00000000	1.94011235	2.05231929	2.16827393	2.36326599	2.75387359	3.07776022	3.39493299	3.81055021	4.31085491	4.57922077	5.97876930	7.11684370	6.92371035	5.64323950	5.31339884	5.11037064	4.70525408	4.90516424	5.47799969	5.80074501	5.86103201	5.77687216	5.75677729	5.76869106	5.80799294	5.94101334	6.47217798	7.37145424	8.81364441	8.23280144	6.21503782	4.76440620	4.40292168	4.46492815	4.54957104	4.08084965	3.07934976	2.44078422	1.87422001	1.14953840	0.661451399	0.332099915	0.186294481	0.171963483	0.212129712	0.293731898	0.475507796	0.677094281	0.916867197	1.17486346	1.43496037	1.68966973	2.03577614	2.39026690	2.70712566	3.09660721	3.37910175	3.56597018	3.69046640	3.87926888	3.98525190	4.21397352	4.21651697	4.14911413	4.21822834	4.23627234	4.27182055	4.36949158	4.49238157	4.55936909	4.43016338	4.48691750	4.60274172	4.75375032	4.98769617	5.10570192	5.20874262	5.36376524	5.63686705	5.84316778	5.98103142	6.17267466	6.31900692	6.48959303	6.63189173	6.76248884	6.82280302	6.99642420	7.26656151	7.59905052	7.73125648	7.61983538	7.68875170	7.85689735	7.91397238	7.73867893	7.80125189	8.10470963	8.11582756	7.65700531	8.77161789	9.56344700	8.57711411	6.49297380	6.14007807	5.25833511	5.00705242	4.83361816	4.71116590	4.78590727	5.08871889	6.12889242	6.56055737	7.00969076	7.48762083	7.84091282	8.51531124	8.19354057	8.11301613	10.0123425	12.5057039	11.0819578	9.03945637	8.37069225	8.75740337	9.11433125	9.15520477	9.32786751	9.44136143	9.78336620	9.60331726	9.10463047	9.25116444	9.34262371	8.33598137	8.34888172	8.81162071	9.09692097	9.55074215	9.35516930	9.74761677	10.8640270	11.0633698	10.7676153	10.7795229	10.9634161	10.9558592	10.3122654	9.88978958	9.89045715	9.84667873	9.81794262	9.72874546	9.46602726	9.24131203	9.19426155	9.21850967	9.07778263	8.98803711	8.85524750	8.70672512	8.62139702	8.51988602	8.11277771	7.79281712	7.49506998	7.11270428	6.71267748	6.38285065	6.05580235	5.73569250	5.42043638	5.05075741	4.63198709	4.25381613	3.95039630	3.65392232	3.36363959	3.12726235	2.92114139	2.68619823	2.48264170	2.30578804	2.12780309	1.95313907	1.76789975	1.59241295	1.48089767	1.38676906	1.28252542	1.17148685	1.06560647	0.975885630	0.899356604	0.835202098	0.808133543	0.777268112	0.737396181	0.720374048	0.713776231	0.704045475	0.689032435	0.680931091	0.674506903	0.660842955	0.655557454	0.650080144	0.656680942	0.664944053	0.662145078	0.656367600	0.643712580	0.642610073	0.644088268	0.644319594	0.638567090	0.637834907	0.637815773	0.634424448	0.633908033	0.635450065	0.641877711	0.650703371	0.651500463	0.653162062	0.655543983	0.668547332	0.678392887	0.687977076	0.700004816	0.709642351	0.722117841	0.731573999	0.752730429	0.772247970	0.786562562	0.803747416	0.816765666	0.827979863	0.847493351	0.887032688	0.930035532	0.976483107	1.01900303	1.06030905	1.09946060	1.14743400	1.20541191	1.25937736	1.31499171	1.38019919	1.46445858	1.54321480	1.62659681	1.70485055	1.78713763	1.85797453	1.92156637	1.97755742	2.03861618	2.11579847	2.19668651	2.25599480	2.29859090	2.36565042	2.48221827	2.61739373	2.76314282	2.80689716	2.84269595	2.86311913	2.95908403	3.10966778	3.26926756	3.08899617	2.75383520	2.77817965	3.76511383	4.70436478	6.01966953	10.8055220	13.4506693	13.2543545	8.88689518	7.78595972	8.87904263	8.93929577	8.61893368	9.10858631	9.79896069	9.67703819	9.36234760	8.83479023	8.57143021	8.57646465	8.77484608	9.04910088	9.25109196	9.18863487	9.33864784	9.77009583	9.46522808	8.69893169	8.01647282	7.01260424	5.96474123	5.87793398	6.28987408	6.60973978	6.85389948	7.02712059	7.30479670	7.27389860	6.59721088	6.02261925	5.57526302	5.33731842	4.70895910	4.03134346	3.94533730	4.12974739	4.41693497	4.59538364	4.65064716	4.58439541	4.64910507	4.72107315	4.61048841	4.47719574	4.35537291	4.12079096	3.97417450	3.87253785	3.68996048	3.53526044	3.40281630	3.25634289	3.09715438	2.94344878	2.87792754	2.76581001	2.54816365	2.47007751	2.32529259	2.16689038	2.04784513	1.94735861	1.80260277	1.68969667	1.60832417	1.58660781	1.58203888	1.55692184	1.50334859	1.48502159	1.53073430	1.62174654	1.73825228	1.79426789	1.85925865
-3.00000000	1.68248856	1.78758919	1.88007009	2.00341535	2.30016303	2.58128500	2.79909325	3.16016269	3.58315086	3.82693863	4.33487272	5.69964647	5.80466557	5.42427969	4.83569002	4.79131508	4.63181210	4.62022400	5.10000658	5.63880968	5.98876286	5.97757912	6.14266300	6.31642962	6.33134127	6.57006788	6.93592882	8.03503132	10.0294895	9.37677860	7.58892298	6.00349855	5.15498686	5.12611008	5.25252485	4.67672873	3.59094024	3.30303097	2.26975656	1.41283095	0.615291476	0.302491695	0.215619415	0.220892802	0.271423459	0.368611544	0.577313960	0.836896956	1.11695337	1.38419628	1.69810367	2.06237769	2.49183393	2.95061231	3.51176262	4.07036448	4.50707626	4.78539276	4.96546650	5.18003607	5.32623148	5.44165564	5.58612633	5.65684032	5.73671436	5.68575335	5.73305941	5.67755890	5.62406731	5.53067923	5.50400352	5.53831816	5.57705879	5.68214035	5.88029766	5.88371420	5.99340057	6.18856096	6.41471958	6.65491486	6.94056511	7.15843010	7.33240318	7.51277876	7.65167475	7.76691580	7.92012548	8.08357334	8.26958656	8.50484943	8.71705246	8.79719353	8.75155640	8.91681671	9.24076366	9.17529774	9.09134960	9.27207851	9.36567974	9.30472851	9.05408382	10.0383186	10.2342558	8.09906864	6.95916414	6.68267441	6.33010101	5.65470171	5.49010563	5.92712450	5.58088350	5.47605133	5.82314825	6.44524431	7.39798784	7.93972588	8.08508587	8.14925003	8.92920971	11.1753635	9.75733376	9.42184162	9.99059391	9.12528706	9.67305470	10.0258770	9.87962055	9.00919151	10.0284491	10.8401451	10.0464258	8.94178581	9.53210258	9.43096733	8.35780525	7.98470020	9.21573544	9.98429108	10.5260239	11.6256733	11.9299793	11.9868765	11.1297474	11.0411386	10.8883142	11.4442902	11.9932842	11.9883871	11.2257519	10.7049751	10.8807011	11.1659594	11.3026676	10.7950430	10.4282694	10.2160740	10.1397915	9.88032818	9.72360706	9.64501953	9.58422470	9.44932461	9.29156017	8.95121956	8.64000797	8.33499718	7.95733166	7.60671186	7.29335642	6.92493248	6.55492306	6.27202129	5.88544655	5.45977783	5.08971310	4.75650787	4.42958307	4.14997911	3.91228962	3.66639495	3.39102983	3.20828605	3.03766060	2.83930087	2.64383078	2.44817924	2.25730491	2.09693241	1.96792161	1.84718144	1.70533097	1.57897341	1.49237227	1.41790414	1.34235764	1.32017040	1.28438497	1.23037457	1.20706809	1.19582069	1.16334915	1.14368665	1.13915002	1.13217270	1.12164867	1.11931527	1.12293279	1.13703394	1.15022540	1.14336300	1.13288677	1.11726093	1.12549734	1.13628376	1.13568699	1.12370515	1.12412798	1.11533773	1.10779166	1.11290681	1.12036407	1.12021840	1.12908399	1.14409184	1.15473819	1.16329288	1.18024421	1.20030141	1.22644413	1.24972379	1.26963603	1.28331673	1.30786669	1.34034061	1.37282872	1.40418959	1.43153524	1.45546150	1.47394514	1.51027417	1.56562495	1.62950706	1.69419563	1.73718405	1.78040814	1.84594905	1.93591642	2.03385806	2.10003448	2.18137145	2.24713612	2.29587507	2.34472442	2.41942716	2.48558331	2.55941820	2.63665175	2.65053964	2.65106606	2.67894626	2.72400689	2.75546050	2.79749417	2.75279570	2.75690913	2.81867266	2.88520885	2.93300605	2.87215972	2.79445815	2.75237870	2.91445374	3.08638883	3.16624308	2.91945314	2.62690163	2.54930425	3.28593564	4.01713276	5.41242266	10.6951227	12.5861511	10.4274693	8.07979774	7.82073641	8.61941910	8.23403549	8.55930805	9.63264656	9.98420811	9.58361626	9.31719780	8.84811115	8.70350456	8.98149586	9.13894653	9.39519882	9.54319668	9.56901932	9.16646194	8.93013096	8.53033638	8.09122753	7.99827671	7.89737940	7.28259277	7.32935047	7.56017113	7.76844454	8.13988876	8.29611206	8.02460670	7.87343168	7.47033739	7.13923597	6.93399763	6.55219841	5.79408979	4.73979664	4.10437584	4.01364803	4.48225689	5.02192020	5.08501911	4.98274422	4.88494825	4.90385675	4.88562727	4.66406488	4.48880482	4.37436199	4.18524647	4.00649357	4.00918055	3.84596062	3.67573333	3.54778051	3.37027216	3.19290185	3.07641673	2.97695994	2.75995493	2.60355210	2.46005368	2.24366593	2.07587290	1.95794332	1.79982090	1.65671718	1.53989005	1.47882748	1.43793559	1.38795066	1.34353673	1.29683530	1.33300865	1.38358343	1.45499706	1.53285742	1.60683250
-4.00000000	1.26433659	1.35894895	1.43682396	1.48295355	1.66488874	1.89514244	2.11140013	2.37316394	2.73930955	2.95903945	3.22002697	3.47740602	4.44989491	4.33891582	4.18050337	4.04616880	4.41021776	4.40570116	4.69846916	5.10609341	5.55162811	5.88393831	6.13266420	6.18517303	6.32293653	6.63246441	6.98693848	7.89829159	9.75190258	9.29896545	8.06920338	6.53541279	6.12689734	5.85270834	5.50657654	5.17157459	4.02391529	3.57327580	2.63875675	1.50579321	0.619876564	0.381018668	0.296073318	0.299891382	0.355441689	0.462150395	0.726439297	1.04249573	1.40872777	1.77537298	2.21557856	2.73106003	3.34921598	4.06675959	4.81377220	5.43993235	6.02168703	6.32903290	6.64636087	6.89137936	6.97650337	6.93753862	7.01655912	7.19152832	7.39479685	7.37721395	7.22694921	7.01566029	6.93518019	6.85095215	6.87688732	6.81220627	6.81108809	6.83507729	6.90730858	6.95452166	7.02092218	7.22156572	7.38521433	7.60734701	7.83191252	8.12967300	8.31091118	8.43684578	8.59964943	8.76359272	8.98658180	9.16135502	9.25710773	9.38409710	9.53391457	9.75666046	9.78581619	9.79890060	10.1253815	10.4705334	10.4706345	10.4529076	10.7290850	10.9364367	10.8782301	11.2706985	10.9267740	10.8842001	9.28078461	7.95807648	7.58276558	7.52620554	7.49255943	7.30136108	6.95940638	6.66716671	6.52935934	6.92501783	7.22798061	7.31764269	7.36081934	8.16828728	9.69397545	10.7840605	7.02390814	8.04962635	8.69614315	8.77791691	9.16886711	9.61244011	10.0360594	9.37773132	9.41489887	9.61697769	9.08317947	9.05449200	10.4523211	10.9579105	9.70089626	9.24689293	13.6703901	16.8873100	18.5146027	15.9998884	14.7214861	12.7852306	12.4438105	12.3772631	11.5668802	11.5816126	12.4563990	13.1516800	12.5701714	12.2293510	12.9851332	13.3749342	12.3789330	11.6735640	11.1865196	11.2557926	11.2825069	11.0451632	10.8912687	10.8997803	10.7641306	10.5433846	10.3807354	10.0574837	9.77091885	9.52156544	9.17384148	8.79502201	8.39371300	8.04743671	7.67995358	7.42587996	7.03595257	6.62346172	6.24554348	5.87265062	5.56447315	5.30157042	5.01518488	4.69993114	4.39686918	4.18151283	3.99885845	3.78794479	3.61861706	3.44013858	3.23589063	3.05856061	2.90299964	2.71736622	2.54258394	2.43193269	2.35077286	2.27641273	2.19215107	2.11905742	2.04876208	1.99516511	1.95492959	1.92349875	1.87541509	1.83242571	1.80713975	1.78629339	1.78177333	1.77039266	1.77664828	1.78158939	1.78189456	1.77199650	1.75692582	1.73672533	1.75209308	1.76903355	1.76615715	1.75977039	1.75967085	1.74187708	1.74107611	1.75270367	1.75899637	1.75938284	1.77939153	1.80842733	1.83626688	1.88765943	1.93157244	1.97256732	2.02011561	2.06917977	2.09362960	2.11594629	2.12943339	2.15202761	2.17920041	2.22253323	2.26878858	2.30254221	2.33966756	2.37604165	2.41170359	2.46305037	2.51543355	2.53723431	2.56250596	2.60021782	2.64594412	2.70527530	2.75715828	2.79875326	2.81129479	2.82321286	2.87365770	2.86393523	2.86828780	2.89357853	2.89327097	2.89060879	2.86048579	2.84385562	2.83859515	2.84511614	2.83430552	2.81557274	2.78916883	2.79527330	2.82509160	2.87374759	2.78672123	2.64440680	2.52382278	2.63478994	2.78557801	2.82322931	2.57375002	2.35406399	2.22753739	2.76905584	3.50257659	5.02791357	8.57840347	9.73468113	8.00694656	7.17111444	7.34401464	8.01878166	7.81097269	8.45412064	10.0154667	10.0041962	9.59914398	9.57839966	9.16901112	8.79689217	9.10089302	9.49263191	9.25093365	9.11246014	9.40538979	9.02247715	8.62275314	8.09565258	8.49983883	8.74688816	8.56486130	8.65663528	8.73056602	8.82231712	9.15203571	9.31746197	9.09154129	8.86334610	8.54107285	8.18121815	8.14388084	7.85898304	7.72039700	7.24857283	6.21806812	5.21978188	4.25464153	4.49494267	4.51459503	4.70257807	4.71922302	4.92894650	4.88258410	4.62989902	4.40512657	4.31577015	4.31538486	4.08415556	3.88174057	3.79421830	3.72878432	3.58975172	3.39499044	3.25493550	3.11888027	2.94006443	2.78431368	2.60532475	2.41950512	2.24361277	2.04280853	1.91708410	1.78305030	1.57629621	1.42653561	1.30238307	1.19426787	1.16551721	1.08087778	1.00291502	0.949150920	0.959338784	1.01227045	1.08925247	1.11152101	1.21581221
-5.00000000	0.909237087	0.947858751	1.04749143	1.05646133	1.14519763	1.32442832	1.54350698	1.75584781	1.96188474	2.10856819	2.21040201	2.35519743	2.76414084	3.66951108	3.60603786	3.51900697	4.16083193	4.38060522	4.80987263	5.00893593	5.14381886	5.80525875	6.08823156	6.04519939	6.03954554	6.34878063	6.49217749	6.90740633	7.57944965	7.27775145	6.82596588	6.02466345	6.08324337	6.16094065	5.75679827	5.63102245	4.89144897	4.06494284	2.99658847	1.62117946	0.801747978	0.636781752	0.513370991	0.486948907	0.549754977	0.706023812	1.09719288	1.57104075	2.10964012	2.69980884	3.22069407	3.95617080	4.78716660	5.70283270	6.56668043	7.23095560	7.78530216	8.05320549	8.11727047	8.33315945	8.45588589	8.56000805	8.51799488	8.48532104	8.72591400	8.84842491	8.85868549	8.63584042	8.38292027	8.19353485	8.03287601	7.99950027	8.00934696	8.06483936	8.05072498	8.05549812	8.07183647	8.21780014	8.34273815	8.49552250	8.70411777	8.91806126	9.02733135	9.17399597	9.25924492	9.37007618	9.53593349	9.71290302	9.90622139	10.0707092	10.2514982	10.4056606	10.5074148	10.4992723	10.7709789	11.1807022	11.3343534	11.2989664	11.4672241	11.8113642	11.8404198	11.8184605	11.6629515	11.2897015	11.3275690	9.17530346	8.85143375	9.31563473	8.86645985	8.38451195	8.16119862	7.66645384	7.08083153	6.94532490	7.03131390	7.06801367	7.43979597	8.31850338	9.46982765	10.6129093	7.86115456	7.20889282	7.81438065	7.98802423	8.38616657	9.02761745	9.51568031	9.33993053	9.48558140	9.52350903	9.31014538	9.87731934	11.3377323	11.2886086	10.0757380	8.79708958	8.97401047	10.3260012	11.3156166	12.2934484	14.5594234	13.4847193	12.9615612	15.8482971	15.1455746	14.1684036	14.5456324	14.2971525	13.3069162	13.6530256	15.2800550	14.6492395	12.3719645	10.7779179	11.4937801	12.1828699	12.4393101	12.4067764	12.2566032	12.2434235	12.1307840	11.8292875	11.6522818	11.4025326	11.1636429	11.0188799	10.7501698	10.3383999	9.93209839	9.53025246	9.18964291	8.91753483	8.61371613	8.24019718	7.86848688	7.47625589	7.17117405	6.81540060	6.50163364	6.15993690	5.88687372	5.59862947	5.35191917	5.16472912	5.02371025	4.81316280	4.57495832	4.38805628	4.20647335	4.00825453	3.82997370	3.69419384	3.57993507	3.47710776	3.36838961	3.21033978	3.09048200	2.99979925	2.91570568	2.83801079	2.78467011	2.72860026	2.67599344	2.64334750	2.63766074	2.60348201	2.54670238	2.51955581	2.47833824	2.43952394	2.41368151	2.41457248	2.40106750	2.40223932	2.40791774	2.40859914	2.39605236	2.38544583	2.39102697	2.38260794	2.35982084	2.37476635	2.40909100	2.42334819	2.45922375	2.53070068	2.56988907	2.60657787	2.64066577	2.67635012	2.68744874	2.69477558	2.69401956	2.71268988	2.74108696	2.76607227	2.78226900	2.78965068	2.83687568	2.85364389	2.84133315	2.84380603	2.83001637	2.79988432	2.76967740	2.74564314	2.72331023	2.70667934	2.69154739	2.67615700	2.66257381	2.63527966	2.60274458	2.54377937	2.51487398	2.50335002	2.46566486	2.42333722	2.41369939	2.44287086	2.45101810	2.45583963	2.44299030	2.36509824	2.33800554	2.29328609	2.30470729	2.34423470	2.31891131	2.22200608	2.09608150	2.14471936	2.20334530	2.19362783	2.02745533	1.87051928	1.76533830	2.08192515	2.68867803	4.12321615	6.94434500	7.98033571	6.98120117	6.48427677	6.67938900	7.71903563	7.51271582	8.10402012	9.24813080	9.69636536	9.44605637	9.41644859	9.30105019	8.92111015	9.15385532	9.30189705	9.32958412	9.23274612	9.37060261	9.16261864	8.95109940	9.05672741	9.20253468	9.17031956	9.32626915	9.28534603	9.63767433	9.78735352	10.0583801	10.2267256	10.3111515	9.68880463	9.14875507	9.05237389	8.76034737	8.83879089	8.76764584	8.02281094	6.16773796	4.57122421	4.23343754	4.47101498	4.25722933	4.04658318	4.21246910	4.80468655	4.86586857	4.50920439	4.14768267	3.94935584	3.85400987	3.76399279	3.60684013	3.49192834	3.32908869	3.17515635	2.96561193	2.86208510	2.75918460	2.52353334	2.42739463	2.25998974	2.13413382	1.91448903	1.80692530	1.64871800	1.48330367	1.28191721	1.16227520	1.05673385	0.976518214	0.895241141	0.817660093	0.743309498	0.696388304	0.686469018	0.709029019	0.767983973	0.800551951	0.884926617
-6.00000000	0.613864541	0.632093251	0.669672787	0.736458361	0.788328350	0.894813836	1.06781447	1.20439422	1.32453573	1.41902554	1.46585929	1.47936249	1.80924690	2.79410791	3.66775608	3.87741351	3.78304577	4.42527676	5.14270496	5.46433735	5.42362642	6.08238506	6.36928606	6.19588852	6.15884304	6.40683699	6.42006397	6.20310831	6.52103138	6.39495754	6.41303062	5.97187901	6.05071115	6.24337053	6.02756548	5.33320904	5.02285147	4.98373413	3.57428408	2.06651568	1.30924344	1.08008325	0.901840568	0.834793210	0.898968399	1.12598228	1.67473066	2.35615063	3.09768391	3.88329196	4.66551065	5.62962389	6.55656433	7.51548529	8.42595673	8.98801708	9.38393116	9.38760090	9.28741932	9.24313641	9.16850853	9.30125618	9.36777687	9.40027237	9.61563969	9.64254093	9.48062229	9.33763885	9.18391418	9.10385990	9.00209332	8.82555866	8.86220551	8.82571602	8.84648037	8.93642235	9.03359604	9.13606644	9.23748207	9.38950634	9.50696373	9.57178497	9.65607166	9.78352928	9.84818935	9.95939827	10.1076107	10.1636562	10.3543482	10.5378733	10.6609764	10.6264076	10.7608089	10.9776516	11.1358862	11.5145035	11.7155561	11.6826448	11.6332998	12.0248289	12.4654369	12.3168440	12.1663485	11.9111233	11.3736115	10.4865952	11.0279369	11.4526892	9.82175636	9.07997704	9.46236515	8.93222141	7.93944216	7.42139196	7.24774885	7.42360401	7.99543142	8.65361786	9.25402451	9.77447510	7.68733072	6.84213781	7.83056307	7.63891268	7.83117104	9.10424995	9.65108109	9.58890724	9.75538731	9.74230003	9.54384804	10.1195135	10.6289387	11.2305679	10.6766653	8.92192936	7.98534441	7.98382711	8.36731720	8.92446995	8.89298534	10.3778744	12.3439884	18.8021030	16.8152790	16.9310455	16.9629250	16.3676586	12.8002176	12.3263617	14.5661011	13.4894876	11.0300045	10.8918543	12.6966429	13.7719336	13.2310791	13.3273678	13.3573627	13.4074469	13.2221804	13.0082111	12.8374157	12.7171822	12.5072117	12.3277359	12.2029190	11.9535542	11.5746384	11.1907644	10.8990288	10.6331453	10.3394384	10.0074320	9.61726570	9.25128937	9.01175499	8.64689541	8.29594803	7.96286058	7.66579294	7.36931467	7.13029289	6.92023802	6.75861979	6.46807909	6.16106319	5.94362354	5.70948458	5.47153425	5.25776434	5.06948900	4.89228106	4.76731920	4.57907867	4.33360958	4.11312294	3.97685194	3.84499407	3.70877242	3.60574031	3.49980164	3.43044329	3.39109874	3.37218237	3.33073711	3.25001216	3.20379996	3.12114191	3.04956222	3.02481270	3.03188562	2.97740555	2.95654130	2.97577143	2.95777774	2.92028379	2.89790297	2.87450528	2.82662392	2.77476406	2.77295041	2.76313925	2.73116827	2.74494076	2.75797462	2.74515104	2.76390982	2.80335975	2.80812407	2.78483510	2.78047037	2.79409933	2.78340602	2.78791451	2.77045894	2.73795891	2.72490335	2.63578081	2.56160760	2.52553129	2.53064728	2.48824668	2.39732337	2.33835244	2.25793004	2.18104148	2.15081692	2.13615060	2.11264729	2.06689668	1.98580956	1.90717149	1.86532581	1.84718812	1.77982116	1.70081103	1.67044806	1.70621455	1.72698307	1.73129511	1.71003020	1.68235922	1.67030478	1.63867426	1.62873781	1.65880024	1.66382027	1.61494052	1.55875742	1.51016819	1.55333221	1.57712913	1.59203494	1.51431763	1.39633548	1.31053567	1.39318311	1.61500454	2.25185299	4.01076508	6.58923197	6.84311676	6.84783077	6.25436831	6.93776321	7.64589310	7.48730421	8.25038147	9.13303280	9.43373108	9.20973206	9.21516132	9.27726555	9.03235531	8.89251137	9.33343410	9.34645367	9.18374538	9.33289433	9.54015923	9.74229908	9.77872658	9.74803066	9.75358677	9.86897755	9.99568939	10.3524466	10.5967474	10.8201017	10.8837652	10.6979637	10.2848253	9.51917744	9.49375820	9.54330826	9.48521900	8.16784954	6.53266954	5.30764294	4.94297266	4.78905106	4.59336519	3.68838763	4.01830339	4.68528366	5.02621174	4.53981113	4.01073933	3.71872044	3.49331617	3.36552072	3.23038149	3.02979207	2.88943267	2.79390454	2.57199979	2.31460357	2.18714643	2.09360886	1.99288380	1.87347841	1.73131692	1.59706473	1.48295534	1.38525140	1.26874042	1.12342930	0.981087565	0.891461551	0.821396112	0.731855392	0.663666785	0.596292794	0.566498816	0.537914872	0.536794543	0.559282362	0.550805509	0.590001583
-7.00000000	0.485820621	0.507084906	0.498996973	0.487703323	0.513720930	0.564750433	0.655087233	0.758618414	0.860300362	0.963758409	1.05150235	1.21120191	1.50499153	2.12752628	3.49207449	4.36781645	3.89894891	4.06144905	5.34610081	5.91881132	5.80059099	6.13882685	6.50056505	6.62957430	6.47317457	6.78670120	6.45749140	6.06514263	6.39939404	7.08282852	6.44770288	6.10178900	6.19544601	6.25152397	6.08994865	5.70197248	5.40555096	5.08090496	4.02730227	2.96928620	2.23618245	1.73274636	1.44713545	1.40268791	1.49796999	1.75627279	2.45879960	3.28379130	4.14162254	5.09813499	6.14086723	7.12824154	7.99013090	8.78739071	9.35969353	9.79730320	10.1048231	9.96113968	9.74302864	9.66493511	9.51505756	9.35577965	9.45273495	9.47435760	9.48860168	9.66621017	9.76773643	9.76610470	9.71754456	9.63096809	9.55824375	9.60531044	9.65015221	9.62462902	9.67965317	9.75356483	9.89466858	10.1173801	10.2058039	10.2551136	10.3453379	10.3748207	10.3586712	10.4096212	10.4439726	10.4842329	10.4927216	10.5407057	10.5972996	10.6181555	10.6877661	10.6475229	10.6958790	10.8043747	10.9505463	11.1329660	11.5338240	11.7700510	11.6477518	11.7149315	12.1834497	12.3246984	12.3663721	12.4672642	12.5082340	12.5541134	13.9142056	13.5459795	11.5021124	10.1769133	10.3251438	9.98561764	9.05619431	8.47897911	7.92205906	8.05171108	8.68456745	9.40212536	9.11657524	8.90935516	8.76087570	7.17653513	7.60574436	7.92417097	8.50014591	9.05233574	9.34760380	9.13603592	9.55474854	9.55270767	9.90418625	10.1636391	9.94420147	10.4162569	11.0916805	10.6656065	10.3085947	10.3609676	10.1399984	9.60453224	8.65828705	8.70543003	9.83621788	11.2999849	13.3335438	14.3407793	14.3670330	14.2015343	12.1457233	11.2126322	12.0144167	12.3835926	11.5813999	11.8296957	13.0092211	13.5214243	13.5245199	13.6419582	14.0562496	14.0624294	13.9377584	13.8011971	13.7116985	13.6705847	13.5798998	13.5109310	13.4316950	13.3995428	13.1052980	12.6847649	12.5302477	12.2442274	11.9921942	11.6721783	11.2595329	10.9054747	10.6064138	10.3814392	10.1559038	9.95147324	9.57037354	9.27543449	8.93500042	8.66073418	8.41187763	8.12184334	7.79795122	7.47727966	7.17692041	6.81454372	6.48184490	6.27730894	6.06854391	5.88823462	5.65884018	5.39214897	5.15034199	4.93554783	4.76484966	4.59423113	4.47137022	4.30373096	4.18186474	4.06923962	3.97893906	3.89444661	3.81176758	3.73832417	3.64728212	3.58156919	3.54745340	3.50233006	3.43266463	3.36913800	3.34187531	3.29971576	3.25946140	3.20783687	3.13966870	3.08828092	3.03689480	2.97624087	2.87890959	2.84299827	2.81825042	2.77144194	2.72399998	2.73317480	2.74521542	2.67867827	2.62125015	2.58756447	2.53075242	2.51384282	2.47915173	2.40201378	2.34348679	2.28391528	2.20186234	2.08501673	2.02271986	1.99480081	1.92245102	1.87702823	1.80395603	1.73446083	1.69137740	1.66877925	1.62786758	1.56406498	1.50595951	1.42459202	1.35892904	1.31577301	1.26051140	1.19393146	1.14462709	1.14157319	1.13496923	1.12434065	1.12195122	1.11653602	1.11076379	1.09832132	1.09194195	1.07800829	1.05898583	1.04437637	1.03481162	1.02620435	1.02711821	1.03271079	1.04055953	1.07179534	1.08813024	1.04662347	0.973338008	0.942841530	0.903662205	1.19235682	2.58450222	5.93513441	7.60849667	8.62057495	6.20629644	5.72220659	7.85205173	7.25642347	7.26595736	8.48859596	9.42764473	9.31766891	9.45285130	9.46873665	8.87422848	8.47394085	8.75088024	8.98883724	9.01943493	9.54573917	9.89536953	10.1609468	10.2421904	10.4330959	10.4300804	10.5956278	10.6118994	10.7131262	10.8631687	11.0803509	10.9869776	10.6245565	10.4201031	9.88355446	9.59025955	8.90270042	8.57132530	7.65173912	6.43793058	5.38827085	5.45310211	4.89822245	4.38207531	3.67581344	4.20352936	4.49325466	4.83892775	4.37371016	3.68515587	3.43662882	3.18525743	2.89446831	2.70931554	2.49102473	2.26633716	2.16069293	2.02274680	1.87479854	1.77077878	1.66584790	1.56621182	1.46073401	1.33791709	1.23791015	1.21584702	1.12818789	1.00427043	0.948270917	0.884984136	0.766391754	0.691949010	0.623243690	0.573484182	0.552576721	0.527385294	0.493199944	0.478811681	0.473434150	0.454713076	0.449944139
-8.00000000	0.424801350	0.457493484	0.479968429	0.396665692	0.390389591	0.408512503	0.471832961	0.535904884	0.621651113	0.733278155	0.855141759	1.00811648	1.26135731	1.48256445	2.58646584	4.18529749	3.84768176	3.81988597	5.04473162	5.89930439	5.80882263	6.16886568	6.79836941	7.03752375	7.02437592	7.04496574	6.94395590	7.01478624	7.39006710	7.55778313	7.25471401	6.91771841	6.57457447	6.77477598	6.89226627	7.74109077	8.01566887	5.88424253	4.59806347	3.89659905	3.07418489	2.59056306	2.26378012	2.20734453	2.29239917	2.59567904	3.32638168	4.15212202	5.04944992	5.99624634	6.81210470	7.57590199	8.21134186	8.77532959	9.18193150	9.46558666	9.55526638	9.55335808	9.40094376	9.23324203	9.07365608	8.96095657	8.94578075	9.08059597	9.19145298	9.32281208	9.51001835	9.67444801	9.69455147	9.65745449	9.66579342	9.77474403	9.85682869	10.0678291	10.1461878	10.2544127	10.5394964	10.6904106	10.6895075	10.7055769	10.7050943	10.6891708	10.6169453	10.5366936	10.4949427	10.4837570	10.4316444	10.4481773	10.2981577	10.2840748	10.4668446	10.6123962	10.4758205	10.4867458	10.6182032	10.6475182	10.9063797	11.2981062	11.4853935	11.4587193	11.5150747	11.7086058	11.8626013	12.0713234	12.3732004	12.4775915	12.3290443	11.2862616	10.0931969	9.97609520	10.3770790	10.7464800	10.5315533	10.8137360	11.0271225	9.69065952	10.0844469	10.4822063	10.4167652	9.36812592	9.68967819	8.69329643	8.87066936	9.54665852	10.4089079	9.95740509	9.20828629	8.40642738	8.82618713	9.52812576	9.75247574	10.1704664	10.1468534	10.3427219	10.8637085	10.9575176	11.3008804	12.1277075	12.0083685	10.5291090	9.25976753	9.37334824	8.86715889	8.55249405	8.07185364	9.08727741	11.2929182	14.1175385	12.5521564	10.8536434	11.1241798	11.9523802	12.2034740	12.3131809	12.8851347	13.2657022	13.5708513	13.8038836	13.9880619	14.1661177	14.0721626	14.0448160	13.9172630	14.1017733	14.1229954	14.0118227	13.8552885	13.8943233	13.9616337	13.6230230	13.5588684	13.4296083	13.2295465	12.8710709	12.6647987	12.4959402	12.1200504	11.8210831	11.6725235	11.4086323	11.1594191	10.8708963	10.7393284	10.4473524	10.0835791	9.73497200	9.28789616	8.88808727	8.60868931	8.23798656	7.89301968	7.59876585	7.44732666	7.26732016	6.95927954	6.69925070	6.45416832	6.17384911	5.96245050	5.79781437	5.57700825	5.32186890	5.10616064	4.89968252	4.73199272	4.61448860	4.48836708	4.35229015	4.25284481	4.18395233	4.07538509	3.92917013	3.84921288	3.78182292	3.68010616	3.62148929	3.60221934	3.50043631	3.35675716	3.27673697	3.18043900	3.01916242	2.87042904	2.81029797	2.73084736	2.67857313	2.59652805	2.51255894	2.41832638	2.36412501	2.35314918	2.29625916	2.22027206	2.19540095	2.13985467	2.07264900	1.98686922	1.91718066	1.83374012	1.76474643	1.72019804	1.65590215	1.58850431	1.53428710	1.46293068	1.38292217	1.32916868	1.28101587	1.21826303	1.16275680	1.12065625	1.06560171	1.02616870	0.995071113	0.933237255	0.895354331	0.882121027	0.850585639	0.815188766	0.800739229	0.797435164	0.784384072	0.782389224	0.788022041	0.802454233	0.801744461	0.791935027	0.790108204	0.777814865	0.760453522	0.765545189	0.776467204	0.772575200	0.774618268	0.817606151	0.837545753	0.775946617	0.769608080	0.680678308	0.709540069	1.51649559	4.54606628	8.14030838	11.8679905	8.69840145	6.50442123	8.41318607	8.55315781	7.10941219	7.44244480	8.29045105	8.54881382	8.63203716	9.01944542	9.00786972	8.63986015	8.73054028	9.00807285	9.26402950	9.74278164	9.99749756	10.1141396	10.2084408	10.4643774	10.5248337	10.7205095	10.6276579	10.5162458	10.5119944	10.4740572	10.2279444	9.83154297	9.46076679	9.06241035	8.33016396	7.71803617	7.18940306	6.38556337	5.37709236	4.71621418	4.77939034	4.75497866	4.43040657	3.81410122	4.24086332	4.54197836	4.53172398	4.11468840	3.33682203	3.00501728	2.92929363	2.67469978	2.39216542	2.22609544	2.05008793	1.88693321	1.73162675	1.64156055	1.52151310	1.41518211	1.34481668	1.26759529	1.17389786	1.11240637	1.03191102	0.941628158	0.878325284	0.801688433	0.751441598	0.681202531	0.613372147	0.555977404	0.501848638	0.469188124	0.448564559	0.426977634	0.420514107	0.420745164	0.420181721	0.440960646
-9.00000000	0.356903046	0.355072111	0.345113605	0.345391929	0.337288797	0.339335233	0.348354876	0.395284772	0.479205191	0.563463748	0.660290003	0.835084379	1.05196214	1.35311222	1.81832242	3.54010844	3.70705938	3.80888915	4.93889761	5.82865667	5.78149843	6.32205153	7.03204727	7.42237473	7.40568829	7.52530432	7.48659039	8.86070251	8.30688953	7.26465368	7.34190845	7.66628933	7.79593611	8.17907429	9.15011215	9.15965080	7.65033150	6.38932276	5.69603634	4.93356180	4.09634733	3.49813795	3.20114160	3.05905199	3.12465453	3.36034131	4.06251717	4.81412601	5.64458609	6.50725222	7.25256824	7.59334660	8.18420315	8.54201984	8.73089981	8.93320370	8.94371033	9.01270771	9.06737900	8.89317417	8.70861340	8.64563274	8.70341778	8.80369186	9.01430607	9.06166744	9.16907787	9.23658657	9.35339451	9.44244766	9.42122555	9.43793774	9.53312778	9.77098179	10.0691319	10.1894569	10.4692039	10.5388861	10.5238924	10.5746069	10.6032047	10.6495752	10.6597643	10.5113049	10.4033365	10.3196697	10.2597380	10.2557688	10.2111921	10.0856342	10.0001087	10.0696077	10.0116730	9.96968460	10.1606369	10.1007509	10.0243950	10.3532734	10.6237764	10.6979208	10.6673317	10.5692110	10.6440821	10.9235716	10.9711313	10.9052639	10.8048267	10.3316221	10.0253963	10.0435791	9.96823311	9.90281963	9.59901619	9.43101215	9.20909214	8.89783192	10.7418756	10.9011374	10.2251863	9.94602299	10.5859785	9.35988617	9.81421185	11.0438499	11.2023649	11.1784325	9.60741806	8.59250450	9.20335865	9.72828865	10.0428257	10.6307735	10.8095760	10.7122431	10.5749855	10.3296061	10.2836723	10.5224810	10.7903557	10.3132010	10.1791801	9.86662579	9.29266071	8.66302776	8.54828453	8.67959213	10.4618664	11.9438744	13.1509123	11.6621752	10.8486853	11.1412907	11.8603783	12.0615854	12.4016600	12.8574238	13.4988451	13.5884342	13.6141558	14.0219278	14.3097954	14.0939531	13.7487431	13.9869604	14.1755209	14.1477013	14.1089888	14.1907091	14.0906572	14.0861425	14.0752983	14.1262951	14.0747633	13.7304029	13.3390722	13.1081734	12.7749701	12.5647297	12.3013601	12.0291338	11.9618731	11.7444868	11.5895357	11.3925943	11.1751957	10.9878912	10.5668268	10.1302805	9.87781429	9.60439873	9.26005268	8.95198631	8.75150108	8.51032352	8.11191273	7.80340719	7.62465811	7.36900568	7.23125982	6.98642588	6.73125315	6.44440985	6.17900848	5.89730644	5.64658546	5.46557474	5.31016207	5.11785412	4.97088957	4.83868837	4.73176527	4.61820793	4.47844315	4.33560085	4.18955374	4.13181496	4.08675861	3.93506956	3.74775958	3.58842945	3.46295595	3.26839066	3.08692861	2.95532537	2.78556132	2.67660356	2.59823465	2.46806288	2.31872773	2.26386499	2.20552945	2.10212278	2.00979519	1.94620311	1.89088666	1.82959962	1.74814200	1.65264535	1.58804297	1.55690181	1.49704289	1.40811908	1.33105576	1.26168144	1.16862202	1.11682415	1.07256353	1.01139331	0.955976486	0.924778998	0.901462436	0.871272981	0.829278052	0.781191230	0.722732842	0.704450965	0.710009456	0.696191251	0.667414904	0.646486223	0.620178759	0.601975441	0.600793242	0.598107338	0.581752121	0.578895032	0.595398784	0.604614198	0.605651617	0.602542222	0.603737056	0.596540391	0.580973148	0.540752530	0.570243120	0.617609799	0.562613904	0.548132539	0.548539877	0.440449208	0.635941207	2.96000004	6.13161945	10.6409349	11.4806337	7.25312853	7.06722260	8.93205452	7.60494852	6.79175758	7.03402662	7.58248186	7.78755951	8.21894932	8.78509140	8.88191032	8.76127815	8.98304462	9.11972046	9.48295212	9.83430099	10.1258707	10.2844610	10.3424015	10.1905098	10.1601334	10.0841532	10.0349426	9.88057423	9.99572659	9.63020420	9.28587437	8.94242191	8.42280579	7.46690369	6.66312790	5.87084007	5.36551762	4.24797869	3.66949749	3.30699229	3.33618617	3.69352841	3.56140733	4.78344250	4.34765387	4.10471725	3.63156891	3.04424095	2.71837854	2.67506218	2.41674733	2.13473248	1.99886310	1.83019805	1.63524270	1.49854481	1.40911067	1.34352827	1.24511170	1.14223278	1.04640448	0.979908407	0.946549058	0.905748427	0.848662496	0.782890916	0.713149428	0.686492622	0.626345754	0.561764359	0.513369679	0.466426969	0.428522319	0.394276232	0.375230253	0.366138011	0.370425135	0.365583122	0.358659416
-10.0000000	0.328014731	0.318956554	0.305470556	0.302873820	0.294755340	0.290817320	0.288428992	0.322064757	0.399863034	0.467487544	0.549293280	0.733366787	0.954286337	1.19468760	1.84362125	4.02351141	4.25439024	4.48562479	5.51966763	6.41151190	6.27465487	6.49144554	6.99534845	7.48636961	8.02431488	8.51944828	9.13958549	8.28637600	8.62348461	8.23486137	8.37419319	8.34509945	8.23707104	7.89582205	7.41864061	8.46006489	7.92831469	7.25972509	6.73501253	6.06527996	5.11059570	4.60039186	4.39674091	4.18529749	4.08085394	4.21567440	4.83540583	5.45723057	6.24945831	7.05019951	7.88093901	8.32612610	8.62994671	8.71708107	8.80827808	8.88417912	8.91210175	8.90840816	8.92043781	8.91100883	8.81473827	8.72092247	8.65188217	8.66200542	8.82378101	8.93503475	8.97397327	9.06034374	9.14821720	9.35087013	9.37343121	9.26013088	9.33110237	9.51237965	9.74786663	9.95759106	10.2109289	10.2143917	10.3284245	10.3805628	10.2694340	10.4062290	10.4490538	10.3328075	10.1605959	10.0676804	9.92551804	9.85493946	9.85084248	9.51315212	9.46054173	9.59104347	9.55370331	9.44376945	9.39456463	9.42285252	9.25503254	9.30765247	9.37753010	9.46422958	9.43006516	9.37668324	9.27661991	9.20870399	9.23346043	9.29932213	9.35200214	9.41009903	9.23993206	9.16321087	8.94376659	8.55590725	8.29301453	8.35734558	8.38957977	8.33221722	8.87777996	9.29182625	9.38643265	9.74437523	9.92871094	8.55673313	9.13178158	10.3819885	11.2262344	9.23360062	8.40380764	8.51367378	9.12823009	9.63782692	10.2209473	10.8050070	11.2415342	11.3467388	11.1143351	10.9722891	11.0709038	10.9338264	10.9976931	10.8891211	11.0597897	10.8722677	10.3222322	9.83794022	10.0944805	9.62447929	9.18942165	9.37302017	9.49478626	10.8382273	11.2525177	10.7283936	11.6848459	11.9837933	12.1349115	12.4344969	12.9325981	13.1908722	13.3222313	13.7471085	13.6676378	13.2686281	13.3062773	13.6414757	13.7576113	13.8852072	13.8852205	14.0313511	14.0377007	13.9869394	14.0126381	14.0024481	13.9638634	14.0092287	13.5028811	13.2226601	13.0949955	12.9232969	12.6669178	12.4854908	12.4741888	12.2704382	12.1989326	11.9960890	11.8508253	11.6744890	11.4573107	11.1154985	10.8910160	10.5942097	10.2929764	9.89266300	9.59879971	9.37500477	9.10448647	8.83738613	8.67285728	8.44291878	8.20020199	7.92461205	7.77053833	7.52151966	7.22053671	6.89301586	6.59345818	6.36163521	6.19209909	6.03127003	5.87540817	5.67736483	5.56485224	5.53178358	5.32140827	5.07780075	4.94703150	4.83323097	4.65472746	4.45348024	4.23657560	4.03749275	3.80104113	3.58954334	3.37350631	3.18059826	3.00304651	2.90308094	2.75203776	2.56788564	2.43661213	2.33821392	2.18987083	2.06834531	1.99123669	1.89503217	1.77262163	1.69488072	1.60781217	1.51320577	1.45531464	1.39392495	1.28453267	1.20012796	1.15504658	1.08543098	1.01356459	0.955430567	0.896073163	0.835862219	0.798596442	0.773969352	0.745250046	0.713342249	0.689047933	0.647144258	0.620087683	0.610293865	0.606951714	0.591773093	0.579502940	0.569230556	0.546201408	0.521801591	0.502137005	0.482736379	0.467703789	0.469452441	0.482802093	0.493396878	0.511731386	0.509634733	0.481471121	0.448888242	0.435950994	0.402449995	0.408223897	0.453078181	0.431939632	0.361905336	0.409853011	0.367506683	0.319542408	1.83490324	4.53846502	9.54601479	12.5787096	9.98321152	7.55115271	8.05567265	9.04376888	7.66406679	6.98388624	7.63001823	7.52658987	7.54414463	8.02190781	8.67663479	8.96062183	8.97354603	8.87984657	9.02858257	9.41122532	9.64082241	9.89649487	9.81308460	9.80214310	9.68094158	9.54599476	9.30447769	9.27299404	9.10389042	8.66765499	8.65247345	8.67108917	8.10741138	7.37030745	6.15518093	5.05092382	4.27641153	3.39635062	3.07531977	2.90703464	2.83116221	3.32854557	3.39025044	3.52137780	3.42693996	3.31042480	3.08347440	2.74884915	2.48772717	2.34804392	2.12060666	1.90546000	1.76395488	1.61198843	1.46610057	1.34961569	1.22310615	1.11433351	1.03482533	0.962542355	0.910211325	0.873148561	0.857754171	0.814294994	0.790304542	0.748956621	0.688133240	0.651091397	0.620122015	0.569699943	0.530713618	0.494705886	0.455198348	0.415362448	0.391163647	0.377762496	0.366295516	0.359545946	0.340456396
-11.0000000	0.314422607	0.299897879	0.286331445	0.273511678	0.265221298	0.265645057	0.271920890	0.287014604	0.321948171	0.377184153	0.501443088	0.676004529	0.913407981	1.38574231	2.86046505	5.99303913	6.11036873	5.78646278	6.30597258	7.00988245	6.77465916	6.90578747	7.42944145	8.15906239	8.72054482	9.06823254	8.70101070	8.14808750	7.97875834	8.17252159	8.12290478	8.10058975	8.16170311	7.75234318	8.54403210	7.96943808	7.52341509	7.43337584	6.94918108	6.61344051	6.84046984	5.78986263	5.80089283	5.65893078	5.28548193	5.28825378	5.84763050	6.47285748	7.08369446	7.76455307	8.40730190	8.88260746	9.05194759	8.93903923	9.15229797	9.26046371	9.11946297	8.91422844	8.87565231	8.80286789	8.76620293	8.78426552	8.66199780	8.66442776	8.70459461	8.76358032	8.88696289	8.93544102	8.93011189	8.86799335	8.84135342	8.91001892	9.06206799	9.20647335	9.40740299	9.47352314	9.69583607	9.80276680	10.0006351	10.0208044	9.89366150	9.98578072	10.0818291	9.96910095	9.88438797	9.79725170	9.67091465	9.37094021	9.23795891	8.99670696	8.73835182	8.72211552	8.73851871	8.66329765	8.41035366	8.45379639	8.60328007	8.49696636	8.42483902	8.35726357	8.13314533	7.99474525	7.91899824	7.76702929	7.65540552	7.85799551	7.76260328	7.82877254	7.92668486	7.89202070	7.64979172	7.43927431	7.38121510	7.31712198	7.22917414	7.40164471	7.85403681	7.99150848	8.18158436	8.56024647	8.68512249	8.31641960	8.72541428	9.13360119	9.28870296	8.82714462	8.54201031	8.78338528	8.99987030	9.45301056	10.1692896	10.4791336	10.7487326	10.8749685	10.6608734	10.8361845	11.1107531	11.2345057	11.3864431	11.5564871	11.8580847	11.9139662	10.9610319	10.2563782	10.2619343	10.0874634	9.39466190	9.15269947	8.94639301	9.95978451	10.1171741	10.4234419	11.3824806	11.6134911	11.9294443	12.0878363	12.3504763	12.4564114	12.6017189	12.8563490	12.8251877	12.8371315	12.9171200	12.9250631	12.9307203	13.1036568	13.1247511	13.4909506	13.5719967	13.5359392	13.5234308	13.5361948	13.4821138	13.5555134	13.2705812	12.9754620	12.8821459	12.8100853	12.5528450	12.4327145	12.5165100	12.4803085	12.3808270	12.2748318	12.0935450	11.9151783	11.7912436	11.6153316	11.3010788	11.0005522	10.8239698	10.5071917	10.2274609	9.90277100	9.69344807	9.45863914	9.23547840	9.05510807	8.85674858	8.66723824	8.49853706	8.21158981	7.87085676	7.57920122	7.41262293	7.14285898	6.95069456	6.93229914	6.75625181	6.52156353	6.37362385	6.33113098	6.13196564	5.88048267	5.70463037	5.51769257	5.35388327	5.14137173	4.89372778	4.63164282	4.42532778	4.15531969	3.88612223	3.63377023	3.47042847	3.31849551	3.04150820	2.83810472	2.73585844	2.56199789	2.35338616	2.21922255	2.10450315	1.92575610	1.77130175	1.65665877	1.55777204	1.46353757	1.40525007	1.30838931	1.21070850	1.15396667	1.09531450	1.01380765	0.954438210	0.891368806	0.819581687	0.771409154	0.739759982	0.703736305	0.667589724	0.637998343	0.605621934	0.579208553	0.581209600	0.573187768	0.546884358	0.537007570	0.534980893	0.523386657	0.509300411	0.483944297	0.460814267	0.441279978	0.429526091	0.417571545	0.414779902	0.410023421	0.425861120	0.426260114	0.402357519	0.372224301	0.364615768	0.338697255	0.331945151	0.362026721	0.373408854	0.310958296	0.291390479	0.324848861	0.269281536	0.773422301	2.79054451	6.42332792	11.0642748	14.1189632	10.1937485	8.40009499	8.61399937	8.33706474	7.24544954	7.84359026	7.80126333	7.18561125	7.17842484	7.76184654	8.25112915	8.52114201	8.57035923	8.76852989	9.02532482	8.87788200	9.05812836	9.35974789	9.54204655	9.23052597	8.88175488	8.60771370	8.35640621	8.03402996	8.40673637	8.49847412	8.47910213	7.93955898	7.16524410	5.80066681	4.52182198	3.81799150	3.33043432	2.96709681	2.91225624	2.97379494	3.19151902	2.89890695	2.89177537	2.89909148	2.67804933	2.45398140	2.32467175	2.16390133	1.94631326	1.75317788	1.60121107	1.45932078	1.34309685	1.23176944	1.13056433	1.01930451	0.945617676	0.898091197	0.852698088	0.823670924	0.803625524	0.766963840	0.722218633	0.700188160	0.670381606	0.624865234	0.588216841	0.563786566	0.539011002	0.520629287	0.501501620	0.468371928	0.430547655	0.402249485	0.385750175	0.362990916	0.344252765	0.323438913
-12.0000000	0.287911654	0.270650148	0.261447400	0.253449529	0.257780492	0.253757864	0.259282589	0.271861732	0.292001933	0.333124042	0.452742487	0.635739923	0.976003110	1.85891640	4.18585730	7.25708628	7.11764193	7.06400061	7.28470850	7.36830950	7.01896715	7.15101147	7.58350134	8.14714336	8.64994907	8.68883324	8.64183807	8.32561874	8.24138069	8.16150188	8.07919407	7.94531775	7.19182587	7.61387300	7.86393404	7.35181522	7.64120150	7.46753979	7.16875076	7.37387562	7.76982927	7.06610155	7.13214779	7.08877373	6.58734941	6.89936733	7.52283478	8.11622524	8.52361298	8.32460690	8.47406769	8.74133968	9.19056416	9.09702110	9.05996227	9.29420567	9.20134640	8.94731522	8.94606590	8.70583916	8.62956810	8.53337383	8.60333920	8.64171028	8.77401924	8.86856079	8.80112934	8.69214344	8.57075119	8.52406883	8.59646225	8.63904858	8.77689552	8.94155407	8.99260521	9.02362728	9.26043701	9.37828636	9.41103745	9.58775234	9.58451176	9.76725578	9.70146465	9.64071941	9.46287727	9.21205997	8.94927406	8.67575550	8.46410656	8.34859848	8.16962624	8.03851986	7.96194267	7.79166603	7.65589094	7.59512091	7.50635719	7.43831921	7.35420227	7.22356844	6.91980934	6.82936907	6.78021765	6.63408899	6.39427853	6.40775967	6.27360153	6.13564730	6.12456274	6.01169491	6.12229919	6.12557411	6.11067295	6.17952108	6.13365602	6.31580639	6.63649178	6.96228552	7.17223883	7.24900913	7.49784231	7.60412979	7.94986820	8.38751984	8.54962730	8.58183956	8.73581982	8.73500252	8.87240314	9.18658924	10.0329027	10.1958780	10.6105785	10.3543892	9.78309441	9.56692505	9.69518757	9.96365356	10.4813499	11.4678411	12.2404184	12.7413235	12.0421371	10.4375010	9.88687801	9.97050476	9.81541538	9.71227932	9.66497898	10.0048208	10.1472673	10.6732206	11.0744305	11.3672295	11.3920555	11.6233463	11.5354900	11.7441473	11.8618250	12.0751619	12.1047344	12.2930231	12.3796778	12.3147793	12.2427197	12.3878813	12.5869169	12.7712498	12.9768715	13.0246716	13.0104008	12.9719467	13.0363522	13.0705280	12.8759241	12.8296909	12.7860231	12.7117214	12.5655136	12.3333187	12.2083330	12.1956587	12.1091948	12.0756283	12.0776920	11.7470551	11.6899281	11.7159872	11.5188522	11.1890612	11.0643930	10.7809105	10.4987593	10.3266430	10.0741892	9.79485321	9.63767052	9.43761730	9.24195576	9.06003571	8.87354660	8.65569496	8.38550949	8.09038544	7.87907505	7.77097559	7.65059423	7.56960344	7.42536068	7.13212538	6.98389006	6.86138535	6.76036167	6.56155109	6.35886478	6.09910202	5.96081066	5.75562763	5.49524069	5.17265415	4.96909618	4.70243454	4.39496040	4.15434980	3.95722079	3.72274518	3.44469094	3.21720171	3.01946807	2.79500532	2.59106445	2.39966893	2.17976522	1.98303628	1.85771787	1.71782446	1.57345212	1.50390601	1.41481674	1.29158056	1.23304224	1.17978561	1.08801591	0.995190680	0.938155711	0.875177801	0.804457545	0.753567040	0.716307819	0.667186141	0.626231909	0.596134961	0.565026581	0.538645387	0.534071803	0.524746418	0.509712458	0.503481686	0.493258715	0.480674118	0.471251160	0.450559050	0.424187213	0.406697243	0.394119591	0.381460458	0.364079326	0.353322208	0.357056826	0.362509996	0.357407063	0.337435216	0.330927074	0.320142657	0.304732651	0.310795784	0.326004893	0.292580545	0.240086436	0.254476130	0.233360037	0.266751051	1.13247573	3.38982892	9.98040390	10.7200451	10.2308626	10.3013086	9.33138275	7.92177582	6.88791656	7.03282022	7.34320879	6.93644619	6.59294415	6.65774441	7.20343685	7.87567997	8.63906860	8.70144939	8.62059593	8.17644501	8.27999592	8.70099640	8.90568542	8.57518959	8.25418472	8.07068634	7.94499874	7.50166368	7.86884356	8.16624928	8.07570839	7.39077473	6.77373934	5.67428970	4.46142101	3.66765618	3.28604698	3.04449797	2.73568749	2.79502773	3.18747854	2.86327338	2.54216003	2.36168480	2.12605691	1.92822623	1.89087224	1.80469835	1.60175562	1.43335915	1.30625176	1.20271409	1.10796189	1.02067888	0.936654270	0.849208772	0.789842427	0.756188631	0.727200508	0.703507066	0.683380663	0.667991698	0.638740480	0.614240050	0.591356575	0.562471449	0.533879042	0.513217092	0.498612493	0.492325306	0.479936630	0.457291901	0.428956717	0.405607224	0.388309091	0.365382016	0.340358078	0.313489676
-13.0000000	0.276948214	0.259872854	0.242340833	0.230773672	0.225355417	0.228434443	0.241085455	0.254317343	0.271539569	0.314214945	0.425954163	0.616391897	1.10653114	2.32739091	5.03916311	7.13174820	6.89080763	7.01045418	7.28372049	7.32100344	6.95771313	7.03109074	7.30763865	7.55730343	7.68313503	7.74234343	7.89070940	7.83821106	7.91902971	8.01007938	7.95778418	7.78923464	6.82034540	7.22264433	7.47490835	7.71661091	8.22150517	7.85544062	7.79695225	8.06711197	7.84316826	7.51360273	7.78135204	8.03372669	8.33528900	8.84284496	9.72634220	10.5317059	11.1896276	10.4481678	8.35096550	8.33387280	9.03696442	9.20099926	8.95672512	9.00769711	9.05303383	8.84959984	8.67143345	8.52593708	8.32754230	8.28589439	8.43457890	8.42659950	8.34394836	8.43253422	8.38845825	8.35395145	8.27744389	8.25540447	8.24316120	8.25362110	8.38754368	8.63651943	8.69337082	8.59370804	8.71282387	8.78735065	8.82653904	9.06596470	9.11078835	9.29442310	9.11305332	9.07472992	9.03866100	8.78279781	8.50189304	8.27044392	8.03218079	7.87600088	7.62786388	7.46839142	7.20298958	7.07044125	6.96057272	6.84308338	6.43247271	6.25512409	6.17373514	6.19131660	5.97775650	5.78604698	5.71278667	5.46605539	5.26392937	5.21457100	5.19465876	4.98972082	4.89318132	4.81204605	4.80040121	4.93451834	4.94176865	5.01753521	5.31602144	5.52877903	5.67213535	5.83847666	5.96964025	6.23663950	6.66150141	6.84891415	7.35438347	7.75692034	8.15512753	8.32666683	8.57084179	8.54846668	8.68922234	9.01362133	9.86532593	10.0295057	9.72717190	9.69737339	8.74492359	8.33786583	8.25420856	8.65279961	9.62986469	10.5718164	11.4846258	12.3637028	12.2142162	11.0456553	10.1607838	10.3495216	10.4221048	10.6502390	10.5414314	10.3687716	10.5516043	10.7870321	10.7450285	10.8490925	10.9917831	11.0652285	11.0961704	11.2388372	11.2815266	11.4445553	11.5786943	11.6843061	11.8259420	11.8047924	11.6968241	11.8328657	11.9761744	12.1095562	12.2018785	12.1871471	12.2121153	12.1678972	12.1840086	12.2383451	12.2937746	12.2976665	12.2823734	12.2319660	12.2215624	12.0760698	11.9360571	11.9310122	11.9787388	11.9401035	11.7017946	11.6789141	11.7186785	11.8709736	11.7908659	11.4993515	11.1544647	10.8767090	10.8281517	10.5129013	10.1755686	10.0485172	9.87802792	9.69560528	9.47566986	9.19718647	9.06138611	8.97142601	8.70998669	8.43682003	8.20930576	8.08500099	7.89348555	7.80708218	7.69737148	7.48787689	7.38590002	7.29738569	7.09642696	6.89511251	6.74131298	6.47652578	6.32931566	6.09142494	5.73391771	5.47817469	5.24244738	5.01914072	4.78759384	4.57341528	4.30189610	4.04340839	3.82428336	3.59957814	3.32339668	3.08094001	2.87879467	2.63731503	2.36440611	2.16023445	2.01262856	1.83689010	1.69383836	1.62356603	1.49717152	1.36315143	1.29124773	1.19962323	1.09945095	1.04114425	0.968370616	0.883215725	0.818383336	0.765870273	0.710231066	0.663203478	0.623435438	0.592393756	0.560536623	0.544242561	0.539443076	0.520007312	0.498847067	0.484413594	0.462394506	0.450644106	0.441842765	0.426295817	0.404832304	0.395313114	0.387808263	0.370406926	0.351831675	0.339453578	0.330826670	0.331050992	0.331347197	0.316892445	0.300989330	0.296954662	0.291753590	0.288979352	0.296571702	0.279402703	0.241690487	0.225072175	0.231969029	0.173570037	0.289155692	1.77489543	5.57873917	9.25429535	10.8030539	15.1329279	15.7552471	16.8989964	12.5896473	8.40129375	6.74218941	6.34743214	6.24857569	6.10980749	6.39842653	7.07864428	7.69696760	7.99032879	8.21921539	7.72850704	7.56060123	7.82012033	7.74969721	7.82500744	7.74624348	7.69603634	7.46466351	7.31199789	7.58591032	7.63708305	7.45849133	6.93842316	6.53594065	5.52826977	4.36916637	3.57553339	3.23929691	2.94952703	2.94851899	3.05033183	2.98503232	2.62086606	2.19229198	1.93642426	1.75981927	1.65110195	1.61552978	1.49725568	1.33680534	1.21062171	1.08888078	1.02281880	0.964621186	0.888779938	0.819144249	0.756646276	0.690802753	0.649980128	0.630755842	0.619480193	0.611931324	0.608597815	0.586527944	0.564200401	0.548650444	0.529408038	0.507192314	0.490519017	0.477281481	0.469394922	0.455305755	0.438318849	0.423899680	0.401827514	0.382262766	0.366574347	0.344149441	0.309618264
-14.0000000	0.282692969	0.260965317	0.240021437	0.223150268	0.212276161	0.212640584	0.213099793	0.223541483	0.250311464	0.310374081	0.412974805	0.633858263	1.35158980	3.03540897	5.75168276	6.60599184	6.67152882	6.88436890	6.99450159	6.83771372	6.58476257	6.67480230	6.79798841	6.93056679	7.07282162	7.09809208	7.09119320	7.20708036	7.10713148	6.96983767	6.83747864	6.27166748	6.78937292	7.25516987	7.58755732	7.22317171	7.26402998	7.69701767	7.85891914	8.08285809	8.00226116	7.37490892	7.97371435	8.51211834	9.32351780	10.6601353	11.4469805	12.4834833	14.3517017	15.3893070	10.3661575	8.64292526	8.97501087	9.23266506	8.84251308	8.66195774	8.87036324	8.63070297	8.39259434	8.33664703	8.15552330	8.09650326	8.18516350	8.05564117	7.88562822	7.86604881	7.83361816	7.78289318	7.69290018	7.66404295	7.75465155	7.82090950	7.83650684	7.94239902	8.04510689	8.10221195	8.13850307	8.14777756	8.22904491	8.30720329	8.32740593	8.44964123	8.25794983	8.29182816	8.22456932	8.09377003	7.84315205	7.76115513	7.33328104	7.00881958	6.74452829	6.60159492	6.52297544	6.32704782	6.21142626	6.02177525	5.61419868	5.38562441	5.27895021	5.17933846	5.08608341	4.85077333	4.69337273	4.61389399	4.41752195	4.38996363	4.38347721	4.20020819	4.15105677	4.11301184	4.17846107	4.30425739	4.29112673	4.41235399	4.79169464	4.90785980	4.90026617	4.99709749	5.18518353	5.50577545	5.92205048	6.26828337	6.81472492	7.24866629	7.68368530	8.03011513	8.10685253	8.07824612	8.19331074	8.74777317	9.19019318	9.06679916	8.57153702	8.01169968	7.61823463	7.25651598	7.27724361	7.88405275	8.76677036	9.53989697	10.1924820	10.7822123	10.7809496	10.1167307	9.65919876	10.1361923	10.3370504	10.5059910	10.4096670	10.2655973	10.3239202	10.5185022	10.5803108	10.3593311	10.5401268	10.6433620	10.7081509	10.6316690	10.8575268	10.8766918	10.9607487	11.0132275	11.0308437	11.1572123	11.1374969	11.2040339	11.4012270	11.4102726	11.3830385	11.4196978	11.4873295	11.5756664	11.5033560	11.4924841	11.6473999	11.6741877	11.5977430	11.5975952	11.7307386	11.6957893	11.5719461	11.5776567	11.5634127	11.6693859	11.7062149	11.5870237	11.4591455	11.6339684	11.5274258	11.3088722	11.1787271	10.9730082	10.8344851	10.5874329	10.3453531	10.1972904	10.0608921	9.63502407	9.46303940	9.33770370	9.23009682	9.12008190	9.00808716	8.75419044	8.47783566	8.31061268	8.08994484	7.87709761	7.74615192	7.63430548	7.45747805	7.25174856	7.05677414	6.81334496	6.62532997	6.51666546	6.40075588	6.19377136	5.91983223	5.72656536	5.45455694	5.17075348	5.00311136	4.84608030	4.57640457	4.30053806	4.05863714	3.79670453	3.52758098	3.30102277	3.08320403	2.82225347	2.57308888	2.38445210	2.17529440	1.97146285	1.83538747	1.72430885	1.56675649	1.45355129	1.37826598	1.25382519	1.17071116	1.11937785	1.01704049	0.917841256	0.852408648	0.794972122	0.742353320	0.702773809	0.662658215	0.626181841	0.601137638	0.587997258	0.567629397	0.549717903	0.522783875	0.492069870	0.469263613	0.453177601	0.443063259	0.426260203	0.410102099	0.398741424	0.382949650	0.366730839	0.352876872	0.342205435	0.330415606	0.324202299	0.324179232	0.308988303	0.294167012	0.286572337	0.281880260	0.265658706	0.270540625	0.274672985	0.253914326	0.229203299	0.226042390	0.186321586	0.164037943	0.494915277	1.79667985	5.94436836	8.90224361	12.2918968	15.0112371	17.6748562	19.1337891	14.2257214	8.24769306	6.32167387	6.48382425	6.14612865	6.51743031	6.78677940	7.01195192	7.10846472	7.41518116	7.50736475	7.26303625	7.04715824	7.21453476	7.21879625	7.43965721	7.57831860	7.30029345	7.19940805	7.39310265	7.41029310	7.01214504	6.39354706	6.07593727	5.20812654	4.07041788	3.32019186	2.95337367	2.76105881	3.18550754	3.26766944	3.05815005	2.61125851	2.11589646	1.82883513	1.65236306	1.56616175	1.49564254	1.33912432	1.21270180	1.12011838	1.01283169	0.943511724	0.904414654	0.844820321	0.776903212	0.724007547	0.667529166	0.624667168	0.607467115	0.597196162	0.592499077	0.589882612	0.576696932	0.542271912	0.524684966	0.506959200	0.492852688	0.475385725	0.463505179	0.454889506	0.444545120	0.435551792	0.420991510	0.406118095	0.385346055	0.371593952	0.346441627	0.312638313
-15.0000000	0.295016885	0.269957006	0.246248871	0.222701609	0.206446841	0.197362125	0.198993370	0.208398879	0.231749296	0.293368101	0.397570580	0.634280920	1.31037688	3.26565504	5.79950237	5.86391973	6.14876652	6.42565727	6.39948845	6.06856441	5.98776531	6.16134357	6.22648764	6.33253527	6.35979319	6.30413675	6.17993069	6.24230671	6.12118006	5.86244917	5.64870453	5.57356024	5.90341902	6.22032976	6.93884230	6.93464708	7.23621845	7.80840921	7.82504702	7.83383751	7.67911768	7.25268745	7.95852661	8.78184891	9.88410473	11.4000721	11.7777405	12.0595369	12.2774220	12.2256784	10.4505081	8.78575802	8.79896641	8.92624092	8.42541409	8.30821037	8.40788174	8.28842258	7.95923710	7.99468756	7.80977678	7.71121788	7.72761965	7.63029957	7.42850828	7.27623749	7.14184141	6.99657393	7.02682972	7.00436068	7.09233809	7.17350817	7.16764736	7.18362284	7.18057489	7.23137045	7.16980457	7.20391560	7.32034588	7.36994314	7.41078901	7.49605703	7.47173977	7.36499071	7.32654333	7.26025677	7.13065863	6.81475639	6.47509623	6.19886732	5.79578400	5.64351845	5.66840887	5.47280264	5.18859482	4.98426008	4.79095459	4.63580179	4.49700785	4.26988697	4.13092709	3.98279905	3.92162871	3.86053371	3.70554709	3.74044180	3.63563943	3.51069140	3.46887660	3.48251390	3.54433775	3.60311127	3.66593409	3.84182048	4.12400484	4.21391296	4.35581398	4.34967422	4.55966520	5.01992798	5.31907225	5.63718128	6.15778351	6.65095758	7.27569103	7.77271605	8.17124271	7.73512363	7.41920376	7.66606331	7.98880816	7.79280663	7.51567984	7.18378592	6.98630714	6.84581661	6.83187532	7.39020824	7.93513107	8.53182125	9.14150715	9.60389996	9.49539185	9.19683266	8.93989563	9.36429691	9.86561108	9.84848881	9.70086956	9.66670227	9.71096230	9.82358170	9.98375225	9.85737038	9.90775299	9.89636517	10.0416899	10.1001186	10.0717430	10.2557278	10.3718023	10.4042406	10.3434420	10.3130646	10.4455872	10.6240034	10.9361448	11.0826683	10.4651041	10.7508049	10.7814636	10.9800072	11.0377131	11.0354490	11.1537180	11.2155132	11.1916475	11.2681913	11.3579798	11.4083014	11.3275824	11.2933788	11.4085493	11.4914389	11.4861479	11.4828157	11.5846128	11.5030508	11.4534683	11.1739397	11.0936127	10.9466734	10.7348022	10.6680031	10.4760914	10.1822510	10.0166092	9.72260380	9.45351315	9.41903114	9.22574806	9.14231777	9.09112549	8.98208141	8.74679470	8.56166840	8.24237347	8.00034809	7.88604069	7.66862202	7.44855881	7.23512554	7.06200552	6.80706215	6.59553766	6.49700403	6.32907867	6.18072701	6.03690338	5.78892326	5.54186106	5.39673805	5.19874907	4.97490263	4.75599051	4.57465601	4.23136234	3.92659783	3.72061253	3.45081758	3.17231107	2.92136598	2.71782255	2.50502992	2.27847695	2.09682798	1.97228134	1.80724037	1.63627124	1.53469455	1.46229112	1.32745481	1.25625658	1.17778850	1.05327559	0.961972535	0.911827445	0.844327986	0.796840608	0.759734035	0.707678318	0.665804327	0.646805823	0.618189633	0.587799430	0.565132737	0.540867329	0.518347085	0.502928793	0.483911276	0.463920593	0.445302635	0.431747228	0.415948182	0.398422182	0.383366942	0.370437235	0.354600400	0.342967510	0.327702433	0.311638296	0.296753645	0.284921616	0.274489820	0.266474724	0.252660692	0.242053315	0.251744539	0.256382048	0.230057418	0.200767204	0.190356284	0.153538138	0.183056310	0.587251961	2.20073247	5.71987152	9.17521572	10.9182272	12.0052071	13.3603210	13.8101149	10.7331409	7.76010990	6.18509531	5.27099800	5.92011452	6.60901213	6.37410927	5.94975376	6.30840921	6.75424337	6.42034292	6.33154821	6.70435476	7.45013428	7.53821898	7.29467773	7.03239298	7.06984901	7.53232002	7.48455906	7.15402842	6.21696424	5.63578129	4.84911203	3.99756527	3.44917893	3.19459796	3.21990132	3.41603875	3.36404562	3.10260153	2.67132545	2.21251869	1.90303612	1.68416131	1.58339286	1.48228276	1.31630933	1.20436788	1.12466240	1.02368045	0.946187615	0.896108866	0.848216534	0.796195805	0.741288662	0.688440323	0.650908113	0.627596200	0.608228028	0.597445726	0.591372490	0.571011543	0.545633256	0.517553687	0.499156684	0.485653132	0.473467529	0.458205551	0.450634658	0.441787392	0.430396318	0.418250620	0.401979715	0.389151484	0.373911083	0.351045430	0.322551310
-16.0000000	0.292340755	0.266449511	0.245814726	0.224504143	0.203580350	0.187708110	0.179420009	0.183535218	0.206671029	0.257984281	0.350524694	0.589333951	1.32598674	2.98877406	4.53518105	4.78246307	5.29990101	5.90298510	5.77189732	5.48225307	5.49827909	5.67234087	5.69373274	5.72098684	5.62617779	5.54657364	5.47453070	5.54920149	5.52702618	5.21771336	5.39463758	5.13234949	4.93847656	5.07208157	5.81951618	6.75016212	7.42833471	7.87548351	7.69426966	7.37340975	7.03079844	7.19317150	7.86145830	8.86884689	10.1782360	11.1320734	11.3114424	11.4809742	11.5266438	10.6276236	9.69256783	8.90890884	8.51710701	8.51367855	8.17438412	7.98163939	8.01983070	7.72839022	7.54152203	7.57244587	7.33458662	7.05271864	6.92162800	6.69010735	6.54706097	6.42338085	6.34980631	6.20347738	6.20079088	6.27302742	6.38597250	6.54558420	6.60537195	6.50342607	6.36679363	6.39791918	6.24492264	6.20286226	6.33125353	6.40513134	6.36897898	6.42724752	6.43087578	6.38585043	6.19042063	6.07623005	5.89080143	5.69777489	5.47334099	5.14714384	4.85319614	4.69871187	4.61170959	4.45802355	4.23164320	4.09889650	3.85297513	3.72450137	3.64391088	3.58433509	3.49506378	3.47248721	3.31753254	3.22443557	3.12964225	3.07726336	3.12495065	3.06868386	2.88507056	2.92319036	2.97955728	2.97839785	3.06272578	3.21100354	3.69957185	3.63477755	3.65311313	3.88672042	4.13167906	4.50452948	4.72020960	5.11070395	5.68223190	6.25318193	6.80966139	7.39828348	7.41721010	7.02255392	6.70848942	6.58978653	6.78171253	6.72940016	6.67273426	6.62936926	6.55825424	6.53926516	6.51356840	6.71936274	7.15339947	7.68520975	8.20545197	8.47799110	8.29289150	8.17755032	8.22642517	8.92734146	9.56562424	9.45930195	8.90415096	8.78603458	8.78234386	8.80323124	8.83810425	8.89755726	8.94654751	9.09520054	9.10169888	9.34092140	9.40822887	9.52668095	9.59602642	9.64685535	9.67434788	9.73144531	9.76397419	10.0190306	10.2072468	10.4287519	9.93566513	10.1214476	10.1018658	10.2819366	10.4789076	10.4978456	10.5970325	10.6780748	10.7917776	11.0270071	11.2115622	11.2762566	10.9884357	10.8767605	10.9337502	11.1525507	11.2503147	11.1635160	11.1466722	11.3784389	11.3508940	11.2265863	11.0548124	10.9309845	10.7862425	10.6207981	10.4434481	10.1591787	9.90878868	9.71692753	9.55524826	9.44701195	9.44456100	9.35216141	9.17401028	9.04359245	8.90610981	8.69528961	8.42926407	8.29784298	8.00148869	7.80351686	7.61971712	7.46783495	7.16285753	6.97270775	6.63158369	6.50373030	6.31100368	6.11073923	6.00618315	5.92141151	5.58592510	5.48109198	5.33206987	5.07180214	4.92114258	4.72035265	4.44526672	4.13827848	3.88738012	3.57443500	3.33987188	3.10937262	2.86686182	2.63852096	2.43099451	2.26904821	2.14030838	1.98060942	1.81461239	1.70046687	1.56722188	1.42547905	1.35654843	1.25964332	1.13504064	1.05462122	0.997516572	0.919873834	0.872968197	0.821038187	0.753719628	0.723988950	0.701789141	0.654012024	0.616987765	0.590232491	0.553564072	0.536145687	0.524016142	0.505340040	0.481776476	0.466260403	0.448571771	0.431948274	0.419532865	0.404075354	0.388816565	0.373564541	0.360410899	0.342940390	0.316192746	0.301524967	0.297219127	0.281529784	0.260477692	0.243784249	0.222514078	0.221702531	0.234095037	0.218767390	0.191665128	0.189172089	0.170934618	0.140619054	0.143774480	0.356410831	1.32400370	3.72894883	6.73373461	9.68071365	10.6662302	11.2223911	12.0799007	11.1132545	8.08113575	5.10814095	4.90400791	5.57732725	5.89399910	5.31175613	5.31926107	5.68043756	5.73457861	5.90334940	6.27800035	6.95571947	7.09261322	7.21740198	7.18599033	7.33895636	7.26938152	7.23925638	6.98508120	6.09867048	5.33223629	4.63668346	4.34683704	3.78890061	3.42510176	3.56518841	3.44573998	3.30780292	3.10581088	2.80747485	2.38048911	2.08361602	1.84010243	1.69885457	1.55233252	1.38991237	1.26710916	1.16009068	1.07309854	0.995920897	0.924704432	0.884412050	0.850312173	0.804005146	0.749425232	0.710746348	0.671616912	0.637117028	0.619311988	0.604113400	0.572244763	0.550509930	0.527466238	0.502664208	0.487665385	0.475778133	0.463407636	0.454039484	0.442304611	0.428654999	0.422699124	0.405063301	0.393111557	0.371750295	0.347899765	0.319367826
-17.0000000	0.293777138	0.267951906	0.245890602	0.226330876	0.200362474	0.181479380	0.167724341	0.165202603	0.179576740	0.215605959	0.284708560	0.501142263	1.20560849	2.99398184	4.02598047	4.14096785	4.59924269	5.22794533	5.30070829	5.04890156	5.03479862	5.20135450	5.20301294	5.04286337	4.84887457	4.85982752	4.99403763	5.04309368	4.68606138	5.05931473	5.55393124	5.79729605	5.26356792	5.17160749	5.58071375	6.16089392	7.22946262	7.28693771	7.04384518	6.73191118	6.70190287	7.02781582	7.67657375	8.81528950	10.1074638	11.7478733	11.9740124	11.6428699	11.2614794	11.3422928	9.90068817	8.47534561	8.18505287	7.93483114	7.62801409	7.61866617	7.61353540	7.29269409	7.09649563	7.10947990	6.77162075	6.40354013	6.20095301	6.04625082	5.86230516	5.77244997	5.69121122	5.55587578	5.53284597	5.68934107	5.72876883	5.75117254	5.69776297	5.67716599	5.49721241	5.50528240	5.40845823	5.40525532	5.44572592	5.40970182	5.34138441	5.40452051	5.32466364	5.26787663	5.16847992	5.00004196	4.81533098	4.70569801	4.43694830	4.03839397	3.75810528	3.73000169	3.58732033	3.40172958	3.26287365	3.14275217	3.06236148	2.96218705	2.88628745	2.88026738	2.87544656	2.90116549	2.90724230	2.77674913	2.61508512	2.49626946	2.52011895	2.52369928	2.41897035	2.41923833	2.44748068	2.49583435	2.61667252	2.74337387	3.01555562	3.26800060	3.32472014	3.48724365	3.72043800	4.05219936	4.19547081	4.54801607	5.16277695	5.66025639	5.97247314	6.22598362	6.31821537	6.27733040	6.07335520	5.91325045	6.00388336	5.94629383	5.96246433	5.98802185	5.99637699	6.07170630	6.01635695	6.16696024	6.30125237	6.55760288	7.15560246	7.22598362	7.18714285	7.23458529	7.32691431	7.81837893	9.10425854	9.05916500	8.26335907	8.07966328	7.97638607	7.88963127	8.02429771	8.08161163	8.07611275	8.22999668	8.30188847	8.35735130	8.54084873	8.60003853	8.67005157	8.67726517	8.78365707	8.81332493	9.01972294	9.24278259	9.40582848	9.54550552	9.30300236	9.34298134	9.46401978	9.62242508	9.83409214	9.86206627	9.92646217	9.93207264	10.1399889	10.3823738	10.9445305	10.7330875	10.4240980	10.5377254	10.6556244	10.8124437	10.8674545	10.6104965	10.5426044	10.6611900	10.6673279	10.6741896	10.8418922	10.8720760	10.7384815	10.5574617	10.3744488	10.0898743	9.85649300	9.71150398	9.49819565	9.40762424	9.40283108	9.37143612	9.22618771	9.11372471	8.96431923	8.73903179	8.60327625	8.49712086	8.21811962	7.93066216	7.95235300	7.74999809	7.49211884	7.23123550	6.94825649	6.72768927	6.45182943	6.32002306	6.18126822	5.98412180	5.77682924	5.56626272	5.40910959	5.20552969	5.06688595	4.87495422	4.63271379	4.34855747	4.03484440	3.67647886	3.47208929	3.30073714	3.06439900	2.86906242	2.70173502	2.49804282	2.33560205	2.18699956	2.04850745	1.89104760	1.70460331	1.58357596	1.50495195	1.37369454	1.24976540	1.15270817	1.06889892	0.997883201	0.969038904	0.904303372	0.832691848	0.805089891	0.757704735	0.703016698	0.673451602	0.645747960	0.593967378	0.576941192	0.563158393	0.534010828	0.508246064	0.492395937	0.468214720	0.456190974	0.442090631	0.426020503	0.413172811	0.397100180	0.376511693	0.353828102	0.322551429	0.315888107	0.317183793	0.305595815	0.273137897	0.248020336	0.222399488	0.209442347	0.207492501	0.198702067	0.182591438	0.173750803	0.176407620	0.163170189	0.145309880	0.220364287	0.383428186	1.06534696	2.69239783	5.09833908	8.33214474	7.96214914	9.21009827	11.4283237	13.0065413	8.61210251	5.23944521	4.50240660	4.74682665	4.77798033	5.03133583	5.31370211	5.56262589	5.78717852	5.81486559	6.35582590	7.10642052	7.47225475	7.57122374	7.49166059	6.95485783	6.77021694	6.59479380	6.07213593	5.31720829	5.01172733	4.72899246	4.33539200	3.87164998	3.72492099	3.54043102	3.22165513	3.12200570	2.88620973	2.47707224	2.17537785	1.98807800	1.79475045	1.59962535	1.46593857	1.35557425	1.22258258	1.13443017	1.04643679	0.962234080	0.916947901	0.896242201	0.854340017	0.805936456	0.769646049	0.721426487	0.672202349	0.647669256	0.620191097	0.589176834	0.568261862	0.545887291	0.521224618	0.505192041	0.488968879	0.472994745	0.456662536	0.445458025	0.432310134	0.422080725	0.411162674	0.397568733	0.375794768	0.349338859	0.325560808
-18.0000000	0.300884128	0.276509821	0.252659291	0.231065899	0.203042001	0.178831145	0.162916243	0.156986430	0.165798768	0.185378492	0.233845234	0.397428185	0.891321301	2.38250804	3.53448510	3.61258245	4.01393700	4.52844381	4.76785183	4.75802326	4.73711538	4.74179697	4.77276516	4.67409897	4.46573734	4.35542822	4.45777559	4.27051592	4.25593472	4.50642347	4.85772943	5.24591208	5.54467773	6.35822392	5.94709492	5.86726904	6.43154383	6.61225224	6.54045820	6.54488468	6.43803120	6.63820648	7.45912600	8.60860348	9.62476730	11.6730242	12.6764708	12.0429468	11.4903364	11.4956141	9.11601734	8.02070713	7.75164890	7.37052107	7.30010891	7.28257990	7.26833534	7.02324772	6.72256613	6.56003428	6.25457764	5.97821903	5.67873287	5.47640467	5.28849745	5.26145315	5.13022566	5.01015711	5.01752377	4.95593166	4.95273161	5.12480307	4.91222429	4.92031813	4.82360983	4.75278521	4.61702204	4.52142859	4.52960062	4.59080982	4.57627726	4.54442120	4.47188473	4.46119118	4.36650133	4.23905611	4.02592802	3.84706092	3.56700706	3.18513179	2.84611607	2.72443199	2.60740256	2.48210168	2.41683483	2.35499883	2.31941009	2.31865883	2.27037907	2.28955030	2.28618550	2.32148719	2.30678415	2.24555993	2.21063304	2.18204379	2.18453979	2.08114004	2.06868505	2.01818514	2.04230785	2.11673689	2.29992127	2.46480799	2.62782383	2.78749156	3.00120282	3.14739919	3.24432659	3.50647736	3.78414798	4.17199278	4.68803835	5.17417812	5.19768095	5.31724167	5.39079905	5.42486477	5.40520811	5.35430384	5.31651926	5.23982573	5.23827124	5.11118126	5.17753506	5.11459827	5.12366676	5.27061844	5.39993000	5.49823856	5.78096437	6.01991606	6.11143351	6.12615061	6.26060772	6.59293127	8.17845726	8.08866024	7.53631020	7.48063231	7.24274302	7.09327555	7.09400272	7.14026356	7.27869368	7.36431599	7.50007343	7.71043396	7.86969805	7.82962179	7.81195641	7.97683287	8.04831600	8.08486652	8.27987766	8.51592064	8.55976486	8.70690823	8.51071358	8.67350674	8.79997826	8.91281033	9.15012836	9.08276176	9.15143108	9.20767403	9.39951897	9.72172451	10.2287226	9.88453674	10.1194057	10.2182436	10.2610712	10.3294096	10.3057842	10.1761799	9.98833084	10.0230789	10.0351992	10.1155205	10.2103148	10.3831310	10.5288744	10.3390093	10.1179600	10.0431252	9.72792244	9.53114414	9.45197201	9.34140015	9.26509857	9.17701340	9.14328671	9.07244110	8.87962532	8.77654266	8.76281548	8.70658112	8.50113201	8.31108856	7.99558163	7.81932783	7.75651884	7.50774240	7.30414295	7.02316713	6.82728386	6.50601196	6.30910587	6.15835714	5.95799685	5.70380878	5.52437449	5.36492348	5.28066111	5.03148365	4.79387569	4.56951809	4.26862860	3.93145657	3.73105764	3.54126573	3.33269382	3.18525147	3.07230759	2.81003737	2.61827421	2.46086526	2.26294947	2.07720613	1.93091059	1.79451942	1.66873097	1.51961935	1.39649773	1.28085840	1.19760263	1.12529218	1.07000101	0.989567161	0.926430523	0.890652716	0.837321222	0.780113459	0.756311774	0.711551368	0.650137484	0.639538586	0.619642973	0.578960061	0.557346523	0.535245895	0.505465209	0.487668216	0.469157964	0.447007209	0.436017841	0.426186949	0.391328365	0.365527034	0.337617993	0.334733546	0.336227179	0.330687016	0.290150732	0.252650708	0.222173557	0.200433016	0.185157046	0.178925171	0.173384830	0.163977876	0.156752393	0.159604326	0.152068704	0.166104332	0.176723644	0.195301622	0.512333870	1.49802673	4.02562666	7.04780054	7.08453894	8.12108326	10.1422415	10.3293829	6.82971382	4.10395765	3.95816994	4.35699797	4.55658007	5.08736134	5.35721684	5.33929014	5.54592371	6.01738548	6.75350571	7.56087685	7.46507311	7.31483030	6.66941214	6.41185188	6.36440659	6.40209246	5.80752325	5.31027412	5.18432093	4.72656441	4.17185450	3.93983006	3.60361600	3.19114065	3.04844928	2.88972950	2.56682658	2.28041482	2.11959887	1.89929461	1.68953300	1.57840586	1.47170770	1.31350744	1.22563565	1.13324869	1.03255689	0.976413965	0.940930367	0.901315749	0.857567370	0.817704558	0.772868037	0.725854099	0.690194666	0.656928539	0.629171908	0.602454484	0.577029109	0.557157457	0.536133111	0.516841590	0.499000132	0.476207316	0.456665367	0.443175256	0.429268271	0.416653752	0.400765002	0.376512289	0.348374099	0.328140616
-19.0000000	0.309275150	0.286320150	0.261244029	0.237831816	0.211631522	0.185884535	0.167436391	0.160403192	0.158241838	0.160420269	0.178385824	0.248427123	0.495997429	1.17464316	2.39559174	3.16164660	3.73185611	4.23617887	4.54631567	4.48236895	4.40225124	4.36374378	4.29291916	4.25524616	4.11739159	4.03460455	4.04387856	4.04394817	4.06870079	4.18035316	4.25230360	4.51264620	5.11361265	6.03497171	6.06600189	5.92042589	6.14617682	6.32513523	5.98388481	5.79551363	5.83628988	6.13852692	7.07564974	8.11355591	8.61253357	9.95644951	11.9451733	11.5223398	12.1929197	10.6587114	8.13453960	7.57173491	7.37901783	6.96682453	6.90777302	6.91992331	6.82647133	6.56755686	6.40361786	6.13761950	5.82603168	5.56023407	5.25444365	5.02856874	4.89288378	4.83702993	4.66376305	4.53897572	4.44252110	4.34147453	4.32631969	4.42258739	4.28235245	4.22350454	4.25093079	4.15388870	4.04313326	3.86772871	3.82223582	3.97364688	3.96089315	3.92795324	3.84687710	3.83632350	3.69052720	3.56810379	3.39886117	3.19394708	2.93549705	2.58387208	2.34720588	2.20064640	2.03703976	1.92281938	1.87295711	1.84729016	1.81784534	1.86162245	1.86009741	1.87468314	1.85490668	1.84424663	1.81404197	1.84234202	1.79182529	1.85953856	1.83320057	1.80338562	1.90347934	1.74587333	1.81301296	1.93774498	2.11585236	2.35622621	2.47238636	2.54322648	2.67937922	2.84557343	3.02147460	3.32686448	3.69052768	4.05138493	4.39483166	4.56197119	4.57642746	4.61682940	4.62907219	4.68802404	4.65736771	4.57636642	4.64178610	4.52194262	4.48419619	4.52783203	4.46408415	4.45104933	4.37434530	4.44554377	4.57337666	4.73253059	5.07693911	5.28656435	5.34107351	5.33025885	5.46420956	5.43846178	6.45390177	6.54088354	6.31205034	6.47671843	6.53408194	6.42874098	6.40041542	6.37957525	6.32777548	6.39341974	6.70564890	6.90239954	7.13582325	7.32073450	7.26114655	7.42667961	7.51531696	7.48256922	7.67454767	7.76820326	7.77854824	7.86359167	7.79560900	7.67730284	7.87985802	7.96226215	8.06227970	8.09597397	8.19582272	8.43285084	8.44110680	8.43961906	8.42423248	9.02337456	9.18792248	9.43818665	9.45366573	9.52079582	9.57437706	9.59183216	9.33026791	9.28094196	9.31916523	9.27976036	9.30445671	9.51130486	9.68534565	9.65854454	9.55626488	9.56501961	9.48605728	9.31526184	9.14024639	9.12409306	9.03869629	8.87505817	8.81749439	8.71694374	8.63942146	8.72019577	8.77686501	8.73637104	8.65410805	8.53384209	8.25989819	8.01410389	7.94689274	7.65025520	7.36280823	7.10977650	7.00583410	6.75531816	6.57501650	6.42982244	6.24038744	6.01514435	5.83077955	5.66484737	5.42393017	5.22362185	5.03609991	4.77233076	4.45603561	4.15379858	3.92355227	3.69252753	3.52262330	3.39662743	3.25547743	3.07571888	2.92596269	2.74404287	2.50256443	2.33042908	2.20674372	2.02199602	1.88760936	1.74772286	1.60979223	1.47690320	1.38258851	1.29393947	1.20282304	1.11931086	1.05679452	1.01068425	0.960573435	0.910835564	0.876811266	0.809485376	0.742010891	0.715612054	0.680613279	0.635633767	0.610414624	0.576231658	0.540744126	0.522734880	0.504026413	0.473808289	0.459808201	0.448139042	0.409933656	0.382255524	0.357023239	0.348434567	0.337649971	0.330425292	0.291999578	0.253579140	0.227085978	0.210143253	0.191357642	0.180119097	0.172067523	0.159219474	0.144695446	0.137470126	0.138462320	0.138525233	0.146456227	0.140641123	0.186259761	0.413989216	1.40162599	4.78365850	6.04917860	6.63142490	8.44483852	9.96888447	7.59308147	4.46480036	3.71458316	3.98820996	4.05554581	4.47109652	4.85490990	5.08034992	5.33653164	6.00588894	6.52285576	6.86068964	6.79773569	6.57626057	6.33938932	6.38701820	6.71532297	6.82203579	6.40848923	5.68724680	5.43023920	4.97560644	4.52322197	4.26036787	3.76210546	3.25625467	3.04351115	3.02037239	2.76845002	2.46051478	2.27308249	2.06716442	1.86318636	1.73931313	1.61251318	1.46324694	1.37127280	1.28053677	1.17599082	1.10689342	1.05570149	0.999125481	0.949869633	0.901294470	0.843155324	0.795179307	0.759334087	0.716500282	0.689653575	0.663594246	0.632659554	0.609847784	0.582897842	0.550953209	0.523504913	0.501781344	0.471713275	0.454255044	0.438608795	0.419751227	0.401359081	0.383141905	0.359075606	0.332215041
-20.0000000	0.316938132	0.294015884	0.269417912	0.244021013	0.216326594	0.190619692	0.172758400	0.160762712	0.154406935	0.148770645	0.149662241	0.177082688	0.266653687	0.534855843	1.30418766	2.53779340	3.68187690	4.30424356	4.40076590	4.20055532	4.02821159	3.92716217	3.79352999	3.75662041	3.65385127	3.54144621	3.45726228	3.48307848	3.69528294	3.92453289	4.28674841	4.66691828	5.08838797	6.02346277	5.19716597	5.10900640	5.67840862	5.66632605	5.31126547	5.37659264	5.43964052	5.70487213	6.49191141	7.41805696	7.46882153	8.37956524	10.1539755	11.1429911	12.2947483	10.2416315	7.53762341	7.02463531	6.74681520	6.54777765	6.47674465	6.45409203	6.42215490	6.18297625	6.07670164	5.82531786	5.53384256	5.24109411	4.91542864	4.71466494	4.58068419	4.39524269	4.23352337	4.09048748	3.99001718	3.85350657	3.79674268	3.78193951	3.64517951	3.57656479	3.50549793	3.47019529	3.33883357	3.26551461	3.26759410	3.37171841	3.33572888	3.33000064	3.30873942	3.30512381	3.15586257	3.04438066	2.90801024	2.70816493	2.45779419	2.19745064	2.03780127	1.92010152	1.76036048	1.65086877	1.62166846	1.57531106	1.50714016	1.49172843	1.48232615	1.48631370	1.48875940	1.45363891	1.46981657	1.46673322	1.43813086	1.41904593	1.52822626	1.74677479	1.72136772	1.56910110	1.65947127	1.75276124	1.88580453	2.13331604	2.27755809	2.34307218	2.48781991	2.68871975	2.96496224	3.17999935	3.57957578	3.90432715	3.95463991	3.91904211	3.90996671	3.94098043	3.94831586	3.96615291	3.91714478	3.84989047	3.80021572	3.85900879	3.82914805	3.90920615	3.80092764	3.86640477	3.82412338	3.79465842	3.88595653	4.10904837	4.38747597	4.43652868	4.46312904	4.39696598	4.60197926	4.78473616	5.03053951	5.07138443	5.02152252	5.44372511	5.81069136	5.85271502	5.79423094	5.70987892	5.47664547	5.52761078	5.77129745	6.01413298	6.23817205	6.39717913	6.68202877	6.81534481	6.92896318	7.06496954	7.12628603	7.30942202	7.19014263	7.10720873	7.01212025	6.92873335	7.06223583	7.08083868	7.23513603	7.24805403	7.24117231	7.35295630	7.51390600	7.55623102	7.74044704	8.14035034	8.25470448	8.35607147	8.53432560	8.68175888	8.78902626	8.64494610	8.64725971	8.58613777	8.58624744	8.50768089	8.49752235	8.61966324	8.66954899	8.75625324	8.82614040	8.85366535	8.89946175	8.87181950	8.83483410	8.69710350	8.60595322	8.51715660	8.36424255	8.32167435	8.39031124	8.47766972	8.55127811	8.62274170	8.57654858	8.49955654	8.35843754	8.20164871	8.03005791	7.77871799	7.49987030	7.28927612	7.22174835	7.09255791	6.85270214	6.63039541	6.50465870	6.30555773	6.12899494	5.87402582	5.66703796	5.45147371	5.23686934	4.94476986	4.64752960	4.36841822	4.13495684	3.91268349	3.75721669	3.60717487	3.44508457	3.28357005	3.16921496	2.99865055	2.79701829	2.64380550	2.48034167	2.27092576	2.13918662	2.02639866	1.84529388	1.69387782	1.59436440	1.48511422	1.37989068	1.29046714	1.19787848	1.11906874	1.06291139	1.00080407	0.940458536	0.876707256	0.822170556	0.793892860	0.743687034	0.702421069	0.667447567	0.624516666	0.582923591	0.559915543	0.537107170	0.505689502	0.487394214	0.472464323	0.436144292	0.404990971	0.369719952	0.352045178	0.339003325	0.327190727	0.293721378	0.260032028	0.234647706	0.220423758	0.205268681	0.189553991	0.173275948	0.154940665	0.142920062	0.137372106	0.135996908	0.131334290	0.129070714	0.126411915	0.140940040	0.219724536	0.679923832	3.30808258	5.28583622	6.31118822	7.74374723	10.7094107	8.46104145	5.10903072	3.80383754	3.85113716	3.88505530	4.22616768	4.63270903	5.07047796	5.21200514	5.67655897	6.02234983	6.03010511	6.03730488	6.00143814	6.14827156	6.21628714	6.39855766	6.96386766	6.60321379	6.40825653	6.01160717	5.47786713	5.13702202	4.77605820	3.78547025	3.46231055	3.35049629	3.26070833	2.98725247	2.68212223	2.45001507	2.23970079	2.05462766	1.92389297	1.79148066	1.65300477	1.56815779	1.46007955	1.36128199	1.28756428	1.21919513	1.13468802	1.07677865	1.00650132	0.946361363	0.906095624	0.855046213	0.794906378	0.760611236	0.727082551	0.681102991	0.656581819	0.623891175	0.577421844	0.547938883	0.522460818	0.487826735	0.462376595	0.449164361	0.426945388	0.401826352	0.387526006	0.366814762	0.341411769
-21.0000000	0.329815477	0.303237885	0.276339233	0.252141714	0.224010378	0.197423831	0.180502772	0.165843517	0.157192066	0.148424014	0.147262409	0.154115289	0.188105643	0.314516485	0.613639474	1.76902711	3.27035737	4.11967754	4.15656900	4.00598621	3.74773335	3.56223583	3.47538066	3.45084095	3.30603218	3.18236661	3.08222628	3.06683779	3.08515501	3.33965039	3.78090882	4.12361717	4.35436058	4.49407959	4.46332693	4.46950626	4.89532566	4.92884398	4.78252506	5.05482388	5.18608522	5.31675720	5.84966135	6.63896990	6.93057537	7.93440151	8.12972355	9.56335735	10.4232607	8.82540131	7.16094303	6.40529871	6.09746027	6.01900005	5.92857265	5.66078043	6.23690128	5.86892414	5.66384125	5.44013309	5.18260384	4.97838449	4.67580938	4.45991850	4.37651014	4.17168808	3.90846086	3.79675460	3.75090313	3.58339691	3.47624254	3.39855528	3.17472076	3.10782051	3.01494050	2.99660254	2.90298057	2.86396313	2.86836004	2.82847190	2.78834105	2.77800131	2.76679850	2.74000621	2.66520524	2.59455156	2.51605392	2.37513804	2.14914680	1.96822441	1.76348722	1.71691918	1.60049605	1.46868396	1.41720796	1.35172307	1.27311635	1.22614098	1.19542456	1.18160403	1.18934691	1.21598566	1.23996472	1.23039973	1.17069876	1.16183197	1.25211811	1.33527040	1.30928326	1.31097007	1.38235927	1.48805130	1.74720597	1.94359660	2.06811857	2.15726709	2.45337486	2.92698598	3.18028545	3.35432148	3.54659152	3.59630251	3.51819444	3.44226289	3.36531329	3.33003712	3.37523699	3.42099476	3.41646194	3.26577425	3.22832894	3.29601932	3.35556602	3.31331539	3.25142598	3.33705378	3.27330685	3.25642920	3.37844157	3.48253226	3.60508680	3.70145917	3.82071209	3.71357656	3.62760282	3.78205490	3.99037671	4.06461334	4.24110556	4.70544434	5.22661924	5.51994514	5.29598665	5.14802694	4.95643997	4.87377691	4.99828434	5.15159750	5.25185013	5.42093039	5.74509859	5.97598314	6.15103149	6.30016994	6.47459936	6.77728462	6.77704144	6.50209045	6.44026661	6.38394213	6.29664850	6.30750608	6.44554424	6.50606537	6.48938417	6.63431120	6.77599049	6.92634630	6.96772575	7.03351164	7.16728449	7.43190718	7.67401505	7.86245918	7.87977505	7.80663013	7.83810329	7.84314823	7.85658789	7.88477182	7.92495632	7.91710472	7.91474342	7.94770479	8.11821938	8.33434391	8.41395569	8.47978210	8.47562218	8.34695721	8.33958244	8.35541534	8.29927444	8.18718243	8.20140934	8.18008423	8.16612911	8.23913956	8.29497814	8.31536198	8.21313095	8.18664932	8.03978443	7.97820139	7.71173763	7.51133060	7.52707958	7.37105894	7.17660904	6.85077667	6.72171688	6.49643087	6.18214226	6.05093575	5.84273100	5.68131161	5.41773987	5.12810421	4.91668081	4.64720583	4.35512972	4.19282007	4.00557852	3.76427531	3.60540462	3.48404527	3.37589216	3.23056269	3.08309531	2.92761230	2.71402812	2.52652764	2.42135692	2.30473685	2.10626388	1.96813500	1.88180065	1.74840987	1.61438441	1.49463797	1.36153245	1.25972354	1.19719589	1.12771082	1.03592193	0.962070942	0.889116168	0.838610291	0.797413588	0.773739636	0.732943773	0.679745913	0.641129613	0.609587610	0.576109052	0.550646663	0.524323285	0.490885019	0.453555435	0.421682209	0.380205244	0.362212986	0.349450976	0.325904816	0.297168404	0.271000952	0.249401733	0.234142780	0.222014174	0.201889470	0.175927818	0.150734589	0.143911138	0.144474417	0.144626036	0.134040847	0.123455137	0.109480873	0.105689712	0.151115358	0.477697790	3.13300490	5.32383728	6.76772976	8.96765423	12.0285006	8.52326012	5.23801041	3.90806913	3.88903093	3.79384184	4.12417412	4.42027807	4.95665979	5.21287346	5.59410334	5.81328917	5.99388266	5.81135178	5.92764950	6.08331203	6.21820068	6.22546053	6.67872953	6.91680098	7.28300762	6.90646696	6.20763779	5.13306332	3.94933319	3.44202805	3.58935380	3.74361753	3.54989147	3.24373269	2.95158100	2.74040508	2.48643064	2.32322955	2.17418599	2.01335740	1.88542032	1.79518390	1.65345657	1.54383564	1.47737038	1.38396835	1.29528677	1.23005664	1.15102398	1.07182884	1.02593017	0.967717886	0.893994629	0.853696048	0.812656879	0.747419536	0.706526399	0.670618832	0.619026899	0.583706200	0.553051353	0.516747475	0.488033950	0.469441682	0.443653375	0.419652671	0.401178777	0.379201770	0.355708688
-22.0000000	0.351229668	0.321458310	0.295153707	0.268769234	0.238328785	0.208847776	0.187355384	0.171938270	0.160537675	0.149886563	0.144399911	0.150458619	0.158976451	0.220027983	0.409074515	1.04150784	2.58007216	3.68225479	3.97612810	3.70165873	3.49777627	3.36914968	3.21009755	3.12418580	3.11158562	3.04970622	2.96567512	2.86901855	2.73805571	2.79111767	2.98490071	3.43041754	3.60123372	3.52175856	3.69648385	3.98412180	4.21359730	4.14194822	4.16068077	4.56072521	4.70503378	4.75687790	5.09208488	5.63788939	6.25722742	7.07262421	6.95371485	8.71396637	8.52499771	7.58683443	6.62440062	6.03986073	5.68939924	5.49355364	5.56731033	5.38962555	5.45786428	5.43799448	5.23589516	4.95147371	4.80370378	4.69961309	4.49826765	4.32465172	4.20516968	3.98105931	3.74289083	3.65206623	3.59990382	3.44526052	3.33891010	3.17816448	2.94857669	2.79366350	2.68567181	2.60876179	2.61245561	2.65542030	2.62345624	2.52129817	2.47025633	2.42229748	2.41733479	2.38488531	2.37960434	2.32276750	2.22953129	2.09939432	1.98400927	1.76544809	1.60432363	1.54194057	1.45098281	1.34208202	1.24806321	1.18566501	1.12550187	1.08404899	1.02911496	1.00457489	1.00050795	1.04921484	1.10426867	1.04247856	0.991245151	1.00937247	1.06343806	1.08516145	1.07885885	1.07330263	1.11290443	1.20274425	1.39645374	1.68497872	1.80806351	2.19795561	2.60133910	3.03085160	3.32397747	3.38408756	3.29146934	3.11868382	3.06140637	2.95747280	2.93688011	2.95662713	2.85194755	2.92936468	2.99801373	2.93111706	2.84245729	2.93363833	2.97025394	2.87985468	2.83137608	2.92889786	2.80413795	2.81596208	2.91554117	3.01130104	3.04689670	3.13823414	3.19841647	3.17433643	3.16743708	3.22049069	3.40599608	3.42996693	3.70290065	4.27194834	4.68699455	5.09327841	4.97723675	4.74645519	4.53467417	4.36937332	4.38463831	4.50364017	4.63841438	4.78821993	4.99331951	5.12585115	5.23238373	5.31857824	5.44030809	5.69400024	5.91902590	5.98048449	5.95899105	5.90018654	5.78391886	5.81001949	5.92553711	6.01389503	6.05143213	6.06210899	6.21570587	6.42083216	6.37347174	6.40330935	6.50233221	6.67976522	6.80545044	6.88657951	6.90288401	6.90362358	7.00283957	7.05059958	7.10521889	7.13727522	7.21158409	7.31336689	7.29895496	7.35742569	7.49653435	7.73939848	7.82457256	7.96820784	7.94068766	7.88789558	7.83796167	7.84739447	7.67218447	7.71817732	7.63859320	7.66100407	7.72134686	7.71469069	7.78998804	7.75820065	7.80952740	7.84565163	7.81512642	7.76779509	7.70966148	7.61859655	7.57327032	7.55495119	7.28628302	7.10176039	6.93131351	6.69402885	6.40047884	6.13345003	5.94674158	5.73870897	5.52825212	5.34265566	5.16435385	4.93911266	4.66128349	4.46804047	4.25814247	4.03458023	3.81527805	3.66947699	3.53712153	3.42319083	3.29417396	3.13879895	2.91267347	2.76405859	2.68401217	2.56295133	2.38576174	2.27440882	2.15643501	1.99934566	1.85604119	1.73918784	1.58668160	1.47377849	1.40011418	1.30780089	1.18525589	1.10135591	1.00201654	0.925973356	0.872147441	0.844502032	0.785061598	0.729009688	0.699647307	0.662846684	0.616346955	0.591909766	0.560293794	0.509511650	0.479900837	0.455334783	0.414167911	0.392324626	0.371580213	0.334792167	0.304411501	0.280430406	0.260956287	0.251034468	0.246178985	0.225311801	0.192027420	0.160706043	0.150492147	0.148942426	0.148417100	0.138015181	0.128024250	0.102286167	9.79396850E-02	0.147904828	0.419091046	3.11862493	4.96450090	6.97738600	9.96360111	13.5572634	8.43674946	4.86004639	3.92769241	3.94198012	3.84087920	4.12842321	4.30467749	4.64524698	5.22973728	5.54408598	5.70170832	5.80310249	5.78261614	5.83691502	5.98542976	6.03003311	6.32315397	6.64384174	8.04822063	8.12243843	7.29138708	6.16179180	4.81575632	3.64115667	3.45561337	3.77427387	4.10738230	3.89635992	3.53662348	3.30223966	3.04007864	2.76793051	2.62684703	2.47750664	2.27636409	2.12609601	2.01483250	1.89505458	1.78799558	1.70139694	1.59212720	1.47714221	1.40139008	1.32236660	1.24031067	1.18051720	1.10420561	1.01949275	0.957809269	0.913069844	0.844945908	0.781637490	0.733585477	0.682551742	0.632622957	0.594114184	0.561030090	0.533030629	0.502170801	0.476626873	0.451058447	0.424890488	0.396882027	0.374901533
-23.0000000	0.370014191	0.339930117	0.311664045	0.286254942	0.253560215	0.223617271	0.197761655	0.181289390	0.167128876	0.151630253	0.141846851	0.148385704	0.156076387	0.171118796	0.243913591	0.667197645	1.89295173	3.10570574	3.19080305	3.11444950	3.12712264	3.08701348	3.09537959	3.02583313	3.04075646	2.99645114	2.88170505	2.71524072	2.52695394	2.53350568	3.04466796	3.04675913	2.95149970	2.92440176	3.20798898	3.56114674	3.68354893	3.52152228	3.49957204	3.81881332	4.05886841	4.14294624	4.11819887	4.45082998	5.41688204	6.38361740	6.45588064	8.23704052	7.97770929	7.01963377	6.05533028	5.56259489	5.27436781	5.08917046	5.07679558	4.94555902	4.79914236	4.98177433	4.94858074	4.71446371	4.55699968	4.47446346	4.27937794	4.14496231	4.05788803	3.91002536	3.70741463	3.58499479	3.43893099	3.33502150	3.16746497	2.89615917	2.64685917	2.49587226	2.41230965	2.40335894	2.46948075	2.49333525	2.42394662	2.29201007	2.19231701	2.13729787	2.06961632	2.13332987	2.14598656	2.08004642	1.99844587	1.86262918	1.76608765	1.63360703	1.54147947	1.47758174	1.38880074	1.28983188	1.17664945	1.07049453	1.01153302	0.985060692	0.928374827	0.919719636	0.925215423	0.944812834	0.935645342	0.898455679	0.839269578	0.873820245	0.967311859	1.02807236	0.925997019	0.908951581	0.895588100	0.954782426	1.11139047	1.31553888	1.63645315	2.21112657	2.53935885	2.67291284	2.90969920	2.95163298	2.89454126	2.77332640	2.70067167	2.60472059	2.56052756	2.52901077	2.45046043	2.48603344	2.56781220	2.55454707	2.52519035	2.53438401	2.51060724	2.45688438	2.53196955	2.53634858	2.43709683	2.38204646	2.44690061	2.48459148	2.44097042	2.54840088	2.66603017	2.71848154	2.76625705	2.79876542	2.92233682	2.99607491	3.19119501	3.49926925	3.95338964	4.55702448	4.70481730	4.49628115	4.16776371	3.92389274	3.91903830	4.05270386	4.21320868	4.32352781	4.40328741	4.46005201	4.57059288	4.65870905	4.78185081	4.88226938	5.05010271	5.24893904	5.37010098	5.32983351	5.28920364	5.32788229	5.41456032	5.57410526	5.64250565	5.66848993	5.76747751	5.77570343	5.78503609	5.73387003	5.73176575	5.84511805	5.96463490	6.03584433	6.04271841	6.08077812	6.13808823	6.23084879	6.35253382	6.47950172	6.68456793	6.91513538	6.92007017	6.85932541	6.95004129	7.06477356	7.15405703	7.24479532	7.19606066	7.21398926	7.25046253	7.36022949	7.31410885	7.15145016	7.11133814	7.12480068	7.22779036	7.22608185	7.34970570	7.32169771	7.36391258	7.36492634	7.39643574	7.40539408	7.41487598	7.33469343	7.33408833	7.34345961	7.25044250	7.11248732	6.98675632	6.81417799	6.55889368	6.41722679	6.22274733	5.89890671	5.64379406	5.46111536	5.23281670	5.05612946	4.90114784	4.73305559	4.51984930	4.32410240	4.13531542	3.94544196	3.74835730	3.63424230	3.51811004	3.34745240	3.16438031	3.03262305	2.92579198	2.78196645	2.64972734	2.53376269	2.38091707	2.21665764	2.08560848	1.95885623	1.80623114	1.69576061	1.60129344	1.48177946	1.35438943	1.26478410	1.15219784	1.04213381	0.980153561	0.924818575	0.844923079	0.784919381	0.748375893	0.715339422	0.668173969	0.636005580	0.593987226	0.540631890	0.515553236	0.492163062	0.456596375	0.425808936	0.388350546	0.348032862	0.316001654	0.283407301	0.265278250	0.269038051	0.275676399	0.249404579	0.208793789	0.174960300	0.159323618	0.153766826	0.152888432	0.142115846	0.133456632	0.105831139	9.98347029E-02	0.138952583	0.365303934	2.65835071	4.11455250	6.01715612	9.77536678	14.2517672	7.12896347	4.47111511	3.97088504	3.89947295	3.87446594	4.12134647	4.26831388	4.42060900	4.92037153	5.17264605	5.35026169	5.52422667	5.80873966	5.86161184	6.16192341	6.36321878	6.44740677	6.72305775	7.83400345	7.85335493	5.85205317	4.33519554	3.57318425	3.39871883	3.60355043	4.13300419	4.37420845	4.17854738	3.98510933	3.71603608	3.38848996	3.09488130	2.91541600	2.81119990	2.59213376	2.40640306	2.26803446	2.14277983	2.02521324	1.93537366	1.81097662	1.67970705	1.58343577	1.49776936	1.40178084	1.31869936	1.23913550	1.14836395	1.06054795	0.987699509	0.916016102	0.843388677	0.787627697	0.738249779	0.685127378	0.633783817	0.601769805	0.575994134	0.536274254	0.499251574	0.475973815	0.444516867	0.418797612	0.398206979
-24.0000000	0.384532511	0.357098490	0.333733052	0.303840041	0.268883139	0.239500582	0.213208795	0.191770703	0.176303238	0.158826947	0.145104155	0.151299238	0.156599745	0.161160484	0.198507056	0.435025841	1.41160142	2.26865959	2.44443679	2.55508757	2.69016051	2.76372099	2.81026316	2.90757132	2.98947954	3.00966406	2.88227439	2.77040601	2.76730776	2.82281208	3.25286627	3.18640828	2.79912257	2.77839708	3.03613329	3.40113425	3.37282419	3.00662470	2.92835855	3.09582067	3.25971293	3.38819599	3.32158518	3.38518405	4.00670671	4.99109125	5.41527462	7.57509041	7.23065615	6.64597416	5.69302225	5.24509621	5.01458216	4.83462143	4.61112976	4.51486588	4.45658159	4.53073454	4.55694437	4.46470547	4.39761209	4.32546616	4.07110691	3.92074871	3.92082238	3.85133815	3.65502453	3.46410155	3.33940053	3.25913405	3.05263543	2.82256031	2.59044862	2.43584943	2.32469273	2.31944823	2.38583088	2.33330035	2.22795582	2.12045312	1.99326706	1.91494155	1.92345643	1.94138455	1.95441616	1.88103974	1.79729044	1.72010148	1.58444905	1.50393426	1.49200809	1.43026912	1.33758962	1.20951760	1.13930571	1.05802476	0.979080081	0.931910038	0.896058738	0.884971678	0.872005284	0.847695053	0.820844769	0.806765378	0.737745762	0.770867527	0.906793356	0.873771369	0.840659559	0.792065322	0.779357791	0.815288007	0.913323939	1.05487227	1.45459795	1.94488299	2.28602409	2.44945621	2.45154476	2.44341850	2.50075245	2.41327691	2.33607316	2.25410795	2.25515771	2.19815993	2.14181924	2.07288623	2.10723352	2.19491458	2.18277693	2.08516169	2.15834761	2.09110141	2.05417585	2.08870244	2.03482246	1.92381489	1.96108794	1.98733628	2.02041054	2.14932299	2.32450485	2.36525035	2.41485023	2.52765036	2.69699264	2.86972117	3.04575062	3.32326388	3.54735970	3.96763515	4.22050047	4.26978970	3.98250055	3.56041121	3.45651174	3.54605818	3.66698980	3.76290560	3.89159441	3.97695303	4.07984114	4.11941338	4.32634592	4.55764437	4.71932936	4.79688263	4.86020470	4.85406637	4.84545422	4.94346094	5.07113266	5.21768236	5.25065756	5.19127178	5.14372969	5.18554449	5.12722588	5.14308643	5.17273283	5.21408606	5.32255602	5.40760374	5.44776344	5.41324997	5.48400259	5.57761145	5.70302725	5.81946516	6.01580763	6.29122448	6.37810946	6.38760376	6.44859266	6.55309772	6.55577803	6.54976702	6.57290697	6.59344196	6.60206270	6.56284618	6.65449667	6.75653315	6.70672941	6.70216608	6.78555870	6.87793875	6.90256739	6.88619661	6.88613367	6.86228609	6.91130877	7.11657429	7.05633974	6.93533897	6.89006090	6.98149586	7.02196121	6.88543653	6.84290552	6.76043797	6.55989122	6.45697260	6.16444397	5.93755245	5.75891256	5.64657736	5.40235758	5.18136740	5.01507521	4.89718294	4.72409439	4.56151533	4.37145615	4.15856314	3.97685218	3.87539649	3.73312306	3.56577826	3.43843651	3.29086232	3.12467194	3.02735209	2.91715169	2.74901724	2.59542465	2.46559548	2.34382248	2.18730450	2.03229475	1.92615640	1.82641172	1.70041263	1.57258320	1.44372606	1.32355940	1.23187745	1.14762568	1.04947114	0.963586032	0.877166510	0.806852877	0.768349648	0.729900897	0.691350460	0.637833416	0.586993337	0.553345799	0.520948112	0.496075332	0.453102976	0.408879310	0.364725053	0.333589047	0.287493050	0.263658285	0.277217776	0.291281253	0.267706633	0.223924711	0.184515283	0.168683037	0.161673054	0.157626629	0.143227845	0.132044062	0.108826898	9.85962301E-02	0.141640931	0.334692895	2.19757867	3.51811433	5.51535654	9.86962509	10.8754644	6.12401772	4.34317112	3.89421868	3.82288361	3.73751783	4.09616423	4.22185421	4.34118128	4.76246071	5.00456429	5.13841629	5.76959229	6.14509487	6.63451624	6.81623554	6.94516230	7.26788282	6.81525755	5.90148926	4.83893108	3.88422275	3.32439041	3.26457620	3.62389398	4.02188253	4.48148537	4.67155218	4.61159897	4.42788315	4.14855289	3.82482100	3.54006696	3.28665733	3.07002735	2.87419057	2.67322946	2.54784656	2.45758319	2.32922220	2.18141818	2.04495716	1.91975272	1.78639984	1.68455398	1.57820308	1.46340561	1.36951876	1.29744327	1.20135224	1.10988510	1.03779972	0.948868334	0.860317349	0.815858662	0.754519701	0.685645342	0.640370727	0.609787107	0.564464808	0.528463185	0.497850239	0.463720709	0.437737584	0.420375288
-25.0000000	0.403108656	0.374680549	0.356937647	0.331464022	0.292450577	0.259642094	0.232387975	0.206374750	0.182251006	0.164582253	0.152204275	0.152446836	0.153657481	0.158666983	0.158970594	0.271606117	1.02589881	1.84958601	2.04042840	2.20243979	2.37679029	2.48512435	2.53855205	2.63522983	2.82704473	3.06949449	3.31008482	3.43304539	3.35177326	3.30364418	3.70025468	4.48137236	3.26738214	2.99566102	3.19710755	3.25917459	2.97948337	2.68072104	2.61323452	2.65658021	2.76627111	2.87376833	2.87543869	2.83965087	2.94118977	3.53320646	3.92515635	4.76953173	5.75212193	5.89912271	5.39795923	5.05179024	4.85668898	4.72373676	4.51483583	4.33455992	4.26470423	4.28228617	4.25804901	4.23717499	4.20457506	4.09335470	3.95095110	3.85571170	3.78214931	3.68635058	3.51989508	3.38277268	3.24717736	3.07156968	2.99470139	2.84631777	2.66975403	2.51411247	2.37401485	2.37434459	2.36465788	2.23160601	2.14063787	2.04716063	1.95826745	1.89418566	1.85645974	1.78306627	1.74825919	1.72508430	1.69489312	1.61735165	1.53711748	1.44598639	1.39451492	1.32971764	1.25140321	1.16103220	1.10707879	1.08340406	1.02480388	0.932097554	0.862541020	0.826126277	0.809413195	0.791753531	0.770002246	0.769917667	0.707290053	0.704244018	0.748737097	0.752481937	0.729243755	0.705797195	0.697990179	0.678575039	0.692047179	0.795702577	1.12983418	1.62432420	1.91125762	2.11490965	2.20072079	2.25137520	2.21896505	2.18229389	2.08796501	2.03314185	1.98249531	1.95613158	1.93962395	1.84208202	1.86262298	1.85429692	1.88100922	1.79765475	1.75991774	1.71639693	1.66622913	1.56616676	1.57672763	1.53539729	1.57153177	1.69199502	1.75687599	1.90956259	2.07203460	2.15991116	2.27261019	2.34690094	2.51802182	2.72126603	3.08630562	3.16457820	3.24998951	3.55301547	3.88444424	3.92418766	3.94117546	3.47561693	3.14752388	3.16637731	3.22358751	3.31381202	3.39639735	3.49041939	3.61062288	3.77159858	3.98963785	4.15537739	4.24866772	4.33581972	4.40516710	4.45782423	4.48571491	4.60111666	4.70764446	4.81751537	4.86009455	4.83913708	4.76767445	4.70303059	4.65512228	4.75227976	4.80628633	4.81283188	4.80172873	4.90216875	4.96181774	4.98652887	5.01647234	5.20434380	5.32999420	5.41795969	5.56378937	5.70357037	5.73804665	5.78928328	5.83626080	5.93697119	5.99613619	6.05434799	6.02616167	6.04806614	6.01071835	6.01174545	6.12952042	6.27237129	6.33353186	6.39021063	6.45539951	6.48498106	6.43370581	6.43117142	6.45265484	6.48624372	6.49452591	6.52134562	6.55140209	6.57564878	6.54104996	6.57566881	6.62245703	6.70023823	6.68988323	6.53511381	6.47206831	6.29142761	6.07221937	5.85374165	5.75919676	5.72537994	5.55856705	5.35504913	5.03078985	4.92426109	4.83349228	4.61066628	4.42507935	4.21294928	4.08899736	3.99200892	3.88630342	3.72217131	3.62563372	3.48939705	3.33511353	3.21005535	3.14013910	2.97016287	2.81181312	2.71224356	2.54738712	2.35900807	2.24627256	2.14296365	2.00234127	1.89695203	1.79746985	1.64011621	1.50032794	1.42460144	1.34204769	1.22782969	1.11017442	1.00665522	0.896799028	0.847554326	0.815476418	0.750516117	0.682551682	0.629072189	0.593675375	0.552814066	0.528791904	0.484200418	0.434538841	0.396492302	0.358016580	0.310152948	0.275173992	0.275211990	0.277562171	0.260054320	0.227896124	0.189439327	0.171824992	0.167864159	0.165046081	0.150012314	0.135299295	0.118356451	0.109798335	0.181824312	0.439227909	2.04114580	3.35668373	6.04170609	11.6862755	9.33975029	5.56501722	4.26528025	3.92595220	3.75547433	3.70332837	4.10213327	4.31755829	4.44451237	4.66763830	4.83494043	5.23910809	6.24189854	6.66591406	6.61007738	6.79852152	7.27649021	6.07256746	4.89145184	4.04772043	3.78621745	3.42776990	3.35728002	3.51853895	3.98140836	4.37010050	4.65737391	4.83293152	4.98327971	4.87569857	4.51339149	4.17735481	3.93692088	3.59421229	3.30575395	3.10287166	2.88813710	2.69724536	2.61382961	2.53643203	2.36624098	2.25030708	2.15643978	2.02386332	1.92334020	1.81376040	1.67194700	1.54731274	1.47841442	1.39365780	1.28421521	1.19871807	1.09636319	0.990467489	0.922620654	0.848824501	0.768476009	0.704048574	0.654331148	0.600269854	0.559370518	0.530360103	0.485820591	0.453979641	0.432496667
-26.0000000	0.423164219	0.393869340	0.374045461	0.356714815	0.319066226	0.282680899	0.251877695	0.221046358	0.193549350	0.173495024	0.158448040	0.154715821	0.149494290	0.155400783	0.174479797	0.168044031	0.719769001	1.40551126	1.64669394	1.88649356	2.07217813	2.21657181	2.37685990	2.62100530	2.91967034	3.20730329	3.80110717	4.12018251	4.19193697	4.15628719	4.52887440	5.25555754	3.90518618	3.18915796	3.04323649	2.78231192	2.52025485	2.31243110	2.31111670	2.36702228	2.40504074	2.50091887	2.52461219	2.59209657	2.57369256	2.70162010	2.97835016	3.81968975	4.84014654	5.29616261	5.17151070	4.97603273	4.81161404	4.61049747	4.31761169	4.09678698	4.02173615	3.96156025	3.88982058	3.86430883	3.79232001	3.67837286	3.63152194	3.60575342	3.54339838	3.42590857	3.31270814	3.22126460	3.08869600	2.93438888	2.84560800	2.75144410	2.63512111	2.48844624	2.32891345	2.23958087	2.25239086	2.17705607	2.09716988	2.01135707	1.95449710	1.85359931	1.76846647	1.66592824	1.61444592	1.60355115	1.57927918	1.50827849	1.47223008	1.37325990	1.26762402	1.18324625	1.14655840	1.08565700	1.03223825	1.00103462	0.986468136	0.926054716	0.841632962	0.782183349	0.725707352	0.699368775	0.687223911	0.667635322	0.653945982	0.654600322	0.665940821	0.650064945	0.632865787	0.648612559	0.639225841	0.603081405	0.574355066	0.635592580	0.880089104	1.41449106	1.73445165	1.91212714	2.00230193	2.06180191	2.04108286	1.89907646	1.84159195	1.81053472	1.76490736	1.71749496	1.69138670	1.62328911	1.63132715	1.64113462	1.60801983	1.57012403	1.55050397	1.48571777	1.40820849	1.36986804	1.35979152	1.32069206	1.37570572	1.46988928	1.58589113	1.67158580	1.82200730	1.96508706	2.09465885	2.15027690	2.30804515	2.54502821	2.69662881	2.84335542	2.88695955	3.07442188	3.53135920	4.05695772	4.01079559	3.50848150	3.04597187	2.92588592	2.96683407	3.03167343	3.05487585	3.12750769	3.22697330	3.41346145	3.63993096	3.86869001	3.95473123	4.02087355	4.06955385	4.07954454	4.13470554	4.27628946	4.38295937	4.42729855	4.51082039	4.48749685	4.37692261	4.38407803	4.39517069	4.43928194	4.50052118	4.40064383	4.36426067	4.40090609	4.46197081	4.51911879	4.56923723	4.72442436	4.88366365	4.95460749	5.09920406	5.08313131	5.06348658	5.08144760	5.10389423	5.25624037	5.34837055	5.36147308	5.45734501	5.52233601	5.51078367	5.49681711	5.54012299	5.64342165	5.72059631	5.87677908	5.99788046	6.03613234	5.97499037	5.98769617	6.07943153	6.05765295	6.10427856	6.05410576	6.03765488	6.03068066	6.07940817	6.08068228	6.09200001	6.21560431	6.27451372	6.17819929	6.10328293	5.96714401	5.77907705	5.67205620	5.64092445	5.61615562	5.58525372	5.38377094	5.18774891	4.98780537	4.76808405	4.58842659	4.41396284	4.27551460	4.17606640	4.10514593	4.04463148	3.86313629	3.72741747	3.56887293	3.45389462	3.38242555	3.28075409	3.14780045	3.03104997	2.92825651	2.77062607	2.61591363	2.50726604	2.37583780	2.18068147	2.09786773	1.99307716	1.83138835	1.72096074	1.64938211	1.50993550	1.36446917	1.26094794	1.14341009	1.02663410	0.960563123	0.906252027	0.810269415	0.727284610	0.678443789	0.636054158	0.592951179	0.575343609	0.531423867	0.470090419	0.431936145	0.381749123	0.327148378	0.294848412	0.281717002	0.265782118	0.248733684	0.221486494	0.189629465	0.178478435	0.176318556	0.173592746	0.157574520	0.138334498	0.126021236	0.138416201	0.231822580	0.615601301	1.85987151	3.47457790	7.55726814	12.2956543	9.05937004	5.35077286	4.18047285	3.96293426	3.90238500	3.82888484	4.15515995	4.28754902	4.44158125	4.57828236	4.86054754	5.29231310	5.73635054	6.28910160	6.50227499	6.79431248	7.10316801	5.06701374	4.02608871	3.66849709	3.56162310	3.64127731	3.81369305	4.00802040	4.30276394	4.61638403	4.93597555	5.07895660	5.17166805	5.13653946	4.85717392	4.61733294	4.36370277	4.02802992	3.68647289	3.45494390	3.14564919	2.85471487	2.75295162	2.66995072	2.51037288	2.37966132	2.29732275	2.17961359	2.06888199	1.98073816	1.83832920	1.71731949	1.66484392	1.56846499	1.45408916	1.36676860	1.28168309	1.16407442	1.08289707	0.993861020	0.879676402	0.791017890	0.733595014	0.668578923	0.611468136	0.573486924	0.528503060	0.485163242	0.458230376
-27.0000000	0.463724881	0.422820657	0.393571496	0.372464269	0.343915701	0.310949266	0.273795217	0.240358785	0.211400062	0.188111395	0.170621634	0.162335381	0.151512861	0.149198696	0.164343297	0.173077568	0.361712635	0.860296607	1.24777818	1.63898849	1.80196464	1.97162783	2.24617863	2.65415215	3.09074974	3.41719580	3.96025419	4.23165655	4.36936617	4.41857624	4.97855377	6.07212210	4.47963285	3.43423367	2.92867422	2.49446917	2.29249525	2.12446785	2.10983253	2.15252042	2.19586039	2.23563647	2.31412125	2.42106438	2.44817162	2.65570283	3.07182741	3.75061655	4.43711567	4.77338171	4.88914967	4.79369640	4.58931303	4.39706659	4.15100098	3.94728827	3.78199315	3.76594853	3.61915994	3.55725121	3.43062282	3.34517598	3.34495020	3.39082408	3.31784821	3.22695684	3.14518428	3.10592484	3.00178456	2.85984612	2.70232248	2.54814577	2.43330884	2.34467292	2.21167207	2.14164782	2.19406056	2.11910534	2.01202488	1.95509505	1.95328581	1.87243700	1.75104582	1.66516590	1.60601604	1.55503678	1.50440061	1.43755305	1.38453352	1.30631340	1.16224587	1.08115041	1.05796337	1.02313781	0.964403570	0.921413720	0.879413664	0.845823169	0.817679524	0.764185369	0.705207527	0.662847936	0.665327430	0.652649641	0.634295404	0.630670547	0.631080270	0.596538067	0.582628369	0.575307131	0.540484428	0.489532769	0.482117772	0.553835928	0.802317560	1.31849241	1.56704569	1.75640273	1.88651431	1.86422825	1.84895933	1.74957490	1.71561170	1.66614020	1.62072563	1.55225265	1.51454782	1.45588827	1.35354388	1.34368742	1.35000277	1.33179390	1.33203924	1.28450882	1.24240232	1.18779838	1.16735661	1.15590930	1.21106088	1.33335853	1.45896530	1.53138781	1.61531270	1.73900056	1.96805537	2.03928709	2.12054276	2.26307607	2.41206598	2.49482441	2.59570026	2.81362844	3.44349313	4.09979105	4.13263178	3.53256202	3.01366138	2.79839683	2.78189278	2.85399771	2.88163567	2.93437552	3.01562667	3.14562631	3.36714578	3.58645678	3.68043661	3.74969149	3.83125353	3.81713223	3.86216378	3.95550299	4.00289869	4.07913876	4.17531204	4.16895723	4.12208271	4.11602831	4.13675785	4.17386436	4.20195007	4.16089678	4.07694483	4.05907583	4.08073616	4.07668447	4.15980148	4.28307009	4.44093513	4.60682821	4.72563314	4.68981552	4.61757851	4.58157682	4.54853153	4.63522577	4.75700378	4.80666876	4.90974283	5.02942657	5.07729101	5.07563734	5.11678934	5.17287493	5.21455765	5.37159920	5.44575977	5.50745487	5.57095003	5.57051849	5.70060349	5.72333527	5.76873779	5.77427197	5.74684334	5.71421289	5.66757774	5.62250280	5.64111042	5.73952770	5.81178522	5.76966286	5.77219582	5.67245674	5.50698137	5.42557287	5.42332792	5.38608599	5.39367437	5.31858110	5.17483807	5.00818777	4.78450823	4.58384657	4.42922831	4.30908585	4.22357845	4.11396360	4.05794239	3.94734931	3.77870607	3.63344598	3.55413342	3.44633245	3.32814813	3.25878501	3.19361806	3.11619687	2.99125600	2.85729408	2.71903300	2.56739759	2.38670564	2.26950765	2.14764261	2.00856161	1.92104471	1.82479000	1.66797256	1.54323661	1.43939340	1.29881489	1.17656362	1.11962199	1.03056288	0.902526617	0.803379714	0.731759667	0.670087814	0.613615572	0.594389260	0.545310915	0.497751266	0.466726482	0.411406100	0.352725148	0.319397092	0.298013389	0.271377325	0.246790856	0.221027419	0.192795470	0.183171079	0.180213720	0.174732938	0.156909794	0.134057969	0.135111704	0.170387059	0.274865806	0.647160769	1.68349969	4.44196987	8.68458748	12.3579855	7.40251160	4.74863625	3.90256286	3.92413998	3.90240240	3.99495745	4.18182564	4.18596649	4.33889055	4.43431377	4.79360437	5.03779221	5.34998226	5.85840559	6.32291985	6.74622536	6.37306118	4.60234880	3.71567440	3.62563324	3.68323565	3.79486299	4.02680635	4.31052923	4.62786722	4.94244099	5.22153616	5.31167555	5.31819153	5.26618290	5.04473829	4.87268019	4.73972273	4.46669054	4.11745024	3.81249666	3.46409678	3.10489249	2.94568920	2.84352994	2.68062425	2.51325750	2.42380881	2.28863454	2.16617990	2.10080409	2.01527190	1.90820932	1.84563196	1.73407555	1.58936846	1.50538754	1.44107974	1.32118881	1.22500753	1.12075627	0.997083426	0.899216890	0.825915635	0.745583057	0.671889782	0.634988964	0.591717362	0.540233850	0.503263831
-28.0000000	0.509843230	0.460547596	0.419242173	0.392962515	0.365232289	0.335468680	0.300682008	0.263603956	0.232545033	0.208908960	0.188584656	0.171664268	0.156382993	0.150904939	0.162305072	0.193252280	0.277235180	0.435400039	0.803410411	1.17434835	1.46811473	1.74569142	2.11956787	2.66113377	3.12548351	3.36649036	3.76703024	4.27236271	4.78944016	4.98757076	5.30433464	6.09233379	4.97199774	3.72469020	2.89897752	2.43667698	2.18856525	2.04937625	2.00678420	2.07250214	2.14331388	2.25393820	2.32247376	2.42417002	2.60576701	2.88905716	3.29189849	3.72801542	3.97905946	4.21272755	4.38477468	4.37665415	4.26945686	4.15173769	3.99081373	3.80897141	3.65162683	3.51434946	3.42277527	3.39042377	3.31647778	3.23961234	3.24428582	3.27870584	3.14480019	3.05267859	3.04137945	3.00895953	2.89087534	2.74039054	2.59299588	2.41926074	2.23411965	2.09319687	2.00020003	1.99676657	2.04717302	1.99140239	1.92224073	1.89231074	1.87454176	1.86161172	1.76835489	1.67781782	1.62442386	1.53844154	1.44321406	1.40218759	1.34193552	1.30126476	1.16410851	1.05070126	0.993167937	0.952415407	0.905464351	0.853453159	0.808693826	0.795756519	0.765765905	0.699201167	0.671847224	0.660000563	0.659609556	0.642598808	0.589309514	0.571435392	0.561477900	0.525130451	0.528015256	0.520028591	0.487578094	0.428269386	0.416890353	0.477955043	0.672187984	1.11030805	1.38400102	1.52644062	1.67164242	1.71724105	1.73808789	1.65139282	1.64978433	1.59576106	1.52887237	1.46284854	1.39322078	1.32222402	1.26246643	1.17954457	1.13163197	1.13069117	1.13316965	1.13898551	1.12787139	1.13813567	1.06257641	1.07266676	1.09639812	1.19280255	1.26862967	1.39114499	1.48055923	1.58923972	1.76169693	1.87071836	1.96585214	2.04564071	2.18751097	2.26982164	2.37302732	2.61891890	3.38414431	4.01386976	4.23225737	3.60021091	3.04612875	2.70802975	2.60986614	2.66030860	2.71657920	2.78647685	2.88829684	2.99055338	3.14654732	3.30532742	3.37075710	3.46578765	3.61040306	3.59935212	3.58929753	3.68773246	3.76125741	3.82507133	3.82811594	3.84431934	3.89797735	3.93802786	3.94609308	3.93188572	3.91083050	3.96319342	3.94661784	3.89209151	3.88152981	3.86285782	3.90576458	4.00500298	4.11351728	4.21128416	4.28706217	4.26946640	4.21198559	4.18825531	4.20403290	4.25736475	4.33887720	4.43889284	4.56004906	4.65123081	4.74479866	4.70701647	4.76104546	4.78092527	4.78125191	4.89742851	5.07483387	5.21225023	5.25964165	5.21442223	5.29026604	5.43804502	5.44239235	5.42453671	5.41262341	5.41588736	5.46229029	5.44168901	5.40683985	5.43356323	5.44980049	5.45772076	5.46828794	5.40922213	5.26224375	5.19240236	5.15470314	5.16011763	5.14055586	5.15063810	5.05208254	4.91299295	4.74393511	4.52942705	4.39945078	4.35371399	4.22251320	4.09771347	3.95849705	3.89562058	3.84315991	3.78101563	3.71023917	3.56448245	3.43482137	3.34646058	3.30206347	3.26935983	3.17014599	3.01653194	2.87440228	2.73235893	2.57672453	2.43339562	2.29307938	2.17290139	2.09772468	1.96993625	1.82760906	1.73787665	1.59460235	1.43878448	1.32560468	1.24072850	1.14943862	1.04252064	0.928545892	0.823025405	0.741012633	0.659897327	0.612775862	0.561327338	0.516843557	0.486522883	0.439201832	0.393661767	0.356363118	0.325290859	0.292430550	0.259848893	0.225424588	0.197553754	0.188916728	0.182061404	0.175112858	0.154017851	0.127319813	0.139067292	0.186625361	0.254095525	0.854276776	2.06758690	5.71869612	6.76802826	7.76022387	5.19411516	4.01339006	3.55096936	3.58260417	3.65283990	3.80998421	4.09156322	4.19632244	4.20905304	4.32344389	4.58528805	4.89848661	5.23550034	5.60458946	6.05986023	6.65665245	5.99105072	4.34627342	3.76959062	3.79076123	3.81031942	3.96857405	4.29901648	4.61121988	4.96126938	5.32793999	5.46867943	5.47862625	5.46033716	5.37342262	5.18155098	4.98083973	4.94184923	4.78404856	4.47050476	4.06904268	3.71513796	3.35970926	3.14763999	2.94689250	2.78545213	2.63482952	2.51384211	2.41932917	2.29952359	2.19985080	2.10436821	2.02224350	1.98670709	1.89380062	1.74485230	1.62953246	1.54893494	1.43445992	1.32750499	1.22754824	1.11314428	1.01268983	0.942046404	0.861644447	0.777447104	0.718677700	0.670806825	0.610908985	0.560474396
-29.0000000	0.562535465	0.520746291	0.473391116	0.432698131	0.395180166	0.362580419	0.330699444	0.292386383	0.257738739	0.228923276	0.208026513	0.187039658	0.164615110	0.155863643	0.158359900	0.170316249	0.193421736	0.306911170	0.498186409	0.799522221	1.15858662	1.50690877	1.90628624	2.37017155	2.81145406	3.18182683	3.72288084	4.58701277	5.53979063	6.64700556	7.10649252	6.43392563	4.80648851	3.76085949	2.93377590	2.38764715	2.15654922	2.00511765	2.00170803	2.01633477	2.11002350	2.25889826	2.36795187	2.46962667	2.65277243	2.83521891	3.04570603	3.29940343	3.48358226	3.67885232	3.89751959	3.94107223	3.93542624	3.85066462	3.74221301	3.64719033	3.56127429	3.43263960	3.32757902	3.26643062	3.22449279	3.23575687	3.22090030	3.17698908	3.04530168	2.97391748	2.94759059	2.90039420	2.80733514	2.68390775	2.55190253	2.35130930	2.17746377	2.01086736	1.88289511	1.88237643	1.90911567	1.85340989	1.81400061	1.83902252	1.79319966	1.78835547	1.74625337	1.68983328	1.62575352	1.55732405	1.44399142	1.38444471	1.34737241	1.27735364	1.17447507	1.07444549	1.01739931	0.965385199	0.893914223	0.828816295	0.776937008	0.754053831	0.728023946	0.669565380	0.635063827	0.625519753	0.610605240	0.596828461	0.564847350	0.549039066	0.529573202	0.481851429	0.472902477	0.488482386	0.474761933	0.414911240	0.391343236	0.432323813	0.546469867	0.784500182	1.15298891	1.39965987	1.53529489	1.59179270	1.60608542	1.60775542	1.49924386	1.44415152	1.37947047	1.35545075	1.33459997	1.20148861	1.13865459	1.05832589	1.02461803	1.01118386	0.982792497	0.993605971	0.970761538	0.954390526	0.961488485	0.927052796	0.942885339	1.08405399	1.15895188	1.28442514	1.40770805	1.47686040	1.56637239	1.68698823	1.78802359	1.92494810	2.05295110	2.14911699	2.24690104	2.59797287	3.59907651	4.19861269	4.32983065	3.65302253	3.07973623	2.72161531	2.53317261	2.52377725	2.60367656	2.70571089	2.78854847	2.89743328	2.95801449	3.10836601	3.14514303	3.20060539	3.30942869	3.39717603	3.39439774	3.46879768	3.53789210	3.55803847	3.56298757	3.57663107	3.62079763	3.70861197	3.75795460	3.77932954	3.71397591	3.69772267	3.68428588	3.66645098	3.65020466	3.70869994	3.75296330	3.81943679	3.89260507	3.95156312	3.92575002	3.83530021	3.80631590	3.82567167	3.84274507	3.89447999	3.94411922	4.05808830	4.17042351	4.27290869	4.43107224	4.46018124	4.49374437	4.50468922	4.47126341	4.55335617	4.72694159	4.86505699	4.91526651	4.93639278	4.97969341	5.04810047	5.06032610	5.04194212	5.07957649	5.15748978	5.24336433	5.17293358	5.16400051	5.19282150	5.17629051	5.18891907	5.20106125	5.13517714	5.05953741	4.93262196	4.93321466	4.93620491	4.94689751	4.88850737	4.82010937	4.69584846	4.57545090	4.44895267	4.34527254	4.30638981	4.20214844	4.07460737	3.97535443	3.89949775	3.85018897	3.82621884	3.74881625	3.60545015	3.51604557	3.38911128	3.34325480	3.31474996	3.28322601	3.18195558	3.01099610	2.87908483	2.75416589	2.61043048	2.43826962	2.34067941	2.27342963	2.15213132	2.03402972	1.92505312	1.76775336	1.57291889	1.44119430	1.34842932	1.25826323	1.16252911	1.05768692	0.941760123	0.838599265	0.748084605	0.676646233	0.601051033	0.551690519	0.512034535	0.470040828	0.437058419	0.398491383	0.354232579	0.313129246	0.275909215	0.234285295	0.200120479	0.189708337	0.181457013	0.173782423	0.149459988	0.117984802	0.115821749	0.159474060	0.305911154	1.08799779	3.91403317	4.97200394	5.66476488	4.68906832	3.93301225	3.49503684	3.43347144	3.58211780	3.52817106	3.53805971	3.78761983	3.98688245	4.02941227	4.06102467	4.30460501	4.65549040	4.85136747	5.08130693	5.46042442	5.62114286	4.32603264	3.77452731	3.67202282	3.77690148	3.80852580	4.01886034	4.47499847	4.87340689	5.11535931	5.38275194	5.57614279	5.64113188	5.61008406	5.44913006	5.22305965	4.99563074	4.89389277	4.80026865	4.60611629	4.25811625	3.90815926	3.60589600	3.30864692	3.12302566	2.97240114	2.80615258	2.65975356	2.51853061	2.40656495	2.30809259	2.21663713	2.09943581	2.02929378	1.97781265	1.86479914	1.75280941	1.65408838	1.52764404	1.40938544	1.31299782	1.21944296	1.14838696	1.08200932	1.00913274	0.913657367	0.833526075	0.771307528	0.690848768	0.625663757
-30.0000000	0.612361550	0.562285781	0.515749216	0.469197571	0.431553751	0.395237714	0.365213215	0.327647418	0.289808184	0.258695960	0.234109655	0.209521815	0.184290722	0.166388348	0.153796673	0.152840689	0.173499614	0.227473915	0.365320385	0.614367425	0.924548626	1.31482565	1.70190251	2.13817596	2.61529350	3.05417514	3.67117691	4.45643759	5.56517839	6.65570498	7.56333923	5.63439274	4.45944595	3.59309220	2.90303135	2.42238927	2.20321035	2.05453253	1.97890508	1.94983482	2.04093432	2.21405029	2.33945012	2.36473036	2.49599147	2.66425538	2.79508233	3.00585485	3.20847130	3.35919738	3.49653816	3.55714059	3.54835129	3.52394176	3.47138929	3.38824606	3.34481239	3.30495834	3.26842666	3.22812605	3.17500925	3.20446920	3.16795516	3.07860756	3.00051808	2.93835473	2.86453176	2.74651790	2.62074566	2.50151467	2.37337542	2.27069545	2.14778829	1.97076070	1.84838164	1.80100381	1.80288970	1.76401579	1.71144354	1.68812275	1.68293905	1.67780614	1.65838408	1.60162818	1.54597378	1.47065353	1.39870310	1.35841882	1.35799372	1.25162733	1.14951730	1.08914340	1.03495634	0.970254064	0.877542078	0.812669933	0.768736362	0.741536677	0.708257496	0.644954324	0.593485951	0.586643517	0.581950545	0.575698555	0.558499634	0.535849750	0.513427258	0.474190772	0.432101399	0.410226971	0.413764954	0.396691173	0.373134971	0.407257378	0.452454597	0.580030739	0.926558852	1.19801104	1.34517336	1.44854319	1.46962142	1.50457823	1.42378581	1.35234666	1.26242542	1.24398911	1.25095367	1.26637399	1.10207391	1.01128542	0.919474959	0.903445005	0.910981953	0.941816390	0.927485108	0.910908341	0.853861153	0.839819610	0.903003693	0.991372645	1.06412506	1.19824719	1.36744678	1.44082272	1.49775207	1.59381676	1.74509084	1.92389643	2.08303213	2.21574306	2.50540447	2.93277407	4.10242033	4.45704508	4.27934408	3.66683507	3.15901232	2.73156047	2.54144788	2.50368977	2.56946945	2.65667200	2.73134542	2.84628177	2.90987897	3.01828885	3.00871801	3.09475708	3.16987658	3.18295312	3.19621038	3.21043730	3.28016329	3.28940725	3.32543683	3.32714009	3.35859299	3.38938379	3.40687490	3.52351332	3.46906710	3.44697428	3.52101445	3.52434897	3.49996543	3.47274590	3.51227117	3.57696605	3.62261319	3.63963509	3.57208610	3.52312136	3.50950360	3.57866359	3.64220715	3.71492696	3.71794248	3.78628778	3.87829018	4.00089455	4.14199591	4.21160030	4.26269436	4.31047440	4.33813906	4.33771896	4.44528532	4.56197882	4.60566521	4.66626978	4.70300531	4.73984861	4.73168182	4.72963762	4.75415754	4.77274990	4.96951628	5.02201080	4.99562073	4.98222351	4.95864439	4.92473841	4.91482258	4.82980013	4.81436777	4.77373362	4.80046892	4.80100393	4.76491499	4.66964006	4.56914949	4.45803976	4.33113813	4.27553844	4.22250128	4.19536972	4.08432436	4.00872040	3.91398978	3.79162765	3.70459700	3.63834023	3.58209968	3.53113937	3.44911647	3.34870315	3.27354431	3.23233700	3.20817280	3.14722753	2.99668741	2.90734196	2.84148407	2.72091532	2.60120273	2.51683879	2.40518498	2.24385834	2.16256380	2.05988646	1.87445855	1.69688416	1.56013310	1.46018755	1.36088800	1.27642274	1.16261423	1.03744555	0.936346591	0.846779227	0.743582308	0.673371792	0.617468297	0.548517883	0.494295210	0.462894619	0.426118910	0.377163827	0.338210553	0.301591307	0.254122287	0.212871656	0.195671797	0.179988042	0.171794862	0.145909578	0.112048469	9.47266817E-02	0.151501760	0.360976934	1.24000704	4.54145288	3.82444239	3.72040701	3.50329781	3.52970648	3.39922237	3.23960757	3.44139457	3.41474771	3.34387803	3.65316391	3.70051384	3.73628592	3.82674098	3.98752022	4.06528139	4.15121746	4.24533939	4.17690849	3.62388134	3.26788521	3.38541746	3.59016800	3.72319508	3.78094411	4.04517269	4.45761299	4.87050200	5.08059978	5.30430079	5.48903608	5.57458973	5.58990908	5.47544670	5.27110863	5.07736778	4.91362286	4.79647827	4.54446936	4.37040710	4.11604309	3.78430796	3.52040696	3.31794310	3.13881111	2.94446206	2.79422498	2.65633798	2.52124619	2.40192175	2.30383658	2.18680978	2.06609488	1.97544193	1.89998102	1.80002952	1.72971296	1.62542355	1.52347004	1.42538667	1.33175099	1.23133147	1.14885581	1.09164894	1.03178906	0.945294797	0.853796422	0.761998296	0.679606020
-31.0000000	0.680420399	0.626417041	0.564110577	0.508994877	0.469814479	0.438647956	0.402655810	0.361785650	0.324110895	0.291201681	0.263325930	0.237638369	0.213699937	0.191692844	0.169268727	0.146065384	0.156759918	0.185382396	0.319788486	0.479634494	0.759052753	1.16592348	1.58967090	2.04907751	2.55605412	3.05282545	3.57065034	4.21631145	5.63065434	6.22241449	5.80023527	4.39437485	3.75806618	3.27515960	2.74697351	2.41339326	2.27303672	2.12373471	1.97190845	1.88495791	1.92536283	2.09078050	2.23942995	2.30029845	2.42552733	2.52585340	2.58543396	2.74075556	2.96837831	3.14719868	3.22483683	3.28505325	3.30149078	3.25180364	3.19652915	3.12973475	3.11429715	3.11427617	3.13847446	3.15840244	3.13892341	3.11265969	3.05609465	2.96672487	2.89718151	2.91030145	2.80388427	2.62281847	2.46949410	2.34692883	2.24480700	2.17867899	2.11674309	1.96859956	1.81635809	1.73675287	1.70459247	1.70342672	1.66497660	1.60207963	1.57310295	1.56462789	1.53367972	1.50635457	1.47824275	1.38680661	1.30512226	1.22783303	1.19826114	1.14855993	1.08594072	1.04773092	1.01526046	0.964782059	0.889503777	0.806851685	0.761686802	0.726758599	0.688337743	0.633395314	0.579086840	0.567830920	0.557510674	0.546927810	0.536374629	0.523803592	0.507286727	0.487106323	0.456789762	0.417817593	0.393211901	0.413438886	0.386796594	0.391571254	0.437545419	0.508385003	0.778580606	1.03950930	1.19523025	1.31259978	1.38649654	1.43300223	1.43200719	1.39505267	1.26318800	1.18258262	1.17904770	1.19858098	1.13875842	1.01674545	0.898294210	0.830377758	0.822376251	0.843903184	0.870999992	0.869647086	0.826866686	0.816611052	0.849749744	0.957326591	0.986241579	1.11167872	1.27584016	1.41001666	1.49663615	1.61771393	1.76868510	1.96404314	2.13548183	2.38463998	2.73602796	3.14683819	4.40170717	4.48851728	4.21193409	3.68289256	3.14690518	2.76753473	2.56921196	2.50096798	2.50481629	2.61388111	2.67933083	2.80674410	2.87520862	2.93037820	2.93489480	3.00700569	3.03556108	3.03283429	2.98275447	2.94609118	2.99235320	3.03842187	3.07411647	3.10281229	3.08783937	3.07608104	3.12015462	3.23505712	3.27075076	3.29099393	3.36142015	3.35086656	3.37291408	3.38210869	3.38578153	3.39485216	3.45323944	3.44771171	3.39091778	3.33927226	3.33260059	3.37637591	3.44077563	3.53205085	3.55627680	3.61413002	3.68407512	3.80157876	3.87534213	3.93731308	3.97413468	4.01712179	4.08031082	4.11280155	4.17272139	4.21588659	4.29010153	4.33932877	4.40215826	4.47223139	4.50270557	4.52737951	4.55935144	4.55763674	4.66256046	4.78021622	4.78711033	4.74027872	4.70667696	4.70605803	4.67121935	4.60860014	4.57448626	4.54273510	4.51057529	4.52248192	4.53414249	4.46496964	4.41192818	4.34289074	4.22969246	4.11927986	4.04905510	4.00358057	3.91099620	3.82311988	3.76724195	3.70608568	3.60618114	3.53813124	3.47281337	3.39600468	3.36567616	3.29218030	3.19709706	3.12493992	3.08463025	3.06395483	2.98821378	2.88120890	2.80145836	2.72532630	2.66911435	2.57747722	2.44214439	2.32453132	2.25103331	2.16974163	1.99388397	1.81135511	1.66793096	1.54847682	1.44797015	1.36594903	1.24997330	1.14438355	1.06770420	0.970380068	0.856720746	0.780503690	0.712196350	0.614929616	0.533821583	0.487865001	0.447220892	0.401612133	0.373193085	0.335392058	0.279969752	0.234158367	0.211734876	0.184674650	0.173328370	0.148493186	0.111687623	8.63128603E-02	0.132192984	0.361908734	1.50652564	3.81738830	3.12725401	2.96208024	3.23564005	3.72977853	3.37377620	3.15443492	3.31781697	3.33154368	3.46116662	3.65892601	3.64031196	3.61536598	3.74403739	3.73350000	3.87553239	3.91962910	3.66253138	3.13358641	2.80104518	2.99754715	3.28724480	3.50353837	3.62557936	3.71822095	3.99056363	4.32586908	4.74534225	5.00397682	5.21613503	5.40136337	5.44571114	5.39169931	5.35169220	5.20416021	5.02558565	4.87270832	4.77576065	4.59611464	4.34986115	4.15226460	3.89477468	3.64765620	3.42266130	3.23451948	3.04593658	2.89367008	2.78284574	2.64553308	2.51735377	2.42931414	2.31296492	2.20335293	2.07856154	1.98287261	1.86978626	1.78164983	1.71602714	1.62707365	1.55106163	1.45785832	1.33300042	1.21651292	1.12421155	1.06825149	0.995106816	0.912410021	0.832636237	0.750163734
-32.0000000	0.772776544	0.718951225	0.647512794	0.575101674	0.530972362	0.493085295	0.448795348	0.407515526	0.370573431	0.336636186	0.304828763	0.279447734	0.258100599	0.234282985	0.203317448	0.178084627	0.150888294	0.156676486	0.232282400	0.369989634	0.636627197	1.04700220	1.51649070	1.93797112	2.47535896	3.00393629	3.46036816	4.26044607	4.93070936	4.73181772	3.70277500	3.34356833	3.13470793	2.82839394	2.51302075	2.37227488	2.27193809	2.12202573	1.96998107	1.86679745	1.86836898	2.00379014	2.14364767	2.24940038	2.32510543	2.38032413	2.40835667	2.56648064	2.75650191	2.87788558	3.02075315	3.06760478	3.13339424	3.09666705	3.01537538	2.95325541	2.91210437	2.96210861	3.00102210	2.95663166	2.92682195	2.92090631	2.93459320	2.84332657	2.75975823	2.68147230	2.62492657	2.51430416	2.36062241	2.27937055	2.21549177	2.13820291	2.02875710	1.93121982	1.81891024	1.70766222	1.64412963	1.62550414	1.65542042	1.57358301	1.51811564	1.50270629	1.47625792	1.42120779	1.37779737	1.31817985	1.26250792	1.19103491	1.13749242	1.08417308	1.05156410	1.02351558	0.981214762	0.945171833	0.892589867	0.839037836	0.775137424	0.719988465	0.666603208	0.625762343	0.588651836	0.573077440	0.551736951	0.522298932	0.504777849	0.490872353	0.486142963	0.486219823	0.471289039	0.444147199	0.410869330	0.419691443	0.438108087	0.427440703	0.444758058	0.503813505	0.667263389	0.892234564	1.06806016	1.18148351	1.29641736	1.33282006	1.39922464	1.37984467	1.30454993	1.20911551	1.13796926	1.09137976	1.03243303	0.933006048	0.803996325	0.750653982	0.725635767	0.722490728	0.759660661	0.808164775	0.790780544	0.789255619	0.855821729	0.919478834	0.998449385	1.04515517	1.15894163	1.26321101	1.39906442	1.55580091	1.77263832	1.96888340	2.15486598	2.39616227	2.74782443	3.34756637	4.12947607	4.14698410	3.96745586	3.61862755	3.20144749	2.85964894	2.62934160	2.53195381	2.49517989	2.53611159	2.62621284	2.72578979	2.82011819	2.86747599	2.89482999	2.86502719	2.86431456	2.86498046	2.86189008	2.82114363	2.84597182	2.93246269	2.93994403	2.90090728	2.88493967	2.90725446	2.97206450	3.04008174	3.09977150	3.15474701	3.24579310	3.27247953	3.29237080	3.32480216	3.27481771	3.30401349	3.34304404	3.30680370	3.26063919	3.24819326	3.22578049	3.22474599	3.22017193	3.33314681	3.37849998	3.44056392	3.50435615	3.57721448	3.60504270	3.66002226	3.67659473	3.65960979	3.67362881	3.74601960	3.81109285	3.88000464	3.95891452	4.02219963	4.08247280	4.18172407	4.31546593	4.42769527	4.41574860	4.37922382	4.42961502	4.54804087	4.60639954	4.56387568	4.50082541	4.44247770	4.41565418	4.37917233	4.34867334	4.32724810	4.29016685	4.26842785	4.30746412	4.31835413	4.22475433	4.12578154	4.06856918	4.00515938	3.94048691	3.84733033	3.77052069	3.64662981	3.61712670	3.57741308	3.46975017	3.41338587	3.35143495	3.25738001	3.20895982	3.20129871	3.13934207	3.06766319	3.03222966	2.99793792	2.96581507	2.90677619	2.82444930	2.74185729	2.68806624	2.55731106	2.39136815	2.31770062	2.25362301	2.17117786	2.04450083	1.93125081	1.78233933	1.63052607	1.53150940	1.46268630	1.35115612	1.24885511	1.20472419	1.12626314	0.988475978	0.893588066	0.805248141	0.695315242	0.621960998	0.559557080	0.492371172	0.436507463	0.406442463	0.371629655	0.306202829	0.258005261	0.235040307	0.196163505	0.173962042	0.150208160	0.112863332	8.99114609E-02	0.124495387	0.330022573	1.41208708	3.84695721	2.91598916	2.66185784	3.12480807	3.53649759	3.24328518	3.03116560	3.09888291	3.23578048	3.44986725	3.62351322	3.55184412	3.54557586	3.58246422	3.58635211	3.62097335	3.59574819	3.09572315	2.74112868	2.66369367	2.96937156	3.22020388	3.37344193	3.46160030	3.61267710	3.87716174	4.22538948	4.60654354	4.94036674	5.13460350	5.29571772	5.34705925	5.30809021	5.20382404	5.10796690	4.92921352	4.72783136	4.63017225	4.54583359	4.38438177	4.17356396	3.93963289	3.72764325	3.51786399	3.33760118	3.15855980	3.01357055	2.88984895	2.75216484	2.62736845	2.52086473	2.43606663	2.31405759	2.20135903	2.08163714	1.94229519	1.85467994	1.78707910	1.72235203	1.62604296	1.53205395	1.42719734	1.31116831	1.20860958	1.12934065	1.05847716	0.990656793	0.912858725	0.834553421
-33.0000000	0.876650035	0.814844847	0.744143903	0.678280115	0.630151689	0.581400752	0.531935513	0.483981341	0.444891840	0.409511834	0.375973314	0.349288374	0.329697758	0.305021971	0.276601136	0.246268257	0.211675093	0.197197095	0.280745894	0.437009990	0.692261338	1.08907986	1.37283850	1.74383485	2.15530658	2.50315690	2.93904805	3.31782413	3.31827164	3.09682393	2.95343447	2.95045614	2.80847216	2.56393075	2.38515139	2.29278517	2.29090977	2.24539900	2.08463860	1.98118758	1.93819237	1.98076141	2.10457516	2.18762851	2.25157380	2.34555054	2.39034557	2.47933841	2.64003158	2.69585061	2.77951455	2.86009216	2.92371655	2.98634338	2.96016169	2.87342143	2.82949877	2.86179686	2.85595274	2.82952380	2.79328704	2.74884105	2.73983741	2.67179823	2.60092640	2.53250337	2.46286321	2.35614681	2.30258441	2.23386049	2.16547871	2.11466980	2.00878072	1.90614569	1.82161474	1.74435771	1.66144621	1.60711527	1.60062516	1.59080768	1.52517021	1.46875274	1.40964532	1.35856545	1.30986857	1.27948046	1.24769711	1.17837274	1.12573397	1.08289635	1.03858340	0.977368236	0.944848716	0.921153009	0.889368892	0.837053180	0.789020896	0.754011333	0.698587298	0.650725126	0.615403950	0.592756748	0.571312428	0.538515091	0.513408899	0.495701313	0.476373076	0.476077735	0.469813138	0.437777489	0.434839904	0.439334422	0.465137273	0.477706909	0.497453809	0.562380254	0.680569112	0.807483196	0.979489803	1.10693324	1.25863516	1.28271484	1.30835950	1.32828116	1.31227148	1.16609406	1.09465075	1.04202652	0.979107976	0.915122271	0.802736640	0.718022704	0.672869682	0.662380517	0.684443831	0.751176715	0.778859913	0.784601867	0.808142006	0.882160962	0.890848935	0.957817912	1.04096663	1.15269518	1.30882084	1.50469387	1.74064934	1.97715521	2.18634033	2.53211570	2.99998331	3.48202491	3.56975269	3.61864281	3.72714710	3.56091261	3.16219449	2.87624168	2.71503687	2.55712366	2.46290588	2.48851109	2.56133008	2.67741489	2.76465201	2.80722070	2.84017110	2.76303267	2.72454190	2.73297334	2.74059939	2.76602197	2.76019859	2.80863976	2.83238459	2.80762506	2.82850718	2.89480042	2.93926239	2.94026303	2.95491648	2.95322728	3.05223274	3.10200000	3.15208101	3.22275305	3.21896386	3.16590214	3.18941212	3.16465926	3.09120560	3.07747769	3.10256004	3.10660958	3.10576868	3.06737828	3.14892650	3.22588849	3.28139997	3.37717414	3.44084191	3.42957163	3.42371750	3.45048499	3.43400216	3.41303897	3.42610312	3.51050544	3.62831402	3.71998620	3.76498914	3.88498402	4.01018333	4.13917160	4.21093941	4.19338322	4.22798729	4.25703669	4.28033638	4.29995489	4.26813650	4.26496553	4.20061636	4.16247416	4.11993122	4.08271646	4.04437017	4.00687981	3.97949839	3.98004985	4.01894808	4.00159025	3.92533541	3.88178658	3.83267355	3.75097108	3.68202209	3.60009456	3.54164076	3.46767092	3.39023256	3.34253669	3.25342727	3.16696286	3.08489680	3.07516885	3.05375028	3.00058961	2.97977233	2.98653769	2.96280646	2.96607471	2.94141746	2.80509257	2.71217060	2.55689454	2.38445950	2.29361892	2.22448277	2.15019751	2.04711819	1.95952594	1.83761752	1.69841731	1.59524870	1.51241279	1.40616715	1.31630051	1.26848972	1.17931056	1.06381106	0.979584157	0.891478777	0.771673083	0.702557981	0.636538625	0.558037817	0.495516807	0.451850623	0.400425524	0.343514770	0.290776432	0.265370667	0.212652951	0.181179851	0.163134322	0.126517430	0.101000570	0.139880672	0.325634718	1.08500528	3.12105751	2.64754224	2.53169250	3.12441826	3.21232629	2.92451310	2.88321519	3.08975601	3.23083615	3.25819278	3.29665828	3.35190868	3.38267612	3.37346411	3.37115335	3.40240240	3.06389403	2.82084894	2.70438361	2.75518918	2.97913122	3.11987066	3.23702359	3.35362792	3.55402184	3.79369831	4.05391645	4.40941191	4.75394917	5.01054430	5.17031240	5.23637152	5.22708321	5.16334152	5.04677391	4.81547022	4.63197708	4.51338005	4.47107840	4.37241650	4.24640751	4.02401495	3.81497693	3.63106275	3.44912505	3.28685904	3.13706899	2.97626090	2.83689785	2.73555970	2.62906671	2.52593613	2.41941714	2.29048061	2.17885160	2.03640866	1.91780758	1.83970308	1.76185393	1.66681468	1.57862055	1.49895096	1.39769197	1.30385363	1.22558212	1.14667070	1.08078408	1.01012790	0.944120347
-34.0000000	0.988060355	0.923271239	0.854045451	0.790329635	0.741398215	0.689247549	0.628660262	0.576997578	0.534622788	0.492012441	0.463719398	0.442714959	0.417950839	0.395942509	0.373855680	0.349234104	0.328984797	0.322692662	0.402574688	0.602860868	0.893400431	1.13205111	1.29031682	1.51859200	1.65044713	1.73928368	1.76892579	1.97902763	2.25985146	2.53749299	2.68909311	2.69556522	2.61728358	2.49851489	2.41336513	2.34911251	2.34095621	2.27544975	2.19218159	2.13264465	2.11147189	2.10286617	2.13660860	2.18787646	2.26297879	2.33951974	2.45158005	2.49871492	2.56837869	2.62008786	2.61391163	2.61605668	2.68041110	2.72104979	2.75022578	2.76667762	2.77487683	2.71207833	2.67535162	2.62732983	2.64300680	2.63156962	2.59274220	2.52498341	2.48330283	2.43622065	2.37538171	2.26951241	2.22094083	2.18799233	2.15679860	2.11866736	2.03403831	1.92737246	1.85428941	1.78854144	1.69334507	1.60087061	1.55293202	1.56104243	1.52425182	1.48563230	1.43928826	1.35185146	1.28084135	1.24604070	1.20621383	1.16383862	1.12125218	1.05455780	1.00604296	0.961513340	0.925646544	0.905464530	0.879113734	0.846609056	0.812939763	0.773888826	0.731713891	0.697596073	0.685466766	0.656312644	0.609875202	0.575903654	0.543432355	0.517710268	0.509263754	0.498698354	0.470704049	0.439654648	0.445166647	0.470540315	0.487592876	0.500660598	0.531398177	0.572063923	0.740645647	0.842752516	0.964845598	1.07560337	1.06835580	1.11406350	1.15470612	1.17522705	1.16627908	1.11589932	1.07689178	1.01293457	0.955945134	0.886430502	0.840302229	0.773015082	0.713510692	0.672634304	0.684078515	0.693773985	0.758662820	0.771246672	0.781215310	0.822303295	0.824151993	0.874935925	0.997305214	1.10387266	1.27553368	1.42899764	1.65332556	1.93174660	2.20586753	2.57789850	3.25132012	3.42466092	3.45797396	3.49827075	3.56876373	3.45373774	3.20326829	2.97863984	2.81360793	2.67159057	2.54223824	2.51427460	2.55168843	2.64722872	2.76127648	2.76605701	2.69665980	2.64278984	2.58388925	2.60253596	2.62471056	2.64320159	2.63232327	2.70056772	2.80493259	2.89285970	2.92473173	2.95868587	2.95782876	2.90692854	2.84896159	2.85286784	2.91932988	2.97366619	3.03656483	3.12342548	3.14654279	3.07485628	3.02565718	2.96039367	2.92732120	2.92665553	2.97345209	2.96354222	2.98921204	2.97154927	2.97990799	3.07092977	3.10346246	3.18449616	3.27638435	3.26954770	3.31581044	3.34096622	3.28059387	3.21373630	3.15688205	3.20238590	3.31120682	3.42028403	3.47721314	3.56249452	3.64937687	3.77006721	3.87061954	3.89450884	3.95743799	3.98908496	4.02008390	4.02148533	4.00397778	4.03903723	4.04090357	3.97886610	3.90346146	3.87950230	3.79778647	3.73379946	3.66683364	3.63558388	3.69422960	3.76946259	3.74673867	3.71160793	3.67511272	3.67823243	3.63546300	3.53694248	3.46382165	3.41078806	3.31951594	3.23050785	3.14626431	3.08131957	3.03902793	3.00341344	2.98133802	2.93289471	2.86377096	2.82910204	2.83728862	2.83693004	2.79996610	2.70193839	2.62050581	2.53883362	2.39792752	2.27544045	2.16192079	2.09931397	2.05346656	1.98154569	1.89275932	1.74499452	1.63439417	1.55958986	1.48318303	1.39334154	1.32293403	1.21149158	1.08653641	1.02704024	0.962568879	0.853174984	0.764805913	0.689579070	0.611446202	0.549217582	0.509367824	0.452582926	0.385463566	0.343553364	0.311279893	0.243517578	0.199563533	0.180260554	0.151505768	0.131405026	0.161717221	0.347466081	1.03808606	2.25357819	2.32902956	2.35286188	2.62161303	2.69636321	2.59087586	2.63824654	2.86305118	3.05681777	3.20478296	3.24194217	3.21445489	3.22541142	3.17833567	3.10508037	3.02517796	2.61741996	2.55898619	2.66036892	2.85034275	2.95758796	3.07356191	3.15812063	3.30335212	3.55269289	3.77019000	3.96068740	4.18050718	4.48786736	4.83303452	5.04842234	5.11326075	5.08876276	5.05781460	4.91467142	4.74083567	4.56595278	4.43592978	4.35292292	4.27324772	4.18207884	4.03128672	3.83904290	3.67386317	3.52115250	3.38354158	3.21868253	3.08333135	2.96192050	2.83399677	2.71851921	2.60173297	2.52017379	2.40165925	2.25237536	2.09324503	1.96983373	1.87350702	1.79870081	1.71908820	1.64034021	1.56303728	1.49466658	1.41560364	1.34307778	1.26658404	1.18265605	1.10736334	1.04961431
-35.0000000	1.10166097	1.03132296	0.975946426	0.911803186	0.855360746	0.802484691	0.738460183	0.678458214	0.634075224	0.587249279	0.559807956	0.545731723	0.527637422	0.506219327	0.503091514	0.489453375	0.478356719	0.487246960	0.555000722	0.666407943	0.753245056	0.803451538	0.806550026	0.881661355	1.01484358	1.16838884	1.40529728	1.70204794	1.99429166	2.24047136	2.35475206	2.40633225	2.45672894	2.52697515	2.55306172	2.45597601	2.42800903	2.36248541	2.29173660	2.26461124	2.28001189	2.26621342	2.24535990	2.22963548	2.28374434	2.35483527	2.47365069	2.54419708	2.57813120	2.58935428	2.58793736	2.58123636	2.59118080	2.59396267	2.62945032	2.63833737	2.62760878	2.63631058	2.60474658	2.54568124	2.51965237	2.53203416	2.50393915	2.46580505	2.45989847	2.39238930	2.30959010	2.19739676	2.14161277	2.10965657	2.09589529	2.08791494	2.06227779	1.97521865	1.90443110	1.83098793	1.77418828	1.68606460	1.62109745	1.58622992	1.57819366	1.53906918	1.45915914	1.38099611	1.31100118	1.26214170	1.22790968	1.17958951	1.12940395	1.06884301	1.01994681	0.979670584	0.942241907	0.913351834	0.890706599	0.878525853	0.859982669	0.824053586	0.785336196	0.754061580	0.753453970	0.727506280	0.680112898	0.635622382	0.598006606	0.570795476	0.559411108	0.547655821	0.522340715	0.514293969	0.483842790	0.512293696	0.521887183	0.533131659	0.574549556	0.633655787	0.754571736	0.846778095	0.948536873	0.926682711	0.930766225	0.963766277	1.01226306	1.04740822	1.03748858	1.03524148	1.04930973	1.06062758	0.985435367	0.924656749	0.872044563	0.823586822	0.756252885	0.721197665	0.713832378	0.704334974	0.726962149	0.734908581	0.727257133	0.780037880	0.829881668	0.868780553	0.943254590	1.04147172	1.20233822	1.35043716	1.53860211	1.84154940	2.22460103	2.67565560	3.41717577	3.50051665	3.49096131	3.42154956	3.43000722	3.32924771	3.20532894	3.08059669	2.91171074	2.77173972	2.64146757	2.60181451	2.61075330	2.66607952	2.77211499	2.73728895	2.61528993	2.55694556	2.51956511	2.51758361	2.52919841	2.55112028	2.53701258	2.52379751	2.80238891	3.05476809	3.09567618	3.08577919	3.03938627	2.94218516	2.78473496	2.78263712	2.84174728	2.89815307	2.95882225	2.95599103	2.94807363	2.90336370	2.90634394	2.86857843	2.79462647	2.77976084	2.81390524	2.85723138	2.89789176	2.91915226	2.90867877	2.93738055	3.00106287	3.05769777	3.13611341	3.19838858	3.20411158	3.18465734	3.12876129	3.08439517	3.03536034	3.03360343	3.13664436	3.22462344	3.32272029	3.37005281	3.36493468	3.40425968	3.49258375	3.52233410	3.60985303	3.66328716	3.72195268	3.73657846	3.72492909	3.79970574	3.81615424	3.79586864	3.71951079	3.63242412	3.59409809	3.53934216	3.48997951	3.47232962	3.49303913	3.57262969	3.59176397	3.55822706	3.54570556	3.51392674	3.47913814	3.44474673	3.35072875	3.28321576	3.22866559	3.14146113	3.07829380	3.01793003	2.97223735	2.95251846	2.97368956	2.93746328	2.86655688	2.76983714	2.71387172	2.66707754	2.60823750	2.54966378	2.51900744	2.46114945	2.35459089	2.24953604	2.16932988	2.08839893	2.01379561	1.95609629	1.92340696	1.84132850	1.72550642	1.61703610	1.53587794	1.46220970	1.38591897	1.27434146	1.13927221	1.06940269	1.01417875	0.939182281	0.841068923	0.748671353	0.668614507	0.609450281	0.567871869	0.514423788	0.455061316	0.412070572	0.367367268	0.293760717	0.241348743	0.213041767	0.196349949	0.190375715	0.234881073	0.383445859	0.913022399	1.95270073	2.11210537	2.09131789	2.18931985	2.31269002	2.38167763	2.56718040	2.85107803	2.98155832	3.06778789	3.02966952	3.00386763	2.90487981	2.63940310	2.48117781	2.45917892	2.42933035	2.51583552	2.71856689	2.90360355	2.98273754	3.03012586	3.11083841	3.25673532	3.47636724	3.73590875	3.92432261	4.07047033	4.24317026	4.51047421	4.74846649	4.86334133	4.91441536	4.86220312	4.76310253	4.65012217	4.51509666	4.36990881	4.24524784	4.14048338	4.04867983	3.92834091	3.81601048	3.67194724	3.51395917	3.41029429	3.26405978	3.13003230	2.99324465	2.88881230	2.78234720	2.66247797	2.56057000	2.44159245	2.29071736	2.13099360	1.99797118	1.88835669	1.81038439	1.78460038	1.73029304	1.66060042	1.59548581	1.54379487	1.48610961	1.40629494	1.33557630	1.25204992	1.17564285
-36.0000000	1.24017632	1.16953433	1.10628271	1.05085492	0.989647448	0.933308482	0.870406747	0.814623535	0.769270062	0.732379198	0.699452698	0.687737882	0.682930350	0.674294531	0.672428429	0.674333572	0.683972538	0.695394933	0.737184644	0.807984412	0.856822968	0.898135304	0.983343899	1.10412252	1.28074825	1.46920180	1.63618314	1.80355966	2.01378369	2.13715649	2.21065593	2.28841448	2.41003585	2.47758532	2.63734484	2.68630791	2.62392879	2.56845737	2.48134351	2.43037224	2.43133545	2.39264154	2.33757377	2.35326743	2.37762022	2.39796209	2.49535418	2.56757617	2.59996724	2.61088037	2.62137866	2.63200641	2.57919693	2.56757855	2.60332775	2.61170626	2.61566687	2.57906580	2.58259797	2.56687975	2.53123498	2.48871756	2.48949862	2.46198750	2.42728758	2.37703443	2.33367157	2.24425054	2.15069509	2.10196257	2.06197715	2.06686187	2.05526614	2.00841951	1.96576214	1.91371810	1.84768689	1.76008546	1.69407570	1.63550889	1.59586179	1.56598079	1.47795689	1.38487792	1.32661581	1.26812840	1.23610127	1.20057583	1.18310738	1.12546015	1.07410574	1.03783143	0.998653769	0.961490452	0.928937435	0.921863675	0.924324095	0.905405581	0.860192895	0.823824167	0.820183098	0.788866818	0.748878002	0.711478531	0.677764177	0.668996334	0.636907041	0.626013160	0.613899112	0.589662313	0.591068864	0.587146521	0.585655987	0.592049241	0.614130855	0.662085474	0.738135159	0.814411759	0.853982329	0.886977792	0.885335028	0.897343099	0.939819634	0.945258558	0.999384344	1.00884211	1.04219866	1.03497016	1.01638460	0.958364487	0.901289880	0.857377112	0.805989623	0.761042893	0.743128061	0.718786776	0.717010796	0.728243530	0.757482588	0.777375281	0.828239858	0.903952658	0.978918552	1.08657610	1.18769705	1.33235514	1.62513936	2.01184702	2.52456975	3.10653663	3.41365194	3.36363053	3.38205004	3.33772039	3.27290440	3.23596978	3.15077448	3.05045938	2.88580728	2.69802570	2.61188269	2.60676980	2.67119884	2.71357846	2.79408121	2.72629380	2.60573888	2.60042310	2.57791400	2.52240324	2.49632311	2.54055524	2.54170060	2.58276320	2.67894959	2.90191436	3.03469634	3.05854249	3.01131225	2.95698380	2.84136248	2.74296975	2.77384067	2.82168603	2.86072111	2.86406589	2.79749608	2.76274633	2.73621464	2.74470139	2.73403192	2.73973060	2.75849485	2.78386831	2.83410835	2.84973121	2.86658239	2.86218047	2.98584986	3.03409863	2.99498963	3.02592969	3.01963568	2.99243116	2.96532559	2.96239257	2.98034358	2.99034190	3.03918672	3.09975672	3.19207454	3.24203157	3.19958115	3.14562869	3.23043084	3.29400516	3.35052228	3.40045905	3.44033813	3.49691248	3.50208592	3.50557017	3.53107953	3.57080150	3.54607368	3.48336267	3.42794657	3.40159845	3.36495709	3.37089062	3.36884546	3.40617943	3.42489624	3.40820408	3.41223431	3.40351033	3.33967972	3.29207349	3.25322962	3.17890167	3.13227725	3.09275436	3.06247497	3.01325893	2.93570590	2.90145040	2.89356589	2.87886000	2.82860661	2.76310849	2.68782997	2.61621332	2.53832626	2.46360612	2.41342282	2.36527777	2.29808259	2.21247363	2.13579464	2.06521606	2.00134563	1.90880692	1.86580563	1.83266521	1.76604402	1.67553818	1.59180868	1.52760649	1.45345938	1.35125256	1.23574960	1.14526141	1.07111466	0.995830655	0.918744922	0.832769036	0.749371350	0.687876284	0.636630237	0.582945585	0.530872881	0.474517137	0.419158310	0.354615062	0.308665633	0.289672226	0.286702901	0.333357155	0.413546592	0.617893934	0.911825836	1.62603819	1.82080901	1.83369458	1.99383092	2.01989436	2.13045478	2.38907003	2.62955213	2.80762219	2.92965674	2.97404242	2.77344275	2.48484635	2.22946215	2.14688468	2.16809702	2.31629968	2.50827384	2.73498440	2.90498257	2.98562169	2.97649312	2.99286675	3.12175751	3.31047487	3.57952476	3.76576591	3.92592335	4.06192350	4.22206354	4.37610865	4.53603363	4.63310242	4.65265274	4.60630083	4.51596355	4.42783403	4.30365324	4.15826178	3.99909067	3.89250207	3.77870393	3.67431068	3.57318258	3.46498680	3.34072351	3.22008157	3.09874415	2.98418546	2.88226533	2.80938220	2.75040007	2.66158390	2.53432727	2.38511086	2.22243953	2.07549572	1.96391225	1.90518928	1.85914326	1.80784202	1.74919093	1.69816625	1.66762733	1.62938571	1.56060421	1.48710144	1.40968001	1.33072352
-37.0000000	1.39744473	1.32826841	1.26915443	1.19884586	1.13149524	1.07301795	1.01392460	0.972665489	0.944831729	0.910619676	0.885490000	0.885826766	0.893956661	0.902783334	0.903381169	0.919787228	0.939370155	0.971212685	1.02901149	1.10080111	1.20600748	1.30329192	1.42097163	1.52479076	1.59946859	1.67995763	1.77343297	1.84136069	1.94896388	2.05690598	2.12435722	2.21216774	2.41906095	2.60911345	2.74817014	2.79017901	2.81188631	2.79254460	2.75509024	2.68569207	2.60113573	2.55951786	2.54038167	2.50258040	2.49151921	2.47405195	2.53451228	2.59699774	2.62925696	2.65879178	2.65814447	2.66865373	2.65338159	2.62325263	2.62522602	2.63466573	2.61601591	2.58333325	2.56915903	2.57249045	2.54546905	2.50599527	2.46288109	2.44237900	2.45145106	2.40448713	2.33149219	2.27105761	2.20546389	2.12291121	2.05312467	2.02461600	2.02432036	2.01909900	2.00101352	1.94386816	1.89517534	1.81206059	1.73833203	1.67149270	1.61100972	1.56880176	1.50972068	1.44685376	1.40458477	1.34527981	1.30114603	1.24593759	1.21938133	1.18147576	1.13902962	1.10342348	1.08267605	1.05674148	1.02480030	1.00034380	0.981978774	0.960779250	0.951481640	0.920339704	0.895220757	0.850274503	0.815577388	0.784979939	0.751776099	0.731916666	0.710338950	0.706581593	0.695818901	0.681062043	0.687736452	0.691197276	0.660830140	0.663944840	0.674537838	0.716850281	0.774423957	0.810551286	0.842999756	0.886337340	0.881141603	0.885210693	0.932342410	0.957715452	0.978051782	1.00293791	1.01815903	1.01171899	1.00917876	1.00208831	0.950845122	0.905466139	0.861641228	0.837033749	0.788870633	0.768445730	0.762847006	0.756987333	0.777604461	0.821266294	0.904079020	1.01120114	1.08225965	1.19550776	1.28322482	1.46098757	1.83765197	2.38656378	2.74454713	2.99331236	3.14697194	3.17562652	3.31920886	3.32014823	3.22787476	3.17977214	3.12581015	3.01703429	2.86780715	2.72145033	2.62271857	2.59181261	2.64654303	2.70411801	2.71751356	2.66421843	2.64022112	2.63432670	2.60636759	2.59116411	2.54678988	2.54959941	2.55899858	2.56753469	2.59622049	2.80676699	3.01272964	3.03284025	3.00544143	2.92613220	2.84259009	2.75789309	2.74285555	2.73007727	2.79236984	2.83401656	2.79213357	2.73081446	2.69224548	2.64833331	2.67404318	2.72016144	2.70726538	2.70588088	2.74265003	2.79501700	2.80206156	2.82539558	2.87806559	2.89785266	2.81932783	2.79505587	2.85283160	2.89108610	2.87563348	2.85089660	2.85391712	2.87724638	2.92629361	2.99506998	3.02491903	3.04641342	3.10070419	3.08609223	3.10165405	3.14380050	3.16824794	3.18400073	3.23563647	3.28776407	3.34571719	3.34172010	3.35733843	3.39588118	3.37162328	3.35379100	3.36286211	3.31205416	3.23665118	3.21746135	3.23122811	3.21672916	3.23049283	3.26898265	3.25956440	3.25278974	3.22064424	3.14747238	3.07834649	3.04802513	3.02719092	3.01465583	2.98399091	2.95386386	2.91103983	2.83575749	2.79374456	2.76211286	2.72193193	2.67651916	2.62310529	2.54344606	2.49027681	2.42516947	2.35820079	2.30686116	2.26579356	2.20682931	2.11807966	2.03292990	1.97027481	1.91144645	1.85849392	1.81728101	1.76851642	1.72721672	1.66485524	1.60112894	1.50495028	1.41385436	1.32363141	1.23674858	1.15465319	1.07752335	1.00782418	0.937638760	0.861268997	0.788898647	0.725042999	0.668084383	0.611261249	0.555083156	0.500376165	0.444189668	0.402843952	0.410038978	0.472119063	0.583760858	0.684443772	0.780561030	0.859506488	1.13835812	1.35268736	1.44742453	1.70351923	1.86817503	1.91620874	2.08661056	2.34951782	2.58930326	2.69953060	2.76378489	2.67891908	2.39223766	2.04541636	2.02298427	2.14588404	2.31591654	2.52371001	2.70567775	2.82201862	2.85130978	2.84586811	2.85823441	2.97639513	3.14860916	3.36912870	3.57874441	3.72653937	3.83382773	3.95064592	4.09390068	4.23578930	4.32685232	4.37732315	4.42469406	4.37524271	4.32425070	4.25572538	4.12125731	3.96345067	3.81734419	3.66703558	3.55460191	3.45771575	3.36744070	3.28557301	3.17476654	3.08223844	2.97198319	2.86699152	2.79822564	2.74118400	2.69875455	2.60602760	2.49314284	2.37634754	2.25251007	2.06886387	1.99616015	1.94147861	1.87970304	1.81872332	1.78190339	1.76048255	1.73761892	1.70023727	1.63816214	1.55964756	1.48261082
-38.0000000	1.56073642	1.51045573	1.45021510	1.37634575	1.31664753	1.25530410	1.20141268	1.15681827	1.12148499	1.08863652	1.06822443	1.07193971	1.09467888	1.11974883	1.12058997	1.13105440	1.16397822	1.21997571	1.27062440	1.35556066	1.44788337	1.53348386	1.61403012	1.65165496	1.65716648	1.66779530	1.69011617	1.72590506	1.77454102	1.94251120	2.11554408	2.29891229	2.46905184	2.59691644	2.76555514	2.87273860	2.93810201	2.96896529	2.94833398	2.91749573	2.83582139	2.78769636	2.74348831	2.70205426	2.68040943	2.61482835	2.60559511	2.62474918	2.61951160	2.66568947	2.70104623	2.66982651	2.66861916	2.65470719	2.63558865	2.63293028	2.62061858	2.59839249	2.60905337	2.62566066	2.62316108	2.57760382	2.49734259	2.48660088	2.49286962	2.48871875	2.42221880	2.34165955	2.27091765	2.18544149	2.11476254	2.06244683	2.02570629	1.99761295	1.99194872	1.98244929	1.93049276	1.85891593	1.81107152	1.77226245	1.71288288	1.64937079	1.59731722	1.53742564	1.49149895	1.44853985	1.40422416	1.35839796	1.32176626	1.27560294	1.22883058	1.18387759	1.15724313	1.14109874	1.12606275	1.10394478	1.07525766	1.05506051	1.04982865	1.02595949	0.983443439	0.957037270	0.922559321	0.895395756	0.862119496	0.823307395	0.799389839	0.790690720	0.782027245	0.770258009	0.759622395	0.776845336	0.768973291	0.757352471	0.758961678	0.786582768	0.846486747	0.894786894	0.887757719	0.931607187	0.957493246	0.944496036	0.980653584	1.01201129	1.03370476	1.03379691	1.04536223	1.06575072	1.06043458	1.05480397	1.01485920	0.977447212	0.925674438	0.890057445	0.870900512	0.836737096	0.814773083	0.803283274	0.808618784	0.850737929	0.922847092	1.05534029	1.14986277	1.23870921	1.30015492	1.43916333	1.72221124	1.89308894	1.97118568	2.18131924	2.47908354	2.92653728	3.18592024	3.20249724	3.16660070	3.14184713	3.12045908	3.02347493	2.88546896	2.77462888	2.71212435	2.67180037	2.68379235	2.69278908	2.69480753	2.64082098	2.62900257	2.64092207	2.61813450	2.60626292	2.60250759	2.59356451	2.63763380	2.67116952	2.85864472	3.26190805	3.52686286	3.56511259	3.79725337	2.90069532	2.76500940	2.72054434	2.69592381	2.69294953	2.73657751	2.79291081	2.81450844	2.77455926	2.71564794	2.68193293	2.66481829	2.63495588	2.60931849	2.58515024	2.60859776	2.67878699	2.74476027	2.77227592	2.75803494	2.72810483	2.74005890	2.72167826	2.71192837	2.76977587	2.77162671	2.77292252	2.74414849	2.73438406	2.71497035	2.80735087	2.90370750	2.95150352	3.00844836	3.02641344	3.04030585	3.06197882	3.05714297	2.99632764	3.03451371	3.09330559	3.11595058	3.15913892	3.14570332	3.17111683	3.19919109	3.19915724	3.17853165	3.16886806	3.14658260	3.09695482	3.06441951	3.04945803	3.05803227	3.07856417	3.09378839	3.07989502	3.07683396	3.05903220	2.98312545	2.92160392	2.91670561	2.91605306	2.89000154	2.83823943	2.79587173	2.77523494	2.75622797	2.71511912	2.66733432	2.60529804	2.56614232	2.48228908	2.44918323	2.39033127	2.33118916	2.27496028	2.22527099	2.17051435	2.12092447	2.05545068	1.96796393	1.91172135	1.88303494	1.83690345	1.79281175	1.74567199	1.67990947	1.61713088	1.55659592	1.46866667	1.38784862	1.32685840	1.25196230	1.17401385	1.08796394	1.02110434	0.959587514	0.893417537	0.822668195	0.761686325	0.709295392	0.660155892	0.610410929	0.561307490	0.538772941	0.572599649	0.718061090	0.900115192	1.01495481	0.783074856	0.653400660	0.771352887	0.911965191	1.11197650	1.33080244	1.55138791	1.68376362	1.89977014	2.11629510	2.31638741	2.56450558	2.65553141	2.54283118	2.26817966	2.11453700	2.10971165	2.20099139	2.35797954	2.51617646	2.66596437	2.77177095	2.79013419	2.73838067	2.79063821	2.92023253	3.04671311	3.21829081	3.38463092	3.48780036	3.61111164	3.69145226	3.78946233	3.91073608	4.03326988	4.13099432	4.19195700	4.20905924	4.19100332	4.16001844	4.08720255	3.94958854	3.81390309	3.65264058	3.52346492	3.42818451	3.33976340	3.26984477	3.20649481	3.13416219	3.05203748	2.94580770	2.87826443	2.80524015	2.72147083	2.63995719	2.56682372	2.48459196	2.38732409	2.28867006	2.17531180	2.07561493	1.99856722	1.94934964	1.91695535	1.88031960	1.85108590	1.82055497	1.76906407	1.70010054	1.63606060
-39.0000000	1.70162666	1.65918040	1.62952673	1.58453190	1.52927339	1.46876562	1.41916049	1.36621058	1.30574942	1.26763701	1.23180294	1.21064007	1.21423781	1.22244990	1.25514436	1.29029739	1.31940567	1.33411849	1.34866071	1.39219260	1.43716872	1.48624206	1.50376117	1.51504660	1.53134096	1.52065074	1.55602539	1.63496780	1.73389709	1.88419199	2.06536365	2.24532342	2.45088768	2.62318754	2.77367616	2.92514038	3.04978466	3.12003517	3.16136718	3.16976142	3.10839772	3.02521992	2.95017719	2.92856789	2.90005589	2.81087399	2.75418210	2.76212072	2.75488615	2.71623468	2.67885900	2.69308305	2.69221759	2.67110896	2.64352012	2.61038566	2.64087844	2.64623046	2.62488699	2.61649799	2.64963698	2.63312507	2.59172559	2.54191279	2.55288792	2.53766251	2.47871876	2.40077209	2.34408379	2.27132416	2.20506120	2.13720846	2.08553815	2.04319763	2.01395011	1.99273121	1.98009098	1.89998519	1.84414804	1.80598354	1.78269589	1.72879922	1.68130553	1.63711345	1.59665847	1.55244768	1.52664781	1.47993481	1.43578446	1.40151739	1.35844028	1.30294490	1.26192760	1.24874902	1.23253131	1.22024786	1.19336450	1.16840780	1.14982259	1.14292276	1.11641645	1.08697617	1.05468023	1.02728403	0.988461196	0.964952171	0.920394301	0.903009772	0.899107516	0.883400142	0.852590859	0.841722608	0.835972965	0.848567665	0.849293172	0.866577685	0.916761160	0.984201908	1.02363551	1.05286849	1.08170533	1.09998834	1.10156238	1.13401341	1.14227045	1.15914631	1.14500642	1.16431165	1.17094433	1.15397942	1.13311279	1.07136822	1.01590288	0.974259675	0.950362980	0.915850222	0.896098197	0.877821982	0.871320546	0.874621689	0.920908928	1.00357544	1.07544482	1.18447530	1.25913298	1.36497748	1.45453978	1.51348257	1.61305499	1.87904859	2.26968431	2.73180246	2.97575259	3.04052567	3.08762741	3.13211727	3.15081048	3.09072828	2.97661495	2.81912494	2.73343849	2.68544865	2.69956827	2.74004674	2.71133733	2.64621592	2.62548566	2.59273171	2.61164546	2.57872367	2.55785823	2.58087277	2.59712839	2.68176556	2.98192263	3.34213257	3.51362658	3.30681896	2.82516384	2.66705918	2.60145807	2.62448239	2.64485836	2.63232470	2.70321417	2.80455470	2.81793213	2.77000380	2.73841429	2.70728517	2.65405631	2.61853909	2.57245421	2.51507139	2.51350379	2.55527496	2.65048838	2.67836809	2.66071534	2.64361572	2.65599775	2.66024876	2.65785599	2.69133496	2.69338322	2.66447234	2.66486454	2.70706105	2.68929243	2.70392346	2.75140309	2.78967333	2.84457469	2.89642644	2.92160010	2.97046804	2.95967507	2.91191006	2.88185787	2.91116261	2.96982574	3.00623441	3.01300979	3.01190519	3.04274726	3.03461194	3.03282762	3.02564240	3.01446033	3.03381348	2.99824381	2.97372150	2.95318627	2.93612123	2.92178035	2.90498257	2.90156865	2.94030166	2.94845724	2.91620326	2.88947201	2.88542199	2.85569263	2.81925845	2.79137659	2.74911904	2.71126795	2.70509291	2.66012907	2.58624673	2.51798129	2.45638466	2.41488504	2.38265991	2.35059214	2.29524207	2.26114416	2.20930004	2.15138650	2.10086823	2.04245710	1.97038984	1.91231894	1.87987685	1.82177830	1.77488101	1.72659373	1.67459667	1.60986924	1.52890587	1.44532287	1.38232219	1.34110487	1.28914022	1.20521319	1.12843621	1.06143236	0.987533212	0.916730881	0.853627384	0.804415643	0.758567989	0.744539559	0.732492626	0.721098661	0.786504805	0.975695670	1.29160547	1.38394487	0.885730088	0.614488959	0.645354986	0.697306514	0.851611197	1.05393100	1.24037480	1.41369510	1.55020368	1.67814553	1.79043102	1.88233531	1.92373896	1.94062018	1.97905087	2.02485085	2.11154032	2.26395583	2.44072866	2.55111623	2.66269779	2.74551868	2.78842711	2.82822037	2.86432481	2.92033958	3.00405312	3.12956238	3.22097301	3.26190495	3.31186795	3.41758609	3.51480246	3.59990525	3.73212266	3.81743622	3.86116004	3.92111731	3.95376420	3.95279717	3.91999507	3.86065388	3.76782560	3.65845037	3.54033041	3.42989922	3.32262897	3.25955462	3.19019508	3.12910914	3.07374215	3.02845645	2.98089194	2.91097832	2.82700396	2.75004053	2.69554186	2.63570666	2.55966663	2.48042655	2.37836146	2.25747252	2.15441155	2.07850337	2.03976321	2.01164246	1.98304498	1.94682872	1.90213668	1.84343123	1.77530134
-40.0000000	1.87506592	1.82341480	1.77568293	1.73993301	1.70350909	1.65550840	1.60493457	1.55766129	1.50900853	1.45918107	1.41383922	1.36746192	1.32435477	1.29763532	1.28759551	1.32785928	1.36984873	1.41391110	1.41970909	1.41759002	1.41649234	1.40651822	1.35945261	1.37819684	1.43110275	1.46502399	1.51813006	1.61545086	1.75238919	1.89929354	2.06467223	2.25228381	2.45090032	2.64708543	2.79263425	2.92884612	3.08993769	3.21553206	3.27339411	3.28683686	3.29070354	3.23179269	3.13335538	3.09547949	3.09969020	3.05638862	2.99924469	2.93087673	2.89527440	2.88635540	2.82226658	2.76050735	2.74059510	2.70044255	2.65177894	2.62490821	2.63018537	2.65690899	2.67967200	2.69830751	2.72254944	2.72078991	2.68389511	2.66095209	2.63680911	2.60833383	2.54007149	2.45427036	2.39062190	2.31062055	2.26107740	2.19971299	2.12726784	2.06102014	2.01626396	2.01446295	2.02070308	1.97196817	1.91265702	1.85015345	1.81362164	1.80364132	1.77335167	1.72869229	1.69985080	1.67997181	1.65395868	1.60869420	1.56192791	1.53148639	1.50477326	1.47532487	1.43695903	1.40738857	1.38801491	1.35945189	1.34451640	1.31922257	1.29830146	1.28306890	1.26984417	1.24205327	1.20842230	1.17354131	1.14321446	1.14356649	1.10561824	1.06115258	1.04173660	1.02974331	0.997562885	0.971894085	0.933760047	0.955179811	0.984565139	1.00121975	1.06077671	1.12240279	1.14286709	1.17907143	1.21822023	1.26135230	1.27563286	1.31760955	1.33750939	1.33675992	1.33266294	1.30175805	1.28559911	1.26672339	1.24317515	1.21367848	1.15630531	1.09844351	1.05931330	1.01152718	0.989652276	0.979020476	0.955527663	0.961841524	0.959844351	0.992252409	1.04544032	1.10647726	1.18866634	1.31327689	1.32739151	1.39878464	1.50692248	1.83739805	2.26021695	2.53202939	2.72979188	2.80376720	2.86703610	3.01828980	3.07971740	3.06841493	2.99962211	2.90223289	2.79375267	2.73798084	2.74682283	2.75857902	2.72388458	2.65722013	2.64967728	2.62851524	2.60616970	2.55767274	2.52713752	2.62413383	2.69051123	2.68005919	2.64100480	2.55549836	2.84189773	2.66464376	2.48843932	2.49929309	2.58799481	2.63759422	2.62564349	2.62635231	2.67255282	2.72569084	2.79841471	2.77905416	2.79531145	2.78582978	2.66890764	2.61205649	2.59193850	2.54833341	2.48721075	2.47468328	2.52005720	2.57261825	2.60830116	2.61754513	2.60894156	2.61286926	2.58613586	2.60684323	2.63640189	2.64474893	2.61768579	2.64686632	2.65199518	2.65205479	2.64896035	2.66602826	2.70921087	2.74679661	2.74682665	2.76896048	2.81875634	2.85266495	2.83804798	2.81870461	2.83412433	2.87556219	2.88991594	2.89032936	2.87708998	2.86618567	2.90865135	2.92794943	2.90785003	2.90720749	2.92978096	2.92894340	2.90900493	2.88710904	2.87455273	2.83993530	2.80906463	2.81445456	2.83976316	2.87185884	2.86206436	2.84312844	2.85650682	2.83883739	2.79641724	2.76030040	2.70624232	2.64359188	2.59480786	2.56534266	2.50677776	2.44408846	2.41447067	2.36624217	2.33084440	2.31902480	2.29107618	2.24025202	2.20547104	2.16750646	2.12153268	2.05992222	1.99685442	1.93568242	1.87202418	1.80586052	1.76723182	1.72664261	1.68282664	1.61380684	1.54531097	1.47653389	1.41581631	1.37241316	1.30951023	1.23450089	1.16815245	1.09043086	1.01916456	0.965873361	0.922725022	0.869103372	0.854725718	0.883913457	0.928805411	1.06839669	1.40208149	1.79448867	1.88396418	0.968283236	0.604067504	0.645199776	0.720691323	0.850416183	0.950578868	1.03154361	1.19223654	1.29844749	1.31365371	1.30302262	1.38120890	1.49817955	1.61645353	1.79070246	1.93822896	1.98897243	2.13915777	2.36049581	2.50411391	2.59743357	2.69928503	2.78616524	2.80888724	2.83881187	2.91751838	2.97392082	3.06918526	3.13939571	3.15393400	3.19661021	3.26684523	3.35357904	3.47064877	3.57620335	3.64550447	3.70214248	3.72625303	3.72813582	3.73267388	3.73236203	3.70745707	3.64536810	3.54865789	3.47420049	3.41269827	3.31775451	3.23040628	3.16788077	3.11303902	3.05352449	3.01193357	2.98917031	2.94176507	2.88555908	2.82919669	2.78432846	2.75527477	2.70220685	2.63012099	2.55237055	2.44309163	2.34463406	2.25033641	2.18455362	2.13625431	2.10804129	2.07203221	2.03562379	1.99257410	1.93699837
-41.0000000	2.06764817	2.03141212	1.98722386	1.94201517	1.90807068	1.85402930	1.80449891	1.75452638	1.71584702	1.67991805	1.63685989	1.57751155	1.51339459	1.46239483	1.43630385	1.43542755	1.45703053	1.47858381	1.46546948	1.43190503	1.43470562	1.45307040	1.48668373	1.49204338	1.52764750	1.53441131	1.56821513	1.65357494	1.80734992	1.97754443	2.15269351	2.32249832	2.50245285	2.65710139	2.81714368	2.90372896	3.02277207	3.17300057	3.24538589	3.27528286	3.30617642	3.29984689	3.26264691	3.24362135	3.25207472	3.26777959	3.25342774	3.19139791	3.11500001	3.05206227	2.99624228	2.89810395	2.84018087	2.80751896	2.77086306	2.69827580	2.70078683	2.71333027	2.72034836	2.74382877	2.79352212	2.80265856	2.77401638	2.72344112	2.70969844	2.67208934	2.63627505	2.56646872	2.49709415	2.43733025	2.40074301	2.33111000	2.24422932	2.17368054	2.11533976	2.07399535	2.06400943	2.05325437	2.01056981	1.96371222	1.91631389	1.87869835	1.85895169	1.83889794	1.82286501	1.81082141	1.79223120	1.75858927	1.72317398	1.69714856	1.66869795	1.65375328	1.63287175	1.60403478	1.57298970	1.54821467	1.53245771	1.50509918	1.47416043	1.44847834	1.43774033	1.42179680	1.39934695	1.36938500	1.33924627	1.31663835	1.29659653	1.25430977	1.20422649	1.17032397	1.14577389	1.14082003	1.14615619	1.12944210	1.14370799	1.15219688	1.19586575	1.25580895	1.30011153	1.33029246	1.36533201	1.41342497	1.46144843	1.48946154	1.51124060	1.53901398	1.50959682	1.46711373	1.44701016	1.40583980	1.38161230	1.34588647	1.29972339	1.25623417	1.19124258	1.13895726	1.10543239	1.08216298	1.05910861	1.05827355	1.05571318	1.06279361	1.11713040	1.20007801	1.34867835	1.59531462	1.59312987	1.57690001	1.70507157	1.83913660	2.18138433	2.44385552	2.57105374	2.67772341	2.77901435	2.86190629	2.92000127	2.97919464	2.96259999	2.93568611	2.89933991	2.84632254	2.82634306	2.78262091	2.77135253	2.77952027	2.76429534	2.73167682	2.68706298	2.68474197	2.77477431	3.18717265	3.42408562	3.12300849	2.55107665	2.47154713	2.41069269	2.36600661	2.39119530	2.49689889	2.62205815	2.64902663	2.64206171	2.64897060	2.65858316	2.72290540	2.74177861	2.76397228	2.78960657	2.82798028	2.77709460	2.65806532	2.61151195	2.57651711	2.50137234	2.43190956	2.45400023	2.46395826	2.49534678	2.52795196	2.55149579	2.56197548	2.56704783	2.57282376	2.56473732	2.59961152	2.60883164	2.59751201	2.60465169	2.59930801	2.59158683	2.59661102	2.60887432	2.63131309	2.63838220	2.64766622	2.68861794	2.74773479	2.77934051	2.78871822	2.78646493	2.81828403	2.83903980	2.82068610	2.78475809	2.74873257	2.77041006	2.80034852	2.81654358	2.83924675	2.84772944	2.80755591	2.82004547	2.84155941	2.88029313	2.86640811	2.82900190	2.80856490	2.80333042	2.81599379	2.80680990	2.81520104	2.80400014	2.78427386	2.77963901	2.77543902	2.75234532	2.72347116	2.65652704	2.59331560	2.53999162	2.48479533	2.42653441	2.39782429	2.34844804	2.31486464	2.30706000	2.28026080	2.25219941	2.23414254	2.20964241	2.16165471	2.12459993	2.08293700	1.99045777	1.91578138	1.86518180	1.82837725	1.76449525	1.70096862	1.64759684	1.59177649	1.51886678	1.45003772	1.39468873	1.35700321	1.30136299	1.22761416	1.16657948	1.11907685	1.07667565	1.02231240	1.01590323	1.05660105	1.14887011	1.38064897	1.94526207	2.36196303	2.35727119	1.09909785	0.746467352	0.662363529	0.761438489	0.900128245	0.950700700	0.960073233	1.03332233	1.09661484	1.14132607	1.14634526	1.24261308	1.37819088	1.50671339	1.66231096	1.79513633	1.96131718	2.13374686	2.32727671	2.48475909	2.58352685	2.64098287	2.71954846	2.75638461	2.84804392	2.92791462	2.98974156	3.03364944	3.05510235	3.07722306	3.08402658	3.10108781	3.17265749	3.27344799	3.38065815	3.46129370	3.48943186	3.56434178	3.60378337	3.63411021	3.61317205	3.58897805	3.56100583	3.47992778	3.38606620	3.32859588	3.28199506	3.20446968	3.14554000	3.11813784	3.07209015	3.01388454	2.94392014	2.89979005	2.86176300	2.81631827	2.81125140	2.81349730	2.79224968	2.75794125	2.71354675	2.66257715	2.58039546	2.49837255	2.43804145	2.37229180	2.30704188	2.24853373	2.20691514	2.15382624	2.11727738
-42.0000000	2.30308080	2.27495313	2.25302052	2.21890616	2.16774201	2.11053371	2.05931354	2.01016283	1.96480680	1.93610704	1.90250385	1.86471295	1.81835186	1.76041651	1.68041027	1.63071811	1.62010145	1.61767483	1.60756087	1.58278394	1.56327438	1.56795609	1.60108769	1.64201987	1.67711997	1.71204865	1.75768936	1.81420338	1.92152584	2.08540750	2.25825000	2.39354420	2.52729702	2.64861107	2.78306937	2.90744948	3.01615000	3.11712813	3.21379972	3.27672052	3.26523113	3.27141547	3.29790664	3.33194757	3.35402584	3.41247773	3.41839457	3.34519815	3.26804161	3.20696211	3.13723683	3.05973077	2.97973180	2.92945981	2.86026883	2.80978036	2.77895689	2.76722455	2.79232883	2.79836512	2.83895898	2.85991836	2.86327624	2.83230901	2.77228284	2.73425817	2.72727489	2.71135783	2.68502069	2.63047147	2.55940318	2.50191832	2.45479488	2.39886189	2.33262992	2.26042891	2.21374679	2.18864560	2.15807104	2.12454844	2.08058763	2.03820086	2.00467157	1.97458827	1.96059418	1.95235717	1.94109297	1.91488290	1.89449000	1.86610198	1.84027576	1.83137143	1.82146347	1.80204511	1.76727247	1.74593520	1.72597897	1.71748888	1.68971753	1.64529765	1.61801910	1.60911620	1.59084225	1.58010745	1.54326355	1.50797772	1.50227141	1.47685230	1.44026816	1.40936542	1.38087094	1.34240675	1.32495403	1.33580470	1.34040177	1.34550977	1.36944342	1.38573766	1.44704759	1.49495673	1.55716765	1.60473573	1.62677217	1.66062164	1.68443465	1.70546925	1.71236598	1.67881846	1.65343225	1.61781847	1.57498336	1.52055812	1.46890223	1.42121434	1.36742103	1.32258368	1.28496063	1.23738098	1.21415246	1.18355465	1.18801224	1.18666697	1.23830748	1.37184417	1.62108338	1.88509238	2.23402596	2.13031721	1.90618110	1.96215332	2.20581961	2.47282052	2.55884504	2.61671948	2.71964169	2.79563141	2.81514859	2.86601496	2.91137409	2.93694830	2.92813993	2.92072392	2.89837694	2.87691355	2.88144135	2.92064857	2.90426898	2.87462497	2.89041185	3.01683378	3.45766521	4.10958719	4.30028963	3.40231252	2.51815152	2.01259422	2.02602506	2.13230085	2.28055477	2.45461178	2.61364126	2.63594079	2.64330053	2.66317868	2.68717694	2.74841237	2.74735379	2.75192857	2.75074077	2.77239776	2.76353312	2.66359448	2.60005021	2.54370093	2.47080922	2.36887407	2.38732576	2.41862488	2.44427371	2.48421383	2.53520608	2.53110290	2.51349139	2.49788356	2.49023056	2.49090385	2.49097872	2.51414013	2.55389619	2.57112050	2.56416368	2.54931021	2.53212857	2.51866889	2.54144764	2.55785012	2.58927155	2.65176845	2.67758512	2.68311143	2.71348953	2.72395468	2.72835350	2.71388006	2.71728039	2.72714067	2.70392919	2.70494151	2.71771836	2.73309135	2.73722482	2.73821449	2.74206400	2.78670788	2.79748917	2.77819014	2.77350283	2.75773072	2.75069857	2.76388073	2.74770904	2.75372410	2.76477528	2.73360610	2.73427677	2.71921086	2.75446868	2.75858712	2.72381473	2.68451476	2.63187337	2.56858778	2.50442767	2.45600724	2.43038774	2.39164400	2.35233736	2.31758523	2.28717256	2.27875853	2.27129340	2.25536180	2.21396446	2.15607548	2.13807702	2.07817030	2.00283599	1.94315875	1.88516092	1.83762014	1.78781080	1.72930276	1.66143775	1.59091640	1.53722715	1.49517429	1.44576037	1.39726222	1.34881639	1.29765093	1.24813414	1.20868504	1.23213863	1.28881133	1.38650894	1.68585432	2.43885779	3.32778287	2.95326233	1.38909912	0.782552779	0.719620347	0.778566957	0.835859060	0.864212930	0.831825972	0.839688778	0.914557159	1.04582489	1.13729286	1.21682751	1.32463467	1.44297028	1.55189466	1.73677158	1.90972781	2.09447765	2.25703645	2.42179275	2.58725190	2.67583489	2.74843335	2.81569123	2.86156607	2.91581821	2.96682596	3.00398397	3.01279998	3.00971460	3.02339506	3.05050468	3.07348275	3.13292766	3.21173358	3.25405741	3.24557495	3.29890490	3.39863491	3.46267796	3.49821496	3.50783277	3.48463774	3.44488597	3.39335608	3.33287764	3.25774789	3.18669248	3.13056397	3.09120560	3.05987954	3.02964568	2.99146438	2.91616559	2.86074162	2.84109640	2.84431839	2.86506057	2.88570237	2.86650109	2.84000087	2.80718446	2.77156472	2.73498583	2.69939590	2.66793847	2.59380317	2.50775838	2.44131970	2.39115930	2.35308719
-43.0000000	2.55931211	2.53074026	2.50147724	2.47640038	2.43176675	2.36885905	2.31316662	2.27201700	2.22562289	2.16844916	2.11139536	2.10274935	2.08845925	2.05767298	2.01368380	1.95054722	1.88413596	1.83158815	1.79251480	1.78328061	1.78246033	1.78455901	1.80973530	1.84537053	1.87013412	1.91438699	1.96175408	2.01716137	2.09553027	2.21347475	2.35538101	2.47331882	2.58836508	2.69797873	2.80701303	2.90297437	2.99463630	3.09805226	3.18648481	3.24295783	3.28021121	3.27293682	3.28583145	3.33494043	3.39960623	3.45491242	3.47542739	3.45193911	3.37382197	3.29528499	3.24953723	3.20013523	3.13604069	3.06321812	2.98709726	2.90164852	2.89522386	2.88755035	2.88226199	2.87851262	2.85631800	2.85403967	2.86459208	2.85466099	2.83688116	2.82406116	2.82645464	2.80919123	2.78055120	2.74457216	2.70329618	2.64450145	2.59572458	2.55210829	2.51535511	2.46056604	2.39481282	2.34668016	2.32222867	2.29716349	2.26233268	2.22907829	2.18677402	2.14572024	2.10905218	2.08292079	2.07293510	2.05862308	2.03949237	2.02164030	2.00526643	1.97642684	1.96865380	1.96086705	1.94899166	1.92465770	1.91846406	1.93193567	1.91182053	1.85704303	1.79779339	1.78112590	1.77838051	1.77496576	1.77874839	1.77349114	1.76753056	1.74079847	1.69894326	1.66472435	1.64174223	1.62393224	1.57428467	1.55758476	1.57095921	1.59247935	1.61685836	1.62870347	1.63371956	1.66803467	1.72149944	1.77967978	1.83372438	1.85037947	1.85617733	1.87954855	1.88312125	1.86899710	1.85473883	1.83454406	1.79900086	1.73465121	1.66838598	1.60422790	1.57297027	1.53123462	1.48345470	1.44124389	1.40306664	1.36655343	1.33563709	1.32833111	1.38354862	1.51568663	1.71771860	2.06031036	2.27252316	2.04479909	1.93967652	2.14833474	2.39142418	2.58804846	2.62270093	2.58199143	2.59941626	2.66967392	2.74915886	2.80746555	2.86561275	2.93086362	2.94610214	2.94500661	2.94292712	2.95706034	2.98127437	3.02943039	3.11997437	3.29555464	3.65525579	4.24569416	4.83850479	4.77279091	3.31873322	2.46612954	2.02440524	1.75338614	1.88094079	1.98775995	2.13013315	2.27051091	2.41908860	2.52456570	2.58782911	2.62643385	2.63917160	2.70674968	2.74748445	2.75327802	2.74887061	2.70981812	2.66805553	2.64997268	2.61145306	2.58116817	2.54132533	2.45837116	2.39936018	2.38371205	2.40528560	2.43329668	2.46421862	2.48906493	2.47788787	2.46528959	2.46736240	2.45326114	2.44866776	2.46730661	2.49599385	2.51228166	2.55929589	2.55076146	2.50367737	2.46172929	2.45480847	2.49393535	2.53985381	2.59940052	2.64014745	2.64246535	2.62766623	2.64602947	2.64776397	2.63114643	2.60327578	2.62039661	2.62632394	2.63112497	2.63237906	2.66061020	2.69979262	2.71159101	2.71565270	2.73026562	2.73509359	2.70793104	2.70220757	2.71110058	2.72051954	2.71270609	2.67165065	2.66652894	2.69252086	2.68787146	2.69411182	2.70624900	2.72273445	2.74072838	2.74572945	2.71277618	2.67538238	2.64938927	2.59635282	2.53632808	2.49814200	2.45408535	2.41509676	2.37330914	2.34758472	2.32667494	2.30221725	2.28142595	2.26403499	2.23703265	2.20216751	2.18837309	2.15964341	2.09784842	2.03794861	1.99579227	1.95710015	1.89272630	1.82140875	1.75445020	1.70870316	1.65991235	1.60827708	1.56639767	1.53213489	1.48098838	1.41896808	1.39349484	1.45484352	1.53843236	1.72089958	2.15490508	3.08811235	4.56114626	3.59266281	1.53560734	0.853136718	0.664886773	0.684390783	0.715261936	0.731670380	0.713050544	0.740374207	0.836693823	0.973981082	1.08067095	1.18305266	1.30649185	1.42264795	1.55894923	1.69807673	1.87467885	2.05799866	2.21625113	2.36678767	2.51065278	2.65950203	2.78040290	2.85473990	2.88141990	2.88901973	2.90892982	2.94975758	2.97070527	2.95165920	2.96420002	2.98459196	3.01785564	3.07658553	3.11148906	3.13559198	3.14535928	3.16580105	3.24390650	3.33137178	3.37876916	3.38928485	3.38831162	3.35856462	3.31632900	3.30742002	3.28055906	3.22854805	3.16565299	3.11753416	3.06793666	3.03146887	3.00186563	2.97114348	2.90955615	2.86385846	2.87539840	2.90511680	2.94974995	2.98676705	2.99247384	2.99078512	2.95260239	2.91264558	2.87213707	2.83199334	2.78367734	2.73058057	2.67396688	2.63107109	2.59838033
-44.0000000	2.69275880	2.65717959	2.63002849	2.59223413	2.56812000	2.54623199	2.51424432	2.50080991	2.49929023	2.49896240	2.47548246	2.43370080	2.39241076	2.35126495	2.31279039	2.24829602	2.17377639	2.09939504	2.05082536	2.02397418	2.03027463	2.04595590	2.05400324	2.07287169	2.11778665	2.16432476	2.17473674	2.23590589	2.30716944	2.39136267	2.49683332	2.61447096	2.68162107	2.75993729	2.86952066	2.96301603	3.03478289	3.08327460	3.15028214	3.21535182	3.26100230	3.30011892	3.33361387	3.32155895	3.33354759	3.34511757	3.36871147	3.40727520	3.40494752	3.36225605	3.32196259	3.30337429	3.25419259	3.18716145	3.09262705	2.99224210	2.93845868	2.92349410	2.91585112	2.91053581	2.90208149	2.90324855	2.91977382	2.92638087	2.91093016	2.87942910	2.82737374	2.82470417	2.82021451	2.79357767	2.76648998	2.74060416	2.71145320	2.68422198	2.67219901	2.64170074	2.58291340	2.54366207	2.48766732	2.45460486	2.43641806	2.40768027	2.36471176	2.32576919	2.28416133	2.25020409	2.22641468	2.20900536	2.19978786	2.18664026	2.15330267	2.11443472	2.07286263	2.05020571	2.04325104	2.04131484	2.05631995	2.09417462	2.11488104	2.12597728	2.09329534	2.03965187	1.99797666	1.97564209	1.96928024	1.97879374	1.99033105	1.97648585	1.93990242	1.90657222	1.88702059	1.88505018	1.87379313	1.84660006	1.84200680	1.84903574	1.88191342	1.89589274	1.89701962	1.88477707	1.91721582	1.98966217	2.02886224	2.05173945	2.05707979	2.06686449	2.08600736	2.08400011	2.06287622	2.04465938	2.01866126	1.97488999	1.90596986	1.83801663	1.77699220	1.73378778	1.69710588	1.63614714	1.58802509	1.56231451	1.53245378	1.51437843	1.54075432	1.62723172	1.75570285	1.91303337	2.03818154	2.04899311	2.16851377	2.38556957	2.63033319	2.70234108	2.73544979	2.65491199	2.61427045	2.62930369	2.67083549	2.73110414	2.81814528	2.87374020	2.94227052	2.94845986	2.96705079	2.98633957	3.06258678	3.26518869	3.67886806	4.65008116	5.82478189	6.67357731	4.83887672	3.16836357	2.29106569	1.86257231	1.73119462	1.80084229	1.92479968	1.99219942	2.05354071	2.14765143	2.25771141	2.38215637	2.49257231	2.56045222	2.59603429	2.70227456	2.76245999	2.75950718	2.73208594	2.73742175	2.73638225	2.67782307	2.65578246	2.63489389	2.60950303	2.53037357	2.48044920	2.45639753	2.44042659	2.43494296	2.42019200	2.43662477	2.45666623	2.45780945	2.46353984	2.46862817	2.44444513	2.41980410	2.41895008	2.45548201	2.51307130	2.53196406	2.51583695	2.47234607	2.46521759	2.49265718	2.52825642	2.58917022	2.64155889	2.64597249	2.61068201	2.58046412	2.57697678	2.59784484	2.60521173	2.59535408	2.57582617	2.57832265	2.59556651	2.60456920	2.63376427	2.67713261	2.66811299	2.65793324	2.67094970	2.68848181	2.68963814	2.68405747	2.68184304	2.70373893	2.69443178	2.67879510	2.69370055	2.70995378	2.70993757	2.69447279	2.70176601	2.71402407	2.71859288	2.71425009	2.67720366	2.64216065	2.61580706	2.58378553	2.54782724	2.51992917	2.49842548	2.46428204	2.42952061	2.40387392	2.38432431	2.35688424	2.33074474	2.31170964	2.27631593	2.25804758	2.25907373	2.23523998	2.19542503	2.16193271	2.12255192	2.06658030	1.98263550	1.90530956	1.85435295	1.80930531	1.76505816	1.74347210	1.72421896	1.70925045	1.69558871	1.68459272	1.75863242	1.86946177	2.16552806	2.79330349	4.11550522	5.60827160	3.72288561	1.58352542	0.794373274	0.577550530	0.579634130	0.620889127	0.676212907	0.710630178	0.758540034	0.855579376	0.982646763	1.09163237	1.19727707	1.28678548	1.42670321	1.59505630	1.75311852	1.91657650	2.07389688	2.25678992	2.43009281	2.56204414	2.64814210	2.73441792	2.81157947	2.88555574	2.93136978	2.94575834	2.99732232	3.01651525	3.02961659	3.03717446	3.02767158	3.04627132	3.06022763	3.04990792	3.06912923	3.09868908	3.12786603	3.16723108	3.20081782	3.22277093	3.25542402	3.25896621	3.24842477	3.22427654	3.19577074	3.17048407	3.16248441	3.13752365	3.11646509	3.09040833	3.05558944	3.00650430	2.96067715	2.92248416	2.90138483	2.91584921	2.98712516	3.02439237	3.03510141	3.04368854	3.03829002	3.02855659	3.01539063	3.00188327	2.96540546	2.90639997	2.84839392	2.81277728	2.78444004	2.73896384
-45.0000000	2.84196138	2.81900215	2.79683590	2.78013897	2.75935602	2.74031162	2.71591187	2.71325159	2.73386574	2.75312090	2.74658132	2.71856570	2.68406701	2.63694549	2.59187961	2.55226636	2.50207663	2.43900394	2.39139509	2.36765051	2.34579349	2.34212279	2.35165238	2.35650110	2.38719535	2.42510605	2.45258927	2.47688341	2.53257704	2.59075117	2.64874291	2.73374295	2.84024477	2.90466404	2.94974041	3.01194739	3.10276031	3.15862155	3.18375874	3.21435928	3.24275303	3.26264215	3.29383302	3.33375287	3.33901119	3.31593037	3.30427337	3.31046820	3.33601570	3.34492850	3.31708646	3.30764532	3.31302834	3.30829144	3.26679611	3.18590617	3.09068251	3.02096033	2.97503185	2.94141746	2.91403317	2.90797496	2.91849804	2.93568826	2.93174958	2.91889858	2.88733506	2.85406017	2.82786679	2.83705950	2.85723639	2.87055898	2.86808634	2.85422659	2.82709503	2.80159664	2.75565219	2.71011138	2.65910912	2.61684418	2.58993578	2.56972289	2.53879452	2.49873614	2.45568681	2.41767073	2.39886594	2.38210893	2.35083246	2.33577085	2.33040571	2.30605769	2.28052497	2.25325108	2.23025894	2.22299147	2.22310162	2.23593211	2.25949502	2.26286173	2.26094365	2.24897552	2.21426511	2.18294597	2.17465258	2.16452432	2.17648673	2.18515539	2.17327404	2.15898728	2.14590836	2.14567661	2.14026475	2.13843989	2.11491466	2.10114050	2.11194444	2.12298822	2.12497807	2.13810897	2.13062310	2.16906285	2.22013879	2.24637794	2.26503539	2.26248980	2.27055550	2.27529097	2.28424120	2.27656841	2.25463343	2.22698188	2.16414285	2.09928179	2.02439380	1.96102202	1.90770423	1.85820174	1.79831302	1.74331737	1.71905017	1.71291459	1.72366202	1.75727880	1.81162715	1.89716363	2.03795052	2.17699265	2.32236600	2.51016593	2.66528034	2.66116738	2.65802526	2.70098925	2.73520207	2.74779654	2.78035712	2.79314280	2.82118392	2.87694216	2.94201899	2.97450447	3.01141119	3.08974671	3.23596048	3.56977677	4.53869772	6.06422043	5.84686852	4.31084967	3.15193486	2.45198321	1.96499133	1.82248855	1.89476597	1.93979895	1.99441576	2.01463151	2.07770824	2.20378113	2.33487868	2.44529748	2.53433609	2.60053182	2.68940639	2.79433584	2.82827401	2.79883885	2.73669338	2.69887280	2.68361545	2.67426252	2.68087745	2.68547320	2.67237186	2.62703443	2.54255509	2.49311996	2.47336698	2.46655154	2.44107938	2.43705416	2.43529391	2.44902110	2.45735788	2.45247173	2.45434475	2.44476438	2.42148614	2.41761565	2.45942092	2.51186395	2.53756762	2.53403878	2.50599957	2.51553774	2.54215074	2.58169079	2.65354657	2.67643976	2.65024114	2.61079168	2.57896781	2.58576155	2.58864260	2.60442662	2.58931208	2.57058740	2.56946826	2.57537317	2.59797788	2.62841034	2.67184043	2.68538165	2.66951656	2.66601706	2.67113471	2.66998649	2.66214728	2.66480160	2.69123483	2.68472385	2.69773030	2.70709586	2.71099663	2.71649003	2.72301984	2.72742033	2.73060369	2.75309658	2.76066399	2.72739387	2.68272805	2.67619944	2.66179419	2.63463831	2.58470440	2.54221892	2.50909567	2.48971725	2.47806215	2.45815563	2.41053486	2.38205099	2.35492110	2.32028484	2.30333185	2.29338598	2.28210378	2.26743388	2.24401188	2.22627044	2.19791675	2.14457536	2.07943511	2.01473904	1.96775639	1.93873942	1.92849076	1.92116058	1.93173182	1.97265697	2.08978868	2.30563855	2.78800035	3.85902858	5.54256964	6.32448721	3.52282667	1.23725843	0.695270300	0.588862300	0.582172036	0.628322184	0.659522355	0.690297842	0.767062724	0.884162486	0.992187083	1.10739970	1.23852444	1.36503172	1.48299730	1.64641309	1.83694208	2.01762486	2.15667081	2.30143189	2.45538831	2.60615873	2.72284794	2.82452559	2.85299325	2.88984609	2.94678974	3.00655460	3.06838560	3.11725020	3.17150855	3.19825697	3.18227863	3.14758325	3.12624526	3.12568450	3.10447121	3.09346223	3.11270642	3.13791108	3.15826297	3.16819072	3.17478180	3.17937732	3.17789340	3.17009115	3.17975378	3.18259144	3.16591597	3.14816666	3.11448383	3.10318828	3.09203696	3.08221388	3.05012965	3.02209258	2.98065758	2.98283124	3.01761580	3.03937531	3.03560090	3.02906179	3.03687906	3.05330896	3.04687333	3.03317523	3.01556873	2.98385167	2.94676065	2.90616059	2.88067341	2.87007952
-46.0000000	2.92591166	2.91585803	2.91580296	2.90041041	2.87081432	2.84234977	2.84432459	2.86359167	2.89217281	2.92787194	2.94455147	2.92241192	2.88683343	2.85321355	2.81691718	2.77407551	2.73645592	2.69814515	2.67446470	2.66844583	2.66274786	2.64640927	2.64049196	2.63295341	2.62474513	2.64123750	2.67868066	2.70039177	2.73647261	2.80075288	2.85156107	2.89646626	2.95717287	3.02762198	3.09483194	3.12760973	3.16678905	3.22412753	3.26098824	3.25871325	3.29322410	3.30795789	3.33325505	3.34699368	3.35242677	3.33903551	3.33710933	3.32539415	3.32977343	3.33839297	3.33664560	3.31272101	3.31411052	3.27953339	3.25488424	3.25345898	3.21119213	3.15468264	3.10973144	3.05775952	2.99894857	2.95815444	2.92610478	2.91635895	2.89627838	2.86743307	2.83333278	2.81000924	2.81156349	2.80475330	2.80829740	2.79823327	2.81006694	2.84571362	2.87303352	2.86614037	2.84046626	2.80960107	2.78249526	2.76550293	2.75865126	2.75012040	2.73952341	2.73487163	2.69990587	2.64894772	2.60777521	2.56890869	2.52129245	2.47974801	2.46647215	2.46839857	2.45657825	2.42889524	2.39423990	2.36618662	2.35168886	2.35294795	2.37234449	2.37578440	2.36817288	2.36231542	2.37207985	2.37699533	2.37990212	2.36851096	2.36920190	2.37580085	2.38738513	2.38719296	2.38156271	2.39898682	2.39827514	2.36995959	2.35157418	2.33319831	2.32889199	2.33967876	2.33395028	2.33908749	2.36884737	2.35715294	2.38071275	2.42121577	2.45928741	2.47797823	2.47914886	2.46318293	2.45712471	2.45637488	2.46106791	2.45786572	2.42814159	2.35998154	2.27593756	2.19705319	2.13822603	2.08595037	2.02729797	1.97398126	1.92854345	1.88559973	1.88011599	1.89787555	1.90740728	1.96318245	2.06081057	2.17726493	2.29664874	2.39927959	2.48642540	2.54762912	2.61359930	2.68793178	2.77380991	2.84548211	2.87266064	2.88391161	2.91447854	2.94644332	2.96850324	2.97241735	3.01215434	3.11497355	3.31971383	3.70142055	4.61122942	5.08186483	4.13163614	3.26843977	2.56686783	2.12234640	2.02797604	2.03337336	2.09080315	2.08307600	2.04678988	2.04436445	2.11446047	2.22531414	2.36793804	2.49104595	2.58847928	2.69199109	2.75735641	2.81834984	2.85335541	2.83473873	2.79429197	2.74669290	2.73473740	2.73482060	2.72679734	2.73344111	2.72082138	2.69492888	2.64525247	2.58396649	2.55700564	2.52579951	2.49725914	2.48447824	2.46042681	2.46060085	2.45987940	2.48113847	2.49283886	2.48549342	2.47958899	2.45574093	2.46548653	2.49813795	2.51696587	2.54456306	2.57072806	2.58031750	2.57787752	2.57030416	2.59751272	2.63966870	2.64410138	2.63582873	2.62137151	2.59096289	2.58935547	2.60592937	2.59881878	2.58454418	2.58134151	2.59101844	2.59919429	2.61615777	2.64712501	2.68069863	2.70520949	2.70490694	2.68941307	2.68313408	2.69350505	2.68976307	2.70155072	2.69978786	2.70666552	2.71451426	2.71420455	2.71454692	2.70596123	2.71125507	2.72049284	2.72600889	2.73063922	2.74134040	2.71798182	2.70210409	2.70402527	2.71308517	2.71357155	2.67340684	2.62723112	2.59505820	2.58548474	2.57167387	2.53895402	2.51147223	2.48462963	2.45790815	2.41742277	2.38909125	2.37630105	2.36059475	2.34070182	2.32784057	2.30844021	2.28444242	2.24263859	2.20695376	2.17711306	2.15665293	2.13102794	2.13976598	2.19021821	2.25572157	2.44145203	2.85714149	3.81604362	5.62346077	7.06559706	6.10040188	2.78213215	1.04030323	0.662528932	0.628170013	0.637875676	0.636939287	0.647977829	0.706745446	0.799961507	0.899513125	0.987571120	1.09608364	1.21066701	1.31525528	1.46978652	1.63530064	1.82070112	2.02944016	2.22624421	2.36943340	2.51741195	2.66181254	2.77780485	2.86535573	2.94022536	2.96305633	3.00081992	3.05380559	3.11491013	3.19689775	3.25327373	3.27925086	3.29723954	3.30148768	3.29575396	3.26322126	3.22545481	3.21173930	3.20844007	3.20368624	3.20905161	3.21109486	3.22396946	3.21649265	3.20717955	3.19285417	3.18696642	3.19683743	3.20529413	3.20548630	3.18415642	3.15289164	3.14351940	3.11765623	3.08951068	3.06360960	3.05639434	3.05695438	3.07278538	3.08933854	3.10370016	3.10373545	3.09621191	3.10723281	3.13395405	3.13056970	3.10534835	3.06333089	3.01389551	2.98186159	2.95970154	2.93730164
-47.0000000	2.98438787	2.98642564	2.98283935	2.97229147	2.94840407	2.90596294	2.87675166	2.88112783	2.90520096	2.94408751	2.97437668	2.97003531	2.95058656	2.92379117	2.89605808	2.86600971	2.84225512	2.83052635	2.82503414	2.82351542	2.83133245	2.82892323	2.81340671	2.78605533	2.76895046	2.77565980	2.81426048	2.84815788	2.86787343	2.91019988	3.00110602	3.06561518	3.10168219	3.13941884	3.17161393	3.20928621	3.25085163	3.30589247	3.25755811	3.29510951	3.32546306	3.33575892	3.34485126	3.35581756	3.35515189	3.35128403	3.35065603	3.35178185	3.35185027	3.37130666	3.37963200	3.38120413	3.33292651	3.28709197	3.25951290	3.24155474	3.23538733	3.22488832	3.19555736	3.14565945	3.08847690	3.04831839	2.99655700	2.95250654	2.90693974	2.88169479	2.86351299	2.83220720	2.81829906	2.80771852	2.79305840	2.78878617	2.80361056	2.83098650	2.86768723	2.89877844	2.90585065	2.89295149	2.88620234	2.89363384	2.89085722	2.90205407	2.90914297	2.90739441	2.90297484	2.87648439	2.83128905	2.78116107	2.72457242	2.66734552	2.61874580	2.59826517	2.58910847	2.57669497	2.54958534	2.51163483	2.47881293	2.45851898	2.44838977	2.46134186	2.46867919	2.46513104	2.47554350	2.50553465	2.52947092	2.53547430	2.53150249	2.53588843	2.53971291	2.53545022	2.54112911	2.56323457	2.57862687	2.57322264	2.55457425	2.53169060	2.53391957	2.54476619	2.55466247	2.55289268	2.54107475	2.55538392	2.56684947	2.58567572	2.61940646	2.65598536	2.67319942	2.67225432	2.65839458	2.65542889	2.65378475	2.64221692	2.62803507	2.59661841	2.53891253	2.45649338	2.37647104	2.32541156	2.27846408	2.22341132	2.17748618	2.12868977	2.07409120	2.03328729	2.01628280	2.01608038	2.07705688	2.13444901	2.20589900	2.27480435	2.33023477	2.43226147	2.56105304	2.67327261	2.74642253	2.83156586	2.89276242	2.95464063	2.98461890	3.01121497	3.06808281	3.05539012	3.07092524	3.15936112	3.30939484	3.53083134	3.88231850	3.87035298	3.48915672	2.88376832	2.44666100	2.37413359	2.37154937	2.30943131	2.22210526	2.14305449	2.11303878	2.14160728	2.23542786	2.32933021	2.38076186	2.50338769	2.61062574	2.70338535	2.77116227	2.79790163	2.85790443	2.84634185	2.81308699	2.82446694	2.83471227	2.83591652	2.82599759	2.81593871	2.81331873	2.78107858	2.75912905	2.71919632	2.68153858	2.63679910	2.58308816	2.55135584	2.53105259	2.51852298	2.52345443	2.53071117	2.55902934	2.56521869	2.54620218	2.51396513	2.49844956	2.52024031	2.54442549	2.55647087	2.57377982	2.60552192	2.61474204	2.61397147	2.61108541	2.64170170	2.64393711	2.65329146	2.64754152	2.62400818	2.60599828	2.62798095	2.62443686	2.60920119	2.60139990	2.59058070	2.58694053	2.60275912	2.62077880	2.64795876	2.66949868	2.67787862	2.68699050	2.68241930	2.68484044	2.69619536	2.72261381	2.73828888	2.74558783	2.76496983	2.76109695	2.75195384	2.72648954	2.70257640	2.70374322	2.72230577	2.72399211	2.73433018	2.73364878	2.70315003	2.69160843	2.69676828	2.71541476	2.73451972	2.73727632	2.70494032	2.65937090	2.63147306	2.62530375	2.61294508	2.58754563	2.56544805	2.54903913	2.54326439	2.51515698	2.47950649	2.45589495	2.43364835	2.43045044	2.41528797	2.38582492	2.36738920	2.36890268	2.37273836	2.36682034	2.39666343	2.46655369	2.57448959	2.84638762	3.55202818	4.96208477	7.01793337	8.65031052	5.45021772	2.54940581	1.10890722	0.798714280	0.775033891	0.777905643	0.746600211	0.733860493	0.764391661	0.863500774	0.967830241	1.04680538	1.10618901	1.20929313	1.34274983	1.44788170	1.59067476	1.73689163	1.92986619	2.13342142	2.30810261	2.48375273	2.67191052	2.82121491	2.89544582	2.97849321	3.03472066	3.07545757	3.11335230	3.14207721	3.19418287	3.23634458	3.28600478	3.32391620	3.36112761	3.37483931	3.37824988	3.35223317	3.31461668	3.29021239	3.26788139	3.25005317	3.23922276	3.25383663	3.24887991	3.23770785	3.23896933	3.25107336	3.26404643	3.26379085	3.25545859	3.24026656	3.22292519	3.19673538	3.17376947	3.15101051	3.11774325	3.10526824	3.10187364	3.09200454	3.08163095	3.09198189	3.11023521	3.11019611	3.10480738	3.12166715	3.15380597	3.17723489	3.15856719	3.10718203	3.05455852	3.01100087	2.98639297
-48.0000000	3.02601910	3.02400088	3.01168489	2.99092698	2.96706247	2.94108844	2.92049623	2.91237450	2.91872931	2.92880893	2.94084740	2.96249557	2.95726180	2.93220878	2.90696979	2.89169884	2.89072537	2.89671707	2.90652299	2.92095852	2.92192721	2.92100811	2.92652488	2.90419412	2.87752604	2.87298274	2.89281893	2.93327475	2.96399808	2.99381948	3.04721498	3.12017584	3.18343234	3.20808482	3.21594214	3.23308325	3.27019668	3.30529618	3.31654859	3.30937052	3.31265068	3.33782911	3.34175277	3.34015465	3.34043479	3.34716845	3.33403778	3.33103943	3.34364915	3.35104513	3.36461639	3.37642980	3.38238931	3.37185907	3.33645487	3.29958963	3.27060199	3.25250745	3.22787499	3.19654846	3.16068912	3.12527227	3.09104514	3.02859855	2.97559023	2.94041753	2.92312360	2.92107034	2.92262697	2.90923619	2.83426070	2.78556943	2.81018424	2.85387278	2.90628815	2.95863199	3.00021005	3.02348566	3.02878237	3.02444124	3.01168990	2.99541235	2.98665190	2.97096109	2.94950318	2.92885971	2.90069962	2.87088633	2.83987498	2.80647922	2.77406216	2.74854875	2.73139858	2.72235703	2.70900416	2.67036891	2.62197065	2.59020281	2.57563615	2.57601476	2.58230114	2.58888149	2.58770561	2.59364367	2.61713934	2.63268685	2.63577294	2.63331199	2.63153696	2.63789415	2.64204502	2.67104745	2.69832206	2.71224022	2.71020818	2.68479729	2.67443180	2.68658519	2.71069574	2.73627663	2.74395990	2.73896170	2.74794817	2.76434422	2.78667188	2.81444478	2.83035541	2.85072470	2.85981584	2.86333942	2.85931182	2.83188844	2.80290389	2.77229786	2.74067736	2.68700337	2.63368511	2.57466793	2.52303147	2.49357486	2.45102572	2.39037228	2.31646729	2.24742842	2.20893836	2.17142200	2.15583801	2.18166852	2.22604179	2.26405454	2.32976961	2.42580104	2.51404500	2.63717461	2.73109937	2.79859424	2.87994838	2.96056843	3.01490760	3.05997729	3.10198545	3.10440302	3.11413026	3.14409208	3.24062371	3.36402297	3.45506597	3.33710313	3.14826965	2.94627118	2.82056093	2.73056149	2.63666153	2.50417352	2.34666967	2.26129246	2.25915456	2.30157542	2.35979080	2.40920544	2.41851759	2.49396300	2.62216663	2.71224666	2.74529195	2.74095988	2.78390241	2.80803585	2.81037188	2.83729434	2.86850095	2.88603544	2.89861226	2.88737297	2.86232543	2.85681295	2.84413052	2.82397270	2.79872990	2.75626850	2.70224142	2.64519739	2.60414338	2.60265708	2.60427570	2.60795856	2.62721515	2.64052343	2.64114785	2.61444283	2.58258414	2.56930614	2.57729578	2.60378957	2.63047576	2.66470838	2.67972994	2.68526840	2.69158864	2.70080781	2.69418097	2.70566058	2.71388602	2.69820523	2.66489053	2.65374875	2.66434646	2.67601800	2.66767144	2.66856861	2.67012620	2.64814162	2.63392806	2.62541771	2.62798738	2.63638496	2.65946436	2.67698216	2.68843484	2.70139027	2.71614909	2.73719645	2.75242162	2.76228666	2.79214358	2.78475952	2.78408265	2.77740932	2.75499344	2.75504351	2.75890446	2.74870706	2.74434400	2.74052978	2.73965549	2.72771072	2.73298907	2.74262953	2.75963426	2.76498270	2.75033450	2.72030020	2.69976854	2.68716645	2.68643308	2.66754675	2.63852739	2.63607836	2.64154983	2.60635710	2.57626843	2.57114434	2.57666373	2.58314753	2.56569457	2.54597831	2.54122806	2.55052423	2.56904721	2.63661361	2.74630857	2.91996169	3.35776401	4.37068701	6.25648737	9.14353561	9.78072262	6.14809895	2.65308213	1.19807351	1.05923069	1.06189346	1.03430843	0.975118220	0.911586642	0.930405557	1.00679731	1.09906125	1.16411483	1.22399247	1.30815113	1.41772604	1.53125095	1.63006032	1.73537922	1.86911428	2.04498076	2.20900822	2.39210558	2.57508159	2.71320438	2.81710505	2.86955595	2.93519402	3.00955629	3.07056355	3.10321784	3.14462948	3.17614794	3.19409060	3.22641110	3.28265071	3.34228253	3.37856126	3.37505603	3.35625935	3.34432220	3.33870196	3.32063293	3.30269504	3.27962494	3.27262425	3.27510524	3.28310490	3.29288220	3.29874849	3.29602289	3.28590083	3.26530385	3.24492741	3.22454047	3.20063066	3.18572998	3.16668725	3.14690280	3.13856649	3.11593604	3.09431386	3.08842874	3.10130453	3.10636926	3.10877347	3.12635994	3.17344856	3.20776582	3.22033763	3.20051599	3.15213370	3.09606504	3.05215502
-49.0000000	3.07831478	3.06784558	3.04613447	3.00762105	2.96943998	2.95347238	2.95031881	2.94134212	2.93344378	2.93236446	2.93005323	2.94148660	2.94486952	2.94559860	2.91785860	2.89952898	2.88466644	2.88359809	2.90270519	2.93102527	2.94265938	2.96094394	2.97414255	2.97092843	2.95750642	2.93718147	2.93617344	2.95302033	2.98437548	3.02812481	3.07059717	3.11084104	3.13763142	3.15782619	3.17966557	3.20035124	3.22634935	3.27432990	3.31598973	3.33747435	3.33043337	3.31971288	3.32077909	3.32644701	3.32072830	3.31340432	3.30056643	3.30178642	3.30986524	3.32406759	3.33006549	3.34071970	3.35970879	3.38555717	3.38985872	3.36773229	3.32961106	3.29341960	3.25473714	3.22353625	3.19711876	3.16281462	3.13091063	3.10337996	3.07132196	3.05343366	3.04319286	3.05463076	3.14204288	3.32353163	2.92082977	2.74605417	2.73727155	2.81687975	2.89156151	2.96828127	3.03795743	3.07675982	3.09723854	3.08709764	3.05107284	3.02133441	3.00248742	2.98497558	2.95675898	2.91729903	2.88855362	2.87356639	2.86232805	2.85632133	2.85157490	2.85076404	2.84076476	2.81389308	2.79403543	2.78720164	2.76426077	2.74053621	2.72466326	2.71110678	2.70867634	2.71079254	2.70844960	2.70782900	2.70059943	2.69527364	2.70528984	2.71428275	2.71356916	2.71636081	2.71752429	2.74328709	2.76923466	2.77179313	2.77886367	2.77861738	2.78216720	2.78588367	2.81997991	2.84664321	2.86766052	2.88128734	2.89582539	2.91368175	2.93591833	2.95514488	2.95621347	2.95719099	2.99095702	3.02735496	3.03747773	3.01255417	2.96744394	2.91182423	2.86485481	2.84591341	2.82282257	2.80375814	2.76108837	2.71739769	2.68911743	2.65755558	2.58749390	2.51979136	2.46751094	2.40729594	2.35772514	2.35618401	2.36033416	2.38152504	2.40973544	2.46968746	2.53970075	2.60829401	2.69881129	2.79005504	2.87506557	2.94564581	3.00195670	3.04015779	3.07359791	3.08850312	3.09553599	3.11198950	3.14610910	3.22479606	3.27115893	3.21145201	3.10574269	2.99437666	2.90578341	2.80308151	2.68647480	2.57921791	2.46413708	2.38968754	2.39515710	2.41137433	2.42841101	2.42930150	2.43933558	2.51125264	2.59769535	2.67477107	2.71419072	2.72922421	2.75760221	2.80170989	2.82347941	2.83837509	2.85287857	2.86242795	2.87711191	2.87031436	2.85896230	2.85601449	2.86395049	2.88245773	2.88697243	2.86986446	2.83840632	2.78089094	2.72625208	2.68620586	2.68078375	2.70221996	2.71495414	2.73175120	2.72458816	2.70477867	2.67949152	2.66605973	2.66011930	2.66768241	2.67797923	2.70974112	2.74592376	2.77560711	2.78930092	2.78707671	2.77500105	2.77117038	2.76786184	2.76590037	2.74097586	2.71150494	2.70349431	2.70154238	2.70695853	2.71029115	2.71741009	2.71616626	2.70849562	2.68165731	2.66189861	2.64771104	2.64739370	2.65854216	2.67289948	2.68701410	2.68987775	2.69874573	2.71325326	2.74478030	2.77712607	2.80916262	2.82720971	2.83264446	2.83352542	2.81507492	2.80512428	2.80079532	2.79094815	2.77754951	2.77462935	2.77881837	2.79142666	2.79487920	2.78954864	2.78470230	2.78936219	2.78666687	2.76989269	2.76281619	2.75827074	2.75300598	2.75240541	2.73129320	2.72405648	2.71968198	2.69426608	2.69535685	2.71649051	2.72404552	2.71257830	2.71394205	2.72576690	2.74027419	2.75616360	2.84284139	2.99418831	3.22651505	3.81940436	5.04435635	7.69157124	10.5878496	10.3404942	6.25414848	2.47290540	1.38626170	1.19419944	1.24371672	1.23803389	1.17848349	1.14991951	1.14517188	1.18508780	1.23657620	1.30596232	1.39794445	1.49489856	1.59787476	1.68255639	1.76907825	1.85253048	1.95362639	2.05902290	2.18198037	2.32587218	2.47194123	2.59619689	2.69557786	2.75989413	2.82406139	2.91400957	2.99093437	3.00707054	3.03222561	3.05361986	3.05930471	3.08278394	3.15273476	3.22889256	3.28261447	3.30190849	3.30009341	3.27978683	3.26669002	3.26491547	3.26538563	3.25187755	3.24783468	3.25476933	3.26184964	3.27793241	3.30258417	3.30526829	3.29800010	3.28283072	3.25900412	3.23904324	3.22395468	3.21986890	3.21869564	3.20664549	3.19057369	3.16852403	3.13369131	3.10622478	3.09699059	3.08833456	3.07550049	3.08496022	3.12692976	3.17860222	3.20254683	3.19504499	3.16963768	3.13002014	3.10347867
-50.0000000	3.07172680	3.05947995	3.04467964	3.01828694	2.97945619	2.95947409	2.94990730	2.93596625	2.91001487	2.89363337	2.89024210	2.89159989	2.89036345	2.88139224	2.86670709	2.85589290	2.85594845	2.85530663	2.85941005	2.87347913	2.90049934	2.92353630	2.94050217	2.93169427	2.93238473	2.94347787	2.94428778	2.95499611	2.98046184	3.00814199	3.04390621	3.08443809	3.09560013	3.07687640	3.05913353	3.08799505	3.13078165	3.18606663	3.24104452	3.29185796	3.33988142	3.33639359	3.32490945	3.31210518	3.29602909	3.28741217	3.26845527	3.24769521	3.25768399	3.27594256	3.30935526	3.32397604	3.33039808	3.33714819	3.33973813	3.35387540	3.33784223	3.30300164	3.25700235	3.22403622	3.21118927	3.19031572	3.16232085	3.13799381	3.12581468	3.10593748	3.10216451	3.12784553	3.18202353	3.10935307	2.82835770	2.75185657	2.74606419	2.83238769	2.92021441	2.97473407	3.04023004	3.10671735	3.13383794	3.12004089	3.09139848	3.04847431	3.00663424	2.97293878	2.93476105	2.89726281	2.87785554	2.87719393	2.89370632	2.91357660	2.90857315	2.88779140	2.86896133	2.85376310	2.84542298	2.85318828	2.85773015	2.84859133	2.84139037	2.84232926	2.84554458	2.84300113	2.84022021	2.82999921	2.81325984	2.77231908	2.75794101	2.76121283	2.77064586	2.77287602	2.78267622	2.77919412	2.77921271	2.79153919	2.79748988	2.80361819	2.83146977	2.85083795	2.86978316	2.89144111	2.91425538	2.94414926	2.96618223	2.99855590	3.01719785	3.03678322	3.04718709	3.05415010	3.08255744	3.13969851	3.17678404	3.15661192	3.11508155	3.05016971	2.99616456	2.94986749	2.93458962	2.92524672	2.90917230	2.88812757	2.87213230	2.85669374	2.82245636	2.77697897	2.72703052	2.67970848	2.62199712	2.58640194	2.56001449	2.53871107	2.53523397	2.56625605	2.60415912	2.65276194	2.72154927	2.80160499	2.87685871	2.93591928	2.97759032	3.01092243	3.04107189	3.07471704	3.08661914	3.10645843	3.11719728	3.15713120	3.13158989	3.06206918	2.99514461	2.92551875	2.84990621	2.79054260	2.72899747	2.66828775	2.59342408	2.50987411	2.45726371	2.43816781	2.44978309	2.48584056	2.52333045	2.56968927	2.62544131	2.67132807	2.69372320	2.72558475	2.78403425	2.82726264	2.85147357	2.84875870	2.84713674	2.85133696	2.85367489	2.85484099	2.84636331	2.85760760	2.84984684	2.85884023	2.88564277	2.92083097	2.93474150	2.89257646	2.83685398	2.79822493	2.76345873	2.75852442	2.79069996	2.82069087	2.82853770	2.81890917	2.80904531	2.80581784	2.79040027	2.78789163	2.77935624	2.77689958	2.77779984	2.79134178	2.80906487	2.81949234	2.82598186	2.82785702	2.82346487	2.81643248	2.81517911	2.79657483	2.76938701	2.75383782	2.74167967	2.72646499	2.72338223	2.73462963	2.75022888	2.74833655	2.74590898	2.72096992	2.69207525	2.67188382	2.67334056	2.68591666	2.68763876	2.68627405	2.69676805	2.73483539	2.78134465	2.83263683	2.85662198	2.86971593	2.87833524	2.87283754	2.86576772	2.86114812	2.85984325	2.85352278	2.85049582	2.85269761	2.85175347	2.86176753	2.85940790	2.84914637	2.84608793	2.84980941	2.85731578	2.84807110	2.83938527	2.84148574	2.84259343	2.83526015	2.83223844	2.83493638	2.83353186	2.83667922	2.82708454	2.82814980	2.83305097	2.84771252	2.86776137	2.89539337	2.92492533	3.01628375	3.17832565	3.40092564	3.93313241	5.24365854	7.56991291	10.9100637	10.8770990	5.28833008	2.61946774	1.52598274	1.24997759	1.24374187	1.30816650	1.33856642	1.33658373	1.32586360	1.35935760	1.43233645	1.51267743	1.60895419	1.72764397	1.82049179	1.87671900	1.92976284	1.98285973	2.07106018	2.15441489	2.23654580	2.32594419	2.42251706	2.52673078	2.61535096	2.68359756	2.73758364	2.79497194	2.84930229	2.89987636	2.95167732	2.98887086	3.01566553	3.02447271	3.05966902	3.10523748	3.14920712	3.17206955	3.18367743	3.17861366	3.16992021	3.17812777	3.18306732	3.19638443	3.20526600	3.21317101	3.23690939	3.24735641	3.27055860	3.29307461	3.30192947	3.29669619	3.27653813	3.25898600	3.24647832	3.23745942	3.22556424	3.21125674	3.19182062	3.16943359	3.13529277	3.10195327	3.08186173	3.06484652	3.04878759	3.03709817	3.04463720	3.07380867	3.10381842	3.11434221	3.10983348	3.10654378	3.09570551
-51.0000000	3.04644489	3.03186774	3.01193118	2.99227786	2.97111464	2.94596791	2.92296767	2.90120411	2.87916589	2.85824728	2.84038806	2.82963562	2.81948400	2.80709720	2.79537225	2.79668760	2.80552769	2.81483173	2.82255435	2.82331753	2.82874489	2.85281420	2.87562442	2.88047004	2.88387251	2.89675307	2.91100502	2.91926718	2.93852162	2.94919753	2.97165585	3.00356936	3.00708079	2.99893379	2.99313211	3.02148938	3.06505322	3.10605407	3.15711546	3.20684314	3.24552584	3.26938224	3.27606630	3.26105905	3.24899197	3.23269510	3.21834707	3.20304632	3.19903827	3.21004295	3.24350977	3.27365756	3.27726579	3.27649379	3.28607130	3.30333447	3.29396629	3.26884341	3.24784255	3.22746396	3.21822667	3.20212698	3.17368388	3.15692830	3.14952564	3.14476085	3.14182425	3.13476777	3.12491322	3.08073545	2.99278092	2.93536425	2.90783310	2.90947556	2.93302155	2.94697547	2.96864343	2.99651909	3.01979971	3.02792668	3.01747298	2.99413633	2.96816921	2.93136454	2.89189625	2.87233520	2.87599611	2.89522815	2.91093063	2.92711329	2.92201614	2.90873361	2.90851355	2.90626812	2.90406346	2.90527797	2.91319537	2.91707349	2.91866183	2.93291712	2.94454050	2.95421481	2.95650673	2.93230128	2.89323044	2.84235334	2.81020713	2.80035448	2.80777335	2.80381989	2.79852915	2.78296161	2.78339076	2.78217387	2.78827691	2.80449653	2.84591365	2.88717556	2.89444518	2.90611362	2.92558908	2.96380997	2.99249244	3.01574016	3.04366970	3.07992077	3.09544420	3.12301254	3.16633630	3.20477509	3.24089622	3.24019170	3.20942235	3.15415716	3.10064840	3.04835749	3.01220322	2.98563480	2.97173095	2.96610188	2.95571876	2.96310353	2.96605420	2.95378757	2.93367362	2.90525246	2.86634970	2.84012461	2.79514098	2.73887157	2.70903707	2.71523643	2.73310518	2.76469016	2.79383898	2.81523395	2.86538887	2.92028880	2.95128441	2.97384930	3.00377464	3.05982232	3.10102010	3.14111376	3.15301299	3.15275097	3.12645173	3.03428626	2.99674129	2.95136142	2.91718388	2.88042974	2.84375834	2.78220677	2.69170427	2.58176708	2.49234772	2.46719551	2.50573111	2.57361221	2.62763047	2.65770411	2.69326472	2.72991443	2.75806808	2.78048348	2.81584668	2.85778093	2.89523005	2.91043353	2.90514541	2.90509105	2.90969896	2.91624379	2.91359949	2.92331958	2.90732765	2.88642645	2.89171767	2.92724752	2.96186042	2.95381641	2.93390346	2.89933681	2.86650634	2.85278010	2.88001680	2.91485500	2.94003081	2.93843150	2.92204905	2.89896941	2.89241552	2.88363671	2.86802983	2.85338020	2.84419465	2.83160472	2.81189132	2.80136633	2.81507707	2.84284639	2.85548067	2.85749149	2.85784173	2.87048292	2.84862018	2.83404660	2.82281899	2.80085897	2.78037190	2.76818371	2.76097345	2.75829840	2.77189136	2.77035785	2.74942589	2.72269344	2.70632410	2.69288993	2.69530678	2.69505644	2.69681025	2.72611713	2.77829075	2.84417748	2.88990474	2.91091013	2.91937399	2.92169690	2.93031764	2.93723154	2.93732548	2.93302679	2.92601967	2.92316437	2.92931485	2.93728113	2.94543290	2.93740249	2.92446303	2.91781020	2.91129279	2.91251135	2.90250564	2.90039659	2.90417790	2.90952659	2.92408872	2.93006587	2.93207312	2.93931079	2.94685864	2.94004631	2.93504238	2.94567847	2.95929909	2.98366165	3.02833724	3.12711191	3.28258228	3.46203256	3.89469886	4.88433027	6.85141993	9.04550552	9.49341106	5.82033825	2.72867560	1.77658319	1.41274953	1.38788974	1.46320558	1.51467979	1.52077961	1.50700212	1.54507685	1.62404084	1.73067617	1.84495795	2.01548219	2.05546069	2.04645920	2.04703283	2.08811736	2.16913199	2.24743938	2.32301235	2.39490199	2.46224856	2.52387738	2.58277893	2.63378501	2.67801952	2.72134447	2.77616668	2.83354735	2.89277744	2.92944193	2.96265888	2.99753094	3.01315904	3.02119589	3.03910780	3.04752183	3.04906845	3.04599643	3.05012512	3.06333780	3.08856177	3.10823417	3.11858416	3.13051939	3.14216232	3.15669537	3.17417550	3.21032524	3.25484967	3.27891731	3.26518512	3.23554206	3.21961570	3.21591043	3.21515584	3.20557046	3.18497729	3.15986013	3.13154244	3.09976912	3.06816339	3.04035401	3.01526666	2.99827743	2.99149537	3.00011492	3.01372313	3.03002262	3.04032683	3.05097556	3.05633998
-52.0000000	2.94969749	2.95647621	2.94402075	2.92729878	2.91190982	2.90183687	2.88197541	2.85401917	2.83049941	2.81176305	2.79028320	2.77065158	2.76096463	2.75082207	2.74337029	2.75164795	2.75687742	2.76231027	2.76807809	2.76601338	2.76013160	2.76695490	2.78329015	2.79400516	2.80262661	2.81812501	2.83339334	2.85624933	2.87557983	2.88173628	2.88971996	2.91545820	2.93844104	2.95384455	2.96530056	2.99312162	3.02061105	3.04857135	3.07091737	3.08779716	3.10614491	3.13888025	3.17173386	3.18727374	3.18262172	3.17173338	3.17025352	3.16218352	3.14984202	3.15017486	3.16947556	3.18956995	3.20652723	3.22143698	3.23493266	3.25113964	3.24763989	3.23659348	3.22599864	3.21061230	3.20179915	3.18610048	3.16547394	3.14722919	3.13878727	3.13776016	3.14913368	3.14737678	3.12865925	3.10522056	3.07020736	3.04435277	3.02333713	2.99992847	2.96068192	2.91411996	2.89218497	2.90506911	2.92273545	2.93497825	2.93901134	2.92892289	2.91999865	2.90733647	2.89783883	2.90023208	2.90984368	2.92725682	2.93844485	2.93847275	2.92823458	2.92405748	2.93352056	2.96072316	2.98704648	2.99928331	2.99355483	2.98527288	2.97834444	2.97464991	2.97925162	2.99221063	2.98939705	2.96092296	2.91890931	2.86895943	2.84453130	2.83909321	2.84659600	2.84920287	2.84871793	2.82613373	2.81855392	2.81317592	2.81232882	2.82743311	2.86594844	2.90026832	2.91784811	2.93518233	2.96126533	2.98939848	3.00869417	3.02117443	3.03866482	3.06872749	3.10182071	3.12995529	3.17594409	3.20967793	3.22955728	3.23179078	3.21662021	3.18077207	3.13395786	3.10154986	3.07155418	3.03710723	3.00354123	2.97664070	2.95668030	2.95956278	2.99061203	3.01606560	3.03737497	3.05303907	3.06475616	3.04794431	3.02251029	2.97713614	2.92374873	2.88896656	2.87934709	2.88931251	2.88658476	2.88212132	2.88415003	2.89563227	2.90817332	2.90427971	2.92298579	2.98867226	3.06555986	3.14951968	3.18694901	3.17665815	3.15508175	3.09994769	3.05651379	3.02432537	3.00573277	3.01463246	2.98658538	2.90344524	2.79890251	2.68519068	2.57904911	2.54807448	2.58796906	2.65182161	2.70779204	2.73524094	2.77305293	2.82371855	2.86433268	2.88562655	2.90132093	2.92951822	2.95336032	2.96418715	2.96458721	2.96398807	2.96334648	2.97180581	2.99947143	3.01079845	3.00169063	2.98217082	2.97734499	2.99246025	3.01546383	3.00740743	3.00774503	2.99047923	2.96793032	2.94602180	2.95350289	2.98658180	3.00821543	3.01479697	3.01731300	2.99345279	2.96910334	2.95580196	2.93549657	2.90507436	2.88392591	2.87323213	2.85311246	2.82472301	2.80167913	2.81035042	2.82231951	2.84008384	2.85966253	2.87187433	2.86495352	2.84950328	2.83066154	2.82124662	2.81075597	2.79409862	2.77637792	2.76788139	2.77059793	2.78024673	2.78072238	2.76021743	2.73064113	2.70745516	2.69500899	2.69022632	2.70539165	2.74624968	2.79446125	2.85864758	2.92188549	2.94994736	2.95351291	2.95471025	2.96176839	2.96647429	2.96453571	2.96237326	2.96795249	2.97093391	2.98410606	2.99664712	3.00510383	2.99873400	2.98173904	2.97094584	2.96358037	2.96904874	2.97106123	2.96373224	2.94565248	2.93703866	2.94639134	2.96209741	2.97876310	2.98954153	3.00356650	3.01901960	3.03013754	3.01735353	3.01435208	3.03231525	3.07747650	3.18250012	3.31590891	3.45623326	3.75177574	4.36189461	5.82679367	7.57769203	8.11280251	6.36385870	3.66611862	2.45338130	1.84046865	1.62442577	1.61281371	1.64446414	1.66107976	1.65481043	1.69753718	1.80247033	1.91531491	2.02661753	2.14823556	2.15957928	2.17528152	2.19770765	2.26025295	2.32158208	2.36408877	2.41207242	2.44951439	2.49982929	2.55341673	2.61028719	2.65124249	2.68567038	2.72985625	2.76472497	2.79442072	2.83425117	2.87293386	2.91340470	2.94071460	2.95419526	2.96629071	2.97119117	2.96813512	2.96091413	2.97002363	2.98382473	3.00672507	3.03222704	3.05119777	3.06706905	3.08070850	3.08242869	3.08042622	3.09100199	3.12115026	3.16048789	3.20194411	3.22313213	3.21165991	3.18192410	3.16395903	3.16048169	3.14893699	3.12254953	3.10256696	3.07804251	3.05638695	3.02420878	2.99376154	2.96936393	2.95438170	2.94741321	2.94481206	2.94437861	2.94729710	2.94649482	2.94643950	2.94650507
-53.0000000	2.85746288	2.85794210	2.85021901	2.83677244	2.82000923	2.81171465	2.80063081	2.78138995	2.76921463	2.76118326	2.75246167	2.73959112	2.72804928	2.72345901	2.71841121	2.72145700	2.72380209	2.72367620	2.72180724	2.71120548	2.69901323	2.69400287	2.70240903	2.71499562	2.72654939	2.74168539	2.75741506	2.77698469	2.79698277	2.81249571	2.83272409	2.85875297	2.88346362	2.91001272	2.93504262	2.95188189	2.96276712	2.96859598	2.98145366	2.99142885	3.00310278	3.01602244	3.04177403	3.08094859	3.11016989	3.11694241	3.11627102	3.11280036	3.10503769	3.11010766	3.12236786	3.12529039	3.12843251	3.14763331	3.17636085	3.20351696	3.22764325	3.23376894	3.22660303	3.21494198	3.19855452	3.17401838	3.15286255	3.13676643	3.12182045	3.10925889	3.11125445	3.11480498	3.11419439	3.11096740	3.10384703	3.09649539	3.07786083	3.09639025	3.05285907	2.90421176	2.88947487	2.87491441	2.86186647	2.86294246	2.86942792	2.87865067	2.89205098	2.90215993	2.90416145	2.90898156	2.93628359	2.96036100	2.96578074	2.95677471	2.93762660	2.93634748	2.94573474	2.97145247	3.00206900	3.02344894	3.02593637	3.00557709	2.98345876	2.96735716	2.95613861	2.95544839	2.95245194	2.93632412	2.90916419	2.88164663	2.85512114	2.84388947	2.84539843	2.84756327	2.86052537	2.86332440	2.85517859	2.84827137	2.84758186	2.84939051	2.88065863	2.91126037	2.93561912	2.96178079	2.99019694	3.01860738	3.03269768	3.02961588	3.02377415	3.03129816	3.06214666	3.09528112	3.12720704	3.16003919	3.17542934	3.17485261	3.16759014	3.14102674	3.12111926	3.10239005	3.07945466	3.05404782	3.01455545	2.96760488	2.94534230	2.94636059	2.96721029	2.99513888	3.02369881	3.06052399	3.08980441	3.10407543	3.11362720	3.10854793	3.06961584	3.01399612	2.97458720	2.96321011	2.96467257	2.96963429	2.93978310	2.91869187	2.90619564	2.89466548	2.87882686	2.92209530	3.01775932	3.14173579	3.21676183	3.21993923	3.17917299	3.14480972	3.13112116	3.10591769	3.07118559	3.06731582	3.04521990	2.99526525	2.91200805	2.81651807	2.73157454	2.69405770	2.71604276	2.75330710	2.79990029	2.85270143	2.88657093	2.92357659	2.95283079	2.96684217	2.96799803	2.97025323	2.98938346	3.01727700	3.02136230	3.01380277	3.01169920	3.00865149	3.02356935	3.03615522	3.03516436	3.04074693	3.04523945	3.04948688	3.06787109	3.06486487	3.05010629	3.03094745	3.00596261	2.98223114	2.97123790	2.96976948	2.99118352	3.00798392	3.01254511	3.00695705	3.00409269	2.99677300	2.98351884	2.95697975	2.92311072	2.89933348	2.87744856	2.84692430	2.81165004	2.78341293	2.76444888	2.77057791	2.79577065	2.82783127	2.84510112	2.85017014	2.83468485	2.82359242	2.81820273	2.81626964	2.80897808	2.79505372	2.78724098	2.77811980	2.78278065	2.77053261	2.75600338	2.74395800	2.72908711	2.72827959	2.74751735	2.78758979	2.83448029	2.89102626	2.94298840	2.97028708	2.98102307	2.97856402	2.97595024	2.97619438	2.98485398	2.98834586	2.98434258	2.98626924	2.99895453	3.01827216	3.03609753	3.03369546	3.02171969	3.01325297	3.00526214	3.00409007	3.00605774	3.00331855	2.99422312	2.98746896	2.98752761	2.99390078	3.00834703	3.02217388	3.03427148	3.04786086	3.06379485	3.06681323	3.07169747	3.08682346	3.14725661	3.22145462	3.30560350	3.38275480	3.56908631	4.00198793	4.81973410	6.17710781	7.38573408	7.00413322	5.00318050	3.39031124	2.67736268	2.20809579	1.83629930	1.66808403	1.66303754	1.74447548	1.87026894	2.00751042	2.11409926	2.19547367	2.25802612	2.29465008	2.32940340	2.36274409	2.39074111	2.40966749	2.44963074	2.49424505	2.52745843	2.55393386	2.57849216	2.60516047	2.63413525	2.66465163	2.69651866	2.72472286	2.75856161	2.79366636	2.82797551	2.86242294	2.90099025	2.94940472	2.97517610	2.95798898	2.91762853	2.87734222	2.88495421	2.90847659	2.94004107	2.97252774	2.99994230	3.02213717	3.03161693	3.03721881	3.03362703	3.03175592	3.04740453	3.07876015	3.10821533	3.12682390	3.13405275	3.11960554	3.10457063	3.09705925	3.08031535	3.05880594	3.03410125	3.00094509	2.97021985	2.94099712	2.92120624	2.90953493	2.90045547	2.89992380	2.90272856	2.90338039	2.89628124	2.88279057	2.86788702	2.86096597
-54.0000000	2.79568219	2.79114914	2.78225374	2.77101731	2.75975990	2.74992919	2.74196339	2.73070908	2.71750021	2.70800447	2.70827222	2.71343303	2.71150947	2.70743823	2.70135880	2.69349289	2.69593859	2.68777633	2.68062139	2.66950226	2.65439534	2.64281487	2.64949489	2.66178346	2.67337227	2.68198872	2.68535280	2.69557858	2.71297717	2.73150349	2.75617170	2.80105782	2.83521461	2.86053181	2.88319087	2.89762092	2.90277696	2.90914345	2.90332699	2.90442824	2.91472960	2.93312788	2.94524789	2.96900463	3.00403380	3.03978634	3.05481410	3.06367588	3.05940795	3.05721307	3.05949736	3.06459689	3.07539511	3.08543515	3.10589051	3.13440561	3.16853929	3.18439960	3.19347882	3.19317198	3.17337775	3.15542507	3.14302683	3.12920189	3.11779761	3.10719657	3.09932089	3.09725809	3.10187268	3.10572243	3.10701752	3.10293841	3.08896589	3.08796883	3.01329994	2.96267724	2.92659783	2.88964248	2.85013294	2.82933426	2.82473254	2.82870483	2.84162474	2.85889173	2.86931562	2.89453864	2.93249011	2.94622207	2.94988418	2.94774723	2.93873286	2.93854165	2.94666433	2.95893693	2.98098159	2.99411583	2.99885321	2.99333906	2.97253990	2.94868755	2.93297386	2.92681718	2.90944672	2.89220715	2.88000846	2.87264609	2.86427832	2.86275530	2.86151385	2.86292553	2.87369132	2.87600160	2.87194800	2.86256838	2.85711765	2.85961032	2.87894464	2.89780450	2.92436695	2.96701670	2.99194670	3.00635886	3.00887299	3.00036478	2.98952246	2.99115157	3.01217866	3.04951048	3.08413935	3.10657954	3.12465572	3.13574910	3.13680315	3.11980867	3.10262489	3.09593678	3.08237123	3.04725432	3.00059533	2.95884347	2.93209529	2.93322349	2.96117616	2.98832345	2.99534321	2.98665619	2.98309064	3.00261021	3.03689504	3.07144380	3.08472490	3.06195807	3.02267885	2.99325728	2.97950697	2.97732687	2.95577621	2.91563678	2.88324356	2.85652614	2.86679888	2.90852690	2.98863578	3.12608290	3.24160433	3.28342295	3.27803922	3.24897242	3.21374130	3.16267824	3.10364866	3.06503916	3.03794670	3.01527333	2.97204971	2.90650773	2.86255860	2.84627485	2.86149240	2.88204384	2.93153000	2.97477794	2.99965167	3.02058458	3.03661275	3.04658079	3.03780270	3.01322937	3.00314999	3.01846457	3.03205323	3.04255700	3.04568386	3.04482770	3.04448485	3.05014253	3.05720639	3.05170941	3.03985739	3.03186178	3.03954649	3.04231691	3.04549909	3.03917599	3.01663041	2.98064709	2.96925378	2.96440005	2.95688295	2.95730948	2.97280455	2.97086358	2.96229124	2.95095420	2.93258119	2.91675544	2.91375375	2.90653110	2.88410544	2.84893680	2.81260490	2.78463483	2.75059652	2.73058248	2.73525858	2.76289344	2.79974198	2.82372332	2.83888459	2.84490585	2.85386705	2.85034060	2.83611584	2.81792426	2.80852771	2.80154824	2.79739380	2.78519392	2.76850009	2.74576473	2.73815393	2.74042678	2.75918674	2.80660510	2.86976171	2.92431641	2.96990609	2.99056935	2.99479151	2.99167562	2.99389815	2.99848843	3.00037694	2.99742007	2.99562287	2.99483371	2.99755502	3.00157523	3.01490903	3.02640629	3.02353597	3.02467179	3.03709817	3.03520942	3.03592730	3.03840637	3.03268170	3.01676011	3.01470232	3.01715493	3.02937388	3.04196453	3.05568671	3.07135820	3.08897471	3.09890461	3.11099386	3.12589550	3.16518760	3.21954656	3.29185605	3.33565164	3.43239617	3.64102197	4.06066513	4.82203579	5.89819860	6.28408384	5.88014030	4.90137434	4.11804914	3.32070518	2.38511968	1.98645699	1.78429472	1.85702622	2.02914310	2.19863534	2.28601098	2.32730317	2.36813951	2.40465069	2.45902348	2.51041293	2.52053499	2.52639651	2.53986859	2.56406760	2.59248781	2.62320685	2.65154409	2.67200541	2.67545986	2.67418361	2.68124938	2.69578362	2.72287154	2.75381875	2.78912020	2.81078124	2.83535266	2.91691756	3.10518289	3.32733917	2.91880274	2.79706597	2.78994250	2.83884859	2.87610483	2.89873719	2.90681386	2.92187595	2.93439007	2.94797087	2.96186781	2.97127986	2.98358345	3.00020456	3.01879406	3.03880978	3.04612660	3.04356480	3.04195666	3.03925586	3.02503467	3.00385571	2.97114873	2.93647480	2.90022445	2.86237550	2.84031940	2.82376671	2.82131958	2.82709408	2.83826566	2.84324622	2.84114671	2.83004999	2.81243849	2.80172753
-55.0000000	2.76130629	2.75196433	2.74520707	2.73375750	2.72294664	2.70989823	2.70159745	2.69432449	2.68948746	2.68439770	2.68279409	2.68220472	2.68032861	2.67824364	2.66934490	2.65587950	2.64831448	2.64491725	2.64180279	2.63169646	2.62324929	2.61558580	2.61730313	2.62637234	2.64503384	2.65291953	2.64283776	2.64294219	2.65721297	2.68100691	2.70588517	2.73373890	2.75817180	2.77484679	2.80054116	2.82142639	2.84027863	2.84591365	2.84815526	2.85151458	2.85872364	2.87110758	2.88530493	2.90686274	2.93552542	2.96647096	2.98571491	2.99529338	2.99951005	2.99548507	2.98835492	2.99152827	3.01171899	3.02535915	3.04008245	3.06026506	3.08378935	3.09668279	3.11032605	3.12088633	3.12122178	3.11207151	3.10944390	3.11263299	3.11740947	3.12361217	3.11458945	3.08994174	3.07245946	3.06414247	3.05793810	3.05425429	3.04966760	3.04048514	3.01500082	2.97942805	2.93552995	2.88591814	2.84528589	2.82551336	2.81988144	2.82249880	2.83329868	2.85825229	2.87827492	2.89584827	2.91554928	2.94179559	2.96116829	2.96708727	2.95982218	2.95419621	2.95736885	2.96282697	2.96529627	2.96052980	2.95549321	2.94661593	2.93592334	2.92015815	2.90332341	2.88527536	2.86458087	2.84584522	2.83635664	2.84282041	2.85185885	2.85791349	2.85889530	2.86206651	2.87803650	2.88674760	2.87989378	2.86657739	2.86273432	2.86934233	2.88706207	2.90720344	2.92419171	2.93843126	2.95370841	2.96405554	2.95507669	2.94276881	2.93030620	2.92485070	2.93436146	2.96613216	3.00153065	3.03851891	3.06294012	3.08092952	3.10005307	3.10379100	3.09658623	3.09024239	3.07079864	3.04635310	3.01079202	2.98494649	2.95173335	2.92469931	2.92566586	2.93815136	2.93781662	2.91955853	2.89919686	2.90537906	2.95433688	3.00414848	3.03363037	3.02755380	3.00451922	2.99528980	2.98728061	2.96559834	2.92262769	2.88364887	2.85474086	2.83574939	2.86053777	2.90287662	2.97649026	3.08260274	3.20640230	3.30698657	3.35873365	3.34895635	3.30402732	3.24514246	3.15621901	3.07638764	3.02682400	2.99718046	2.98205352	2.97236514	2.97605228	2.97797942	2.97596264	2.97122788	2.99559689	3.02965927	3.04941297	3.05811810	3.06961060	3.09148359	3.08769488	3.07058668	3.04900956	3.02810264	3.02183342	3.02651691	3.04597425	3.06844902	3.07682562	3.07230258	3.07399940	3.06445336	3.02282763	2.97904372	2.96640897	2.97025657	2.98404312	2.98765278	2.98865128	2.96978068	2.94136429	2.92820501	2.92429876	2.90834427	2.88845873	2.86313248	2.84559655	2.83069491	2.81828380	2.82859111	2.85560751	2.88256049	2.87548900	2.85048270	2.81981611	2.78226781	2.73894644	2.71538305	2.71224546	2.73323131	2.77976894	2.82491875	2.85930967	2.87324643	2.87768650	2.87327981	2.86526680	2.85614920	2.84364057	2.83442187	2.82682776	2.81873131	2.80270505	2.78345728	2.75605273	2.73387122	2.73070312	2.76987576	2.83084607	2.87978578	2.91457486	2.93695235	2.94994473	2.95359349	2.95298862	2.95543742	2.96228647	2.97373414	2.98586488	2.99305224	3.00375557	2.99996138	3.00001717	3.00012088	3.00447607	3.01652455	3.04075718	3.05177593	3.05675340	3.06405568	3.05579305	3.03829741	3.03031874	3.02955198	3.02256870	3.03112483	3.05670214	3.08534169	3.11041427	3.13023710	3.13626790	3.14432526	3.16755199	3.21843863	3.27319169	3.33267879	3.38918734	3.45501828	3.56087852	3.80703735	4.30912638	4.92199183	5.48268366	5.69099665	5.53659868	4.26287985	3.10701227	2.50057673	2.27154326	2.15772605	2.30040216	2.44823503	2.49350119	2.50259924	2.53361416	2.56387591	2.59741402	2.62156773	2.62542367	2.61885405	2.61474705	2.61072826	2.62308455	2.63485169	2.65336704	2.66485357	2.65875363	2.65634608	2.66200256	2.67555332	2.69106555	2.71798491	2.74870324	2.77063131	2.79183054	2.81908154	2.87372088	2.91521931	2.91617107	2.68585134	2.76966310	2.80318499	2.83576059	2.83922625	2.83415365	2.83362985	2.84246516	2.85942197	2.87189245	2.88019609	2.89412594	2.91187596	2.93129063	2.94301677	2.95415401	2.96320605	2.97126460	2.98206472	2.97527647	2.96022296	2.93418288	2.89893508	2.86877799	2.84359884	2.82193923	2.80050707	2.78530884	2.77799296	2.77994013	2.78431177	2.78799844	2.79228687	2.78773856	2.77659369
-56.0000000	2.75311637	2.75084043	2.74489164	2.73571396	2.71477199	2.69217825	2.67174959	2.65349722	2.64230680	2.63692832	2.63354254	2.63788795	2.64364409	2.64115381	2.63138366	2.61989403	2.60963249	2.59970641	2.59804821	2.59574151	2.58968759	2.58073473	2.57386661	2.57735610	2.59265232	2.60322952	2.60181499	2.60449147	2.61734366	2.63376689	2.65105009	2.66659641	2.68598604	2.70126247	2.71996546	2.74749422	2.77552342	2.79487944	2.80421686	2.80616856	2.80466700	2.80900002	2.81802440	2.83152390	2.84971809	2.87662292	2.90054035	2.92583537	2.94213057	2.94870949	2.95079184	2.95960903	2.97146749	2.98384047	2.99572158	3.00412822	3.01485062	3.02879214	3.03870153	3.04575443	3.04830551	3.05499077	3.06043983	3.06958771	3.06999159	3.06128049	3.05210614	3.04201126	3.03115535	3.02164936	3.01668143	3.00869417	3.00283432	2.99261737	2.97716832	2.94328308	2.90037608	2.85823607	2.82726049	2.80841184	2.80105376	2.80550504	2.81451154	2.83739996	2.86289692	2.89050722	2.90751696	2.92532873	2.94978023	2.95076156	2.94375801	2.93385172	2.92501283	2.91652846	2.90834808	2.90241504	2.89573622	2.88805079	2.88446116	2.87625909	2.85399532	2.82599854	2.80548048	2.79072404	2.78182125	2.78692222	2.80600762	2.82279253	2.82448149	2.83077097	2.84396935	2.84433746	2.83607125	2.82314658	2.81609273	2.82951641	2.86411500	2.89175439	2.90555382	2.90646315	2.90560484	2.90233827	2.89517522	2.88311386	2.86859226	2.85601449	2.85848022	2.88390684	2.91896749	2.96203089	3.00110841	3.02076411	3.03227091	3.04038954	3.05170894	3.06024885	3.04644895	3.02692056	3.00358653	2.98253155	2.94803333	2.91039324	2.88642383	2.87768579	2.87712622	2.87901831	2.87657571	2.87403369	2.89268804	2.93620229	2.97620726	2.98188114	2.97732830	2.98046517	2.98615718	2.97397375	2.93409348	2.89471078	2.85858130	2.84350944	2.84806681	2.88627505	2.94071245	3.01320529	3.11404657	3.20430684	3.26420331	3.26765251	3.23167253	3.18057251	3.10910702	3.05468583	3.02344131	3.02589941	3.04440880	3.08390594	3.10744309	3.09931445	3.06781244	3.03811860	3.01517868	3.02439284	3.02906966	3.03054643	3.03251052	3.03502703	3.04119921	3.03950024	3.04575849	3.04752874	3.04653525	3.04681206	3.04742885	3.05040550	3.06438565	3.07879400	3.07952929	3.06285000	3.01701474	2.96609211	2.92926574	2.91535783	2.91004705	2.90224361	2.88929987	2.86885786	2.85090995	2.84465122	2.84421921	2.83377934	2.81223822	2.77702332	2.75479817	2.74282861	2.73930073	2.75042892	2.78399849	2.83108068	2.85779691	2.85429072	2.81959677	2.77979779	2.74151516	2.70882535	2.69691586	2.71435189	2.76456666	2.81144905	2.84466338	2.86464334	2.87466359	2.87795639	2.87735486	2.87039375	2.85231256	2.82657194	2.81250501	2.80238795	2.79431510	2.78480434	2.76825309	2.73726225	2.72287250	2.72709513	2.76047802	2.80266309	2.83990431	2.86981249	2.88547635	2.89470935	2.89918327	2.89629793	2.89238048	2.90123725	2.92342401	2.93688893	2.95834756	2.97816515	2.98866320	2.99326921	2.99437332	2.99324489	3.00411654	3.02356005	3.03217292	3.03711033	3.03664231	3.03280354	3.03976369	3.04941463	3.05863357	3.06797481	3.07328629	3.08806562	3.10342216	3.12357020	3.14452815	3.16316319	3.17944169	3.20497060	3.24493647	3.29009986	3.33021164	3.36739659	3.38796997	3.44667912	3.56901240	3.91299510	4.29413128	4.59540415	4.71004152	4.25480270	3.61569881	3.09597182	2.82901597	2.65813518	2.66241765	2.67463493	2.65580559	2.63878036	2.62285852	2.61759281	2.62359357	2.64018059	2.64977145	2.63462186	2.61587954	2.60755944	2.60676026	2.61398292	2.62269449	2.62180328	2.61676145	2.61528277	2.61135101	2.61706042	2.63828492	2.66938829	2.70970321	2.73672795	2.75647902	2.76506996	2.78289819	2.78666687	2.78557801	2.78230929	2.78613615	2.79496861	2.79619217	2.77810359	2.76159024	2.75577235	2.76154947	2.77472377	2.79147124	2.79881859	2.81295276	2.83410501	2.85461593	2.87079525	2.88552880	2.90091276	2.91661429	2.93081641	2.92806554	2.92174625	2.90733981	2.88480663	2.85956478	2.83589840	2.80991793	2.78638291	2.76633096	2.75176096	2.74469924	2.73721814	2.74093461	2.75056243	2.75487447	2.75132680
-57.0000000	2.69604492	2.69808650	2.69818640	2.69656038	2.68458533	2.66312385	2.63340855	2.60514545	2.58797169	2.58301830	2.57862139	2.57395411	2.56595206	2.55967450	2.54926014	2.54367948	2.53890419	2.53921628	2.53831410	2.53583479	2.53217530	2.52888155	2.52884603	2.53554153	2.54790998	2.56083012	2.56865168	2.56955600	2.57432461	2.59298849	2.61435223	2.63327813	2.65319610	2.67061448	2.68246174	2.69871950	2.72538877	2.74051332	2.74427199	2.74575567	2.74420166	2.73905230	2.74474597	2.75052762	2.75916624	2.77923369	2.81278181	2.84180903	2.86052275	2.87478423	2.89162397	2.91111469	2.92091203	2.92608643	2.93241429	2.94107461	2.95904589	2.97640944	2.99348545	3.00334144	3.00129604	3.00222468	3.00444698	3.01058245	3.01123285	3.00563526	2.99620485	2.98764658	2.98200130	2.98186731	2.97898507	2.97368383	2.96142793	2.93904710	2.91192365	2.87416339	2.84434843	2.81914234	2.79899645	2.78713322	2.78046966	2.77741170	2.77527356	2.78262258	2.79564095	2.81897521	2.84729147	2.87433171	2.90037823	2.91891432	2.91866255	2.90359783	2.88361549	2.86643028	2.85307956	2.84302831	2.83687115	2.82596159	2.81365800	2.80164909	2.77786994	2.75356722	2.73953772	2.73131418	2.72815204	2.73679233	2.75764632	2.77241993	2.77495646	2.78044176	2.79185677	2.78635454	2.77399468	2.76171255	2.75629401	2.76179504	2.78462076	2.81451678	2.82344818	2.83773851	2.83647370	2.82390189	2.81535268	2.80937648	2.80585980	2.79976392	2.79637313	2.81052279	2.84162498	2.87590790	2.91972923	2.95329142	2.96498466	2.96782827	2.97866344	2.99804902	2.99577713	2.97763014	2.96166921	2.94783831	2.92720771	2.90177011	2.87424612	2.85518360	2.85002327	2.85347676	2.84807038	2.84122992	2.83681822	2.84985423	2.88348341	2.91261888	2.92527270	2.93747616	2.95739865	2.95529151	2.92762041	2.90045762	2.88088131	2.87879658	2.89220142	2.91072416	2.95067406	2.98887610	3.03924417	3.09205055	3.11889505	3.12071300	3.09799051	3.07187510	3.05612135	3.06223464	3.08972192	3.13011408	3.15761590	3.17720509	3.17296505	3.14866686	3.10449815	3.06053925	3.03352904	3.01527643	3.00839925	3.00267982	3.00792861	3.00536561	2.99924564	2.99123430	2.99117136	3.00526404	3.02083802	3.02333641	3.01150393	3.00553751	3.01202559	3.02722478	3.04249787	3.03411627	3.00400734	2.96200585	2.92388010	2.89791751	2.87832165	2.85194659	2.82471251	2.80376720	2.78515315	2.76647377	2.75743914	2.73924732	2.71687341	2.70815063	2.70701003	2.70789313	2.70448685	2.71516013	2.74346113	2.78608251	2.81668901	2.82589245	2.81950188	2.78177261	2.74401283	2.72203994	2.71805787	2.72713852	2.75184178	2.77331424	2.79386854	2.81230545	2.81843543	2.82350039	2.83708644	2.84612322	2.83430767	2.80453944	2.77652621	2.75414634	2.74331594	2.73583674	2.72549987	2.70540047	2.68879533	2.68583083	2.69957852	2.72814989	2.76234698	2.78952575	2.80569887	2.81227684	2.81288910	2.82045794	2.82449436	2.82890654	2.84525132	2.86248803	2.89336061	2.92803693	2.95212722	2.96722865	2.97093534	2.97777104	2.98176932	2.98161578	2.97877741	2.97970724	2.99161363	3.00583649	3.02437687	3.03940821	3.04903436	3.05288363	3.05536556	3.07075000	3.08586335	3.10324383	3.12467265	3.13768816	3.14652085	3.15076232	3.15071034	3.16000080	3.19592476	3.24180317	3.28730130	3.32916379	3.34616661	3.40322542	3.52600455	3.64539957	3.72547984	3.69303751	3.48937130	3.29773045	3.11996889	2.96995616	2.85181808	2.77915835	2.71049857	2.66514802	2.63074231	2.62770891	2.62501740	2.60955667	2.59918165	2.58705735	2.58614373	2.58784914	2.59212637	2.59805346	2.60440397	2.60229778	2.59859681	2.59853745	2.58733320	2.58308768	2.59755349	2.62482071	2.66253734	2.68411660	2.68565536	2.68778253	2.69061184	2.69950509	2.71173263	2.72921562	2.74416399	2.75454092	2.75995040	2.75172853	2.74093795	2.72634768	2.71863985	2.68826103	2.70275378	2.69975543	2.70964074	2.72777843	2.75533581	2.77841544	2.79421020	2.81109571	2.82698154	2.83976626	2.84864020	2.84927607	2.84949636	2.84642863	2.83432460	2.81645966	2.79902053	2.77891374	2.75827980	2.73918986	2.72094178	2.70203471	2.68633127	2.68622255	2.68945456	2.69316363
-58.0000000	2.61614776	2.61101580	2.60578179	2.59924102	2.58564377	2.56824327	2.55042720	2.53267527	2.52036810	2.51661444	2.51073098	2.49378896	2.48113775	2.47494936	2.47352195	2.47497582	2.47789884	2.47550893	2.47421479	2.47904062	2.49171305	2.50480866	2.51037288	2.51495981	2.52817178	2.54186583	2.54975224	2.55902934	2.56560707	2.57434988	2.58388925	2.58739877	2.59900260	2.61529279	2.62661362	2.62833238	2.64115572	2.65690804	2.66577649	2.67519736	2.68574238	2.69123578	2.69906354	2.71023989	2.72326446	2.73907351	2.76678085	2.78957319	2.79752159	2.79965401	2.80736780	2.81962633	2.83127689	2.84341717	2.85384536	2.86291981	2.88446331	2.90099740	2.91508722	2.92857456	2.94213486	2.95102644	2.95416737	2.94751692	2.94335103	2.94532108	2.93910027	2.93156648	2.92772293	2.92768955	2.92969632	2.92694783	2.90908098	2.88450623	2.86626315	2.84455800	2.82252812	2.80732656	2.79952836	2.79892159	2.79806972	2.79276109	2.78039455	2.76683426	2.75600004	2.76002431	2.79338050	2.82707143	2.85129237	2.85881996	2.84708500	2.81991863	2.79218364	2.76471877	2.74325585	2.72702074	2.70937896	2.69641829	2.69102287	2.68259382	2.67155099	2.66179538	2.66105342	2.67044330	2.67814612	2.68074203	2.68442822	2.69049931	2.69910264	2.70729637	2.71169591	2.71247125	2.71195769	2.70871496	2.70524454	2.70531249	2.70838833	2.72168660	2.73325443	2.74201226	2.74148941	2.73901701	2.73824883	2.73482704	2.72790670	2.71751451	2.72125411	2.72948194	2.75088024	2.78131485	2.81753588	2.85959840	2.88948154	2.89938426	2.89669275	2.89691973	2.89570975	2.89303422	2.88699985	2.88623381	2.88545942	2.87042069	2.85476041	2.84831429	2.84862471	2.85047746	2.84114766	2.81871653	2.80068254	2.78976035	2.79126859	2.80662751	2.82785249	2.85637259	2.87453842	2.87888765	2.86787081	2.86000347	2.86215210	2.88269854	2.92046618	2.95345330	2.98834276	3.01402736	3.03696752	3.05752301	3.07605076	3.08194971	3.06909084	3.05940080	3.07326984	3.11257029	3.14553809	3.17103934	3.17651153	3.17341590	3.15670037	3.13974285	3.12579298	3.10299420	3.07154059	3.04406929	3.02998328	3.01103902	2.98952389	2.98835540	2.99484062	2.98791289	2.97532344	2.97133994	2.97602391	2.97231293	2.95661879	2.94727635	2.94705963	2.95173097	2.95490742	2.94443321	2.92551160	2.89932442	2.86634612	2.83986306	2.81942725	2.80054188	2.78564262	2.77348304	2.76127839	2.74844146	2.73081470	2.70764613	2.67420506	2.65193534	2.65856647	2.67931604	2.69202018	2.70054269	2.71481705	2.73383689	2.75090766	2.75581098	2.75124454	2.74140763	2.71964002	2.69889593	2.68374872	2.68445992	2.69580746	2.70659947	2.71026707	2.71984792	2.73077703	2.74459338	2.76475787	2.78022742	2.77860856	2.75881815	2.73543549	2.70376873	2.68038416	2.66981053	2.66858959	2.66137505	2.65088296	2.64947319	2.65874696	2.66695118	2.67354679	2.68234539	2.69914746	2.71759129	2.73674703	2.75659513	2.77021480	2.78112102	2.79602933	2.81351924	2.83262539	2.85899520	2.87986755	2.89097404	2.88892841	2.89866304	2.91356683	2.92335844	2.92660785	2.93107533	2.93602586	2.94611454	2.96395016	2.98431587	2.99084306	2.99718046	3.00280905	3.00698352	3.01074100	3.03066039	3.05721474	3.07344604	3.08467412	3.09282851	3.10307193	3.11365819	3.12575054	3.14120054	3.15196419	3.17466998	3.18042326	3.18397617	3.19004965	3.22423506	3.24775481	3.24770617	3.20393729	3.11756563	2.97825480	2.82655787	2.74386621	2.69900990	2.66300488	2.63631940	2.61783099	2.60706520	2.59571505	2.58687305	2.57313919	2.55970788	2.55341697	2.56105828	2.57382894	2.58100343	2.58401465	2.57784843	2.56920528	2.55141735	2.53000355	2.52301621	2.54485178	2.56278324	2.58486128	2.60132122	2.60575342	2.60659814	2.60491180	2.61005974	2.61970305	2.63887787	2.66315770	2.67879748	2.68659353	2.69366050	2.69385719	2.68350244	2.66859674	2.64330935	2.64845729	2.65055513	2.65557790	2.66656137	2.67833233	2.68292832	2.67906809	2.68274117	2.69298363	2.70378208	2.71539450	2.72928715	2.72905302	2.72488523	2.71623135	2.70452905	2.69527364	2.68835831	2.67814040	2.66357780	2.65099525	2.63898110	2.62743258	2.61940694	2.61591506	2.61391139
-59.0000000	2.56857252	2.56042504	2.55455732	2.54404807	2.53275037	2.52437353	2.51703668	2.50441575	2.48730421	2.46968174	2.45514798	2.44561291	2.44122910	2.44174647	2.44368601	2.45079422	2.44798136	2.44203925	2.43619680	2.43969035	2.45291948	2.46783066	2.48517227	2.49944162	2.51508641	2.53066301	2.53278947	2.52233195	2.51850200	2.52314496	2.52826643	2.52594662	2.53704667	2.55043244	2.56279540	2.57204652	2.57500958	2.58139229	2.58896208	2.59940505	2.61319208	2.63245296	2.64601922	2.65585470	2.66893077	2.68253946	2.69527912	2.71731043	2.73162270	2.74220395	2.74632406	2.75679016	2.76925468	2.78583908	2.80041075	2.81332183	2.83217835	2.84760404	2.86299968	2.87260866	2.87834048	2.88270545	2.88827014	2.89370465	2.89325571	2.88691950	2.88246393	2.87802839	2.87365389	2.86978054	2.86849070	2.86020732	2.83444619	2.81098676	2.80472708	2.79546404	2.79453492	2.79329681	2.78497052	2.77242637	2.76907778	2.76282382	2.75243092	2.74250150	2.72998190	2.71720314	2.72068906	2.74399328	2.76343203	2.76582456	2.75192618	2.72409368	2.69469118	2.66593051	2.64744925	2.63285756	2.61614990	2.60265493	2.59673095	2.59399652	2.59008145	2.57674074	2.57482243	2.58279967	2.59141612	2.59552312	2.59769678	2.59913039	2.60882878	2.62342310	2.62886810	2.62292910	2.62779474	2.63702226	2.64807177	2.64771986	2.64426708	2.64456916	2.64482808	2.63901162	2.63626146	2.64058685	2.63617635	2.62917185	2.62038016	2.61405325	2.61806989	2.62929130	2.65116668	2.68201017	2.70939517	2.73555613	2.75765681	2.77164793	2.78584146	2.78843713	2.78851223	2.79250073	2.80436707	2.81090736	2.81920195	2.82454515	2.82311702	2.82060409	2.82148361	2.81973147	2.80915570	2.79630041	2.77942395	2.75979948	2.74226665	2.73761821	2.74390221	2.77151108	2.79862666	2.81765938	2.82823181	2.83858991	2.85681534	2.88136744	2.91402578	2.94699907	2.98515677	3.01690984	3.03895426	3.04638863	3.05630994	3.07152915	3.07896566	3.08224511	3.09967184	3.12420630	3.14365196	3.16032481	3.16410899	3.14612699	3.12226295	3.10781670	3.09868598	3.07480145	3.04130197	3.00918198	2.98474336	2.95658422	2.93949437	2.93973279	2.94352126	2.94055343	2.93370271	2.92683387	2.92092299	2.91937494	2.91347051	2.90973616	2.91098309	2.90751362	2.90279865	2.89448500	2.88482070	2.86601782	2.83326697	2.80091977	2.77043462	2.73930407	2.71534514	2.69982147	2.69424129	2.69978762	2.69730473	2.68726778	2.66803384	2.65188932	2.65173101	2.65858459	2.67046690	2.67683077	2.67970347	2.67789388	2.67654157	2.67310643	2.67107344	2.66897392	2.66326046	2.64995813	2.63692617	2.62485409	2.62085152	2.62319756	2.62354708	2.63126945	2.64228916	2.65893888	2.68406081	2.70310330	2.70292926	2.68636751	2.66488791	2.64431310	2.62301707	2.60707521	2.60493755	2.59862280	2.59375048	2.59526134	2.60201764	2.60958958	2.60075283	2.59537625	2.60337448	2.62419224	2.65167785	2.67822957	2.69333124	2.70744348	2.72292447	2.73029876	2.74691582	2.76351285	2.77705145	2.78470469	2.78413081	2.79452920	2.81299567	2.83418775	2.84588408	2.85585141	2.86732078	2.86834216	2.88103104	2.90327263	2.91406846	2.90568805	2.90362668	2.91222787	2.91887617	2.92378092	2.93324208	2.95216966	2.97524691	2.99389458	3.00828266	3.01253152	3.00360632	2.98692322	2.97488856	2.97242880	2.99209619	3.01645136	3.03422928	3.04902697	3.05478644	3.00268698	2.89591479	2.78748059	2.67010498	2.58315825	2.55169296	2.56956673	2.59741926	2.60433865	2.60012722	2.58535933	2.56071472	2.53762841	2.52147341	2.51340413	2.49820399	2.49025917	2.48666716	2.48924661	2.49685907	2.48992372	2.47760844	2.45979309	2.44651031	2.44261122	2.45852780	2.47999191	2.50035954	2.51699758	2.52929473	2.53151798	2.52661872	2.52393484	2.52863836	2.54430747	2.56282473	2.57945013	2.59644198	2.61105967	2.61524415	2.60137868	2.58915830	2.57616830	2.57457876	2.57716584	2.58592463	2.59927011	2.61074972	2.61609101	2.62146568	2.62529898	2.62157249	2.61459136	2.61039758	2.60845232	2.60804844	2.59871268	2.58816481	2.58197236	2.58379269	2.58654356	2.59005594	2.58683944	2.58005071	2.56888175	2.56755161	2.57118893	2.57463503	2.57508659
-60.0000000	2.50073409	2.50253606	2.49920702	2.49303961	2.48511100	2.47498941	2.47167778	2.46670222	2.44919491	2.42834949	2.40910411	2.39751601	2.39550352	2.39593601	2.39011550	2.39163828	2.38920069	2.39196634	2.39618087	2.40575409	2.41432309	2.41255140	2.41163611	2.42150521	2.43545914	2.44476461	2.44185328	2.44243002	2.44924235	2.46125317	2.47526431	2.48760724	2.50225592	2.51558304	2.52772212	2.53385901	2.53363466	2.53341937	2.52869439	2.52664447	2.53193426	2.54552174	2.55206776	2.56283903	2.57891226	2.59403968	2.62434626	2.65741205	2.68719077	2.70496917	2.71298099	2.71780586	2.72599530	2.74238801	2.76512480	2.78505349	2.80055237	2.80735731	2.81607652	2.81987762	2.82152104	2.81392956	2.81248736	2.80981302	2.80672193	2.79948854	2.79800129	2.79540944	2.79697442	2.80246186	2.80738997	2.79527187	2.77785826	2.76610661	2.75852609	2.75035501	2.74964070	2.74686122	2.73977613	2.73388791	2.73500514	2.72930479	2.71652937	2.70053220	2.68569851	2.67249370	2.66298103	2.65694189	2.66202331	2.66765881	2.66651917	2.65594625	2.63787365	2.62244272	2.61918163	2.61835814	2.61826253	2.61090159	2.59817743	2.58794928	2.57840085	2.57157445	2.56567383	2.56400347	2.56861758	2.57746506	2.57124686	2.56511331	2.56728411	2.56195092	2.56086469	2.56180573	2.56431818	2.56567764	2.56273174	2.55667090	2.55296803	2.55025959	2.55179620	2.55710411	2.56165195	2.56327987	2.55656290	2.54780412	2.53794265	2.52920771	2.52424049	2.53559518	2.56283021	2.59361100	2.62916183	2.65588832	2.67318392	2.68593311	2.70446301	2.72340345	2.74011445	2.74969172	2.76017284	2.76411843	2.76980853	2.78468132	2.79301739	2.79405165	2.78484845	2.76619864	2.75382829	2.75459528	2.75228739	2.74003363	2.72733212	2.72028184	2.71673822	2.72664094	2.75135183	2.78148031	2.80930758	2.83133888	2.84815955	2.86407375	2.87914634	2.88919950	2.91083479	2.93659043	2.95128679	2.96327186	2.96748495	2.97438431	2.99042273	3.01935458	3.04734874	3.06966877	3.07468724	3.07639813	3.07866573	3.06776690	3.05623412	3.06089616	3.06400609	3.05333018	3.02487564	2.98710012	2.95486164	2.92253971	2.89438605	2.87644625	2.86324787	2.85851526	2.85322142	2.85134792	2.85481286	2.86213398	2.86744595	2.87207723	2.87515044	2.86561060	2.85797524	2.85039902	2.83539081	2.80691814	2.77638483	2.75729847	2.74509597	2.72758603	2.70162416	2.67832756	2.65772486	2.65398717	2.65766239	2.66101909	2.65895557	2.65285420	2.65310454	2.65093541	2.65149927	2.64754295	2.64489460	2.64086342	2.63452101	2.62358761	2.61678982	2.61918545	2.62045979	2.62033582	2.61311221	2.60015464	2.58262563	2.56959677	2.56538892	2.56864762	2.56731534	2.56575012	2.57364535	2.59036136	2.59891248	2.59854841	2.59717631	2.59299231	2.58600163	2.57631373	2.56809306	2.55643320	2.55405116	2.55636835	2.56389856	2.56220698	2.55680561	2.54901814	2.54898715	2.55616689	2.56576681	2.57319784	2.58011413	2.59139371	2.60328555	2.61488080	2.63610220	2.65466070	2.66385221	2.66722941	2.67320848	2.68464470	2.69769120	2.70682049	2.71721315	2.73158860	2.74629140	2.76434636	2.78672433	2.80187821	2.81192946	2.80488181	2.79581141	2.78697300	2.78105187	2.78533649	2.79366374	2.79277968	2.80136418	2.81397247	2.82464290	2.83284998	2.83241415	2.83077359	2.82532167	2.81189466	2.81257772	2.82029009	2.82255983	2.80774689	2.77511644	2.70101142	2.58635879	2.49865127	2.45828795	2.44927859	2.46820712	2.50461864	2.53878903	2.56507564	2.57122779	2.54614639	2.51342249	2.47460198	2.43829393	2.41452980	2.40272355	2.39440918	2.39123940	2.38922477	2.38791347	2.38395762	2.38227868	2.38101220	2.37218070	2.36210227	2.37074280	2.39041805	2.41290879	2.43197799	2.43905091	2.44602418	2.45593572	2.46885943	2.48077607	2.49117351	2.49989033	2.50608730	2.51021051	2.52015996	2.53165507	2.53335476	2.53114891	2.52741528	2.52891922	2.53214574	2.53538585	2.53369570	2.53372216	2.53394246	2.53501964	2.53795934	2.54105949	2.53387070	2.52327728	2.51662207	2.51917291	2.52050400	2.52594042	2.53264499	2.53689194	2.53906369	2.54320025	2.54664564	2.54319715	2.53052878	2.51950121	2.51209235	2.50640702	2.50235605
-61.0000000	2.39680815	2.38457227	2.37499976	2.37150502	2.37133884	2.36614656	2.36290264	2.36123753	2.35794711	2.35219908	2.34798098	2.34087420	2.32787991	2.31047201	2.29903746	2.29934573	2.30212426	2.31217027	2.33676910	2.35497594	2.35064077	2.33056378	2.31427407	2.30986238	2.32291985	2.33939052	2.35490203	2.36998391	2.38456130	2.40218019	2.42666769	2.44185948	2.45580387	2.46279597	2.46627998	2.46148276	2.46342039	2.46143413	2.46215677	2.47188926	2.48567820	2.51091504	2.53234839	2.55096054	2.56736803	2.58788848	2.60219193	2.61972904	2.63909030	2.64748931	2.64757276	2.64758658	2.65887332	2.67899299	2.69833040	2.72091770	2.73749852	2.74758840	2.75607538	2.76736021	2.77264571	2.77814913	2.78681064	2.79431176	2.79979730	2.79885483	2.79115605	2.77958536	2.77354074	2.77384400	2.76681828	2.74966860	2.72645760	2.70882177	2.69492364	2.68072677	2.67653489	2.68240905	2.69360423	2.71003699	2.73270202	2.74217176	2.74218321	2.73217988	2.71564507	2.69899368	2.68476892	2.67521882	2.67236471	2.67380834	2.67470098	2.66700196	2.65276217	2.63673520	2.62432384	2.61409426	2.60809946	2.60145807	2.59116507	2.57779336	2.57091093	2.58005309	2.59213877	2.59424949	2.59286928	2.59487414	2.58165383	2.55914807	2.54068780	2.53306246	2.52380085	2.52325177	2.52570486	2.52949882	2.52804947	2.52946782	2.52557802	2.51850724	2.51818967	2.52342439	2.53637242	2.54462814	2.54495883	2.54198146	2.54003119	2.54000926	2.54146576	2.54838634	2.56536245	2.59069633	2.62552953	2.66576433	2.69341898	2.70680213	2.71849585	2.73565960	2.74806619	2.75540543	2.75528288	2.74900460	2.74677873	2.75572515	2.77643514	2.79369926	2.79486752	2.77649069	2.76343656	2.75525236	2.74695921	2.72506285	2.70598030	2.69587708	2.67818260	2.67178607	2.67966342	2.69857740	2.71444845	2.73316574	2.74814272	2.75747132	2.77205682	2.78590894	2.80431581	2.82675505	2.84222817	2.84503126	2.84428048	2.86012983	2.88074231	2.89834332	2.91243768	2.92179799	2.92607045	2.92712164	2.92358828	2.91962242	2.92292309	2.93640375	2.94934583	2.95793176	2.95236158	2.93903995	2.92333794	2.91357923	2.89916682	2.87135983	2.84106541	2.81911016	2.80580020	2.79816771	2.79065204	2.77948880	2.78086805	2.78020453	2.77816081	2.77113652	2.76887774	2.76434016	2.74984145	2.72939897	2.70267820	2.69517136	2.68766260	2.67542934	2.65589714	2.63157439	2.61088467	2.59557366	2.58879757	2.59533238	2.60110140	2.60493660	2.60867405	2.60433865	2.59893274	2.59387207	2.59202313	2.58914304	2.58908153	2.57858086	2.57063794	2.57046199	2.56740332	2.55755544	2.54767251	2.53846288	2.52256608	2.50770879	2.49746919	2.49607635	2.49951053	2.50732088	2.51991582	2.53662968	2.54898143	2.55514073	2.55649137	2.55232048	2.54457116	2.53378558	2.51975727	2.50917745	2.50285792	2.49364877	2.48814583	2.47778440	2.46831059	2.45869064	2.45150328	2.45490384	2.46082258	2.46964192	2.48059392	2.49368596	2.50533295	2.51645279	2.53414607	2.54481363	2.54665041	2.54849362	2.55612159	2.56794572	2.57995701	2.58575749	2.58961868	2.60276484	2.62282729	2.64701271	2.66833091	2.67498469	2.67530155	2.66283274	2.64233923	2.62726521	2.62753534	2.64261627	2.66547871	2.67414951	2.67327476	2.67250037	2.67494130	2.67275691	2.68393874	2.68824363	2.67564082	2.64503717	2.62169194	2.61110997	2.60045004	2.59174371	2.56807446	2.53151131	2.48296928	2.44488215	2.44588041	2.46636748	2.46788406	2.48731160	2.50441980	2.50552082	2.49514842	2.46559572	2.42543197	2.39121222	2.34710288	2.33448720	2.26840878	2.26506948	2.27371764	2.28787851	2.29108572	2.28817081	2.28600693	2.27525735	2.27520704	2.23898482	2.28143430	2.29802155	2.31981206	2.34073901	2.35530186	2.36948299	2.38482428	2.40405035	2.42080140	2.43143654	2.44100499	2.45009279	2.45565677	2.46105146	2.46516252	2.46938848	2.47299123	2.46918797	2.47161436	2.47739148	2.47908831	2.47592211	2.46349931	2.44859862	2.43259811	2.42688489	2.42943621	2.43226290	2.43510580	2.43896651	2.44610953	2.45291042	2.46308899	2.46989179	2.47528744	2.47273898	2.46710420	2.46205735	2.45992303	2.46000743	2.45049429	2.43816638	2.42681551	2.41511345
-62.0000000	2.31079102	2.30399799	2.29504728	2.28583097	2.27582741	2.26527333	2.25636744	2.24977875	2.25137687	2.25507450	2.25202823	2.24217391	2.22347474	2.20586014	2.19883490	2.19620657	2.20258164	2.22032619	2.24783134	2.26699400	2.26883292	2.25580406	2.24059463	2.23488927	2.24685025	2.26948047	2.28616571	2.29969096	2.30964804	2.32260585	2.34194064	2.36143017	2.37543845	2.38758183	2.39627862	2.39719033	2.39861631	2.40759587	2.42325497	2.44290924	2.47484064	2.51173186	2.53883529	2.55543661	2.57330775	2.58288407	2.58597898	2.59662676	2.61594963	2.63303137	2.65028667	2.66982603	2.69511986	2.71455765	2.72756553	2.73553109	2.73875141	2.73178864	2.73405933	2.74572277	2.75453997	2.75518847	2.75856638	2.76359916	2.76851273	2.77013254	2.76062083	2.74136186	2.72553229	2.72018957	2.71804690	2.70823407	2.69742608	2.68990707	2.68329978	2.67534876	2.67026305	2.66921091	2.66881537	2.67694688	2.69958925	2.71492529	2.72259998	2.72023797	2.71233845	2.70417547	2.69804835	2.68883228	2.67810059	2.66780329	2.65430975	2.62562370	2.59690928	2.56998301	2.55034661	2.53495049	2.52638888	2.53128195	2.53480601	2.54082179	2.55157232	2.56643248	2.58418751	2.59883857	2.60310793	2.59661007	2.58191681	2.56182981	2.53951550	2.53391337	2.52437353	2.52106404	2.51810026	2.51952815	2.53035688	2.53216529	2.52747273	2.51565909	2.50667977	2.50324130	2.50897479	2.51301908	2.50954628	2.51143003	2.52184868	2.53523159	2.54556680	2.54983974	2.56817484	2.60145307	2.64118052	2.68789434	2.72028518	2.73780584	2.75482702	2.76867151	2.77739906	2.77683973	2.77553606	2.76655316	2.76234269	2.76804972	2.77790093	2.78717709	2.79444027	2.79659700	2.79108763	2.77739811	2.75900197	2.73448086	2.71059275	2.68340206	2.65928030	2.64624143	2.64569378	2.65025520	2.65562749	2.66340518	2.67127919	2.67450476	2.67910981	2.69490552	2.71281838	2.73551226	2.75180173	2.75593972	2.76876688	2.78331041	2.79802585	2.81446123	2.82512093	2.82971621	2.83218694	2.83242369	2.83572149	2.84341121	2.84506631	2.84909749	2.85538006	2.86036420	2.86500239	2.86660576	2.86643958	2.86842275	2.85930085	2.83695126	2.80372047	2.77249026	2.75037646	2.73568916	2.72025132	2.69954562	2.69326305	2.69558859	2.70217443	2.70600367	2.70564747	2.70357752	2.69159675	2.66540885	2.64540243	2.63747740	2.62934875	2.61885333	2.60393333	2.58947182	2.58315611	2.57718754	2.57360291	2.57368088	2.57984161	2.58161497	2.58275414	2.57698560	2.56806302	2.56883669	2.57428312	2.57390642	2.56560826	2.55140567	2.54010129	2.52526641	2.51184440	2.49344945	2.47554255	2.46108508	2.45311666	2.44693780	2.43914914	2.43104410	2.42868924	2.43502808	2.45254803	2.47102189	2.48712778	2.49743462	2.50141573	2.49317384	2.48367286	2.47334099	2.45647717	2.44422412	2.43500113	2.42184305	2.40740991	2.39332414	2.38081551	2.36727118	2.35877728	2.36133409	2.36813664	2.38201451	2.39376712	2.40575075	2.41530418	2.41699314	2.41756845	2.41544628	2.41547012	2.42177439	2.43542910	2.44848108	2.46384788	2.47882414	2.49290133	2.50324750	2.51233315	2.52778959	2.53686070	2.53519058	2.52710891	2.51355386	2.50202751	2.50058174	2.50994992	2.52431250	2.53361416	2.53881764	2.53169775	2.52532196	2.52532816	2.53069258	2.52416039	2.50204301	2.46844292	2.43133068	2.40618420	2.39601731	2.40113282	2.41948056	2.43858361	2.45928431	2.47703123	2.48101139	2.48720336	2.51273417	2.50520253	2.48606157	2.51900697	2.54493618	2.52864528	2.51748276	2.42735219	2.35883999	2.26706433	2.19845438	2.16032743	2.14361072	2.15086007	2.17142344	2.19057155	2.19100571	2.18073487	2.17397141	2.17086124	2.17960525	2.20192122	2.22690368	2.25214314	2.27936649	2.30608082	2.32511473	2.33516073	2.34624195	2.35565782	2.36000681	2.36580610	2.37193990	2.37961006	2.38822985	2.39765620	2.40362430	2.40309048	2.40131688	2.40156651	2.40689898	2.41312790	2.41135645	2.40303779	2.39068174	2.38048577	2.37635851	2.37579584	2.37122369	2.36305118	2.35258722	2.34591436	2.34376168	2.35078406	2.36345482	2.37748241	2.38539505	2.38887262	2.38741899	2.38106489	2.37090945	2.35775018	2.34907079	2.33935094	2.32785892
-63.0000000	2.21756482	2.20802212	2.19704914	2.18763399	2.17488050	2.16176224	2.15173483	2.14031839	2.12860942	2.11800480	2.10850000	2.09631276	2.08557034	2.07847619	2.07950902	2.08892083	2.10590482	2.12465882	2.13302112	2.13706779	2.14130020	2.14883924	2.14930868	2.14993095	2.16353869	2.17778325	2.19483876	2.20680594	2.22415662	2.25129747	2.28113198	2.30436063	2.31870079	2.33638906	2.35432792	2.37077379	2.38119602	2.39636850	2.41427207	2.43281627	2.45291138	2.46244478	2.47371840	2.48440099	2.49520588	2.52015996	2.54764223	2.58650351	2.63459229	2.68954110	2.74483466	2.79808736	2.83962941	2.87136054	2.88880825	2.89415288	2.87969828	2.86335683	2.85360456	2.84543800	2.81719494	2.78348875	2.75488806	2.73520184	2.71805239	2.70867682	2.69382310	2.67994761	2.67030549	2.66804528	2.67231989	2.67385674	2.67286015	2.67286444	2.66152787	2.64279914	2.63096881	2.62015271	2.60648274	2.60073376	2.60664535	2.61212993	2.61998510	2.62224174	2.62449861	2.63005447	2.64079356	2.64722133	2.64102864	2.63306928	2.62828374	2.61594748	2.60133529	2.58291054	2.56961417	2.55756640	2.55419755	2.56722021	2.58191371	2.59637833	2.61250877	2.63098574	2.64380908	2.64551902	2.64092040	2.62633848	2.61789656	2.60842323	2.59041977	2.57656598	2.57281351	2.55818892	2.53685331	2.50989985	2.48491693	2.47180510	2.46175385	2.47511911	2.48944783	2.49982977	2.51097775	2.50301361	2.50239873	2.50447536	2.52494979	2.55977726	2.58284402	2.60777974	2.64728284	2.69306231	2.74084044	2.78791094	2.82991910	2.86334062	2.89953303	2.93072486	2.95478106	2.97357297	2.97212172	2.95613933	2.93631244	2.91563916	2.88570094	2.84715462	2.82461143	2.80170202	2.77705836	2.75894976	2.74330521	2.73100805	2.72428799	2.70527172	2.68631339	2.66914845	2.65961599	2.65898561	2.65765214	2.65446186	2.64933681	2.64404368	2.64350271	2.65092731	2.66304350	2.67557883	2.68859029	2.70303893	2.71249080	2.71793604	2.72189975	2.73177528	2.74222016	2.74995279	2.75403309	2.75988412	2.76534200	2.77108097	2.77588606	2.78525996	2.79315019	2.80442619	2.82063222	2.82861710	2.83131170	2.82746053	2.81618834	2.79559255	2.76797509	2.73849607	2.71403384	2.69586611	2.68261433	2.66913152	2.65411401	2.64127541	2.64535332	2.65461993	2.65943265	2.65662622	2.64625525	2.63290691	2.62156391	2.61390138	2.60482097	2.59346390	2.58275437	2.57187724	2.56247687	2.56238151	2.56408882	2.56746912	2.56265855	2.56270623	2.56549358	2.56349897	2.55865073	2.54996037	2.54439664	2.53905845	2.53622770	2.53108048	2.52949381	2.51659012	2.49553204	2.47743177	2.46300840	2.44578266	2.42601299	2.41192484	2.40151334	2.39177132	2.37965894	2.37056351	2.37493443	2.37912440	2.38322878	2.39278769	2.40608215	2.41197681	2.41302919	2.40994430	2.40444827	2.39389014	2.37899828	2.35912991	2.33786011	2.32025528	2.30928206	2.30032206	2.29806328	2.30150294	2.30099320	2.29986787	2.29533076	2.29330182	2.29892135	2.30279970	2.30635214	2.30690742	2.31132936	2.31662941	2.32610273	2.33475947	2.33879876	2.34820294	2.36240101	2.37849450	2.38778353	2.38990235	2.38932133	2.38988137	2.39424133	2.39498639	2.39612246	2.39717793	2.39444041	2.38671303	2.36911297	2.35008097	2.33482862	2.32359934	2.31720352	2.30981112	2.29539847	2.27488565	2.26173615	2.25670433	2.26473117	2.28464150	2.31274319	2.35538745	2.39758801	2.42653108	2.46199250	2.50379705	2.53481412	2.60443664	2.67681313	2.70915961	2.76135874	2.89111257	2.86946058	2.71795893	2.60442305	2.42867398	2.26141214	2.08343172	2.06587553	2.05132389	2.04929495	2.06126499	2.07347226	2.08166599	2.08510876	2.08660698	2.09497142	2.11237550	2.14690638	2.18066955	2.20777869	2.23270392	2.25172114	2.26968622	2.28186202	2.29291797	2.29438663	2.28926682	2.29032946	2.28905129	2.29069567	2.29659653	2.30819774	2.31801200	2.32280779	2.32609820	2.32779002	2.33092165	2.33495045	2.34018898	2.34223771	2.33679223	2.32733297	2.31976032	2.31029773	2.29977131	2.28734827	2.27554893	2.26714277	2.25623965	2.24859405	2.24760985	2.25273061	2.26010299	2.26297903	2.25951982	2.25026202	2.24157190	2.23886871	2.23663282	2.23113871	2.22726178
-64.0000000	2.09905481	2.07918835	2.06187749	2.05152607	2.04343867	2.03350639	2.02573586	2.02166367	2.01946664	2.01833725	2.01677442	2.00510979	1.99479389	1.99251890	2.00349474	2.01360559	2.02427340	2.03304243	2.03865170	2.05090046	2.06709671	2.07778406	2.08322716	2.08809829	2.09249306	2.09887528	2.11626840	2.13753104	2.16756129	2.20385408	2.23563838	2.26249838	2.26606274	2.26959395	2.26995397	2.27833009	2.29853654	2.32648396	2.35868168	2.38958383	2.41718435	2.43780732	2.46459627	2.49838114	2.54785490	2.60891032	2.67671990	2.74291396	2.80968118	2.88632441	2.95120406	3.03406644	3.12801886	3.19256067	3.24271584	3.25893235	3.21067834	3.16441488	3.12303829	3.06803560	3.00538540	2.95238113	2.91408157	2.88329196	2.84887838	2.82028031	2.80227184	2.78918338	2.77222872	2.74333978	2.70892668	2.66243386	2.61562395	2.57352543	2.52988553	2.49293303	2.47894597	2.47501016	2.47312784	2.47699094	2.49363542	2.51102996	2.53546715	2.55741668	2.57524800	2.59418273	2.61315250	2.63157272	2.64696097	2.66298771	2.67948627	2.69028807	2.68815851	2.67880225	2.67602468	2.67791343	2.69050336	2.71555924	2.73665810	2.74217582	2.73346424	2.74138904	2.75621676	2.75973749	2.74497628	2.71945620	2.67819643	2.64927220	2.63319850	2.61653471	2.60352945	2.61671305	2.61518908	2.60591173	2.58112717	2.53854966	2.52418828	2.52093267	2.53557515	2.56017756	2.58925438	2.62245893	2.62832427	2.66100502	2.70604587	2.75253844	2.79777360	2.84993386	2.91615677	2.98517871	3.04747391	3.11663175	3.19164181	3.26212573	3.31878281	3.37354946	3.41426420	3.43501520	3.45403743	3.42881823	3.37830019	3.31662345	3.22110748	3.13491130	3.05742884	2.96517205	2.87746692	2.82035565	2.77483940	2.73609352	2.71278834	2.68964744	2.67747021	2.67155290	2.66864228	2.66546631	2.66278338	2.65992093	2.65861988	2.65896058	2.66886687	2.67726135	2.68966913	2.70085716	2.71150279	2.72288251	2.73181987	2.73327112	2.73240161	2.72820854	2.71940756	2.71631026	2.71889305	2.72054148	2.72297335	2.73231244	2.73825765	2.74943566	2.75916338	2.76794052	2.77778125	2.78576279	2.79067850	2.78179336	2.77190137	2.75764537	2.74432969	2.73109031	2.71644020	2.70381069	2.68871689	2.67097402	2.65090871	2.63198948	2.62077379	2.62379932	2.63028812	2.62773252	2.61736917	2.60532331	2.59891915	2.59830809	2.59138036	2.58180428	2.57323384	2.56622529	2.55431747	2.54763770	2.54095697	2.54111338	2.53666973	2.53350234	2.53088331	2.52674794	2.52457452	2.51985097	2.51005626	2.49421382	2.48162794	2.47249341	2.47420406	2.47179151	2.46052217	2.45051527	2.43465066	2.42495084	2.41209435	2.39860106	2.38119483	2.36396742	2.34580684	2.32786107	2.31267953	2.30455279	2.30310321	2.30464339	2.31199741	2.32219887	2.32927704	2.33122134	2.33060861	2.32557344	2.31652284	2.29909730	2.28226566	2.26848173	2.25960898	2.25041842	2.24817014	2.25055623	2.24264503	2.22817612	2.21562028	2.21036267	2.21249938	2.21983218	2.22425127	2.22378325	2.21717072	2.21144676	2.20641899	2.20554614	2.20519996	2.21604896	2.23664212	2.26054287	2.27704573	2.28210568	2.27693319	2.26649189	2.26226950	2.26179600	2.26006007	2.26313257	2.25571132	2.23981357	2.21665835	2.19873953	2.18987393	2.18792534	2.18543053	2.17722893	2.16053200	2.15319991	2.16219378	2.19093609	2.23289657	2.27085519	2.30627966	2.32677746	2.36138701	2.41187739	2.45999479	2.58988690	2.75497437	2.95737600	3.31899548	3.49343967	3.57260513	3.41897368	3.33010125	2.95823765	2.54544878	2.27314687	2.05016160	1.95146203	1.94198251	1.94676566	1.96171772	1.97038758	1.97748041	1.99184871	2.00106883	2.01585460	2.03564382	2.05257487	2.08355522	2.11521912	2.13741183	2.15165067	2.16027379	2.17383623	2.18735242	2.20072484	2.20845795	2.20643115	2.20083427	2.19705200	2.19403434	2.19631147	2.20600748	2.21492124	2.22556138	2.23377967	2.23619318	2.23313498	2.22722435	2.22260690	2.22352004	2.22504997	2.22099900	2.21158528	2.20214891	2.19457650	2.18956947	2.18730903	2.18630099	2.17922020	2.17007875	2.16229105	2.15716028	2.15385580	2.14872122	2.14074230	2.13554931	2.13139820	2.12809110	2.12239313	2.11946559	2.11475134
-65.0000000	1.99215496	1.97948742	1.96813905	1.95990431	1.95415902	1.94843829	1.94210696	1.94040763	1.94403207	1.95156753	1.95705390	1.95786393	1.95528162	1.95300734	1.95514786	1.95694494	1.96221161	1.97271192	1.98704708	1.99175978	2.00430775	2.01593471	2.02305603	2.03037953	2.03429794	2.03839827	2.05281377	2.07224131	2.09878922	2.12623668	2.14433670	2.15293288	2.14822745	2.14466643	2.14559412	2.16519928	2.20610356	2.25472832	2.30066514	2.34910297	2.41111350	2.48185277	2.57099700	2.66701078	2.77315760	2.88048124	2.95751357	3.04378319	3.12343979	3.19215155	3.18749046	3.30746174	3.46831083	3.61176229	3.72317672	3.87578630	3.86327457	3.67407131	3.45640182	3.30104661	3.21572375	3.18357730	3.16376352	3.13538337	3.10137558	3.06129646	3.02547479	2.98749018	2.92664623	2.84805202	2.76239204	2.66929245	2.57872820	2.49948525	2.43447709	2.39490604	2.37968898	2.37356949	2.38001156	2.40286827	2.44379020	2.49423075	2.54236984	2.56895614	2.58364034	2.60924029	2.63890147	2.65899158	2.66499925	2.66694832	2.66689396	2.65106344	2.62648535	2.59396863	2.55573988	2.52699590	2.51948571	2.51983953	2.50197983	2.44318700	2.35200572	2.35156965	2.41714430	2.48657608	2.55116892	2.62563896	2.57211089	2.50769019	2.44531560	2.37392426	2.22975373	2.26426077	2.54429603	2.80352902	2.93204141	2.85907054	2.76535249	2.73979282	2.67336345	2.67960691	2.73633599	2.77508140	2.85613179	2.92378831	2.99711108	3.07484245	3.11804771	3.19479203	3.26046658	3.30446124	3.36169291	3.49757075	3.62128401	3.72962117	3.82684946	3.79164934	3.74446321	3.77626252	3.74953628	3.70651531	3.66749287	3.58088207	3.49810410	3.42861390	3.33057594	3.21593809	3.11874437	3.01351142	2.90904188	2.81619310	2.74758697	2.70318389	2.68994474	2.69695902	2.70884299	2.72013664	2.73047495	2.73108697	2.72942972	2.72915268	2.73672462	2.74388742	2.75009060	2.75345254	2.75612879	2.75894666	2.76724720	2.77318263	2.76896787	2.76073503	2.75273299	2.75255227	2.75015855	2.74191451	2.73631978	2.74218774	2.74595523	2.75089192	2.75428987	2.75704002	2.75870299	2.75151706	2.73931050	2.72533965	2.71480227	2.71074247	2.70520306	2.69893003	2.68840790	2.67340398	2.65676379	2.64010215	2.62423229	2.61519289	2.60962701	2.61508012	2.62268186	2.62164187	2.61033368	2.59862733	2.59390116	2.59311509	2.58325982	2.56796527	2.55312777	2.54830527	2.55390215	2.55089641	2.53850150	2.52421379	2.50840664	2.49898171	2.49028969	2.48442960	2.48132491	2.47807837	2.47333264	2.46522760	2.45746803	2.44772410	2.44524693	2.43976879	2.43234324	2.42316484	2.41047406	2.39882350	2.39439797	2.38463902	2.36494422	2.33881783	2.31417227	2.29700565	2.28265834	2.27729845	2.27399778	2.26787281	2.26316977	2.25479221	2.24001646	2.22472882	2.22171950	2.21963835	2.21442676	2.20760131	2.19835162	2.18662167	2.17505789	2.16972256	2.16628647	2.16172838	2.15162230	2.14116383	2.13293386	2.13288951	2.13821387	2.15028381	2.14735937	2.12600112	2.10218072	2.08304024	2.07367802	2.07372761	2.07833290	2.08863878	2.10510278	2.12043071	2.13245964	2.13530326	2.12775660	2.11363506	2.10351849	2.10328484	2.10522985	2.10462499	2.09982896	2.09337425	2.08973122	2.09751081	2.10892081	2.11607003	2.10965753	2.09413290	2.07905960	2.07341599	2.10314393	2.15647388	2.21450686	2.26310825	2.30325937	2.34466815	2.39506888	2.50127506	2.66795039	2.87745833	3.30745149	3.74698687	4.20616770	4.09138536	3.62353635	2.98673654	2.44153881	2.29303432	2.09860229	1.91049063	1.83352304	1.79152691	1.81714582	1.85831618	1.88112795	1.89588428	1.90666711	1.91560996	1.92920077	1.94906592	1.96842670	1.98803258	2.00910187	2.03296995	2.05142951	2.06684446	2.07122135	2.07892752	2.09409738	2.10679054	2.11242390	2.11448503	2.10926104	2.10382342	2.09691906	2.09050202	2.08998799	2.09332967	2.09820938	2.09904385	2.09786129	2.09291172	2.08742356	2.08041787	2.07720470	2.07648158	2.07458305	2.07647204	2.08284545	2.09081793	2.09676743	2.10210443	2.10019851	2.08888340	2.07778478	2.06656003	2.05669141	2.05383945	2.05308771	2.04649258	2.03750324	2.03073859	2.02343273	2.01327872	2.00518107	1.99941516
-66.0000000	1.85563290	1.85537565	1.85610807	1.85790217	1.85491419	1.85344458	1.85229683	1.85103273	1.84915578	1.84938097	1.85491347	1.86340892	1.86763382	1.86701286	1.86388171	1.86377025	1.87480855	1.88718224	1.90053535	1.90906978	1.90844691	1.90612614	1.90752029	1.91721880	1.93194973	1.94835627	1.97065628	1.99318457	2.01603007	2.01794720	2.02501726	2.03039622	2.03832841	2.07199717	2.10988593	2.17042112	2.23861408	2.30110455	2.36050320	2.41052341	2.48588276	2.59696054	2.72152472	2.84704590	2.96019888	3.07121205	3.12892795	3.18219447	3.12174487	2.98205137	2.74027777	2.91037202	3.13138437	3.26980829	3.50212097	4.05999947	4.25106812	3.83749914	3.37200689	3.11910224	2.99492049	2.93315530	2.91772127	2.89763737	2.88171339	2.85087204	2.82539082	2.79202271	2.73348165	2.67629123	2.61646438	2.55315495	2.48492575	2.41896629	2.35475206	2.31128716	2.28553033	2.26770639	2.26263452	2.27180386	2.29537058	2.31707358	2.31819725	2.31919718	2.30284929	2.29680181	2.31128669	2.30414176	2.26327705	2.21135378	2.19655776	2.20004678	2.17518187	2.12393761	2.04007864	1.95656526	1.92342710	1.93265784	1.89103520	1.74918163	1.51622462	1.47196901	1.62156057	1.83843184	2.01893640	2.10731435	2.24538946	2.24445724	2.09694958	1.81629956	1.54379094	1.52785838	1.98914981	2.75787687	3.21926570	2.90394521	2.71281648	2.59798956	2.58217907	2.55806160	2.52054739	2.57822275	2.62324953	2.75160956	2.97370243	3.08374739	3.27663875	3.25863910	3.17106962	3.06636333	2.85574698	3.05424833	3.24214339	3.39330220	3.39017105	3.29125714	3.21778464	3.17218113	3.17820978	3.14960146	3.04464436	2.99472380	3.03837776	3.07336831	3.09338665	3.10206246	3.06259322	2.99650455	2.93376875	2.86996412	2.83040619	2.82346535	2.83188272	2.84608293	2.86271834	2.87762856	2.88420892	2.88086462	2.87314248	2.86166477	2.85203171	2.84029007	2.83349037	2.80945659	2.79440713	2.78893876	2.78534889	2.77081323	2.76062322	2.74748707	2.73780823	2.73951578	2.74263477	2.74673390	2.74770379	2.75080681	2.75190568	2.75015378	2.74688554	2.75030541	2.76023054	2.76024723	2.74968529	2.72983885	2.70566869	2.68683529	2.67320657	2.66074514	2.64872289	2.63964605	2.63110518	2.62555242	2.62303829	2.62465644	2.62802100	2.63035154	2.62930059	2.62828565	2.62274027	2.61463594	2.60965514	2.60624433	2.59549832	2.57797003	2.55670595	2.54298782	2.54309845	2.53784871	2.52622747	2.50698709	2.48434758	2.46468902	2.44375205	2.43422127	2.42978382	2.43375087	2.44333339	2.45397305	2.45528269	2.44560051	2.44159985	2.43331766	2.42123270	2.40743208	2.39091682	2.37668729	2.36266541	2.34482646	2.32577562	2.30252385	2.28575397	2.27781343	2.27068567	2.26398325	2.25549316	2.23987174	2.22463965	2.20646334	2.18710518	2.16584301	2.14868045	2.13999510	2.13602781	2.13357306	2.12912679	2.12163305	2.11864376	2.11709929	2.11345601	2.10320401	2.09268999	2.08533263	2.08340240	2.08177209	2.07447577	2.06893229	2.05386090	2.03034496	2.01089692	1.99583602	1.99082172	1.98989713	1.98556745	1.98024559	1.97778761	1.97954822	1.98619390	1.99625039	1.99880981	1.99751008	1.99024701	1.98692000	1.98622704	1.98485529	1.98771238	1.99076414	1.99302685	1.99941385	2.00345993	2.00402284	1.99640107	1.99349594	2.01039481	2.03752756	2.09095883	2.15630770	2.22051144	2.30520177	2.39575648	2.50034571	2.64212489	2.78084159	3.07293391	3.53926921	3.97173357	4.27804518	4.14952564	3.43437147	2.89010310	2.62734151	2.25470638	2.02055740	1.88477683	1.77543330	1.67463458	1.69942021	1.74329829	1.75432754	1.77772510	1.80164635	1.81917596	1.84224522	1.86458695	1.88056898	1.89144182	1.89731777	1.90718365	1.91887045	1.93906128	1.95652509	1.96806014	1.97654474	1.98469174	1.99152803	1.99488807	1.99465203	1.99024951	1.98828745	1.98494720	1.97901726	1.97388434	1.96992004	1.96816373	1.96302080	1.95975256	1.95667112	1.95509672	1.95326662	1.95429099	1.95478404	1.95093989	1.95224917	1.96202171	1.97156644	1.97810221	1.98498762	1.98143339	1.97332835	1.96007097	1.94772923	1.93747294	1.93501389	1.93225443	1.92335546	1.91042614	1.89646161	1.88519967	1.87340426	1.86065722	1.85726643
-67.0000000	1.71523476	1.71908629	1.72364306	1.72609520	1.72847843	1.73784125	1.74806178	1.75534332	1.76091456	1.76938832	1.78202152	1.79121876	1.79137278	1.79037833	1.79247737	1.80227244	1.80522370	1.80738020	1.80920994	1.81203079	1.80635870	1.80669200	1.81537116	1.83380675	1.85955060	1.89591825	1.93869984	1.96146417	1.97652924	1.96918356	1.97000170	1.99946785	2.03146863	2.08483458	2.15662241	2.23932695	2.28238988	2.30918837	2.37295008	2.42917109	2.49634266	2.57398629	2.66945362	2.78794479	2.86698365	2.94630098	2.97943544	2.93871260	2.74715018	2.43823028	2.02659893	2.05632448	2.19987941	2.28990364	2.59684515	3.35001326	3.27132630	2.90677428	2.55588889	2.24697042	2.09874940	2.02172613	1.99040139	1.95488989	1.92765594	1.89720726	1.88798535	1.91110623	1.97800887	2.07732821	2.17193842	2.22460389	2.22522163	2.17960215	2.11339951	2.04596162	1.98151863	1.93008924	1.88693571	1.86212659	1.83827960	1.79051888	1.76646793	1.73708534	1.76958704	1.80759442	1.78971517	1.75397921	1.72463894	1.62678707	1.50951505	1.55842030	1.65643370	1.68850374	1.63095069	1.56169176	1.49003267	1.52878428	1.63415861	1.38991976	1.07312703	0.957350075	1.00595820	1.13888633	1.30522513	1.59974277	2.16582918	2.24714065	1.95956075	1.56268668	1.24683106	1.14610267	1.60598981	2.36229873	3.02469802	2.62443447	2.25937939	2.17091513	2.25651765	2.21678519	2.15004015	2.00802374	1.99344254	2.23000717	2.40154123	2.69344234	3.15104961	3.16105938	2.90061402	2.44210935	2.01421523	2.06279755	2.23730636	2.38055229	2.44363928	2.36703229	2.32383728	2.32172108	2.32570243	2.28296900	2.23770547	2.22687721	2.27606511	2.47403264	2.56716490	2.62559485	2.61939549	2.65259910	2.66224122	2.66963387	2.72297692	2.78173232	2.82403755	2.87479949	2.92562008	2.96659899	2.99189973	3.00259662	3.00198340	2.99415851	2.98604608	2.96683526	2.94239783	2.92237377	2.91191673	2.90279913	2.88980198	2.85810065	2.81911802	2.78754401	2.76751685	2.75677371	2.75033045	2.74330783	2.73418641	2.72537947	2.71484709	2.70725393	2.70429182	2.70628762	2.70739913	2.71360183	2.70682502	2.69031024	2.67149186	2.65162921	2.63288569	2.61628723	2.60279632	2.59027600	2.58446288	2.59145403	2.59968925	2.60486579	2.60600972	2.60594273	2.60935497	2.61048722	2.60637236	2.60122371	2.60367084	2.60412955	2.59914923	2.58924556	2.57230306	2.55383277	2.54324198	2.53083420	2.51504660	2.49694490	2.47729373	2.46146417	2.44334006	2.43129921	2.42270041	2.41680884	2.41705632	2.41849589	2.41666126	2.40756774	2.40207577	2.39251399	2.38139105	2.36928940	2.35042286	2.32571507	2.30141735	2.28128052	2.26359868	2.24837947	2.23567867	2.22670817	2.21681094	2.20949221	2.20805240	2.20352364	2.19199681	2.17595339	2.15835166	2.13827324	2.11382914	2.09934402	2.08895230	2.08148026	2.07539225	2.07129955	2.07510900	2.07349229	2.06770658	2.05933762	2.05725527	2.05567575	2.05027413	2.03751564	2.01611376	1.99744284	1.98433542	1.96864915	1.95717394	1.94564426	1.94121337	1.93491709	1.92235053	1.91276383	1.90784240	1.90948200	1.91817248	1.93280411	1.94032097	1.94136643	1.94407237	1.93998802	1.94028747	1.94691837	1.95600188	1.96683145	1.96808600	1.96599352	1.95979130	1.95463431	1.96063852	1.99057519	2.05309248	2.13543606	2.22177935	2.29438138	2.36977053	2.46521759	2.57085276	2.74273443	2.90669489	3.35245037	3.82302785	4.08271217	4.55185127	4.18891811	3.58498859	3.08166170	2.62249565	2.29662871	2.11155009	1.96193421	1.79389262	1.70965362	1.70641410	1.69681799	1.69838989	1.70107126	1.68341649	1.67649114	1.69928646	1.73455417	1.76270986	1.78162396	1.78815687	1.78345466	1.77806950	1.77807140	1.79116464	1.81050193	1.82876694	1.84526277	1.85455227	1.85557473	1.85291743	1.85310745	1.85319340	1.85681462	1.85735786	1.85395360	1.84935105	1.84405816	1.84167278	1.83859563	1.83868027	1.84310126	1.84819543	1.85478652	1.85852587	1.85650039	1.84990132	1.84724486	1.84911823	1.85089433	1.85139346	1.85020781	1.84437478	1.83595026	1.82844388	1.82364011	1.81994188	1.81719363	1.80888176	1.79446423	1.77375197	1.75441623	1.74008369	1.72670388	1.71764171	1.71549487
-68.0000000	1.73408699	1.74468875	1.75888813	1.77132285	1.77881205	1.78628135	1.79403424	1.81294703	1.83442843	1.85397339	1.86778343	1.86543322	1.85957539	1.85753727	1.86451054	1.88087022	1.89255691	1.89440095	1.88201988	1.86381996	1.84748995	1.84422421	1.84862816	1.86941767	1.90198827	1.92528188	1.93937898	1.93064535	1.91058815	1.89557552	1.88816273	1.93003333	2.00097466	2.08224535	2.17935514	2.25624442	2.28376961	2.23276067	2.14879274	2.09914732	2.06028795	2.06162763	2.17105198	2.51461434	2.76344323	2.88271618	2.83943033	2.93310404	2.46398973	1.92218280	1.51760030	1.44514549	1.39590549	1.40672171	1.41607940	1.48895192	1.52486289	1.43432498	1.41966414	1.32225049	1.22634602	1.16849732	1.15577817	1.14318621	1.13760412	1.14940023	1.20765543	1.32677460	1.46424615	1.62842739	1.68628192	1.72004473	1.72285903	1.68926060	1.66035128	1.63399196	1.57175553	1.46246350	1.35298514	1.33028722	1.44697785	1.51072466	1.54649830	1.44528353	1.43089449	1.48374212	1.49445987	1.41092002	1.27079153	1.10870671	0.988202095	0.959044993	0.962855279	0.997802496	1.00390220	0.980027974	0.971050560	1.02160060	1.05994546	0.999365866	0.815466106	0.712416410	0.698762238	0.728405118	0.821550071	0.977559268	1.31039155	1.39632654	1.33944488	1.21638286	1.13851976	1.18586600	1.37966371	1.67495430	1.87353683	1.67777956	1.59910750	1.69803154	1.77437949	1.76209152	1.60519767	1.50699294	1.46297753	1.49639213	1.60966885	1.79175544	1.96103179	2.03183985	2.01011014	1.87508905	1.60054469	1.40632665	1.35988414	1.38100874	1.36963475	1.33820951	1.33747375	1.34704328	1.38469994	1.45737970	1.54686534	1.64983797	1.82545614	1.80435920	1.87998343	2.11024904	2.21226168	2.21251583	2.12957358	2.20493340	2.40644288	2.52127624	2.54613805	2.59630251	2.68657756	2.80307007	2.86001015	2.91080546	2.97479868	3.05014229	3.11128378	3.12700105	3.11817932	3.09788704	3.07524514	3.05274868	3.04981136	3.03463459	3.01004601	2.98102951	2.95179009	2.91353226	2.87408686	2.83206701	2.79229641	2.76042962	2.73189712	2.70431209	2.68192410	2.65983415	2.63155937	2.62150621	2.60790801	2.59671617	2.58579707	2.57341266	2.56590080	2.55629158	2.54226828	2.52953577	2.52051306	2.52255106	2.52753282	2.53544188	2.54330826	2.54750609	2.55556321	2.56074572	2.56338477	2.56546426	2.56525254	2.55728722	2.54618835	2.53665924	2.52746296	2.51231551	2.50354695	2.49364376	2.48056388	2.46505713	2.44851089	2.44376397	2.43374825	2.42371464	2.41468883	2.40180087	2.38872814	2.38050866	2.37154865	2.36574388	2.35735369	2.35295129	2.34174323	2.32720566	2.30689311	2.27903175	2.25702262	2.24128175	2.22374153	2.20865035	2.19509339	2.18642592	2.18289375	2.18392491	2.18581438	2.18325663	2.17187452	2.15546012	2.13635278	2.11647916	2.09690762	2.08220077	2.07000470	2.06000900	2.05225968	2.04297256	2.03491735	2.02882576	2.01681638	2.00711989	2.00181079	1.98982561	1.97077405	1.94595182	1.92239702	1.90679014	1.90070999	1.89318621	1.88390970	1.87666762	1.86962199	1.85662270	1.84479403	1.84356284	1.85108471	1.86853194	1.89523387	1.92043436	1.93491876	1.92920887	1.92232871	1.91310728	1.90730500	1.92271030	1.94310760	1.96896231	1.98406219	1.98407185	1.97422063	1.96529305	1.97276056	2.02325296	2.10670710	2.22059155	2.34252405	2.41734982	2.56010628	2.75448060	2.95402360	3.08952451	3.12008047	3.07579947	3.08466578	3.29919457	3.77174401	3.80576396	3.79682088	3.11804414	2.52407789	2.37174106	2.18117428	1.97965944	1.83845103	1.77066457	1.73062241	1.70520186	1.67515004	1.62777698	1.58850121	1.56549823	1.55947888	1.58481383	1.61615348	1.63779354	1.66064656	1.65631902	1.64696383	1.64271510	1.64393210	1.65797830	1.67734969	1.69340360	1.70451772	1.70226228	1.69823337	1.69744766	1.69659030	1.69970143	1.70043957	1.70345414	1.70567667	1.70729566	1.71327424	1.72211289	1.73432851	1.74562979	1.75447512	1.76025736	1.76106250	1.75520611	1.74652112	1.74559164	1.74860156	1.75345838	1.75854516	1.76052582	1.76085865	1.75786173	1.75662494	1.75680220	1.75328147	1.75075960	1.74600375	1.73716545	1.72622728	1.71984100	1.72088456	1.72168708	1.72314334	1.72744942
-69.0000000	1.76070774	1.76107812	1.75845551	1.75257742	1.74313402	1.73036432	1.71898520	1.71880162	1.72404718	1.72416484	1.71360648	1.67528808	1.65262818	1.64472127	1.66412592	1.69700873	1.72883677	1.76219618	1.78292572	1.77411187	1.76085985	1.76444030	1.76726258	1.76424396	1.75680327	1.73368633	1.69851172	1.64306355	1.58887792	1.54097044	1.45680213	1.44918859	1.51684451	1.70954442	2.05232930	2.22831249	2.19129801	2.01940870	1.81101561	1.58724093	1.43074024	1.44067168	1.51006079	1.59444165	1.76594484	1.88257015	1.88250518	1.83083165	1.64430368	1.38445783	1.09329486	0.930405855	0.859225273	0.819335282	0.786872983	0.743873119	0.710501492	0.686410427	0.714821517	0.738931596	0.733861506	0.738030374	0.754931509	0.776484907	0.827584803	0.926607788	1.02486813	1.22767568	1.30919504	1.25861347	1.12364149	1.06866169	1.04509258	1.04505181	1.07213998	1.13827705	1.16081977	1.10109019	1.02027345	0.978771269	1.02982414	1.07092392	1.09934103	1.06915796	1.03272879	1.00402725	1.00551546	0.973160386	0.917396188	0.825035095	0.737681448	0.676849604	0.634169281	0.623481572	0.632273257	0.649739742	0.680498898	0.713216662	0.730573833	0.701041222	0.649763644	0.593818605	0.566884995	0.559507728	0.577967584	0.621587574	0.679385602	0.712677538	0.746918559	0.802781761	0.878978908	0.940428317	0.973862052	0.999893606	1.03069937	1.04088676	1.08043063	1.13820839	1.17637646	1.16475022	1.10068047	1.02843022	0.973358929	0.960233867	0.984538794	1.02737021	1.07264328	1.12007415	1.15727699	1.15530789	1.07637310	0.959989071	0.898340762	0.853821576	0.834433794	0.820829093	0.799508512	0.791155398	0.810444951	0.871651351	0.963803470	1.04093635	1.10073185	1.14256823	1.23865521	1.43897247	1.55774438	1.56069684	1.58556533	1.71852589	2.01286793	2.08870649	2.05965090	2.05168843	2.09123158	2.19976568	2.27673817	2.37946701	2.55249500	2.76517081	2.92622304	2.94893885	2.92923260	2.90266728	2.87648249	2.85795116	2.88419414	2.91000867	2.94036651	2.97209048	2.99886322	2.97737217	2.93451357	2.87450075	2.81283855	2.76834941	2.73725772	2.70009708	2.66569757	2.62592673	2.58064032	2.54809165	2.52381372	2.51012206	2.49640894	2.49122167	2.49074507	2.48919964	2.48290348	2.46871400	2.45227051	2.44353294	2.43999124	2.44380450	2.45279670	2.45966172	2.46894956	2.46895051	2.46942759	2.46909547	2.46803927	2.45714188	2.44222069	2.43039894	2.42061949	2.40881658	2.41078353	2.40971804	2.40327215	2.39639068	2.38613486	2.38418579	2.38275099	2.37819862	2.36843920	2.35643911	2.34447408	2.33544922	2.33090687	2.33240414	2.33456230	2.33433294	2.32632709	2.31339049	2.30059004	2.28154373	2.25523591	2.22994661	2.20376587	2.18325186	2.16922474	2.15860629	2.15663266	2.15365314	2.14820528	2.13570118	2.12082434	2.10678911	2.09138227	2.07450986	2.05650091	2.04737759	2.04140949	2.04055667	2.03864479	2.03204632	2.01998234	2.00568223	1.99165356	1.97680414	1.96068513	1.94005871	1.91846192	1.89546144	1.87503600	1.86166286	1.86032617	1.86083519	1.86395097	1.86709130	1.86882448	1.86412621	1.85875797	1.86416352	1.87659907	1.89259779	1.91293514	1.91901815	1.91569102	1.90624309	1.88631928	1.87737572	1.87185800	1.89186180	1.91827488	1.94847834	1.95974386	1.94684315	1.92402947	1.91240740	1.92829514	1.99813712	2.10259056	2.22775269	2.33057046	2.39644837	2.51275015	2.87112260	3.35205197	3.46517611	3.51262665	3.18014836	2.88374710	2.95812845	3.29688787	3.46897268	3.53771687	3.07288909	2.64567947	2.34216118	2.21047425	2.07700491	1.88809514	1.77393126	1.70680702	1.64626217	1.60653353	1.56381071	1.52322888	1.49225092	1.46323061	1.45556748	1.46789062	1.49348891	1.51966441	1.52641404	1.52991128	1.52269828	1.51639724	1.51952505	1.53192770	1.54329681	1.55572653	1.56112134	1.56291211	1.56353998	1.56152344	1.56145167	1.56399846	1.57117188	1.57846451	1.58814669	1.60474825	1.61981523	1.63194335	1.64186168	1.65078354	1.65399528	1.65417159	1.65108156	1.64728057	1.65552640	1.66782510	1.68535841	1.70251060	1.71353030	1.72385931	1.72997582	1.73917079	1.74889815	1.75615668	1.76288736	1.76708531	1.76509023	1.75978124	1.75743711	1.76166916	1.76645839	1.77056968	1.76181996
-70.0000000	1.43446004	1.37205207	1.34267890	1.33909023	1.33497024	1.31917214	1.27860022	1.22854745	1.18652821	1.17657518	1.18744326	1.17978835	1.16273391	1.15646315	1.14197135	1.16094065	1.23481524	1.29142916	1.32004178	1.31783533	1.26982188	1.24549711	1.24367929	1.25546718	1.24684823	1.23668039	1.22586393	1.18964124	1.12687492	1.04508722	1.02422857	1.05507421	1.05935180	1.18387723	1.57179284	1.88789010	1.96591318	1.98738730	1.79229975	1.45030165	1.19896853	1.06874275	0.960544944	0.904295564	0.892873585	0.868950486	0.846052229	0.836171806	0.809251904	0.757166326	0.663904369	0.595707595	0.550611377	0.516253114	0.491536647	0.467688024	0.447637141	0.439682066	0.439739108	0.451899618	0.477643520	0.509992301	0.529180288	0.549119651	0.583639324	0.663335443	0.710369945	0.741066039	0.678799450	0.602408350	0.577025294	0.612838686	0.611192048	0.636427343	0.870056391	1.16113949	1.19409728	1.12835765	1.01980221	0.908765316	0.815071404	0.751849890	0.719919801	0.687616825	0.658521533	0.632386744	0.615753949	0.596147954	0.573125780	0.545875788	0.512937307	0.487427384	0.466329902	0.458257377	0.465148151	0.483297229	0.510337830	0.525699437	0.529033184	0.519730628	0.505658567	0.491741270	0.479475766	0.476501703	0.483183414	0.501995087	0.505980492	0.499594748	0.501660347	0.516845822	0.556759059	0.601927817	0.631106198	0.650948703	0.651510894	0.662288368	0.671439946	0.684469402	0.688379049	0.676276207	0.652440906	0.628478765	0.604908288	0.588319302	0.587846220	0.599637032	0.621788859	0.649860978	0.673801482	0.682674825	0.673211694	0.651461601	0.637047589	0.626925051	0.615107775	0.599477470	0.584429383	0.572878420	0.575015903	0.592358947	0.625490129	0.654485047	0.684688151	0.724150419	0.779362679	0.862149239	0.940650165	0.986645460	1.03816199	1.11486638	1.24378598	1.33041358	1.34427142	1.33188903	1.31174004	1.30537260	1.33890641	1.49496198	1.87918639	2.31357050	2.52834058	2.32367420	2.18448734	2.14326978	2.14993572	2.16082788	2.22565460	2.33252954	2.53999090	2.73831797	2.78524733	2.79531145	2.80521035	2.78299022	2.74496531	2.69187379	2.64407182	2.61041427	2.58086014	2.54593086	2.51329684	2.47837448	2.44305921	2.41782522	2.39359593	2.38059306	2.37823200	2.38146210	2.38363934	2.37780666	2.36132526	2.34570837	2.32956433	2.31952858	2.31949282	2.32732892	2.33111334	2.33364487	2.33334064	2.32756543	2.32291961	2.31576180	2.30788493	2.30308032	2.30303049	2.30422688	2.31210613	2.31390476	2.31085348	2.31128216	2.31242704	2.31397414	2.31548071	2.31358933	2.30432916	2.29227424	2.28252697	2.27259922	2.26369095	2.25859880	2.25544333	2.25757146	2.25840831	2.25283456	2.24573231	2.23214173	2.21038413	2.18642879	2.16434503	2.14933872	2.13716626	2.12034130	2.10079026	2.08384180	2.07178140	2.06146765	2.05624604	2.05130649	2.04508305	2.03854513	2.03369546	2.02443218	2.01500511	2.00778198	2.00203967	1.99705386	1.98336470	1.96721256	1.94925213	1.93027961	1.90878654	1.89031827	1.87539625	1.86846983	1.86895013	1.87854040	1.89536786	1.92030954	1.94599760	1.96523881	1.97407031	1.97572708	1.97710919	1.97717047	1.97297716	1.96662927	1.96044087	1.94889927	1.93895853	1.93208265	1.92335260	1.93419075	1.94254386	1.95553052	1.97437072	1.97383976	1.94154549	1.90429235	1.86764359	1.84870017	1.87876761	1.96154082	2.07587099	2.17377281	2.23016691	2.25534797	2.27882147	2.19311047	2.21729898	2.42062736	2.51651645	2.25501871	2.21717930	2.60561728	2.93819475	2.86176395	2.86601877	2.95414257	2.77299237	2.43845034	2.16090417	1.99275184	1.88460839	1.77481461	1.64334512	1.56138372	1.52667940	1.49454367	1.46366298	1.42318904	1.38186538	1.35643923	1.34525466	1.34907091	1.36768448	1.38651896	1.40304029	1.41006303	1.41299248	1.41221762	1.41307247	1.42007995	1.42985380	1.44054723	1.45287883	1.46385992	1.46753347	1.46578443	1.46466768	1.47026551	1.48452854	1.50066662	1.51792920	1.52880311	1.53622890	1.54061472	1.54686785	1.54949605	1.55260432	1.55970192	1.57186794	1.59545827	1.61893988	1.63655937	1.65752339	1.66911137	1.67958164	1.68230379	1.69232643	1.70483506	1.73012459	1.72479498	1.72033310	1.71563566	1.70278847	1.68752086	1.65423810	1.60693061	1.55844200	1.51073599
-71.0000000	0.967323840	0.829533517	0.789178789	0.856607795	0.950505435	1.02223897	0.982493460	0.870949149	0.816873193	0.801899493	0.864387155	0.891812742	0.907418966	0.901296496	0.888339818	0.883233726	0.942747235	1.11999023	1.24722040	1.23783648	1.07171142	0.969027817	0.975129664	1.02112448	1.04727697	1.04666352	1.00515378	0.916965663	0.834524214	0.789275289	0.837863863	0.825603187	0.774352729	0.775204003	0.834597588	0.942118287	1.07071197	1.19446468	1.23651731	1.15045047	0.944491088	0.794362962	0.717039049	0.656084359	0.599799275	0.553444386	0.521381855	0.494786471	0.473625630	0.460199505	0.447231114	0.422343403	0.389369965	0.364177734	0.347872168	0.341990918	0.339645177	0.339268953	0.341510087	0.353420585	0.376308203	0.394004166	0.398728967	0.395554066	0.390494943	0.397231251	0.388237208	0.360342145	0.333169937	0.315402925	0.327902585	0.348697752	0.397738039	0.470376849	0.559865117	0.731545568	0.843696117	0.830543160	0.774473369	0.717541277	0.649936378	0.595515013	0.563557446	0.533064663	0.509958923	0.498527795	0.493021250	0.487956971	0.477869362	0.462779820	0.444223493	0.436764807	0.426401705	0.417131454	0.411848009	0.416940808	0.427831978	0.428506076	0.423683763	0.417127073	0.409311920	0.402873307	0.399858654	0.400504053	0.403155386	0.409231067	0.401078939	0.389550507	0.380675972	0.372268826	0.369123340	0.382759511	0.405297041	0.429529786	0.442289054	0.446497113	0.455830455	0.462396830	0.466121882	0.463302404	0.459450513	0.446834594	0.434639931	0.426113456	0.423541903	0.431795806	0.442336768	0.449864149	0.457277596	0.460859179	0.459525317	0.457224488	0.457809657	0.459799200	0.457251489	0.448993564	0.442730248	0.436687529	0.434932619	0.437527418	0.442933589	0.448082626	0.460621506	0.479413867	0.499987394	0.524930000	0.552709877	0.583846092	0.622116625	0.664757192	0.715011597	0.766182303	0.799490690	0.811345398	0.802882612	0.776655197	0.778746426	0.835004747	0.998550475	1.30690420	1.54072714	1.34711218	1.30956173	1.33997405	1.30599129	1.37988377	1.53975749	1.78255618	2.11743879	2.40868139	2.45309639	2.41039300	2.42508245	2.45583224	2.49281788	2.48098540	2.43149018	2.40207791	2.39768958	2.40194368	2.39654851	2.36330009	2.33819914	2.29808068	2.25681615	2.24595881	2.24658537	2.24703193	2.26078176	2.27029419	2.25372648	2.22638535	2.20753360	2.18538070	2.17061138	2.16992855	2.17306018	2.18173385	2.19004345	2.19063568	2.18574142	2.18125868	2.17791295	2.17797875	2.18280673	2.18884778	2.19794226	2.19889188	2.19779325	2.19955373	2.20317125	2.20619488	2.20559597	2.20291018	2.20077348	2.20153570	2.19818497	2.18903160	2.17666459	2.16563678	2.15765929	2.16093087	2.16798568	2.17132139	2.17203045	2.16693282	2.15860987	2.14258790	2.12621307	2.11206269	2.09687352	2.07954645	2.06162500	2.04880238	2.03789592	2.04509044	2.04540777	2.04087639	2.03541398	2.03768539	2.03146148	2.02609348	2.01396656	2.00153637	1.97850788	1.95469141	1.93849480	1.92100263	1.90442669	1.88706994	1.86644578	1.85159016	1.85443854	1.87446845	1.89983976	1.92759526	1.94976819	1.97537482	2.01579762	2.06851602	2.11946344	2.16303015	2.21192789	2.24410057	2.24121308	2.18747163	2.13905311	2.10835171	2.08624673	2.07373667	2.06221843	2.06362462	2.05201173	2.02598858	1.99507332	1.95019543	1.88969123	1.84810841	1.83520925	1.85144138	1.91648519	1.97555637	2.01077700	2.07536316	2.11395907	2.03966260	1.93783724	1.92564881	1.99400461	2.06926084	2.05642247	1.83363605	1.77934575	2.23902559	2.61115241	2.30284119	2.16142440	2.37656927	2.43789196	2.22336006	1.95233059	1.88494933	1.79823792	1.67814481	1.54721236	1.48042083	1.43677461	1.40147865	1.37236881	1.33364260	1.29207110	1.26115990	1.23447573	1.22375977	1.23685145	1.25990498	1.28958857	1.31364334	1.32592785	1.33054233	1.32937634	1.32139468	1.31544888	1.31870699	1.32866132	1.33593261	1.34390163	1.34939098	1.35271323	1.35748792	1.36562955	1.37700760	1.38541341	1.38928199	1.39346731	1.39740980	1.40871644	1.41833031	1.43262649	1.45654607	1.48586130	1.52284968	1.55316842	1.56683528	1.57516289	1.55793917	1.52040231	1.45568204	1.40719855	1.38996518	1.46243227	1.46793592	1.44742227	1.47260523	1.53331447	1.55314779	1.50874484	1.39360988	1.26704884	1.15945244
-72.0000000	0.783171415	0.633292258	0.584767938	0.625606179	0.738981307	0.849369287	0.929770768	0.910768867	0.812853515	0.741227508	0.691805780	0.725804508	0.804099500	0.879916191	0.887996972	0.786598027	0.786650717	0.871467829	0.959236979	0.974014819	0.860538661	0.749659061	0.689402640	0.685706437	0.729953110	0.827197850	0.884646773	0.854655445	0.792123258	0.751437843	0.720364690	0.671580791	0.619138777	0.570875704	0.530657470	0.508556247	0.547571182	0.589016616	0.609376431	0.593664825	0.559702873	0.530756414	0.504716277	0.478037566	0.446743369	0.410432905	0.381480783	0.352616698	0.329225183	0.314798087	0.306218147	0.300553411	0.293003768	0.286339462	0.282421082	0.279424757	0.285800397	0.291627884	0.296218038	0.305201828	0.312659681	0.308526456	0.298602819	0.285197496	0.272085220	0.263700932	0.237892196	0.215197086	0.208013058	0.232592896	0.313256115	0.325803339	0.344647735	0.371475190	0.398653328	0.437370241	0.483504444	0.510804772	0.511151552	0.498702347	0.479661077	0.464675158	0.456113905	0.450337648	0.447152078	0.446987987	0.442619145	0.432678193	0.421260595	0.407722980	0.393224895	0.385047317	0.376681209	0.366710365	0.354826063	0.344999343	0.339484930	0.336188018	0.335018992	0.334262580	0.333726883	0.329444677	0.326277733	0.323401958	0.319561511	0.316739559	0.310220659	0.302982211	0.296681434	0.289959133	0.282893836	0.281813771	0.287804365	0.296247214	0.305071831	0.315057933	0.324489653	0.332909584	0.339801043	0.345425338	0.347909123	0.348262191	0.344840765	0.337951958	0.329594970	0.323147625	0.326078653	0.329315454	0.330299497	0.328321129	0.326330781	0.327557385	0.331563115	0.336402714	0.341086090	0.343389392	0.339622080	0.330324948	0.321204275	0.317571580	0.319876254	0.325251400	0.331732959	0.340280712	0.351698726	0.361015916	0.370910138	0.383871317	0.397992074	0.415040940	0.435319066	0.466842651	0.495564282	0.517811716	0.523466587	0.516220272	0.515781164	0.532464504	0.573322356	0.647794485	0.777433515	0.799148321	0.794456899	0.829239547	0.924608707	1.11274219	1.33007658	1.45738947	1.60689759	1.76485968	1.90439463	2.02994347	2.10874033	2.13819838	2.13299417	2.16656780	2.18406415	2.15077901	2.14261031	2.17710400	2.19487524	2.15842652	2.14429164	2.13167787	2.09638047	2.07568979	2.08591032	2.09130549	2.10473108	2.12177134	2.12560081	2.11464691	2.10255742	2.08865643	2.07183719	2.06853080	2.07024312	2.07443237	2.07989240	2.08273292	2.07720685	2.07142448	2.06419230	2.05579090	2.05109358	2.05115628	2.05374765	2.05743289	2.05875683	2.06026316	2.06330919	2.06947088	2.07330894	2.07837605	2.09204459	2.11470604	2.13583684	2.15545082	2.17319703	2.19159794	2.21172857	2.23415208	2.25588965	2.27507782	2.29297400	2.29824209	2.30011034	2.30722165	2.31358361	2.31131387	2.30661368	2.31599641	2.32786679	2.34403539	2.37404776	2.38571548	2.36753511	2.33572102	2.31549883	2.28325677	2.24712849	2.21742010	2.19171858	2.14915776	2.10521197	2.06197953	2.02035546	1.98436809	1.94070339	1.89486217	1.85859168	1.83701217	1.82872581	1.82809317	1.82888126	1.82556188	1.82322335	1.82731092	1.89810348	2.03594327	2.17656279	2.32268739	2.52756977	2.65237498	2.66000986	2.58854747	2.50715590	2.46902752	2.42934871	2.40618634	2.37763691	2.36053371	2.33350205	2.29352474	2.24410295	2.18212676	2.10035229	2.03944993	2.00084734	2.00384068	2.03659415	2.05530691	2.04903364	1.98477387	1.89389181	1.80596590	1.67202568	1.53967297	1.54544055	1.58388436	1.51375914	1.35869777	1.53128159	2.02463651	2.41020012	2.00084448	1.80867171	1.95565856	2.06999183	2.06617856	1.89489913	1.75934601	1.63986695	1.55678797	1.47076392	1.38797021	1.33607638	1.29520106	1.26473570	1.23318708	1.19956052	1.16968906	1.15055001	1.13805115	1.14408195	1.16125298	1.18565810	1.20978475	1.22824347	1.23152339	1.22665727	1.21486175	1.19859958	1.18879390	1.18799293	1.19308460	1.20388806	1.21532309	1.22383285	1.23117721	1.23837531	1.24600422	1.25408280	1.26208186	1.27220333	1.28787947	1.31349516	1.34555304	1.38078368	1.41395271	1.44409513	1.44739389	1.42922223	1.40152609	1.36309898	1.31236255	1.22265601	1.09745085	0.992661059	0.936606109	1.00769258	1.04973125	1.03030598	1.11945188	1.30001426	1.46026158	1.52454662	1.46636569	1.32341564	1.07599795
-73.0000000	0.613296986	0.526608050	0.453831971	0.410110563	0.388013512	0.380577683	0.382571667	0.389295161	0.388047725	0.386090904	0.385698825	0.399566680	0.426609486	0.454333335	0.469210386	0.469684601	0.499110758	0.539405942	0.555678070	0.542919993	0.498853922	0.445824027	0.391014695	0.381555319	0.422608018	0.536368728	0.642130077	0.716360748	0.736179829	0.663237751	0.559082627	0.494051486	0.456061482	0.423906535	0.391039819	0.359558463	0.347575635	0.355102092	0.364814043	0.371206343	0.366739601	0.353126198	0.338677853	0.324043572	0.307347745	0.285451204	0.263811260	0.248784527	0.239504978	0.233611688	0.228572965	0.226002187	0.229058266	0.234142959	0.240442365	0.245818868	0.247965351	0.250086039	0.254948616	0.259069294	0.259191394	0.250748336	0.235498801	0.224137068	0.217014268	0.205182046	0.172792688	0.150205448	0.149576694	0.198429644	0.291893721	0.383248538	0.412844300	0.409203023	0.402861148	0.393245965	0.403401524	0.421983838	0.428896755	0.418892562	0.405135512	0.395023614	0.386461645	0.379182756	0.372017533	0.366021991	0.355754048	0.344573647	0.335946202	0.327877074	0.319939762	0.313173741	0.304608703	0.295209348	0.285444081	0.272247523	0.264616281	0.258715421	0.255601376	0.254456311	0.255634785	0.256188631	0.254769117	0.252256781	0.248335704	0.244793028	0.240762562	0.236441195	0.232160628	0.228352547	0.226672649	0.224488989	0.222709224	0.223971263	0.227568254	0.233105168	0.237952769	0.242987052	0.246566206	0.248702005	0.249832287	0.250111163	0.249529615	0.247460142	0.244308859	0.241002411	0.236597255	0.233735248	0.233336180	0.233201131	0.230237663	0.229146451	0.230795890	0.234591931	0.239899024	0.247391611	0.245676458	0.237862468	0.230684981	0.229518875	0.234459683	0.239450440	0.244742483	0.248969659	0.252811790	0.256598800	0.261356890	0.271638036	0.284774780	0.302668869	0.327150673	0.346595973	0.359044015	0.372048318	0.384713203	0.398308635	0.417999625	0.448475033	0.490213931	0.539963186	0.593470156	0.624513388	0.663546979	0.750558436	0.912648857	1.14113128	1.38329911	1.55451012	1.69098425	1.81594729	1.88613284	1.88605666	1.87165868	1.86446011	1.86016536	1.87083232	1.87747169	1.88293850	1.88707900	1.90436614	1.93105459	1.91587985	1.90116668	1.89086521	1.88307810	1.88287103	1.89894617	1.91548741	1.93390989	1.95337474	1.96152055	1.95859969	1.95360661	1.94860303	1.94065320	1.93277574	1.93737125	1.94287062	1.94626105	1.94378579	1.93645287	1.92811894	1.92049110	1.92169070	1.92975140	1.93914270	1.94883263	1.96327615	1.98766398	2.01732564	2.04567194	2.06310534	2.08618522	2.11479688	2.13905787	2.15891123	2.18264890	2.21804953	2.26914930	2.31842446	2.36080861	2.40399146	2.44833851	2.48369241	2.51353192	2.54171848	2.55574417	2.55726075	2.53236842	2.50518155	2.48328948	2.48948526	2.49467778	2.63827968	2.81997991	2.82821155	2.71076989	2.64397693	2.58153343	2.52740765	2.49287057	2.46570301	2.40429807	2.34840274	2.31400180	2.29669142	2.27935719	2.24629498	2.18796825	2.11708784	2.04363298	1.96700358	1.88712275	1.82001257	1.75104702	1.66998518	1.63100553	1.62283063	1.61391473	1.64781940	1.79906964	1.98603904	2.14240289	2.29071188	2.41080356	2.52018642	2.64729977	2.69425273	2.67594385	2.70872760	2.75787234	2.81998301	2.84039903	2.77189589	2.69273138	2.56922913	2.38038206	2.23150945	2.13653755	2.09718680	2.19228673	2.20000124	2.14641571	2.04458761	1.92760801	1.85856056	1.78903162	1.71526468	1.61146152	1.55250919	1.59006560	1.69746208	1.93137801	2.10032606	2.07594132	1.73167324	1.57520700	1.70959711	1.84742546	1.81378198	1.63844132	1.59261703	1.50902450	1.42568898	1.35722744	1.28956687	1.23356533	1.19466722	1.16326582	1.13091779	1.10364306	1.07863116	1.05690634	1.04473317	1.04265237	1.04641235	1.05634975	1.06996942	1.08302712	1.08730781	1.08933473	1.08891499	1.08232474	1.07887113	1.08160460	1.09071875	1.11145806	1.13460565	1.15669334	1.17684758	1.19667435	1.20542538	1.21043098	1.21740294	1.22610104	1.23460555	1.24583662	1.25831342	1.26667488	1.25022507	1.20445287	1.15785098	1.09627211	1.04495394	1.05098391	1.10932732	1.07377017	0.983825266	0.878921866	0.786424220	0.735644341	0.684493899	0.674045503	0.733627915	0.859430552	0.968245745	1.01081014	0.972627759	0.905503154	0.791994631
-74.0000000	0.395586014	0.351819724	0.309936553	0.277209729	0.254782617	0.240740433	0.234874293	0.230449393	0.228484541	0.225951582	0.221186534	0.221246123	0.227066517	0.233707041	0.241921201	0.250596762	0.254425287	0.261197805	0.269866228	0.274233699	0.275714606	0.273977757	0.267698169	0.264257759	0.276204526	0.291148752	0.323537737	0.359207660	0.373853385	0.366155684	0.347516835	0.334422350	0.316170901	0.297357589	0.281598598	0.267761528	0.255974621	0.248532072	0.244826242	0.241815925	0.237713754	0.232915565	0.228962183	0.223435700	0.216657430	0.209551215	0.201303467	0.193776146	0.187430173	0.184940130	0.186104164	0.188881174	0.193368897	0.201283962	0.211142167	0.220330074	0.225045890	0.228842854	0.232525378	0.236306563	0.240867510	0.236815721	0.234180465	0.234736145	0.227224186	0.215435222	0.208882511	0.206095815	0.181623876	0.159091368	0.186729968	0.241998792	0.289438426	0.325550169	0.358188748	0.386233360	0.382305890	0.372694075	0.372772336	0.370869398	0.365486234	0.360714316	0.347059995	0.332138062	0.322984159	0.311430603	0.294942439	0.279344529	0.268674552	0.261592835	0.256419122	0.251449525	0.246765822	0.241789058	0.237800390	0.232363209	0.226181939	0.219908729	0.213574797	0.208845824	0.204973742	0.202359408	0.201145604	0.199462622	0.196929276	0.194371343	0.191136196	0.187625110	0.184951529	0.183220014	0.183081836	0.183820337	0.182720006	0.179846734	0.177373528	0.178190723	0.180106148	0.182169884	0.184764877	0.187061116	0.188821599	0.187205881	0.186905786	0.186575100	0.185730353	0.184036419	0.182086438	0.179799765	0.178190291	0.177758589	0.178182557	0.178934053	0.179675967	0.181154892	0.183273107	0.186000705	0.185706794	0.186314508	0.186751217	0.186373234	0.187362075	0.188754812	0.190620318	0.192914948	0.195434153	0.199277356	0.203924939	0.209264055	0.216856271	0.225431919	0.237901881	0.249916911	0.263029546	0.277743787	0.290077090	0.302838713	0.330614775	0.367963105	0.407915682	0.446171463	0.498441637	0.609819949	0.764778733	0.977868319	1.21704555	1.50656390	1.81891000	2.02785349	2.09580064	2.03582215	1.90094018	1.74748194	1.67357683	1.64801192	1.66459072	1.68079877	1.67286050	1.67545044	1.67969179	1.66998065	1.65573359	1.64850140	1.64517438	1.64913309	1.66294432	1.68294895	1.71292436	1.74294198	1.76513052	1.78025973	1.78596485	1.77934849	1.76799440	1.75849736	1.75104535	1.74913526	1.75309741	1.75556815	1.75748503	1.75946844	1.76159155	1.76973438	1.78290606	1.80313063	1.82931340	1.86074209	1.90926337	1.96274877	2.01270127	2.06194091	2.11659455	2.16014218	2.19808483	2.22844481	2.27685308	2.34486175	2.42680526	2.49928236	2.57027268	2.63402200	2.70846415	2.78037786	2.82028794	2.85619736	2.87865973	2.90556192	2.91537166	2.92406082	2.87800002	2.77137423	2.61789942	2.54848814	2.54052877	2.54441619	2.67251134	2.82868695	2.71532583	2.57859302	2.54886031	2.62887764	2.67332721	2.62758112	2.53401756	2.46209216	2.54449677	2.67298865	2.62495780	2.51720858	2.47301102	2.44433570	2.36227822	2.21227002	2.05827928	1.91985905	1.79778039	1.67972994	1.58945715	1.49896932	1.41313279	1.37428582	1.39184844	1.48359978	1.61209106	1.74306619	1.83166242	1.91462231	1.99690759	2.01749349	2.01728559	2.04212093	2.07191944	2.17010021	2.33243680	2.54261899	2.78745151	2.91012573	2.78536415	2.56378651	2.26568174	2.19165421	2.31879067	2.33853054	2.28541064	2.20713949	2.11410999	2.15428948	2.15676641	2.21038628	2.33220696	2.35839462	2.29861641	2.18914890	1.98859608	1.70974946	1.46807432	1.40247536	1.41070688	1.48181939	1.55089927	1.52265465	1.42777979	1.37482309	1.30990148	1.25895834	1.21425331	1.15985346	1.11669838	1.09328151	1.06539643	1.02711976	0.998870671	0.973536849	0.949891984	0.939043581	0.936981201	0.938206553	0.953218222	0.965686560	0.977526546	0.985923290	0.995424509	1.00178432	1.00785518	1.01166940	1.01467240	1.02173960	1.03702378	1.05528724	1.07184350	1.08761656	1.10811031	1.11530614	1.12896812	1.13670659	1.13677216	1.13058388	1.09765053	1.08146012	1.07007325	1.04926276	1.01209652	0.945273161	0.871335089	0.827043295	0.801982701	0.799832046	0.846744776	0.868389368	0.830788136	0.773739696	0.717682481	0.648279905	0.580462337	0.525656223	0.493733495	0.481888652	0.490772426	0.486323863	0.468150645	0.446444422
-75.0000000	0.247438610	0.239628822	0.233046055	0.229797244	0.228226289	0.226280928	0.221753687	0.213099614	0.204275325	0.197362751	0.191078395	0.187598780	0.186625987	0.187856480	0.189498141	0.190519929	0.191322789	0.192158908	0.191343993	0.190787658	0.190558910	0.189853415	0.190638408	0.192442983	0.195944056	0.201922581	0.211212024	0.222598955	0.237226382	0.249632627	0.252870291	0.248970777	0.244707316	0.239804253	0.234595090	0.228586823	0.221669391	0.213769466	0.205099568	0.197223306	0.190240815	0.183355734	0.177408978	0.172819376	0.169318229	0.166995898	0.166785210	0.166141599	0.165383667	0.165474936	0.166706458	0.170484021	0.176265463	0.182839647	0.192372054	0.200973779	0.209688172	0.218506590	0.225746602	0.231187627	0.234784141	0.237016782	0.236186534	0.234271243	0.234626740	0.241124794	0.261145860	0.277394116	0.282720894	0.275105834	0.262509078	0.269891709	0.286473811	0.303651959	0.320332050	0.331344426	0.330137432	0.323163420	0.320461303	0.318903863	0.315564841	0.312759727	0.307090998	0.299074233	0.286470860	0.273457170	0.264739305	0.258517444	0.253661156	0.249298960	0.243821651	0.235503495	0.226816267	0.219079301	0.212296277	0.206896022	0.200086609	0.192634910	0.185423091	0.178526163	0.173115224	0.168935716	0.165681481	0.163294509	0.160778895	0.158490062	0.155985892	0.154087365	0.152573168	0.151609585	0.150929257	0.150128365	0.149734646	0.149121091	0.148622125	0.149419770	0.150643304	0.151987240	0.152289733	0.151335537	0.149954602	0.149753883	0.150297359	0.150971025	0.151351392	0.151357025	0.152121827	0.151067898	0.149373353	0.147996083	0.147934511	0.148397580	0.149894282	0.151737526	0.153929949	0.155347928	0.155859619	0.157395750	0.158945858	0.160242409	0.161650598	0.162713915	0.164201081	0.166590586	0.170004249	0.173221737	0.176677138	0.179154828	0.182107285	0.186885208	0.194170371	0.201325610	0.208970666	0.219207600	0.227299988	0.238430172	0.254139036	0.275315583	0.305084407	0.351292133	0.415466756	0.508022010	0.621150136	0.745704055	0.870466352	1.03675926	1.13663375	1.22338128	1.30118358	1.37157607	1.44495702	1.49865198	1.56469536	1.62768304	1.68686640	1.69713473	1.68765163	1.68420494	1.64402342	1.59152150	1.54113770	1.52394414	1.50444448	1.48912299	1.50025249	1.51654279	1.53773987	1.56580627	1.59641814	1.61649466	1.62838733	1.62670052	1.61741328	1.60501325	1.59333825	1.59734440	1.60140049	1.60965967	1.62514174	1.64330423	1.66553724	1.68940544	1.71571803	1.74858928	1.78742588	1.83158779	1.88588607	1.94577694	2.00997901	2.08014059	2.14782453	2.19876599	2.25122285	2.36593461	2.48446202	2.60637784	2.74052930	2.85183692	2.92362380	2.90235448	2.83184218	2.78918123	2.90482640	3.07053638	3.16455317	3.23198223	3.22618842	3.28043699	3.39664030	3.38852334	3.15516615	2.96231961	2.92857957	3.02872968	3.00618887	2.94290280	2.84421802	2.76482320	2.72174644	2.64287233	2.58025789	2.54202175	2.54093766	2.62719584	2.74782848	2.81515169	2.77549171	2.65909791	2.54776621	2.50228024	2.46097302	2.30491447	2.10793018	1.96422017	1.89800549	1.85326278	1.82968485	1.76856601	1.61281919	1.46143556	1.34912038	1.29642844	1.28856814	1.28335476	1.29328191	1.30051696	1.28160298	1.24716246	1.20121253	1.15787983	1.15021574	1.20261097	1.29626846	1.41964853	1.55413890	1.68795645	1.72779107	1.68687284	1.64896059	1.62296450	1.61889768	1.57463872	1.49568152	1.37452579	1.24894261	1.18370807	1.15600848	1.12184215	1.14823878	1.15996540	1.15376806	1.14447665	1.16283345	1.16262829	1.14991176	1.17318773	1.24433899	1.25923419	1.23384821	1.19832385	1.15566289	1.12040854	1.10492182	1.08625185	1.06226432	1.04659295	1.03474510	1.01706159	0.986176968	0.955722332	0.926282883	0.897944689	0.869400620	0.859456480	0.858869851	0.864715099	0.886388898	0.908669531	0.928411484	0.934182286	0.939056695	0.937388897	0.929847658	0.923949599	0.918742180	0.919989169	0.931875885	0.957135141	0.982651949	1.00451732	1.03058469	1.05117130	1.05658531	1.05299711	1.03757536	1.01515114	1.01011777	1.01277387	1.01536596	1.00259912	0.979832351	0.975232661	0.957876146	0.935408294	0.920631886	0.911177099	0.852678657	0.792424560	0.768164992	0.729389548	0.620428979	0.511399984	0.433768421	0.370791286	0.334472299	0.310444564	0.294149548	0.278062880	0.268952072	0.260963798
-76.0000000	0.219321683	0.220003009	0.220823899	0.222350493	0.222200304	0.219598293	0.212837607	0.202837929	0.193264574	0.185354963	0.179815933	0.177283257	0.175857782	0.174642622	0.173444405	0.173712268	0.173285067	0.172798023	0.171402186	0.169525102	0.169562444	0.170383975	0.171935990	0.172373325	0.172210753	0.172986910	0.174157068	0.175617725	0.177095175	0.179314405	0.182308391	0.184146941	0.184572101	0.184217960	0.182772234	0.180551529	0.177952215	0.173768863	0.169764340	0.165343046	0.160756305	0.156173006	0.151302546	0.146423653	0.142153904	0.138555840	0.137977645	0.138451800	0.140204713	0.143821701	0.148370966	0.153960466	0.161849260	0.169485494	0.176236257	0.182731271	0.189491346	0.197045863	0.204492718	0.211172417	0.218511939	0.231775001	0.244712397	0.255798161	0.262427747	0.265226573	0.270957023	0.277681172	0.284440160	0.290048271	0.294346929	0.298102707	0.300521880	0.300431639	0.298230410	0.298169225	0.300715804	0.298614174	0.293052733	0.287097752	0.278047323	0.270147800	0.263040841	0.255748570	0.253261000	0.253154933	0.251677632	0.247482628	0.242600352	0.235652342	0.227770686	0.215612352	0.203058496	0.192788780	0.184522107	0.176429376	0.170034856	0.162799805	0.155402035	0.148242146	0.141992375	0.137775496	0.135346115	0.133685306	0.131938368	0.130245969	0.129153579	0.127622783	0.126187608	0.124940269	0.123643868	0.122755438	0.122739665	0.123692758	0.125480324	0.126893058	0.126836941	0.126069382	0.125630379	0.125913516	0.126910985	0.127923161	0.128977463	0.130434737	0.131329790	0.132067457	0.133125305	0.132517233	0.130827978	0.128469154	0.127387211	0.128524616	0.130572155	0.132766664	0.135185882	0.137183160	0.138925016	0.141027972	0.143413559	0.146423623	0.150082082	0.153331235	0.155446187	0.156996161	0.158825800	0.160403237	0.162038729	0.164235726	0.167840526	0.172477990	0.177886099	0.184121177	0.189717755	0.197107717	0.203626350	0.210746422	0.223113865	0.243279770	0.275705606	0.328128248	0.394988060	0.488369375	0.600237489	0.734368861	0.904508114	1.06825888	1.09324086	1.09006000	1.09333539	1.13930178	1.20631409	1.28104901	1.39178944	1.50251043	1.58430016	1.61749768	1.63271189	1.63987303	1.59871876	1.54303300	1.48032093	1.45217586	1.42697942	1.40711713	1.41229844	1.42285466	1.43520856	1.44767201	1.46353590	1.47581959	1.47448027	1.46730518	1.46203279	1.45672321	1.45262814	1.45250273	1.47691059	1.50422788	1.53435814	1.56400490	1.59073567	1.63021386	1.67954910	1.74632096	1.83294559	1.90917277	1.96046281	1.99959826	2.03087592	2.05287433	2.06461930	2.07352448	2.07831335	2.10646939	2.13109612	2.25820589	2.67187190	3.10491586	3.12323904	3.00344181	2.75063133	2.64801431	2.57652020	2.53802204	2.49821138	2.41379714	2.32618475	2.30940461	2.31922626	2.23782492	2.12251806	2.03022289	2.01080012	2.00026083	2.00204873	2.03507400	2.07566476	2.05269766	1.99310815	1.95194507	1.94209254	2.00546646	2.15067267	2.28225327	2.21477318	2.09330034	2.10768175	2.21189475	2.30790162	2.34703207	2.34340763	2.23188615	2.12831497	2.05438185	2.01726794	2.04462934	2.07880950	2.08927822	2.07256699	1.99454010	1.82888043	1.69085133	1.56674480	1.44646966	1.34342980	1.26362789	1.20807266	1.17134631	1.14880872	1.12778354	1.11911285	1.17013347	1.24021780	1.32161081	1.38457572	1.40696943	1.41560376	1.43175912	1.43751502	1.45623410	1.48368835	1.47523272	1.42140532	1.31660509	1.20604193	1.07166672	0.976935029	0.931001246	0.939573586	0.945035160	0.880974710	0.857349753	0.879486501	0.931493461	0.976683974	0.994470716	0.995893359	0.986833334	0.968047380	0.946752608	0.926361561	0.926665127	0.923408687	0.917876422	0.906212807	0.895271957	0.904941976	0.883275568	0.854644775	0.830543339	0.811725974	0.797026634	0.782597899	0.778744042	0.781092525	0.782529891	0.790649235	0.802019715	0.812115610	0.808236957	0.799871087	0.796825171	0.802817345	0.810737371	0.819951713	0.838545084	0.866623998	0.890958548	0.917473435	0.953338981	0.999539077	1.06691229	1.12280643	1.15765548	1.26568246	1.39097083	1.48088849	1.53869963	1.55924332	1.54620409	1.51779151	1.39478433	1.26029670	1.13135874	0.998756707	0.865920365	0.749935687	0.644838274	0.554071486	0.472347319	0.419920236	0.376326263	0.340536118	0.312117964	0.293577969	0.277959704	0.258869141	0.240960956	0.230650693	0.224376574
-77.0000000	0.223176107	0.223799944	0.221897796	0.217190385	0.207515374	0.194865882	0.181976005	0.172551677	0.165409192	0.162642822	0.163128361	0.165220976	0.164481118	0.162878618	0.160455450	0.159159169	0.158516780	0.157816812	0.157154307	0.156840324	0.158782721	0.163046807	0.166266963	0.166581184	0.164890781	0.161628589	0.158066109	0.155786961	0.154389217	0.153702945	0.153350443	0.152706906	0.150799796	0.148588941	0.146083355	0.143877089	0.142085612	0.139731169	0.136423975	0.133190528	0.130638242	0.128212214	0.125712618	0.123759381	0.121973015	0.120946400	0.120727971	0.121117458	0.122299746	0.124457173	0.127547234	0.132079795	0.138537094	0.145604491	0.153078318	0.161583707	0.169031173	0.176511064	0.185422763	0.195297450	0.204533726	0.212660208	0.222503141	0.235545486	0.250630975	0.265731275	0.278715730	0.288470596	0.295936555	0.301532835	0.304729640	0.305089653	0.305982828	0.306639940	0.305925041	0.304606944	0.304068118	0.299544275	0.294087142	0.288408369	0.280524790	0.271581382	0.264788747	0.259387344	0.253131151	0.245582849	0.237402827	0.230640933	0.222681731	0.213260010	0.203081101	0.191763341	0.181278557	0.171681955	0.162669286	0.154285520	0.147162974	0.140712455	0.133098423	0.126558766	0.121674567	0.118488632	0.116030969	0.114194915	0.112259008	0.110109918	0.108479999	0.107168861	0.106468201	0.105896115	0.105573371	0.105387673	0.105635144	0.105895691	0.106211841	0.106391042	0.106358178	0.106648050	0.107577078	0.108913332	0.110277399	0.111401223	0.112125769	0.113023579	0.114149190	0.115689509	0.117222138	0.118605979	0.119012401	0.118741661	0.118910946	0.119472325	0.120205447	0.121272974	0.123165175	0.125784695	0.129249260	0.133107677	0.136661723	0.140074193	0.143550962	0.146906719	0.150245443	0.153277874	0.156477287	0.159586415	0.163011879	0.167423964	0.173454612	0.179238096	0.184225649	0.190510571	0.197515979	0.205680162	0.217817470	0.229982495	0.249549806	0.278089195	0.313659698	0.351581633	0.424157262	0.523631811	0.622009397	0.726845741	0.819708407	0.823557496	0.814044833	0.792883575	0.768011034	0.820110083	0.888917267	0.936404645	1.01769161	1.10432553	1.18156636	1.24620855	1.29502869	1.32727218	1.34349632	1.35490096	1.34867513	1.33594167	1.32675445	1.32352543	1.33410740	1.34545708	1.35301518	1.35687041	1.35902548	1.35368669	1.34304297	1.32776606	1.32048619	1.32275403	1.32796109	1.33719885	1.36520112	1.38605273	1.40132749	1.42815959	1.46100211	1.51064825	1.58721411	1.70301735	1.84567642	1.97600055	2.06053782	2.09406018	2.09212399	2.05823112	1.99634016	1.93150461	1.79814792	1.65559173	1.57000327	1.54415154	1.45235312	1.32719421	1.23119581	1.14990902	1.07535744	1.01556933	0.947773337	0.872810960	0.806169450	0.756042242	0.725947201	0.704353988	0.687810659	0.676483691	0.668055177	0.655135095	0.643328667	0.640064776	0.651660800	0.696916878	0.769564331	0.837816656	0.897321761	0.954082429	1.02279615	1.09047949	1.16179001	1.23320735	1.31435692	1.37897146	1.42122781	1.45693231	1.50655508	1.55887532	1.58053350	1.57001901	1.55144656	1.53917813	1.53680956	1.54648387	1.56181169	1.59230816	1.61670434	1.60905957	1.56754935	1.49289834	1.40679753	1.32776546	1.25901616	1.19719052	1.14612091	1.09928238	1.06358099	1.04998434	1.05626309	1.09343648	1.15024531	1.20570290	1.25031710	1.27161098	1.27011955	1.23636675	1.21689677	1.24770117	1.30478728	1.31580353	1.27209592	1.18484569	1.09136903	1.02582836	0.992621958	0.960855365	0.935038924	0.915283382	0.901439548	0.880598068	0.850350142	0.819775283	0.791984320	0.775186062	0.773052454	0.770447433	0.771699369	0.772465706	0.762828529	0.749378562	0.737314999	0.728554130	0.715746462	0.701147318	0.684515417	0.666139781	0.651948810	0.645114124	0.653231561	0.674194515	0.688524425	0.701477528	0.708436787	0.711050928	0.703640103	0.700511932	0.699116588	0.693862021	0.689419210	0.689068615	0.698572159	0.705332637	0.712979019	0.733467519	0.768732131	0.825126886	0.894408286	0.948389292	0.962872565	0.941236317	0.913512707	0.849977791	0.793503821	0.777939856	0.763604105	0.744163573	0.716324687	0.681718469	0.650113225	0.609463394	0.565651178	0.524487555	0.486448526	0.455154955	0.429070354	0.405174762	0.382421732	0.358859569	0.335486591	0.314986557	0.297121316	0.279006362	0.262316942	0.250303030	0.241634116	0.232865140	0.227850974	0.224170610
-78.0000000	0.220884427	0.216225743	0.210344151	0.203051940	0.194988668	0.185811415	0.176690251	0.169371262	0.166936636	0.168387353	0.171823069	0.173655987	0.173517540	0.170726523	0.166198462	0.161461398	0.158030674	0.155988693	0.154730871	0.154537186	0.155426890	0.157926574	0.160083458	0.161076009	0.160267681	0.157916635	0.153636381	0.149108171	0.145538598	0.144099146	0.144304633	0.145671844	0.145195171	0.143328443	0.141027987	0.137852430	0.134425536	0.130383238	0.126583531	0.123348244	0.120842442	0.118968494	0.117546290	0.116435796	0.115543023	0.114817478	0.113805696	0.112870730	0.112572595	0.113561399	0.116218030	0.121023744	0.127228081	0.134079337	0.141462326	0.149402022	0.155404136	0.160776377	0.166351169	0.172184080	0.178540498	0.183626935	0.189982444	0.198670462	0.209894478	0.223030090	0.235189736	0.245790869	0.255418807	0.262987971	0.268479973	0.274268180	0.280251682	0.284202337	0.285604179	0.285150051	0.283933342	0.280516654	0.277119517	0.272288561	0.264280766	0.254912198	0.245319352	0.236192465	0.227402255	0.218846187	0.209877387	0.201115564	0.192883447	0.184635222	0.176555246	0.168020621	0.158883631	0.149696380	0.141212180	0.133876994	0.127555698	0.121550284	0.116218075	0.111942627	0.108410500	0.105055489	0.102632552	0.100673549	9.94160548E-02	9.84052494E-02	9.72029641E-02	9.60292667E-02	9.53973383E-02	9.52644125E-02	9.52634364E-02	9.52844247E-02	9.52952802E-02	9.58526880E-02	9.61567685E-02	9.66658518E-02	9.72783491E-02	9.78547856E-02	9.93822217E-02	0.101380028	0.102845259	0.104517132	0.105493098	0.106720500	0.108339511	0.110402606	0.111510232	0.112696730	0.113869451	0.114764757	0.115549728	0.116946429	0.118050158	0.119759507	0.122006424	0.124807112	0.128467843	0.132469371	0.136165589	0.140133858	0.144627228	0.149045154	0.153355077	0.158277333	0.164623082	0.171424225	0.178249195	0.185973063	0.194046676	0.202739149	0.212262094	0.228081912	0.244954541	0.262024671	0.282641798	0.308424026	0.344194531	0.391719073	0.439037502	0.472575694	0.504634917	0.507627606	0.490443856	0.473457485	0.454554856	0.457182586	0.473399252	0.520341635	0.581195951	0.626392245	0.629346609	0.633903801	0.674580276	0.727747202	0.777930200	0.810989559	0.843271375	0.879608572	0.944227457	1.01876187	1.04751086	1.06787753	1.08200347	1.09876394	1.11098099	1.12054205	1.12952280	1.13808012	1.14681983	1.15578318	1.16019166	1.15888882	1.16026127	1.16775131	1.18089223	1.20100725	1.21677697	1.24442029	1.26027656	1.24166918	1.18231750	1.13061821	1.11855102	1.18352044	1.23867631	1.29977489	1.46137822	1.63297915	1.76740837	1.77001703	1.81867552	1.90103722	1.83601534	1.69471955	1.54184186	1.39782071	1.23043656	1.07638419	0.938282728	0.829178154	0.752445698	0.705136478	0.670800149	0.651210666	0.629122317	0.607955158	0.592957199	0.583370924	0.574757695	0.559758604	0.541756511	0.523068070	0.510691345	0.509613454	0.517987311	0.527206421	0.542143822	0.566663504	0.600597858	0.637424290	0.675740540	0.711529315	0.757469535	0.818488717	0.892141521	0.968606889	1.03239727	1.07866287	1.11418581	1.13712883	1.15494347	1.16066229	1.15177453	1.12721717	1.10213804	1.08267486	1.06824625	1.05348659	1.03860199	1.02958262	1.03050208	1.02820361	1.01676190	1.00285900	0.978516161	0.946745455	0.903923810	0.858545482	0.812472403	0.779220819	0.791521311	0.836575031	0.902215183	0.966198862	1.01589310	1.02680826	0.988952637	0.938621163	0.881635964	0.842283309	0.821149528	0.864563584	0.890062392	0.891443312	0.869298637	0.836805820	0.803121269	0.767180264	0.733039677	0.710900366	0.706078410	0.706075251	0.700900078	0.686831594	0.668508530	0.645203710	0.622615874	0.599710643	0.580921829	0.564987421	0.552282453	0.542028248	0.535903513	0.530056953	0.522289574	0.516361237	0.514441311	0.508044302	0.504345655	0.507902801	0.525570512	0.558926642	0.596602440	0.648250461	0.693970501	0.709223866	0.682719409	0.648487508	0.615611613	0.594966471	0.590475976	0.586772740	0.575646758	0.561808646	0.551912844	0.561142981	0.579354465	0.608840823	0.612039387	0.590095103	0.552362621	0.529497802	0.494844764	0.461928159	0.439604551	0.419634521	0.406226724	0.398283392	0.393470824	0.389330387	0.386453927	0.379601955	0.366609812	0.352798969	0.341634631	0.334405452	0.331102222	0.327792466	0.324621797	0.318864912	0.310314298	0.300720572	0.291613787	0.283902913	0.276019990	0.265193105	0.255423814	0.245558619	0.236759290	0.228388309
-79.0000000	0.219474927	0.215168566	0.211124673	0.207137436	0.202691838	0.198350564	0.192743629	0.187929392	0.184618607	0.183157533	0.183619037	0.184640154	0.184653684	0.181079656	0.176210880	0.171050981	0.168022200	0.165868059	0.164751709	0.163299233	0.161083013	0.159057781	0.157927230	0.158187315	0.158918023	0.159664199	0.158025593	0.155301258	0.152217284	0.149924770	0.149581924	0.150341868	0.151069060	0.150187075	0.147139475	0.142748371	0.137999699	0.133723572	0.130237371	0.127780646	0.125549763	0.124576978	0.123521045	0.122374639	0.121222898	0.119421013	0.117549583	0.115903050	0.114500917	0.114119798	0.115141869	0.118057057	0.122056484	0.127341315	0.133123308	0.139000088	0.144087806	0.148550466	0.152641013	0.156155765	0.159838185	0.163671345	0.167069510	0.171200067	0.176418945	0.182794616	0.189531818	0.197081268	0.204642817	0.212121263	0.219274089	0.224619344	0.229144439	0.232088387	0.233346120	0.234110072	0.233523518	0.231513172	0.229199171	0.225447848	0.220434055	0.214929312	0.208340347	0.200498119	0.191505477	0.182033673	0.173038006	0.164762616	0.157005861	0.149866268	0.142720327	0.135424316	0.128280282	0.121690907	0.116591588	0.112348035	0.108314447	0.104780510	0.101300806	9.81588140E-02	9.59616005E-02	9.40097868E-02	9.25422013E-02	9.19452831E-02	9.18048546E-02	9.19166207E-02	9.13043097E-02	9.11599174E-02	9.14901569E-02	9.20917392E-02	9.31853130E-02	9.43825915E-02	9.54839364E-02	9.61705223E-02	9.62305367E-02	9.57738757E-02	9.60486382E-02	9.62748602E-02	9.68173742E-02	9.75640044E-02	9.86049473E-02	9.94321480E-02	9.97882262E-02	0.100876033	0.102563292	0.104883581	0.107269265	0.109505899	0.111604333	0.113758691	0.116327345	0.118823931	0.120230205	0.121861547	0.124362722	0.127954125	0.132339045	0.137154266	0.142240226	0.147311315	0.151966557	0.156703472	0.162074238	0.168133304	0.175965354	0.184794739	0.197294757	0.211809039	0.228516206	0.244635656	0.262441188	0.282839060	0.302084982	0.318989635	0.335810781	0.360194325	0.389184892	0.426542908	0.502866685	0.578016639	0.641111910	0.665150881	0.675622880	0.681672573	0.651218772	0.618860543	0.597325265	0.602312267	0.612498462	0.622200668	0.632236838	0.645181358	0.662665129	0.680435717	0.694821835	0.708036065	0.723682940	0.733122170	0.733514309	0.732880354	0.732105494	0.734521329	0.738215625	0.743359923	0.748006105	0.757119894	0.766690552	0.780173957	0.798647583	0.815950394	0.827249348	0.834177077	0.839689732	0.853926063	0.860775471	0.869216919	0.874566317	0.882231832	0.889635861	0.880286276	0.857048035	0.837651014	0.824943542	0.824188888	0.832805574	0.842823803	0.835819602	0.832970381	0.837073386	0.848920405	0.862173557	0.869142056	0.865208626	0.851615608	0.809501052	0.762495220	0.718515575	0.688655198	0.658327401	0.636707246	0.630767405	0.639360845	0.649824619	0.664844871	0.682653725	0.692753077	0.681964934	0.665651619	0.646967053	0.626509547	0.600673437	0.577200890	0.552048743	0.528820634	0.513730288	0.505632639	0.508159459	0.514499664	0.524246633	0.539049029	0.563584685	0.591860473	0.620988965	0.652617812	0.686408877	0.727729738	0.779266536	0.836493433	0.885847926	0.926262021	0.954948127	0.967106044	0.968806207	0.951185763	0.925088048	0.896749318	0.869711518	0.846065462	0.820933402	0.800684631	0.788231254	0.771442056	0.749660313	0.727185965	0.699506283	0.673080921	0.644885123	0.616343141	0.582975328	0.558646977	0.550843120	0.588406742	0.637051940	0.689239562	0.737787664	0.746535480	0.699040115	0.632755101	0.576041639	0.545762360	0.542271852	0.540654004	0.536953151	0.555806637	0.567249358	0.561181664	0.544750512	0.528725803	0.516046286	0.510807037	0.516699195	0.519293427	0.511513293	0.499796510	0.488905400	0.473662078	0.454034269	0.435807407	0.419865578	0.410312176	0.404761106	0.400946528	0.401189297	0.403362274	0.405785590	0.410656929	0.411008775	0.410205811	0.413545668	0.428020239	0.456774652	0.496254832	0.535112023	0.571414292	0.604566813	0.620522678	0.580448091	0.532084346	0.489662290	0.460581928	0.440856427	0.427978396	0.410759956	0.386648864	0.364262342	0.347167701	0.341162056	0.340737790	0.340683758	0.346310556	0.351807475	0.357763648	0.359192312	0.362511367	0.366514355	0.363219917	0.358985662	0.354264885	0.347038329	0.338154435	0.326992720	0.330609679	0.334045231	0.336382091	0.336413026	0.337978601	0.340933591	0.341356605	0.340581983	0.335179955	0.326131254	0.316962987	0.306336105	0.294596910	0.281105667	0.268455654	0.255604088	0.243068278	0.233430400	0.226511016
-80.0000000	0.217860803	0.217492193	0.214760616	0.210914180	0.206632152	0.201113567	0.194595352	0.188427955	0.184011877	0.182145759	0.181919053	0.183418199	0.182852253	0.181443423	0.179169640	0.176580966	0.173394635	0.170547158	0.167838365	0.165876225	0.164537281	0.163695619	0.163767174	0.164900154	0.166875571	0.168746397	0.169242397	0.167879030	0.165115416	0.162489414	0.161045000	0.160307527	0.159963623	0.159286663	0.157216385	0.153629601	0.149268910	0.145170286	0.141983479	0.140389010	0.139268443	0.139006525	0.138013229	0.136475623	0.134421855	0.131974846	0.129240721	0.126524165	0.124007493	0.122540124	0.121986233	0.122177504	0.123181671	0.124970309	0.127635792	0.130983531	0.134111032	0.136256650	0.138588443	0.141099930	0.142859802	0.144515172	0.145971313	0.147029057	0.148211166	0.149349123	0.150339052	0.151485562	0.152849048	0.153977424	0.155165702	0.155975819	0.156181365	0.156206980	0.156325489	0.156415239	0.155188650	0.153990000	0.152690142	0.151118159	0.148729399	0.145848796	0.142421886	0.138172746	0.133345082	0.128031686	0.123275675	0.118922740	0.114853755	0.110910892	0.106913067	0.103879303	0.101374410	9.93244499E-02	9.79332253E-02	9.69410986E-02	9.60115641E-02	9.50390622E-02	9.40160155E-02	9.33850482E-02	9.27028358E-02	9.15741995E-02	9.03206468E-02	8.99130553E-02	9.00381431E-02	9.00657251E-02	9.02300626E-02	9.05163735E-02	9.13914666E-02	9.28068683E-02	9.43938196E-02	9.65755582E-02	9.83730257E-02	9.95958745E-02	0.100113042	0.100218296	0.100566968	0.100693986	0.100926168	0.101284780	0.101761214	0.102309249	0.103369817	0.104248159	0.105200157	0.106771305	0.108703420	0.111391895	0.114949584	0.118250057	0.120970815	0.123047754	0.124412924	0.126107231	0.128924191	0.132110640	0.136123002	0.140723690	0.145245075	0.148287475	0.149318457	0.151384756	0.155241057	0.163320735	0.173840955	0.186191842	0.199345484	0.215137467	0.233054236	0.252825379	0.276533693	0.295461923	0.309944570	0.327639401	0.358956695	0.402626038	0.452454180	0.495048046	0.537205458	0.574122310	0.600279033	0.613995492	0.633344591	0.640069366	0.637943983	0.627242744	0.630136490	0.632309854	0.628436565	0.630191505	0.638485670	0.645788252	0.653302252	0.660281479	0.665506184	0.673909247	0.685743630	0.683929801	0.677522182	0.670262754	0.664039493	0.659121931	0.655893803	0.652618766	0.649948716	0.651850998	0.651760042	0.648936868	0.647383273	0.647371352	0.646989048	0.644050896	0.641197860	0.638184249	0.636798739	0.627593935	0.614923954	0.606388211	0.603215694	0.606509566	0.601526916	0.585836589	0.575955927	0.575177431	0.571924925	0.564949214	0.552145362	0.542475402	0.538947046	0.538860798	0.540968716	0.540203691	0.534815490	0.540647388	0.549194098	0.550589979	0.542943954	0.536538899	0.542703211	0.565840542	0.592299581	0.612879395	0.625898778	0.641121805	0.655065179	0.662014604	0.659884334	0.649243116	0.632544041	0.609814286	0.583570480	0.561854184	0.542721689	0.529033124	0.517355263	0.507123709	0.500170827	0.497638851	0.496529251	0.499002308	0.506371140	0.522676945	0.538794458	0.553747475	0.569555163	0.593398273	0.622166216	0.653353035	0.682577014	0.707516134	0.728480995	0.740925312	0.740543365	0.734274805	0.726359904	0.717500508	0.700262129	0.677406430	0.653087914	0.631596625	0.615113676	0.597816169	0.577781260	0.558297455	0.541811526	0.525547683	0.507342398	0.489791334	0.473603040	0.465732932	0.465644777	0.476281404	0.492447972	0.510412514	0.524852574	0.524743497	0.505272746	0.483541965	0.466261029	0.455870181	0.452993423	0.455035061	0.465858787	0.468817264	0.460947037	0.438068032	0.417489767	0.404791504	0.399112463	0.399346262	0.397942692	0.393677026	0.388393492	0.382990420	0.375721127	0.368912250	0.362071157	0.355868787	0.349024594	0.343583673	0.338931829	0.338329315	0.338468462	0.339831740	0.341377497	0.345420092	0.348554254	0.353327483	0.362907887	0.374061197	0.387573153	0.405414701	0.416198164	0.422101349	0.430608839	0.434592932	0.418938488	0.398191035	0.375244290	0.357507437	0.349011838	0.339696676	0.326946527	0.314879090	0.305983484	0.295715928	0.285598636	0.278524101	0.278786391	0.284637183	0.299426198	0.315136790	0.328224987	0.337188959	0.342678696	0.344286978	0.342453390	0.340978593	0.339792937	0.338899970	0.337722868	0.341148525	0.346024334	0.346229970	0.344173849	0.342854500	0.341886789	0.337362528	0.332009763	0.324789941	0.314415902	0.303354263	0.292706311	0.281422019	0.267673045	0.255064189	0.243905365	0.233888939	0.225722045	0.220406115
-81.0000000	0.215095654	0.213951379	0.211692289	0.208285511	0.203792125	0.197888851	0.191631645	0.185961202	0.181238070	0.177284807	0.174220666	0.172975227	0.172165558	0.171331152	0.170327872	0.169114888	0.167300627	0.165679067	0.164336920	0.163445920	0.162675306	0.162821904	0.163519293	0.164553910	0.166031867	0.167030260	0.167147473	0.166511729	0.165274128	0.163806051	0.162817776	0.162819192	0.162470371	0.161993667	0.161504641	0.160365418	0.159128055	0.157462344	0.156048328	0.155009314	0.154225826	0.153238237	0.151606724	0.148865521	0.144826397	0.140270397	0.136015207	0.131908730	0.128320739	0.125920177	0.124570929	0.123919219	0.123503014	0.123337597	0.123168029	0.122731902	0.121917687	0.121065736	0.120860688	0.120848738	0.121249557	0.121359989	0.121492684	0.121728338	0.121916562	0.121687584	0.120917603	0.120234191	0.119509473	0.118712120	0.117848925	0.116855003	0.115682229	0.114408091	0.113322146	0.112249166	0.110772684	0.109030530	0.107012957	0.105399624	0.104058899	0.102509864	0.100931145	9.95369256E-02	9.78617892E-02	9.62501094E-02	9.48552340E-02	9.38625857E-02	9.30499807E-02	9.23775658E-02	9.20095593E-02	9.21059400E-02	9.22191143E-02	9.22705084E-02	9.25640166E-02	9.27907228E-02	9.29788426E-02	9.29048508E-02	9.27760601E-02	9.25655067E-02	9.20889005E-02	9.15725380E-02	9.14531499E-02	9.22604054E-02	9.35664251E-02	9.51991677E-02	9.65353549E-02	9.82938036E-02	9.96692330E-02	0.100848205	0.102198780	0.103356577	0.104799017	0.106350958	0.107635744	0.108522512	0.109080292	0.109517962	0.109552749	0.109670892	0.110258974	0.111188993	0.113009393	0.115536831	0.119144984	0.123215906	0.125632152	0.127837405	0.130382195	0.133041933	0.136028320	0.136383355	0.136525944	0.136524558	0.137199804	0.138581216	0.140593588	0.142770991	0.144754454	0.147154808	0.151475430	0.157096878	0.164317131	0.173530221	0.185647398	0.200209171	0.215270862	0.231794432	0.250114441	0.268702298	0.284313083	0.279875278	0.266941816	0.259579629	0.264178067	0.319132119	0.400142848	0.482003480	0.549370289	0.588974059	0.601965845	0.582406342	0.571554482	0.569526732	0.578480840	0.590953767	0.591744125	0.591949105	0.591220856	0.608395994	0.628196001	0.643130779	0.654229522	0.653991103	0.654847860	0.657671571	0.667175293	0.671551108	0.673100054	0.673808753	0.671337128	0.662992775	0.654415667	0.647964299	0.642210305	0.638305724	0.632289231	0.621765673	0.610373616	0.598585486	0.587091923	0.576784730	0.564920127	0.551556885	0.538006842	0.525237799	0.514385164	0.503999174	0.498603255	0.494445860	0.489627182	0.483632803	0.478210270	0.474510044	0.473244190	0.481563151	0.493370354	0.499064267	0.503135562	0.504865170	0.504079640	0.515801191	0.520434082	0.514785409	0.504687428	0.494340450	0.493424982	0.494402200	0.497113228	0.501123130	0.505335927	0.511012435	0.515070438	0.518026710	0.519935250	0.519552052	0.519902229	0.520593524	0.517366469	0.510577381	0.504008293	0.498964608	0.494944036	0.489350975	0.483320802	0.478719413	0.475569189	0.477356017	0.481007785	0.486625522	0.493663937	0.509641469	0.528795302	0.548890412	0.571641386	0.600274205	0.629395723	0.655878961	0.676893294	0.690407634	0.701900482	0.708464622	0.710972548	0.706119120	0.699591696	0.691205800	0.672537804	0.641796291	0.609960973	0.576980591	0.544352949	0.512436211	0.483261466	0.458743334	0.437976182	0.422362804	0.415351957	0.413773090	0.415153116	0.420426726	0.426454574	0.424047083	0.419387519	0.417588502	0.423102826	0.433779538	0.439783573	0.442564130	0.447579235	0.456688881	0.466817707	0.472061515	0.467768222	0.452700824	0.426613420	0.395144582	0.373580843	0.357599169	0.353890181	0.356811315	0.359182328	0.360126436	0.355629832	0.348187983	0.339992434	0.333986998	0.329453140	0.325455010	0.322188556	0.320096493	0.318404436	0.315514445	0.311999530	0.308086485	0.304166824	0.303157955	0.310887426	0.318843842	0.324612021	0.328458488	0.331628174	0.340132177	0.350366414	0.358403623	0.362373710	0.357216537	0.340121388	0.326265097	0.319631130	0.322308064	0.333443344	0.349271953	0.361632973	0.370429367	0.378758639	0.380188704	0.375721276	0.364929169	0.348055631	0.336340994	0.330728143	0.340857029	0.356344879	0.372225225	0.380870074	0.379730374	0.369051188	0.357959181	0.350537568	0.347040206	0.345892400	0.344517827	0.341667652	0.336874843	0.330087453	0.323794395	0.318576872	0.312434733	0.307069361	0.299939543	0.292301238	0.284570813	0.275549591	0.263538152	0.250087053	0.236945271	0.228957489	0.223412201	0.219596148	0.216699436
-82.0000000	0.226881728	0.224323303	0.221473724	0.217960745	0.213411003	0.206781015	0.199468344	0.192523748	0.186114311	0.181446955	0.176889658	0.173197657	0.169934496	0.167877033	0.166073501	0.164824247	0.164208710	0.163879126	0.163529143	0.163127974	0.162728325	0.163496733	0.164657205	0.165874228	0.166752532	0.166811973	0.166540697	0.165873602	0.164761350	0.164058194	0.163598016	0.163991958	0.164839521	0.166131467	0.167520776	0.168940157	0.169910699	0.169957563	0.169491947	0.168421134	0.166375577	0.162730783	0.158496857	0.154419139	0.150228098	0.147005886	0.144139469	0.141580164	0.139404073	0.137461379	0.135853961	0.134857848	0.133679345	0.132397652	0.131159008	0.129751861	0.128402889	0.127253488	0.126157582	0.125052392	0.124196567	0.123476781	0.122645535	0.121323898	0.120017380	0.118675344	0.116545796	0.114452899	0.112548515	0.110387042	0.108256444	0.106612556	0.105098881	0.103600256	0.102255814	0.101316549	9.99754667E-02	9.80586782E-02	9.63183492E-02	9.48942378E-02	9.34126079E-02	9.21333954E-02	9.11425799E-02	9.02611315E-02	9.00035873E-02	8.98841769E-02	9.01572406E-02	9.05393958E-02	9.09246728E-02	9.14043412E-02	9.19832587E-02	9.27237272E-02	9.33977067E-02	9.41307470E-02	9.47006419E-02	9.55954939E-02	9.65384096E-02	9.73649919E-02	9.80127677E-02	9.85315442E-02	9.91878659E-02	9.97229367E-02	0.100416474	0.101026475	0.101655953	0.102822445	0.103592545	0.104894020	0.106633998	0.108222090	0.109632641	0.110637389	0.110793382	0.111082442	0.111943819	0.112661198	0.113979995	0.114734426	0.115221232	0.115620196	0.116281830	0.117176190	0.118294999	0.119347639	0.120460540	0.121772267	0.123140730	0.124699458	0.126181275	0.127461746	0.130046815	0.132653236	0.134850681	0.137138128	0.139751658	0.141839683	0.144547224	0.147382349	0.150440723	0.154030055	0.158671379	0.165425971	0.173385426	0.182060078	0.190798759	0.200541005	0.211017847	0.220633611	0.228234515	0.233905658	0.237867922	0.244303286	0.255027264	0.292496592	0.336251318	0.387842149	0.456224680	0.545299113	0.635017097	0.720017672	0.799999774	0.780404806	0.751251042	0.722626448	0.695542336	0.687968850	0.690678537	0.701312065	0.714199364	0.703815937	0.688617110	0.668043613	0.648680091	0.647262156	0.646959722	0.648262203	0.650702477	0.654320061	0.658115447	0.660522103	0.659291327	0.656073451	0.652457476	0.648340225	0.643574178	0.639288366	0.633055627	0.625963211	0.617381096	0.607105136	0.595230401	0.583004177	0.569254816	0.554961801	0.539791644	0.523581564	0.506642580	0.491625488	0.481492907	0.473888993	0.466868401	0.462043464	0.448446572	0.436965913	0.428581744	0.422878742	0.423379123	0.435396820	0.445059121	0.451604247	0.452627599	0.448418170	0.447689354	0.441802591	0.437112570	0.438704103	0.440462410	0.442862898	0.448999166	0.458358407	0.470343381	0.476078928	0.477644742	0.475984484	0.473597288	0.471691102	0.471343547	0.472368330	0.473238289	0.474700689	0.479496449	0.482087433	0.483985424	0.486860037	0.491562515	0.497407287	0.504981339	0.514625847	0.527870774	0.548501253	0.571654201	0.598367155	0.625128031	0.648618221	0.671456397	0.692730367	0.710778117	0.725292802	0.738284767	0.746064961	0.756078780	0.764670908	0.770215213	0.768827736	0.762447536	0.739805281	0.705450296	0.661525249	0.613156855	0.567011535	0.520737469	0.479364187	0.443293512	0.424602181	0.410058409	0.399262160	0.394501746	0.390499741	0.389462650	0.390158653	0.390443712	0.387056649	0.384768128	0.387484789	0.394183367	0.398347080	0.398049235	0.395893723	0.394351721	0.397740245	0.402382106	0.402079582	0.396304190	0.381096810	0.361139864	0.342252642	0.332172960	0.329436123	0.333570570	0.340854585	0.350457251	0.359629035	0.361115038	0.357499361	0.350540668	0.340212554	0.327504098	0.313952953	0.301872671	0.292333484	0.283160508	0.277288198	0.275090396	0.276455015	0.281345934	0.290145010	0.305608988	0.321433932	0.336543530	0.349024892	0.368756056	0.376802862	0.373741269	0.363244295	0.348348260	0.320385396	0.298221469	0.285691530	0.284192383	0.294291317	0.319382161	0.350715518	0.383810878	0.415659606	0.441398889	0.457391083	0.460025787	0.457630455	0.450158387	0.434349328	0.418653578	0.410902351	0.407891035	0.409554213	0.409943581	0.407774597	0.401697904	0.393234253	0.385028899	0.378064394	0.372176677	0.362679958	0.351362884	0.339601994	0.327540725	0.318376243	0.309520870	0.300792992	0.292154968	0.281979620	0.272142231	0.263556898	0.254514098	0.247232512	0.240362033	0.234669119	0.231676623	0.230066240	0.228889123	0.227876887
-83.0000000	0.237501085	0.231522039	0.225267962	0.219596133	0.213800445	0.207748666	0.201343819	0.195793107	0.190226123	0.185333624	0.180858478	0.177203059	0.174205199	0.171892136	0.170176506	0.168790579	0.169041380	0.169993669	0.170626715	0.170967773	0.171065941	0.171630859	0.172633603	0.173185304	0.173525274	0.172929063	0.173129827	0.172827363	0.172562167	0.172754958	0.173264191	0.174919724	0.176907226	0.178929776	0.180752560	0.182302281	0.183919370	0.185085580	0.185405448	0.183476329	0.179807872	0.174318060	0.168767512	0.163616672	0.159147918	0.155661896	0.153005540	0.151263773	0.149764493	0.148606718	0.147418126	0.146590158	0.145810723	0.144673452	0.143058047	0.141635537	0.140702948	0.139931947	0.139238030	0.138319895	0.137278035	0.136033565	0.134240508	0.132036433	0.129815832	0.127192482	0.124553367	0.121736810	0.118991360	0.116332561	0.114150591	0.111987755	0.109937623	0.107546687	0.105658531	0.103859201	0.101996526	0.100365691	9.90938246E-02	9.80228782E-02	9.71593782E-02	9.65451002E-02	9.60883647E-02	9.57826301E-02	9.58136767E-02	9.59641784E-02	9.64365229E-02	9.70433876E-02	9.77444500E-02	9.83539000E-02	9.90456492E-02	9.99496505E-02	0.101072311	0.102438271	0.103595644	0.104489580	0.105030261	0.105533518	0.106188312	0.106832609	0.107472137	0.108050115	0.108585373	0.109037437	0.109591320	0.110431015	0.111110352	0.111685477	0.112085991	0.111975193	0.111851439	0.111845538	0.111021623	0.109853514	0.108444996	0.107872672	0.107886739	0.109662667	0.111691654	0.113406844	0.114731342	0.116008632	0.117320232	0.118758753	0.120029293	0.121001638	0.121809170	0.122282051	0.122720979	0.124566905	0.126832187	0.128993556	0.130983025	0.133311599	0.135835871	0.139067665	0.142799839	0.147092849	0.151351005	0.155594736	0.159342095	0.164255276	0.170157373	0.176310644	0.182565913	0.191164732	0.202515915	0.213751987	0.225444615	0.237567574	0.250616997	0.268745571	0.287348509	0.306566656	0.326967686	0.341677517	0.358872056	0.376491815	0.398185492	0.428010225	0.464330405	0.487395525	0.517642498	0.552388906	0.612567365	0.664135873	0.685175121	0.709647715	0.719421208	0.701287329	0.679898083	0.669575751	0.672449112	0.668740988	0.666902602	0.671754897	0.677054763	0.681649923	0.689063430	0.689348400	0.680616081	0.666875899	0.654628456	0.646551073	0.641412318	0.639140785	0.639164269	0.634126008	0.627405345	0.617141902	0.606892705	0.596307516	0.589084089	0.581949711	0.575568557	0.569015086	0.559199870	0.544387639	0.528446794	0.512113631	0.495545030	0.481144279	0.472992629	0.464789033	0.457117677	0.452346623	0.452830166	0.457655996	0.464731872	0.472539991	0.479729980	0.486655414	0.490670532	0.486411542	0.484669030	0.486058980	0.491031170	0.500100374	0.514154375	0.517150044	0.516636372	0.515432596	0.514083147	0.513053834	0.513521791	0.517640412	0.520678282	0.525749266	0.532847166	0.542866051	0.558284938	0.571860373	0.582330704	0.590653062	0.597287953	0.606375217	0.620963395	0.637509048	0.655482352	0.675069153	0.691829264	0.710900128	0.731346965	0.751382768	0.769685984	0.785025060	0.797842324	0.807733536	0.818302214	0.829000711	0.837971926	0.843783796	0.842205763	0.836420178	0.813332379	0.778177142	0.733164847	0.682902038	0.634365737	0.594516337	0.554708898	0.523189604	0.494292557	0.473490089	0.458223224	0.445965648	0.436940998	0.430499911	0.424772561	0.420254797	0.414078951	0.405328512	0.398266524	0.395163059	0.394378453	0.390032232	0.385567546	0.381353498	0.375886232	0.369513601	0.362541437	0.350859791	0.340395421	0.330056965	0.320587903	0.312764198	0.309355676	0.311784446	0.315917522	0.322121143	0.331706882	0.342827976	0.352988750	0.356651187	0.351741374	0.338742405	0.318378061	0.295084268	0.271969110	0.251869470	0.234422997	0.225389749	0.221738189	0.226363823	0.240414709	0.267293423	0.302210063	0.335707754	0.370041311	0.406135052	0.432567209	0.432925671	0.413476288	0.381684095	0.344578028	0.312588423	0.293758214	0.280045152	0.273478657	0.273132116	0.280431360	0.291165918	0.305612624	0.322695285	0.340279967	0.354218811	0.361481726	0.365961224	0.366874635	0.363866955	0.357152790	0.347646415	0.338701546	0.331695944	0.327324241	0.324440122	0.323998421	0.323650330	0.323030591	0.321205020	0.318729579	0.315671504	0.312299281	0.309643745	0.306547344	0.303813308	0.302177846	0.299588501	0.296258301	0.292623550	0.287679881	0.281364173	0.274903923	0.268362910	0.262491256	0.257708818	0.253591835	0.249994054	0.246501565	0.242735907
-84.0000000	0.237306893	0.229749709	0.222195044	0.215166196	0.208880469	0.203178421	0.197854012	0.193006292	0.188493341	0.184548184	0.181402132	0.178992063	0.176734582	0.174831629	0.173452511	0.172383994	0.172505856	0.172591925	0.172788128	0.173023567	0.173121437	0.173111424	0.173394680	0.173909485	0.174538746	0.175363868	0.176933691	0.178485379	0.179531157	0.180738151	0.182005227	0.183024809	0.184503049	0.186077178	0.187294602	0.187999889	0.188916028	0.188887730	0.188031316	0.186592251	0.184755027	0.181187734	0.176964581	0.171923295	0.166995257	0.162539914	0.158231750	0.154022500	0.150482386	0.147652388	0.145333573	0.143933177	0.142962486	0.142208651	0.141701728	0.141337827	0.141081601	0.141090855	0.140928194	0.140493542	0.139682576	0.138999656	0.138114944	0.137019843	0.135818884	0.134720981	0.133630350	0.132345632	0.130920693	0.129400909	0.128036529	0.126538247	0.125009581	0.123509422	0.121942952	0.120539293	0.119433448	0.118419908	0.117687114	0.117051005	0.116468810	0.115893349	0.115401901	0.115145713	0.115114927	0.115331970	0.115613714	0.115934476	0.116375081	0.116681695	0.116961002	0.117157072	0.117501810	0.117976367	0.118346542	0.118714757	0.119083881	0.119501226	0.119916081	0.120365456	0.120687775	0.121137649	0.121347949	0.121201262	0.120989099	0.120614618	0.120355234	0.120173253	0.119795889	0.119505957	0.119716257	0.120095693	0.120450892	0.120733976	0.120932154	0.121474616	0.121566907	0.121982835	0.122550182	0.122977801	0.123194419	0.123351656	0.123530753	0.123668514	0.123773545	0.124046415	0.124634109	0.125366673	0.126376405	0.127656162	0.129412383	0.131294265	0.133433461	0.135913014	0.138145089	0.140859827	0.144019470	0.147137985	0.150633782	0.154615998	0.159201205	0.164164692	0.169681892	0.175864935	0.182604894	0.189755931	0.197607100	0.205640525	0.213157058	0.219785035	0.225427315	0.230740905	0.234238565	0.237323150	0.241582260	0.247190118	0.254272431	0.263373613	0.275350720	0.293351203	0.316923350	0.345181435	0.381142676	0.453757048	0.534101784	0.611093342	0.659107924	0.699819386	0.708687663	0.692191660	0.665910006	0.663300276	0.669893980	0.684678495	0.706777334	0.729658186	0.743967652	0.758015513	0.761068404	0.734608173	0.695870340	0.656815588	0.629511774	0.613519609	0.616641998	0.630669773	0.651043057	0.669933200	0.690786958	0.712014973	0.726117015	0.726940513	0.722579718	0.713805079	0.702073216	0.684929729	0.662145078	0.636324704	0.609951735	0.584511817	0.562177300	0.546589434	0.536430478	0.528040648	0.521349430	0.515778005	0.512089372	0.509339631	0.505020678	0.501294136	0.499752492	0.502443850	0.507364988	0.515131772	0.523591399	0.527956784	0.531686783	0.536948621	0.544345856	0.553285062	0.563916624	0.576590836	0.591006279	0.606067955	0.615492344	0.625214398	0.637913585	0.653654099	0.672596574	0.694597185	0.717471302	0.736238599	0.747704685	0.757297814	0.764743924	0.771593153	0.778670669	0.785789013	0.793692529	0.803571224	0.813617110	0.822990656	0.839434922	0.857343256	0.870623410	0.880887389	0.885554314	0.885893166	0.877304375	0.868273556	0.858527541	0.845263362	0.830744326	0.807806790	0.778739750	0.748121321	0.713581622	0.678306282	0.644597471	0.612680376	0.582141578	0.555939376	0.532242298	0.513292313	0.500283837	0.488405436	0.476935178	0.465300590	0.454674035	0.446716338	0.440438807	0.431428343	0.417498022	0.403181195	0.390335023	0.378082693	0.371372074	0.363898665	0.357031226	0.350449920	0.342964172	0.333323270	0.323466092	0.313578665	0.303988665	0.296742231	0.292956501	0.290874839	0.291742265	0.296363205	0.302822560	0.307940513	0.311744213	0.310232222	0.302169561	0.286620855	0.267310828	0.247430131	0.228411734	0.214047864	0.204062000	0.201217428	0.202038541	0.207094893	0.218173966	0.238349393	0.262060583	0.283945262	0.304163992	0.322503656	0.336293668	0.340315700	0.336407989	0.326902211	0.313591897	0.300254136	0.289835215	0.280418217	0.271824688	0.264135569	0.259453982	0.259193420	0.260517985	0.263318807	0.267385900	0.271980524	0.277034342	0.282252014	0.287593782	0.292430162	0.295598477	0.297543555	0.297996730	0.297853857	0.297394812	0.295558244	0.293897748	0.291957945	0.289494336	0.287539244	0.285918593	0.284722656	0.283342183	0.282958388	0.282898754	0.282726198	0.282973617	0.283284068	0.283052742	0.282317042	0.281125188	0.278721988	0.276201457	0.273642480	0.270574152	0.266761184	0.261385471	0.255938709	0.250168145	0.244929314
-85.0000000	0.212921783	0.208577275	0.204025358	0.199877366	0.195996448	0.192418754	0.189395815	0.186979949	0.184899598	0.183010057	0.180913806	0.179111153	0.177541330	0.176704600	0.176041514	0.175363347	0.174450770	0.173296109	0.172446638	0.172071382	0.171839178	0.172028273	0.172618002	0.173407450	0.174468666	0.176440433	0.178339630	0.180065900	0.181573957	0.183075920	0.184529066	0.185320139	0.186322466	0.187123239	0.187613621	0.187801123	0.187496185	0.187227622	0.186459199	0.185055554	0.182902873	0.179597571	0.176055744	0.171978086	0.167816848	0.163686633	0.159442663	0.155484602	0.151912361	0.148868173	0.146265700	0.144673303	0.143088967	0.141998246	0.141226768	0.140887871	0.140934914	0.140762463	0.140347853	0.140187114	0.140344277	0.140599176	0.140726373	0.140722454	0.140626162	0.140349895	0.139720261	0.138972223	0.138103724	0.137140334	0.136386216	0.135709509	0.134851441	0.134090573	0.133647576	0.133536026	0.133468077	0.133364126	0.133324906	0.133145958	0.132843420	0.132619321	0.132284537	0.132186070	0.132274568	0.132398129	0.132513210	0.132584497	0.132648557	0.132869750	0.133178979	0.132891640	0.132870138	0.133158788	0.133479476	0.133865342	0.134274662	0.134712726	0.134899646	0.134994403	0.135411680	0.135880634	0.136090010	0.135805309	0.135187820	0.134537518	0.134013116	0.133391917	0.132747740	0.132272154	0.132055044	0.131797463	0.131461307	0.131023750	0.130845308	0.130811378	0.130457789	0.129844740	0.129300803	0.129062921	0.129138306	0.129563808	0.130107015	0.130423814	0.131194919	0.132453829	0.133770719	0.135276020	0.136811271	0.138501540	0.140184045	0.141590983	0.143000141	0.144952476	0.146859348	0.149149880	0.150897026	0.152652130	0.154131740	0.155983135	0.157772616	0.159393340	0.161596254	0.164235875	0.167330995	0.170871988	0.175153390	0.179615408	0.184391692	0.188658088	0.192070112	0.195845976	0.198785752	0.200966775	0.203338817	0.208915219	0.217716560	0.229335085	0.244061589	0.261865169	0.283301890	0.304435909	0.324093401	0.344580054	0.363711596	0.379781246	0.386399657	0.387663752	0.397771537	0.402076572	0.400716484	0.410275966	0.424631804	0.442583054	0.453320950	0.464223683	0.472343355	0.481059074	0.487178564	0.489460021	0.487469077	0.491523862	0.506947577	0.533382416	0.568680704	0.610465586	0.650458813	0.702578723	0.761503518	0.822410226	0.875313103	0.899277449	0.896546543	0.885073543	0.881192982	0.883473158	0.868720233	0.846263766	0.821981609	0.799475729	0.777898371	0.750239909	0.729048610	0.713087082	0.701381445	0.692075014	0.681579053	0.671314359	0.658631682	0.645009279	0.633851886	0.630840957	0.630908132	0.636802793	0.646056652	0.654837966	0.667410135	0.684126258	0.702266335	0.720674634	0.735637069	0.746085703	0.755401254	0.762325883	0.765374482	0.766389132	0.765790582	0.765262067	0.767713904	0.774011970	0.785416543	0.801110506	0.818705916	0.840310872	0.865861654	0.889898539	0.913172662	0.934642971	0.948096931	0.959459305	0.968139768	0.965464532	0.959747076	0.952520072	0.944351017	0.925086439	0.899937928	0.874028027	0.846024990	0.815925598	0.783402383	0.751114309	0.722587109	0.694346011	0.665902495	0.635765493	0.607348323	0.580260515	0.556523383	0.534909725	0.515294313	0.499169171	0.483866245	0.470641047	0.464128584	0.458547682	0.454411417	0.448676974	0.441309035	0.433908910	0.428952664	0.425035447	0.412228853	0.394854426	0.375901073	0.358584404	0.346330941	0.339084506	0.332534909	0.324976861	0.317397803	0.310204118	0.301976413	0.293921560	0.286696762	0.279687136	0.273405194	0.267175794	0.262828708	0.260705113	0.259933174	0.260911286	0.261473447	0.260669768	0.258260429	0.253419399	0.246584803	0.238639355	0.229474410	0.221160531	0.214767456	0.212939218	0.214301512	0.218151659	0.223761708	0.230954483	0.237481564	0.244756535	0.251536161	0.256892771	0.260370851	0.263521552	0.264923930	0.264134228	0.262100518	0.260109663	0.257724971	0.255570769	0.252916902	0.250028938	0.248025194	0.246267334	0.245623931	0.245532960	0.245524660	0.245556906	0.246354148	0.247296408	0.248407379	0.249591485	0.250303477	0.250391155	0.250287652	0.250290781	0.249817356	0.249484390	0.249176309	0.248165384	0.247162700	0.246546105	0.245890260	0.245329574	0.244551361	0.243981361	0.243448600	0.242916644	0.242318779	0.241251662	0.240556493	0.239769474	0.239005819	0.237519994	0.236660942	0.235418648	0.233498231	0.230665982	0.227710038	0.224221528	0.220606640	0.217339888
-86.0000000	0.192138553	0.190977633	0.189385101	0.187717050	0.186258346	0.184865385	0.183905929	0.183104023	0.182190806	0.181054488	0.179439500	0.177989304	0.176911145	0.176078662	0.175293714	0.174662709	0.173522547	0.172965288	0.172495008	0.171975195	0.171383798	0.172203556	0.173483402	0.174490377	0.175418481	0.177006662	0.178106785	0.179651231	0.181215182	0.182773784	0.184642270	0.185880601	0.186527506	0.186726734	0.186327055	0.185472190	0.184694842	0.184074685	0.183187798	0.181525320	0.179203078	0.175691888	0.172057673	0.168644577	0.165605918	0.162375093	0.159487575	0.156708449	0.154299542	0.152126193	0.150199324	0.148321167	0.146711186	0.145867616	0.145550817	0.145394281	0.145368859	0.145014867	0.144710958	0.144609436	0.144414127	0.144013032	0.143570527	0.143188342	0.142977208	0.142738238	0.142381236	0.142178893	0.141942516	0.141617626	0.141349122	0.140977189	0.140561968	0.140363023	0.140219420	0.139894366	0.139860019	0.140164360	0.140438765	0.140795186	0.141145855	0.141353473	0.141796574	0.142257258	0.142590478	0.142566726	0.142981037	0.143398777	0.143859342	0.144086599	0.144040957	0.144182771	0.144590110	0.144805893	0.144657865	0.144375265	0.144133016	0.143671617	0.143262312	0.142794743	0.142568365	0.142241836	0.141824573	0.141467109	0.141174600	0.140983641	0.141100943	0.141208380	0.141521856	0.141862974	0.142617673	0.143692985	0.144891232	0.145971656	0.147066042	0.148098677	0.148797497	0.149530083	0.150035828	0.150454566	0.151475295	0.152185604	0.152611077	0.152744368	0.152969912	0.153383553	0.153861597	0.154289484	0.154764548	0.154913440	0.154970363	0.154895052	0.154680014	0.154597178	0.154846534	0.155152023	0.154894903	0.155168936	0.155460164	0.156180739	0.157156482	0.158248335	0.159417599	0.161115602	0.163247317	0.166194797	0.170251682	0.174525142	0.178912804	0.183980182	0.189929232	0.196520925	0.203204304	0.209866554	0.216113940	0.221791863	0.227455556	0.232335076	0.236617073	0.237619385	0.237384826	0.235605195	0.233767107	0.231188014	0.227957845	0.223539159	0.219739109	0.216756254	0.214056283	0.212076575	0.211001471	0.212246165	0.216893747	0.223512352	0.232754707	0.246211082	0.261958599	0.277472466	0.293165892	0.309942633	0.329615176	0.355081558	0.385719210	0.431300282	0.479212731	0.530092120	0.582327783	0.638337910	0.697971702	0.759639204	0.818280697	0.862068713	0.897075534	0.921209276	0.934540212	0.942061841	0.939514756	0.939503789	0.935266793	0.925201952	0.904937804	0.879925549	0.854411185	0.825018167	0.790608346	0.751411319	0.710818708	0.677639127	0.647307336	0.622530103	0.606046140	0.604193807	0.614455640	0.638280153	0.673736989	0.716595829	0.759301364	0.807280481	0.858085036	0.910498261	0.957579195	0.985408068	0.994050205	0.979932547	0.954993963	0.923258901	0.887947559	0.846873760	0.807393432	0.774028718	0.746914268	0.726740956	0.711922050	0.699541688	0.691464543	0.686961293	0.686183751	0.685969234	0.685015500	0.681479573	0.678236783	0.674462080	0.669337451	0.663940310	0.659132123	0.654773474	0.653920352	0.648891866	0.640428185	0.636933506	0.634041429	0.633112431	0.636010945	0.636187971	0.632339656	0.627256572	0.620154917	0.600114822	0.580297947	0.559595883	0.535624921	0.512332737	0.490553290	0.470141143	0.453230679	0.444244236	0.437481552	0.430185586	0.423544168	0.417232722	0.408792317	0.400899827	0.392790318	0.384137809	0.373844773	0.362909228	0.351974219	0.343161941	0.334183425	0.324115098	0.312837660	0.301315665	0.290146798	0.279314309	0.269106507	0.258666843	0.250643969	0.243871257	0.238982767	0.235926792	0.237146556	0.240288034	0.246270657	0.252137780	0.256641001	0.259033501	0.262464851	0.266583592	0.270640701	0.273889691	0.274117470	0.273501217	0.273158967	0.272097647	0.270748436	0.270157874	0.269713253	0.267579198	0.264834791	0.261951238	0.259352505	0.258947968	0.258216500	0.256401241	0.254306465	0.253000617	0.251744270	0.250788927	0.250348151	0.249968395	0.248947024	0.246889189	0.245115682	0.243531421	0.241762295	0.239969969	0.238327190	0.236475125	0.234615579	0.232614622	0.230045095	0.228068665	0.226121917	0.224054083	0.222365141	0.220511809	0.219086245	0.218044862	0.217057690	0.215996325	0.214860678	0.214620635	0.214190662	0.213178560	0.211783722	0.210714474	0.209977433	0.209154263	0.208288625	0.207587004	0.206500828	0.205439031	0.204327330	0.203227952	0.202011928	0.200387552	0.198481128	0.196462423	0.194703072	0.193285957
-87.0000000	0.183922827	0.183078751	0.182575598	0.182273939	0.182064474	0.181657121	0.181532875	0.181232303	0.180822939	0.180179238	0.179535627	0.179200917	0.179062307	0.178695485	0.178171217	0.178314820	0.177392468	0.176896155	0.176702902	0.176732838	0.177147001	0.177478477	0.178154275	0.178975016	0.179807708	0.180331886	0.180934489	0.181453913	0.182171419	0.183054388	0.184067011	0.184542477	0.184753433	0.184925705	0.185068548	0.185093999	0.185286835	0.185288027	0.185446963	0.185398996	0.184455454	0.183692709	0.182394058	0.180775940	0.179415718	0.178023562	0.176777527	0.175444990	0.173716918	0.171650529	0.169860423	0.168438300	0.166964948	0.165634036	0.164389104	0.163361445	0.162196606	0.161142185	0.160065114	0.159012407	0.158319846	0.157937512	0.157262117	0.156340748	0.155600905	0.154779449	0.154472709	0.154180855	0.153965652	0.153756529	0.153432056	0.153019920	0.152642936	0.152421862	0.152346402	0.152276292	0.152163506	0.152145475	0.152393237	0.152607754	0.152747601	0.152719796	0.152636960	0.152416170	0.152461410	0.152496830	0.152557716	0.152665585	0.152688071	0.152766421	0.152800724	0.153127983	0.153395906	0.153657481	0.153935373	0.154238611	0.154834658	0.155126140	0.155399024	0.155712783	0.156089708	0.156417489	0.156959593	0.157381043	0.157922655	0.158452287	0.159177333	0.159853116	0.160397336	0.161021069	0.161739632	0.162584290	0.163276255	0.163751245	0.164103657	0.164619878	0.165013403	0.165522978	0.165908396	0.166405886	0.167258769	0.167765394	0.168116406	0.168573514	0.168977171	0.169387132	0.170113668	0.170939416	0.171781957	0.172408715	0.173165604	0.174028486	0.174887553	0.175654590	0.176506057	0.177290037	0.178223521	0.179292396	0.180558830	0.182034627	0.183844432	0.185632989	0.187299207	0.189104527	0.190763548	0.192386597	0.194633588	0.196581826	0.198410586	0.200398460	0.202504292	0.204633579	0.206494749	0.207861766	0.208804041	0.209101781	0.209207371	0.208469316	0.206901982	0.204798475	0.202386335	0.199805662	0.196664333	0.193984896	0.191789612	0.190394372	0.191160977	0.192475826	0.194571570	0.197369099	0.201796666	0.206980497	0.212664247	0.219119117	0.226381361	0.233940274	0.247560039	0.262869507	0.278281778	0.294421345	0.311888784	0.330478609	0.349649340	0.369093120	0.388688326	0.408256650	0.429961145	0.446016312	0.463080585	0.480228394	0.496967465	0.515702188	0.533286393	0.546432495	0.554898977	0.562446833	0.568994284	0.573809028	0.576904178	0.576364934	0.570440054	0.559536219	0.548356831	0.535130322	0.519704878	0.505257964	0.488322020	0.472356588	0.459081978	0.448684961	0.439407706	0.435476035	0.437860548	0.443716168	0.451674402	0.460314453	0.471498221	0.483936250	0.496840209	0.509555578	0.522481978	0.532399833	0.540505707	0.547256351	0.551533699	0.553295374	0.552285612	0.545376301	0.536760390	0.528605163	0.521071374	0.514265060	0.506829023	0.498163640	0.489255816	0.481593817	0.477488875	0.473983705	0.470647842	0.468239814	0.468379766	0.467007518	0.465268254	0.464250743	0.463858843	0.462708294	0.463885844	0.465028644	0.466263115	0.467368513	0.469234854	0.473082930	0.476500720	0.477848083	0.477372199	0.477285236	0.476925403	0.475602090	0.472349972	0.465949237	0.454732686	0.443980306	0.432956755	0.422267824	0.412206203	0.403354079	0.395572305	0.385573179	0.375498027	0.366203338	0.357323140	0.351263314	0.346675158	0.341981024	0.336433619	0.330218434	0.323748112	0.319269359	0.314824283	0.310676605	0.307078809	0.303069353	0.297044784	0.290541887	0.284885913	0.281254441	0.277456492	0.274633110	0.273431897	0.273566753	0.273669511	0.274642497	0.277001411	0.280122489	0.283140838	0.285508096	0.288734406	0.292340994	0.295860589	0.298875988	0.300327837	0.298909366	0.296985209	0.294597834	0.292015016	0.289054364	0.287307024	0.285007030	0.282016873	0.278513670	0.275570452	0.273650110	0.271777421	0.269100040	0.265798181	0.262253255	0.260143697	0.257303149	0.254851013	0.252725899	0.250383556	0.247356579	0.244607136	0.242192596	0.239971235	0.237465560	0.234776676	0.232114434	0.229424328	0.226708770	0.223879412	0.221670985	0.219318941	0.217414185	0.215594456	0.213397384	0.211603582	0.210351005	0.209233448	0.207627609	0.205999285	0.204704076	0.203519121	0.202342108	0.201014116	0.199333832	0.198060587	0.196338326	0.194893032	0.193668261	0.192438617	0.191443294	0.190038145	0.188953102	0.188056678	0.187112510	0.186250016	0.185441479	0.184777796	0.184188619
-88.0000000	0.198005378	0.197464243	0.197092012	0.196773261	0.196324214	0.196338579	0.195393845	0.195232719	0.195425853	0.195583656	0.194814742	0.193823561	0.193225250	0.193210080	0.193384454	0.193196908	0.192169234	0.191603199	0.191902518	0.192458749	0.191753373	0.190975636	0.190512061	0.190663338	0.191131517	0.191655070	0.191644251	0.191787139	0.192041457	0.192587882	0.193308651	0.193460926	0.193823770	0.194740459	0.195616737	0.195359468	0.195972830	0.196656957	0.197009176	0.197040856	0.196998835	0.197791547	0.198573515	0.198887467	0.198552579	0.198215961	0.197667554	0.197207138	0.196450263	0.195729196	0.195159569	0.194534972	0.194028661	0.193387136	0.192302033	0.190644369	0.189202428	0.187573403	0.186039552	0.184910402	0.184319943	0.183737323	0.183023527	0.182179898	0.181263670	0.180340454	0.179809675	0.179555148	0.178979293	0.177796051	0.176813394	0.176003769	0.175306618	0.175192371	0.175422996	0.175678939	0.175266951	0.174592078	0.174559966	0.174920395	0.175190613	0.174692407	0.174521387	0.174989909	0.175825238	0.176661015	0.176940277	0.177017704	0.177277982	0.177721828	0.177830711	0.179114908	0.180099189	0.181225732	0.182616606	0.183908165	0.184485629	0.185455471	0.186846480	0.188227251	0.189499453	0.190252230	0.191036448	0.192261294	0.193698555	0.194699973	0.195941061	0.197148696	0.198153108	0.199232385	0.200442448	0.201544419	0.202036515	0.203005299	0.204328701	0.205218092	0.205784678	0.206521094	0.207530230	0.208731145	0.210153058	0.211302981	0.212059140	0.212614492	0.212867811	0.212908149	0.213189885	0.213245660	0.213271305	0.213516340	0.213630870	0.214248881	0.214607328	0.214888513	0.214977518	0.215407982	0.215873376	0.215903923	0.215596452	0.215294927	0.215593308	0.216311619	0.216885999	0.217174605	0.217826441	0.218683958	0.219135404	0.219177291	0.219406858	0.219812214	0.220454454	0.221287474	0.221855238	0.221992448	0.222089469	0.222137526	0.222659364	0.223582774	0.224568322	0.225535154	0.226734921	0.228378013	0.229752108	0.231621101	0.233712420	0.235828325	0.237895235	0.240417689	0.243404999	0.246714935	0.250075102	0.253713399	0.257430702	0.261007071	0.264723033	0.268916428	0.273490310	0.278383881	0.283351332	0.288659632	0.293571979	0.298331857	0.301998615	0.305884510	0.310447365	0.315847307	0.321245998	0.328625381	0.336593509	0.343361795	0.348535836	0.355203152	0.360479534	0.365273595	0.369741857	0.374059260	0.377743572	0.380599469	0.383308977	0.386170357	0.389178127	0.391941369	0.394099683	0.395602018	0.396517277	0.397580981	0.397040129	0.394473016	0.391997784	0.390124291	0.388074070	0.386102200	0.385169327	0.385052621	0.384947062	0.383320123	0.381843567	0.380238593	0.379336268	0.379071057	0.377959043	0.377324790	0.376488984	0.376041323	0.376211941	0.375779241	0.375721931	0.376069337	0.376874924	0.377743393	0.378253043	0.377759933	0.376872480	0.376322001	0.375877500	0.374505043	0.373807788	0.373879701	0.373613805	0.372876406	0.372434765	0.372565359	0.371984661	0.370857120	0.369028509	0.366639465	0.364105076	0.362494469	0.361406118	0.360630572	0.359341770	0.358373761	0.357913762	0.356262237	0.354012758	0.351857215	0.350152284	0.348645389	0.346564651	0.344255477	0.341590464	0.338247269	0.334947199	0.331807584	0.328322828	0.324732482	0.321830094	0.319547653	0.317667186	0.315637052	0.312827826	0.310086757	0.307549208	0.304475337	0.301262349	0.299912810	0.298816293	0.297642618	0.297397316	0.298084646	0.297928512	0.296431869	0.295292079	0.294554502	0.294004470	0.293743283	0.293912143	0.294306010	0.295643002	0.296791345	0.295098543	0.296687663	0.296663344	0.295748413	0.295330256	0.297068536	0.295447290	0.297152370	0.299218744	0.299762785	0.299076736	0.298928201	0.296107471	0.294936925	0.295304775	0.293179601	0.291374952	0.291134834	0.290161788	0.288002789	0.286091864	0.284648091	0.282068849	0.279282004	0.276906848	0.274557561	0.270881802	0.267773151	0.264832377	0.261825383	0.258973211	0.256126404	0.254228562	0.251843035	0.248479024	0.245429724	0.243042931	0.239974231	0.237044692	0.234793976	0.232369527	0.230493322	0.228398785	0.226162031	0.223810732	0.221351340	0.219572231	0.218397737	0.216998100	0.215197340	0.213876635	0.212698266	0.211029738	0.209824413	0.208874628	0.207839817	0.206562847	0.205347419	0.204524264	0.203967497	0.203117713	0.202170223	0.201493531	0.200656235	0.199745074	0.199001774	0.199718207	0.199854493	0.199713573	0.199307054
-89.0000000	0.235291541	0.235072836	0.234885409	0.234747738	0.234519482	0.234413773	0.234036848	0.234113604	0.234189823	0.234188184	0.234139219	0.234171435	0.234211534	0.234347045	0.234493300	0.234627545	0.234671324	0.234766781	0.234855831	0.235043317	0.235194072	0.235152796	0.235344157	0.235524505	0.235631511	0.235774502	0.236063346	0.236159682	0.236316517	0.236342445	0.236340657	0.236637250	0.236781731	0.236910358	0.236929864	0.237039119	0.237161532	0.237139925	0.237154081	0.237267271	0.237219632	0.237482056	0.237565666	0.237629145	0.237632528	0.237663344	0.237654850	0.237584859	0.237540111	0.237535968	0.237393126	0.237388566	0.237398401	0.237365752	0.237245142	0.237045676	0.236956090	0.236890540	0.236824945	0.236864135	0.236838028	0.236887008	0.236914620	0.236876085	0.236827701	0.236874118	0.236731827	0.236882269	0.236975849	0.237130925	0.237203538	0.237192258	0.237306505	0.237417564	0.237451807	0.237550005	0.237632319	0.237684488	0.237760559	0.237957150	0.237812057	0.237928763	0.237798721	0.237737328	0.237958044	0.238085002	0.238096237	0.238119557	0.238175362	0.238278642	0.238296404	0.238316566	0.238397405	0.238365054	0.238451168	0.238429621	0.238357857	0.238686666	0.239031285	0.239462703	0.239846110	0.240196481	0.240503669	0.240921587	0.241281718	0.241603851	0.241989776	0.242418319	0.242787912	0.243206188	0.243523642	0.243819684	0.244254693	0.244596019	0.245067611	0.245550096	0.245979607	0.246453404	0.247007057	0.247456923	0.247967839	0.248398438	0.248830199	0.249252379	0.249648303	0.250097901	0.250511497	0.250926256	0.251355380	0.251959592	0.252252311	0.252823621	0.253368527	0.253866076	0.254167467	0.254450202	0.255100012	0.255532116	0.255694240	0.255975842	0.256251663	0.256519586	0.256714404	0.257067204	0.257525951	0.257949322	0.258384109	0.258682787	0.259113252	0.259673625	0.260252595	0.260552943	0.261116266	0.261662394	0.262023091	0.262552440	0.262831569	0.263378799	0.263958812	0.264484674	0.264955729	0.265551627	0.266071200	0.266640753	0.267197311	0.267647356	0.268269867	0.268931985	0.269616336	0.270259559	0.270925611	0.271611392	0.272376448	0.273170441	0.273956448	0.274647593	0.275361836	0.276043832	0.276617408	0.277395308	0.278059185	0.278841615	0.279611707	0.280386895	0.281151325	0.281926602	0.282789260	0.283682913	0.284572124	0.285414189	0.286213696	0.286997825	0.287724733	0.288428575	0.289202780	0.289829016	0.290487945	0.291134149	0.291719943	0.292230517	0.292687386	0.293420523	0.293882608	0.294391215	0.294696093	0.294758111	0.295192480	0.295437574	0.295643151	0.295734346	0.295781225	0.296094835	0.296216697	0.296360254	0.296468258	0.296428382	0.296407759	0.296329796	0.296225339	0.296172440	0.296090901	0.295796663	0.295764148	0.295662224	0.295466304	0.295279533	0.295147598	0.295022637	0.294753313	0.294159532	0.293869555	0.293508470	0.293099582	0.292734504	0.292404592	0.291900426	0.291443735	0.291118383	0.290652364	0.290388316	0.289956421	0.289407551	0.288937896	0.288606375	0.288272083	0.287646681	0.286788851	0.286200345	0.285583079	0.284868926	0.284233749	0.283793569	0.283317000	0.282722533	0.282139659	0.281406939	0.281037688	0.280528933	0.279917598	0.279309779	0.278730720	0.278134912	0.277640432	0.277161062	0.276603401	0.276095212	0.275557280	0.275095254	0.274498373	0.273846120	0.273296505	0.272930324	0.272243530	0.271690637	0.271212190	0.270636469	0.269917786	0.269309282	0.268747240	0.268231779	0.267886251	0.267361134	0.266745418	0.266224742	0.265787929	0.265269130	0.264637232	0.264251024	0.263717026	0.263219148	0.262642831	0.262208700	0.261742681	0.261361569	0.260743946	0.260057986	0.259796292	0.259392798	0.259079129	0.258511692	0.257878929	0.257476777	0.256916881	0.256444454	0.256083190	0.255592227	0.255119473	0.254547089	0.254073232	0.253787726	0.253472149	0.252941340	0.252627760	0.252109766	0.251405835	0.250622898	0.250356078	0.250004441	0.249630660	0.249204248	0.248853564	0.248232543	0.247933835	0.247649595	0.247184247	0.246776864	0.246384680	0.246140003	0.245810390	0.245419800	0.245094731	0.244832262	0.244476587	0.244099081	0.243728876	0.243205130	0.242836028	0.242411003	0.242023230	0.241467357	0.240841180	0.240802035	0.240658939	0.240450352	0.240018070	0.239691898	0.239344895	0.238959834	0.238576055	0.238226295	0.238005787	0.237710595	0.237477317	0.237166107	0.236763164	0.236233279	0.236125141	0.235871837	0.235651344	0.235456198
-90.0000000	0.263393164	0.263390362	0.263388306	0.263387620	0.263388604	0.263391167	0.263224155	0.263307154	0.263387024	0.263384104	0.263392299	0.263396323	0.263397902	0.263399631	0.263398886	0.263387799	0.263394743	0.263394326	0.263393521	0.263395131	0.263397545	0.263233781	0.263314724	0.263314694	0.263192534	0.263191462	0.263349265	0.263389945	0.263391376	0.263353258	0.263197124	0.263358444	0.263399392	0.263396710	0.263393134	0.263397366	0.263404220	0.263278723	0.263274729	0.263355076	0.263191789	0.263352960	0.263397902	0.263403386	0.263403893	0.263391644	0.263396561	0.263396829	0.263401270	0.263406754	0.263398081	0.263399512	0.263398796	0.263403118	0.263368905	0.263201892	0.263202339	0.263202816	0.263284534	0.263406396	0.263404816	0.263412774	0.263417721	0.263418585	0.263411999	0.263392389	0.263230801	0.263312906	0.263398349	0.263403863	0.263403147	0.263397515	0.263400078	0.263403445	0.263403803	0.263400763	0.263407260	0.263280392	0.263277620	0.263360173	0.263193041	0.263367683	0.263282955	0.263279140	0.263402402	0.263404697	0.263403356	0.263403147	0.263403594	0.263404191	0.263404638	0.263408601	0.263411134	0.263411582	0.263410926	0.263411790	0.263413817	0.263414770	0.263416618	0.263418943	0.263419002	0.263416946	0.263420999	0.263424695	0.263427436	0.263434470	0.263435721	0.263400078	0.263397545	0.263427883	0.263420463	0.263422787	0.263425112	0.263426512	0.263430446	0.263444841	0.263445407	0.263447016	0.263450712	0.263451695	0.263439387	0.263433903	0.263443768	0.263445735	0.263438016	0.263440490	0.263441920	0.263437241	0.263434142	0.263392478	0.263224453	0.263385236	0.263432384	0.263437957	0.263395876	0.263221771	0.263393849	0.263432264	0.263431132	0.263436019	0.263443798	0.263433069	0.263303936	0.263307363	0.263439775	0.263443023	0.263443470	0.263316602	0.263315380	0.263439268	0.263434023	0.263265967	0.263348937	0.263348848	0.263264447	0.263427258	0.263259560	0.263355285	0.263445169	0.263441682	0.263438910	0.263433129	0.263430804	0.263429195	0.263387740	0.263227940	0.263225496	0.263344616	0.263425976	0.263428152	0.263427705	0.263434887	0.263441801	0.263440371	0.263433665	0.263435662	0.263440341	0.263441771	0.263440132	0.263438284	0.263441652	0.263443977	0.263444155	0.263442039	0.263441175	0.263448507	0.263450474	0.263446212	0.263439924	0.263434023	0.263428986	0.263424397	0.263425142	0.263426602	0.263424307	0.263413906	0.263415009	0.263408422	0.263403952	0.263362914	0.263197988	0.263368875	0.263408989	0.263405859	0.263362050	0.263195187	0.263356566	0.263395399	0.263399839	0.263365984	0.263198197	0.263354152	0.263398051	0.263402104	0.263401687	0.263395399	0.263401538	0.263403535	0.263403445	0.263400227	0.263389945	0.263226330	0.263305366	0.263388187	0.263391912	0.263389826	0.263394088	0.263389558	0.263305098	0.263225794	0.263393134	0.263393313	0.263394117	0.263393432	0.263391972	0.263393342	0.263390750	0.263393223	0.263394266	0.263392419	0.263391107	0.263387680	0.263387650	0.263390690	0.263394296	0.263393819	0.263225883	0.263314366	0.263319016	0.263194770	0.263191491	0.263351858	0.263395071	0.263398290	0.263356268	0.263181418	0.263349950	0.263394982	0.263397723	0.263399035	0.263399601	0.263391644	0.263389736	0.263393670	0.263397038	0.263387114	0.263401598	0.263401419	0.263315439	0.263190120	0.263189316	0.263348758	0.263394177	0.263394654	0.263391316	0.263397187	0.263228238	0.263182044	0.263181478	0.263227612	0.263400018	0.263402462	0.263393819	0.263388604	0.263380706	0.263343483	0.263223827	0.263315707	0.263400793	0.263404578	0.263396531	0.263389170	0.263395727	0.263402075	0.263361216	0.263193220	0.263351560	0.263396829	0.263403058	0.263365179	0.263199151	0.263360620	0.263279855	0.263278812	0.263399392	0.263403684	0.263404995	0.263277382	0.263192534	0.263235539	0.263405055	0.263406366	0.263400823	0.263397545	0.263358086	0.263196498	0.263357162	0.263398230	0.263377637	0.263356209	0.263397723	0.263232023	0.263316453	0.263319522	0.263198733	0.263200730	0.263198107	0.263318241	0.263402879	0.263407171	0.263399422	0.263407946	0.263399363	0.263395965	0.263402283	0.263405144	0.263405353	0.263397902	0.263310611	0.263127834	0.262890458	0.263243020	0.263367534	0.263394415	0.263397872	0.263395876	0.263396233	0.263400793	0.263375878	0.263345927	0.263393581	0.263397157	0.263404816	0.263406813	0.263360441	0.263190091	0.263359755	0.263396561	0.263393015	0.263393015
